 operating system is UNIX !

 force (vap-workplace) : TURBOMOLE rev. V7-6 19 Oct 2021 at 10:10:11 compiled Oct 19th 2021
 Copyright (C) 2021 TURBOMOLE GmbH, Karlsruhe


    2023-12-06 23:13:20.508 



                             T U R B O M O L E   

                          a o f o r c e - program

                        using direct algorithms for

                       SCF level calculations of
                         * harmonic force constants
                         * hyperpolarizabilities
                         * IR and RAMAN intensities
                         * VCD intensities

                       DFT level calculations of
                         * harmonic force constants
                         * IR intensities
                                                   
       Stephan Boecker, Peter Deglmann, Filipp Furche and Marco Haeser
                          Quantum Chemistry Group
                          Universitaet  Karlsruhe
                                   Germany

 
 
 
 
     References :
 
       RI-J implementation:
         Peter Deglmann, Klaus May, Filipp Furche, Reinhart Ahlrichs
                 Chem. Phys. Lett. 384:103 (2004)
 
       Efficiency, technical details:
         Peter Deglmann, Filipp Furche, Reinhart Ahlrichs
                 Chem. Phys. Lett. 362:511 (2002)
 
       Search of lowest eigenvalues by iterative diagonalization:
         Peter Deglmann, Filipp Furche
                 J. Chem. Phys. 117:9535 (2002)
 
       Vibrational circular dichroism implementation:
        Kevin Reiter, Michael Kuehn, Florian Weigend
                 J. Chem. Phys. 146:054102 (2017)  
 
 


              +--------------------------------------------------+
              | Atomic coordinate, charge and isotop information |
              +--------------------------------------------------+

                    atomic coordinates            atom    charge  isotop
         -1.77740147   -7.03249492    1.40842526    ag    47.000     0
         -7.16165300   -3.11713543   -2.67881882    n      7.000     0
         -5.16987074   -3.87622352   -1.16435687    c      6.000     0
         -4.83250642   -6.45610894   -0.91729145    n      7.000     0
         -6.34547766   -8.10848399   -2.07675600    c      6.000     0
         -8.38544590   -7.28370862   -3.62816298    c      6.000     0
         -8.72182235   -4.75762897   -3.87444259    c      6.000     0
         -3.79839573   -2.33914397   -0.11346098    o      8.000     0
         -5.90804669  -10.56914318   -1.75298108    n      7.000     0
         -7.00936780  -11.87348616   -2.59770103    h      1.000     0
         -4.46102894  -11.15986338   -0.65290265    h      1.000     0
         -9.61791449   -8.60874151   -4.57288828    h      1.000     0
        -10.21443535   -3.93697438   -5.00897552    h      1.000     0
         -7.39798042   -1.22365242   -2.85175300    h      1.000     0
          4.27850171   -9.25535050    6.01419452    n      7.000     0
          2.19140640   -9.24594027    4.42415996    c      6.000     0
          1.29565734   -6.88461226    3.75033665    n      7.000     0
          2.36539070   -4.75160932    4.57235336    c      6.000     0
          4.50750472   -4.81620680    6.20366773    c      6.000     0
          5.39882177   -7.12199528    6.87468096    c      6.000     0
          1.21920871  -11.19383471    3.67653489    o      8.000     0
          1.38664522   -2.54731570    3.83436601    n      7.000     0
          2.15969978   -0.91135218    4.42931244    h      1.000     0
         -0.13989384   -2.47399260    2.67257903    h      1.000     0
          5.39140978   -3.10615652    6.88275017    h      1.000     0
          7.01526189   -7.37266213    8.10498429    h      1.000     0
          4.93506202  -10.98572995    6.50808872    h      1.000     0
 
       center of nuclear mass  :   -1.74447241   -6.60823662    1.43482164
       center of nuclear charge:   -1.74881794   -6.57682297    1.43159248

   *************************************************************************
   Cyt2Ag1ofq                                                               
   *************************************************************************



              +--------------------------------------------------+
              |               basis set information              |
              +--------------------------------------------------+

              we will work with the 1s 3p 5d 7f 9g ... basis set
              ...i.e. with spherical basis functions...

   type   atoms  prim   cont   basis
   ---------------------------------------------------------------------------
    o        2     46     31   def2-TZVP   [5s3p2d1f|11s6p2d1f]
    ag       1     81     56   def2-TZVPP   [6s4p3d2f1g|7s7p6d2f1g]
    n        6     46     31   def2-TZVP   [5s3p2d1f|11s6p2d1f]
    h       10      7      5   def2-SVP   [2s1p|4s1p]
    c        8     46     31   def2-TZVP   [5s3p2d1f|11s6p2d1f]
   ---------------------------------------------------------------------------
   total:   27    887    602
   ---------------------------------------------------------------------------

   total number of primitive shells          :   88
   total number of contracted shells         :  222
   total number of cartesian basis functions :  697
   total number of SCF-basis functions       :  602

 number of unique ecp types :                     1

 symmetry group of the molecule :   c1 

 the group has the following generators :
   c1(z)

    1 symmetry operations found

 there are 1 real representations :   a   

 maximum number of shells which are related by symmetry :  1


 determining totally symmetric integral contributions 
    - equivalent to irreducible tensor elements - 
 which can be formed within each triple of representations :

             representation triple      contributions

              a     a     a               1

 reading cartesian hessian from $hessian,
 file=<hessian>


 actual cartesian coordinates & gradients will be read from $grad 

            ----------------------------
            actual cartesian coordinates
            ----------------------------
    1 ag     -1.77740147053415     -7.03249492095475      1.40842525626865
    2 n      -7.16165299987876     -3.11713543464490     -2.67881881560542
    3 c      -5.16987073626151     -3.87622351505152     -1.16435686502138
    4 n      -4.83250641741162     -6.45610894299186     -0.91729145267309
    5 c      -6.34547766165693     -8.10848398811320     -2.07675599719805
    6 c      -8.38544589927989     -7.28370862058930     -3.62816297675039
    7 c      -8.72182235201229     -4.75762896573914     -3.87444258605478
    8 o      -3.79839573443509     -2.33914396563642     -0.11346098102559
    9 n      -5.90804669185699    -10.56914317839489     -1.75298108280503
   10 h      -7.00936780181371    -11.87348616087877     -2.59770102741978
   11 h      -4.46102893734710    -11.15986338385363     -0.65290264895445
   12 h      -9.61791448859021     -8.60874151319684     -4.57288827705896
   13 h     -10.21443535188200     -3.93697438349774     -5.00897551701615
   14 h      -7.39798041513122     -1.22365241727544     -2.85175299748163
   15 n       4.27850171366963     -9.25535050369909      6.01419452426918
   16 c       2.19140640349405     -9.24594026887032      4.42415995501587
   17 n       1.29565734335668     -6.88461226371879      3.75033665192570
   18 c       2.36539069977744     -4.75160931565620      4.57235335640642
   19 c       4.50750471746419     -4.81620679768556      6.20366773321723
   20 c       5.39882176515324     -7.12199528496720      6.87468095892356
   21 o       1.21920871093699    -11.19383471387602      3.67653489445414
   22 n       1.38664522466582     -2.54731569603685      3.83436600985338
   23 h       2.15969978128409     -0.91135217798868      4.42931244076656
   24 h      -0.13989384315857     -2.47399260402908      2.67257902676873
   25 h       5.39140977782875     -3.10615652075149      6.88275017469088
   26 h       7.01526189289551     -7.37266212576145      8.10498428578589
   27 h       4.93506202416158    -10.98572995198819      6.50808872415578

              --------------------------
              actual cartesian gradients
              --------------------------
    1 ag     -0.00000676270785     -0.00000299830815     -0.00000596225695
    2 n      -0.00001766506156     -0.00000075550635     -0.00000244080274
    3 c       0.00002199100625     -0.00000620638432      0.00000457562997
    4 n      -0.00000686294445      0.00000826126208     -0.00000268181956
    5 c       0.00000968265632      0.00000399490031      0.00000610714982
    6 c      -0.00000061923904     -0.00000268130440      0.00000162355201
    7 c      -0.00000205193805      0.00000533605123      0.00000646934925
    8 o      -0.00000510713150     -0.00000133962913     -0.00000097797171
    9 n      -0.00001545920731     -0.00000365114133     -0.00000743579195
   10 h       0.00000504941236     -0.00000421764479      0.00000197193110
   11 h       0.00000247284935      0.00000420553995      0.00000023923551
   12 h       0.00000258025278     -0.00000150675839     -0.00000103144915
   13 h       0.00000422846753      0.00000073389514     -0.00000455218305
   14 h       0.00000378093963      0.00000057784548     -0.00000093858207
   15 n      -0.00000248439057      0.00000279635878      0.00000930451690
   16 c       0.00000558085704      0.00000189694207     -0.00000724986908
   17 n       0.00000293648113     -0.00000138621097      0.00001506206806
   18 c       0.00000637950010      0.00000104961124     -0.00000153392652
   19 c      -0.00000670723651      0.00000251875119     -0.00000323832351
   20 c       0.00000230596897     -0.00000442548142     -0.00000398779453
   21 o      -0.00000301994688     -0.00000029321905     -0.00000114944267
   22 n      -0.00000882255167      0.00001516810401     -0.00001266239362
   23 h       0.00000637670329     -0.00000590344459      0.00000671073111
   24 h      -0.00000062586264     -0.00000952719388      0.00000355229176
   25 h       0.00000248554309     -0.00000192425931      0.00000305714201
   26 h       0.00000102804956      0.00000147780906     -0.00000097826951
   27 h      -0.00000068988170     -0.00000120029088     -0.00000185226538

 dipole moment read from <control>

                -----------------------
                permanent dipole moment
                -----------------------
             x              y             z
         -5.9013609    -15.3787288      2.5313084      (debyes)

 dipole derivatives read from <dipgrad>

        ----------------------------------------------------
        cartesian dipole derivative matrix (debyes/angstrom)
        ----------------------------------------------------

  atom       1 ag                             2 n 
            x          y          z          x          y          z
 
  x      3.469032  -0.537022   1.477662  -3.518470  -2.401722  -2.020341
  y     -0.832952   1.691029  -0.634078   0.977286  -3.508477   0.734163
  z      1.483075  -0.407285   2.655204  -1.997248  -1.830681  -2.420845

  atom       3 c                              4 n 
            x          y          z          x          y          z
 
  x      5.727687   2.004074   3.412267  -2.815560  -1.089571  -1.365055
  y      1.862688   6.719882   1.440359  -2.326269  -6.089789  -1.792228
  z      3.384058   1.536914   3.843030  -1.370033  -0.843130  -2.080609

  atom       5 c                              6 c 
            x          y          z          x          y          z
 
  x      4.046199  -1.315255   2.299932  -1.927490   1.823458  -0.880668
  y      1.303569   8.700476   1.023029   0.734579  -2.739781   0.551983
  z      2.303791  -0.971645   2.773138  -0.884276   1.377065  -1.432117

  atom       7 c                              8 o 
            x          y          z          x          y          z
 
  x      0.871199   1.850294   0.563466  -4.441606  -1.473414  -2.198482
  y      0.008599   4.523088   0.024119  -1.789753  -4.387784  -1.374668
  z      0.550195   1.425869   0.567622  -2.195166  -1.129311  -3.242912

  atom       9 n                             10 h 
            x          y          z          x          y          z
 
  x     -1.818699   1.179141   0.223653   1.127920   0.450311  -0.263958
  y     -0.179523  -6.877517  -0.155353   0.322261   1.666079   0.246292
  z      0.217480   0.881709  -1.928929  -0.263215   0.345685   1.275343

  atom      11 h                             12 h 
            x          y          z          x          y          z
 
  x      1.367799  -0.306144   0.032947   0.471931   0.071157  -0.250873
  y     -0.101339   1.177898  -0.077786   0.038886   0.297912   0.027590
  z      0.035436  -0.236587   1.346945  -0.249954   0.052779   0.610632

  atom      13 h                             14 h 
            x          y          z          x          y          z
 
  x      0.513693  -0.021886  -0.143729   1.002114  -0.289962  -0.313513
  y      0.002753   0.477839   0.001192  -0.308948   1.807142  -0.233824
  z     -0.143291  -0.018142   0.593200  -0.314098  -0.219153   1.171701

  atom      15 n                             16 c 
            x          y          z          x          y          z
 
  x     -2.909932  -2.601124  -1.540359   4.470676   1.929778   2.454135
  y      1.057316  -4.241690   0.794185   0.781289   8.297520   0.620125
  z     -1.521578  -1.980366  -2.075068   2.428834   1.479320   3.115673

  atom      17 n                             18 c 
            x          y          z          x          y          z
 
  x     -2.380041  -0.298621  -1.000862   4.435173  -2.011987   2.635676
  y     -0.961945  -6.998853  -0.753362   0.173970   7.833394   0.155877
  z     -1.003192  -0.247116  -1.836097   2.635458  -1.506766   2.970618

  atom      19 c                             20 c 
            x          y          z          x          y          z
 
  x     -2.635056   1.706950  -1.393561   0.557226   1.029195   0.332550
  y      0.721764  -1.889727   0.546065  -1.105906   5.069140  -0.825821
  z     -1.393867   1.290415  -1.858593   0.317394   0.801563   0.373122

  atom      21 o                             22 n 
            x          y          z          x          y          z
 
  x     -3.035069  -1.349879  -1.078821  -2.661495   2.157667  -0.462742
  y     -1.201415  -5.512766  -0.929018   1.179291  -5.759980   0.885711
  z     -1.076633  -1.039944  -2.450464  -0.466227   1.633136  -2.388949

  atom      23 h                             24 h 
            x          y          z          x          y          z
 
  x      0.949287   0.205932  -0.378646   2.061750  -0.210712   0.640655
  y      0.102440   1.757665   0.079059  -0.017383   0.908212  -0.014153
  z     -0.378858   0.159030   1.157880   0.640940  -0.163705   1.705684

  atom      25 h                             26 h 
            x          y          z          x          y          z
 
  x      0.435844   0.062787  -0.281201   0.489450  -0.037290  -0.156354
  y      0.012649   0.298028   0.007899  -0.002077   0.467363  -0.002400
  z     -0.280777   0.046540   0.590751  -0.155295  -0.029845   0.576465

  atom      27 h 
            x          y          z
 
  x      1.153255  -0.462046  -0.200154
  y     -0.484196   1.533470  -0.368486
  z     -0.199625  -0.352695   1.260346
 

             -----------------------------------
             rotational and vibrational analysis
             -----------------------------------


            ==============================================================
            ATOMIC WEIGHTS (average over the natural occurance of isotops)
            ==============================================================
            ('*' denotes special isotop !)
              1     ag              107.87000
              2     n                14.00670
              3     c                12.01115
              4     n                14.00670
              5     c                12.01115
              6     c                12.01115
              7     c                12.01115
              8     o                15.99940
              9     n                14.00670
             10     h                 1.00797
             11     h                 1.00797
             12     h                 1.00797
             13     h                 1.00797
             14     h                 1.00797
             15     n                14.00670
             16     c                12.01115
             17     n                14.00670
             18     c                12.01115
             19     c                12.01115
             20     c                12.01115
             21     o                15.99940
             22     n                14.00670
             23     h                 1.00797
             24     h                 1.00797
             25     h                 1.00797
             26     h                 1.00797
             27     h                 1.00797

          -------------------------------------------------
          CARTESIAN FORCE CONSTANT MATRIX (hartree/bohr**2)
         (translational & rotational space projected out)
          -------------------------------------------------

   ATOM              1 ag                          2 n 
                  dx        dy        dz        dx        dy        dz
   1 ag    dx  0.1664387
           dy -0.0192606 0.0430061
           dz  0.1098360-0.0145091 0.1046154
   2 n     dx  0.0017907-0.0026547-0.0000926 0.4631494
           dy -0.0013279-0.0024618-0.0010876 0.0217438 0.9042535
           dz -0.0000335-0.0020316 0.0017854 0.3020413 0.0195524 0.2950702
   3 c     dx -0.0066633 0.0186205-0.0064557-0.1643040 0.0548723-0.0797226
           dy  0.0113374 0.0048576 0.0087238 0.0133895-0.1641554 0.0088904
           dz -0.0065271 0.0141859-0.0029553-0.0797156 0.0405586-0.1180057
   4 n     dx -0.0671605 0.0080239-0.0398753 0.0075716 0.0357451-0.0022615
           dy  0.0136761-0.0251213 0.0102274 0.0470406-0.0173265 0.0356898
           dz -0.0398213 0.0059909-0.0446345-0.0022512 0.0270457 0.0091366
   5 c     dx -0.0063558-0.0028993-0.0049539-0.0434436-0.0163212-0.0295926
           dy -0.0068504 0.0081489-0.0051755-0.0057384 0.0077388-0.0043234
           dz -0.0050195-0.0021735-0.0036124-0.0295161-0.0124396-0.0272512
   6 c     dx  0.0018788-0.0007792-0.0002531 0.0264879-0.0205210 0.0119671
           dy  0.0004925-0.0018656 0.0003591-0.0354853-0.0551961-0.0272654
           dz -0.0001869-0.0006069 0.0019864 0.0118601-0.0160220 0.0197433
   7 c     dx -0.0000327 0.0005640-0.0001635-0.1828987-0.1048760-0.1079736
           dy  0.0000610 0.0007954 0.0000452-0.0673435-0.2362076-0.0510983
           dz -0.0002394 0.0004404 0.0000740-0.1077227-0.0795955-0.1240553
   8 o     dx -0.0028630-0.0032985-0.0006251-0.0498015-0.0333721-0.0537129
           dy -0.0004801-0.0050719-0.0004710-0.0028212 0.0237508-0.0020448
           dz -0.0006500-0.0025256-0.0025225-0.0535307-0.0253376-0.0202807
   9 n     dx -0.0013832-0.0011569-0.0000144 0.0066438 0.0029822 0.0056266
           dy  0.0031510-0.0025962 0.0023656-0.0000313-0.0117237-0.0000944
           dz -0.0000957-0.0008820-0.0013642 0.0055345 0.0021117 0.0035943
  10 h     dx -0.0006272 0.0001547-0.0005127-0.0001024 0.0006021-0.0000150
           dy -0.0000972-0.0005460-0.0000542 0.0009492 0.0008867 0.0006988
           dz -0.0004916 0.0001174-0.0003270-0.0000031 0.0004771-0.0000761
  11 h     dx  0.0014031-0.0012404 0.0005207-0.0008122-0.0011846-0.0005765
           dy -0.0004920-0.0012222-0.0003626-0.0005525 0.0005850-0.0003661
           dz  0.0006065-0.0009568 0.0011120-0.0005239-0.0009017-0.0005484
  12 h     dx  0.0001803-0.0001817 0.0000170 0.0044049 0.0027437-0.0029298
           dy -0.0000800 0.0000629-0.0000537 0.0022362-0.0050362 0.0016259
           dz  0.0000226-0.0001369 0.0001746-0.0029095 0.0020430 0.0060449
  13 h     dx -0.0002925-0.0000288 0.0001871-0.0131077 0.0076605-0.0130043
           dy -0.0000375-0.0001192 0.0000115-0.0220468 0.0118222-0.0167830
           dz  0.0002426-0.0000211-0.0003991-0.0131948 0.0058460-0.0059647
  14 h     dx  0.0001276 0.0004432-0.0000419-0.0565124 0.0509181-0.0309902
           dy  0.0002693-0.0000793 0.0002019 0.0512579-0.4571650 0.0374023
           dz -0.0000542 0.0003387 0.0001677-0.0309502 0.0371456-0.0393349
  15 n     dx  0.0022039-0.0019568 0.0000511 0.0000695 0.0003835 0.0002534
           dy -0.0006398-0.0043019-0.0004721 0.0006984 0.0002570 0.0005222
           dz  0.0000735-0.0015150 0.0021542 0.0002472 0.0003262-0.0001584
  16 c     dx -0.0087467 0.0135492-0.0075959-0.0000395-0.0004971 0.0000415
           dy  0.0072173 0.0150444 0.0054815-0.0015585-0.0006832-0.0011360
           dz -0.0076192 0.0103518-0.0044353-0.0000432-0.0003848-0.0000424
  17 n     dx -0.0732301 0.0057985-0.0450356-0.0004498-0.0001474 0.0000265
           dy  0.0009449-0.0212496 0.0007467 0.0015435 0.0012712 0.0011551
           dz -0.0450326 0.0044097-0.0478822 0.0000304-0.0000720-0.0004899
  18 c     dx -0.0051654-0.0064751-0.0039297 0.0007787 0.0000662 0.0004870
           dy -0.0095284 0.0047881-0.0073012-0.0022830-0.0016057-0.0017023
           dz -0.0039883-0.0049155-0.0030132 0.0004271 0.0000991 0.0005529
  19 c     dx  0.0017725 0.0003020-0.0004903-0.0004788-0.0000703-0.0004227
           dy  0.0009344-0.0018555 0.0007417 0.0005195 0.0002563 0.0003914
           dz -0.0004330 0.0002086 0.0020223-0.0003871 0.0000253-0.0003112
  20 c     dx -0.0001241 0.0003014-0.0000075-0.0001075-0.0000803-0.0001236
           dy -0.0000570 0.0014511-0.0000959-0.0008208-0.0002836-0.0005831
           dz -0.0000646 0.0002294-0.0001203-0.0002037-0.0000092-0.0000223
  21 o     dx -0.0019587-0.0057731 0.0000355-0.0002035 0.0003428 0.0001932
           dy -0.0013425-0.0050498-0.0009262 0.0008725 0.0003888 0.0006335
           dz  0.0000193-0.0044126-0.0019849 0.0001349 0.0002642-0.0003181
  22 n     dx -0.0024428-0.0010867-0.0009531-0.0009181-0.0004584-0.0008293
           dy  0.0025110-0.0032894 0.0019940 0.0014837 0.0009841 0.0011048
           dz -0.0010356-0.0008339-0.0019726-0.0007884-0.0002762-0.0005043
  23 h     dx -0.0006970 0.0001160-0.0005264-0.0000089 0.0000560-0.0000321
           dy -0.0003110-0.0006039-0.0002740 0.0001499-0.0000481 0.0001327
           dz -0.0005330 0.0000874-0.0003648-0.0000248 0.0000377-0.0000046
  24 h     dx  0.0020687-0.0014867 0.0007438 0.0022740 0.0007137 0.0015129
           dy -0.0002734-0.0027180-0.0002143-0.0004013-0.0003643-0.0003119
           dz  0.0008452-0.0011491 0.0016666 0.0014992 0.0005528 0.0014809
  25 h     dx  0.0001685-0.0000285 0.0000480 0.0000433 0.0000811-0.0000053
           dy -0.0000289 0.0000050-0.0000552-0.0000066-0.0000069 0.0000101
           dz  0.0000296-0.0000224 0.0001612-0.0000046 0.0000591 0.0000333
  26 h     dx -0.0002536-0.0000564 0.0001716-0.0000179 0.0000109 0.0000531
           dy -0.0000040-0.0001118 0.0000003 0.0000103 0.0000298 0.0000233
           dz  0.0002310-0.0000427-0.0003509 0.0000792 0.0000187-0.0000754
  27 h     dx -0.0000359 0.0004901-0.0000840-0.0000072-0.0000659 0.0000227
           dy  0.0002157 0.0001039 0.0001538-0.0001509 0.0000398-0.0000921
           dz -0.0000809 0.0003746 0.0000195 0.0000084-0.0000370 0.0000017

   ATOM              3 c                           4 n 
                  dx        dy        dz        dx        dy        dz
   3 c     dx  0.5801519
           dy  0.1581747 0.7515256
           dz  0.2892329 0.1211591 0.4198106
   4 n     dx -0.1093932 0.0271094-0.0353574 0.3670947
           dy  0.0303899-0.2539094 0.0225384 0.0983936 0.6773573
           dz -0.0354521 0.0199970-0.0898312 0.2257699 0.0760819 0.2432308
   5 c     dx  0.0277925-0.0526353 0.0325536-0.2002525-0.0884015-0.1100022
           dy -0.0224779-0.0530815-0.0172266-0.0936582-0.2238750-0.0708244
           dz  0.0327811-0.0400935 0.0094481-0.1099864-0.0668126-0.1403974
   6 c     dx -0.0136267 0.0192629-0.0073155-0.0226926-0.0220993-0.0283630
           dy  0.0236649-0.0286473 0.0179555-0.0173751 0.0357141-0.0131530
           dz -0.0073587 0.0146623-0.0093974-0.0284171-0.0168070-0.0071673
   7 c     dx -0.0389271 0.0059080-0.0281346-0.0041685-0.0190068-0.0020076
           dy -0.0377652 0.0622492-0.0283630-0.0086469-0.0428095-0.0067392
           dz -0.0283257 0.0048612-0.0235431-0.0019566-0.0146396-0.0031855
   8 o     dx -0.2757254-0.2131769-0.1544057 0.0172676-0.0208423-0.0002227
           dy -0.2234550-0.3271452-0.1688869-0.0405307-0.0809135-0.0313106
           dz -0.1544510-0.1611911-0.1920898-0.0002833-0.0161935 0.0171433
   9 n     dx -0.0052093 0.0051812-0.0090985 0.0124589-0.0426198 0.0023603
           dy -0.0015136 0.0191929-0.0010820-0.0171116-0.0754375-0.0133632
           dz -0.0091551 0.0041179-0.0001538 0.0023936-0.0329142 0.0109335
  10 h     dx  0.0024319-0.0012664-0.0014023 0.0019728 0.0042588-0.0010502
           dy -0.0014784-0.0001428-0.0011584 0.0024806-0.0035806 0.0018776
           dz -0.0013927-0.0009584 0.0031916-0.0010482 0.0032160 0.0025738
  11 h     dx  0.0001205 0.0017173 0.0011797-0.0025660-0.0044615 0.0004107
           dy -0.0000474-0.0011368-0.0000019-0.0002369 0.0034976-0.0001252
           dz  0.0012126 0.0013299-0.0005485 0.0004566-0.0033871-0.0028385
  12 h     dx -0.0012137 0.0016347-0.0009418-0.0018520 0.0016678-0.0044684
           dy  0.0009376-0.0012473 0.0006922 0.0033701 0.0001752 0.0025518
           dz -0.0009447 0.0012612-0.0006782-0.0044643 0.0012582 0.0006390
  13 h     dx  0.0035518-0.0037130-0.0013561 0.0000337 0.0005255 0.0010176
           dy -0.0007066-0.0033677-0.0005985-0.0003199 0.0001847-0.0002471
           dz -0.0013407-0.0028689 0.0042760 0.0010163 0.0003987-0.0005193
  14 h     dx  0.0022114 0.0297759 0.0023672-0.0029195 0.0026160-0.0053920
           dy  0.0021877-0.0047634 0.0016349 0.0004004 0.0003480 0.0002829
           dz  0.0022678 0.0226418 0.0009898-0.0054007 0.0019797 0.0000662
  15 n     dx -0.0001439-0.0011395-0.0002436-0.0003368 0.0007542 0.0000903
           dy -0.0012200-0.0015699-0.0010094 0.0003039 0.0020259 0.0002656
           dz -0.0001596-0.0009087-0.0000370 0.0000966 0.0005777-0.0004245
  16 c     dx  0.0004324 0.0011814 0.0001590-0.0004800-0.0019787-0.0004524
           dy  0.0025260 0.0026249 0.0019268-0.0008700-0.0052748-0.0006789
           dz  0.0001822 0.0008917 0.0003828-0.0004938-0.0015480-0.0002094
  17 n     dx  0.0007978 0.0004524 0.0005053 0.0043040-0.0032442-0.0003228
           dy -0.0036879-0.0050832-0.0028765 0.0029768 0.0092419 0.0023000
           dz  0.0005138 0.0002883 0.0005045-0.0002968-0.0024301 0.0044679
  18 c     dx -0.0013654-0.0011750-0.0010059 0.0005709 0.0016257 0.0000259
           dy  0.0035307 0.0084897 0.0027005-0.0004101-0.0038073-0.0003191
           dz -0.0010253-0.0009524-0.0007556-0.0000089 0.0012781 0.0005843
  19 c     dx  0.0007436 0.0009362 0.0007063-0.0001433-0.0007414 0.0001155
           dy -0.0007359-0.0015744-0.0006286 0.0001522 0.0011056 0.0001456
           dz  0.0007328 0.0005955 0.0003462 0.0001480-0.0004855-0.0002488
  20 c     dx  0.0002832 0.0002680 0.0001511-0.0000346-0.0002379-0.0001526
           dy  0.0011897 0.0016768 0.0008693-0.0002263-0.0012478-0.0001653
           dz  0.0001577 0.0001207 0.0002463-0.0001873-0.0001497 0.0000590
  21 o     dx  0.0000745-0.0010471-0.0003017 0.0000709 0.0016306-0.0001307
           dy -0.0012186-0.0015435-0.0009932 0.0002026 0.0020417 0.0001878
           dz -0.0002236-0.0007325 0.0002403-0.0001636 0.0011910 0.0001455
  22 n     dx  0.0014845 0.0031888 0.0014036 0.0001545-0.0015760-0.0003114
           dy -0.0021130-0.0049565-0.0016750 0.0001457 0.0023347 0.0001358
           dz  0.0013442 0.0022774 0.0007093-0.0002795-0.0010979 0.0002687
  23 h     dx  0.0000127 0.0001619 0.0000110-0.0000361 0.0000143 0.0000024
           dy -0.0002229-0.0000098-0.0001581 0.0001230 0.0001018 0.0000887
           dz  0.0000102 0.0001042-0.0000009 0.0000010 0.0000142-0.0000311
  24 h     dx -0.0034028-0.0053515-0.0023773 0.0005359 0.0026465 0.0005542
           dy  0.0002770 0.0015266 0.0002137 0.0000914-0.0006484 0.0000670
           dz -0.0023651-0.0040640-0.0020820 0.0005330 0.0020240 0.0002783
  25 h     dx -0.0000230-0.0000957-0.0000209 0.0000080 0.0000704 0.0000395
           dy  0.0000071 0.0000552 0.0000105 0.0000086-0.0000249 0.0000040
           dz -0.0000203-0.0000914-0.0000185 0.0000367 0.0000564-0.0000117
  26 h     dx -0.0000396-0.0000049-0.0000008 0.0000122 0.0000318-0.0000117
           dy -0.0000110-0.0000425-0.0000064-0.0000177 0.0000544-0.0000055
           dz  0.0000219-0.0000103-0.0000517 0.0000048 0.0000302 0.0000048
  27 h     dx -0.0000512-0.0000744-0.0000648-0.0000200-0.0001326 0.0000258
           dy  0.0002753 0.0001781 0.0002191-0.0001239-0.0002062-0.0000909
           dz -0.0000645-0.0000512 0.0000031 0.0000239-0.0000965-0.0000325

   ATOM              5 c                           6 c 
                  dx        dy        dz        dx        dy        dz
   5 c     dx  0.5220842
           dy -0.0099634 0.8518496
           dz  0.2606306-0.0052887 0.3771597
   6 c     dx -0.1979082 0.0471277-0.0980543 0.4685623
           dy  0.0168998-0.1249964 0.0118015 0.0352581 0.8544751
           dz -0.0982173 0.0349299-0.1420546 0.2799631 0.0293911 0.3137401
   7 c     dx  0.0160139 0.0363558 0.0106398-0.1101583 0.0632422-0.0408955
           dy  0.0607054-0.0142703 0.0462611 0.0351618-0.4723860 0.0252621
           dz  0.0106590 0.0276826 0.0105383-0.0409634 0.0465380-0.0874729
   8 o     dx  0.0017862 0.0032385-0.0042699-0.0005986-0.0039044 0.0002961
           dy  0.0161133 0.0018231 0.0121770-0.0070971 0.0067767-0.0054715
           dz -0.0042574 0.0023984 0.0041847 0.0003289-0.0029591-0.0008162
   9 n     dx -0.1145362 0.0589542-0.0528257-0.0049256 0.0431387-0.0113357
           dy  0.0573473-0.4286222 0.0421361 0.0191240-0.0287732 0.0143011
           dz -0.0527442 0.0435035-0.0852900-0.0115020 0.0325948 0.0016689
  10 h     dx  0.0054638 0.0031144 0.0092377-0.0010075 0.0021175 0.0011096
           dy -0.0211566-0.0186395-0.0161385-0.0010687 0.0017338-0.0007593
           dz  0.0091490 0.0023180 0.0003549 0.0010948 0.0016506-0.0016134
  11 h     dx -0.0030188 0.0077366 0.0001294 0.0039406-0.0014627-0.0013458
           dy  0.0289676-0.0063454 0.0220466-0.0012503-0.0052562-0.0009556
           dz  0.0001885 0.0059489-0.0030048-0.0012963-0.0011449 0.0046215
  12 h     dx -0.0087878-0.0167604-0.0061085-0.1537219-0.1221055-0.0993725
           dy  0.0079136 0.0101817 0.0061172-0.1203431-0.1819704-0.0911884
           dz -0.0060009-0.0126961-0.0055154-0.0994128-0.0925999-0.1002728
  13 h     dx  0.0038782-0.0003257-0.0049948 0.0045183-0.0013852-0.0020347
           dy  0.0002054-0.0065556 0.0000961 0.0213110-0.0039055 0.0161738
           dz -0.0049750-0.0003158 0.0066256-0.0019436-0.0010930 0.0057068
  14 h     dx -0.0023858-0.0005606-0.0018090-0.0006292-0.0032331-0.0044805
           dy  0.0028968-0.0008841 0.0022033-0.0040950 0.0038957-0.0031274
           dz -0.0018041-0.0004339-0.0013762-0.0044818-0.0024690 0.0018053
  15 n     dx  0.0002914-0.0004598 0.0001188-0.0002586 0.0002068-0.0000495
           dy -0.0001613-0.0014960-0.0001310-0.0000257 0.0002340 0.0000316
           dz  0.0002095-0.0003934 0.0001947-0.0000466 0.0001881-0.0003126
  16 c     dx -0.0004395 0.0005822-0.0005398 0.0002003-0.0002329 0.0002756
           dy  0.0004586 0.0049622 0.0003137 0.0000418-0.0008045 0.0000126
           dz -0.0005400 0.0004311-0.0000725 0.0001913-0.0001825 0.0001130
  17 n     dx -0.0000729 0.0007063-0.0003175-0.0001298-0.0001278 0.0001897
           dy  0.0006897-0.0033399 0.0005255-0.0000525 0.0009887 0.0000034
           dz -0.0002842 0.0004990 0.0000956 0.0001910-0.0000620-0.0002733
  18 c     dx -0.0003956-0.0010366-0.0002774 0.0002258 0.0001426 0.0000653
           dy -0.0005864 0.0001857-0.0004802 0.0003523-0.0008449 0.0002678
           dz -0.0003122-0.0008376-0.0002062 0.0000120 0.0001457 0.0002361
  19 c     dx  0.0002403 0.0006747 0.0002362-0.0000643-0.0000565-0.0001036
           dy -0.0000175-0.0005937-0.0000166-0.0000401 0.0001131 0.0000164
           dz  0.0002722 0.0004467 0.0000821-0.0000704 0.0000156-0.0000805
  20 c     dx  0.0000978 0.0003313 0.0000460 0.0000072-0.0000566 0.0000446
           dy  0.0002566 0.0011514 0.0001441-0.0000405-0.0002027-0.0000256
           dz  0.0000539 0.0001930 0.0001092-0.0000181-0.0000044-0.0000043
  21 o     dx  0.0004719-0.0004977 0.0000930-0.0003186 0.0000409 0.0000166
           dy -0.0002905-0.0028688-0.0001959-0.0001384 0.0005207-0.0000405
           dz  0.0001657-0.0003625 0.0004196-0.0000332 0.0000543-0.0003477
  22 n     dx  0.0000636 0.0006139 0.0003303 0.0000576-0.0002189-0.0000724
           dy  0.0002746-0.0005969 0.0002201-0.0002643 0.0005899-0.0001622
           dz  0.0003422 0.0003950-0.0001870-0.0000078-0.0001178-0.0000075
  23 h     dx -0.0000282 0.0000476-0.0000035-0.0000206 0.0000798-0.0000154
           dy -0.0001727-0.0001296-0.0001544 0.0000937-0.0000278 0.0000540
           dz -0.0000150 0.0000204-0.0000091-0.0000225 0.0000528 0.0000030
  24 h     dx -0.0004916-0.0012377-0.0004886 0.0002272 0.0003595 0.0000316
           dy -0.0002143-0.0000949-0.0001667 0.0001247-0.0002023 0.0000890
           dz -0.0005174-0.0009408-0.0001749-0.0000111 0.0002856 0.0002849
  25 h     dx  0.0000011 0.0000967 0.0000275-0.0000170 0.0000583-0.0000145
           dy -0.0000220 0.0000014-0.0000333 0.0000091-0.0000036-0.0000027
           dz  0.0000200 0.0000582-0.0000039-0.0000209 0.0000389-0.0000031
  26 h     dx -0.0000307-0.0000188-0.0000051-0.0000268 0.0000130 0.0000297
           dy -0.0000030 0.0000038 0.0000004-0.0000129 0.0000239 0.0000026
           dz  0.0000165-0.0000177-0.0000435 0.0000513 0.0000192-0.0000696
  27 h     dx -0.0000378 0.0000059-0.0000541-0.0000016-0.0000708 0.0000182
           dy  0.0001162 0.0003433 0.0000818-0.0000391 0.0000168-0.0000286
           dz -0.0000443 0.0000117-0.0000135 0.0000168-0.0000398-0.0000162

   ATOM              7 c                           8 o 
                  dx        dy        dz        dx        dy        dz
   7 c     dx  0.5217815
           dy -0.0543695 0.8433831
           dz  0.2937017-0.0384470 0.3586596
   8 o     dx  0.0030414 0.0105936-0.0010545 0.3082445
           dy -0.0042560-0.0129224-0.0033164 0.2659647 0.4005944
           dz -0.0011541 0.0079409 0.0036954 0.2108064 0.2017985 0.1937831
   9 n     dx -0.0066492-0.0084427-0.0081175 0.0006491-0.0032177 0.0010480
           dy -0.0002439 0.0107179-0.0001913-0.0019716-0.0049618-0.0015115
           dz -0.0081128-0.0063943-0.0021665 0.0009690-0.0026564 0.0000395
  10 h     dx -0.0007860-0.0010161 0.0001419-0.0002985 0.0006429 0.0005072
           dy -0.0006301-0.0009309-0.0004709 0.0004728-0.0000826 0.0002973
           dz  0.0001550-0.0007523-0.0008698 0.0005119 0.0004841-0.0005525
  11 h     dx  0.0011237 0.0015008-0.0004904-0.0009469-0.0005193-0.0008409
           dy  0.0014899 0.0002832 0.0011807-0.0001340 0.0005116-0.0000649
           dz -0.0004399 0.0011576 0.0013476-0.0008027-0.0004037-0.0005116
  12 h     dx  0.0046756 0.0051915 0.0048763 0.0003639-0.0002039 0.0008148
           dy -0.0202632-0.0129305-0.0154867-0.0001885 0.0005076-0.0001916
           dz  0.0047888 0.0039068 0.0019870 0.0008230-0.0001539-0.0000742
  13 h     dx -0.2074317 0.0875795-0.1280828-0.0012916 0.0001326-0.0007936
           dy  0.0929126-0.1095244 0.0692705-0.0016466-0.0001992-0.0012874
           dz -0.1281595 0.0652788-0.1351062-0.0008144 0.0000961-0.0008404
  14 h     dx  0.0045117-0.0228780 0.0078583 0.0002074-0.0032639 0.0026576
           dy  0.0027150-0.0156559 0.0020434-0.0028182-0.0015233-0.0021433
           dz  0.0079372-0.0174805 0.0000894 0.0026571-0.0024682-0.0012834
  15 n     dx -0.0001186-0.0003319-0.0001728-0.0000006 0.0009225 0.0000925
           dy -0.0001491-0.0004353-0.0001594 0.0009680 0.0010558 0.0007189
           dz -0.0000893-0.0003020-0.0001032 0.0000960 0.0006921-0.0000736
  16 c     dx  0.0003304 0.0003986 0.0000732 0.0000903-0.0006990 0.0000338
           dy  0.0004294 0.0010766 0.0003139-0.0018551-0.0015709-0.0013244
           dz  0.0000464 0.0002637 0.0003485 0.0000047-0.0005721 0.0000593
  17 n     dx -0.0000524 0.0000119-0.0001192-0.0005292 0.0006768-0.0009847
           dy -0.0004907-0.0010264-0.0004032 0.0028696 0.0022546 0.0021432
           dz -0.0000902-0.0000177-0.0000185-0.0009628 0.0005547 0.0000234
  18 c     dx -0.0001374-0.0001880-0.0000183 0.0008424 0.0007171 0.0005953
           dy  0.0008795 0.0014739 0.0006627-0.0035281-0.0059467-0.0026422
           dz -0.0000738-0.0001777-0.0000626 0.0005811 0.0006235 0.0005450
  19 c     dx -0.0000001 0.0001867 0.0001556-0.0007423-0.0006879-0.0005959
           dy -0.0000658-0.0002752-0.0000859 0.0007317 0.0012291 0.0005468
           dz  0.0002002 0.0000901-0.0001432-0.0005339-0.0003998-0.0004338
  20 c     dx  0.0000766 0.0001025 0.0000450-0.0001168-0.0002167-0.0003069
           dy  0.0002681 0.0004265 0.0001671-0.0010318-0.0010545-0.0007103
           dz  0.0000172 0.0000169 0.0000870-0.0003352-0.0001109 0.0000791
  21 o     dx  0.0000315-0.0003602-0.0003183-0.0005419 0.0010533-0.0001349
           dy -0.0002194-0.0006119-0.0001924 0.0010742 0.0008501 0.0007505
           dz -0.0002621-0.0002632 0.0001896-0.0001857 0.0006881-0.0004363
  22 n     dx  0.0001138 0.0005021 0.0004224-0.0011366-0.0025971-0.0018816
           dy -0.0005248-0.0009676-0.0004312 0.0019570 0.0039580 0.0014556
           dz  0.0004300 0.0003275-0.0001850-0.0018390-0.0017968-0.0000831
  23 h     dx -0.0000368 0.0000742-0.0000023-0.0002521 0.0000214-0.0000970
           dy  0.0000571 0.0000849 0.0000421 0.0003502-0.0001391 0.0003059
           dz -0.0000068 0.0000389-0.0000336-0.0000771 0.0000280-0.0002249
  24 h     dx -0.0002412-0.0007294-0.0003521 0.0022983 0.0036281 0.0030193
           dy  0.0002208 0.0003053 0.0001627-0.0002314-0.0017625-0.0001774
           dz -0.0003815-0.0005468 0.0000119 0.0030233 0.0027716 0.0006458
  25 h     dx -0.0000197 0.0000413 0.0000012 0.0000595 0.0001257 0.0000093
           dy  0.0000132 0.0000339 0.0000079-0.0000245-0.0000276 0.0000103
           dz -0.0000029 0.0000141-0.0000224 0.0000187 0.0001053 0.0000348
  26 h     dx -0.0000273 0.0000089 0.0000254-0.0000013 0.0000108 0.0000278
           dy  0.0000012 0.0000187 0.0000091 0.0000254 0.0000586 0.0000325
           dz  0.0000550 0.0000056-0.0000688 0.0000508 0.0000158-0.0000294
  27 h     dx -0.0000145-0.0000486-0.0000240-0.0000044 0.0000364 0.0000211
           dy  0.0000384 0.0001055 0.0000371-0.0002218-0.0000490-0.0001389
           dz -0.0000237-0.0000273 0.0000084 0.0000036 0.0000282 0.0000192

   ATOM              9 n                          10 h 
                  dx        dy        dz        dx        dy        dz
   9 n     dx  0.5498327
           dy  0.0145794 0.8647583
           dz  0.4058551 0.0143908 0.3248436
  10 h     dx -0.1756408-0.1561171-0.1358244 0.1761638
           dy -0.1545764-0.2438406-0.1170625 0.1648484 0.2529528
           dz -0.1359285-0.1183699-0.1026551 0.1320141 0.1250605 0.1052889
  11 h     dx -0.2625806 0.0831430-0.2001703-0.0071507 0.0090862-0.0032553
           dy  0.0849302-0.1031415 0.0626339-0.0179384 0.0127045-0.0135859
           dz -0.2003158 0.0612706-0.1489256-0.0033960 0.0069969-0.0053917
  12 h     dx  0.0006987-0.0005271 0.0015100-0.0001627 0.0008332-0.0008775
           dy -0.0001011 0.0007904-0.0000221 0.0003901-0.0000334 0.0003006
           dz  0.0015076-0.0003907-0.0001406-0.0008800 0.0006357 0.0003235
  13 h     dx -0.0001483 0.0000094 0.0005325 0.0000529 0.0000327-0.0001039
           dy  0.0013782 0.0005654 0.0010632-0.0000165 0.0000936-0.0000096
           dz  0.0005560-0.0000016-0.0004401-0.0001038 0.0000233 0.0001117
  14 h     dx  0.0003766-0.0001844 0.0006063-0.0000268 0.0001164 0.0000408
           dy -0.0006882 0.0019254-0.0005186-0.0001741-0.0001523-0.0001320
           dz  0.0006025-0.0001342 0.0000509 0.0000378 0.0000841-0.0000468
  15 n     dx -0.0001483 0.0004172 0.0000266 0.0000366 0.0000442 0.0000303
           dy -0.0000795 0.0009730 0.0000399 0.0000620-0.0001504 0.0000310
           dz  0.0000294 0.0003597-0.0002381 0.0000369 0.0000363 0.0000126
  16 c     dx  0.0001207-0.0003469 0.0002761-0.0000320-0.0001139-0.0000559
           dy  0.0002553-0.0031046 0.0001190 0.0000626 0.0001780 0.0000284
           dz  0.0002187-0.0002724 0.0000271-0.0000573-0.0000742 0.0000020
  17 n     dx  0.0002983-0.0002694-0.0001008 0.0000018 0.0000946 0.0000627
           dy -0.0003026 0.0017179-0.0001413-0.0000059-0.0000158-0.0000088
           dz -0.0000873-0.0001628 0.0002920 0.0000623 0.0000570-0.0000295
  18 c     dx  0.0001269 0.0006709 0.0000508-0.0001011-0.0001049-0.0000186
           dy  0.0002066-0.0006671 0.0001271 0.0000341-0.0001336 0.0000089
           dz  0.0000064 0.0005714 0.0001026-0.0000232-0.0001251-0.0000748
  19 c     dx -0.0000072-0.0004923-0.0000259-0.0000395 0.0001290 0.0000555
           dy -0.0000652 0.0004536 0.0000368 0.0000525-0.0000863 0.0000259
           dz -0.0000100-0.0002843-0.0000875 0.0000569 0.0000438-0.0000600
  20 c     dx  0.0000083-0.0002476 0.0001399-0.0000347 0.0000405 0.0000263
           dy  0.0000132-0.0008452-0.0000121 0.0000932 0.0000429 0.0000442
           dz  0.0000960-0.0001273-0.0000955 0.0000270 0.0000020-0.0000419
  21 o     dx  0.0000105 0.0002213-0.0001026 0.0000650 0.0000377 0.0000319
           dy -0.0002918 0.0019631-0.0000810 0.0000372-0.0001834 0.0000262
           dz -0.0001220 0.0001696 0.0000386 0.0000349 0.0000853 0.0000323
  22 n     dx  0.0000975-0.0005828-0.0000361-0.0000987 0.0001323 0.0000815
           dy -0.0002702 0.0007603-0.0001149 0.0000210-0.0000183 0.0000120
           dz  0.0000299-0.0003553-0.0000364 0.0000820 0.0000205-0.0001290
  23 h     dx -0.0000796 0.0000645-0.0000140-0.0000177 0.0000119-0.0000055
           dy  0.0000607 0.0000701 0.0000022-0.0000040-0.0000261-0.0000083
           dz -0.0000304 0.0000487-0.0000385-0.0000076 0.0000002-0.0000091
  24 h     dx  0.0000618 0.0009457-0.0000822-0.0000527-0.0000882-0.0000618
           dy  0.0001651-0.0000416 0.0001213 0.0000201-0.0000636 0.0000141
           dz -0.0001334 0.0007310 0.0001839-0.0000668-0.0000725-0.0000106
  25 h     dx -0.0000509 0.0000108 0.0000112-0.0000103 0.0000174 0.0000025
           dy  0.0000066 0.0000079-0.0000235 0.0000067-0.0000080 0.0000003
           dz -0.0000009 0.0000098-0.0000389 0.0000013 0.0000058-0.0000079
  26 h     dx -0.0000235 0.0000231 0.0000157-0.0000046-0.0000003-0.0000002
           dy -0.0000173 0.0000253-0.0000058 0.0000069-0.0000011 0.0000033
           dz  0.0000292 0.0000281-0.0000523 0.0000016-0.0000028-0.0000056
  27 h     dx -0.0000011-0.0000681 0.0000447 0.0000052-0.0000124-0.0000135
           dy -0.0000221-0.0001663-0.0000334 0.0000131 0.0000428 0.0000064
           dz  0.0000543-0.0000416-0.0000520-0.0000119-0.0000067 0.0000098

   ATOM             11 h                          12 h 
                  dx        dy        dz        dx        dy        dz
  11 h     dx  0.2703197
           dy -0.0946385 0.1000876
           dz  0.2034580-0.0701081 0.1547746
  12 h     dx -0.0001395 0.0000735 0.0004403 0.1562676
           dy -0.0001259 0.0000568-0.0000884 0.1271167 0.1890758
           dz  0.0004334 0.0000633-0.0003816 0.1049573 0.0964990 0.0997442
  13 h     dx -0.0002708-0.0000476 0.0004162-0.0014632-0.0000021 0.0025702
           dy  0.0000397-0.0004475 0.0000350-0.0001868 0.0009321-0.0001186
           dz  0.0004130-0.0000304-0.0005006 0.0025673 0.0000190-0.0028720
  14 h     dx -0.0000780-0.0001069-0.0000299 0.0009353-0.0009543-0.0005621
           dy  0.0001937-0.0000055 0.0001485 0.0002784-0.0002417 0.0002048
           dz -0.0000333-0.0000769-0.0000607-0.0005580-0.0007387 0.0012364
  15 n     dx  0.0005119-0.0001648 0.0002170-0.0000002 0.0000033-0.0000179
           dy  0.0002502-0.0003396 0.0001829 0.0000656-0.0000630 0.0000352
           dz  0.0002515-0.0001751 0.0004234-0.0000099 0.0000080-0.0000015
  16 c     dx -0.0005145 0.0001693-0.0005393 0.0000222-0.0000102-0.0000177
           dy -0.0010952 0.0013360-0.0008431-0.0000316 0.0000593-0.0000382
           dz -0.0005264 0.0001041-0.0001949-0.0000207 0.0000010 0.0000340
  17 n     dx  0.0000684 0.0000532 0.0001628-0.0000329 0.0000355 0.0000348
           dy  0.0009135-0.0003409 0.0006956 0.0000762-0.0000817 0.0000527
           dz  0.0001749 0.0000217-0.0000013 0.0000361 0.0000176-0.0000524
  18 c     dx -0.0000341-0.0002121-0.0001314-0.0000333-0.0000109 0.0000237
           dy -0.0007030-0.0000606-0.0005472 0.0001387-0.0000815 0.0000932
           dz -0.0001259-0.0001770 0.0000581 0.0000166-0.0000393-0.0000331
  19 c     dx  0.0000955 0.0001516-0.0000553-0.0000477 0.0000383 0.0000287
           dy  0.0001288-0.0000843 0.0000921 0.0000352-0.0000404 0.0000141
           dz -0.0000345 0.0000856 0.0001558 0.0000317-0.0000065-0.0000621
  20 c     dx  0.0000184 0.0000987-0.0001416-0.0000243 0.0000122 0.0000143
           dy -0.0001978 0.0003236-0.0001657 0.0000605-0.0000142 0.0000249
           dz -0.0001137 0.0000340 0.0001303 0.0000122-0.0000088-0.0000280
  21 o     dx  0.0004424-0.0001616 0.0005642 0.0000397-0.0000333-0.0000462
           dy  0.0006932-0.0008578 0.0005297 0.0000596-0.0000743 0.0000416
           dz  0.0005902-0.0001613 0.0001531-0.0000396 0.0000177 0.0000511
  22 n     dx -0.0000878 0.0001176-0.0000521-0.0000683 0.0000397 0.0000800
           dy  0.0004443 0.0000230 0.0003380-0.0000343 0.0000051-0.0000318
           dz -0.0000514 0.0000850-0.0000407 0.0000802-0.0000263-0.0001077
  23 h     dx  0.0000104 0.0000242-0.0000097-0.0000106 0.0000131-0.0000002
           dy -0.0000622-0.0000404-0.0000513 0.0000115-0.0000077 0.0000053
           dz -0.0000114 0.0000176 0.0000205-0.0000021 0.0000032-0.0000068
  24 h     dx  0.0001366-0.0001342 0.0000806-0.0000188-0.0000006-0.0000254
           dy -0.0001831-0.0001918-0.0001410 0.0000361-0.0000309 0.0000266
           dz  0.0000765-0.0001015 0.0000967-0.0000301-0.0000035 0.0000036
  25 h     dx  0.0000148 0.0000252-0.0000031-0.0000108 0.0000102 0.0000014
           dy -0.0000120-0.0000067-0.0000124 0.0000057-0.0000021 0.0000012
           dz -0.0000025 0.0000162 0.0000217 0.0000003 0.0000021-0.0000095
  26 h     dx  0.0000088-0.0000051-0.0000111-0.0000029 0.0000018 0.0000021
           dy  0.0000126-0.0000019 0.0000085 0.0000040-0.0000008 0.0000020
           dz -0.0000074-0.0000086 0.0000173 0.0000045 0.0000001-0.0000065
  27 h     dx -0.0000149 0.0000211-0.0000554 0.0000023-0.0000053-0.0000064
           dy  0.0000260 0.0000701 0.0000173-0.0000012 0.0000092-0.0000029
           dz -0.0000519 0.0000124 0.0000162-0.0000055-0.0000013 0.0000041

   ATOM             13 h                          14 h 
                  dx        dy        dz        dx        dy        dz
  13 h     dx  0.2127471
           dy -0.0906991 0.1094920
           dz  0.1441332-0.0676229 0.1315886
  14 h     dx -0.0006415-0.0000970 0.0014188 0.0549014
           dy  0.0002587 0.0011659 0.0002089-0.0526947 0.4727488
           dz  0.0014290-0.0000613-0.0014189 0.0284376-0.0384285 0.0391441
  15 n     dx -0.0000292-0.0000331 0.0000690-0.0000082-0.0001088-0.0000402
           dy  0.0000084-0.0000182 0.0000192-0.0000391 0.0000222-0.0000299
           dz  0.0000514 0.0000106-0.0000760-0.0000329-0.0000811 0.0000126
  16 c     dx -0.0000383-0.0000044 0.0000230 0.0000552 0.0001776-0.0000113
           dy -0.0000185-0.0000333-0.0000054 0.0001086 0.0000824 0.0000908
           dz  0.0000006 0.0000202-0.0000450-0.0000117 0.0001346 0.0000691
  17 n     dx  0.0000048-0.0000307-0.0000148 0.0000381-0.0001012 0.0000617
           dy  0.0000355 0.0000026 0.0000329-0.0001775-0.0001077-0.0001372
           dz -0.0000229-0.0000096 0.0000101 0.0000639-0.0000760 0.0000012
  18 c     dx -0.0000114 0.0000096-0.0000042-0.0000887 0.0000667-0.0000477
           dy -0.0000634-0.0000503-0.0000396 0.0002477 0.0002804 0.0001954
           dz -0.0000138 0.0000107-0.0000031-0.0000534 0.0000524-0.0000600
  19 c     dx -0.0000216-0.0000164 0.0000157 0.0000114-0.0000471 0.0000499
           dy  0.0000102-0.0000142 0.0000193-0.0000318 0.0000227-0.0000233
           dz  0.0000143-0.0000025-0.0000386 0.0000512-0.0000344-0.0000236
  20 c     dx -0.0000220-0.0000193 0.0000254 0.0000054 0.0000072-0.0000043
           dy -0.0000105-0.0000297 0.0000062 0.0000812 0.0000616 0.0000691
           dz  0.0000074 0.0000075-0.0000356-0.0000074 0.0000068 0.0000114
  21 o     dx -0.0000412-0.0000556 0.0000776-0.0000015-0.0001246-0.0000733
           dy  0.0000122-0.0000054 0.0000164-0.0000218-0.0000179-0.0000209
           dz  0.0000487 0.0000040-0.0000814-0.0000648-0.0000921 0.0000490
  22 n     dx -0.0000187-0.0000162-0.0000295 0.0000174-0.0000214 0.0001459
           dy  0.0000356 0.0000056 0.0000327-0.0001484-0.0001336-0.0001155
           dz -0.0000201-0.0000243-0.0000115 0.0001404-0.0000165-0.0000735
  23 h     dx -0.0000008 0.0000053-0.0000071 0.0000047-0.0000165-0.0000247
           dy  0.0000029 0.0000120 0.0000032 0.0000061 0.0000830 0.0000072
           dz -0.0000067 0.0000014 0.0000031-0.0000244-0.0000134 0.0000155
  24 h     dx  0.0000502 0.0000729 0.0000235-0.0001075 0.0001787-0.0001250
           dy -0.0000114-0.0000069-0.0000094 0.0000620 0.0000858 0.0000471
           dz  0.0000205 0.0000552 0.0000434-0.0001262 0.0001367-0.0000351
  25 h     dx  0.0000017 0.0000050-0.0000009-0.0000016-0.0000050-0.0000061
           dy  0.0000001-0.0000002 0.0000015 0.0000029 0.0000106 0.0000042
           dz -0.0000011 0.0000029 0.0000015-0.0000059-0.0000045-0.0000004
  26 h     dx -0.0000035 0.0000001 0.0000047-0.0000026 0.0000025-0.0000002
           dy  0.0000002 0.0000007 0.0000028 0.0000014 0.0000057 0.0000025
           dz  0.0000061 0.0000029-0.0000094 0.0000023 0.0000022-0.0000044
  27 h     dx -0.0000049-0.0000072 0.0000023-0.0000004 0.0000041-0.0000115
           dy  0.0000013 0.0000006 0.0000031 0.0000119-0.0000086 0.0000114
           dz -0.0000003-0.0000008-0.0000048-0.0000122 0.0000042 0.0000090

   ATOM             15 n                          16 c 
                  dx        dy        dz        dx        dy        dz
  15 n     dx  0.4544843
           dy -0.0230428 0.9007137
           dz  0.2975889-0.0146510 0.2889772
  16 c     dx -0.1715533 0.0367702-0.0859703 0.5040481
           dy -0.0049708-0.1477839-0.0041256 0.1565746 0.8913574
           dz -0.0860065 0.0277338-0.1213298 0.2305720 0.1207645 0.3767302
  17 n     dx -0.0114810 0.0344905-0.0164860-0.1235524 0.0453051-0.0477809
           dy  0.0447543 0.0137231 0.0340473 0.0480655-0.2219711 0.0359404
           dz -0.0164599 0.0262261-0.0020658-0.0478174 0.0337748-0.0973667
  18 c     dx -0.0339493-0.0310382-0.0226981 0.0381172-0.0234319 0.0407718
           dy -0.0194255-0.0059523-0.0148148 0.0065453-0.0675558 0.0047781
           dz -0.0226057-0.0236834-0.0216295 0.0408965-0.0179446 0.0154478
  19 c     dx  0.0336833 0.0038903 0.0175223-0.0234819 0.0173818-0.0144938
           dy -0.0110834-0.0673227-0.0086237 0.0219382-0.0134356 0.0166968
           dz  0.0174924 0.0026158 0.0240955-0.0145805 0.0132409-0.0153063
  20 c     dx -0.1447241-0.0991339-0.0783538-0.0247258-0.0181632-0.0173027
           dy -0.0615977-0.3064082-0.0474293-0.0615110 0.0415402-0.0465912
           dz -0.0781087-0.0758638-0.1025624-0.0175136-0.0136182-0.0155485
  21 o     dx -0.0349617-0.0544523-0.0424609-0.1855401-0.2066272-0.0833717
           dy -0.0236887 0.0038611-0.0180181-0.2140273-0.5144126-0.1634873
           dz -0.0423352-0.0414105-0.0118593-0.0833368-0.1579454-0.1419963
  22 n     dx  0.0049997 0.0077651 0.0042029-0.0046727-0.0018240-0.0083060
           dy  0.0046241-0.0084711 0.0035377-0.0088033 0.0175220-0.0066322
           dz  0.0041684 0.0058348 0.0027939-0.0084196-0.0012809-0.0001108
  23 h     dx -0.0003666 0.0002512-0.0002855 0.0029136-0.0007206-0.0010106
           dy  0.0006170 0.0012552 0.0004623-0.0009969-0.0007832-0.0007855
           dz -0.0002775 0.0002054-0.0001934-0.0010158-0.0005496 0.0034672
  24 h     dx -0.0005285-0.0018580-0.0003778-0.0002639 0.0025322 0.0008174
           dy -0.0007456-0.0001111-0.0005595 0.0003626-0.0002230 0.0002826
           dz -0.0003228-0.0014331-0.0003849 0.0008381 0.0019356-0.0007340
  25 h     dx  0.0029239 0.0038575-0.0040003-0.0017171 0.0012984-0.0013148
           dy  0.0033897-0.0027400 0.0025361 0.0005883-0.0003977 0.0004356
           dz -0.0039896 0.0029086 0.0051669-0.0013309 0.0010001-0.0009778
  26 h     dx -0.0082649 0.0012481-0.0093966 0.0042928-0.0021025-0.0007888
           dy -0.0285343 0.0040404-0.0217047 0.0010294-0.0044972 0.0007360
           dz -0.0095695 0.0009323-0.0031382-0.0007827-0.0016434 0.0047294
  27 h     dx -0.0923307 0.1212100-0.0600384-0.0048257 0.0290771-0.0031173
           dy  0.1211667-0.3809976 0.0905199 0.0012891 0.0067480 0.0009641
           dz -0.0599991 0.0905404-0.0592430-0.0032089 0.0221311-0.0030406

   ATOM             17 n                          18 c 
                  dx        dy        dz        dx        dy        dz
  17 n     dx  0.3324224
           dy  0.0446687 0.7375719
           dz  0.2007834 0.0359650 0.2226364
  18 c     dx -0.1574930-0.0876735-0.0767436 0.5294497
           dy -0.0919786-0.3002718-0.0703856-0.0311977 0.8303075
           dz -0.0766788-0.0670632-0.1164307 0.2662743-0.0215163 0.3812857
  19 c     dx -0.0103586-0.0357855-0.0191741-0.2051374 0.0105187-0.1037985
           dy -0.0314968 0.0156278-0.0239406-0.0194809-0.1165538-0.0151198
           dz -0.0191846-0.0272684 0.0000307-0.1040300 0.0078078-0.1456157
  20 c     dx -0.0002391-0.0082426 0.0009060-0.0071728 0.0365867-0.0069943
           dy  0.0008821-0.0487818 0.0005048 0.0611639 0.0219603 0.0466654
           dz  0.0009591-0.0064530-0.0007838-0.0069313 0.0278929-0.0030228
  21 o     dx  0.0260848 0.0068326 0.0061127-0.0022575-0.0000714-0.0075379
           dy -0.0148591-0.0952026-0.0117735 0.0136689 0.0074875 0.0103551
           dz  0.0060345 0.0048476 0.0226998-0.0075218-0.0001236 0.0019337
  22 n     dx  0.0209460-0.0183170 0.0090178-0.1493616 0.1029665-0.0800432
           dy  0.0069804-0.0877066 0.0050243 0.1038441-0.3538851 0.0775572
           dz  0.0090806-0.0143481 0.0159609-0.0800627 0.0770314-0.1051266
  23 h     dx  0.0002732 0.0048146-0.0023820 0.0075928 0.0114262 0.0108595
           dy  0.0030673-0.0011232 0.0023249-0.0135112-0.0228187-0.0103485
           dz -0.0023780 0.0036493 0.0016093 0.0107838 0.0086543 0.0016495
  24 h     dx -0.0015229-0.0060178 0.0011976-0.0101075 0.0078091-0.0048947
           dy -0.0010441 0.0014447-0.0007720 0.0260642 0.0064461 0.0198370
           dz  0.0012562-0.0045867-0.0022479-0.0048681 0.0060151-0.0073792
  25 h     dx -0.0027192 0.0001008-0.0051223-0.0056873-0.0212475-0.0035743
           dy  0.0017377 0.0014683 0.0013165 0.0036746 0.0051771 0.0028403
           dz -0.0051194 0.0000696 0.0001216-0.0034742-0.0161310-0.0038378
  26 h     dx -0.0000146 0.0006416 0.0009579 0.0035870 0.0011583-0.0051889
           dy -0.0002102 0.0003561-0.0001600 0.0016338-0.0060847 0.0011910
           dz  0.0009528 0.0004938-0.0005285-0.0051767 0.0008292 0.0064617
  27 h     dx -0.0033615 0.0008258-0.0055715-0.0027926-0.0013771-0.0021323
           dy -0.0014513 0.0006335-0.0011225 0.0021876-0.0002764 0.0016735
           dz -0.0055870 0.0006182-0.0002828-0.0021382-0.0010612-0.0016064

   ATOM             19 c                          20 c 
                  dx        dy        dz        dx        dy        dz
  19 c     dx  0.4593653
           dy -0.0027663 0.8623837
           dz  0.2729611 0.0002350 0.3078986
  20 c     dx -0.1433570 0.1230264-0.0670794 0.5473052
           dy  0.0945462-0.4021277 0.0706346-0.0604918 0.8006636
           dz -0.0670818 0.0922273-0.1063037 0.3134451-0.0435406 0.3728556
  21 o     dx  0.0023754-0.0044018 0.0026787 0.0007544 0.0134659-0.0029226
           dy -0.0076701 0.0027241-0.0058834-0.0015723-0.0097305-0.0012546
           dz  0.0026700-0.0033091 0.0008931-0.0030044 0.0101323 0.0024357
  22 n     dx -0.0187194 0.0415413-0.0223308-0.0038259-0.0130834-0.0056875
           dy  0.0169539-0.0062535 0.0127865-0.0044597 0.0054022-0.0033880
           dz -0.0224707 0.0314810-0.0060514-0.0057301-0.0099103-0.0006632
  23 h     dx -0.0011718 0.0016540 0.0010414-0.0004732-0.0007633 0.0004261
           dy -0.0015075 0.0019612-0.0011028-0.0004557-0.0014869-0.0003384
           dz  0.0010391 0.0012823-0.0017630 0.0004370-0.0005673-0.0007212
  24 h     dx  0.0044024-0.0003276-0.0009348 0.0006385 0.0018449-0.0008553
           dy  0.0006180-0.0053425 0.0004422 0.0013456 0.0013776 0.0010298
           dz -0.0008512-0.0002925 0.0048412-0.0007924 0.0014010 0.0010443
  25 h     dx -0.1000251-0.1143363-0.0574585 0.0066800 0.0109835 0.0065860
           dy -0.1123845-0.2745517-0.0858755-0.0145092-0.0164842-0.0111088
           dz -0.0574408-0.0874112-0.0697533 0.0065133 0.0083149 0.0030978
  26 h     dx -0.0002909-0.0015478-0.0056675-0.2382539 0.0304697-0.1520172
           dy  0.0211993 0.0034288 0.0161124 0.0356461-0.0665566 0.0265594
           dz -0.0056072-0.0011797 0.0029111-0.1521402 0.0226548-0.1518844
  27 h     dx  0.0013974-0.0043273-0.0029456 0.0073610-0.0154868 0.0102601
           dy -0.0053008 0.0008056-0.0040435 0.0101202-0.0208242 0.0076558
           dz -0.0029442-0.0033216 0.0030062 0.0103396-0.0118359 0.0016823

   ATOM             21 o                          22 n 
                  dx        dy        dz        dx        dy        dz
  21 o     dx  0.1944506
           dy  0.2530896 0.6200305
           dz  0.1227036 0.1937767 0.1294462
  22 n     dx  0.0013132-0.0014566 0.0015988 0.5390511
           dy  0.0002885-0.0060814 0.0002672 0.0155786 0.8729317
           dz  0.0016081-0.0012239 0.0004414 0.3946566 0.0147188 0.3193668
  23 h     dx -0.0005372 0.0006052 0.0002635-0.1109562-0.1427953-0.0839126
           dy  0.0003524 0.0001695 0.0002308-0.1398757-0.3600352-0.1070690
           dz  0.0002530 0.0004617-0.0006411-0.0839697-0.1093998-0.0666728
  24 h     dx -0.0006893-0.0012335-0.0007155-0.2768656 0.0049766-0.2100892
           dy -0.0004701 0.0000966-0.0003537 0.0081559-0.0752671 0.0057492
           dz -0.0006981-0.0009532-0.0003080-0.2101967 0.0032885-0.1569660
  25 h     dx  0.0004606-0.0000940 0.0008034 0.0007700-0.0002256 0.0016009
           dy -0.0000987 0.0003686-0.0001034 0.0001390 0.0007006 0.0001403
           dz  0.0007960-0.0000685 0.0000429 0.0016161-0.0001628-0.0001320
  26 h     dx -0.0009285-0.0001211-0.0004572-0.0004442-0.0001644 0.0002901
           dy -0.0018955-0.0008117-0.0014556 0.0012655 0.0009732 0.0009670
           dz -0.0004694-0.0000964-0.0006623 0.0003008-0.0001218-0.0005878
  27 h     dx  0.0013341-0.0020696 0.0033980 0.0005480-0.0003155 0.0008528
           dy -0.0012855-0.0030507-0.0010032-0.0008921 0.0014719-0.0006506
           dz  0.0034041-0.0015704-0.0005766 0.0008428-0.0002382 0.0001081

   ATOM             23 h                          24 h 
                  dx        dy        dz        dx        dy        dz
  23 h     dx  0.1077596
           dy  0.1469535 0.3754022
           dz  0.0775590 0.1125767 0.0669581
  24 h     dx -0.0035119 0.0045348-0.0005653 0.2857221
           dy -0.0220232 0.0079146-0.0167024-0.0120175 0.0682033
           dz -0.0007151 0.0034931-0.0032697 0.2132324-0.0087354 0.1640414
  25 h     dx -0.0003906 0.0005839-0.0010453-0.0001811 0.0001328 0.0004125
           dy  0.0000946 0.0002967 0.0000743-0.0000751 0.0000497-0.0000541
           dz -0.0010472 0.0004444 0.0001854 0.0004028 0.0001045-0.0004108
  26 h     dx  0.0000561-0.0000023-0.0001058-0.0002934 0.0000615 0.0004028
           dy -0.0000391 0.0000839-0.0000288 0.0000929-0.0004072 0.0000723
           dz -0.0001055-0.0000017 0.0001152 0.0003958 0.0000495-0.0005174
  27 h     dx -0.0000276 0.0001582 0.0000361-0.0001371-0.0001221-0.0000637
           dy -0.0001317-0.0001554-0.0000976 0.0002222 0.0000258 0.0001706
           dz  0.0000337 0.0001182-0.0000421-0.0000668-0.0000928-0.0001025

   ATOM             25 h                          26 h 
                  dx        dy        dz        dx        dy        dz
  25 h     dx  0.1000533
           dy  0.1182992 0.2856816
           dz  0.0609318 0.0904902 0.0678448
  26 h     dx -0.0013810-0.0000815 0.0026013 0.2430081
           dy -0.0002613 0.0008293-0.0001809-0.0296673 0.0674207
           dz  0.0025941-0.0000423-0.0028106 0.1676112-0.0219957 0.1481140
  27 h     dx  0.0010500-0.0007402-0.0005066-0.0006592-0.0002557 0.0014499
           dy  0.0004956-0.0004322 0.0003718 0.0000901 0.0011623 0.0000807
           dz -0.0005033-0.0005722 0.0013269 0.0014578-0.0001822-0.0014566

   ATOM             27 h 
                  dx        dy        dz
  27 h     dx  0.0926304
           dy -0.1266492 0.3944096
           dz  0.0585576-0.0946624 0.0602554
 

   *** projected hessian written onto $hessian (projected), file=<hessian> ***

 dipole moment in principle axis system (a.u.) :
    -0.6359251245    -6.1376154267     2.2170023806
 norm :   6.55666252334887     

 rotational constants b for rotations around axis of inertia
 and optical intensities for (1 <-- 0) transition

   b   :     0.0333192278     0.0073481859     0.0060204439   (cm**(-1))
   b   :         998.8853         220.2931         180.4884     (MHz)
  int. :     0.4044007639    37.6703231258     4.9150995554     (a.u.)

   x   :     0.7916745648     0.0773506010    -0.6060266232
   y   :    -0.0994708257     0.9950361349    -0.0029402663
   z   :     0.6027909574     0.0626097026     0.7954389272

   ***  normal modes written onto $vibrational normal modes, file=<control>  ***

  Keyword $vibrational reduced masses missing in file <control>


   ***  vibrational spectroscopic data written onto$vibrational spectrum   
        file=<control>  ***

          ---------------------------------------------------
          NORMAL MODES and VIBRATIONAL FREQUENCIES (cm**(-1))
          ---------------------------------------------------

 imaginary wave numbers indicate a negative curvature of the energy surface.
 zero frequency modes have no physical meaning except being generators of
 translations and rotations. each vibrational normal mode - given in terms of
 cartesian displacement vectors of all atoms - has been normalized to unity.
 to obtain mass-weigthed normal coordinates in a.u. divide the tabulated
 modes by sqrt(reduced mass * 1822.88853).
 band intensities or cross sections refer to independent non-degenerate normal
 modes, that is, the intensities of degenerate modes have yet to be added.
 dDIP/dQ is the normal mode derivative of the dipole moment.

 WARNING: values of IR intensities are questionable for saddle point structures


       mode               1        2        3        4        5        6

     frequency        i181.86   i78.09   i42.76   i13.61     0.00     0.00

     symmetry            a        a        a        a                     

        IR               YES      YES      YES      YES       -        - 
|dDIP/dQ|   (a.u.)     0.0000   0.0000   0.0000   0.0000   0.0000   0.0000
intensity (km/mol)       0.00     0.00     0.00     0.00     0.00     0.00
intensity (  %   )       0.00     0.00     0.00     0.00     0.00     0.00
 
       RAMAN             YES      YES      YES      YES       -        - 
 
  1   ag          x  -0.00054 -0.02498  0.01884 -0.05276  0.05641  0.03518
                  y  -0.00049  0.00841  0.10553  0.01555 -0.05739 -0.03773
                  z   0.00124  0.03364 -0.00803  0.07177 -0.04745 -0.07140
  2   n           x  -0.00578  0.00791 -0.12039  0.12874  0.14695  0.07808
                  y   0.00017 -0.00838 -0.09671 -0.01231  0.04256 -0.06635
                  z   0.00945 -0.03147 -0.04750 -0.19809 -0.07097 -0.15534
  3   c           x  -0.01472 -0.04727 -0.07978  0.06149  0.11598  0.07732
                  y  -0.00008  0.00086  0.00393  0.00119  0.00554 -0.05567
                  z   0.02091  0.04713 -0.04619 -0.10181 -0.04880 -0.14898
  4   n           x  -0.03193 -0.00311 -0.00301 -0.00601  0.10177  0.02347
                  y  -0.00057  0.00280  0.01862  0.00312 -0.00055 -0.05420
                  z   0.04506  0.00357  0.01282  0.00879 -0.09295 -0.06010
  5   c           x  -0.00321  0.05037  0.05147 -0.02727  0.11715 -0.02480
                  y   0.00016 -0.00469 -0.05781 -0.00805  0.02775 -0.06264
                  z   0.00846 -0.05659  0.05206  0.05234 -0.15335  0.01490
  6   c           x   0.04308  0.08087  0.02567  0.02300  0.14905 -0.02298
                  y   0.00095 -0.01448 -0.15963 -0.02201  0.06568 -0.07359
                  z  -0.05361 -0.10152  0.03300 -0.02126 -0.17513  0.00669
  7   c           x   0.02563  0.06785 -0.06260  0.10369  0.16304  0.02970
                  y   0.00030 -0.01579 -0.17532 -0.02357  0.07174 -0.07505
                  z  -0.03212 -0.09937 -0.01348 -0.14956 -0.13202 -0.08027
  8   o           x  -0.01087 -0.12861 -0.11921  0.07005  0.10218  0.12193
                  y  -0.00005  0.00780  0.06941  0.01039 -0.02011 -0.04803
                  z   0.01562  0.14306 -0.09640 -0.12727  0.00672 -0.21837
  9   n           x   0.03715  0.05570  0.13802 -0.10451  0.10196 -0.07523
                  y  -0.00187 -0.00146 -0.03618 -0.00473  0.01979 -0.06061
                  z  -0.06225 -0.03947  0.10538  0.18241 -0.19331  0.09846
 10   h           x  -0.28605  0.26032  0.15569 -0.02433  0.11279 -0.11260
                  y   0.01721 -0.01659 -0.09756 -0.01843  0.04041 -0.06678
                  z   0.33101 -0.28380  0.17783  0.09874 -0.23927  0.15670
 11   h           x  -0.54493  0.19655  0.10670 -0.01557  0.07932 -0.07665
                  y  -0.03425  0.01775  0.03963  0.01322 -0.00710 -0.05286
                  z   0.69164 -0.21561  0.18820  0.07426 -0.17797  0.10449
 12   h           x   0.06587  0.12816  0.07400  0.00141  0.16166 -0.06184
                  y   0.00054 -0.02100 -0.22344 -0.03060  0.08874 -0.08046
                  z  -0.08296 -0.15411  0.06004  0.01920 -0.22393  0.06704
 13   h           x   0.03077  0.10593 -0.09650  0.16084  0.18718  0.03579
                  y   0.00014 -0.02218 -0.25142 -0.03300  0.09948 -0.08304
                  z  -0.03900 -0.15437 -0.02372 -0.23193 -0.14371 -0.09405
 14   h           x  -0.00630 -0.01186 -0.18310  0.17876  0.15722  0.11769
                  y   0.00019 -0.00954 -0.10800 -0.01356  0.04682 -0.06738
                  z   0.01066 -0.01731 -0.08765 -0.28057 -0.03836 -0.22069
 15   n           x   0.00908  0.00481 -0.09176  0.14907 -0.03745  0.03472
                  y   0.00111 -0.01179 -0.12805 -0.01727 -0.16998 -0.00522
                  z  -0.01144 -0.02015 -0.02279 -0.21427  0.02162 -0.05511
 16   c           x   0.00239 -0.05172 -0.06319  0.05889 -0.00787  0.01830
                  y   0.00061 -0.00104 -0.01728 -0.00438 -0.13113 -0.01652
                  z  -0.00256  0.05508 -0.05647 -0.09471 -0.01697 -0.03362
 17   n           x   0.00188 -0.05537  0.03031 -0.03363  0.01345  0.06290
                  y   0.00040  0.00328  0.02786  0.00078 -0.11462 -0.02106
                  z  -0.00249  0.07536 -0.01913  0.04616  0.01253 -0.10883
 18   c           x   0.00259  0.03084  0.08923 -0.06387  0.00613  0.11816
                  y   0.00069 -0.00225 -0.02906 -0.00629 -0.13467 -0.01502
                  z  -0.00425 -0.02244  0.04961  0.10369  0.07409 -0.19642
 19   c           x   0.00644  0.13163  0.05582  0.00227 -0.02442  0.13380
                  y   0.00120 -0.01274 -0.14011 -0.01952 -0.17454 -0.00345
                  z  -0.00933 -0.15616  0.08977  0.01560  0.11263 -0.21650
 20   c           x   0.01009  0.10552 -0.03580  0.11749 -0.04548  0.09038
                  y   0.00141 -0.01742 -0.18634 -0.02443 -0.19098  0.00109
                  z  -0.01345 -0.13741  0.05137 -0.15469  0.08413 -0.14324
 21   o           x  -0.00346 -0.09072 -0.12726  0.07137 -0.00125 -0.03212
                  y   0.00042  0.00404  0.03474  0.00211 -0.11289 -0.02204
                  z   0.00551  0.09194 -0.11472 -0.12862 -0.07310  0.04631
 22   n           x  -0.00024  0.06473  0.17214 -0.16446  0.02806  0.15865
                  y   0.00039  0.00267  0.02132 -0.00050 -0.11660 -0.02004
                  z  -0.00140 -0.05276  0.09109  0.25450  0.09899 -0.26514
 23   h           x  -0.00020 -0.00358  0.23131 -0.11707  0.02311  0.20066
                  y   0.00062 -0.00053 -0.01711 -0.00568 -0.13111 -0.01564
                  z  -0.00209  0.04510  0.12109  0.20726  0.14532 -0.33182
 24   h           x  -0.00982 -0.31821  0.22990 -0.05516  0.04992  0.14811
                  y  -0.00019  0.00592  0.09117  0.00970 -0.08820 -0.02827
                  z   0.01123  0.45524  0.02244  0.11067  0.07206 -0.25180
 25   h           x   0.00697  0.20805  0.10347 -0.01879 -0.03066  0.17831
                  y   0.00139 -0.01761 -0.18771 -0.02529 -0.19111  0.00154
                  z  -0.01050 -0.24337  0.14911  0.05782  0.16247 -0.28700
 26   h           x   0.01433  0.16579 -0.07245  0.20527 -0.06928  0.09777
                  y   0.00183 -0.02517 -0.27007 -0.03360 -0.22105  0.00980
                  z  -0.01897 -0.21864  0.08287 -0.27255  0.10926 -0.15116
 27   h           x   0.01177 -0.00035 -0.16541  0.22840 -0.05308  0.00204
                  y   0.00131 -0.01524 -0.16265 -0.02053 -0.18208 -0.00189
                  z  -0.01433 -0.02554 -0.04816 -0.33156  0.00000  0.00000

reduced mass(g/mol)     1.211    3.632    6.578    7.264    7.707    7.400


       mode               7        8        9       10       11       12

     frequency           0.00     0.00     0.00     0.00    36.95    83.84

     symmetry                                                a        a   

        IR                -        -        -        -       YES      YES
|dDIP/dQ|   (a.u.)     0.0000   0.0000   0.0000   0.0000   0.0020   0.0003
intensity (km/mol)       0.00     0.00     0.00     0.00     7.22     0.12
intensity (  %   )       0.00     0.00     0.00     0.00     1.03     0.02
 
       RAMAN              -        -        -        -       YES      YES
 
  1   ag          x   0.15279 -0.01226 -0.06346  0.00760  0.01729 -0.10436
                  y   0.08756 -0.08651  0.08626  0.00032  0.00586  0.00164
                  z   0.05235  0.08816 -0.02219 -0.08873 -0.02045  0.13677
  2   n           x   0.13424  0.00020  0.04887 -0.13627 -0.05720 -0.07421
                  y   0.10695  0.00119  0.21567  0.04374 -0.00761  0.00064
                  z   0.09536  0.15576 -0.04620  0.14239  0.06879  0.09255
  3   c           x   0.14288  0.00905  0.02826 -0.09609  0.06583  0.03584
                  y   0.09977 -0.03124  0.16782  0.02759 -0.00423  0.00686
                  z   0.08039  0.12786 -0.04307  0.08145 -0.09265 -0.05005
  4   n           x   0.13800 -0.03733 -0.04970 -0.04291  0.09402  0.01065
                  y   0.09857 -0.03677  0.15963  0.02519 -0.00424  0.00711
                  z   0.07450  0.13341 -0.02207 -0.01621 -0.12392 -0.00963
  5   c           x   0.12566 -0.08759 -0.10177 -0.03127  0.04574  0.08782
                  y   0.10403 -0.01218  0.19591  0.03778 -0.00549  0.00278
                  z   0.08282  0.16395 -0.00583 -0.04935 -0.05759 -0.10361
  6   c           x   0.11692 -0.09574 -0.07922 -0.07333 -0.07667  0.06742
                  y   0.11138  0.02104  0.24491  0.05434 -0.00849 -0.00260
                  z   0.09821  0.19232 -0.00942  0.01475  0.10200 -0.07931
  7   c           x   0.12167 -0.05039 -0.00289 -0.12547 -0.13793 -0.03895
                  y   0.11258  0.02656  0.25307  0.05673 -0.00950 -0.00397
                  z   0.10402  0.18698 -0.02998  0.11049  0.17711  0.05212
  8   o           x   0.15417  0.05538  0.07665 -0.10739  0.12863  0.13903
                  y   0.09482 -0.05354  0.13494  0.01618 -0.00307  0.00851
                  z   0.07291  0.10002 -0.05812  0.11289 -0.17702 -0.18810
  9   n           x   0.12162 -0.13045 -0.17598  0.02095  0.13584  0.18560
                  y   0.10247 -0.01934  0.18532  0.03455 -0.00660  0.00432
                  z   0.07639  0.16744  0.01402 -0.14447 -0.18567 -0.22396
 10   h           x   0.11237 -0.16903 -0.21697  0.03134 -0.18135  0.16515
                  y   0.10645 -0.00143  0.21172  0.04374  0.00704  0.00277
                  z   0.08231  0.19010  0.02669 -0.17221  0.20847 -0.19481
 11   h           x   0.12780 -0.12479 -0.19215  0.05088 -0.03949  0.12553
                  y   0.09725 -0.04290  0.15056  0.02282 -0.02291  0.00502
                  z   0.06547  0.14734  0.01662 -0.19014  0.03779 -0.14383
 12   h           x   0.10692 -0.13628 -0.12099 -0.06425 -0.13876  0.11330
                  y   0.11583  0.04108  0.27446  0.06460 -0.00938 -0.00605
                  z   0.10502  0.21711  0.00363 -0.01149  0.18446 -0.13450
 13   h           x   0.11584 -0.05212  0.02021 -0.16035 -0.26451 -0.10204
                  y   0.11796  0.05086  0.28893  0.06882 -0.01415 -0.00937
                  z   0.11558  0.20683 -0.03442  0.16512  0.34119  0.13167
 14   h           x   0.13788  0.03438  0.10611 -0.17515 -0.09238 -0.09748
                  y   0.10779  0.00507  0.22140  0.04542 -0.00806 -0.00017
                  z   0.09960  0.15151 -0.06163  0.21388  0.11200  0.11511
 15   n           x   0.17930  0.01632 -0.12354  0.12817  0.03506  0.02459
                  y   0.06573 -0.18512 -0.05922 -0.04884 -0.00646 -0.00122
                  z   0.00696  0.00299 -0.01339 -0.27098 -0.05857 -0.02940
 16   c           x   0.16820 -0.00830 -0.12582  0.10094 -0.08369  0.05195
                  y   0.07326 -0.15115 -0.00910 -0.03180  0.00343 -0.00646
                  z   0.02157  0.03552 -0.01010 -0.23513  0.09911 -0.06594
 17   n           x   0.16954  0.02716 -0.05519  0.04465 -0.09995  0.04325
                  y   0.07648 -0.13653  0.01248 -0.02479  0.00728 -0.00807
                  z   0.03106  0.03959 -0.02838 -0.13575  0.13485 -0.06137
 18   c           x   0.18076  0.08152  0.01093  0.01814 -0.05699  0.06067
                  y   0.07261 -0.15391 -0.01315 -0.03378  0.00225 -0.00547
                  z   0.02650  0.01396 -0.04792 -0.07795  0.09130 -0.09102
 19   c           x   0.19200  0.10572  0.01160  0.04712  0.05022  0.00044
                  y   0.06489 -0.18878 -0.06459 -0.05124 -0.00754 -0.00074
                  z   0.01143 -0.01920 -0.05084 -0.11670 -0.05067 -0.01132
 20   c           x   0.19078  0.07129 -0.05735  0.10231  0.10602 -0.01728
                  y   0.06169 -0.20333 -0.08606 -0.05823 -0.01143  0.00126
                  z   0.00205 -0.02344 -0.03302 -0.21403 -0.13812  0.01884
 21   o           x   0.15798 -0.05790 -0.18620  0.12519 -0.15297  0.07683
                  y   0.07677 -0.13535  0.01418 -0.02362  0.00864 -0.00902
                  z   0.02570  0.05885  0.00774 -0.28800  0.17493 -0.09097
 22   n           x   0.18124  0.11293  0.07669 -0.03626 -0.10295  0.10326
                  y   0.07613 -0.13795  0.01042 -0.02606  0.00649 -0.00676
                  z   0.03636  0.01999 -0.06475  0.01725  0.16490 -0.15166
 23   h           x   0.18960  0.15407  0.12735 -0.05719 -0.03584  0.20131
                  y   0.07333 -0.15051 -0.00810 -0.03259  0.00265 -0.00630
                  z   0.03320  0.00106 -0.07967  0.06238  0.08812 -0.28052
 24   h           x   0.17331  0.09623  0.07705 -0.05742 -0.13620  0.36940
                  y   0.08163 -0.11310  0.04708 -0.01364  0.01224 -0.00518
                  z   0.04714  0.04350 -0.06290  0.04583  0.20955 -0.50421
 25   h           x   0.20113  0.14961  0.06464  0.02622  0.10663 -0.01879
                  y   0.06169 -0.20315 -0.08577 -0.05866 -0.01225  0.00153
                  z   0.00759 -0.04016 -0.06655 -0.07081 -0.11218  0.00797
 26   h           x   0.19874  0.08561 -0.06298  0.12801  0.22393 -0.06166
                  y   0.05586 -0.22964 -0.12488 -0.07138 -0.01778  0.00454
                  z  -0.00960 -0.04761 -0.03354 -0.25046 -0.29529  0.07820
 27   h           x   0.17832 -0.00966 -0.17531  0.16942  0.06884  0.01950
                  y   0.06338 -0.19583 -0.07503 -0.05397 -0.00912  0.00027
                  z   0.00000  0.00000  0.00000 -0.34381 -0.11308 -0.01732

reduced mass(g/mol)    11.751    8.727    8.267    8.418    6.287    7.654


       mode              13       14       15       16       17       18

     frequency          92.86   122.21   131.53   138.56   152.83   185.67

     symmetry            a        a        a        a        a        a   

        IR               YES      YES      YES      YES      YES      YES
|dDIP/dQ|   (a.u.)     0.0005   0.0054   0.0019   0.0007   0.0014   0.0041
intensity (km/mol)       0.42    51.85     6.10     0.83     3.36    30.15
intensity (  %   )       0.06     7.39     0.87     0.12     0.48     4.30
 
       RAMAN             YES      YES      YES      YES      YES      YES
 
  1   ag          x   0.00046  0.00965  0.01226 -0.01401  0.01088 -0.00317
                  y   0.02698 -0.01394  0.16814 -0.00511  0.12980 -0.00107
                  z  -0.01364 -0.01419  0.00868  0.02041  0.00827  0.00590
  2   n           x  -0.06798 -0.07655 -0.04871  0.17889  0.18871  0.04387
                  y   0.02925  0.00258 -0.03912  0.00043 -0.05137  0.00070
                  z  -0.03049  0.11873 -0.02734 -0.23585  0.13396 -0.06492
  3   c           x  -0.03258 -0.02647 -0.07451  0.01966  0.14865 -0.02199
                  y   0.13316  0.00259 -0.12137  0.00618 -0.12704  0.00054
                  z  -0.01970  0.05250 -0.04215 -0.02157  0.11668  0.02274
  4   n           x   0.03875 -0.03692 -0.10093  0.05305  0.07002 -0.05966
                  y   0.14641  0.00211 -0.12384  0.00719 -0.12678  0.00053
                  z   0.03277  0.05983 -0.06870 -0.05593  0.05841  0.07436
  5   c           x   0.09560  0.01385 -0.14487  0.00561  0.06940 -0.01560
                  y   0.06734  0.00134 -0.06310  0.00329 -0.11297  0.00123
                  z   0.07399 -0.00486 -0.11462  0.01243  0.05449  0.01485
  6   c           x   0.07638  0.09908 -0.12380 -0.13821  0.08989 -0.03182
                  y  -0.03684  0.00228  0.01521 -0.00410 -0.03409  0.00070
                  z   0.04992 -0.11593 -0.11373  0.19896  0.07459  0.03569
  7   c           x  -0.00636  0.04100 -0.07933 -0.01416  0.15862  0.01078
                  y  -0.05174  0.00258  0.02274 -0.00438 -0.01807  0.00082
                  z  -0.00002 -0.03572 -0.07403  0.02493  0.11864 -0.02149
  8   o           x  -0.07800  0.02454 -0.03564 -0.13683  0.21497 -0.02588
                  y   0.19875  0.00056 -0.17277  0.01415 -0.21016  0.00194
                  z  -0.06222 -0.01153 -0.00719  0.17129  0.17130  0.02564
  9   n           x   0.18250 -0.03762 -0.23909  0.12804  0.06465  0.05981
                  y   0.09226  0.00307 -0.08561  0.00359 -0.11365  0.00152
                  z   0.14827  0.07747 -0.17681 -0.14790  0.04171 -0.08506
 10   h           x   0.23846  0.21706 -0.25659 -0.16869  0.06353  0.08465
                  y   0.02068 -0.01056 -0.01449  0.01258 -0.10976  0.00134
                  z   0.18542 -0.23478 -0.26398  0.22660  0.03660 -0.11728
 11   h           x   0.18512  0.08716 -0.22269  0.02551  0.07106  0.06550
                  y   0.17472  0.01930 -0.16843 -0.00608 -0.10878  0.00149
                  z   0.18990 -0.07893 -0.24414 -0.01734  0.03892 -0.09263
 12   h           x   0.12615  0.19172 -0.14154 -0.29007  0.04251 -0.04562
                  y  -0.10062  0.00266  0.05408 -0.00651  0.02881  0.00017
                  z   0.07502 -0.23765 -0.14591  0.40115  0.04732  0.05449
 13   h           x  -0.03484  0.08190 -0.05154 -0.05312  0.17664  0.03327
                  y  -0.12836  0.00422  0.07795 -0.01029  0.02892  0.00113
                  z  -0.01786 -0.08867 -0.07069  0.07222  0.12924 -0.05103
 14   h           x  -0.13317 -0.08602  0.00120  0.19200  0.21771  0.07719
                  y   0.01775  0.00241 -0.02975 -0.00003 -0.04626  0.00094
                  z  -0.07414  0.12966  0.01225 -0.25907  0.15106 -0.10782
 15   n           x   0.06028  0.12181  0.17209  0.10452 -0.13561 -0.09553
                  y  -0.01449  0.00343 -0.02350 -0.00088 -0.02408 -0.00055
                  z   0.03421 -0.18763  0.05254 -0.14991 -0.08491  0.13095
 16   c           x   0.04300 -0.01482  0.12305  0.01164 -0.12380  0.01825
                  y  -0.14239  0.01365 -0.11167  0.00157 -0.04441  0.00010
                  z   0.04726 -0.00459  0.09382 -0.02601 -0.09277 -0.01954
 17   n           x  -0.03075  0.06801  0.07081  0.04406 -0.09518  0.15724
                  y  -0.18150  0.01699 -0.13183  0.00272 -0.03509  0.00061
                  z  -0.01993 -0.09736  0.01816 -0.06302 -0.07592 -0.20229
 18   c           x  -0.10608 -0.00141  0.04207  0.00564 -0.13649  0.06745
                  y  -0.12249  0.01414 -0.11595  0.00261 -0.01122  0.00036
                  z  -0.07106 -0.00233  0.02896 -0.01452 -0.10857 -0.08446
 19   c           x  -0.10485 -0.09831  0.01326 -0.10033 -0.13626  0.11759
                  y  -0.00252  0.00377 -0.03643 -0.00050 -0.00012  0.00037
                  z  -0.07423  0.12586  0.06882  0.12528 -0.12175 -0.14988
 20   c           x  -0.01551  0.00943  0.10029 -0.02144 -0.14688  0.01724
                  y   0.04654  0.00010  0.00008 -0.00136 -0.00498 -0.00015
                  z  -0.02412 -0.02982  0.07123  0.01733 -0.11395 -0.01753
 21   o           x   0.11552 -0.18414  0.17645 -0.08184 -0.13066 -0.04414
                  y  -0.20317  0.02146 -0.17488  0.00473 -0.03542 -0.00020
                  z   0.12768  0.19301  0.21604  0.08653 -0.10426  0.06274
 22   n           x  -0.18256 -0.01393  0.03419  0.06394 -0.19093 -0.19041
                  y  -0.16992  0.01597 -0.12252  0.00263 -0.04254 -0.00050
                  z  -0.11775  0.02088  0.00962 -0.09138 -0.13603  0.25519
 23   h           x  -0.22209  0.08903  0.04106  0.03862 -0.21881  0.11138
                  y  -0.13484  0.01395 -0.11797  0.00310 -0.01864 -0.00282
                  z  -0.16206 -0.10763 -0.01222 -0.05967 -0.16513 -0.13131
 24   h           x  -0.16645  0.35899  0.10823  0.16323 -0.19083  0.39538
                  y  -0.21500  0.02023 -0.11765  0.00249 -0.08572  0.00672
                  z  -0.14405 -0.47332 -0.08428 -0.22316 -0.14390 -0.52054
 25   h           x  -0.17108 -0.18608 -0.06602 -0.19444 -0.12292  0.17992
                  y   0.04968 -0.00083  0.00418 -0.00169 -0.00513  0.00010
                  z  -0.12159  0.25220  0.06748  0.25107 -0.12658 -0.23037
 26   h           x   0.00199  0.01769  0.10432 -0.05099 -0.14417  0.00273
                  y   0.13561 -0.00619  0.05071 -0.00316  0.00795 -0.00001
                  z  -0.02908 -0.04204  0.07642  0.05601 -0.11498  0.00171
 27   h           x   0.12821  0.11861  0.20155  0.11280 -0.11516 -0.20593
                  y   0.02319  0.00137 -0.00753 -0.00095 -0.01072 -0.00184
                  z   0.07931 -0.19083  0.07043 -0.16122 -0.06388  0.27345

reduced mass(g/mol)     7.020    4.042   10.702    5.371   10.404    4.562


       mode              19       20       21       22       23       24

     frequency         217.42   243.49   246.47   357.37   379.89   397.39

     symmetry            a        a        a        a        a        a   

        IR               YES      YES      YES      YES      YES      YES
|dDIP/dQ|   (a.u.)     0.0011   0.0083   0.0033   0.0005   0.0011   0.0020
intensity (km/mol)       2.03   123.33    18.93     0.42     2.07     6.97
intensity (  %   )       0.29    17.58     2.70     0.06     0.29     0.99
 
       RAMAN             YES      YES      YES      YES      YES      YES
 
  1   ag          x   0.00875 -0.01280  0.16958 -0.00324  0.01313  0.02880
                  y   0.00005  0.00194 -0.01456  0.00051 -0.00311 -0.00742
                  z  -0.01978 -0.03176  0.11267 -0.00131  0.01073  0.01916
  2   n           x   0.03324  0.02424 -0.07337 -0.04295 -0.05314 -0.02154
                  y   0.00193  0.00249 -0.01605 -0.00487  0.04603  0.01139
                  z  -0.04196 -0.00848 -0.06830  0.06417 -0.01455 -0.00687
  3   c           x  -0.04189 -0.01327 -0.08090 -0.00508 -0.05087 -0.01916
                  y   0.00044 -0.00030 -0.00131  0.00407 -0.02748 -0.01507
                  z   0.05611  0.03606 -0.02492  0.01646 -0.03353 -0.01015
  4   n           x  -0.20976 -0.04682 -0.03056  0.01921 -0.08614 -0.02354
                  y  -0.00015  0.00001 -0.00353  0.00103  0.00544 -0.00305
                  z   0.27117  0.05692  0.06451 -0.00463 -0.08370 -0.02306
  5   c           x  -0.07065 -0.01209 -0.05789 -0.02817 -0.10143 -0.03913
                  y  -0.00129 -0.00687  0.04581 -0.00088  0.01506  0.01174
                  z   0.09139  0.02679 -0.01006  0.06032 -0.05531 -0.01976
  6   c           x  -0.05345 -0.00548 -0.06283 -0.01383 -0.11321 -0.04680
                  y  -0.00039 -0.00391  0.02750 -0.00455  0.03062  0.01565
                  z   0.06914  0.02191 -0.02968  0.04213 -0.06529 -0.02343
  7   c           x   0.02002  0.02819 -0.07774  0.06600 -0.04600 -0.02280
                  y   0.00078 -0.00135  0.01192 -0.00732  0.05703  0.02400
                  z  -0.02411 -0.01049 -0.08680 -0.07381 -0.06782 -0.03029
  8   o           x   0.09883  0.00501 -0.12826  0.00108  0.05542  0.01331
                  y  -0.00410 -0.01290  0.08381  0.01636 -0.17282 -0.05696
                  z  -0.12170  0.03162 -0.09455 -0.00994  0.04175  0.00642
  9   n           x   0.10400  0.04317 -0.13478  0.01335  0.17139  0.05437
                  y   0.00164 -0.00209  0.01683 -0.00867  0.08869  0.03746
                  z  -0.12354 -0.01095 -0.13407 -0.04816  0.10604  0.03393
 10   h           x   0.27954  0.10466 -0.16241 -0.49178  0.26071  0.12214
                  y  -0.00933 -0.01960  0.12010  0.03242 -0.20864 -0.06872
                  z  -0.33633 -0.06429 -0.25799  0.54926  0.45564  0.11218
 11   h           x   0.11643  0.04946 -0.13578  0.27476  0.28493  0.07741
                  y   0.01336  0.01963 -0.11545 -0.04688  0.46511  0.17131
                  z  -0.13345 -0.00713 -0.20674 -0.41579  0.16010  0.07582
 12   h           x  -0.02946 -0.00375 -0.01979  0.12738 -0.10700 -0.04568
                  y   0.00069  0.00230 -0.01497 -0.01129  0.06460  0.02267
                  z   0.03617  0.01087 -0.02602 -0.13316 -0.12314 -0.03538
 13   h           x   0.10181  0.06014 -0.04670  0.23546  0.00945 -0.00080
                  y   0.00288 -0.00008  0.01071 -0.00734  0.08930  0.03913
                  z  -0.13081 -0.05181 -0.12897 -0.29779 -0.12016 -0.04945
 14   h           x   0.15580  0.04643 -0.02567  0.00889 -0.02479 -0.00217
                  y   0.00247  0.00210 -0.01202 -0.00517  0.04913  0.01358
                  z  -0.20366 -0.04389 -0.08328 -0.00951 -0.02409 -0.00916
 15   n           x   0.02010 -0.00359 -0.07520  0.00070  0.02005  0.00789
                  y   0.00100  0.00571 -0.03733  0.00113 -0.01902  0.02564
                  z  -0.02168  0.02399 -0.03927 -0.00248  0.01984 -0.11230
 16   c           x   0.00265 -0.02896 -0.07950 -0.00023  0.01895 -0.02841
                  y   0.00079  0.00397 -0.02811 -0.00017  0.01046 -0.03267
                  z   0.00068  0.05424 -0.00951 -0.00126  0.01439 -0.04122
 17   n           x   0.00049 -0.11215 -0.05839 -0.00148  0.04782 -0.11071
                  y   0.00028  0.00076 -0.00866 -0.00034  0.00721 -0.01629
                  z   0.00039  0.14080  0.10890 -0.00397  0.03552  0.00025
 18   c           x  -0.01134 -0.02529 -0.07980  0.00007  0.03320 -0.03273
                  y  -0.00068 -0.00434  0.02765 -0.00092  0.00855 -0.00322
                  z   0.01995  0.04840 -0.01245 -0.00289  0.02770 -0.10344
 19   c           x  -0.02018  0.00180 -0.06995  0.00012  0.03914 -0.03443
                  y  -0.00029 -0.00286  0.01687 -0.00066  0.00529 -0.00037
                  z   0.03176  0.01518 -0.04196 -0.00326  0.03209 -0.13312
 20   c           x  -0.00721  0.04674 -0.06907  0.00018  0.02777 -0.13269
                  y   0.00017  0.00147 -0.00764  0.00044 -0.01319  0.02687
                  z   0.01561 -0.03466 -0.09867 -0.00125  0.01587  0.03489
 21   o           x  -0.00773  0.05744 -0.10926  0.00177 -0.04541  0.05926
                  y  -0.00035 -0.00513  0.03017 -0.00290  0.05989 -0.11394
                  z   0.01739 -0.03273 -0.13529  0.00366 -0.03536  0.05947
 22   n           x   0.03566  0.03107 -0.14481  0.00496 -0.06759  0.08069
                  y  -0.00014  0.00806 -0.03721  0.00294 -0.06491  0.12775
                  z  -0.04046  0.01117 -0.12680  0.00218 -0.05528  0.12587
 23   h           x  -0.19556  0.36276 -0.04606  0.00830 -0.20688  0.56465
                  y   0.00116 -0.00604  0.02481 -0.00140  0.02089 -0.03103
                  z   0.25695 -0.38162 -0.42697  0.01004 -0.11580 -0.05599
 24   h           x  -0.35943  0.47805  0.11731  0.00196 -0.05870  0.01770
                  y  -0.00454  0.03508 -0.14501  0.01074 -0.21786  0.40588
                  z   0.48289 -0.57863 -0.48559  0.00678 -0.07836  0.22955
 25   h           x  -0.04939  0.05545  0.00225 -0.00164  0.06180 -0.14710
                  y   0.00044  0.00080 -0.00917  0.00024 -0.00746  0.01504
                  z   0.06795 -0.06409 -0.06939 -0.00331  0.03623 -0.02756
 26   h           x  -0.02598  0.14334 -0.00317 -0.00138  0.03511 -0.32355
                  y  -0.00035  0.00209 -0.00197  0.00069 -0.02173  0.04529
                  z   0.04033 -0.16224 -0.18488  0.00082  0.00528  0.28906
 27   h           x   0.01928  0.07147  0.01119 -0.00165  0.02492 -0.07463
                  y   0.00059  0.00393 -0.01892  0.00081 -0.01838  0.03181
                  z  -0.02207 -0.08265 -0.08671 -0.00055  0.01674  0.01828

reduced mass(g/mol)     3.706    1.924    8.646    1.315    3.341    3.104


       mode              25       26       27       28       29       30

     frequency         400.54   447.53   485.29   533.29   535.05   545.94

     symmetry            a        a        a        a        a        a   

        IR               YES      YES      YES      YES      YES      YES
|dDIP/dQ|   (a.u.)     0.0013   0.0017   0.0031   0.0007   0.0031   0.0013
intensity (km/mol)       3.03     4.95    17.29     0.96    16.88     2.93
intensity (  %   )       0.43     0.71     2.46     0.14     2.41     0.42
 
       RAMAN             YES      YES      YES      YES      YES      YES
 
  1   ag          x   0.01281  0.00311 -0.00181  0.00081  0.00015 -0.00756
                  y  -0.00425 -0.00015  0.00021 -0.00049 -0.00254  0.00555
                  z   0.01465 -0.00318  0.00144  0.00052  0.00021 -0.00575
  2   n           x  -0.00747  0.07065 -0.00388 -0.07519 -0.07352  0.13437
                  y   0.00544  0.00265  0.00020 -0.01336 -0.03529 -0.35168
                  z  -0.00856 -0.09696  0.00510 -0.06089 -0.05975  0.09960
  3   c           x  -0.00606  0.01806  0.00103 -0.01720 -0.00789  0.18225
                  y  -0.00812 -0.00041  0.00044  0.09650  0.09989 -0.10450
                  z  -0.01013 -0.02762 -0.00137 -0.00887 -0.00218  0.13083
  4   n           x  -0.01143 -0.09254  0.00507  0.00527  0.00886  0.06303
                  y  -0.00191  0.00037  0.00036  0.10812  0.11573 -0.03741
                  z  -0.01174  0.11627 -0.00685  0.00343  0.00592  0.05174
  5   c           x  -0.01496  0.04002 -0.00110  0.05298  0.05000 -0.12225
                  y   0.00629  0.00005 -0.00006  0.10062  0.11936  0.16822
                  z  -0.01682 -0.05512  0.00194  0.03743  0.03512 -0.08949
  6   c           x  -0.01743  0.10085 -0.00434  0.01995  0.01055 -0.18764
                  y   0.00819  0.00188 -0.00026 -0.08876 -0.10337 -0.09591
                  z  -0.02094 -0.13572  0.00631  0.01665  0.00976 -0.14575
  7   c           x  -0.01851 -0.09524  0.00321 -0.05720 -0.06377 -0.03922
                  y   0.01235  0.00157 -0.00028 -0.12990 -0.14781 -0.09070
                  z  -0.00739  0.12106 -0.00374 -0.04362 -0.04841 -0.02280
  8   o           x   0.00387 -0.01137  0.00359  0.14191  0.15393  0.00728
                  y  -0.02909 -0.00575 -0.00001 -0.12280 -0.11853  0.16525
                  z   0.00621  0.01857 -0.00400  0.10833  0.11707  0.00682
  9   n           x   0.02621 -0.01423 -0.00036 -0.05997 -0.06475 -0.02170
                  y   0.01944  0.00117 -0.00025  0.09164  0.11562  0.25120
                  z   0.01947  0.02883 -0.00028 -0.04062 -0.04406 -0.01963
 10   h           x   0.02973 -0.37739  0.00990 -0.16623 -0.17268  0.09327
                  y  -0.03451  0.00101  0.00043  0.25924  0.28652  0.08692
                  z   0.09978  0.50498 -0.01480 -0.16028 -0.16623  0.09455
 11   h           x   0.05272  0.27110 -0.01107 -0.10859 -0.11546  0.02165
                  y   0.08829  0.01382 -0.00150 -0.11555 -0.09666  0.46905
                  z   0.02155 -0.34281  0.01326 -0.09100 -0.09524  0.03581
 12   h           x  -0.01785  0.10303 -0.00484  0.11335  0.11758 -0.09438
                  y   0.01153  0.00321 -0.00028 -0.22240 -0.25523 -0.20844
                  z  -0.02539 -0.14060  0.00700  0.08387  0.08512 -0.10559
 13   h           x  -0.02313 -0.31465  0.01086 -0.08285 -0.08457  0.07749
                  y   0.01988 -0.00436 -0.00038 -0.19592 -0.20079  0.22830
                  z   0.00363  0.40699 -0.01392 -0.05744 -0.05926  0.05206
 14   h           x  -0.00714 -0.06065  0.00009 -0.21082 -0.22098  0.15756
                  y   0.00657  0.00204  0.00014 -0.03869 -0.06280 -0.34960
                  z   0.00357  0.07532 -0.00097 -0.16016 -0.16720  0.12543
 15   n           x  -0.11596  0.00319 -0.02432  0.04192 -0.03313 -0.02775
                  y   0.01485 -0.00023 -0.00074  0.09058 -0.09722  0.04794
                  z   0.09065 -0.00361  0.04132  0.03282 -0.02653 -0.02079
 16   c           x  -0.03785 -0.00259 -0.01127  0.00761 -0.00043 -0.02883
                  y  -0.01897 -0.00022 -0.00119 -0.08714  0.07866  0.01055
                  z   0.00120  0.00396  0.02114  0.00148  0.00339 -0.02123
 17   n           x   0.02758 -0.00362  0.04787  0.00376  0.00128 -0.01567
                  y  -0.00799 -0.00024 -0.00256 -0.10905  0.10040  0.00061
                  z  -0.12283  0.00577 -0.05681  0.00697 -0.00243 -0.01219
 18   c           x  -0.09736  0.00080 -0.00500 -0.00514 -0.00346  0.02533
                  y  -0.00086 -0.00008 -0.00324 -0.13796  0.13619 -0.02545
                  z   0.04353 -0.00110  0.00659 -0.00405 -0.00239  0.01865
 19   c           x  -0.13066  0.00147 -0.04471 -0.01715  0.00680  0.02764
                  y  -0.00163  0.00017  0.00104  0.10584 -0.10283  0.02085
                  z   0.06770 -0.00194  0.06022 -0.01874  0.00967  0.02184
 20   c           x   0.05942 -0.00037  0.03876  0.02537 -0.03005  0.01188
                  y   0.01518  0.00015  0.00295  0.16979 -0.16140  0.01564
                  z  -0.15989  0.00055 -0.04417  0.02315 -0.02603  0.00826
 21   o           x   0.05067 -0.00066  0.00132 -0.16366  0.14896  0.00361
                  y  -0.06898  0.00053  0.00697  0.03670 -0.02854 -0.01584
                  z   0.01810 -0.00058 -0.01647 -0.12315  0.11228  0.00242
 22   n           x   0.11289 -0.00258 -0.01483  0.10042 -0.09430  0.00959
                  y   0.07747 -0.00037 -0.00575 -0.10076  0.11044 -0.04909
                  z  -0.00763  0.00238  0.01295  0.07364 -0.06952  0.00776
 23   h           x  -0.11845  0.05896  0.50323  0.20123 -0.18046 -0.01397
                  y  -0.01247 -0.00059 -0.00815 -0.20183  0.19633 -0.02988
                  z   0.54781 -0.07715 -0.65524  0.21985 -0.19273 -0.01708
 24   h           x   0.17508 -0.01957 -0.29053  0.12371 -0.11306  0.00752
                  y   0.23777 -0.00041 -0.00575  0.07439 -0.04463 -0.07784
                  z  -0.07854  0.02493  0.37856  0.06103 -0.05968  0.00773
 25   h           x  -0.01240 -0.00751 -0.11837 -0.15547  0.14358  0.00355
                  y   0.00589  0.00020  0.00333  0.21763 -0.21242  0.03839
                  z  -0.10697  0.00971  0.15059 -0.12638  0.11378  0.00750
 26   h           x   0.34738 -0.00645  0.09910  0.02584 -0.02928  0.00676
                  y   0.02957  0.00031  0.00617  0.19319 -0.16927 -0.03515
                  z  -0.53889  0.00862 -0.12324  0.02740 -0.02898  0.00515
 27   h           x   0.03411  0.00446  0.06331  0.18287 -0.16140 -0.03645
                  y   0.02014 -0.00001  0.00201  0.17049 -0.16937  0.04285
                  z  -0.09109 -0.00451 -0.06548  0.12905 -0.11220 -0.02899

reduced mass(g/mol)     2.668    2.146    1.231    4.803    4.924    6.557


       mode              31       32       33       34       35       36

     frequency         549.12   602.58   610.17   660.79   683.30   723.30

     symmetry            a        a        a        a        a        a   

        IR               YES      YES      YES      YES      YES      YES
|dDIP/dQ|   (a.u.)     0.0020   0.0004   0.0014   0.0050   0.0027   0.0035
intensity (km/mol)       7.14     0.35     3.68    43.97    13.29    21.52
intensity (  %   )       1.02     0.05     0.52     6.27     1.89     3.07
 
       RAMAN             YES      YES      YES      YES      YES      YES
 
  1   ag          x  -0.00954 -0.00046  0.03114 -0.00026  0.00000 -0.00005
                  y   0.00567 -0.00204 -0.00207  0.00001  0.00001 -0.00001
                  z  -0.00728 -0.00038  0.02359 -0.00014 -0.00011  0.00011
  2   n           x   0.02665  0.03269  0.01663 -0.00007 -0.04139 -0.00108
                  y  -0.04950  0.05421  0.06681 -0.00009 -0.00225  0.00133
                  z   0.02004  0.02666  0.01432  0.00030  0.05573  0.00041
  3   c           x   0.02869  0.06401  0.05045  0.00031 -0.06616  0.00935
                  y  -0.01890  0.20156  0.19407 -0.00020 -0.00216  0.00226
                  z   0.02047  0.04910  0.03944 -0.00041  0.08706 -0.01189
  4   n           x   0.00355 -0.17184 -0.15591  0.00012 -0.01295  0.02595
                  y  -0.00969  0.07430  0.06789 -0.00001 -0.00003  0.00042
                  z   0.00347 -0.12886 -0.11690  0.00005  0.01863 -0.03570
  5   c           x  -0.02231 -0.11339 -0.10465 -0.00007  0.11843 -0.04690
                  y   0.01279 -0.13069 -0.12397  0.00017  0.00221 -0.00199
                  z  -0.01634 -0.09088 -0.08419  0.00029 -0.15591  0.06200
  6   c           x  -0.02892 -0.11761 -0.11118 -0.00002 -0.00177  0.01377
                  y  -0.01305 -0.15951 -0.14268  0.00018 -0.00042  0.00023
                  z  -0.02256 -0.09049 -0.08545  0.00028  0.00209 -0.01910
  7   c           x   0.00255  0.10160  0.08414 -0.00014  0.01697 -0.07520
                  y  -0.00851 -0.09824 -0.08544  0.00014 -0.00045  0.00032
                  z   0.00287  0.07379  0.06055  0.00022 -0.02129  0.09582
  8   o           x  -0.00405  0.11735  0.11308 -0.00015  0.01222 -0.00758
                  y   0.03256  0.18567  0.15982 -0.00009 -0.00040  0.00118
                  z  -0.00287  0.09037  0.08684 -0.00005 -0.01906  0.01327
  9   n           x  -0.00215 -0.01549 -0.01173  0.00007 -0.02486  0.00646
                  y   0.02370 -0.14637 -0.14060  0.00020  0.00270 -0.00332
                  z  -0.00226 -0.01319 -0.01001 -0.00011  0.03323 -0.00820
 10   h           x   0.01953  0.03957  0.04281 -0.00042 -0.11313  0.05760
                  y  -0.00805 -0.23864 -0.23187  0.00036  0.00455 -0.00476
                  z   0.01992  0.05117  0.05360  0.00029  0.14613 -0.07315
 11   h           x   0.00735  0.01107  0.01372 -0.00149  0.01551 -0.02533
                  y   0.06828 -0.04309 -0.04167  0.00002  0.00342 -0.00400
                  z   0.00895  0.00972  0.01194  0.00186 -0.02003  0.03374
 12   h           x  -0.02538 -0.25641 -0.24194  0.00081 -0.28418  0.35186
                  y  -0.01566  0.01822  0.02283  0.00005  0.00483 -0.00698
                  z  -0.02326 -0.16890 -0.15722 -0.00061  0.36456 -0.45186
 13   h           x   0.02128  0.11627  0.09266  0.00019 -0.03600  0.09218
                  y   0.04248 -0.04758 -0.05052  0.00020 -0.00111  0.00566
                  z   0.01492  0.09124  0.07415 -0.00016  0.04840 -0.12195
 14   h           x   0.03376 -0.18047 -0.18381  0.00072  0.50720  0.40529
                  y  -0.04860  0.01686  0.03199 -0.00005  0.00101  0.00346
                  z   0.02612 -0.13341 -0.13684 -0.00024 -0.65723 -0.53229
 15   n           x   0.21969 -0.01106 -0.00088  0.03770  0.00042 -0.00259
                  y  -0.24418 -0.06657  0.07829  0.00025 -0.00005 -0.00043
                  z   0.16618 -0.00651 -0.00327 -0.04917 -0.00053  0.00443
 16   c           x   0.19680 -0.01068  0.00399  0.03466 -0.00049 -0.02251
                  y  -0.06702 -0.21006  0.22177 -0.00342 -0.00009 -0.00144
                  z   0.14299 -0.00654  0.00117 -0.04565  0.00065  0.02977
 17   n           x   0.05577  0.17028 -0.17376  0.00865  0.00000 -0.01699
                  y  -0.05099 -0.00886  0.00763 -0.00123 -0.00002 -0.00028
                  z   0.04598  0.12893 -0.13150 -0.00534  0.00005  0.02302
 18   c           x  -0.15770  0.07569 -0.08110 -0.07463  0.00043  0.05719
                  y   0.05472  0.15208 -0.16349  0.00096  0.00001  0.00092
                  z  -0.11602  0.05560 -0.05866  0.10047 -0.00049 -0.07590
 19   c           x  -0.16581  0.07347 -0.08283 -0.00876  0.00004 -0.01963
                  y  -0.12281  0.18063 -0.18569  0.00394  0.00000  0.00022
                  z  -0.13167  0.05511 -0.06190  0.01376  0.00008  0.02616
 20   c           x  -0.00041 -0.11169  0.10721  0.01598  0.00045  0.04072
                  y  -0.03334  0.05457 -0.05343  0.00227 -0.00003  0.00050
                  z   0.00455 -0.08035  0.07655 -0.02300 -0.00055 -0.05195
 21   o           x  -0.08707 -0.06843  0.07537 -0.00466  0.00037  0.00852
                  y   0.16836 -0.20380  0.20613 -0.00311 -0.00007 -0.00097
                  z  -0.06468 -0.05300  0.05801  0.00207 -0.00057 -0.01312
 22   n           x  -0.02811 -0.02042  0.02382  0.01643 -0.00028 -0.00999
                  y   0.19042  0.13305 -0.14509  0.00091  0.00001  0.00150
                  z  -0.02427 -0.01353  0.01605 -0.02219  0.00039  0.01279
 23   h           x   0.15200 -0.08414  0.10011  0.08490  0.00070 -0.05502
                  y   0.04043  0.18772 -0.20986  0.00090  0.00002  0.00156
                  z   0.17118 -0.07427  0.08791 -0.11126 -0.00091  0.07142
 24   h           x  -0.01547 -0.02604  0.02970 -0.00647  0.00159  0.00893
                  y   0.46325  0.04636 -0.04150  0.00060  0.00005  0.00198
                  z  -0.02741 -0.01488  0.01733  0.00814 -0.00210 -0.01233
 25   h           x  -0.12372  0.22454 -0.24412  0.10302 -0.00122 -0.18008
                  y  -0.14755  0.06551 -0.06296  0.00223 -0.00001  0.00161
                  z  -0.11963  0.16433 -0.17892 -0.12730  0.00177  0.23199
 26   h           x   0.03287 -0.11367  0.10818  0.02525  0.00000 -0.03862
                  y   0.29843  0.01259 -0.01637  0.00205 -0.00007 -0.00036
                  z   0.02685 -0.08614  0.08215 -0.03531  0.00004  0.05288
 27   h           x   0.29161  0.22253 -0.25050 -0.58727 -0.00138 -0.13635
                  y  -0.20331  0.05059 -0.04464 -0.00560 -0.00005 -0.00169
                  z   0.22638  0.11220 -0.12322  0.76282  0.00187  0.17830

reduced mass(g/mol)     5.924    7.770    7.623    1.290    1.669    1.469


       mode              37       38       39       40       41       42

     frequency         723.61   757.51   758.31   770.43   778.92   800.13

     symmetry            a        a        a        a        a        a   

        IR               YES      YES      YES      YES      YES      YES
|dDIP/dQ|   (a.u.)     0.0076   0.0015   0.0044   0.0029   0.0041   0.0001
intensity (km/mol)     101.84     3.89    34.73    15.45    30.20     0.03
intensity (  %   )      14.52     0.55     4.95     2.20     4.30     0.00
 
       RAMAN             YES      YES      YES      YES      YES      YES
 
  1   ag          x  -0.00016  0.00046 -0.00183 -0.00019  0.00004 -0.00567
                  y  -0.00001 -0.00003  0.00010 -0.00000  0.00001  0.00088
                  z   0.00034 -0.00063  0.00175  0.00020 -0.00007 -0.00431
  2   n           x  -0.00136 -0.13558  0.08733 -0.01987 -0.00057  0.03349
                  y   0.00086  0.00068 -0.00059 -0.00119  0.00002  0.01826
                  z   0.00110  0.17779 -0.11414  0.02611  0.00077  0.02382
  3   c           x   0.00624  0.35871 -0.22934 -0.01608  0.00168 -0.03679
                  y   0.00150  0.00085 -0.00077 -0.00064  0.00002 -0.02904
                  z  -0.00794 -0.47757  0.30524  0.01998 -0.00220 -0.02630
  4   n           x   0.01682 -0.11514  0.07450  0.04627 -0.00081 -0.04633
                  y   0.00027  0.00181 -0.00113  0.00084  0.00002  0.02281
                  z  -0.02311  0.14724 -0.09559 -0.06004  0.00106 -0.03577
  5   c           x  -0.02986  0.01786 -0.00583 -0.16505  0.00031 -0.01632
                  y  -0.00127  0.00174 -0.00114  0.00120  0.00002  0.02817
                  z   0.03944 -0.02200  0.00672  0.21746 -0.00041 -0.01237
  6   c           x   0.00858 -0.01733  0.00502  0.12901 -0.00041  0.02492
                  y   0.00016 -0.00092  0.00058 -0.00115  0.00005 -0.04042
                  z  -0.01199  0.02730 -0.00942 -0.16902  0.00054  0.02033
  7   c           x  -0.04840  0.04929 -0.03296  0.02261 -0.00012  0.11261
                  y   0.00023 -0.00158  0.00108 -0.00287  0.00005 -0.04230
                  z   0.06161 -0.06067  0.04094 -0.02418  0.00013  0.08762
  8   o           x  -0.00480 -0.10086  0.06429 -0.00057 -0.00024 -0.05276
                  y   0.00079 -0.00552  0.00345 -0.00109  0.00000 -0.04144
                  z   0.00845  0.13362 -0.08562 -0.00079  0.00034 -0.04065
  9   n           x   0.00386  0.00288 -0.00256  0.03344 -0.00025 -0.01730
                  y  -0.00213  0.00311 -0.00203  0.00422  0.00001  0.07269
                  z  -0.00490 -0.00541  0.00455 -0.04503  0.00029 -0.01254
 10   h           x   0.03705  0.05309 -0.03373  0.00469  0.00029 -0.02409
                  y  -0.00309  0.00508 -0.00325  0.00816 -0.00001  0.08637
                  z  -0.04701 -0.07411  0.04718 -0.01328 -0.00039 -0.02002
 11   h           x  -0.01564 -0.01654 -0.00063  0.07980  0.00033 -0.01995
                  y  -0.00254 -0.00011 -0.00033  0.00248  0.00002  0.07265
                  z   0.02081  0.01852  0.00299 -0.10766 -0.00048 -0.01318
 12   h           x   0.22451 -0.17809  0.13668 -0.47821  0.00128 -0.00085
                  y  -0.00445  0.00248 -0.00218  0.01353  0.00000  0.01715
                  z  -0.28838  0.23330 -0.17810  0.60570 -0.00160 -0.02008
 13   h           x   0.05923 -0.03758  0.03607 -0.24915  0.00039  0.11084
                  y   0.00367 -0.00784  0.00576 -0.01334  0.00008 -0.06976
                  z  -0.07842  0.05001 -0.04718  0.32821 -0.00052  0.08005
 14   h           x   0.26394  0.25395 -0.17131  0.17547  0.00191  0.01392
                  y   0.00226  0.00263 -0.00186 -0.00044  0.00003  0.01284
                  z  -0.34666 -0.33283  0.22530 -0.23160 -0.00240  0.01066
 15   n           x   0.00430  0.07946  0.12709  0.00133  0.02129 -0.07648
                  y   0.00084 -0.00063 -0.00133 -0.00008  0.00018 -0.11342
                  z  -0.00783 -0.10541 -0.16827 -0.00181 -0.02860 -0.05155
 16   c           x   0.04541 -0.22793 -0.36571 -0.00402  0.01464  0.10897
                  y   0.00297  0.00027 -0.00005 -0.00004  0.00089  0.12074
                  z  -0.06009  0.30409  0.48773  0.00534 -0.01748  0.07209
 17   n           x   0.03412  0.07557  0.12467  0.00171 -0.03015  0.15628
                  y   0.00057 -0.00083 -0.00139 -0.00005 -0.00090 -0.01440
                  z  -0.04615 -0.09421 -0.15602 -0.00216  0.04001  0.12293
 18   c           x  -0.11376 -0.02058 -0.02936  0.00046  0.12181  0.07293
                  y  -0.00185 -0.00167 -0.00274 -0.00007 -0.00083 -0.06541
                  z   0.15089  0.02746  0.03939 -0.00055 -0.16035  0.05434
 19   c           x   0.03852  0.02095  0.03070  0.00017 -0.09848 -0.10318
                  y  -0.00046  0.00134  0.00193 -0.00004  0.00103  0.10609
                  z  -0.05152 -0.03131 -0.04595 -0.00024  0.12863 -0.08034
 20   c           x  -0.08073 -0.04442 -0.07290 -0.00075 -0.05207 -0.38541
                  y  -0.00102  0.00094  0.00125 -0.00006  0.00085  0.00862
                  z   0.10276  0.05097  0.08443  0.00085  0.06232 -0.30233
 21   o           x  -0.01681  0.06684  0.10502  0.00088 -0.00092  0.12158
                  y   0.00200  0.00368  0.00552  0.00003  0.00157  0.18707
                  z   0.02599 -0.08765 -0.13833 -0.00120  0.00255  0.09577
 22   n           x   0.01898  0.00052  0.00308  0.00040 -0.02517  0.10917
                  y  -0.00303 -0.00268 -0.00431 -0.00009 -0.00276 -0.21075
                  z  -0.02431  0.00251  0.00104 -0.00040  0.03487  0.08168
 23   h           x   0.11187 -0.03489 -0.05584 -0.00005  0.02199  0.12852
                  y  -0.00321 -0.00387 -0.00606 -0.00011 -0.00552 -0.23508
                  z  -0.14505  0.05170  0.08227  0.00024 -0.01896  0.10215
 24   h           x  -0.01521  0.01656  0.01507 -0.00008 -0.08254  0.11942
                  y  -0.00393 -0.00084 -0.00152 -0.00005  0.00043 -0.21560
                  z   0.02108 -0.01849 -0.01439  0.00024  0.11131  0.08346
 25   h           x   0.35318  0.11430  0.20509  0.00386  0.49650  0.02315
                  y  -0.00321  0.00026 -0.00001 -0.00009 -0.00491 -0.03283
                  z  -0.45511 -0.15062 -0.26889 -0.00491 -0.63233  0.07951
 26   h           x   0.07570  0.03162  0.06415  0.00212  0.29264 -0.40091
                  y   0.00069  0.00416  0.00665 -0.00001  0.00706  0.11044
                  z  -0.10389 -0.04925 -0.09619 -0.00294 -0.39264 -0.28999
 27   h           x   0.27307 -0.05629 -0.09625 -0.00208 -0.07273  0.00585
                  y   0.00338 -0.00145 -0.00267 -0.00011 -0.00051 -0.05805
                  z  -0.35722  0.07228  0.12417  0.00260  0.09390  0.01508

reduced mass(g/mol)     1.878    8.813    9.113    2.476    1.895    7.513


       mode              43       44       45       46       47       48

     frequency         803.59   919.63   926.46   960.81   979.87  1016.87

     symmetry            a        a        a        a        a        a   

        IR               YES      YES      YES      YES      YES      YES
|dDIP/dQ|   (a.u.)     0.0004   0.0004   0.0001   0.0010   0.0009   0.0010
intensity (km/mol)       0.34     0.32     0.01     1.73     1.58     1.64
intensity (  %   )       0.05     0.05     0.00     0.25     0.23     0.23
 
       RAMAN             YES      YES      YES      YES      YES      YES
 
  1   ag          x  -0.00963  0.00001 -0.00006 -0.00186  0.00294 -0.00393
                  y   0.00292 -0.00001  0.00007  0.00101 -0.00085  0.00149
                  z  -0.00730  0.00002 -0.00011 -0.00141  0.00221 -0.00297
  2   n           x  -0.09875 -0.00016 -0.01383 -0.06610  0.00320 -0.03816
                  y  -0.08094  0.00003  0.00517  0.08725  0.00134  0.25737
                  z  -0.07032  0.00012  0.01279 -0.05117  0.00253 -0.02813
  3   c           x   0.12191 -0.00007 -0.00964  0.04392 -0.00263  0.01069
                  y   0.08241  0.00002 -0.00167 -0.01016  0.00373 -0.01391
                  z   0.08869  0.00009  0.02034  0.03093 -0.00192  0.00647
  4   n           x   0.14915 -0.00012  0.00925  0.05944  0.00131  0.22053
                  y  -0.07014 -0.00006 -0.00697 -0.11310  0.00231 -0.14117
                  z   0.11512  0.00018 -0.00753  0.04625  0.00096  0.16793
  5   c           x   0.05980 -0.00001 -0.01650 -0.06343  0.00493  0.02777
                  y  -0.08820  0.00000 -0.00072 -0.00948  0.00219  0.00759
                  z   0.04544 -0.00002  0.01180 -0.05036  0.00375  0.01970
  6   c           x  -0.07478  0.00006 -0.04431  0.08884 -0.01345 -0.23405
                  y   0.14120 -0.00004  0.00036 -0.00283 -0.00503 -0.16754
                  z  -0.06128 -0.00009  0.06605  0.05895 -0.00979 -0.17685
  7   c           x  -0.36940 -0.00048  0.08752  0.00832  0.00276  0.05180
                  y   0.14483 -0.00005 -0.00070 -0.04426  0.00149 -0.04432
                  z  -0.28696  0.00066 -0.11475  0.02133  0.00141  0.04004
  8   o           x   0.16281 -0.00015  0.00351  0.02678 -0.00305 -0.02060
                  y   0.13491 -0.00000  0.00351  0.04176 -0.00368 -0.01139
                  z   0.12512  0.00017 -0.00115  0.02081 -0.00224 -0.01557
  9   n           x   0.05830 -0.00002 -0.00367 -0.09358  0.00934  0.05137
                  y  -0.23498  0.00002  0.00179  0.03770  0.00002  0.05215
                  z   0.04282  0.00002 -0.00516 -0.07429  0.00733  0.04123
 10   h           x   0.06930 -0.00002  0.02184  0.25124 -0.02311 -0.14588
                  y  -0.26408 -0.00004 -0.02373 -0.43356  0.04460  0.32385
                  z   0.05771  0.00011  0.00162  0.21725 -0.02002 -0.12362
 11   h           x   0.06283 -0.00002  0.00694  0.05027 -0.00505 -0.02988
                  y  -0.25398  0.00008  0.03377  0.63754 -0.05798 -0.28472
                  z   0.04044  0.00003 -0.00202  0.05755 -0.00565 -0.03142
 12   h           x   0.01555 -0.00115  0.28416  0.13686 -0.02346 -0.39440
                  y  -0.05613 -0.00001 -0.01401 -0.10120  0.01046  0.04515
                  z   0.07667  0.00146 -0.34305  0.15244 -0.02094 -0.31499
 13   h           x  -0.35701  0.00193 -0.53450 -0.03551  0.00717  0.04017
                  y   0.25150 -0.00004 -0.03633 -0.32382  0.02196 -0.06474
                  z  -0.25862 -0.00252  0.68279 -0.12083  0.01013  0.03111
 14   h           x  -0.01734 -0.00080  0.07641 -0.14568  0.00487 -0.08201
                  y  -0.06037  0.00001  0.00584  0.07741  0.00150  0.25842
                  z  -0.01104  0.00084 -0.10638 -0.10032  0.00322 -0.06262
 15   n           x  -0.02013  0.00990  0.00043  0.00821  0.09690  0.02266
                  y  -0.03914 -0.00131 -0.00019 -0.00831 -0.07329 -0.07086
                  z  -0.01343 -0.01133 -0.00010  0.00615  0.07284  0.01709
 16   c           x   0.03433  0.01263  0.00026 -0.00273 -0.05822  0.00797
                  y   0.03369  0.00005 -0.00005 -0.00144  0.00134 -0.00008
                  z   0.02331 -0.01890 -0.00032 -0.00193 -0.04297  0.00648
 17   n           x   0.04663 -0.00760 -0.00018 -0.00969 -0.09594 -0.08137
                  y  -0.00333  0.00163  0.00025  0.00854  0.10804  0.00121
                  z   0.03661  0.00876 -0.00017 -0.00742 -0.07324 -0.06208
 18   c           x   0.02453  0.01059  0.00008  0.00493  0.06797 -0.01735
                  y  -0.01710  0.00082  0.00007  0.00224  0.04030 -0.01105
                  z   0.01848 -0.01120  0.00017  0.00387  0.05182 -0.01251
 19   c           x  -0.02877  0.05364  0.00014 -0.00232 -0.07759  0.07719
                  y   0.03652 -0.00020  0.00019  0.00298 -0.02041  0.08914
                  z  -0.02242 -0.07143 -0.00022 -0.00144 -0.05584  0.05804
 20   c           x  -0.11983 -0.08202 -0.00044 -0.00452 -0.02717 -0.02245
                  y   0.00324 -0.00050  0.00012  0.00264  0.03525  0.00272
                  z  -0.09384  0.10902  0.00022 -0.00377 -0.02387 -0.01707
 21   o           x   0.03592 -0.00256  0.00031 -0.00041 -0.01432  0.00734
                  y   0.05588 -0.00127  0.00002 -0.00230 -0.05476  0.01660
                  z   0.02821  0.00291 -0.00033 -0.00045 -0.01128  0.00565
 22   n           x   0.03260  0.00084 -0.00014  0.00527  0.09200 -0.02002
                  y  -0.06352  0.00036 -0.00011 -0.00303 -0.02132 -0.01558
                  z   0.02445  0.00070  0.00034  0.00417  0.07145 -0.01581
 23   h           x   0.03210 -0.01686 -0.00070 -0.02147 -0.35051  0.10090
                  y  -0.06606  0.00483  0.00025  0.01667  0.30557 -0.10542
                  z   0.02545  0.01114  0.00004 -0.01734 -0.28477  0.08113
 24   h           x   0.03622  0.00038  0.00021  0.00497  0.07830 -0.01589
                  y  -0.07299 -0.00705 -0.00065 -0.03692 -0.61065  0.14508
                  z   0.02518  0.00087 -0.00011  0.00380  0.05775 -0.01198
 25   h           x   0.01442 -0.33504 -0.00152 -0.00265 -0.15404  0.16482
                  y  -0.00946  0.00574  0.00016  0.00349  0.03981  0.02593
                  z   0.02996  0.42009  0.00200 -0.00315 -0.13399  0.13147
 26   h           x  -0.12433  0.49456  0.00184 -0.00370 -0.00845 -0.02396
                  y   0.03678  0.01065  0.00060  0.02303  0.35155 -0.03744
                  z  -0.08989 -0.65144 -0.00271 -0.00079  0.01477 -0.02040
 27   h           x   0.00969 -0.07261  0.00050  0.01659  0.18355  0.03614
                  y  -0.01941 -0.00298 -0.00006 -0.00383 -0.02730 -0.06540
                  z   0.01130  0.09305  0.00031  0.01287  0.14179  0.02824

reduced mass(g/mol)     7.505    1.314    1.325    1.952    2.140    5.040


       mode              49       50       51       52       53       54

     frequency        1023.25  1115.36  1117.07  1120.89  1127.68  1226.50

     symmetry            a        a        a        a        a        a   

        IR               YES      YES      YES      YES      YES      YES
|dDIP/dQ|   (a.u.)     0.0015   0.0007   0.0038   0.0006   0.0021   0.0052
intensity (km/mol)       3.92     0.86    26.03     0.74     8.05    48.52
intensity (  %   )       0.56     0.12     3.71     0.10     1.15     6.92
 
       RAMAN             YES      YES      YES      YES      YES      YES
 
  1   ag          x  -0.00928 -0.00047 -0.00195  0.00046 -0.00112 -0.00016
                  y   0.00138 -0.00006 -0.00029  0.00042 -0.00070  0.00027
                  z  -0.00704 -0.00035 -0.00148  0.00035 -0.00084 -0.00012
  2   n           x  -0.01569 -0.01410 -0.01781 -0.07448  0.00402  0.00312
                  y   0.09411 -0.09000 -0.06748 -0.04551 -0.00699  0.00177
                  z  -0.01154 -0.01116 -0.01388 -0.05684  0.00299  0.00234
  3   c           x   0.00836 -0.05937 -0.03738  0.05866 -0.01401 -0.00003
                  y  -0.00768  0.07658  0.04946 -0.05230  0.01430 -0.00134
                  z   0.00579 -0.04488 -0.02828  0.04424 -0.01061 -0.00003
  4   n           x   0.08232  0.08636  0.06113 -0.03796  0.01641  0.00031
                  y  -0.05597  0.06583  0.03969 -0.06661  0.01355  0.00411
                  z   0.06270  0.06584  0.04658 -0.02911  0.01252  0.00025
  5   c           x   0.00890  0.02622  0.01642 -0.03612  0.00772  0.00099
                  y   0.00220  0.00898  0.00390 -0.02642  0.00368 -0.00046
                  z   0.00622  0.01998  0.01241 -0.02823  0.00595  0.00075
  6   c           x  -0.07972 -0.02765 -0.01599  0.05258 -0.00884 -0.00032
                  y  -0.05927  0.04675  0.04047  0.07853 -0.00068 -0.00132
                  z  -0.06040 -0.01843 -0.01007  0.04255 -0.00658 -0.00020
  7   c           x   0.01640  0.05550  0.04199  0.02224  0.00521 -0.00328
                  y  -0.01616 -0.01396 -0.01238 -0.01683 -0.00112 -0.00241
                  z   0.01296  0.04049  0.03084  0.01838  0.00362 -0.00239
  8   o           x  -0.00661 -0.00539 -0.00116  0.02746 -0.00281 -0.00011
                  y  -0.00102 -0.04510 -0.02836  0.04137 -0.00934  0.00016
                  z  -0.00493 -0.00395 -0.00078  0.02078 -0.00214 -0.00011
  9   n           x   0.01487 -0.03855 -0.02319  0.04829 -0.00907 -0.00146
                  y   0.01947 -0.04833 -0.02851  0.05995 -0.01091 -0.00014
                  z   0.01192 -0.03052 -0.01837  0.03844 -0.00717 -0.00111
 10   h           x  -0.04218  0.12454  0.07543 -0.15122  0.02904  0.00282
                  y   0.09829 -0.27427 -0.16521  0.33599 -0.06379 -0.00614
                  z  -0.03574  0.10259  0.06197 -0.12562  0.02401  0.00234
 11   h           x  -0.00841  0.02471  0.01610 -0.01825  0.00457  0.00030
                  y  -0.07755  0.19603  0.12296 -0.19521  0.04167  0.00587
                  z  -0.00893  0.02477  0.01604 -0.01858  0.00466  0.00039
 12   h           x  -0.13066 -0.25949 -0.21741 -0.27880 -0.01483 -0.01191
                  y   0.00671  0.40348  0.35041  0.59294  0.00777  0.01550
                  z  -0.10348 -0.21429 -0.17947 -0.23107 -0.01200 -0.00943
 13   h           x   0.00887  0.10780  0.06734 -0.10410  0.02316 -0.01382
                  y  -0.03518  0.13650  0.05722 -0.41336  0.05319 -0.03387
                  z   0.00539  0.09463  0.05894 -0.09211  0.02032 -0.01152
 14   h           x  -0.02981 -0.18120 -0.15162 -0.20478 -0.00853  0.02857
                  y   0.09503 -0.13041 -0.09939 -0.07382 -0.01010  0.00702
                  z  -0.02254 -0.14116 -0.11790 -0.15778 -0.00676  0.02196
 15   n           x  -0.08457  0.00293 -0.01496  0.00560  0.06559 -0.03415
                  y   0.21658  0.08616 -0.10689  0.01198  0.02629 -0.03190
                  z  -0.06354  0.00226 -0.01137  0.00424  0.04948 -0.02504
 16   c           x   0.00156  0.04519 -0.03791 -0.00275 -0.10301  0.01473
                  y  -0.00837 -0.03341  0.03231 -0.00022  0.05202  0.00152
                  z  -0.00013  0.03438 -0.02895 -0.00203 -0.07782  0.01104
 17   n           x   0.25038 -0.04599  0.04833 -0.00047  0.04849  0.00917
                  y  -0.03160 -0.05351  0.04299  0.00439  0.11251 -0.05129
                  z   0.19105 -0.03521  0.03691 -0.00034  0.03739  0.00682
 18   c           x   0.03962 -0.00838  0.00617  0.00116  0.02892 -0.02377
                  y   0.02340 -0.00624  0.00041  0.00261  0.04410 -0.00381
                  z   0.02818 -0.00631  0.00450  0.00088  0.02233 -0.01805
 19   c           x  -0.19869  0.02030 -0.01760 -0.00125 -0.04101 -0.00669
                  y  -0.24568 -0.05408  0.07679 -0.01254 -0.07042  0.02040
                  z  -0.14985  0.01392 -0.01140 -0.00128 -0.03256 -0.00591
 20   c           x   0.05895 -0.04740  0.05723 -0.00535 -0.00298  0.03472
                  y  -0.01587 -0.00418  0.00286  0.00019  0.00843  0.06768
                  z   0.04533 -0.03569  0.04310 -0.00406 -0.00255  0.02626
 21   o           x  -0.01817 -0.00704  0.01033 -0.00177 -0.01048 -0.00277
                  y  -0.03068  0.02454 -0.01869 -0.00260 -0.06219 -0.00191
                  z  -0.01374 -0.00543  0.00795 -0.00132 -0.00802 -0.00204
 22   n           x   0.04000  0.01415 -0.00870 -0.00304 -0.04869  0.02268
                  y   0.05239  0.03390 -0.02187 -0.00559 -0.09951  0.00946
                  z   0.03171  0.01114 -0.00686 -0.00246 -0.03847  0.01745
 23   h           x  -0.23017 -0.11800  0.08024  0.01833  0.34958 -0.07136
                  y   0.25378  0.13363 -0.08920 -0.02158 -0.39921  0.07980
                  z  -0.18483 -0.09317  0.06306  0.01451  0.27710 -0.05626
 24   h           x   0.03239  0.00871 -0.00395 -0.00207 -0.03331  0.01784
                  y  -0.30754 -0.12782  0.09549  0.01667  0.32385 -0.12103
                  z   0.02414  0.00602 -0.00241 -0.00169 -0.02518  0.01298
 25   h           x  -0.41380  0.31125 -0.41691  0.05652  0.26599  0.30114
                  y  -0.09348 -0.29804  0.41192 -0.06117 -0.32979 -0.22576
                  z  -0.32831  0.24732 -0.33150  0.04494  0.21228  0.23549
 26   h           x   0.05678 -0.05638  0.06182 -0.00334  0.03576  0.08095
                  y   0.01762 -0.05897  0.00016  0.02739  0.43259  0.55874
                  z   0.04577 -0.04697  0.05119 -0.00271  0.03099  0.06733
 27   h           x  -0.12575  0.16596 -0.22516  0.03081  0.13789 -0.46250
                  y   0.20100  0.19177 -0.24227  0.02795  0.06947 -0.29319
                  z  -0.09740  0.13258 -0.17943  0.02443  0.10785 -0.36308

reduced mass(g/mol)     5.084    1.983    1.719    1.633    1.915    1.184


       mode              55       56       57       58       59       60

     frequency        1230.28  1307.91  1315.76  1381.64  1384.46  1452.22

     symmetry            a        a        a        a        a        a   

        IR               YES      YES      YES      YES      YES      YES
|dDIP/dQ|   (a.u.)     0.0060   0.0029   0.0033   0.0023   0.0023   0.0057
intensity (km/mol)      64.98    15.42    19.42     9.72     9.43    57.61
intensity (  %   )       9.26     2.20     2.77     1.39     1.34     8.21
 
       RAMAN             YES      YES      YES      YES      YES      YES
 
  1   ag          x   0.00013 -0.00011  0.00109  0.00017 -0.00021 -0.00054
                  y  -0.00033 -0.00031  0.00008 -0.00019  0.00020  0.00020
                  z   0.00010 -0.00008  0.00084  0.00013 -0.00016 -0.00041
  2   n           x   0.05968  0.02066  0.13610 -0.06975 -0.00155 -0.00360
                  y   0.02328 -0.00533 -0.03448  0.03832  0.00066 -0.00194
                  z   0.04484  0.01555  0.10246 -0.05277 -0.00119 -0.00273
  3   c           x  -0.01348 -0.03316 -0.23367  0.04075  0.00021 -0.00235
                  y  -0.00108  0.04909  0.32772 -0.08348 -0.00155  0.00098
                  z  -0.01017 -0.02503 -0.17628  0.03072  0.00014 -0.00177
  4   n           x   0.00140 -0.00932 -0.06239 -0.02149  0.00008  0.00313
                  y   0.06277 -0.05310 -0.39678  0.04305  0.00026  0.00002
                  z   0.00120 -0.00721 -0.04856 -0.01645  0.00006  0.00238
  5   c           x   0.02960  0.01784  0.10291  0.04175  0.00028 -0.00459
                  y   0.00056 -0.00760 -0.10127 -0.06496 -0.00223 -0.00246
                  z   0.02235  0.01350  0.07723  0.03206  0.00021 -0.00351
  6   c           x  -0.00691  0.00497  0.04377  0.07941  0.00184  0.00111
                  y  -0.02321  0.00688  0.04813 -0.13771 -0.00277 -0.00048
                  z  -0.00464  0.00407  0.03475  0.06127  0.00141  0.00082
  7   c           x  -0.05804 -0.01197 -0.08445 -0.05122 -0.00100  0.00201
                  y  -0.04711 -0.01850 -0.12404 -0.00625 -0.00016  0.00091
                  z  -0.04251 -0.00931 -0.06605 -0.04085 -0.00081  0.00153
  8   o           x  -0.00392  0.00617  0.04958  0.01390  0.00054  0.00152
                  y  -0.00389  0.00484  0.05158  0.02160  0.00100  0.00119
                  z  -0.00300  0.00475  0.03841  0.01044  0.00039  0.00119
  9   n           x  -0.02402 -0.00079 -0.00044 -0.03035 -0.00062  0.00066
                  y  -0.00826  0.01814  0.15625  0.04194  0.00172  0.00199
                  z  -0.01868 -0.00042  0.00055 -0.02319 -0.00046  0.00048
 10   h           x   0.04744 -0.01073 -0.11298 -0.03477 -0.00013  0.00246
                  y  -0.10686  0.03566  0.33719  0.05405  0.00113 -0.00084
                  z   0.03876 -0.00838 -0.08957 -0.02674 -0.00008  0.00190
 11   h           x   0.00799  0.00400  0.02905  0.01548 -0.00009 -0.00239
                  y   0.11325  0.04273  0.30775  0.23932  0.00396 -0.01000
                  z   0.00893  0.00378  0.02630  0.01574 -0.00001 -0.00205
 12   h           x  -0.21355 -0.01424 -0.06646 -0.24810 -0.00470  0.00273
                  y   0.27701  0.03619  0.21758  0.33857  0.00676 -0.00255
                  z  -0.16948 -0.01163 -0.05591 -0.20009 -0.00381  0.00208
 13   h           x  -0.22528  0.01116  0.09520  0.17670  0.00394  0.00302
                  y  -0.54655  0.04816  0.39757  0.71402  0.01533  0.00312
                  z  -0.18709  0.01028  0.08589  0.15283  0.00336  0.00234
 14   h           x   0.50048  0.03159  0.17272  0.22467  0.00583  0.01912
                  y   0.11414 -0.00377 -0.03027  0.10292  0.00230  0.00272
                  z   0.38502  0.02411  0.13172  0.17197  0.00443  0.01469
 15   n           x   0.00271 -0.15317  0.01740 -0.00183  0.07823 -0.11810
                  y   0.00180 -0.00842  0.00130  0.00001  0.00630 -0.13261
                  z   0.00198 -0.11562  0.01313 -0.00137  0.05967 -0.09112
 16   c           x  -0.00195  0.32357 -0.03808  0.00177 -0.04010 -0.08731
                  y   0.00119 -0.25725  0.02825 -0.00116  0.04586  0.03080
                  z  -0.00148  0.24466 -0.02879  0.00136 -0.03018 -0.06670
 17   n           x  -0.00131 -0.04480  0.00772 -0.00172  0.02337  0.06559
                  y   0.00169  0.43729 -0.05330  0.00034 -0.01995  0.00367
                  z  -0.00100 -0.03280  0.00569 -0.00130  0.01784  0.05013
 18   c           x   0.00199 -0.12032  0.01374  0.00160 -0.05450 -0.13833
                  y   0.00118  0.07602 -0.01489  0.00089  0.05608 -0.03102
                  z   0.00151 -0.09072  0.01027  0.00123 -0.04160 -0.10531
 19   c           x   0.00046 -0.01769  0.00252  0.00218 -0.10191  0.00307
                  y  -0.00118 -0.07683  0.00938 -0.00267  0.10046  0.03424
                  z   0.00040 -0.01450  0.00194  0.00168 -0.07801  0.00189
 20   c           x  -0.00233  0.05233 -0.00641 -0.00090  0.03718  0.10036
                  y  -0.00437  0.14215 -0.01667 -0.00005  0.00791  0.05374
                  z  -0.00178  0.04072 -0.00505 -0.00069  0.02913  0.07678
 21   o           x   0.00022 -0.04038  0.00489  0.00004 -0.01151  0.04759
                  y   0.00005 -0.07202  0.01047  0.00020 -0.02585  0.04202
                  z   0.00015 -0.03129  0.00383  0.00005 -0.00875  0.03641
 22   n           x  -0.00071  0.03203 -0.00490 -0.00017  0.03930  0.04170
                  y  -0.00045 -0.16990  0.02320 -0.00041 -0.03691 -0.00342
                  z  -0.00055  0.02345 -0.00369 -0.00014  0.02985  0.03200
 23   h           x   0.00226  0.19660 -0.02431 -0.00246  0.03299 -0.06367
                  y  -0.00257 -0.31459  0.04021  0.00150 -0.03775  0.07010
                  z   0.00178  0.15176 -0.01886 -0.00192  0.02493 -0.05005
 24   h           x  -0.00128  0.03811 -0.00433 -0.00104  0.03806  0.03534
                  y   0.00616 -0.25957  0.03301  0.00537 -0.22122 -0.24398
                  z  -0.00089  0.02720 -0.00323 -0.00074  0.02776  0.02597
 25   h           x  -0.01903  0.04176 -0.00121 -0.00768  0.28760  0.19410
                  y   0.01442 -0.12803  0.01274  0.00511 -0.20672 -0.10498
                  z  -0.01489  0.03343 -0.00118 -0.00601  0.22545  0.15064
 26   h           x  -0.00500 -0.00182  0.00048  0.00043 -0.02731  0.11996
                  y  -0.03278 -0.36941  0.04967  0.01708 -0.79359  0.07847
                  z  -0.00415 -0.00599  0.00089  0.00053 -0.02938  0.09024
 27   h           x   0.03004 -0.15051  0.01076  0.00356 -0.18580  0.61746
                  y   0.01848 -0.00186 -0.00319  0.00335 -0.15734  0.30561
                  z   0.02354 -0.11466  0.00807  0.00283 -0.14606  0.48212

reduced mass(g/mol)     1.259    7.832    6.818    1.763    1.668    2.439


       mode              61       62       63       64       65       66

     frequency        1467.89  1536.90  1550.17  1591.85  1593.31  1645.86

     symmetry            a        a        a        a        a        a   

        IR               YES      YES      YES      YES      YES      YES
|dDIP/dQ|   (a.u.)     0.0044   0.0036   0.0054   0.0146   0.0027   0.0126
intensity (km/mol)      34.06    23.49    51.09   379.92    12.70   281.45
intensity (  %   )       4.85     3.35     7.28    54.16     1.81    40.12
 
       RAMAN             YES      YES      YES      YES      YES      YES
 
  1   ag          x  -0.00043 -0.00006 -0.00000  0.00106 -0.00005 -0.00006
                  y   0.00004 -0.00045  0.00060 -0.00026  0.00004  0.00019
                  z  -0.00032 -0.00004 -0.00000  0.00080 -0.00004 -0.00004
  2   n           x  -0.12968  0.00112  0.00220 -0.13769 -0.11933 -0.01359
                  y  -0.07598 -0.03272  0.00257 -0.04461 -0.04067  0.03820
                  z  -0.09921  0.00079  0.00168 -0.10481 -0.09089 -0.01024
  3   c           x  -0.08542 -0.01213 -0.00428 -0.00824 -0.00302  0.03774
                  y   0.05095  0.00823 -0.00483 -0.11745 -0.09927 -0.00316
                  z  -0.06494 -0.00922 -0.00324 -0.00657 -0.00259  0.02853
  4   n           x   0.06442  0.03583 -0.00142 -0.12268 -0.10468 -0.01873
                  y  -0.00996  0.07233 -0.00374 -0.07163 -0.05923 -0.03226
                  z   0.04908  0.02729 -0.00108 -0.09356 -0.07987 -0.01421
  5   c           x  -0.13113  0.00434 -0.00074  0.28487  0.25075 -0.02149
                  y   0.00123 -0.19990  0.00743  0.04577  0.02527  0.20372
                  z  -0.09969  0.00266 -0.00054  0.21648  0.19044 -0.01569
  6   c           x   0.01761 -0.03276  0.00153 -0.15899 -0.13853 -0.00448
                  y   0.01039  0.00136  0.00157  0.09313  0.07553  0.07980
                  z   0.01298 -0.02503  0.00118 -0.12074 -0.10529 -0.00310
  7   c           x   0.09123  0.02013 -0.00178  0.12082  0.10438 -0.00278
                  y   0.02001  0.08970 -0.00603  0.03606  0.04128 -0.15083
                  z   0.06950  0.01605 -0.00139  0.09246  0.07984 -0.00282
  8   o           x   0.05674  0.00189  0.00209  0.05839  0.04847 -0.01526
                  y   0.02682 -0.00762  0.00360  0.07559  0.06381 -0.00951
                  z   0.04331  0.00144  0.00159  0.04446  0.03689 -0.01164
  9   n           x   0.03226 -0.00447 -0.00019 -0.04794 -0.04393  0.03575
                  y  -0.00565  0.00958  0.00204  0.00619  0.01640 -0.19483
                  z   0.02491 -0.00323 -0.00014 -0.03695 -0.03388  0.02667
 10   h           x  -0.02711 -0.34047  0.02171  0.09844  0.10080 -0.38359
                  y   0.07040  0.47363 -0.02812 -0.18256 -0.17130  0.36035
                  z  -0.02215 -0.26722  0.01706  0.07821  0.07992 -0.30109
 11   h           x  -0.02080  0.14606 -0.00995  0.00739 -0.00323  0.23481
                  y  -0.21439  0.62820 -0.03977  0.21340  0.17195  0.58577
                  z  -0.01929  0.12171 -0.00827  0.00842 -0.00041  0.18998
 12   h           x   0.12331  0.08071 -0.00259  0.03946  0.03097  0.02453
                  y  -0.13051 -0.18819  0.00888 -0.21621 -0.19121  0.06582
                  z   0.09629  0.06386 -0.00205  0.03426  0.02709  0.01898
 13   h           x   0.11246 -0.07665  0.00377  0.06922  0.05179  0.11063
                  y   0.03676 -0.18932  0.00966 -0.17824 -0.16432  0.14443
                  z   0.08551 -0.06321  0.00314  0.04885  0.03574  0.08785
 14   h           x   0.69804 -0.04461 -0.00773  0.23424  0.19655  0.10448
                  y   0.08767 -0.04623  0.00077  0.01891  0.01341  0.06653
                  z   0.53515 -0.03417 -0.00592  0.17979  0.15079  0.08013
 15   n           x   0.00302 -0.00159 -0.01265 -0.10534  0.12053  0.00077
                  y   0.00383  0.00085  0.04032 -0.07907  0.09193  0.00727
                  z   0.00233 -0.00122 -0.00953 -0.08051  0.09216  0.00059
 16   c           x   0.00269  0.00230  0.01959  0.02949 -0.03614 -0.00066
                  y  -0.00105  0.00070 -0.00582 -0.07895  0.08924 -0.00446
                  z   0.00205  0.00174  0.01489  0.02207 -0.02705 -0.00052
 17   n           x  -0.00083 -0.00206 -0.02451 -0.08822  0.10055  0.00186
                  y   0.00102 -0.00395 -0.10711 -0.09512  0.10546 -0.00018
                  z  -0.00063 -0.00159 -0.01890 -0.06751  0.07697  0.00141
 18   c           x   0.00318 -0.00128 -0.05326  0.23444 -0.27453 -0.01213
                  y  -0.00048  0.01325  0.24697  0.10859 -0.11629  0.01232
                  z   0.00241 -0.00094 -0.03961  0.17839 -0.20881 -0.00922
 19   c           x   0.00089  0.00083  0.03206 -0.16214  0.18564 -0.00080
                  y  -0.00159 -0.00016  0.01460  0.04613 -0.04887  0.01175
                  z   0.00068  0.00062  0.02456 -0.12311  0.14103 -0.00062
 20   c           x  -0.00327  0.00070  0.00381  0.09596 -0.10803  0.00230
                  y  -0.00142 -0.00376 -0.12028  0.05481 -0.06936 -0.02319
                  z  -0.00251  0.00050  0.00231  0.07350 -0.08271  0.00164
 21   o           x  -0.00150 -0.00068 -0.00525  0.02641 -0.02898  0.00046
                  y  -0.00125 -0.00073  0.00857  0.06825 -0.07626  0.00136
                  z  -0.00114 -0.00053 -0.00399  0.02023 -0.02220  0.00037
 22   n           x  -0.00184  0.00152  0.01820 -0.04149  0.05215  0.00827
                  y   0.00188 -0.00345 -0.03372 -0.00678 -0.00188 -0.01684
                  z  -0.00142  0.00112  0.01338 -0.03189  0.04009  0.00625
 23   h           x   0.00887  0.01327  0.39627  0.10277 -0.15030 -0.05135
                  y  -0.00624 -0.01251 -0.32229 -0.10602  0.13986  0.02649
                  z   0.00689  0.01021  0.30567  0.08003 -0.11681 -0.03977
 24   h           x  -0.00201  0.00035  0.00284 -0.03510  0.04677  0.01342
                  y  -0.00272 -0.01954 -0.62508  0.22206 -0.21414  0.06773
                  z  -0.00158  0.00019 -0.00110 -0.02601  0.03504  0.01050
 25   h           x  -0.00722 -0.00669 -0.14244  0.10277 -0.11441  0.00443
                  y   0.00452  0.00661  0.17508 -0.17662  0.20477  0.01068
                  z  -0.00561 -0.00519 -0.11006  0.08090 -0.09003  0.00339
 26   h           x  -0.00368  0.00214  0.04492  0.09636 -0.10619  0.00902
                  y   0.00081  0.01003  0.28030 -0.12626  0.15465  0.03208
                  z  -0.00275  0.00170  0.03694  0.07149 -0.07855  0.00709
 27   h           x  -0.01687  0.00395  0.03523  0.17818 -0.19840  0.00310
                  y  -0.00779  0.00445  0.07528  0.07897 -0.08609  0.00894
                  z  -0.01316  0.00307  0.02762  0.13925 -0.15503  0.00242

reduced mass(g/mol)     2.236    1.679    2.126    6.953    6.939    2.406


       mode              67       68       69       70       71       72

     frequency        1654.67  1719.79  1727.46  1766.44  1800.98  3246.45

     symmetry            a        a        a        a        a        a   

        IR               YES      YES      YES      YES      YES      YES
|dDIP/dQ|   (a.u.)     0.0077   0.0093   0.0197   0.0173   0.0199   0.0014
intensity (km/mol)     104.25   154.39   688.64   531.78   701.51     3.50
intensity (  %   )      14.86    22.01    98.16    75.81   100.00     0.50
 
       RAMAN             YES      YES      YES      YES      YES      YES
 
  1   ag          x  -0.00006 -0.00014 -0.00001  0.00036 -0.00034 -0.00000
                  y  -0.00006  0.00001  0.00040  0.00127 -0.00183  0.00000
                  z  -0.00005 -0.00012 -0.00001  0.00028 -0.00026 -0.00000
  2   n           x   0.00471  0.01634  0.00244 -0.11855  0.01606  0.00117
                  y  -0.00133  0.04644 -0.08517 -0.05696  0.01152  0.00009
                  z   0.00359  0.01254  0.00166 -0.09030  0.01219  0.00090
  3   c           x  -0.01148 -0.03118 -0.06370  0.38577 -0.04501  0.00107
                  y  -0.00552 -0.08904  0.05861  0.43865 -0.05884 -0.00031
                  z  -0.00870 -0.02385 -0.04820  0.29376 -0.03434  0.00081
  4   n           x   0.00505  0.01991 -0.02873 -0.05073  0.01067 -0.00000
                  y   0.00493  0.05877 -0.12084 -0.07594  0.02477  0.00007
                  z   0.00384  0.01525 -0.02206 -0.03885  0.00817  0.00000
  5   c           x  -0.00452 -0.01672  0.01403  0.05240 -0.00804 -0.00092
                  y  -0.01909 -0.08962  0.25580 -0.07641 -0.02179  0.00028
                  z  -0.00351 -0.01316  0.01176  0.03959 -0.00619 -0.00071
  6   c           x   0.00249 -0.02960  0.07830 -0.02276 -0.00215  0.02122
                  y  -0.00458  0.14654 -0.33871  0.01738  0.01758  0.01748
                  z   0.00186 -0.02210  0.05847 -0.01720 -0.00158  0.01617
  7   c           x  -0.00142 -0.01510  0.02499  0.02945 -0.00593 -0.05934
                  y   0.00784 -0.17481  0.38168  0.02822 -0.02342  0.03326
                  z  -0.00104 -0.01234  0.02084  0.02250 -0.00465 -0.04482
  8   o           x   0.00511  0.02287  0.01923 -0.20827  0.02478 -0.00021
                  y   0.00378  0.03154  0.00943 -0.24208  0.02915 -0.00006
                  z   0.00391  0.01742  0.01473 -0.15864  0.01882 -0.00015
  9   n           x  -0.00209  0.00087  0.00556 -0.01249  0.00101  0.00009
                  y   0.01766  0.03233 -0.10978  0.05761  0.00873 -0.00007
                  z  -0.00156  0.00072  0.00382 -0.00930  0.00084  0.00006
 10   h           x   0.03631  0.03334 -0.12449  0.07927  0.01076  0.00116
                  y  -0.03351 -0.01484  0.06596 -0.05127 -0.00470  0.00017
                  z   0.02843  0.02608 -0.09763  0.06199  0.00844  0.00088
 11   h           x  -0.02298 -0.02457  0.08943 -0.05013 -0.01315 -0.00106
                  y  -0.06813 -0.08979  0.24285 -0.05698 -0.03104 -0.00030
                  z  -0.01877 -0.02057  0.07293 -0.03932 -0.01039 -0.00080
 12   h           x   0.00111  0.10272 -0.24187  0.02445  0.01303 -0.23052
                  y  -0.00397 -0.01987  0.06925 -0.05213 -0.00163 -0.24586
                  z   0.00081  0.08013 -0.18893  0.01930  0.01014 -0.17597
 13   h           x  -0.00704  0.10896 -0.24846  0.02130  0.00872  0.67371
                  y  -0.00635  0.14064 -0.31068 -0.00189  0.01494 -0.36694
                  z  -0.00553  0.08641 -0.19668  0.01585  0.00698  0.50907
 14   h           x  -0.01543 -0.00416 -0.13866  0.43801 -0.04833 -0.00491
                  y  -0.00608  0.04313 -0.11511  0.05237 -0.00063  0.00817
                  z  -0.01180 -0.00295 -0.10644  0.33476 -0.03699 -0.00367
 15   n           x  -0.01240  0.01013  0.00740  0.00845  0.08777  0.00001
                  y   0.03238 -0.09234 -0.03588 -0.00694  0.09735  0.00000
                  z  -0.00936  0.00747  0.00549  0.00642  0.06698 -0.00000
 16   c           x   0.02980 -0.05847 -0.03892 -0.04089 -0.29089 -0.00000
                  y   0.00377  0.05125 -0.00400 -0.05546 -0.62976 -0.00001
                  z   0.02261 -0.04429 -0.02961 -0.03119 -0.22270 -0.00001
 17   n           x  -0.00692 -0.00605 -0.00097  0.00052  0.02804  0.00000
                  y  -0.01776 -0.12868 -0.05796 -0.02783  0.10086  0.00002
                  z  -0.00528 -0.00493 -0.00091  0.00033  0.02179 -0.00000
 18   c           x  -0.04321 -0.02442 -0.01636 -0.01481 -0.04955  0.00000
                  y   0.11974  0.24104  0.11733  0.07995  0.02692 -0.00003
                  z  -0.03250 -0.01753 -0.01202 -0.01100 -0.03760  0.00000
 19   c           x  -0.02189  0.13084  0.05854  0.02719  0.00942 -0.00000
                  y   0.06532 -0.27761 -0.12034 -0.05179  0.01040  0.00001
                  z  -0.01644  0.09879  0.04412  0.02048  0.00716 -0.00000
 20   c           x   0.02171 -0.04885 -0.02078 -0.00793 -0.01218 -0.00000
                  y  -0.12557  0.37069  0.15680  0.05963 -0.05608 -0.00001
                  z   0.01609 -0.03582 -0.01532 -0.00584 -0.00944 -0.00000
 21   o           x  -0.01067  0.01119  0.01252  0.01982  0.16817  0.00001
                  y  -0.01193  0.00639  0.01884  0.03964  0.35629  0.00000
                  z  -0.00819  0.00855  0.00959  0.01526  0.12894 -0.00000
 22   n           x   0.06027  0.02759  0.01453  0.00861  0.01620  0.00004
                  y  -0.14122 -0.10084 -0.05220 -0.03983 -0.03253 -0.00000
                  z   0.04578  0.02078  0.01088  0.00641  0.01227  0.00004
 23   h           x  -0.44508 -0.15665 -0.08191 -0.05656 -0.05529  0.00008
                  y   0.22820  0.03809  0.01917  0.00577  0.00991  0.00017
                  z  -0.34397 -0.12108 -0.06339 -0.04378 -0.04274  0.00007
 24   h           x   0.08832  0.02820  0.02139  0.03359  0.02700 -0.00066
                  y   0.70420  0.34321  0.17156  0.12360  0.03366 -0.00004
                  z   0.07099  0.02375  0.01720  0.02573  0.02051 -0.00049
 25   h           x   0.01820 -0.23001 -0.10243 -0.05120 -0.01336 -0.00001
                  y   0.04889 -0.03212 -0.00988  0.00397  0.03087 -0.00003
                  z   0.01431 -0.17823 -0.07947 -0.03968 -0.01033 -0.00001
 26   h           x   0.05832 -0.15508 -0.06559 -0.02494 -0.00280  0.00001
                  y   0.16459 -0.43318 -0.18192 -0.06747  0.02215  0.00000
                  z   0.04569 -0.12121 -0.05134 -0.01946 -0.00173  0.00001
 27   h           x   0.04741 -0.07014 -0.04383 -0.04643 -0.35471 -0.00001
                  y   0.07258 -0.14329 -0.06824 -0.04130 -0.16556  0.00002
                  z   0.03694 -0.05461 -0.03410 -0.03591 -0.27412 -0.00001

reduced mass(g/mol)     1.825    5.838    6.079    8.558   10.100    1.092


       mode              73       74       75       76       77       78

     frequency        3261.73  3267.44  3293.69  3516.70  3550.18  3632.55

     symmetry            a        a        a        a        a        a   

        IR               YES      YES      YES      YES      YES      YES
|dDIP/dQ|   (a.u.)     0.0013   0.0022   0.0019   0.0126   0.0098   0.0100
intensity (km/mol)       2.84     8.29     6.69   280.91   171.87   176.88
intensity (  %   )       0.41     1.18     0.95    40.04    24.50    25.21
 
       RAMAN             YES      YES      YES      YES      YES      YES
 
  1   ag          x  -0.00000 -0.00000 -0.00000 -0.00005  0.00004 -0.00001
                  y  -0.00000  0.00000  0.00000  0.00003 -0.00002  0.00000
                  z  -0.00000 -0.00000 -0.00000 -0.00004  0.00003 -0.00001
  2   n           x   0.00001  0.00112  0.00000 -0.00046 -0.00037  0.00001
                  y   0.00000  0.00063  0.00001 -0.00047  0.00084  0.00009
                  z  -0.00000  0.00085  0.00000 -0.00036 -0.00028  0.00000
  3   c           x  -0.00000  0.00013 -0.00000  0.00097  0.00023 -0.00005
                  y  -0.00000  0.00009  0.00001  0.00158  0.00079 -0.00002
                  z  -0.00001  0.00010 -0.00000  0.00074  0.00018 -0.00004
  4   n           x   0.00000  0.00039  0.00000 -0.00017 -0.00064  0.00002
                  y   0.00001  0.00028 -0.00000 -0.00067 -0.00141  0.00003
                  z  -0.00000  0.00030  0.00000 -0.00013 -0.00049  0.00002
  5   c           x  -0.00000  0.00241 -0.00001  0.00015  0.00026 -0.00003
                  y  -0.00001 -0.00152  0.00001  0.00027 -0.00158 -0.00007
                  z  -0.00001  0.00183 -0.00001  0.00011  0.00019 -0.00002
  6   c           x   0.00001 -0.04816  0.00000 -0.00004  0.00085  0.00001
                  y   0.00001 -0.05775  0.00000 -0.00019 -0.00089 -0.00001
                  z  -0.00000 -0.03678 -0.00000 -0.00004  0.00063  0.00001
  7   c           x   0.00001 -0.02518 -0.00000  0.00015  0.00009 -0.00001
                  y  -0.00001  0.01940  0.00002  0.00027  0.00077 -0.00002
                  z  -0.00000 -0.01900 -0.00000  0.00011  0.00006 -0.00001
  8   o           x   0.00000  0.00006  0.00000 -0.00062 -0.00019  0.00003
                  y   0.00000  0.00004  0.00000 -0.00080 -0.00016  0.00000
                  z  -0.00000  0.00004  0.00000 -0.00048 -0.00015  0.00002
  9   n           x   0.00001 -0.00022 -0.00001 -0.00071 -0.01899 -0.00024
                  y  -0.00000  0.00035  0.00001  0.00158  0.04973 -0.00007
                  z   0.00000 -0.00016 -0.00001 -0.00054 -0.01410 -0.00018
 10   h           x   0.00006 -0.00230 -0.00003 -0.01220 -0.34901  0.00166
                  y   0.00005  0.00033 -0.00002 -0.01415 -0.40701  0.00187
                  z   0.00004 -0.00175 -0.00003 -0.00932 -0.26629  0.00127
 11   h           x  -0.00014  0.00115  0.00016  0.02169  0.60702  0.00160
                  y   0.00002  0.00146 -0.00007 -0.00845 -0.24285 -0.00087
                  z  -0.00010  0.00089  0.00012  0.01635  0.45784  0.00121
 12   h           x  -0.00005  0.55468  0.00002  0.00050 -0.00135 -0.00000
                  y  -0.00006  0.60261  0.00003  0.00045 -0.00204 -0.00005
                  z  -0.00004  0.42353  0.00001  0.00037 -0.00104 -0.00000
 13   h           x  -0.00004  0.27395  0.00004 -0.00042  0.00054 -0.00001
                  y   0.00003 -0.15325 -0.00001 -0.00005  0.00000 -0.00001
                  z  -0.00004  0.20699  0.00003 -0.00033  0.00040 -0.00001
 14   h           x   0.00000 -0.00236  0.00001  0.00014  0.00208  0.00015
                  y   0.00000  0.00433 -0.00003  0.00306 -0.01659 -0.00135
                  z  -0.00001 -0.00178  0.00001  0.00012  0.00152  0.00010
 15   n           x   0.00123  0.00000  0.00075  0.00075  0.00006 -0.02493
                  y   0.00052  0.00001  0.00085 -0.00089  0.00010  0.06722
                  z   0.00095 -0.00000  0.00058  0.00057  0.00005 -0.01872
 16   c           x   0.00108 -0.00000 -0.00004 -0.00016 -0.00013  0.00087
                  y   0.00010  0.00001  0.00013 -0.00101 -0.00035 -0.00003
                  z   0.00082 -0.00000 -0.00003 -0.00012 -0.00009  0.00066
 17   n           x   0.00003  0.00001  0.00030  0.00037 -0.00000  0.00027
                  y   0.00012 -0.00000  0.00038  0.00160  0.00014 -0.00009
                  z   0.00003  0.00000  0.00023  0.00029  0.00000  0.00020
 18   c           x  -0.00052 -0.00001  0.00274 -0.00059  0.00003 -0.00088
                  y  -0.00013  0.00001 -0.00056  0.00058 -0.00017  0.00003
                  z  -0.00040 -0.00001  0.00207 -0.00044  0.00003 -0.00067
 19   c           x   0.01102  0.00001 -0.03494 -0.00115  0.00003  0.00071
                  y   0.01356  0.00000 -0.07525  0.00085  0.00003 -0.00134
                  z   0.00843  0.00000 -0.02680 -0.00085  0.00003  0.00053
 20   c           x  -0.06775 -0.00001 -0.01853  0.00006 -0.00003 -0.00167
                  y   0.01185  0.00001  0.00759 -0.00094 -0.00006 -0.00131
                  z  -0.05120 -0.00001 -0.01399  0.00006 -0.00001 -0.00126
 21   o           x  -0.00017  0.00000  0.00006  0.00019  0.00009  0.00005
                  y  -0.00012 -0.00000  0.00006  0.00032  0.00017  0.00035
                  z  -0.00013  0.00000  0.00004  0.00014  0.00007  0.00004
 22   n           x   0.00007 -0.00004 -0.00030  0.04323 -0.00143  0.00149
                  y  -0.00000  0.00001  0.00023 -0.02823  0.00115 -0.00050
                  z   0.00005 -0.00004 -0.00022  0.03248 -0.00107  0.00113
 23   h           x   0.00070 -0.00005 -0.00226  0.15424 -0.00591  0.00050
                  y   0.00045 -0.00011 -0.00026  0.32812 -0.01273  0.00113
                  z   0.00053 -0.00005 -0.00172  0.11825 -0.00453  0.00038
 24   h           x  -0.00095  0.00059  0.00080 -0.73507  0.02522 -0.01788
                  y  -0.00036 -0.00002  0.00188  0.03357 -0.00142  0.00064
                  z  -0.00071  0.00044  0.00061 -0.55466  0.01904 -0.01350
 25   h           x  -0.10429 -0.00003  0.41262  0.00087 -0.00011  0.00021
                  y  -0.20036 -0.00006  0.81634  0.00191 -0.00025  0.00005
                  z  -0.07990 -0.00003  0.31637  0.00068 -0.00007  0.00016
 26   h           x   0.76550  0.00008  0.18533 -0.00072  0.00012  0.00822
                  y  -0.11747 -0.00001 -0.03191  0.00002  0.00002 -0.00037
                  z   0.57871  0.00005  0.14010 -0.00054  0.00010  0.00623
 27   h           x  -0.00748  0.00002 -0.00247 -0.00733  0.00008  0.34246
                  y   0.00846 -0.00005  0.00307  0.01951 -0.00061 -0.90024
                  z  -0.00563  0.00002 -0.00187 -0.00549  0.00006  0.25721

reduced mass(g/mol)     1.093    1.100    1.098    1.057    1.048    1.080


       mode              79       80       81

     frequency        3684.78  3691.41  3711.05

     symmetry            a        a        a   

        IR               YES      YES      YES
|dDIP/dQ|   (a.u.)     0.0099   0.0090   0.0098
intensity (km/mol)     173.50   142.46   171.97
intensity (  %   )      24.73    20.31    24.51
 
       RAMAN             YES      YES      YES
 
  1   ag          x  -0.00001  0.00001  0.00000
                  y   0.00000 -0.00001 -0.00001
                  z  -0.00001  0.00001  0.00000
  2   n           x  -0.00899 -0.00041  0.00035
                  y   0.07312  0.00255 -0.00131
                  z  -0.00658 -0.00031  0.00026
  3   c           x   0.00077  0.00022 -0.00037
                  y  -0.00029 -0.00014 -0.00047
                  z   0.00057  0.00016 -0.00028
  4   n           x   0.00021  0.00011  0.00006
                  y  -0.00024  0.00057  0.00021
                  z   0.00016  0.00008  0.00005
  5   c           x  -0.00074 -0.00079 -0.00006
                  y   0.00032  0.00080 -0.00015
                  z  -0.00057 -0.00059 -0.00005
  6   c           x   0.00035  0.00025  0.00003
                  y  -0.00145 -0.00033  0.00007
                  z   0.00026  0.00018  0.00002
  7   c           x  -0.00166 -0.00003 -0.00000
                  y  -0.00069  0.00005 -0.00004
                  z  -0.00125 -0.00003  0.00000
  8   o           x   0.00017 -0.00005  0.00022
                  y   0.00032  0.00005  0.00023
                  z   0.00013 -0.00004  0.00017
  9   n           x   0.00269 -0.06529  0.00073
                  y  -0.00028 -0.02730  0.00050
                  z   0.00204 -0.04956  0.00055
 10   h           x  -0.01010  0.46257 -0.00614
                  y  -0.01212  0.55117 -0.00734
                  z  -0.00772  0.35329 -0.00469
 11   h           x  -0.02543  0.44735 -0.00416
                  y   0.01022 -0.18577  0.00153
                  z  -0.01919  0.33754 -0.00314
 12   h           x   0.00009  0.00040 -0.00011
                  y  -0.00025  0.00072 -0.00012
                  z   0.00007  0.00030 -0.00008
 13   h           x   0.00634  0.00033 -0.00005
                  y  -0.00256 -0.00013  0.00013
                  z   0.00480  0.00025 -0.00003
 14   h           x   0.12727  0.00441 -0.00255
                  y  -0.98375 -0.03432  0.01864
                  z   0.09332  0.00322 -0.00187
 15   n           x   0.00005  0.00015 -0.00026
                  y  -0.00008 -0.00020  0.00053
                  z   0.00003  0.00012 -0.00020
 16   c           x  -0.00003 -0.00012  0.00020
                  y  -0.00001 -0.00018 -0.00018
                  z  -0.00002 -0.00008  0.00015
 17   n           x   0.00002  0.00003  0.00002
                  y   0.00004  0.00013  0.00085
                  z   0.00001  0.00002  0.00002
 18   c           x  -0.00004 -0.00004 -0.00101
                  y  -0.00004 -0.00010  0.00084
                  z  -0.00003 -0.00004 -0.00076
 19   c           x   0.00001  0.00002  0.00009
                  y   0.00000  0.00003 -0.00012
                  z   0.00001  0.00001  0.00007
 20   c           x   0.00000 -0.00000  0.00003
                  y  -0.00001 -0.00002 -0.00006
                  z   0.00000 -0.00000  0.00001
 21   o           x   0.00002  0.00007 -0.00004
                  y   0.00000  0.00009  0.00004
                  z   0.00001  0.00006 -0.00003
 22   n           x  -0.00072 -0.00062 -0.04697
                  y  -0.00114 -0.00067 -0.05776
                  z  -0.00055 -0.00048 -0.03580
 23   h           x   0.00749  0.00471  0.37265
                  y   0.01579  0.00995  0.80106
                  z   0.00575  0.00361  0.28615
 24   h           x   0.00242  0.00391  0.28763
                  y  -0.00043 -0.00056 -0.01810
                  z   0.00182  0.00294  0.21702
 25   h           x   0.00002 -0.00001  0.00027
                  y  -0.00001 -0.00008  0.00114
                  z   0.00001 -0.00001  0.00021
 26   h           x  -0.00002 -0.00003  0.00008
                  y  -0.00001  0.00003 -0.00011
                  z  -0.00002 -0.00002  0.00006
 27   h           x  -0.00040 -0.00128  0.00255
                  y   0.00104  0.00319 -0.00674
                  z  -0.00030 -0.00096  0.00191

reduced mass(g/mol)     1.079    1.105    1.097
 

 <geterg> : there is no data group $energy 


         **************************************************************
         *                                                            *
         *  zero point VIBRATIONAL energy  :      0.1992801  Hartree  *
         *                                                            *
         **************************************************************




 time elapsed for vibrational analysis     0.04 sec


    ------------------------------------------------------------------------
         total  cpu-time :   0.08 seconds
         total wall-time :   0.10 seconds
    ------------------------------------------------------------------------

   ****  force : all done  ****


    2023-12-06 23:13:20.592 

