$grad          cartesian gradients
  cycle =      1 MP2 energy =     -935.0078141831 |dE/dxyz| =  0.080584
    7.82819674586503     -3.69908372714774     -3.72823142995518      ag
    7.91488075129936      3.86297684015353     -1.74071310243919      n
    7.38439342947794      1.46891209184377     -2.63669519041151      c
    9.15975522750041     -0.37311603164901     -2.14628725913704      n
   11.28242884681320      0.13276478823738     -0.88070440807003      c
   11.79635158523512      2.61619033905017      0.02553284568586      c
   10.04996741466804      4.42498441594352     -0.45150697394463      c
    5.42785678398236      1.03485900641726     -3.80272556799004      o
   12.93600233084717     -1.72378493573152     -0.49835876501033      n
   12.26517147412828     -3.32738952544189     -1.23964358198153      h
   13.20763536368654     -1.95307083107419      1.35763377320799      h
   13.50770609143032      3.04926284558579      1.04812904127489      h
   10.26968889582088      6.36452562048107      0.15958945070840      h
    6.59747197203693      5.20265623087683     -2.11000735195496      h
    5.66194245142436    -10.77692143681087     -6.63220476043318      n
    6.94527644493037     -8.82495925136767     -5.44324746950747      c
    5.80141179901228     -6.48646964790301     -5.54071179561797      n
    3.59224012331674     -6.10697238904497     -6.70152501728597      c
    2.30946529977376     -8.14659292271715     -7.90801858878925      c
    3.42423326549002    -10.45017399325511     -7.82095607121029      c
    8.96152371194253     -9.17199044832710     -4.37971716024112      o
    2.61374937980298     -3.78877353097068     -6.72990322361168      n
    3.73223517381786     -2.62093434533129     -5.75204533048291      h
    2.47865418129725     -3.18388342047573     -8.51509847613367      h
    0.52445285935796     -7.87691974374853     -8.85807651289202      h
    2.59350852318255    -12.10902586032634     -8.68279836684720      h
    6.50551846527816    -12.49373630667003     -6.55873976725086      h
  -.13226684839296D-03  -.39430860159495D-03  -.41077539422085D-03
  -.39371776503110D-02  0.12548367543257D-02  -.18092850068216D-02
  0.93894781365305D-02  -.47832902908462D-02  0.84407069743522D-02
  -.62461900731927D-02  0.12835134867215D-02  0.18833442602137D-02
  0.24836318892820D-01  -.31985489788402D-01  0.56236955333784D-02
  0.10330595100507D-02  0.70150137850806D-02  -.12874415753439D-02
  0.29456392117253D-02  -.32401408741549D-02  -.87963913525968D-03
  -.40518310378665D-02  0.45792598116812D-03  -.24863399868664D-02
  -.63656002234822D-02  0.12838968738708D-01  -.22668010002551D-02
  -.33073843207054D-03  0.17744455248034D-01  0.57620712895430D-02
  -.18373859930974D-01  0.14790623729166D-02  -.14196186798131D-01
  -.11618745565229D-02  0.78992428241165D-03  0.81933272229140D-03
  0.29150220460106D-03  -.82736091500024D-03  0.33239647145589D-03
  0.90736584959394D-03  -.60362839995065D-03  0.23608722142221D-03
  0.30739097782184D-02  -.30010950932464D-02  0.96284673314928D-03
  -.61359986181841D-02  0.83219050061318D-02  -.71660965897613D-02
  0.58472992958731D-02  -.22408879198601D-02  -.25024539275469D-02
  -.14115385712048D-01  0.40661625702194D-01  0.39861434449304D-02
  -.35347854869041D-02  -.68775414464879D-02  0.39755336739056D-04
  -.16590639208856D-02  0.41396349308833D-02  0.16521108754199D-02
  0.19136480646118D-02  -.17941678764970D-02  0.17211658409604D-02
  0.39401883033214D-02  -.12593348649506D-01  -.12190745420031D-02
  -.48619568697728D-02  -.19433775106981D-01  -.88665355726976D-02
  0.16641693713954D-01  -.90702329762551D-02  0.13100909951387D-01
  0.83263714329362D-03  -.10178863802575D-02  -.12109679354042D-02
  -.11295863733762D-03  0.93961986643887D-03  -.16507509604802D-03
  -.63305232360067D-03  0.93666813259929D-03  -.93894233112901D-04
  cycle =      2 MP2 energy =     -935.0174588877 |dE/dxyz| =  0.038783
    7.77855991286721     -3.66767227449479     -3.72632827711703      ag
    7.95527367121268      3.89913555697561     -1.75846705770571      n
    7.40085783390575      1.51592220601682     -2.67293339748735      c
    9.14429140095482     -0.35697825203923     -2.14459365467041      n
   11.25723264161630      0.11635458922775     -0.84915654804999      c
   11.78661147121604      2.58651818767141      0.06784730092175      c
   10.07312408903820      4.42670549281879     -0.42854284570021      c
    5.46474226379805      1.10983411859785     -3.87525716348228      o
   12.95628453261287     -1.76670598246158     -0.49670212362436      n
   12.36220375319444     -3.40286212380986     -1.28808280852702      h
   13.37709873363132     -2.01693521157881      1.35109255134737      h
   13.49742853100871      2.99261045696725      1.10349563085007      h
   10.30936445460885      6.36198383319985      0.19306594457462      h
    6.66431096874049      5.26082073313336     -2.14776327807958      h
    5.70044896076238    -10.77332465876427     -6.58796419270091      n
    6.93451246685652     -8.79924056742355     -5.38274612839779      c
    5.77011492271098     -6.46510406687260     -5.54373080072031      n
    3.58076697017661     -6.12009631790638     -6.75842108720420      c
    2.36293789276092     -8.18489721680712     -7.97676900976322      c
    3.49740879968536    -10.48084335569553     -7.84479573668750      c
    8.92474851259534     -9.11055307843668     -4.26519861549129      o
    2.47264418864123     -3.80777128925321     -6.75420075179232      n
    3.45820964792471     -2.54255674805266     -5.70756145369330      h
    2.18500655693988     -3.14858923569122     -8.52488541654507      h
    0.59145302650700     -7.94323585859083     -8.96005112395721      h
    2.70940560237666    -12.15604697009594     -8.71734299722303      h
    6.55667678507509    -12.48313813603794     -6.47103801939460      h
  0.44936270792206D-03  -.84120851016678D-03  -.31864971423268D-04
  -.20679906102821D-02  0.10563964713270D-02  -.10682750668205D-02
  0.49637073093103D-02  -.34438740404656D-02  0.52460239325649D-02
  -.66831555371607D-02  0.25985759862857D-02  0.10398741663464D-02
  0.91159426548888D-02  -.11823893868288D-01  0.34392183658785D-02
  0.56330237953084D-03  0.44294068705995D-02  -.27789587148179D-02
  0.12554271849647D-02  -.14213717681653D-02  -.12587650908582D-02
  -.22150628573527D-02  0.47548684099219D-03  -.17210712110387D-02
  0.84865513169099D-02  0.50743016544814D-02  -.25027638757633D-02
  -.11364040487518D-02  0.62714704541715D-02  0.65930222343669D-03
  -.12203285012303D-01  -.16661959951412D-02  -.20388956120625D-02
  -.69860746409134D-03  0.41745003797788D-03  0.56335631763904D-03
  0.75862594914100D-04  -.39817974937950D-03  0.51935805319925D-03
  0.42124580784719D-03  -.25240578998975D-03  0.99892547489322D-04
  0.11866228323466D-02  -.20294910724594D-02  0.16629230815557D-03
  -.31919186620506D-02  0.51537306945058D-02  -.39697547623967D-02
  0.74182719639460D-02  -.43709031716812D-02  -.12344336462826D-02
  -.60012433069296D-02  0.16300032196320D-01  0.73547001742114D-05
  -.20727758160817D-02  -.48865650993268D-02  0.24891270564567D-02
  -.49772714415575D-03  0.15863310435247D-02  0.19132422791053D-02
  0.10634836950736D-02  -.12944453662271D-02  0.91694778967621D-03
  -.97635879327385D-02  -.15539193282930D-02  0.27379353472679D-03
  -.10153372372481D-02  -.79169567527897D-02  -.13562800765472D-02
  0.12204418902657D-01  -.18096348038363D-02  0.20457849086428D-02
  0.65757677309897D-03  -.53352076284907D-03  -.86009660304720D-03
  0.47263526933516D-04  0.47973641792520D-03  -.52196264044602D-03
  -.36194412549628D-03  0.39964750548371D-03  -.36445978059324D-04
  cycle =      3 MP2 energy =     -935.0248414881 |dE/dxyz| =  0.029601
    7.71676370754176     -3.61045677932063     -3.75433259011630      ag
    7.98580212586425      3.94566058617465     -1.71169028567446      n
    7.39266023129571      1.58803726133185     -2.67498703939147      c
    9.10106673388640     -0.32783982495407     -2.13948760704556      n
   11.19802829043854      0.10053323857490     -0.81818143969990      c
   11.77249407248787      2.53792635876619      0.13312356850443      c
   10.09721097679420      4.42039712971111     -0.35027156289508      c
    5.46514425964446      1.22700151822015     -3.89655310413670      o
   12.90712928712687     -1.81512837116765     -0.51061959551539      n
   12.38227364064230     -3.48464426074066     -1.31535864453738      h
   13.63083328136865     -2.01751323267636      1.25963243864904      h
   13.50253234235462      2.89725162174776      1.15540801233524      h
   10.37451798684203      6.35012593687300      0.27366894932790      h
    6.72058409142211      5.33620999978871     -2.09015339206961      h
    5.73340292055039    -10.76641109408517     -6.53599901316618      n
    6.94035057544074     -8.76584206266083     -5.34348429944258      c
    5.75759567008791     -6.43720262269479     -5.57607010865409      n
    3.59882612568333     -6.14464419613261     -6.83502324709446      c
    2.39132219230435     -8.23091843842912     -8.00471009162428      c
    3.53840662288320    -10.52065585066558     -7.82080809757350      c
    8.91634902272517     -9.03275148824697     -4.19495136566041      o
    2.46153702149265     -3.81991144855086     -6.90186439674700      n
    3.37139212523934     -2.43277888287039     -5.91042341740780      h
    1.85972576229346     -3.23817337258528     -8.63264182445142      h
    0.59459309247473     -8.02141687100865     -8.95035206377877      h
    2.75142835434094    -12.22807559374542     -8.63087468945064      h
    6.60974807819242    -12.46544543005680     -6.39002615300450      h
  0.57605233369795D-03  -.11326698012453D-02  0.69564016995205D-04
  0.50821345133056D-03  0.21894431662695D-03  -.72647480674259D-04
  0.49704627060532D-03  -.92920197610624D-03  0.47148994933455D-03
  -.17332138775230D-02  0.20138758191672D-02  0.28291974142904D-02
  -.73577879875089D-02  0.60895645926271D-02  0.85161802954037D-03
  0.96668667618793D-03  -.11253189170235D-02  -.37813765422428D-02
  -.11370687925631D-02  0.56175448141538D-03  -.24053922471223D-03
  -.89927451898575D-03  0.22074812931994D-03  -.24921263424282D-03
  0.15034748916378D-01  -.27243227582741D-03  -.15386687478847D-02
  -.83638715229850D-03  -.16669021313120D-02  -.33356234908930D-02
  -.50114781175599D-02  -.37692201321740D-02  0.55870786344112D-02
  0.12656516268450D-03  0.79232153636921D-04  -.35427976032842D-04
  0.32047989301387D-03  0.63991197992941D-04  0.22143280301812D-04
  -.14678699229531D-03  0.12117898982567D-03  0.35868361552671D-04
  -.10236936518705D-02  -.36043483688175D-03  0.32987596505940D-04
  0.52270071494043D-03  0.10677758964075D-02  -.86451266389664D-03
  0.13086001797404D-02  -.19128102100503D-02  -.28305926124310D-02
  0.46563131881587D-02  -.73819577839255D-02  0.56738902575493D-03
  -.41157682227233D-03  0.11162445409663D-02  0.38035778658729D-02
  0.12779512521508D-02  -.91673122065039D-03  -.23498948504397D-03
  0.42115780292562D-03  -.20271597363575D-03  0.18057512537339D-03
  -.14445736734185D-01  0.39433169652563D-02  -.37073271772847D-03
  0.91566732215087D-03  0.99227084180775D-03  0.38876460195607D-02
  0.64455201322375D-02  0.34275258350345D-02  -.51046298498063D-02
  -.33110347159138D-03  -.17113310807571D-03  0.37612472306048D-03
  -.42311405473727D-03  0.15844847816915D-04  0.74229876407816D-04
  0.17951888215961D-03  -.90740198745110D-04  -.13053648192152D-03
  cycle =      4 MP2 energy =     -935.0295886330 |dE/dxyz| =  0.038691
    7.66005317336809     -3.56293319763840     -3.76997563207660      ag
    8.05852020311510      3.99637763861441     -1.74050506314587      n
    7.42685034381228      1.65661114658202     -2.72531706969180      c
    9.07778480409265     -0.30340777154146     -2.15141208353639      n
   11.15637441033051      0.08326825868550     -0.79782271859620      c
   11.77745213136940      2.50187873170864      0.17183450433331      c
   10.15319230321047      4.42253191771062     -0.33506789166828      c
    5.52539398883883      1.34123747660344     -3.99351367093494      o
   12.81443975510080     -1.86498624674524     -0.47639359838200      n
   12.35104419275707     -3.54678601917262     -1.29146014501448      h
   13.80680682608250     -1.98011952009191      1.16327773902779      h
   13.49724657698173      2.81385425011222      1.22640530286031      h
   10.45249267441928      6.34274839108102      0.30765969433313      h
    6.83496487346259      5.41746861018733     -2.14251463332903      h
    5.76203120868006    -10.75457711388005     -6.50173692476934      n
    6.92140247920760     -8.74122468255933     -5.28442758830525      c
    5.73858726737587     -6.41584298433005     -5.58352833649432      n
    3.60907119070633     -6.16204148651169     -6.88729326052818      c
    2.46398744193734     -8.24990105438493     -8.11471664623232      c
    3.61782278705044    -10.53120904439326     -7.87725714496182      c
    8.85549345858522     -8.98646468605899     -4.06544186252438      o
    2.38157504751914     -3.89149308229750     -6.86189982812379      n
    3.15123751201669     -2.46107646315505     -5.81382019219220      h
    1.43348979648771     -3.34173576728934     -8.43768904992348      h
    0.72751559919003     -8.04053446920399     -9.16693589042598      h
    2.88803068360065    -12.24603946462826     -8.72414233846004      h
    6.62885786212001    -12.45226953680666     -6.29333673155873      h
  0.70527602905024D-03  -.10877923673656D-02  -.39745987441275D-04
  0.17248306050561D-02  -.52925496323653D-03  0.47617577632431D-03
  -.24882379002027D-02  0.80714533317572D-03  -.15453486205104D-02
  0.19374836098933D-02  0.58051064913345D-03  0.41127447050893D-02
  -.14383279820548D-01  0.11846991689622D-01  -.68899455676696D-03
  0.20353863027776D-02  -.33341387095760D-02  -.37501236330826D-02
  -.16799985680751D-02  0.16831610352028D-02  -.51113296389449D-03
  0.87262504538188D-03  0.94722072361719D-04  0.20609203591526D-03
  0.13834725018548D-01  -.27464830020181D-02  0.37383505687316D-03
  0.11009517494298D-03  -.31152781589254D-02  -.43373269872680D-02
  -.13192809952001D-02  -.37691587943667D-02  0.60078659895124D-02
  0.34048352507199D-03  -.20487889186693D-03  -.19142806090766D-03
  0.54201139253029D-04  0.65527751337058D-04  0.24214378889553D-03
  -.32625629325622D-03  0.24886284424674D-03  -.66461946707674D-04
  -.16473063917892D-02  0.94067653551910D-03  -.10686698167137D-02
  0.17028587709476D-02  -.15763196972420D-02  0.21718011506713D-02
  -.22587529103197D-02  0.73389405011337D-03  -.43482970062354D-02
  0.13513143409156D-01  -.13875600956141D-01  -.38896772637109D-02
  -.20263839915948D-02  0.35306179535661D-02  0.57308528678277D-02
  0.11588254801076D-02  -.25792083438958D-02  0.90172416479817D-03
  -.53674697750594D-03  0.45825569963576D-03  -.45886151710484D-03
  -.13835934533674D-01  0.43858344516456D-02  0.64824587819601D-03
  -.34453003739698D-03  0.30115054357411D-02  0.59544319874498D-02
  0.24857020385856D-02  0.42794413788809D-02  -.53012077959522D-02
  0.19602156390253D-03  0.51629217915733D-03  -.47464600382519D-03
  -.70228994638377D-04  -.25331719432309D-04  -.27449278311797D-03
  0.24527951625064D-03  -.33999349672875D-03  0.12050140668196D-03
  cycle =      5 MP2 energy =     -935.0337571509 |dE/dxyz| =  0.036623
    7.60714557874741     -3.50956285616373     -3.79838835478423      ag
    8.08224117788613      4.02247676249151     -1.68405405276520      n
    7.41524471635267      1.70105650925747     -2.68849182910750      c
    9.03222180506491     -0.29093197448207     -2.12436718020973      n
   11.10385037218091      0.05147276405591     -0.74806761545133      c
   11.76394004250362      2.45652934150134      0.24521695632779      c
   10.17836403930279      4.40596610586098     -0.26541074106025      c
    5.51112415735675      1.42115859790694     -3.95772602940899      o
   12.68466582715069     -1.92743075936425     -0.39910570145132      n
   12.40144957069936     -3.55282248984551     -1.38133889373193      h
   14.05141844008549     -1.90528042012910      0.93890043835079      h
   13.47444748543957      2.72856825307360      1.32506900677080      h
   10.50971031488330      6.32070186784255      0.37738041440301      h
    6.88640430580657      5.46670668114890     -2.08458903952080      h
    5.77266058168702    -10.73998636507050     -6.44648650860754      n
    6.92780660588911     -8.69705319763039     -5.27922508646087      c
    5.74013687151642     -6.37987983588300     -5.63060210132025      n
    3.62627853038773     -6.16152148330948     -6.96650619111898      c
    2.45436091304219     -8.29215186535119     -8.10629392217685      c
    3.61618882572852    -10.56014556924928     -7.81311457304096      c
    8.86337698038957     -8.90833333557467     -4.05766947947770      o
    2.50757314508538     -3.86609281300981     -7.14114328323906      n
    3.14027030835347     -2.38938383679333     -6.07612146111865      h
    1.20032090831236     -3.49818727330375     -8.48809837806992      h
    0.68432794330999     -8.12262674622091     -9.10802573737554      h
    2.88649973776517    -12.30216603859195     -8.60201566854732      h
    6.64968940649130    -12.42774619256980     -6.20675604812836      h
  0.46874749385761D-03  -.73766835748668D-03  0.57599234617234D-04
  0.18468155638112D-02  -.12176423007091D-02  0.82842187184040D-03
  -.35571949481579D-02  0.27913416650298D-02  -.38302260596379D-02
  0.35633556327288D-02  -.92478886178693D-03  0.44578380787590D-02
  -.16297393969953D-01  0.11007604533162D-01  -.57790082465381D-03
  0.30767036245827D-02  -.29446268433588D-02  -.34864655521583D-02
  -.16187365229037D-02  0.18161315319496D-02  -.90727389571832D-04
  0.17102473578809D-02  -.36377135852383D-03  0.14077629299365D-02
  0.90664703781300D-02  -.36775174307841D-02  0.29476601576262D-02
  0.17007738685289D-02  -.20690277100162D-02  -.50471575333155D-02
  0.13564818811362D-02  -.31597713909947D-02  0.43643665115045D-02
  0.27743836291982D-03  -.44137989681658D-03  -.18467049221105D-03
  0.30291990857689D-04  0.13353155391549D-03  -.10646685378024D-03
  -.36253416396637D-03  0.21112153561109D-03  -.74289905675373D-04
  -.16442582730575D-02  0.16607683948706D-02  -.17696409610135D-04
  0.31762628575471D-02  -.39324974049082D-02  0.24828850905978D-02
  -.40656439741102D-02  0.25248243784104D-02  -.39099010740329D-02
  0.13305130383843D-01  -.14502531046404D-01  -.80058158102858D-04
  -.21442879865345D-02  0.30328112347537D-02  0.33402437590935D-02
  0.11859560105263D-02  -.19741496724421D-02  -.39846399945898D-03
  -.12667531648027D-02  0.93856782978996D-03  -.11268485404337D-02
  -.78225868292421D-02  0.49853983639583D-02  -.30622316826072D-02
  -.17299322032158D-02  0.29099165290694D-02  0.54762921235936D-02
  -.56193642685720D-04  0.39285873597565D-02  -.42932966383926D-02
  -.62065488179019D-03  0.33457280960790D-03  0.10463281725737D-02
  0.17653255108119D-03  -.26049317409793D-04  -.29459096297613D-03
  0.24496235402660D-03  -.30375639628488D-03  0.17159393096411D-03
  cycle =      6 MP2 energy =     -935.0366519967 |dE/dxyz| =  0.014223
    7.60095483917540     -3.47601865421418     -3.83802713105471      ag
    8.09288804251488      4.03234297455639     -1.65819409169639      n
    7.41069658541418      1.71653317364759     -2.66318688517293      c
    9.03212014193309     -0.27816702670435     -2.14431114169212      n
   11.12843454964299      0.04633291728038     -0.79098338788258      c
   11.81515937575249      2.45870040230712      0.18928328438126      c
   10.21987045700571      4.40610528474131     -0.28151941717813      c
    5.48493080963631      1.44766272135184     -3.90510298471245      o
   12.60724920039320     -1.95677383790244     -0.36388650265506      n
   12.13689921773854     -3.65292900406916     -1.10859634017508      h
   13.98614952443470     -1.90650577012696      0.94739757524409      h
   13.55189240470580      2.73323773456727      1.22519716798138      h
   10.56389505177525      6.31802205005134      0.36232918314502      h
    6.88969493165484      5.47793721010656     -2.02557270240057      h
    5.81371544515961    -10.71810880957162     -6.47379427977768      n
    6.96786362854428     -8.65966730101849     -5.33548873400677      c
    5.75393923122184     -6.35758631829784     -5.66320635769149      n
    3.60960611420694     -6.15605528355081     -6.96461743917093      c
    2.45027993060474     -8.30661180614553     -8.09986526297207      c
    3.62426185275588    -10.56255682304255     -7.79190617313625      c
    8.92720864358844     -8.85423521077698     -4.14635344693700      o
    2.53390104202416     -3.87723149723578     -7.17683947290435      n
    3.22659773101212     -2.37389099088577     -6.20943867468272      h
    1.05610784531745     -3.58997508164402     -8.34261436885867      h
    0.70569489553859     -8.14896792202270     -9.14666061465875      h
    2.86457047147514    -12.32441834597395     -8.50423847095221      h
    6.71713662819185    -12.39384095483019     -6.25683439070375      h
  0.41636558647529D-03  -.40874443245942D-03  0.14223999266205D-04
  0.96070985426944D-03  -.77367400972861D-03  -.62365004646070D-04
  -.27245809780418D-02  0.22703903007368D-02  -.15727841727262D-02
  0.22454589963983D-02  -.17171538944454D-02  0.33386553239296D-02
  -.27557007868602D-02  0.11467214249876D-02  -.38280095305794D-02
  0.13160360060072D-02  -.16667738315235D-03  -.59067396389167D-04
  -.97494461046921D-03  0.40387860483371D-03  0.14284966679545D-02
  0.12746757790048D-02  -.30020770375039D-03  0.10809872220090D-02
  0.21316466164922D-02  0.13711780941073D-02  0.15727894824584D-02
  0.72080877259795D-03  0.89317208580564D-03  -.10939733255428D-02
  -.21142827385434D-02  -.21761875283414D-02  0.12951779425832D-02
  0.39329948574451D-03  -.11272690728292D-03  -.87118337697412D-03
  0.42823357412569D-04  0.12761546400952D-03  -.41817419480505D-03
  -.11309532990822D-03  0.18392353637431D-04  -.64353858407307D-04
  -.28943821494989D-03  0.12468176968703D-02  -.29700879371752D-03
  0.18166355944285D-02  -.33508127778186D-02  0.18327949695731D-02
  -.21243797861410D-02  0.28108262162219D-02  -.33664420957926D-02
  0.36973273217065D-02  -.31749319573207D-02  0.28366154917654D-02
  -.18927274052984D-02  0.83126243677789D-04  0.11210567609927D-02
  0.80127842528555D-03  -.47871678722977D-03  -.15075481027864D-02
  -.10099567911617D-02  0.63149265376872D-03  -.91608142335353D-03
  -.18342004303307D-02  -.17056836751372D-03  -.17338293386109D-02
  -.17509747493525D-02  -.38709236548762D-03  0.17963506333754D-02
  0.16208987388771D-02  0.19997924015414D-02  -.12925490177951D-02
  0.49045532554182D-03  0.49284538769827D-03  -.49687020440636D-03
  -.79051317064538D-03  -.32359917688840D-03  0.17382653272024D-02
  0.44637498372779D-03  0.44844317333315D-04  -.47517410380205D-03
  cycle =      7 MP2 energy =     -935.0331663790 |dE/dxyz| =  0.037158
    7.10514357057580     -3.07856883137565     -3.88067600863981      ag
    8.45156048715595      4.39207810642867     -1.42769964510754      n
    7.33754576749586      2.28829999273717     -2.53480773374827      c
    8.64894840851068      0.05475333475489     -2.20274427402891      n
   10.80747032824691     -0.04119128149288     -0.96349126158498      c
   11.96154744582368      2.12821670385063      0.12410804517107      c
   10.68268874488824      4.32840810023713     -0.15002728506048      c
    5.34822783079598      2.41101141220629     -3.69940949194861      o
   11.82785898963835     -2.31567716502106     -0.83213807654401      n
   10.89862958328332     -3.79599596663868     -1.60834203296619      h
   13.28493926718061     -2.68816466842014      0.33518853426962      h
   13.75984403592615      2.03475804670870      1.08821807319529      h
   11.36039256718426      6.11137286872688      0.59205959298959      h
    7.49555477784970      6.03690699140317     -1.64274149620418      h
    6.22887931072720    -10.53623759406460     -6.25896771750410      n
    7.08113700425493     -8.31926743714725     -5.15823784626518      c
    5.62105501025702     -6.19354410677869     -5.61461034670713      n
    3.51374438861178     -6.27186908781897     -6.97946869264508      c
    2.66986402201830     -8.58318521250349     -8.08272980948050      c
    4.09318381828311    -10.67156036796478     -7.66398640102231      c
    9.00687275474755     -8.24152184177847     -3.89776698512113      o
    2.21594469020257     -4.13818197831457     -7.28805583007261      n
    2.74923133701286     -2.52600778508285     -6.40108507015355      h
    0.74758327341233     -4.06159063197000     -8.49170086247630      h
    0.96469109596309     -8.67177733597532     -9.19677297189286      h
    3.59263770631309    -12.52377954233743     -8.37581307730150      h
    7.31654237505908    -12.08435089177220     -5.95533238947128      h
  0.39907360195786D-02  -.48655453214412D-02  0.19144917895865D-02
  -.27236759934577D-02  -.15335608956306D-02  -.23696891421787D-02
  0.38788835878631D-02  0.73964429926221D-03  0.30165029920353D-02
  0.17970732558442D-01  -.73540594694324D-02  0.10476959145097D-01
  -.41299483148762D-02  0.29596462702308D-03  -.35129706243406D-02
  0.11528257329285D-02  0.60213163714362D-03  0.12730231288671D-04
  0.41948051524079D-02  -.12543852550113D-02  0.33707627545425D-02
  -.52339939948176D-02  -.77311552741932D-04  -.31932031505555D-02
  -.17256735086534D-01  0.12926081499765D-01  -.93084833651620D-02
  -.20681342201496D-02  0.32622902050683D-02  -.11384884526131D-02
  -.28702525037341D-02  -.77453457692123D-03  0.97147273970410D-03
  0.11162148988442D-02  -.58971390406171D-04  -.20708091833344D-03
  0.48204669981367D-03  -.22330205446064D-03  0.23954640918866D-04
  0.20190426565314D-03  -.65784559765447D-03  -.94274066358979D-05
  -.12067783633540D-03  -.55360832203633D-03  -.51377920902351D-03
  0.17551741541966D-02  -.15491883774006D-02  0.26801027529570D-02
  -.40994541465520D-02  0.39037847132084D-03  -.60129753094560D-02
  0.27789996663863D-03  0.39753136172607D-02  0.30625700944977D-02
  -.73330650788428D-03  -.19506357716121D-02  0.40172238673808D-03
  0.61851455734407D-03  0.17977347546605D-04  -.77117101520763D-03
  -.16486688502688D-02  -.52334951013400D-03  -.18961829584629D-02
  0.16484669198107D-02  -.26097436631716D-02  0.14518466825475D-03
  -.89068768901379D-03  0.72621428435227D-03  0.17606395566068D-02
  0.32044408297853D-02  0.67286758054808D-03  0.55094877080997D-04
  0.10424816691001D-02  0.51942421246998D-03  0.15987007312290D-03
  -.23003873543748D-03  -.29241225912280D-03  0.11913562287718D-02
  0.47044670706509D-03  0.15016639259713D-03  -.30996345637169D-03
  cycle =      8 MP2 energy =     -935.0355354155 |dE/dxyz| =  0.019115
    7.12651410633979     -3.10642590367406     -3.87995412039509      ag
    8.41890781484217      4.36214119347748     -1.45415534154526      n
    7.34512145733571      2.23275786091652     -2.54625228011084      c
    8.68200272520022      0.01609341809162     -2.19378783897740      n
   10.85206150050934     -0.04569881882626     -0.93422287684725      c
   11.95228619848201      2.16396827568398      0.13335538884118      c
   10.63991292598606      4.34176724834758     -0.16854538804184      c
    5.36170079787171      2.31954042833614     -3.71932755695066      o
   11.95684567037107     -2.29290291339639     -0.74960720850653      n
   11.09397037948544     -3.82510681226620     -1.50217097296387      h
   13.42029701444141     -2.58428963858278      0.43380823433185      h
   13.74522125477304      2.11541451092432      1.10917961540167      h
   11.28547134569192      6.14161528036655      0.56129595549138      h
    7.43883830439273      5.99070668126765     -1.68837453788839      h
    6.18681800081442    -10.54619193424530     -6.28290712802587      n
    7.05671133071069     -8.33829397084721     -5.17693784921419      c
    5.61218484663059     -6.20184990528845     -5.62393659277562      n
    3.49962290241690     -6.26337337576389     -6.98936652986352      c
    2.63880433006034     -8.56497174803779     -8.09730403211112      c
    4.04835856643965    -10.66342383854870     -7.68579602822985      c
    8.98443941459852     -8.27775095958819     -3.91669493805969      o
    2.20889569277601     -4.12294423802761     -7.29391566156027      n
    2.75144432889626     -2.51403311284562     -6.40884220024545      h
    0.73605754914541     -4.04091941257556     -8.49398134006386      h
    0.93099056970026     -8.63982788262319     -9.20981992110045      h
    3.53488081088005    -12.50970364759458     -8.40406250494821      h
    7.26335875262668    -12.10296295408358     -5.98470740596179      h
  0.23070049133400D-02  -.41708010050923D-02  0.94482567977058D-03
  -.16957575868668D-02  -.15339081186152D-02  -.17499731878889D-02
  0.22000053014657D-02  0.12119545522600D-02  0.20086824504655D-02
  0.66609859724474D-02  -.22454780957504D-02  0.47833182465444D-02
  -.87270733680000D-03  0.11576861724860D-02  -.11565678831627D-02
  0.14483689300189D-02  0.10440309658502D-02  0.22672526023282D-03
  0.23563638998327D-02  -.95223858389915D-03  0.22344277973403D-02
  -.28827943361627D-02  -.14838563203057D-04  -.17679473898706D-02
  -.84763101472554D-02  0.58330882418316D-02  -.54762442930474D-02
  -.10637703142464D-02  0.23330045818550D-02  -.67785131413789D-03
  -.22094738826421D-02  -.13248124526042D-02  0.10750302830704D-02
  0.77604229310246D-03  -.82436596572810D-04  -.36682199087590D-03
  0.23586123059616D-03  -.12371072848172D-03  -.55791153479312D-04
  0.17680547508903D-03  -.39134150692277D-03  0.47042312059431D-04
  -.34922690965167D-04  -.37809015539203D-03  -.37585546097496D-03
  0.99085092803142D-03  -.14025612220481D-02  0.20131597277686D-02
  -.16926436955527D-02  -.92984289263409D-04  -.43823226906956D-02
  -.56183512834096D-03  0.32146346925552D-02  0.21527269464743D-02
  -.55944638592642D-03  -.17331385452324D-02  0.55297781397456D-03
  0.29133944108750D-03  0.30584123335231D-03  -.80372455304190D-03
  -.10094326150352D-02  -.14591252006291D-03  -.12777480905548D-02
  0.11742986712502D-02  -.18274100721634D-02  0.19144350164080D-03
  -.10598210409696D-02  0.26123000181855D-03  0.14651876430554D-02
  0.25745637923933D-02  0.71447256584212D-03  -.37212964325484D-03
  0.77519308780882D-03  0.45217889370563D-03  -.26116603102366D-05
  -.28191417442036D-03  -.27201359865359D-03  0.10884439915375D-02
  0.43314527301064D-03  0.16355393506462D-03  -.31840249687898D-03
  cycle =      9 MP2 energy =     -935.0374141210 |dE/dxyz| =  0.007521
    7.17132809141474     -3.14209076592991     -3.88858172031401      ag
    8.36948195731510      4.29978793567763     -1.49930998422168      n
    7.37796914446401      2.12284892516951     -2.57113348195914      c
    8.76171948285460     -0.05871017587601     -2.17713143066926      n
   10.92865905084158     -0.05706789174812     -0.88302403547181      c
   11.92747430955331      2.21158072297480      0.16575719307640      c
   10.56549775612352      4.35255995844746     -0.18725605624561      c
    5.41037434931259      2.14033819884059     -3.76890381027966      o
   12.15759354335201     -2.24243033846389     -0.62915218762402      n
   11.40762966787894     -3.84904193744498     -1.35036606442353      h
   13.65633452218241     -2.39414141518371      0.53513368382439      h
   13.69733956441132      2.23390035565226      1.18171220164483      h
   11.14964276639696      6.17671917222853      0.53426313221101      h
    7.34647250674330      5.89676089397350     -1.77080894920927      h
    6.11616788934167    -10.55041536156896     -6.30747845486394      n
    7.01189628645886     -8.35168427449651     -5.20250036986897      c
    5.59386688014838     -6.19986050969515     -5.64361621249797      n
    3.47413911366276     -6.24360773162409     -7.01070494902045      c
    2.58700539002868     -8.53457796700964     -8.11728430805705      c
    3.97712076229374    -10.64578529020893     -7.71117703142720      c
    8.93798732248118     -8.31675282683367     -3.93568402041091      o
    2.19330875091399     -4.09808321712500     -7.31390987680500      n
    2.77000021362938     -2.48320618223573     -6.46703775007333      h
    0.68273194791264     -4.02669806291719     -8.46979541126839      h
    0.87301955929007     -8.59486711222042     -9.22396987952456      h
    3.45519835337550    -12.48182256618708     -8.44974202247561      h
    7.17175940903716    -12.12031870559876     -6.00532926436621      h
  0.72590435977377D-03  -.21365067003858D-02  0.16831914412235D-03
  0.10073241294284D-03  -.55333736669461D-03  -.18448398164428D-03
  0.29360665375666D-03  0.57690399662391D-03  0.73495194134576D-04
  -.17603424134083D-02  0.13053115405413D-02  0.33170084799772D-03
  0.94465095154561D-03  -.13062054949726D-02  0.61084487989316D-03
  0.86213311092997D-03  0.50427054453817D-03  -.14961223578691D-03
  -.16440397564654D-03  -.15504918701126D-03  0.10362142633991D-03
  0.32459455919920D-03  -.43407241548721D-04  0.25927120630520D-03
  -.81501575623477D-04  0.21442659805615D-02  -.12602386722502D-02
  -.30440528653108D-03  0.80247031191671D-03  -.34603528367905D-03
  -.15472163751431D-02  -.11713480179438D-02  0.70101028254754D-03
  0.15874038429331D-03  -.16005516296003D-03  -.42819179589149D-03
  -.16147716135428D-03  0.72998672220770D-04  -.64674269605547D-04
  0.48350503145222D-04  0.62713112829016D-04  0.14510008390323D-03
  0.69131333267136D-04  -.85467535024364D-04  0.44352709233086D-04
  -.16340496982359D-03  -.67359822283386D-03  0.61222036503050D-03
  0.15286521068867D-02  -.28343493494809D-03  -.13182331991080D-02
  -.18631103881876D-02  0.30216002447814D-02  0.12387796467994D-03
  -.20973253967504D-03  -.12540663881166D-02  0.47086127624141D-03
  -.29126095475807D-03  0.61237728699126D-03  -.48781654735386D-03
  -.21291454148908D-03  0.28867165383062D-03  -.23069812319498D-03
  0.11830638326540D-02  -.15903563033550D-02  0.73717226048409D-03
  -.11183399133033D-02  -.65473641634028D-03  0.53698541180047D-03
  0.14251143384643D-02  0.51041516429229D-03  -.62315466140017D-03
  0.12512946577736D-03  0.18446503126257D-03  -.60324964602287D-04
  -.12412075962542D-03  -.14353078127538D-03  0.48249837816572D-03
  0.21242694049661D-03  0.12463643388294D-03  -.24786759573581D-03
  cycle =     10 MP2 energy =     -935.0378427215 |dE/dxyz| =  0.005940
    7.23540613648906     -3.16974862539016     -3.91999776515286      ag
    8.26651598635365      4.22879495693243     -1.43630008660871      n
    7.35330336885535      2.02707124665742     -2.52589679960700      c
    8.82043774815513     -0.10805213180980     -2.17341551676102      n
   10.99797300009247     -0.04368259690192     -0.89654336920770      c
   11.91112416712541      2.25255672435810      0.17369386947351      c
   10.46990494949640      4.34675490407147     -0.14228872728903      c
    5.37359223758565      1.98373396741089     -3.70495840219111      o
   12.32139435442633     -2.17668531434305     -0.66268579261138      n
   11.64233840590864     -3.81627531447228     -1.38195783489077      h
   13.89677567721920     -2.23525870726154      0.40446168696126      h
   13.67806421277815      2.32982599115242      1.19226180293836      h
   10.98920582550284      6.18006399285703      0.60525053271440      h
    7.17812168708580      5.78697346774882     -1.67770012479574      h
    6.00767342948320    -10.58460327940948     -6.24219817999955      n
    6.97002827989298     -8.38796598602189     -5.18826341573090      c
    5.61395098923896     -6.20665795296652     -5.67353673437441      n
    3.51028451898438     -6.21889160609216     -7.06553298675491      c
    2.54768468670497     -8.50620031595423     -8.11263596811441      c
    3.86845525396010    -10.64979967817828     -7.64760961538792      c
    8.89418965287858     -8.38524432095911     -3.91743608725378      o
    2.32214317119688     -4.03464667666936     -7.45385686159078      n
    2.98669897949024     -2.41089666137524     -6.68971294247963      h
    0.77350309914181     -3.95407153917625     -8.55807351912284      h
    0.83602131401504     -8.53966308809350     -9.22485908991502      h
    3.29976954309123    -12.48365215273670     -8.35676679702176      h
    7.00715791626595    -12.18044547278056     -5.89047233554727      h
  0.18084105515576D-03  -.38768572347093D-03  -.44343613334063D-04
  0.27175813473002D-03  0.16897591315335D-03  0.39257208096588D-03
  -.28743413027499D-05  0.96125603007202D-04  -.90326627702408D-03
  -.22929185246663D-02  0.74770028410454D-03  -.71766796957862D-04
  0.81433164030997D-03  -.20011874436818D-02  0.47770181202722D-03
  0.30530154806030D-03  0.35439428345097D-03  -.15259287713842D-03
  -.27557338300133D-03  0.85685052404472D-04  -.40701975893409D-03
  0.36980470692427D-03  -.45380625609326D-04  0.67753193467190D-03
  0.15977856317537D-02  0.14242282699444D-02  0.10997999670881D-03
  -.40404886066980D-03  0.80894646146135D-05  -.30051678907439D-03
  -.83714135632462D-03  -.64578729859621D-03  0.25776531712829D-03
  0.39398662696755D-05  -.12969526308926D-03  -.23472642215960D-03
  -.22314920355604D-03  0.96076277108281D-04  -.30453031207855D-07
  -.56474760703473D-04  0.68753463229321D-04  0.17106401599176D-03
  0.37456125798085D-03  0.13224642669485D-03  0.23760843063081D-03
  -.44049772649668D-03  -.28288748405547D-03  -.32551329313879D-03
  0.59605667126839D-03  0.31453729784703D-03  -.24304398174402D-03
  -.14363360342120D-02  0.19348757926680D-02  -.25256977272647D-03
  -.10009466445560D-03  -.68459041142965D-03  0.18743720485048D-03
  -.63009686560145D-03  0.35429112417162D-03  -.12261502924638D-03
  0.25017398254690D-03  0.28193513140273D-03  0.16271868672924D-03
  0.14619529814457D-02  -.20575439196016D-02  0.67038737669733D-03
  -.23529137702982D-03  -.19411443498463D-03  0.20344596552757D-04
  0.83500784742530D-03  0.29225648732445D-03  -.26199070387811D-03
  -.17145296718635D-03  0.46652732068941D-04  0.46068796881293D-04
  0.58064953580850D-04  -.47611549804927D-04  0.40250052291135D-05
  -.13630099314099D-04  0.69660517420189D-04  -.95209422130926D-04
  cycle =     11 MP2 energy =     -935.0377123006 |dE/dxyz| =  0.008126
    7.25546147119208     -3.19015005979684     -3.90882314735097      ag
    8.31077760992045      4.19020226977889     -1.58161111022068      n
    7.44893948462055      1.94718928451026     -2.62763043796040      c
    8.91315368833247     -0.17107918273862     -2.16550862849726      n
   11.04174698011582     -0.05550366775970     -0.81896055406805      c
   11.88752188782394      2.27453623939455      0.22953576420400      c
   10.45871324489526      4.35479632007144     -0.20226338687303      c
    5.51773890756958      1.85807916111338     -3.88657702705064      o
   12.39699023366972     -2.15734400503525     -0.45491348136982      n
   11.80746855629113     -3.84419038588961     -1.14373035027500      h
   13.96147614935695     -2.10902293658154      0.63442925465452      h
   13.60430756162381      2.39187842910218      1.32840947908558      h
   10.94923790655817      6.20928811605989      0.51131439432802      h
    7.23128912838789      5.73488845172507     -1.92579313936321      h
    6.02324528399227    -10.55407816420838     -6.34443745066001      n
    6.95520421589583     -8.36701803237728     -5.24269124240239      c
    5.56768040538674     -6.19112199060713     -5.66868354461309      n
    3.44254849000290     -6.21248454265050     -7.03177749844775      c
    2.52210945110536     -8.48566134487070     -8.13951918922797      c
    3.88413560235891    -10.61899058273603     -7.74517201807265      c
    8.88433570551902     -8.37363791748378     -3.97896257325197      o
    2.16101806497253     -4.05090934686120     -7.32509847643278      n
    2.79069240180872     -2.42285607741814     -6.53555459147610      h
    0.55711553420826     -4.00835933886105     -8.35746399446039      h
    0.80684421414888     -8.52194151868146     -9.24600993909403      h
    3.34319772116155    -12.44074012802151     -8.50527570063448      h
    7.04876869049958    -12.14243521858037     -6.03426247079040      h
  -.16283206919698D-03  0.21026660506785D-02  0.29985558080636D-03
  0.75378236828061D-03  0.12393012220784D-02  0.71971440116125D-03
  -.12775937626919D-02  -.16599350973534D-02  -.20284162391704D-03
  -.97337275341181D-03  -.59363573591442D-03  -.78046224769146D-04
  -.11157257809735D-02  0.45574280515659D-03  -.15244335451117D-02
  -.10104891939946D-02  -.10107344042920D-02  -.79074963613568D-03
  -.35374016773959D-03  0.70237453694943D-04  -.22300463134695D-03
  0.52432731047958D-03  -.20061499190049D-03  -.34272587728346D-03
  0.27378724346470D-02  -.80654436449024D-03  0.72840441073208D-03
  0.32949895982892D-03  -.10328839712184D-02  0.12665244394849D-03
  0.68869418889417D-03  0.23453275244117D-03  0.11063511755758D-02
  0.65250444354348D-05  0.38014881780235D-05  0.12896739890245D-03
  0.10207937040585D-03  0.34902423581507D-04  -.84167401039004D-04
  -.12718381636745D-04  -.36524288025142D-04  -.28312756126248D-04
  -.39193332193488D-04  0.13867518186039D-03  0.96420432644129D-04
  -.97979347797938D-03  0.31370673298348D-03  -.39518411697692D-04
  0.19925386031252D-02  0.67355969433702D-03  0.10559038805424D-02
  0.19210607538387D-02  -.29451435099253D-02  -.11384971702180D-02
  -.15234303429423D-04  0.72167351566721D-03  0.55421543732503D-03
  0.52241714339996D-03  -.33408691795600D-03  0.14324190792969D-03
  0.36264255960461D-03  -.45003069324423D-04  0.35192522943461D-03
  -.22393511253895D-02  0.19793326689150D-02  -.16421570615410D-03
  -.13667567539111D-03  0.78499867022508D-03  0.31888249752265D-03
  -.14257488844311D-02  0.21974329270991D-03  -.88140653492363D-03
  -.10988009741730D-03  -.88381790882552D-04  0.14869789738192D-04
  -.12979264659263D-04  -.74327117687290D-05  -.22130274382803D-04
  -.76110578589805D-04  -.21195301969890D-03  -.12535486053111D-03
  cycle =     12 MP2 energy =     -935.0379652569 |dE/dxyz| =  0.003056
    7.24806800307751     -3.18623737375115     -3.90800595306355      ag
    8.31579192343266      4.21148919567480     -1.56308964185253      n
    7.43530090058464      1.98175595595226     -2.61977009939487      c
    8.88769641462637     -0.14747933355818     -2.17259575145194      n
   11.02033294918133     -0.04939945499648     -0.83240553083979      c
   11.89068595828935      2.26825457059596      0.22670833880077      c
   10.47065577759646      4.35743804050040     -0.18984045572802      c
    5.49717456953952      1.91254856740151     -3.86918802677157      o
   12.34648929385598     -2.16848181729599     -0.49973535309023      n
   11.72589882621862     -3.83513427161484     -1.20619802953060      h
   13.92066538861858     -2.15901795103878      0.57314445114436      h
   13.61258784525770      2.36749049092755      1.31896745430217      h
   10.97224903569973      6.20591117462041      0.53150688537252      h
    7.24447472577338      5.76483815092895     -1.89338670291019      h
    6.02973864598131    -10.56345778280649     -6.33198540656380      n
    6.96409248438753     -8.37677938261545     -5.23155786877276      c
    5.57774590800166     -6.20098122069178     -5.66166501048951      n
    3.45508582180669     -6.21974988902597     -7.02502979780561      c
    2.53214240741303     -8.49278488389641     -8.13398100198644      c
    3.89115564441813    -10.62667294460055     -7.73530432223034      c
    8.89255206991268     -8.38241883546188     -3.96766214265340      o
    2.19293092437811     -4.05533475993004     -7.32409054512846      n
    2.83170111141584     -2.43221565934086     -6.53551207097046      h
    0.59312810727786     -4.00288424550983     -8.35755272077309      h
    0.81915392430340     -8.52668061172457     -9.24362628731539      h
    3.35068495959957    -12.44839393825279     -8.49563771393396      h
    7.05353497077071    -12.15228795989321     -6.01953775668428      h
  -.12246539973415D-03  0.10619922867342D-02  0.11072375051815D-03
  0.49109488279520D-04  0.51800689992021D-03  0.22058229531097D-03
  -.35812824981285D-03  -.71556326088107D-03  -.29917623045606D-06
  0.10384365139915D-03  -.10871141773197D-02  0.49316726948123D-03
  -.35692951389876D-03  -.40531352664441D-03  -.72726469057738D-03
  -.40171884113072D-03  -.18334035181100D-03  -.35988593894487D-03
  0.16077621584953D-03  -.50694400798079D-04  0.68703754686261D-04
  0.72017198089469D-04  0.14728181159995D-04  -.32720989184121D-03
  0.68660020774658D-03  0.32587965285025D-03  -.32891096396437D-03
  0.24549584585398D-03  -.22670155750237D-03  0.22655021651907D-03
  -.82808205577045D-04  0.13676019758690D-03  0.49025210569642D-03
  -.22152373864159D-05  0.34049178204820D-04  0.10459879417013D-03
  0.84091730582436D-04  0.39582373787539D-05  -.61587461395618D-04
  -.33500803633402D-05  -.49117121776021D-04  -.13652038992840D-04
  0.10581041151791D-03  0.59171688885584D-04  0.12142433196716D-03
  -.56391409148615D-03  0.86277356786901D-04  0.15096761233258D-03
  0.71125383934501D-03  0.81386383863657D-03  0.42789562411549D-04
  0.56207321432211D-03  -.62187961952809D-03  -.54171679513093D-03
  -.27070261776174D-04  0.22609201891655D-03  0.17842989359984D-03
  0.12042054969585D-03  -.13825790719224D-03  0.22284682414941D-04
  0.12650541691883D-03  -.88242382162207D-04  0.15771579764845D-03
  -.54618679732421D-03  0.25942514285937D-03  0.22709717495140D-03
  -.21455422879657D-03  0.97374692363594D-04  0.41005524123783D-04
  -.29146724671669D-03  0.72023997031323D-04  -.23997524544672D-03
  -.29946355754262D-04  -.59950187053071D-04  0.47760335898595D-04
  0.27632371212949D-04  0.10727002412558D-04  -.24085644808380D-04
  -.54875541432686D-04  -.94156001276602D-04  -.79465241776822D-04
  cycle =     13 MP2 energy =     -935.0380429241 |dE/dxyz| =  0.001658
    7.24475636744376     -3.17933983898395     -3.91541409407959      ag
    8.31941830456923      4.23119637089402     -1.54537284133411      n
    7.42283772141161      2.01465550476076     -2.61466326480047      c
    8.86576070116466     -0.12385367746991     -2.18372235605003      n
   10.99976927776110     -0.04574012267390     -0.84298114768656      c
   11.88854836336899      2.25928042100061      0.22896066886248      c
   10.47643520101458      4.35737191842689     -0.17288658232767      c
    5.47807388080944      1.96256788263559     -3.85347672587465      o
   12.30053160700039     -2.18319375240603     -0.52916701936576      n
   11.66138863856779     -3.83125998474803     -1.26238511210165      h
   13.89238353088149     -2.20321397590121      0.51646808313661      h
   13.61382584899686      2.34162517809854      1.31685139342981      h
   10.98387939471152      6.19820025864093      0.56380194497972      h
    7.25697143100839      5.79322308257571     -1.86384578266753      h
    6.03723987163300    -10.57094583815817     -6.32059821092270      n
    6.98216011409748     -8.38123962146406     -5.23510448817848      c
    5.59078998172692     -6.20820582845174     -5.66157412175221      n
    3.46621166926896     -6.22644332864463     -7.02021331315764      c
    2.53437430128840     -8.50204633993106     -8.11712788828727      c
    3.88907787359833    -10.63705230764907     -7.71017281866501      c
    8.92125911950611     -8.38082603351768     -3.98819815804700      o
    2.22337922725522     -4.05539335518825     -7.33690652800765      n
    2.87702014081193     -2.43208856977709     -6.56106060230410      h
    0.62297487507437     -3.99705951277247     -8.36768630111606      h
    0.82366337485315     -8.53448652642481     -9.23026632407451      h
    3.33803463485271    -12.46282020501912     -8.45310744872432      h
    7.06095313874196    -12.15957796725531     -6.00718202120459      h
  -.50981116094417D-04  0.21339462798681D-03  0.71316866062654D-06
  -.25638735675404D-03  -.87317159808364D-04  -.16620420386859D-04
  0.16642536891620D-03  0.15380076481453D-03  -.16836334269366D-03
  0.13977839129620D-03  -.75901627146147D-03  0.48859060174755D-03
  -.26072989265735D-03  0.18355002639314D-03  -.79468041603192D-04
  0.54295864295284D-04  0.18787718500590D-03  -.27197899267861D-04
  0.22501991040302D-03  -.45480805912490D-05  0.69444347999159D-04
  -.90824050953842D-04  0.45175695852606D-04  -.27425881619081D-05
  0.96415792688376D-04  0.49374985525930D-04  -.51836213592882D-03
  0.96101296698237D-06  -.67167520299449D-04  0.85902282343842D-04
  -.12399633401561D-03  -.30596063818278D-04  0.21552110185930D-03
  0.33540322893266D-04  0.26012944051579D-04  -.38016383878237D-04
  -.40256715567732D-04  -.23971766275999D-04  0.76826202167535D-04
  0.22899126802756D-04  -.76560007595816D-05  -.79854488453490D-04
  0.22582239031510D-03  0.68300242421770D-04  -.11978192979933D-03
  -.18060796289809D-03  -.95778707959404D-04  0.30787346622851D-03
  0.11375290042137D-03  0.46867002547435D-03  -.51242017166997D-03
  -.20135501109664D-03  -.17787312127915D-03  0.39481521966156D-03
  -.37722352880465D-04  -.12160764996327D-04  0.35409115198171D-04
  -.86375113760973D-04  -.34383277862204D-04  -.21608365444514D-04
  0.62517476994373D-04  -.38270019196318D-04  -.44098085467681D-04
  0.94251260989608D-04  -.16979038306530D-03  0.11542334653658D-03
  -.48109012189324D-04  0.45027419874444D-04  0.13944667508259D-04
  0.96768301848016D-04  0.57262463432184D-04  -.85913952862171D-04
  0.13642809511083D-03  0.45138189980087D-04  -.20113853715475D-03
  -.98384589897638D-04  -.40214830569596D-04  0.16580877293793D-03
  0.68532430930190D-05  0.51591820575680D-05  -.54686046608410D-04
  cycle =     14 MP2 energy =     -935.0380477772 |dE/dxyz| =  0.001423
    7.24967165495725     -3.18063259057438     -3.91882909668640      ag
    8.32113993608917      4.23550112440857     -1.54854071437050      n
    7.42302717985155      2.02088762433216     -2.62049360619852      c
    8.86460168890402     -0.11836671860686     -2.19106750965627      n
   10.99629414535507     -0.04428352274136     -0.84545320192486      c
   11.88571349997192      2.25857151146695      0.23045653078930      c
   10.47704623966852      4.35856935939194     -0.17429438771158      c
    5.47901067135432      1.97101329461866     -3.86035665986076      o
   12.28729110047045     -2.18581518243472     -0.52570857877139      n
   11.64713108221363     -3.82989596973403     -1.26609689221806      h
   13.88706515097186     -2.20862074660834      0.50700246345665      h
   13.60708661080722      2.33747414030128      1.32464113553057      h
   10.98808708815777      6.19963541264993      0.55931343123575      h
    7.25868352096468      5.79828171016613     -1.86328255190441      h
    6.03693447249504    -10.57492823670071     -6.32103631045206      n
    6.98425986310085     -8.38721199371699     -5.23354602551503      c
    5.59679857444691     -6.21234682169481     -5.66172329440694      n
    3.47392539237603     -6.22580895183289     -7.02322343596793      c
    2.53748070826541     -8.50046129959899     -8.11866598007869      c
    3.89185668010940    -10.63640618834251     -7.71565297457719      c
    8.92023494738500     -8.39019688341912     -3.98197429448560      o
    2.23770908551950     -4.05199777728721     -7.34082517445058      n
    2.88126206442840     -2.43607507692744     -6.54213554725648      h
    0.61630731178311     -3.99668269190870     -8.33783999250558      h
    0.82038946142410     -8.53250312835570     -9.22189523672036      h
    3.34614511904042    -12.45871067792304     -8.47086555299976      h
    7.05656534130676    -12.16565588833125     -6.00493760261427      h
  -.39183803520915D-04  0.16060986667732D-04  0.24033221742714D-05
  -.23652151443421D-03  -.16212641401658D-03  0.13331516399706D-04
  0.20532757200575D-03  0.28434885889350D-03  -.96261872076564D-04
  -.34930335495620D-04  -.44687864063331D-03  0.40672154908017D-03
  0.31166373708835D-03  -.81756122360943D-05  -.23601814373819D-03
  0.71726831663455D-04  0.20339916081902D-03  0.13015282562812D-03
  0.12573267137439D-03  -.51829194385178D-04  0.88900998829189D-04
  -.44631285522456D-04  0.23509521227538D-04  -.26487978711742D-04
  -.19581901980104D-03  0.14083048512603D-03  -.38838676878328D-03
  -.31148937881254D-04  0.10071719101301D-03  0.12510898997942D-03
  -.21560897675066D-03  -.39223722622550D-04  0.30632140455289D-04
  -.38894319739136D-04  -.70836672505514D-05  0.41841042675905D-04
  0.36338396098845D-04  0.11468456872166D-04  -.78449313102968D-04
  -.22645320215453D-04  -.24286732434931D-04  0.35818812937904D-05
  0.51063387584649D-04  0.17907828498309D-04  0.79872013421189D-04
  -.51446762836527D-04  -.97695137347031D-04  0.20271373476533D-03
  -.64894759578049D-04  0.19765342368494D-03  -.32287691718969D-03
  -.36358262647695D-04  0.37437142974550D-03  -.30882815041888D-03
  -.49022940267207D-04  -.13723043690161D-03  -.16146594870037D-04
  -.15007026968883D-03  0.60785165203470D-05  0.20746086065060D-04
  0.12997183716834D-04  -.27596570641109D-04  -.20201761790517D-04
  0.41209888919802D-03  -.25961555841825D-03  -.27268791136237D-05
  -.12220795805096D-03  -.13074991242945D-03  0.81387852355785D-04
  0.10075099526752D-03  -.12887436796616D-05  0.20910199678870D-03
  -.75483981866853D-04  -.21626984670675D-04  0.14701241439496D-03
  0.12455322906324D-03  0.36997433745078D-04  -.15550901708750D-03
  -.43384534648361D-04  0.20636991244771D-05  0.68384883172179D-04
  cycle =     15 MP2 energy =     -935.0380570206 |dE/dxyz| =  0.000701
    7.25099030272311     -3.18269684964756     -3.91657748513088      ag
    8.32151319550266      4.23558402716818     -1.54991860635262      n
    7.42342829158595      2.02010526736306     -2.62083512660267      c
    8.86640151340763     -0.11796561051340     -2.19205296787204      n
   10.99636712948562     -0.04440933650723     -0.84281390699873      c
   11.88369018949290      2.25848375957700      0.23339007221786      c
   10.47566540704826      4.35863701624258     -0.17371590621027      c
    5.47964111800271      1.96898145967193     -3.86090074009006      o
   12.28886900021307     -2.18504892337956     -0.52007893086725      n
   11.65541940817230     -3.82839881991642     -1.26803788924631      h
   13.89443184322352     -2.20350980397808      0.50391941388663      h
   13.60388775496994      2.33789894111031      1.32940331603118      h
   10.98570548013657      6.19965534276191      0.56077083482912      h
    7.25873544156051      5.79818024076299     -1.86463757968633      h
    6.03628924038138    -10.57563808149844     -6.32266398137376      n
    6.98400934872122     -8.38830862619080     -5.23461044888326      c
    5.59448808994217     -6.21406148141954     -5.65770886061068      n
    3.47089264432828     -6.22648085491260     -7.01898707644288      c
    2.53475268506651     -8.50066783144968     -8.11518834137374      c
    3.89001094658340    -10.63660895177667     -7.71487965290200      c
    8.92110447639319     -8.39139430620942     -3.98487435383804      o
    2.23354591755016     -4.05256302162574     -7.33830827161839      n
    2.88529268464153     -2.43282499441172     -6.55388955184174      h
    0.61877914218138     -3.99642014131483     -8.34650474357517      h
    0.81717725565464     -8.53247886095451     -9.21772115727380      h
    3.34298273826286    -12.45872956522515     -8.46960123974007      h
    7.05764734618689    -12.16598616313002     -6.01000787875505      h
  0.12851554191950D-05  -.42889960539971D-04  -.12728553183544D-04
  -.27230832348013D-04  -.80979842637774D-04  0.94025921535845D-04
  0.10299189723195D-03  0.18369055160861D-03  -.35896144303660D-04
  -.26055054116592D-03  -.14345883885269D-04  0.15871737282414D-03
  0.27554181251688D-03  -.11629195266316D-04  -.25626412066160D-04
  0.12547023361620D-04  -.90540927444316D-05  0.42665407747222D-04
  -.30330049840543D-05  -.27173502761713D-04  -.57396478607252D-04
  -.65158754196659D-05  -.35735992177877D-04  -.32568116747456D-04
  0.53401083739857D-04  0.52083219530985D-04  -.16351379276536D-03
  -.47469115121990D-04  0.82980365496255D-04  0.63337843148936D-04
  -.11229363703702D-03  -.30262520733904D-04  0.10271819391505D-04
  -.29054788379668D-04  -.18857964094510D-04  0.25213260181900D-04
  0.14437783292243D-04  0.13162092026064D-04  -.51087792521276D-04
  -.21059819650837D-04  -.87893081897050D-05  0.16049201206014D-04
  -.83041326787825D-04  -.33294131966954D-05  0.31622596115888D-04
  0.63102729074505D-04  -.13744178287922D-04  0.20311924680882D-04
  0.22275846491526D-03  -.93603194459391D-04  -.72091912364680D-04
  -.10797102211058D-03  0.11433294360064D-03  -.62399591296725D-04
  0.25003201150398D-04  -.49896526904902D-04  -.46250028064243D-04
  0.10327877046912D-05  0.28535108206995D-04  0.32548948132316D-04
  -.81010343023991D-04  -.38035958382920D-05  0.11391378002656D-04
  0.29708951473140D-04  0.36214764632447D-04  -.97630179793029D-04
  -.24930189472583D-04  -.78830830156917D-04  0.32234748315041D-05
  0.71550130158471D-05  0.83772299277474D-05  0.73244622906365D-04
  -.68925350300120D-04  -.14157608449028D-04  0.12251391815266D-03
  0.85748792118867D-04  0.25605533238604D-04  -.10189894633506D-03
  -.21628952112884D-04  -.78985085245620D-05  0.53950107377743D-04
  cycle =     16 MP2 energy =     -935.0380268685 |dE/dxyz| =  0.004288
    7.25502458960071     -3.19003065112763     -3.90959591921828      ag
    8.31514443365530      4.22612848840699     -1.55369236801453      n
    7.42438676171923      2.00341807885083     -2.61865494909983      c
    8.87633535697940     -0.12776372745875     -2.18819045183208      n
   11.00527054053950     -0.04601861398667     -0.83633018546435      c
   11.88316613242517      2.26334719122155      0.23078261261611      c
   10.46854463398753      4.35883719579659     -0.17942083163016      c
    5.48119073295089      1.94251226970458     -3.85882613446640      o
   12.31914413797805     -2.17667516753782     -0.50530761857159      n
   11.70191146963663     -3.83081084813889     -1.24654516248093      h
   13.92405857285876     -2.17494356217379      0.52289964654308      h
   13.60416971341861      2.35221193938196      1.32514653765068      h
   10.97286001191728      6.20242082589810      0.55281835645476      h
    7.24667097735874      5.78440441723269     -1.87095945733684      h
    6.02761577784056    -10.57604771618514     -6.32402242848203      n
    6.97490782739685     -8.39018817480096     -5.23219317105449      c
    5.58563738980456     -6.21504423780070     -5.64951298161629      n
    3.46314641805484     -6.22457376341086     -7.01448413315300      c
    2.53096589213118     -8.49563485282489     -8.11805360373810      c
    3.88301482514833    -10.63391910112307     -7.71758498590581      c
    8.91282976465442     -8.39527087004195     -3.98341963595671      o
    2.22632751963967     -4.04739428149053     -7.34769967501196      n
    2.87106510959621     -2.42540005432758     -6.55885664838431      h
    0.61334886740159     -3.99536450315940     -8.36221046297894      h
    0.81998016555462     -8.52366558804103     -9.23124082163393      h
    3.33565377939939    -12.45419694634626     -8.47679424353150      h
    7.04934718977033    -12.16700391592078     -6.01508234402355      h
  0.15463607489941D-04  0.20853724533376D-03  -.73734343162268D-05
  0.53549423197374D-03  0.38390360215423D-03  0.42869452361671D-03
  -.38389761478630D-03  -.53197260894411D-03  -.13477253740080D-03
  -.98918803466264D-03  0.86833722235591D-03  -.49866160907874D-03
  -.75889703876619D-03  0.53363540596951D-03  0.23811345242208D-03
  -.19099563313318D-03  -.56505624190173D-03  -.45196484701737D-03
  -.38839183935480D-03  0.11840204409630D-03  -.35897150383857D-03
  0.26720099456767D-03  -.99113704187914D-04  0.67323098846828D-05
  0.15113858857063D-02  -.52400583494361D-03  0.41914792412001D-03
  -.12391488550323D-03  -.55060681363273D-03  -.16210728278843D-03
  0.58864673141734D-03  -.56270278805504D-04  0.44766604132285D-03
  0.30623456249934D-04  -.37511928159706D-04  0.13835972518805D-04
  -.26207518048382D-04  0.29212249763155D-04  0.27374189471630D-04
  0.53065381422357D-07  0.52589562137939D-04  0.35189623509124D-04
  -.18005432681700D-03  -.20485873703180D-04  -.22565651179085D-03
  -.12503615639803D-03  0.18577598819913D-03  -.22336431215564D-03
  0.12105004532743D-02  -.45554646907053D-03  0.35389990465617D-03
  0.93869210774145D-04  -.16115542729622D-02  0.88053718220404D-03
  0.26486322908248D-03  0.40383041002423D-03  -.23107747086470D-04
  0.18387492164029D-03  -.83165444818789D-04  0.38108097211964D-03
  -.14461470819072D-04  0.75815643523214D-04  0.99865786403086D-04
  -.95114922521766D-03  0.11635822665976D-02  -.87470601616069D-03
  0.10796545701841D-03  0.46869685241369D-03  0.23715944280323D-03
  -.68769450955752D-03  0.10360818077626D-03  -.43646728358304D-03
  -.16601007042816D-04  0.20629329762989D-04  -.84661533636954D-04
  0.33277810538301D-04  -.11784983763974D-04  -.82078694084498D-04
  -.67298044701403D-05  -.69481858627540D-04  -.54041006241068D-05
  cycle =     17 MP2 energy =     -935.0380426238 |dE/dxyz| =  0.002943
    7.25549745468782     -3.19019869857999     -3.90982203523877      ag
    8.31530044412471      4.22677482979269     -1.55393477584663      n
    7.42434299847926      2.00459047311965     -2.61918219657996      c
    8.87589858082635     -0.12703194461629     -2.18865362976896      n
   11.00424798828797     -0.04531145431383     -0.83706643972222      c
   11.88308827595236      2.26362891534599      0.23108461824478      c
   10.46883026489478      4.35921445811599     -0.17907491672405      c
    5.48096261371989      1.94430993292417     -3.85932845993273      o
   12.31462557070864     -2.17680953908701     -0.50758959140557      n
   11.69516736495656     -3.82918376649584     -1.24986020001814      h
   13.91930176744583     -2.17796162286659      0.52006592360242      h
   13.60392841257291      2.35182153963861      1.32570453920787      h
   10.97318773712679      6.20265756012681      0.55342651883921      h
    7.24699700007727      5.78514872237413     -1.87113720714887      h
    6.02790132461406    -10.57666460559543     -6.32447851872211      n
    6.97582631856901     -8.39114623444899     -5.23252116699455      c
    5.58685169228152     -6.21563359464441     -5.64984290427480      n
    3.46480836574593     -6.22471971161432     -7.01431005178436      c
    2.53120038455007     -8.49550621312444     -8.11780375590106      c
    3.88287847679001    -10.63403298008722     -7.71787872810920      c
    8.91380204811732     -8.39685143100677     -3.98390363085712      o
    2.23000283964313     -4.04776249922335     -7.34485935867388      n
    2.87630990410768     -2.42712002718247     -6.55541254971156      h
    0.61697043453692     -3.99385726163160     -8.35814829329116      h
    0.81975462730756     -8.52295549500656     -9.23021295044452      h
    3.33480730742304    -12.45422382612595     -8.47671818476465      h
    7.04922839387095    -12.16784169519037     -6.01557311430036      h
  0.12331791280684D-04  0.17749079020751D-03  -.93968397405775D-05
  0.37290015739511D-03  0.29786903532703D-03  0.31653303732115D-03
  -.27734146155067D-03  -.41897965024784D-03  -.79363951701605D-04
  -.55738853422715D-03  0.59571451598206D-03  -.25857921871486D-03
  -.61924046410589D-03  0.22473715473215D-03  0.18559924947237D-03
  -.14594572218662D-03  -.43257140569475D-03  -.37202613165288D-03
  -.24390652429673D-03  0.10198869594547D-03  -.26817881940477D-03
  0.17840924857992D-03  -.63150396515610D-04  -.26607856073113D-04
  0.10579427985959D-02  -.23406568721285D-03  0.22306515848936D-03
  -.89949551807633D-04  -.38222705985547D-03  -.10077907660344D-03
  0.37393582431910D-03  -.23918991532423D-04  0.32080163594106D-03
  0.22286425717333D-04  -.24505418597442D-04  0.13750128624146D-04
  -.17289223417816D-04  0.19435847845806D-04  0.27973160991124D-04
  -.21813498962686D-05  0.37770080600907D-04  0.31059801917532D-04
  -.11187527248901D-03  -.22311628102401D-04  -.17299966119810D-03
  -.88990962495483D-04  0.14907856803337D-03  -.18014066849448D-03
  0.77015050710294D-03  -.25924086034568D-03  0.13198730623420D-03
  0.12618868517222D-04  -.10953787545986D-02  0.80775769846397D-03
  0.21073766208168D-03  0.34153704029594D-03  -.29075591390537D-04
  0.11079978707507D-03  -.79594878574341D-04  0.29904208453146D-03
  -.16979317461363D-04  0.48331360552822D-04  0.84322462145181D-04
  -.57251963638549D-03  0.71576821652286D-03  -.68974199509242D-03
  0.70964243542360D-04  0.31153313834853D-03  0.18009140690900D-03
  -.45959496876424D-03  0.58016995987287D-04  -.28993066346228D-03
  -.78453626217723D-05  0.13121527243309D-04  -.68995384885362D-04
  0.28632544895268D-04  -.40556805629421D-05  -.75445521400042D-04
  -.10661561805847D-04  -.52392868470363D-04  -.72186709854094D-06
  cycle =     18 MP2 energy =     -935.0380587850 |dE/dxyz| =  0.000768
    7.25797470966193     -3.19131693141796     -3.91084212396038      ag
    8.31598438429821      4.22862387376383     -1.55575704487206      n
    7.42478401783500      2.00785101662485     -2.62212349336570      c
    8.87544989428339     -0.12467286707393     -2.19145735215074      n
   11.00248372213309     -0.04311972348083     -0.83915613282766      c
   11.88240123775266      2.26469048502776      0.23253259889056      c
   10.46875321460313      4.36032287587080     -0.17822228434253      c
    5.48105385960674      1.94885493634407     -3.86206600726672      o
   12.30453654397454     -2.17761037405865     -0.51107649226626      n
   11.68060171461894     -3.82584637156542     -1.25684756944865      h
   13.90856256034852     -2.18561102762575      0.51596187341554      h
   13.60205851273188      2.35136899153541      1.32898155865709      h
   10.97240355202751      6.20342450753562      0.55547074975334      h
    7.24807255710314      5.78723064835710     -1.87285143078275      h
    6.02873645840868    -10.57864574457908     -6.32649787382394      n
    6.97896660182146     -8.39433829947430     -5.23429653257284      c
    5.59083426640815     -6.21782382585057     -5.65091371138080      n
    3.46946385229003     -6.22484281695614     -7.01487637415435      c
    2.53161031683384     -8.49515049469913     -8.11723115032938      c
    3.88237192503196    -10.63437141924004     -7.71882922038584      c
    8.91751328176996     -8.40179198426141     -3.98675324531755      o
    2.23745703078390     -4.04780259523884     -7.33713872853481      n
    2.88742981699551     -2.43028434928015     -6.54593498215834      h
    0.62351039655619     -3.98942690165658     -8.34691082653955      h
    0.81840968010440     -8.52122213102176     -9.22678578470164      h
    3.33139400711174    -12.45458328271015     -8.47536099992314      h
    7.04890047632387    -12.17057236427212     -6.01804847993183      h
  0.52902580041092D-05  0.63226134398131D-04  -.73633851726262D-05
  0.47876942795844D-04  0.63688524187810D-04  0.85253739668723D-04
  -.86297494854115D-04  -.10679437174588D-03  0.11317072434736D-05
  0.34970051062455D-04  0.10316073241068D-03  0.94703975558330D-04
  -.22590350387652D-03  -.10217726735107D-03  0.40552277585704D-04
  -.16474152918278D-04  -.10361712451656D-03  -.12192976822067D-03
  0.58042317858664D-05  0.56227740493853D-04  -.93623679454424D-04
  0.50928516387216D-04  -.63087529689199D-06  -.37693019550034D-04
  0.25355663781745D-03  0.69323617987394D-04  -.10454361557866D-03
  -.32755870396750D-04  -.66013146070354D-04  0.11174125640334D-04
  -.38312494448078D-05  0.13540458582595D-04  0.98898404147896D-04
  0.11889597510972D-05  -.74282943418602D-06  0.12850745206627D-04
  -.30119413716445D-05  -.26272081861123D-05  0.20688380532707D-04
  -.73723600246822D-05  0.45356040789812D-05  0.19147782011730D-04
  0.87278149518699D-05  0.21443461868387D-05  -.56555638842770D-04
  -.79044661762673D-05  0.37152018803610D-04  -.34173097289258D-04
  0.50938141503476D-04  0.57947468685704D-05  -.13500343380146D-03
  -.17509465791932D-04  -.19082873648202D-03  0.37215019192960D-03
  0.31524744713352D-04  0.10229043501120D-03  -.23163323428221D-05
  -.21033856905106D-05  -.47113829687362D-04  0.77323883326486D-04
  -.11614529249471D-04  0.23230857966183D-05  0.38240810882328D-04
  -.42182542046021D-05  0.93016883839780D-04  -.29075663126132D-03
  -.79118843709924D-05  0.19538184546697D-04  0.76873008605816D-04
  -.67456086403794D-04  -.11309825781014D-04  -.15291972075282D-04
  0.55347943712647D-05  0.73817775303464D-06  -.26813854439034D-04
  0.86531456755523D-05  0.66340814957044D-05  -.36463834140577D-04
  -.10629698527609D-04  -.11479852355833D-04  0.13539087795111D-04
  cycle =     19 MP2 energy =     -935.0380617925 |dE/dxyz| =  0.000393
    7.26400358282260     -3.19483097838755     -3.91186877625620      ag
    8.31724895185730      4.22889497434893     -1.56303879965747      n
    7.42726523071036      2.00705170475588     -2.62773378169171      c
    8.87847128730716     -0.12453279246314     -2.19445733452596      n
   11.00177595328734     -0.04185208341056     -0.83613210053733      c
   11.87791668872557      2.26616553754769      0.23841302214408      c
   10.46504010800947      4.36124731610282     -0.17772416794052      c
    5.48351754154927      1.94598796765011     -3.86762765843017      o
   12.30024057099978     -2.17718113795973     -0.50182338707367      n
   11.68187173129104     -3.82318804424985     -1.25651161909944      h
   13.90821311767617     -2.18384632888872      0.51868858358041      h
   13.59457164340132      2.35364168948466      1.33943299859331      h
   10.96567608240500      6.20468056149422      0.55717568885463      h
    7.25160279698756      5.78778766199694     -1.88628373166800      h
    6.02778835477276    -10.58108723313670     -6.33129602125799      n
    6.98357132435302     -8.39782932735432     -5.24186164635620      c
    5.59490834556181     -6.22050593361094     -5.65239228823300      n
    3.47218236924839     -6.22427093110053     -7.01435284563656      c
    2.52972937382446     -8.49338007960210     -8.11564816527529      c
    3.87829428513392    -10.63428798777158     -7.71892929049083      c
    8.92713911919030     -8.40665399464052     -4.00231136853531      o
    2.23940798329701     -4.04673537620235     -7.32817086531480      n
    2.89469029990754     -2.43011431384914     -6.53985465678997      h
    0.62403791129734     -3.98561156063588     -8.33521875814364      h
    0.81429228560823     -8.51741973668956     -9.22173043782052      h
    3.32097295582626    -12.45480214320481     -8.47003267959342      h
    7.04728869636738    -12.17399359962666     -6.02574097316533      h
  0.32533213237818D-05  0.62937863459789D-06  0.42878866411966D-05
  0.28383629875339D-04  -.92671079698903D-07  0.45780884732061D-04
  -.64999591939952D-05  0.16806231190714D-04  -.31526294821393D-04
  0.61192819063915D-04  0.10578656483862D-03  0.57924689016442D-04
  -.43933904748883D-04  -.96436852629722D-04  0.33408405255564D-04
  0.14249367790597D-04  -.54243265209752D-04  -.28110965568651D-04
  -.42212365808592D-04  0.12631452532830D-04  -.27190997409221D-05
  -.85855293008308D-05  -.26514268315125D-04  0.47254255377993D-04
  0.48894917979325D-04  0.38634119249537D-04  -.43764017569003D-04
  -.15711088397152D-04  0.24918634600191D-04  0.19298024327874D-04
  -.48101666293654D-04  0.24574519664866D-04  0.42201528227537D-06
  0.20688742883301D-04  0.12390857503264D-04  -.33855805278371D-04
  -.19084249733181D-04  -.11088776570745D-04  0.41297690484221D-04
  0.34731785177655D-04  0.15399798733995D-04  -.52416023892388D-04
  0.80047456855192D-05  0.18519241109516D-04  -.64386996527110D-04
  -.56342221964822D-04  -.28286976578862D-04  0.11859804689118D-03
  -.64562001944157D-04  -.58971918664774D-04  -.44841700884923D-04
  0.11597156808918D-03  0.53697137287756D-05  0.40448099181134D-06
  -.51561181452442D-04  0.14755805990863D-04  0.34447145490724D-04
  0.62634782957094D-04  -.57148788314976D-05  -.39412890220802D-04
  0.27601281619383D-04  0.13934393361836D-04  -.58221736249919D-04
  -.22172557184064D-04  0.59483534947447D-04  -.11855373951608D-03
  -.39303521883749D-05  -.51131105633928D-04  0.28705934553841D-04
  -.18634709102017D-04  -.26815546728343D-04  0.43820303813114D-04
  0.23051365220184D-04  0.49418627704467D-05  -.35153431479529D-04
  -.50597576277234D-04  -.10011762540785D-04  0.64071158110579D-04
  0.32709330817227D-05  0.53152567502934D-06  0.13241613895376D-04
  cycle =     20 MP2 energy =     -935.0380627717 |dE/dxyz| =  0.000422
    7.26969368485892     -3.20015768621226     -3.90975664940331      ag
    8.31533838018192      4.22664084024039     -1.56844448555838      n
    7.43031377249149      2.00341685030407     -2.63391375426616      c
    8.88274833463447     -0.12648303323784     -2.19611370852472      n
   11.00329099701405     -0.04013813938607     -0.83386023284474      c
   11.87531390452844      2.26957778761790      0.24080171587699      c
   10.46138665209037      4.36285717054799     -0.18050364364945      c
    5.48988454294872      1.93986099262176     -3.87905252247883      o
   12.30105300046885     -2.17483319994465     -0.49437041575629      n
   11.68724132523090     -3.82045247890331     -1.25330755719111      h
   13.90976247031923     -2.17948804505109      0.52488046800824      h
   13.58920339237195      2.35943344123579      1.34591035694881      h
   10.96050431467303      6.20817312344896      0.55067519507202      h
    7.24508918854266      5.78283781572526     -1.88941656682373      h
    6.02574083927524    -10.58362274625366     -6.33688052005689      n
    6.98405287994968     -8.40303094964457     -5.24429686005962      c
    5.59642212582452     -6.22404025445382     -5.64982579762979      n
    3.47232650069544     -6.22394740713706     -7.00963362589765      c
    2.52676538909384     -8.49066127537488     -8.11345514986682      c
    3.87441193802405    -10.63307437928493     -7.72191146703398      c
    8.92793642164208     -8.41567012741943     -4.00540483485599      o
    2.24159604824015     -4.04476856013488     -7.31827123983642      n
    2.90183578566573     -2.42933348167311     -6.53167983616008      h
    0.62819914387632     -3.97911771577536     -8.32800479261811      h
    0.81039029871560     -8.51149993177024     -9.21810341663522      h
    3.31534565665811    -12.45189372711227     -8.47577560890032      h
    7.04587160340259    -12.17725105237609     -6.03731611017937      h
  -.34393622331264D-05  -.11320227532974D-04  0.17284558772979D-04
  -.16445705322776D-04  -.39930295132606D-04  -.33504165461773D-04
  -.15506596721782D-04  0.75933603584488D-04  0.47190623145621D-04
  0.16264497806695D-03  -.14509345670710D-04  0.10482546760704D-03
  0.62494699486493D-04  -.35620169908768D-04  -.64553926765853D-04
  0.21085594582360D-04  0.17665726809835D-04  0.73054459759803D-04
  0.19927438883460D-04  -.61322343114512D-06  0.12677450765608D-04
  0.23002421780660D-04  -.13416960786827D-05  -.35345766930206D-04
  -.13325912928153D-03  0.28913231901129D-04  -.70519954255666D-04
  0.34110281794675D-05  0.58521377468423D-04  0.10990872659988D-04
  -.68094518034023D-04  0.30383267500156D-04  -.30243129488738D-04
  -.15135287585899D-04  0.56506859674732D-05  0.20796210758789D-04
  0.41068818314560D-04  0.68528346410801D-05  -.50446291029349D-04
  -.38070517008215D-04  -.18360518102334D-04  0.56123768151117D-04
  0.91554206599342D-05  0.22743042036311D-04  -.18262568105554D-04
  0.39513836674221D-04  -.31544769488967D-04  0.21893911654747D-04
  -.14772530252882D-03  -.26856252524521D-04  -.61876486512347D-04
  0.32261855258398D-04  0.67164859879121D-04  0.12308720603649D-04
  -.59833398085019D-04  -.36203883388986D-04  0.91074631534127D-05
  0.27425694977268D-05  -.78731620245520D-05  -.17004784365504D-04
  -.13897178455125D-04  -.11996355146593D-04  -.18544635764783D-05
  0.29121690310774D-04  -.16187875253593D-05  -.54343033598414D-04
  -.21419679299139D-05  -.72149006545175D-04  0.11419552843339D-04
  0.38877395469150D-04  -.23383226835483D-04  0.46330539389849D-04
  0.41098438606113D-04  0.99508451535391D-05  -.48448148759483D-04
  -.43210189749843D-04  -.61323395108559D-05  0.65943994060902D-04
  0.30352904325071D-04  0.15673379046177D-04  -.23545021805349D-04
  cycle =     21 MP2 energy =     -935.0380630923 |dE/dxyz| =  0.000370
    7.26988640286407     -3.20046209553188     -3.90949197774564      ag
    8.31555495482726      4.22642777004635     -1.56939782043021      n
    7.43048811632175      2.00282013184586     -2.63407296278110      c
    8.88302830328292     -0.12690856540257     -2.19581336236883      n
   11.00345071868520     -0.04020849052756     -0.83342338813404      c
   11.87525974719824      2.26979203373731      0.24075777095453      c
   10.46116905389040      4.36290005144854     -0.18082812731317      c
    5.48988157252533      1.93882240844176     -3.87893250864213      o
   12.30153676983250     -2.17463704280032     -0.49335181618817      n
   11.68805676393231     -3.82060231469650     -1.25183136286179      h
   13.91009795103622     -2.17874898318017      0.52617295228926      h
   13.58934787022248      2.36005829757554      1.34553551702669      h
   10.95940232892724      6.20809638886574      0.55125702466360      h
    7.24598044401734      5.78276535541256     -1.89192928357660      h
    6.02561266297031    -10.58359856658686     -6.33727766635821      n
    6.98408650214310     -8.40305265301328     -5.24472578118685      c
    5.59629953824633     -6.22406470570799     -5.64970624001200      n
    3.47193645805226     -6.22391755435040     -7.00911455492010      c
    2.52648111547676     -8.49047602106040     -8.11329896195283      c
    3.87439102426151    -10.63285589167012     -7.72245658554898      c
    8.92829363348443     -8.41573810797460     -4.00633601455792      o
    2.24111851048281     -4.04472506955816     -7.31765603865117      n
    2.90138587518837     -2.42924338234458     -6.53114552390249      h
    0.62772819527904     -3.97909581820612     -8.32743954209312      h
    0.80987999589314     -8.51127163784531     -9.21760008670343      h
    3.31596068015661    -12.45136041366613     -8.47755276001514      h
    7.04540340222039    -12.17738129265411     -6.03737195931108      h
  -.32466062807046D-05  -.13337689188098D-05  0.16496820306522D-04
  -.65014584343936D-05  -.28861429001381D-04  -.33195771505623D-04
  -.18301624035821D-04  0.60331752777643D-04  0.44700080827909D-04
  0.16641993466093D-03  -.87534897845742D-05  0.97911199880230D-04
  0.35491858287884D-04  -.44064555321022D-04  -.44864818746326D-04
  0.14931465090129D-04  0.83506630796926D-05  0.57828173742003D-04
  0.20571368557043D-04  0.32331086909920D-05  0.54247203982172D-05
  0.12791653130506D-04  -.62803898170927D-05  -.22054483606482D-04
  -.12146206745633D-03  0.31414213054859D-04  -.65546967747743D-04
  0.50892943381786D-05  0.50622719265370D-04  0.12125531349660D-04
  -.59666232749223D-04  0.31935034035979D-04  -.24414348610335D-04
  0.90727588997197D-07  0.10525567681774D-04  -.25045722651384D-06
  0.18741187009397D-04  -.87180665353515D-06  -.14384548793434D-04
  -.20261154910273D-04  -.12052576589205D-04  0.29110405548982D-04
  0.48083025770973D-05  0.20040214636197D-04  -.16848849343942D-04
  0.36234543300484D-04  -.23300246114744D-04  0.12653894043702D-04
  -.13324472615572D-03  -.27012225836565D-04  -.60058048006351D-04
  0.26163790604272D-04  0.46099864172255D-04  0.37774834863669D-04
  -.51490814682253D-04  -.24727847637518D-04  0.71586347818453D-05
  0.31616086619835D-05  -.11766480728426D-04  -.91412154263892D-05
  -.61240153250708D-05  -.97092459672155D-05  -.89084450340948D-05
  0.21565829156245D-04  0.81069672894785D-05  -.69825294131576D-04
  -.13004567380737D-05  -.65718304074203D-04  0.11833382743465D-04
  0.31385086409763D-04  -.21966743277035D-04  0.38882672305895D-04
  0.32834007598126D-04  0.70611446603142D-05  -.36378323977182D-04
  -.27023937451354D-04  -.11812688658352D-05  0.40476509653331D-04
  0.18342370691649D-04  0.98787311415549D-05  -.65054316664703D-05
  cycle =     22 MP2 energy =     -935.0380640038 |dE/dxyz| =  0.000252
    7.27511331724958     -3.20584763924852     -3.90691021363013      ag
    8.31403902471037      4.22347100391494     -1.57655743204970      n
    7.43120260108517      1.99666677164008     -2.63637819110089      c
    8.88622848383438     -0.13061517778196     -2.19448306818757      n
   11.00516516390868     -0.03950741656949     -0.82998990768110      c
   11.87282293444996      2.27306248620486      0.24188896735545      c
   10.45758814085450      4.36425766750618     -0.18529420412563      c
    5.48982179658846      1.92798927195450     -3.87993688580442      o
   12.30642829196724     -2.17156349906225     -0.48557370505177      n
   11.69733509069713     -3.81935467757123     -1.24377795908789      h
   13.91450925815370     -2.17148579871647      0.53494036030267      h
   13.58441361331383      2.36646610387577      1.35028735435609      h
   10.95313174003150      6.21113938760575      0.54437215430741      h
    7.24488830195306      5.77876100891930     -1.90552587661054      h
    6.02328451621582    -10.58550502816309     -6.34286100140926      n
    6.98396742280151     -8.40741782021816     -5.24719850517674      c
    5.59783214030851     -6.22667039987635     -5.64818918639715      n
    3.47225208046387     -6.22281689430863     -7.00580781847913      c
    2.52444445782377     -8.48686918760623     -8.11290853186129      c
    3.87139474411157    -10.63078105909842     -7.72706920658274      c
    8.92847716369978     -8.42367734752862     -4.00937526297890      o
    2.24219784325162     -4.04228327865765     -7.30961719664439      n
    2.90535100156603     -2.42771751361822     -6.52331729662937      h
    0.62981610463911     -3.97347174238018     -8.32099873930119      h
    0.80598347538777     -8.50498029849259     -9.21438693278785      h
    3.31169110683196    -12.44745564648330     -8.48565300359042      h
    7.04233877551944    -12.18045944564341     -6.04670977147446      h
  0.33411499814617D-05  0.41452636668882D-04  0.80583295941627D-06
  -.13036128181376D-04  -.71806436992006D-05  0.23805748496031D-04
  0.32168544437106D-05  0.29016609626176D-04  -.24004037650016D-04
  0.12663733061746D-03  0.57652186429280D-05  0.70554226081487D-04
  -.29139736556161D-04  -.37759663928938D-06  -.23856203856809D-04
  0.26806522361866D-04  -.27301725284978D-05  -.16887742663840D-04
  0.87093905909441D-06  0.26735320570737D-05  0.11153675767872D-04
  -.24436773493619D-04  -.16756880206970D-04  0.37318222521066D-04
  -.47559706828793D-04  -.63685169422456D-05  -.25070943141969D-04
  0.12832320321898D-04  0.46717043087341D-05  -.12112980597667D-04
  -.90624111050985D-05  0.24647802787992D-04  0.69823218842302D-05
  -.16083934140099D-04  0.78921069268656D-06  0.26893446618104D-04
  0.11211902842589D-04  0.10768486902180D-06  -.62228255215402D-05
  0.10506032614543D-04  0.24414245185511D-05  -.21292365116610D-04
  -.16621142047701D-04  0.29255103832782D-05  0.17939741278727D-04
  0.30376308723934D-04  -.68946575026985D-06  -.35199886626813D-04
  -.96459147155059D-04  -.35873523327012D-04  -.22469112193502D-04
  0.47721512615340D-04  -.45488466986043D-04  0.29340106300957D-04
  -.81600740635679D-05  0.95760768230591D-05  -.98796394514267D-05
  0.14293205487181D-04  -.80109634783554D-05  -.10931905980449D-04
  -.47534174214547D-05  -.91627693841190D-05  0.22169316208576D-04
  -.34245917788667D-04  0.32900961919324D-04  -.61337101482373D-04
  0.10001561860928D-04  -.22244498937063D-04  0.12438936313863D-04
  -.60836229298644D-05  -.69849003088152D-05  0.53985335934925D-06
  0.31602153933719D-05  0.88929747155131D-06  0.40399548950631D-06
  -.11798067585556D-04  -.20715292237128D-05  0.20592060161473D-04
  0.16464223649315D-04  0.60818940887941D-05  -.11672832658904D-04
  cycle =     23 MP2 energy =     -935.0380648044 |dE/dxyz| =  0.000302
    7.28563892524876     -3.21390249332226     -3.90594539884327      ag
    8.30979510389999      4.21849719199776     -1.58509829586562      n
    7.43476776203527      1.98847444925918     -2.64451172082925      c
    8.89260962951725     -0.13539474650339     -2.19553307826335      n
   11.00787189136070     -0.03802286871098     -0.82563789719957      c
   11.86792010330831      2.27794430051327      0.24489030385660      c
   10.44912851614852      4.36552270002632     -0.18807427836631      c
    5.49754934437438      1.91451111758110     -3.89443714382939      o
   12.31322061053152     -2.16665559108627     -0.47423655544593      n
   11.71105299389377     -3.81673431889044     -1.23304744784759      h
   13.91989571758699     -2.16084541263759      0.54865170633679      h
   13.57713285535847      2.37662910058925      1.35650992419973      h
   10.93828711021673      6.21419450950278      0.54137129467213      h
    7.23774088686324      5.77091192752825     -1.91822054260273      h
    6.01872216816267    -10.58923801165572     -6.35049739740617      n
    6.98620161160760     -8.41432064081809     -5.25431009062770      c
    5.60258553526058     -6.23074247996748     -5.64825501840224      n
    3.47411261991550     -6.22090871569842     -7.00143048020426      c
    2.51976066732268     -8.48158110305935     -8.10964546215450      c
    3.86388158543745    -10.62844510330725     -7.73025030166621      c
    8.93435071558711     -8.43549309875035     -4.02240132079905      o
    2.24671510057090     -4.03775536516501     -7.29847418820166      n
    2.91618326197704     -2.42467501167519     -6.51413399297086      h
    0.63433979167774     -3.96375389738036     -8.30966212988314      h
    0.79767601461472     -8.49533047077329     -9.20554132251544      h
    3.29933999878134    -12.44295620227601     -8.49046881597508      h
    7.03523807015906    -12.18659593472385     -6.05864140948685      h
  -.17960967164776D-04  0.81150201587721D-04  0.22191513876280D-04
  0.34349347625362D-04  0.31391253648039D-04  0.30586965502621D-05
  -.56781706875952D-04  -.18878977981807D-04  0.13591911435906D-04
  0.90625961491675D-04  0.31923175245918D-04  0.69747448838697D-06
  -.78377030385823D-04  0.26843784454833D-04  0.11378045434718D-04
  -.11302784450606D-05  -.24127997170442D-04  -.31878657151374D-04
  -.16121033667105D-04  0.43941161820271D-06  0.43563541627378D-05
  0.18752580604797D-04  -.62665795113048D-05  0.79140010456058D-06
  0.25994464483148D-04  -.38076611572180D-04  0.24847609696010D-04
  0.16511407075370D-04  -.36056843127241D-04  -.21757845907633D-04
  0.38256401968972D-04  0.16921681382898D-04  0.21539784217595D-04
  0.30814681828417D-05  0.15934688613051D-05  -.18361502602815D-05
  -.70613628257998D-05  -.17970854671034D-05  0.14777770789731D-04
  0.32040204205330D-05  0.21248054364875D-05  -.10751386430918D-04
  -.19371894768416D-04  -.58770343898118D-05  0.40884516442796D-04
  -.24292937506498D-04  0.53222316944712D-05  -.21668490643556D-04
  -.69497407841457D-04  -.48131715333799D-04  0.16878508984686D-04
  0.88318535880205D-04  -.11019788881228D-03  -.30295753190579D-04
  0.16514598691231D-04  0.30437599161104D-04  -.99534692132863D-05
  0.36124178148356D-04  0.58751333451568D-05  -.43100632416859D-04
  0.42828063445910D-04  0.52661339857707D-05  -.36085238104278D-05
  -.74107332372009D-04  0.42410193930920D-04  -.36572319687345D-04
  0.16480320937706D-04  0.73981221060393D-05  0.12522724972541D-04
  -.34855229015918D-04  0.12907778627724D-04  -.30694857146685D-04
  -.29532046336378D-04  -.50801869155848D-05  0.40884139817621D-04
  -.18436607658323D-05  -.56786294360123D-05  0.74837351102808D-05
  -.10852006937512D-06  -.18355948512294D-05  0.62338185178312D-05
  cycle =     24 MP2 energy =     -935.0380663704 |dE/dxyz| =  0.000427
    7.30339611181723     -3.23015488707802     -3.90022435404676      ag
    8.30093828148485      4.20932127637285     -1.59948551736717      n
    7.43676204374005      1.97253401900212     -2.65318697851088      c
    8.90147809321422     -0.14445249799741     -2.19431176348170      n
   11.01247349082185     -0.03485911032420     -0.81863573231400      c
   11.86148895815818      2.28795788815516      0.24572225228901      c
   10.43637094098161      4.36895732234972     -0.19789499311709      c
    5.50222829955422      1.88737671826318     -3.90692923216729      o
   12.32427151487748     -2.15763052965851     -0.45521440072284      n
   11.73188067463356     -3.81180654095682     -1.21274341592188      h
   13.93009930626508     -2.14204584777299      0.56902356646139      h
   13.56796144465812      2.39662112270887      1.36063750781388      h
   10.91762316174215      6.22215023247356      0.52531176674358      h
    7.22334189199121      5.75641419995237     -1.93948144579060      h
    6.00968661697272    -10.59681940105543     -6.36360187803940      n
    6.98709504877771     -8.42927547952832     -5.26129047316338      c
    5.61047338293677     -6.23954895755486     -5.64507205082249      n
    3.47885432779871     -6.21718501189792     -6.99328876891170      c
    2.51471607208254     -8.47033795940986     -8.10823655269248      c
    3.85233774568513    -10.62316764576114     -7.73971828951556      c
    8.93718721036654     -8.46165729997348     -4.03297882238952      o
    2.25705065316763     -4.02903807551164     -7.27705517471095      n
    2.93632828400788     -2.41992723666215     -6.49247114762287      h
    0.64544513059395     -3.94453867858302     -8.28877994414665      h
    0.79027187053551     -8.47407375661573     -9.20053493841192      h
    3.28084541928414    -12.43263763301515     -8.50676545877418      h
    7.02111261526923    -12.19884239932456     -6.07982482098747      h
  -.15446283178955D-04  0.12247983162106D-03  0.70918269051701D-05
  0.58541584107674D-04  0.56426665146603D-04  -.20545329915134D-05
  -.66122796293921D-04  -.42786258211969D-04  -.94620783372967D-05
  0.58237452911669D-04  0.47717625367927D-04  -.58836821570818D-04
  -.10940717687902D-03  0.44575330069740D-04  0.29567453043278D-04
  -.24559826405479D-04  -.27536951585638D-04  -.46610165663097D-04
  -.47464682368936D-04  -.96267376488157D-05  0.32521651655237D-04
  0.29762632969721D-04  -.79800044208156D-05  0.11135703479326D-04
  0.69591515844181D-04  -.49546431755587D-04  0.10526147686196D-03
  0.21120386382134D-04  -.73790595552126D-04  -.44231511388659D-04
  0.74193869722627D-04  -.60489149511511D-06  0.24589718637280D-04
  0.11402584534359D-04  -.51581453867078D-05  -.10172928765151D-04
  0.18375524324377D-05  0.85541584953219D-05  -.12317313026866D-04
  -.66267933869213D-05  0.24067861303934D-06  0.22392395166992D-05
  -.10176252535299D-04  -.11429224587189D-04  0.63289551222478D-04
  -.45939701756037D-04  0.21207236757803D-04  -.42154283530049D-04
  -.45443530331646D-04  -.65771072528698D-04  0.43704967255032D-04
  0.97968511528990D-04  -.12408383093732D-03  -.10814454276620D-03
  0.46075022147818D-04  0.28544517722828D-04  0.10974725945800D-05
  0.54991832452167D-05  0.17851558792970D-04  -.26545129938604D-04
  0.57511772681096D-04  0.24388317072521D-05  0.15488264990537D-04
  -.10512502946192D-03  -.11411405154149D-08  0.50744338997433D-04
  0.24772643351101D-04  0.37362310532529D-04  -.24859071943162D-05
  -.53635333274293D-04  0.42377197961185D-04  -.54893336381312D-04
  -.42503629587465D-04  -.10165403839801D-05  0.46746591169544D-04
  0.21441491173668D-04  -.62355595318309D-05  -.17911056604536D-04
  -.55052831617886D-05  -.42089640821530D-05  0.23411732066325D-05
  cycle =     25 MP2 energy =     -935.0380692286 |dE/dxyz| =  0.000418
    7.32586529147265     -3.25041719035558     -3.89333408638776      ag
    8.28750627632567      4.19743240120292     -1.61327217333123      n
    7.43713500337929      1.95307639743739     -2.66160507659679      c
    8.91120074144783     -0.15517675364179     -2.19277757860700      n
   11.01870144880040     -0.03033234962403     -0.81298649300379      c
   11.85388919366802      2.30018951790098      0.24546393889500      c
   10.41934025922113      4.37254136900441     -0.20795102429491      c
    5.50570069415564      1.85457106951231     -3.91958999140948      o
   12.33993471915189     -2.14534973909411     -0.43957899668672      n
   11.75663088951842     -3.80449317515148     -1.19297998272755      h
   13.94412366061770     -2.11912654182548      0.58694126399737      h
   13.55684287121404      2.42062971533574      1.36453779380136      h
   10.88949494690032      6.23051551040139      0.51025228921560      h
    7.20266199418565      5.73789707358569     -1.96030474872776      h
    5.99700329805004    -10.60699320371483     -6.37692080143871      n
    6.98754561740256     -8.44873815110178     -5.26771926891555      c
    5.62168707052941     -6.25064582817799     -5.64159022434848      n
    3.48699811059296     -6.21205089422123     -6.98468481900501      c
    2.50892259054833     -8.45616451772098     -8.10583662301642      c
    3.83665482944473    -10.61701323539053     -7.74855796687179      c
    8.93889101800505     -8.49566657459543     -4.04228800401042      o
    2.27599167907591     -4.01653763169793     -7.25676222586051      n
    2.96699559251142     -2.41296468650455     -6.47058190212034      h
    0.66389403127324     -3.91914506624502     -8.26649223209358      h
    0.78216246008210     -8.44702146180923     -9.19444731306490      h
    3.25511031950996    -12.42043167128756     -8.52229175285240      h
    7.00083398433389    -12.21525055162468     -6.10167306085915      h
  -.12305046606320D-04  0.13311697385721D-03  -.35090701289153D-05
  0.44287330465353D-04  0.56682429951493D-04  0.10917481062078D-04
  -.79603240843440D-04  -.51326232668458D-04  -.79531962562385D-05
  0.33028135967506D-04  0.31381670284603D-04  -.72240610065499D-04
  -.86214247623673D-04  0.53832053419356D-05  0.16900308084544D-04
  -.14753859048255D-04  -.49367378540666D-05  -.54221569629753D-04
  -.25295017055171D-04  -.92155301789631D-05  0.15419610840617D-04
  0.48250305923148D-04  0.32904649494014D-05  0.61259947852221D-05
  0.74583121950411D-04  -.19672014559546D-05  0.12250976297157D-03
  0.86748902720091D-05  -.73948807477464D-04  -.44584422263849D-04
  0.64855890536286D-04  -.21348494018469D-04  0.61890055231828D-05
  -.30241257631403D-05  -.18756605467019D-04  0.10369353319106D-04
  -.42457061180112D-05  0.10517359486428D-04  -.15691462255329D-04
  -.12816248120551D-04  -.13021384290823D-05  0.11488335182941D-04
  0.77535432937426D-05  -.78699041452523D-05  0.78331351028638D-04
  -.39251550206565D-04  0.26325765403179D-04  -.58983113254474D-04
  -.24833778469624D-04  -.63140743074008D-04  0.38332435204680D-04
  0.46872157854594D-04  -.58898755757930D-04  -.12231408191266D-03
  0.62388809165981D-04  -.37809551529655D-05  -.60630749620927D-05
  -.40326700173843D-04  0.22448369826122D-04  -.38720223294320D-06
  0.45316291526376D-04  0.24291874041182D-05  0.37602609285869D-04
  -.70065116636542D-04  -.78480140354387D-04  0.96743900111385D-04
  0.24422109364375D-04  0.40315311747641D-04  -.24309023516356D-04
  -.36093476710519D-04  0.68629667985931D-04  -.43907990471936D-04
  -.45948567736431D-04  0.33878796936726D-05  0.47632118989505D-04
  0.41098896945257D-04  -.53319711446065D-05  -.37180668331249D-04
  -.67547924507139D-05  -.36042410176407D-05  -.72168296992858D-05
  cycle =     26 MP2 energy =     -935.0376719246 |dE/dxyz| =  0.006839
    7.92023006574203     -3.79052573996361     -3.70341514246244      ag
    7.92780955595041      3.79617853058353     -2.00101009205749      n
    7.45361431523015      1.38188803413409     -2.88331450866061      c
    9.15569716754550     -0.46363820297160     -2.15580904152487      n
   11.13930865691402      0.06693816996865     -0.68991565931944      c
   11.59629539917039      2.57020270968409      0.18963856341323      c
    9.93373333229230      4.38254951286959     -0.52121514404405      c
    5.62898760081999      0.92588367140296     -4.23080066009435      o
   12.69379517146144     -1.80995775772499     -0.05489542780680      n
   12.36081878467704     -3.58188073257211     -0.68569453452737      h
   14.23469026950985     -1.49750861572241      1.01880320106948      h
   13.18253457855376      3.00428797679024      1.39884274722748      h
   10.10657662992006      6.34192510458157      0.04380466023458      h
    6.66773567161639      5.13774348633117     -2.53385589943237      h
    5.65861427217170    -10.78678593226985     -6.71457035304047      n
    6.98694426719436     -8.91261974908997     -5.44296322476226      c
    5.92838732270077     -6.52554023337493     -5.54287449538222      n
    3.74888579133129     -6.05441173862246     -6.72534627550265      c
    2.41399395812153     -8.02030350463646     -7.99408152307598      c
    3.45407148728835    -10.36076213316557     -7.94243825431899      c
    8.94555681485481     -9.34559917075859     -4.32015476582639      o
    2.84692935882572     -3.70162046425100     -6.68112891208540      n
    3.83562516546858     -2.27250533720411     -5.86348225517462      h
    1.24831648064198     -3.26481245935551     -7.61898544053775      h
    0.65366710645043     -7.66738412201880     -8.96572802870452      h
    2.60908166485767    -11.97348332908207     -8.87792994367484      h
    6.43981770210775    -12.53492414296523     -6.66851065024979      h
  -.91447148765678D-03  0.13675299991149D-02  -.51470995755887D-03
  0.46324942421405D-03  0.83308063668674D-03  0.10656007897025D-02
  -.29180338351003D-02  -.82831970570663D-03  -.20034751522360D-02
  0.28164361054084D-03  -.17315936853795D-02  -.84301218181038D-04
  -.20513011582235D-03  -.89201068838207D-03  -.59455698733224D-03
  0.33312092819671D-03  0.31406028865000D-03  -.26267954407189D-03
  0.90900192807997D-04  0.38170539486515D-04  -.57665992481093D-03
  0.14064519195927D-02  -.11057229674272D-02  0.23883013056825D-03
  0.43747494392576D-03  0.86339533247148D-03  0.69700080805024D-03
  -.24026743958913D-03  0.54477384589191D-03  0.61470912748440D-04
  -.39145852344546D-04  -.71257452386886D-03  -.41421738015579D-03
  -.37872325918364D-03  -.41152902954655D-03  0.54882774372267D-03
  -.49963482654514D-04  0.52387759419403D-04  -.20341585587635D-03
  -.14678503562049D-03  -.11252076675206D-03  0.19969360285321D-03
  -.21146410296924D-03  0.57968229498329D-04  -.41859209001682D-04
  0.15206315563230D-02  -.55336505955861D-03  0.42427143355805D-03
  0.62112659656499D-04  0.12050564174479D-02  -.21273593914328D-03
  0.84212279272755D-03  0.58839470641736D-03  0.58472701252033D-03
  0.94095234310032D-04  -.12295318929534D-03  -.18556056879415D-03
  -.50115489357516D-03  -.16430112939503D-04  0.84911193830184D-03
  -.12965251047845D-02  0.69946824865141D-03  -.50805965722489D-04
  0.59140331303986D-03  0.31296086851107D-03  0.16296832120051D-02
  -.13120556447799D-03  -.15355076191286D-02  -.84219839628741D-03
  0.60875126438464D-03  0.10079805164587D-02  0.33354291662224D-03
  -.11837312306451D-03  0.10511614779274D-03  0.71595750399833D-04
  0.46047288462248D-03  0.19818769057878D-04  -.53000647161783D-03
  -.41187657493502D-04  0.12365197704867D-04  -.18717381210542D-03
  cycle =     27 MP2 energy =     -935.0380722364 |dE/dxyz| =  0.000337
    7.33886268203947     -3.26383060469695     -3.88663833513668      ag
    8.27763338268913      4.19033350479347     -1.61858646450320      n
    7.43387762075730      1.94158786805688     -2.66239561146638      c
    8.91400351115421     -0.16145361976782     -2.18960851953246      n
   11.02184838112628     -0.02721744098668     -0.81109677901637      c
   11.85099775375700      2.30798343597699      0.24182181854485      c
   10.41011436889603      4.37505672443150     -0.21539061576028      c
    5.50227753502407      1.83533467705460     -3.91979531201742      o
   12.34896994646806     -2.13766782764228     -0.43432279857633      n
   11.76702772045686     -3.80024035467281     -1.18083838327116      h
   13.95184761027938     -2.10642019906060      0.59391618645242      h
   13.55422262229392      2.43570276093411      1.35966302651935      h
   10.87535863590045      6.23613497792841      0.49793271351701      h
    7.18817891051430      5.72690777898417     -1.96844439695266      h
    5.98903564295016    -10.61388172761042     -6.38413175166748      n
    6.98722117400065     -8.46195919684872     -5.26924733714011      c
    5.62950594520412     -6.25808199451529     -5.63856557427314      n
    3.49387128518797     -6.20858393609963     -6.97996002197559      c
    2.50776521614890     -8.44663491313346     -8.10645351725254      c
    3.82813100467082    -10.61291106179915     -7.75491423426701      c
    8.93790869389993     -8.51874747555230     -4.04349697003498      o
    2.29082570409391     -4.00824112882359     -7.24645175034593      n
    2.98634273822577     -2.40881605350491     -6.45544248372027      h
    0.67724311108474     -3.90362708660006     -8.25290694916113      h
    0.78186396899122     -8.42849253810971     -9.19628552940748      h
    3.24017460926748    -12.41231006881447     -8.53313176954519      h
    6.98660881633615    -12.22659066932465     -6.11225970033076      h
  0.11970267832728D-04  0.57770302726912D-04  -.17878074602073D-04
  -.26752411548259D-05  0.16902154271747D-04  0.12745076388487D-04
  -.61706203835499D-06  -.26406561172365D-04  0.74640250695701D-05
  -.26579379108771D-04  0.24410330826452D-04  -.68065872840029D-04
  -.16884611614643D-04  -.43457249930157D-04  0.11134422545744D-04
  -.63119122923894D-05  0.22981029870639D-04  -.29568644078992D-04
  -.41779514732276D-05  -.16642098982445D-04  0.10918486714750D-04
  0.21807434077203D-04  0.41155810707849D-04  0.11344243118216D-04
  0.46715902561445D-04  0.58056901401926D-04  0.76975501782428D-04
  -.15464677864396D-04  -.40912834953666D-04  -.22878197756260D-04
  0.17451363301113D-04  -.41365541269545D-04  -.14608558477569D-04
  -.82591164654033D-05  -.23768310035477D-04  0.16049725958034D-04
  0.27249953955533D-05  0.11735767698973D-04  -.31075043708917D-04
  -.11163813994131D-04  0.25469929019195D-05  0.19762421816560D-04
  0.37090259799366D-04  0.95922013372274D-05  0.41803688344055D-04
  -.41589735462644D-04  0.88856519813163D-05  -.30281854601188D-04
  0.39837953826449D-04  -.51965737760895D-04  0.53944090501190D-05
  -.53409922532666D-04  0.61553210417564D-04  -.68761898241121D-04
  0.50720843717045D-04  -.56002842598657D-04  0.25527242044632D-05
  -.66803329411336D-04  0.23580149729696D-04  0.15234860684110D-04
  0.27198217175339D-04  0.10784155675125D-04  0.37554767352788D-04
  -.27196865570289D-04  -.16484900783986D-03  0.67478508125163D-04
  0.11652658027383D-04  0.50185414957049D-04  -.21341894690607D-04
  0.16477548578919D-05  0.63781878846259D-04  -.77187048947991D-05
  -.14663312127183D-04  0.10699900520938D-04  0.86738468061398D-05
  0.39765815476045D-04  -.46305650078793D-05  -.30281194971504D-04
  -.12786547189947D-04  -.46213030842068D-05  -.26268258306317D-05
  cycle =     28 MP2 energy =     -935.0380742331 |dE/dxyz| =  0.000413
    7.35265186605112     -3.27613650106365     -3.88247839454121      ag
    8.26949860434952      4.18304018945604     -1.62660189735239      n
    7.43441845433756      1.92993512888124     -2.66760629678608      c
    8.91994941044573     -0.16786903544881     -2.18871149276972      n
   11.02569557005187     -0.02434886991591     -0.80790396351197      c
   11.84605186764314      2.31525416143477      0.24219023849879      c
   10.39931604421773      4.37697258322414     -0.22053212745392      c
    5.50511797929349      1.81587085062973     -3.92814630058415      o
   12.35900011245267     -2.12981170936942     -0.42598984569024      n
   11.78254751358326     -3.79539864224223     -1.16981180854363      h
   13.96068746780188     -2.09201285544523      0.60381377525039      h
   13.54696090198147      2.45005353143564      1.36271794027919      h
   10.85699800197422      6.24055020994971      0.49114359064486      h
    7.17597958739345      5.71565289826805     -1.98114950449456      h
    5.98126273225053    -10.61994413072916     -6.39226449948386      n
    6.98742142046781     -8.47373944006919     -5.27326420124862      c
    5.63651001256568     -6.26471781374932     -5.63674929476927      n
    3.49916710792635     -6.20543947720521     -6.97514204279415      c
    2.50385693438970     -8.43817996493605     -8.10416353219234      c
    3.81803327798915    -10.60929151321170     -7.75932331513012      c
    8.93860425452016     -8.53958510819683     -4.04899297858180      o
    2.30354729876495     -4.00050519475326     -7.23628138985327      n
    3.00566220579595     -2.40439034593524     -6.44408581435248      h
    0.68874447873513     -3.88886683013214     -8.23996591967093      h
    0.77601784619305     -8.41244148476858     -9.19075898650521      h
    3.22323241915046    -12.40516074761690     -8.54048945671484      h
    6.97478522109224    -12.23615605789385     -6.12648354196939      h
  0.12596747740901D-04  0.52797820792705D-04  -.15668545682579D-04
  -.20892869015743D-04  0.34521026623935D-05  0.80234851673744D-05
  0.77362033925610D-05  -.20597365002928D-04  0.36086272340086D-04
  -.40513524472097D-04  0.58204511619309D-05  -.72277662995113D-04
  -.27849643879918D-05  -.81870211046109D-04  0.96809046308266D-05
  -.11100971946121D-05  0.39020041677329D-04  -.23699834781787D-04
  0.26424511190282D-04  -.91234003427587D-05  -.13192942341256D-04
  0.32593557403260D-04  0.52193696211233D-04  -.26682456617522D-05
  0.36914084599715D-04  0.96092185899010D-04  0.67478245820318D-04
  -.23267386905168D-04  -.34892557224886D-04  -.17648050151031D-04
  0.48960204832582D-05  -.44462517397204D-04  -.29864523566125D-04
  -.13789454596846D-04  -.26013468267472D-04  0.22636882855309D-04
  -.12963046758907D-04  0.66085792722603D-05  -.97565121945919D-05
  -.68373458370630D-05  0.32914317298349D-05  0.14433292523153D-04
  0.40202444481996D-04  0.62463989323192D-05  0.56445617543810D-04
  -.33823905466690D-04  0.17274823338909D-04  -.54096500135437D-04
  0.54565780803983D-04  -.31948649859004D-04  0.17339040652153D-04
  -.92189873743820D-04  0.10334363395348D-03  -.69485916341705D-04
  0.55722940304648D-04  -.65004669430158D-04  -.14751032959559D-04
  -.86278238008219D-04  0.24069180062369D-04  0.30821011714366D-04
  0.16320028333183D-04  -.32284747142342D-05  0.61509015660377D-04
  0.83745847057060D-06  -.21876627827133D-03  0.62781662204081D-04
  0.11405049488378D-04  0.54865485245692D-04  -.28739811516854D-04
  0.12641651845335D-04  0.66581491595663D-04  0.72445938350540D-05
  -.18826988934961D-04  0.89685683597462D-05  0.17954336145820D-04
  0.41075518218303D-04  -.37660576532872D-05  -.31302611194661D-04
  -.65429129758598D-06  -.95244827669205D-06  -.29282223904969D-04
  cycle =     29 MP2 energy =     -935.0381080381 |dE/dxyz| =  0.003165
    7.72264015622343     -3.60886372373047     -3.76699939960480      ag
    8.03607709581321      3.95011176748430     -1.83329235454027      n
    7.43272501214849      1.58969736006508     -2.78307463293118      c
    9.06798201708372     -0.35174881141747     -2.15906725395741      n
   11.11538259279338      0.04419534463711     -0.73940751613410      c
   11.70234275238469      2.49288184870352      0.21498245883502      c
   10.10118277655325      4.39773128409888     -0.38728700991913      c
    5.55847211731983      1.25891559341561     -4.09531655886448      o
   12.61011483289604     -1.91574970121548     -0.22360630614067      n
   12.17633213749871     -3.65678888175864     -0.88115516200379      h
   14.17377716234685     -1.70253893384234      0.84118027871562      h
   13.33924896981726      2.82015237253031      1.38971688209888      h
   10.37065668085590      6.32482613300749      0.24685221721102      h
    6.82811861153331      5.36382050781214     -2.29511521581158      h
    5.75974764456229    -10.75330709534152     -6.58309587932019      n
    6.98469494132031     -8.77226408995519     -5.37437431343530      c
    5.83026152154234     -6.43607349875953     -5.58558904512654      n
    3.66432929033241     -6.11007925728701     -6.83974311937902      c
    2.43628559917986     -8.18202128290141     -8.04604321564070      c
    3.56343973029739    -10.47492490198558     -7.86646233982963      c
    8.94414690715312     -9.07885167541790     -4.20777941859842      o
    2.67256850746593     -3.79599202791569     -6.94534991537745      n
    3.54758334269537     -2.29990486678519     -6.12160450719313      h
    1.04559656796930     -3.48939903176091     -7.88566439122577      h
    0.68779593505700     -7.94328600793059     -9.07197100971872      h
    2.79179305737509    -12.16285009903612     -8.72951152893157      h
    6.60842263119978    -12.46435449411677     -6.43825280349762      h
  -.16654258077775D-03  0.17414713999298D-03  -.14069391809723D-03
  -.21650965364861D-03  -.41168637194389D-04  0.44259176741290D-03
  -.56035736037607D-03  -.17774348066268D-04  -.36049198489785D-03
  -.33441048960237D-03  -.95913457235675D-03  0.21890855312234D-04
  0.38965603153418D-03  -.76439404529349D-03  -.41572627023800D-03
  0.24273990224621D-03  0.30151375529419D-03  -.27258684194287D-04
  0.40023512329723D-03  0.16424185086450D-03  -.52376669471155D-03
  0.61776959541149D-03  0.84883882862208D-04  0.13548084617909D-03
  -.33661337361934D-05  0.85166805912262D-03  -.15242690655448D-04
  -.26459508417415D-03  0.27911045140172D-03  0.12761420981722D-03
  -.27096870661758D-03  -.30574618548398D-03  -.31713579471404D-03
  -.32821753552703D-03  -.20531084237496D-03  0.43134944956069D-03
  -.10024741099224D-03  -.41934000520882D-05  0.25479078920032D-04
  -.30822898322569D-04  -.16074499873397D-04  0.65448989860606D-04
  0.16991853159684D-03  0.78904753033626D-04  -.10194268604424D-03
  0.49023630330947D-03  -.17065478584755D-03  0.76973917475520D-04
  0.36336284126648D-03  0.82902110112126D-03  0.61344531852026D-04
  -.40111804102239D-03  0.87186779522597D-03  0.44671344366165D-03
  -.22127629616620D-04  -.24377959887678D-03  -.13324963569517D-03
  -.41310135973660D-03  -.21334114961746D-04  0.37961151366339D-03
  -.45762114865155D-03  0.99847561328303D-04  0.26893224271518D-04
  0.49721822283821D-03  -.93384337850466D-03  0.26660944581636D-03
  -.53389793665204D-04  -.39877166426727D-03  -.42662508605762D-03
  0.32786651544647D-03  0.28966685776766D-03  0.31166908163360D-03
  0.27985531835029D-04  0.37781875539433D-04  -.66507956498540D-04
  0.15744088656966D-03  0.25711752301483D-04  -.19259501287738D-03
  -.61033956102907D-04  -.61866391387611D-05  -.98434117505264D-04
  cycle =     30 MP2 energy =     -935.0380999961 |dE/dxyz| =  0.001221
    7.48366568585128     -3.39538884213185     -3.83938593421610      ag
    8.18466624981274      4.10660025846640     -1.69531330792184      n
    7.43107961483877      1.81246040954077     -2.70497584200261      c
    8.97333121206639     -0.23134337430604     -2.17626442500898      n
   11.06214618750064      0.00247861579152     -0.78165063702927      c
   11.80197998870115      2.38432393549156      0.23284787530323      c
   10.29586875753127      4.39169815278916     -0.27613555273386      c
    5.51734190857029      1.62053122261874     -3.98267875068553      o
   12.45435933339684     -2.05395227739242     -0.35098496496015      n
   11.92934737301466     -3.74787869120535     -1.06679274160204      h
   14.04607013119659     -1.95295580731932      0.68956709411693      h
   13.48823452735597      2.59008444708207      1.36467550008114      h
   10.68728186252839      6.28027210542374      0.40856748526203      h
    7.04698037424265      5.59800314823538     -2.08524582329883      h
    5.90110231987672    -10.67559401150560     -6.45997579689867      n
    6.98338767397133     -8.58609007376005     -5.30307112570996      c
    5.70290207985162     -6.32824161692379     -5.61668006031792      n
    3.55490654219036     -6.17304153267327     -6.93115238949871      c
    2.47796562574317     -8.35089209075193     -8.09288519771838      c
    3.72649672221964    -10.56855132381649     -7.80467309396056      c
    8.93517396287909     -8.73934689736102     -4.08978898784030      o
    2.42935118096106     -3.92631116763169     -7.13649163203468      n
    3.19114811685711     -2.36418062494289     -6.32818258266955      h
    0.81065117506423     -3.74479295266855     -8.12325551437886      h
    0.74196869180874     -8.24889772517455     -9.16186809517282      h
    3.06939928166052    -12.32805970612757     -8.61805163976638      h
    6.84491201172705    -12.32759974915032     -6.23718491965828      h
  0.61574639725670D-04  0.15005851679906D-04  -.74148434535681D-04
  -.90513162205541D-04  -.39606338438247D-04  0.10826366889205D-04
  0.78741747539635D-04  0.33536535548606D-05  0.56346867594037D-04
  -.22547431497011D-03  -.10933842597627D-03  -.11021708889913D-03
  0.11171447215830D-03  -.26448186642902D-03  -.24108227344222D-04
  0.21029823443541D-04  0.11239795856577D-03  0.17831738776231D-04
  0.10715849067955D-03  0.22165518346995D-04  -.72530596155751D-04
  0.67703614945458D-04  0.14046552809077D-03  -.11194388282121D-04
  0.59297943471037D-04  0.31738701061101D-03  0.12930581782111D-03
  -.10856251605618D-03  -.26726903042729D-04  -.28379908869169D-04
  -.69245523642181D-04  -.12102087456001D-03  -.11763628483319D-03
  -.19464899175148D-04  -.55411265724503D-04  0.20349077931137D-04
  -.63843772197369D-04  -.34469359544431D-06  0.26857069671316D-04
  -.16064089036760D-04  0.69864768494909D-05  0.28719750438277D-04
  0.12000718745764D-03  0.31732752701075D-04  0.10673934212768D-03
  0.30098051539085D-04  0.20647302656940D-04  -.17961020068302D-03
  0.18432703800420D-03  0.96646145613111D-04  0.45704241963929D-04
  -.32542832686033D-03  0.41813572091787D-03  -.54211159397966D-04
  0.86808631349911D-04  -.18168630967907D-03  -.80610759336075D-04
  -.25506416390719D-03  0.25612015358334D-04  0.12152673554144D-03
  -.67950718936061D-04  -.39310225341538D-04  0.20990897397866D-03
  0.12672565897809D-03  -.62971534314471D-03  0.13520693469626D-03
  0.15431815803213D-04  0.11152393145064D-03  -.88326822434759D-04
  0.99561717470387D-04  0.11341797292408D-03  0.91118061888551D-04
  -.18308346827922D-04  0.20112996224897D-04  0.83088107523110D-05
  0.79252038213795D-04  0.11024453696606D-05  -.71567000566208D-04
  0.10486852844771D-04  0.10948909576314D-04  -.96209018052296D-04
  cycle =     31 MP2 energy =     -935.0381309000 |dE/dxyz| =  0.001791
    7.62743339620038     -3.52427359752388     -3.79509862097890      ag
    8.09402903036275      4.01448741070257     -1.77540895359906      n
    7.43114861254394      1.67888555201242     -2.74916883585777      c
    9.03267342157258     -0.30289949041684     -2.16526098301321      n
   11.09747068057116      0.02888093460553     -0.75446306812808      c
   11.74560695645177      2.45276771712656      0.22257359148615      c
   10.17915590732550      4.39834594300313     -0.34034698719820      c
    5.53838289971380      1.40176693687565     -4.04565120196546      o
   12.55248068428752     -1.97050135514570     -0.27055690896871      n
   12.08747975454983     -3.69284966790738     -0.95768873960449      h
   14.13016070137263     -1.79978922495219      0.78191035586844      h
   13.40784033793620      2.73427727539314      1.37346907001525      h
   10.49782407343893      6.31157981144745      0.31277292913905      h
    6.91107964539036      5.45884285670051     -2.20598944809526      h
    5.81347675982688    -10.72640386179304     -6.53159262417993      n
    6.98051269583190     -8.70082820990001     -5.34150790900550      c
    5.77643178775389     -6.39441183488025     -5.59677699032627      n
    3.61877471129708     -6.13569022667566     -6.87987660137221      c
    2.45272255442161     -8.25093302130773     -8.07169501090915      c
    3.62777879522459    -10.51554726577650     -7.84565688309053      c
    8.93567626671315     -8.94673997679352     -4.15141565170026      o
    2.57111439457793     -3.84729337328395     -7.02385322456228      n
    3.39905501359943     -2.32392358730035     -6.20278879049219      h
    0.95098946572119     -3.58985139520892     -7.99101650700150      h
    0.70883463657907     -8.06681665588339     -9.11658436089030      h
    2.90253204801374    -12.23307781563590     -8.69031828565694      h
    6.70105336014047    -12.41467004688509     -6.35504042023365      h
  0.34652084757170D-05  0.99919988580055D-04  -.11937731944900D-03
  -.10935783845167D-03  -.29271506770456D-04  0.14600195822956D-03
  -.12424809933753D-03  0.10475198135573D-04  -.89371750092937D-04
  -.29489401553784D-03  -.37280623394009D-03  -.97039711211222D-04
  0.16829491623849D-03  -.41097669313483D-03  -.14550469888963D-03
  0.84394039417290D-04  0.17801524019401D-03  -.16905401289513D-04
  0.18060939277564D-03  0.56925784631900D-04  -.17347027753623D-03
  0.22592757905926D-03  0.11841218233677D-03  0.15510680743347D-04
  0.10038443363669D-03  0.50262383649002D-03  0.17341288512540D-03
  -.17288865050225D-03  0.33981047714349D-04  -.14609812036159D-04
  -.11150406532945D-03  -.20974998584763D-03  -.18844808399976D-03
  -.10288018395244D-03  -.11709957208073D-03  0.14255864898605D-03
  -.77245388217628D-04  0.28852318809669D-05  0.10156137010053D-04
  -.34162871519250D-04  -.65600388445830D-05  0.47045302730808D-04
  0.15715480147693D-03  0.47560332879115D-04  0.81842676242339D-04
  0.15752191237173D-03  -.31164151860885D-04  -.12914672250819D-03
  0.27704321759536D-03  0.29744539299981D-03  0.61003766573364D-04
  -.35052113244483D-03  0.60623562027118D-03  0.24179365195387D-04
  0.82741226803407D-04  -.23570244510829D-03  -.12032487605662D-03
  -.36686209128334D-03  0.12569024985254D-04  0.25377031640428D-03
  -.19148783776757D-03  -.57539898712378D-05  0.19524431564655D-03
  0.19566034151630D-03  -.80759959476850D-03  0.24219121614610D-03
  0.11578035401083D-04  0.20872446437892D-06  -.20272104183094D-03
  0.18129979082726D-03  0.20747771103369D-03  0.15113723947824D-03
  -.23159071930401D-04  0.33959922866783D-04  0.12047980662011D-04
  0.13511861046922D-03  0.77956347084296D-05  -.14224325052536D-03
  -.19824141483937D-05  0.10193267009129D-04  -.11693967191262D-03
  cycle =     32 MP2 energy =     -935.0380867414 |dE/dxyz| =  0.002496
    7.80629247756172     -3.68751530073064     -3.73550163147854      ag
    7.97954240661293      3.88531252004686     -1.87825984397889      n
    7.43109342478560      1.50209302482437     -2.80130276648099      c
    9.10547787552826     -0.39628966009227     -2.15102063102074      n
   11.13606247103725      0.05880063792838     -0.72450678393894      c
   11.66836436582579      2.53105021069509      0.19988511235099      c
   10.02866990503690      4.39383884776634     -0.42931585635333      c
    5.56622428957196      1.11675373560464     -4.11490652500832      o
   12.66704680977921     -1.86404143779607     -0.17366532718884      n
   12.28113387429575     -3.61869444600089     -0.82501015603064      h
   14.22589030393556     -1.60378272464492      0.88833355695342      h
   13.29968721086945      2.90914309565054      1.36725625009414      h
   10.25612874904638      6.33430085591618      0.18000168685220      h
    6.74095841827832      5.26642401155682     -2.35757537069897      h
    5.70185727782042    -10.77680275969309     -6.61680923250380      n
    6.97113867886506     -8.83756933109364     -5.38557278763222      c
    5.86697288117753     -6.47542784286513     -5.56767512160101      n
    3.70503915162337     -6.08566692779884     -6.81143714341439      c
    2.43280071425436     -8.11570972693623     -8.04311591693150      c
    3.51149151061974    -10.43416915971998     -7.89481116802424      c
    8.92409531214828     -9.20024858005068     -4.22469006762489      o
    2.75706606535747     -3.75091673765721     -6.87627424000463      n
    3.66310898088625     -2.28046701099901     -6.03604741721854      h
    1.14155864351500     -3.39839170972981     -7.82087412970155      h
    0.68533402173904     -7.82790226939489     -9.05821979900760      h
    2.70331278777761    -12.09403941835490     -8.77864394643053      h
    6.51536998346909    -12.50674806583438     -6.49727180429860      h
  -.19633983166667D-03  0.40274262544848D-03  -.21941724823415D-03
  0.68192405788814D-05  0.11786984669016D-03  0.36203272906321D-03
  -.73476384438065D-03  -.87788353763329D-04  -.51496246040372D-03
  -.15305141541944D-03  -.79683499295813D-03  -.44385097355937D-04
  0.11863227912201D-03  -.54278387890161D-03  -.25322310184794D-03
  0.14172406485713D-03  0.23637092256124D-03  -.52796409430123D-04
  0.19502110827108D-03  0.72854370481323D-04  -.29952057803140D-03
  0.42079578780374D-03  -.21745089155178D-03  0.12481089779470D-04
  0.16077522453095D-03  0.61680534950792D-03  0.26384663327939D-03
  -.21957461756486D-03  0.14850174746606D-03  -.78301458232843D-05
  -.12078414452343D-03  -.31332468336354D-03  -.25452576541163D-03
  -.16393293365624D-03  -.18122078786642D-03  0.23736055804502D-03
  -.86963737372270D-04  0.66049517872813D-05  -.54869373413702D-05
  -.58596720984738D-04  -.34388891799075D-04  0.72377476935115D-04
  0.79019561185639D-04  0.57363389922571D-04  0.20076333495211D-04
  0.44186562622350D-03  -.18555610409798D-03  0.68854807722118D-06
  0.29466974183512D-03  0.56859734609116D-03  0.25537582435842D-04
  -.31060753588719D-04  0.56058190024899D-03  0.25204287417147D-03
  0.57518853216365D-04  -.18145070482567D-03  -.16013981907914D-03
  -.36723619797385D-03  -.86335329996245D-06  0.38247196110230D-03
  -.43831951755990D-03  0.11283638888848D-03  0.13315383227130D-03
  0.22425642276147D-03  -.45421020045566D-03  0.49088454963897D-03
  0.14323732734134D-04  -.34501202919746D-03  -.35279814285794D-03
  0.27685429328184D-03  0.37275114326807D-03  0.21057819692327D-03
  -.38613553177136D-04  0.47941563591836D-04  0.29590163860505D-04
  0.18885789627943D-03  0.12777330173463D-04  -.20850553866758D-03
  -.11896792317945D-04  0.62861143632631D-05  -.11953141740934D-03
  cycle =     33 MP2 energy =     -935.0380721217 |dE/dxyz| =  0.000347
    7.33769730481492     -3.26248347301043     -3.88737384769303      ag
    8.27818929972057      4.19123751023661     -1.61672962657976      n
    7.43373040680669      1.94339724373056     -2.66190917484583      c
    8.91267777315687     -0.16062142432635     -2.18965760562091      n
   11.02128311510737     -0.02739189380881     -0.81223263845048      c
   11.85121260829624      2.30689487773688      0.24222073775890      c
   10.41079607324169      4.37461283403034     -0.21352372710098      c
    5.50252861216965      1.83870429605062     -3.91992683903468      o
   12.34820129210367     -2.13822123146176     -0.43781759083726      n
   11.76392563296938     -3.80057172492813     -1.18283786172681      h
   13.95040639718647     -2.10847122990700      0.59139517285293      h
   13.55413782975864      2.43330084517031      1.36064671375793      h
   10.87601578405431      6.23492973144990      0.50179003398150      h
    7.18968534288089      5.72849921225759     -1.96649116912669      h
    5.99043192747128    -10.61316363860852     -6.38413962746180      n
    6.98806168407548     -8.46074325639653     -5.26964317998418      c
    5.62983703477981     -6.25716706915857     -5.63946020398078      n
    3.49396704431384     -6.20884644909513     -6.98050821725496      c
    2.50742351431966     -8.44772551533280     -8.10503970926718      c
    3.82846065702758    -10.61353081025859     -7.75323271134797      c
    8.93858381329820     -8.51692001882597     -4.04368621913928      o
    2.29147362751666     -4.00869222185239     -7.24950820187249      n
    2.98627310866855     -2.40891686098162     -6.45879400018829      h
    0.67616850134780     -3.90560139298332     -8.25323408128589      h
    0.78118444558527     -8.43041105315446     -9.19432886641920      h
    3.24041687582215    -12.41339977821139     -8.53028298351048      h
    6.98894888492467    -12.22536367776440     -6.11272563594327      h
  0.79684617100284D-05  0.30656268741658D-04  -.10308606109843D-04
  -.25095205310466D-04  -.14041130267373D-05  0.19637340296308D-04
  -.62326657954692D-05  -.13260858843900D-04  0.10524309548288D-04
  -.49151888186660D-04  -.34205958690414D-04  -.46872909566842D-04
  0.15506164695367D-04  -.70351306878713D-04  -.20600268733517D-04
  0.11695539953394D-04  0.28272906854365D-04  -.11639740435498D-04
  0.21001828087286D-04  0.90071909220057D-06  -.18642053541740D-04
  0.56717687400010D-04  0.53501796463351D-04  0.21818769726067D-04
  0.24593095339753D-04  0.90331527822229D-04  0.32970031915269D-04
  -.25210892165783D-04  -.86483428134443D-05  0.11389750236290D-05
  -.11705861985511D-04  -.38366144649471D-04  -.26837473997787D-04
  -.20005846372406D-04  -.22195118963841D-04  0.27799146496754D-04
  -.70950386681368D-05  0.57129983117576D-05  -.11467222464034D-04
  -.30184984396442D-05  0.40980081719155D-05  0.11219037301391D-04
  0.37938061218878D-04  0.14181643056332D-04  0.26113683516016D-04
  0.34803661783656D-05  0.22353275443976D-05  -.25747388116670D-04
  0.39888547106681D-04  0.18381933978517D-04  0.14143379981846D-04
  -.79471669740983D-04  0.10214465648062D-03  -.29343296517048D-04
  0.30748215067433D-04  -.50841538967727D-04  -.83246871689369D-05
  -.79938122768741D-04  0.60691924446132D-05  0.38525311452986D-04
  -.90366694465160D-05  0.45211614700946D-05  0.31709218633935D-04
  0.24176381391072D-04  -.19649357099283D-03  0.37092687103168D-04
  0.30762492109204D-06  0.18617285670430D-04  -.31476781188200D-04
  0.20699605808083D-04  0.51552114782805D-04  0.17324125770379D-04
  -.50391485553192D-05  0.70941071060870D-05  -.38260903423293D-06
  0.31782360748078D-04  -.69960723170226D-06  -.28583965767215D-04
  -.55024608167642D-05  -.18053420802744D-05  -.19789105749290D-04
  cycle =     34 MP2 energy =     -935.0380737311 |dE/dxyz| =  0.000399
    7.34778541834445     -3.27193650459421     -3.88356730783132      ag
    8.27153535915800      4.18565584582958     -1.62136726287343      n
    7.43330967526862      1.93443287601419     -2.66391454622460      c
    8.91710424852531     -0.16533831935845     -2.18830408052183      n
   11.02470685849660     -0.02499966118259     -0.80998601478172      c
   11.84827470332138      2.31270614603726      0.24186920728133      c
   10.40296791665448      4.37622908499543     -0.21727330336098      c
    5.50276305993141      1.82357486074101     -3.92276606221284      o
   12.35668693368602     -2.13200615839087     -0.43219925220229      n
   11.77727763418972     -3.79656795815745     -1.17601695037268      h
   13.95858816795019     -2.09685761937015      0.59733093126956      h
   13.55031563560954      2.44481223552233      1.36099053592286      h
   10.86305874022226      6.23860529256986      0.49598615054386      h
    7.17922102325988      5.71967394962286     -1.97351238115542      h
    5.98343865290232    -10.61815799984472     -6.38856419960088      n
    6.98719481044250     -8.46979168970084     -5.27162660041284      c
    5.63451806608050     -6.26227108628581     -5.63796163726763      n
    3.49811861790072     -6.20643170175043     -6.97802078183274      c
    2.50545809099072     -8.44127307778446     -8.10528316276674      c
    3.82102853547665    -10.61096526890644     -7.75693059253126      c
    8.93807058043653     -8.53268322379515     -4.04663168420893      o
    2.30102940225166     -4.00287928545627     -7.24339582888552      n
    2.99950561945160     -2.40554041985929     -6.45053456390195      h
    0.68556017713296     -3.89490065917564     -8.24636327066070      h
    0.77872460262290     -8.41809025791254     -9.19367752691737      h
    3.22780713018291    -12.40829250395352     -8.53592639155975      h
    6.97766893092849    -12.23337306525704     -6.11938448325514      h
  0.16734594991519D-04  0.12778825662307D-04  -.80309351460084D-05
  -.46882164609352D-04  -.21521576639927D-04  -.34806992510461D-06
  0.60906240606506D-04  -.33946623734238D-06  0.53740312510708D-04
  -.59192976375577D-04  0.43802968825446D-05  -.47370831834481D-04
  0.25973177296912D-04  -.72558624526486D-04  -.55337506594810D-05
  0.52233616116837D-05  0.38820276246909D-04  -.12857402311717D-04
  0.40690859352210D-04  -.11357520168787D-05  -.15602477150267D-04
  0.96047902538032D-05  0.62634864695710D-04  -.68584329753207D-05
  0.18590123728401D-04  0.91489424962177D-04  0.35726719140428D-04
  -.25779041781915D-04  -.24393193172045D-04  -.11262793983224D-04
  -.91616554973584D-05  -.32761809394821D-04  -.25994808404484D-04
  -.19083729045022D-04  -.20638348011026D-04  0.28533639509831D-04
  -.97411650430423D-05  0.40581435838405D-05  -.71717268035343D-05
  -.54094098924651D-05  0.26011615856802D-05  0.13115979106582D-04
  0.48165338224160D-04  0.89739220623386D-05  0.36418626603751D-04
  -.38423575188684D-04  0.15510392803897D-04  -.44310893973165D-04
  0.60759562281021D-04  -.82761142121690D-05  0.16280472757479D-04
  -.11715885880115D-03  0.11832100613596D-03  -.49357621617396D-04
  0.32542690377113D-04  -.62725320631341D-04  -.75270380195391D-05
  -.70707278609916D-04  0.16193174221968D-04  0.17724620248849D-04
  0.20775285090480D-04  -.12128943456702D-04  0.44717179829235D-04
  0.23554540600657D-04  -.22474094375724D-03  0.29177628552368D-04
  0.52737347477905D-05  0.63173087003321D-04  -.16453020996288D-04
  0.19591052402568D-04  0.39456387415315D-04  0.14108265105506D-04
  -.70646802861063D-05  0.72281988953149D-05  0.50765886818738D-05
  0.28486354564983D-04  -.19091064773491D-05  -.21717418484890D-04
  -.82671527463773D-05  -.24901479562800D-05  -.14222846959733D-04
  cycle =     35 MP2 energy =     -935.0381395421 |dE/dxyz| =  0.001273
    7.77860679823244     -3.68319187847299     -3.71214194032896      ag
    7.98377725298645      3.89379806876363     -1.84450080702667      n
    7.41737787859822      1.50955753806374     -2.75272507778565      c
    9.09860386382353     -0.38968982209995     -2.12693169967678      n
   11.14663810083394      0.06237003006366     -0.72441686433541      c
   11.69317460021886      2.53389334067592      0.19242600862543      c
   10.04959715965066      4.39917059981776     -0.41837834683569      c
    5.52932568740963      1.12602074187448     -4.03537314260229      o
   12.68570531570569     -1.86089056170511     -0.19324619423471      n
   12.30935259262460     -3.61480143835355     -0.85244447263401      h
   14.25444163827534     -1.59125431544238      0.85314215792963      h
   13.34680195281382      2.91550294817969      1.32708697106615      h
   10.29176953387602      6.34022839871117      0.18328643531373      h
    6.74091520633150      5.27590672854035     -2.30957029059621      h
    5.68953000846363    -10.78091105398391     -6.58304029430295      n
    6.94535812241934     -8.82962726233588     -5.35812803338202      c
    5.83988990720738     -6.47087460995107     -5.56375831928395      n
    3.69758387825872     -6.09005093660314     -6.84380659968991      c
    2.44789239423488     -8.12870435134279     -8.08431953454531      c
    3.52056432833240    -10.44738461282413     -7.89904344392163      c
    8.89363643126350     -9.18167671418276     -4.18376261863505      o
    2.74350661429692     -3.75730575743996     -6.94124460811967      n
    3.60308012878675     -2.28077705718499     -6.06197260626365      h
    1.13098311976481     -3.43177331131333     -7.90189948079828      h
    0.71512893350322     -7.84947581765403     -9.12660734712849      h
    2.71731468352868    -12.11524667929630     -8.77213066157776      h
    6.50116245997736    -12.50947838390746     -6.43353024955082      h
  0.97172990616734D-04  -.63385441588792D-05  0.57485192082041D-05
  -.72815127318604D-04  -.51190679840829D-04  -.12307401991807D-03
  0.43021541341970D-03  0.28211160598701D-05  0.24089779770931D-03
  -.88136194068000D-04  0.22724263048657D-03  -.21704421967916D-04
  0.80720990367489D-04  0.44664910173964D-04  0.23179875350099D-03
  -.83289018109056D-04  0.35805849738946D-04  -.75458813308948D-04
  0.12438728667918D-03  -.61209699936171D-04  0.57725762325767D-04
  -.44669837832600D-03  -.14234126195412D-03  -.27035500076877D-03
  -.14728541111708D-03  -.13387830729261D-03  -.17040512265254D-04
  0.64943089921906D-04  -.34208967923277D-04  -.85908398800960D-04
  0.54647846147837D-04  0.80995142176521D-04  0.19094837919731D-04
  0.27554308844380D-04  0.91186954620515D-05  -.84166146319120D-05
  -.37907331320586D-05  -.10221883763428D-04  0.73502926785096D-05
  -.37918252075997D-04  -.31742882985242D-04  0.87943620918907D-05
  0.88944195335672D-04  -.19084955095394D-04  0.53311617175034D-04
  -.45791799581707D-03  0.12320751376738D-03  -.24247566185576D-04
  0.21107060574899D-03  -.27772154267924D-03  -.20638239781157D-03
  -.18871851196067D-03  0.58009617084132D-04  -.87547241806263D-04
  0.91665989730316D-04  -.74324346008736D-04  -.62747319891088D-04
  -.57224193373173D-04  0.97983397733259D-05  -.49327662258847D-04
  0.21148330043985D-03  -.10708101527435D-03  0.11091781146533D-03
  0.24153582602082D-03  0.15731690431053D-03  0.26505042835545D-03
  -.99110422682624D-04  0.29108269125544D-03  0.29059859238512D-04
  -.54626834929294D-04  -.12670287158256D-03  -.99822350627221D-04
  -.30954858709187D-04  0.14871226571567D-04  0.64861213214584D-04
  0.84669783246838D-05  0.64918975812844D-05  -.28314514799455D-05
  0.35676906882554D-04  0.14620847059277D-04  0.40252475437597D-04
  cycle =     36 MP2 energy =     -935.0381003550 |dE/dxyz| =  0.000959
    7.46302665037570     -3.38279687737862     -3.83659460991783      ag
    8.19481569557868      4.11604994699338     -1.68043868151474      n
    7.42837762203303      1.82514786859599     -2.68780176922065      c
    8.96710384221579     -0.22382319233698     -2.17002035905861      n
   11.06188235411653      0.00097707230388     -0.78302700231059      c
   11.81203053086664      2.37842126637777      0.23391905472906      c
   10.31158818134312      4.39180701147137     -0.26779309340615      c
    5.50691979381331      1.64075988974101     -3.95527009442349      o
   12.45163311794855     -2.05973543855532     -0.36266299919554      n
   11.92551164229615     -3.75138486223812     -1.08320702433765      h
   14.04623182168137     -1.96135398470557      0.67425261119380      h
   13.50290563867404      2.57783214125564      1.36005240697849      h
   10.71404186226209      6.27847953426547      0.41575849574319      h
    7.06087336023194      5.61173271819942     -2.06474020315204      h
    5.90457005159333    -10.67101042878227     -6.44428152443622      n
    6.97839851449927     -8.57186398403134     -5.29745254669084      c
    5.68893441451019     -6.32052673877883     -5.61946568452069      n
    3.54690078696120     -6.17757047161267     -6.94485714766143      c
    2.48302146675185     -8.36328463773587     -8.10365486012403      c
    3.73591711419669    -10.57636806014596     -7.79930807079745      c
    8.93310800075582     -8.71213152776443     -4.08644631505193      o
    2.41344877905675     -3.93562402765666     -7.16559100206462      n
    3.15656763876545     -2.36896466259395     -6.34858512883035      h
    0.79597991802135     -3.76885176358768     -8.15743180840520      h
    0.75154068074851     -8.27136192357638     -9.18081571182637      h
    3.08491571630577    -12.34193449724534     -8.60438252960303      h
    6.85147339581519    -12.31928653988130     -6.20718546241601      h
  0.65407450792421D-04  -.86723647163778D-04  0.31138358464800D-04
  -.12959961387260D-03  -.72280288961224D-04  -.74947030065609D-04
  0.36205084332463D-03  -.18580799040713D-04  0.24269603046978D-03
  -.13397237549517D-03  0.19647029243064D-03  -.41547356609994D-04
  0.11910930304282D-03  -.34074357088798D-04  0.45177122200535D-04
  -.20015971415432D-04  0.49446074196879D-04  -.31085237746531D-04
  0.78747473523766D-04  -.18858498053831D-04  0.26646410003828D-04
  -.16503951203717D-03  0.15070111614079D-03  -.93801096213042D-04
  -.66826683877252D-04  0.72123015253389D-04  -.60838178086442D-05
  -.46818335219800D-05  -.93219063874272D-04  -.38756631447256D-04
  0.82179035576502D-05  0.56765673788761D-05  -.34841489719994D-05
  -.20425582055061D-04  -.12496205826329D-04  0.37696974651169D-04
  -.10859039218936D-05  0.38773842101492D-05  -.17145066097957D-04
  -.89824412610184D-05  0.37868433855337D-05  0.11406564175420D-04
  0.11932986937441D-03  0.82725895538260D-05  0.67187810342206D-04
  -.26867061397962D-03  0.70979781904512D-04  -.98606656646627D-04
  0.11901773791756D-03  -.14123352470241D-03  -.55580104618258D-04
  -.28096812222600D-03  0.16091405611540D-03  -.12267225381990D-03
  0.49465526545944D-04  -.11652379347349D-03  -.14897157489813D-05
  -.10180315694530D-03  0.34557777006228D-04  -.29080010988558D-04
  0.18064325541900D-03  -.60926392556837D-04  0.97436834913367D-04
  0.10276518324304D-03  -.32073885858352D-03  0.31923881715912D-04
  -.14219403778215D-04  0.25202100690080D-03  0.41164359153800D-04
  0.52365922096342D-05  -.43799779721354D-04  -.23467034714564D-04
  -.88575086492071D-05  0.91856197606544D-05  0.12863233900262D-04
  0.23723889100324D-04  -.56026096473261D-06  -.15440498823072D-04
  -.85665506057708D-05  0.20031897189909D-05  0.78488778418873D-05
  cycle =     37 MP2 energy =     -935.0381357413 |dE/dxyz| =  0.001035
    7.57727594958102     -3.49194158353193     -3.79131336417292      ag
    8.11880056798102      4.04055966914275     -1.74077411137547      n
    7.42485766813482      1.71316449161373     -2.71307751963991      c
    9.01617722706247     -0.28340413185096     -2.15362133453728      n
   11.09532561996046      0.02469119904835     -0.75885511868594      c
   11.77175517899334      2.43886057881916      0.22251922931795      c
   10.21825806291317      4.40031703157894     -0.32069693368785      c
    5.51516081204253      1.45597174964480     -3.98874800810067      o
   12.54042684163330     -1.98787746279253     -0.29610180470532      n
   12.06729269219268     -3.70448434378124     -0.99244401407302      h
   14.12589078374491     -1.82714151343847      0.74713249424333      h
   13.44974600373256      2.70473388229516      1.35425260115933      h
   10.56250960106649      6.30872639893305      0.33359240984590      h
    6.94483143947168      5.49652959574543     -2.15637598428267      h
    5.82730694517477    -10.71624097507441     -6.49866779322544      n
    6.96914879957880     -8.66853002019418     -5.32298994006513      c
    5.74357280503852     -6.37635980782349     -5.60047266090242      n
    3.59821227025961     -6.14739800929030     -6.90913376215963      c
    2.46476048875742     -8.28183001788900     -8.09768748279022      c
    3.65460966162272    -10.53515941976539     -7.83813682684494      c
    8.92495067932648     -8.88536328542187     -4.12666395947690      o
    2.52895680080786     -3.87007304191626     -7.08465100211289      n
    3.31712094976873     -2.33555206950421     -6.24569583179337      h
    0.91074830132859     -3.64451847989366     -8.06374000515744      h
    0.73017105165257     -8.12198565979495     -9.16183510188476      h
    2.94714127903814    -12.26715885001842     -8.66813648352526      h
    6.72671011055363    -12.39520209424346     -6.29470875168796      h
  0.76877360684513D-04  -.96303498965611D-04  0.48751114424928D-04
  -.12604220909296D-03  -.78786894246008D-04  -.89778285330855D-04
  0.40139791942639D-03  -.15194587505540D-04  0.26930219818500D-03
  -.14423352717441D-03  0.23310034176616D-03  -.38035475318221D-04
  0.12214468451610D-03  -.87798343821888D-05  0.54490201203627D-04
  -.34868787317066D-04  0.41240989919089D-04  -.34121579563617D-04
  0.86933433395053D-04  -.17642542198715D-04  0.37562628834031D-04
  -.18583199189237D-03  0.14492383839837D-03  -.10628677254765D-03
  -.10360821007183D-03  0.24493054773700D-04  -.23761999052851D-04
  0.17524627373144D-04  -.89950125436999D-04  -.37663776724539D-04
  0.19612516099166D-04  0.26640519737701D-04  0.44045126985637D-05
  -.11703851023448D-04  -.39261819857472D-05  0.31275123063779D-04
  -.99653692964274D-06  0.55126371645287D-06  -.98244922961399D-05
  -.12956460022195D-04  -.32482670029310D-05  0.10241445804526D-04
  0.11415605447876D-03  -.98110438546684D-05  0.63621870978636D-04
  -.30320552633878D-03  0.10167707772357D-03  -.84811189165812D-04
  0.12922100570290D-03  -.16334675987140D-03  -.10532719210810D-03
  -.30827630384067D-03  0.14628893872537D-03  -.12881349139526D-03
  0.49368443777453D-04  -.11472741097918D-03  -.43074617401828D-05
  -.82558322188397D-04  0.45023028427238D-04  -.44573409721416D-04
  0.19030258079411D-03  -.76463290392681D-04  0.97906097286327D-04
  0.15684711196151D-03  -.29105611058533D-03  0.63818800244420D-04
  -.38820397566086D-04  0.27088998683311D-03  0.37248323409234D-04
  -.98539297912481D-05  -.78716046339355D-04  -.42274286990995D-04
  -.12982349403501D-04  0.92103350622791D-05  0.19249280981626D-04
  0.14694715051888D-04  -.10302524211525D-05  -.51946313974760D-05
  -.31421640502849D-05  0.49436298592553D-05  0.16902387042550D-04
  cycle =     38 MP2 energy =     -935.0379236943 |dE/dxyz| =  0.002742
    7.91407686605367     -3.81522629384439     -3.65609653511222      ag
    7.89720312475487      3.78203602749415     -1.93433530459923      n
    7.42008381148845      1.36186931121788     -2.79388805889642      c
    9.15464317875316     -0.46831930461561     -2.11060759318517      n
   11.17213838289303      0.08382032203653     -0.69978653327236      c
   11.62734886204871      2.59134220945517      0.16810883638426      c
    9.93028354209307      4.38763353767289     -0.49980263450203      c
    5.55765556378971      0.89044722594210     -4.08737357136170      o
   12.76856506855981     -1.77418080391690     -0.11100818430770      n
   12.45263510267692     -3.55397737935972     -0.72883645678502      h
   14.31483835044403     -1.43166497221439      0.94734886934773      h
   13.25403962321500      3.05121851192329      1.31262248491907      h
   10.10195432381546      6.34850550396304      0.06038009208961      h
    6.61528485761905      5.11190143202653     -2.44380070089105      h
    5.60383443611114    -10.80978300409094     -6.65608320617657      n
    6.94013932928269     -8.93037186260034     -5.40131415919895      c
    5.90921989869509     -6.53315598085846     -5.53836701966605      n
    3.76725181115010     -6.04989411404333     -6.78444625472525      c
    2.43484951672436     -8.01643559476104     -8.05492695538440      c
    3.43197725326693    -10.37306991087376     -7.93607537442161      c
    8.88867016096768     -9.37266236524119     -4.26128082579499      o
    2.89457164297150     -3.68358418665856     -6.81937747000733      n
    3.81471791658175     -2.25485279196195     -5.91993692997883      h
    1.28323259512916     -3.28262863989984     -7.75295114176018      h
    0.70174723253782     -7.65559005820294     -9.07121565780955      h
    2.56306471493351    -11.99226016910480     -8.83753856972982      h
    6.35769142486164    -12.56778281888676     -6.55644220549515      h
  -.27676651792685D-03  0.46758687096204D-03  0.45109873920701D-05
  0.23974856820774D-03  0.26352336959157D-03  0.22049079947850D-03
  -.88589878658007D-03  -.21363156299614D-03  -.58475700722660D-03
  0.42624905949173D-03  -.39585155092414D-03  0.17841323907275D-03
  -.16444417692618D-03  0.84725237699423D-04  -.13700454007104D-03
  0.44997426504878D-04  -.10614134419384D-04  0.14272712602903D-05
  -.64010148403071D-04  -.73582195838640D-05  -.52118705407445D-04
  -.33660688615100D-04  -.95797126712149D-03  -.25235972169035D-03
  -.27004108343220D-04  -.22559966410363D-03  -.16155537193363D-04
  0.60151638415995D-04  0.17587608935266D-03  0.35448772481184D-04
  0.17460561495319D-04  0.28282669038204D-04  0.53980887422256D-05
  -.27155740649931D-04  -.94793639595636D-05  0.42291820951945D-04
  0.28187710750305D-04  0.14487825588105D-05  -.50855732847133D-05
  -.15304565438967D-04  -.63617447658260D-04  -.26090884830410D-05
  -.24034961202979D-03  -.10634714517010D-04  -.18535664646624D-03
  0.27897631917284D-03  -.19736731780817D-03  0.32584853162199D-03
  -.12372089449109D-03  0.26262723369153D-03  -.31558609592786D-03
  0.63612081761022D-03  -.63084396875102D-03  0.36025056422684D-03
  -.89240897583664D-04  0.28921892182987D-03  0.14710611954349D-04
  0.21018013167851D-03  -.73987683418153D-04  0.95063383526828D-04
  -.26657472362501D-03  0.12749034835124D-03  -.19748618300497D-03
  0.36433573166583D-03  0.14120413626486D-02  0.54704403388683D-03
  -.10461321901811D-03  -.42920283990622D-03  -.14188080877631D-03
  0.10947338190626D-04  0.10926111312370D-03  -.26262224981366D-05
  -.12261571463057D-04  -.19588339373877D-05  0.21000856562203D-04
  -.43906151483419D-05  0.18797403781967D-04  -.12804711477798D-04
  0.18040831536670D-04  -.12760598101735D-04  0.53931842233235D-04
  cycle =     39 MP2 energy =     -935.0381451546 |dE/dxyz| =  0.000691
    7.60660256177123     -3.52129959873100     -3.77797783457956      ag
    8.09919061009774      4.01931950821793     -1.75898972055621      n
    7.42411412183039      1.68219284348049     -2.72046096985719      c
    9.02878498095858     -0.30016337325117     -2.14868007855496      n
   11.10325752838695      0.03050960364629     -0.75210570883562      c
   11.76086799010611      2.45460701354754      0.21751717667413      c
   10.19382723240034      4.40183931155944     -0.33767563898364      c
    5.51797467774939      1.40505954928544     -3.99785256955801      o
   12.56218598865092     -1.96889459712259     -0.27641515767945      n
   12.10194030837649     -3.69232041891668     -0.96392162889450      h
   14.14467140156636     -1.79160502125994      0.76860840779730      h
   13.43599017333256      2.73870691536718      1.34907383493264      h
   10.52268446286515      6.31591299140787      0.30791384983779      h
    6.91512056024958      5.46447534680272     -2.18364535782869      h
    5.80799344401688    -10.72664339398819     -6.51532430410141      n
    6.96670630363857     -8.69371492699354     -5.32986311039559      c
    5.75752644328006     -6.39125864129037     -5.59386315187382      n
    3.61167531936777     -6.13934973145513     -6.89761169888517      c
    2.46051190201017     -8.25910689133297     -8.09538673699816      c
    3.63445212749981    -10.52238841043290     -7.84994077622060      c
    8.92169971075451     -8.93120520079616     -4.13680576683575      o
    2.55915876229604     -3.85316948814747     -7.05930856970472      n
    3.36018366443738     -2.32846156061737     -6.21414429291068      h
    0.94063266832489     -3.61087177303641     -8.03380920549800      h
    0.72539851270302     -8.08103086218180     -9.15576517954381      h
    2.91282637313929    -12.24469310717744     -8.68790958107289      h
    6.69574076160808    -12.41311225598709     -6.32268729019435      h
  0.53224089684001D-04  -.56591257951766D-04  0.32941906485728D-04
  -.68044148262336D-04  -.40456618258133D-04  -.60333642423194D-04
  0.25361134331137D-03  -.19726253514207D-04  0.16625232723566D-03
  -.99396868153523D-04  0.15852891728230D-03  -.44108701218848D-04
  0.72347524425531D-04  -.15054628512701D-04  0.63778803831127D-04
  -.26437042944139D-04  0.21218220354502D-04  -.92964318998412D-05
  0.58148658315105D-04  -.56279379645474D-05  0.10571664395442D-04
  -.93667280989251D-04  0.11411985470478D-03  -.47456464109530D-04
  -.81521866720280D-04  0.16187804097179D-04  -.16062600418643D-04
  0.19980171373113D-04  -.53557410993221D-04  -.20008499297397D-04
  0.97018077056532D-05  0.17167704447846D-04  -.64456951376357D-05
  0.59969866574860D-05  0.24606905486557D-05  -.45863420794490D-06
  -.12763497533541D-04  -.34154405765818D-05  0.12162451492159D-04
  -.97577448840980D-05  -.30808591837683D-05  0.75856155545839D-05
  0.63706378247902D-04  -.15677366912215D-04  0.47126978382828D-04
  -.17764595654590D-03  0.74186063023340D-04  -.57571307928495D-04
  0.95228705403017D-04  -.10127967875850D-03  -.10373337501157D-03
  -.23090542366333D-03  0.10430547095019D-03  -.82400279953099D-04
  0.36328706304545D-04  -.77955281228670D-04  -.11923099963340D-04
  -.54161041681766D-04  0.35336646092787D-04  -.24582727497169D-04
  0.96317984414895D-04  -.55432079966167D-04  0.83595335974351D-04
  0.13100724866177D-03  -.21449313982558D-03  0.65616926139711D-04
  -.41254726209194D-04  0.16573117147267D-03  0.56683496572063D-05
  -.44385071698017D-05  -.57589772678224D-04  -.24221768123667D-04
  -.97423795653029D-05  0.57730002820944D-05  0.15317368196044D-04
  0.82464446813368D-05  -.20564992242456D-05  0.40106138410323D-06
  0.58903680781874D-05  0.69788715215680D-05  -.24155794970948D-05
  cycle =     40 MP2 energy =     -935.0381489357 |dE/dxyz| =  0.000619
    7.61699594696733     -3.53158159732557     -3.77339571152468      ag
    8.09268229015834      4.01194911545548     -1.76584295855632      n
    7.42406703356475      1.67145909254906     -2.72331592351069      c
    9.03317673268852     -0.30597350621714     -2.14700408553931      n
   11.10580475779900      0.03248116805889     -0.74955340872124      c
   11.75657659977946      2.45987688045836      0.21642239282048      c
   10.18533349970849      4.40228536018633     -0.34368246289207      c
    5.51927572220736      1.38747560102737     -4.00146968823648      o
   12.56950178498318     -1.96232317893484     -0.26944591183119      n
   12.11381591353408     -3.68806290485192     -0.95401097510928      h
   14.15060803650618     -1.77941708226252      0.77669492470747      h
   13.42965218184702      2.74994902403185      1.34948918224409      h
   10.50914202779568      6.31840850361666      0.29836075712490      h
    6.90548166978457      5.45344300785204     -2.19421208582436      h
    5.80132698877522    -10.73016931409959     -6.52118316958227      n
    6.96653537965929     -8.70222261499152     -5.33336076732758      c
    5.76265998849939     -6.39637928571737     -5.59191451045066      n
    3.61634782124821     -6.13653243427364     -6.89342341544310      c
    2.45876513219683     -8.25125213640784     -8.09394838118665      c
    3.62713427770198    -10.51796330275880     -7.85346226552570      c
    8.92235181384212     -8.94655820013227     -4.14322585017144      o
    2.56966938913877     -3.84731226500306     -7.05031039766458      n
    3.37526507163612     -2.32589943680973     -6.20326853006336      h
    0.95102951488721     -3.59927142877092     -8.02316666417701      h
    0.72334306065481     -8.06686972101863     -9.15273683379491      h
    2.90043684607828    -12.23689674306631     -8.69397309522405      h
    6.68473910977609    -12.41930876999768     -6.33209122486092      h
  0.41505002342568D-04  -.51179940993240D-04  0.37493490763651D-04
  -.68986378781499D-04  -.45773311411423D-04  -.47877108448002D-04
  0.22329024093626D-03  -.64168920612673D-05  0.15245671663200D-03
  -.79315616328790D-04  0.13728741825947D-03  -.32729011555599D-04
  0.67273111501898D-04  -.11188466473300D-04  0.44365556218118D-04
  -.18302352266630D-04  0.26768981468805D-04  -.13731178195364D-04
  0.57847253824850D-04  -.24907606359648D-05  0.63889937607087D-05
  -.79895098732408D-04  0.95003315222719D-04  -.43766275815926D-04
  -.76541497492144D-04  0.19180320139256D-04  -.20830153179219D-04
  0.20259299327807D-04  -.46627314082670D-04  -.13974172109688D-04
  0.71408389308303D-05  0.15434708424120D-04  -.46300563996127D-05
  -.67214736123589D-05  -.89715241968769D-06  0.17921791135578D-04
  -.65301575391530D-05  -.14681126723204D-05  0.21894584754101D-05
  -.95602408762829D-05  -.50599877958746D-05  0.57234972481446D-05
  0.58578633776230D-04  -.17079259276187D-04  0.30032101852928D-04
  -.16552521925206D-03  0.68007548740034D-04  -.26984296002119D-04
  0.96415688913609D-04  -.90469193073428D-04  -.10608766798237D-03
  -.21498722705715D-03  0.94648490160942D-04  -.68677185298682D-04
  0.26994377341438D-04  -.67556746446984D-04  -.57181721313526D-05
  -.48973644530825D-04  0.31720619963593D-04  -.16094465002503D-04
  0.92341917898864D-04  -.54760412687926D-04  0.52976287495454D-04
  0.12029126263968D-03  -.19329476530139D-03  0.58149579552413D-04
  -.37781081836830D-04  0.14548352682464D-03  0.40581311155918D-05
  -.19205498569264D-05  -.48729827115457D-04  -.22641660079259D-04
  -.69573935688183D-05  0.63216533612021D-05  0.12869947464189D-04
  0.10108856424385D-04  -.44016014832948D-06  -.44450098140025D-05
  -.48679872133306D-07  0.35759941798830D-05  0.35608263316833D-05
  cycle =     41 MP2 energy =     -935.0381565210 |dE/dxyz| =  0.000324
    7.64997968506753     -3.56644028639691     -3.75566194124404      ag
    8.06774838382849      3.98575729890012     -1.78465166459862      n
    7.42081234903653      1.63424989672634     -2.72926762821721      c
    9.04635056649995     -0.32592054020052     -2.14022346852417      n
   11.11495843926582      0.03892568255933     -0.74335149227627      c
   11.74502835701138      2.47789325517561      0.20685565754737      c
   10.15633303181268      4.40288589356868     -0.36404293322082      c
    5.51931804181223      1.32668892132143     -4.00763097224254      o
   12.59495732125240     -1.94033156605982     -0.24920980334589      n
   12.15311385089151     -3.67385577612097     -0.92258945505972      h
   14.17369478896672     -1.73822932066812      0.79693070215263      h
   13.41802785592575      2.79025994896526      1.33409839734548      h
   10.46244132186795      6.32534945888002      0.26764213333074      h
    6.86795241632355      5.41423917024130     -2.22155008790447      h
    5.77818148018549    -10.74161041774060     -6.53849005150008      n
    6.96056010054394     -8.73204817956664     -5.33585306358279      c
    5.77768259806201     -6.41404046638074     -5.58147038360531      n
    3.63341287184092     -6.12639612841349     -6.88048900312214      c
    2.45722998511059     -8.22305176479714     -8.09461981672162      c
    3.60601324157911    -10.50139321258100     -7.86922861225430      c
    8.91143686345672     -9.00143236510666     -4.14374015786998      o
    2.60703595458175     -3.82683503344009     -7.02176980506775      n
    3.42597188596421     -2.31790985450950     -6.16441872864074      h
    0.98916352003772     -3.55868375653635     -7.99052030607136      h
    0.72320641335975     -8.01683720197851     -9.15168550467047      h
    2.86368774333159    -12.20848358857264     -8.72018450061763      h
    6.64741952380199    -12.43941623667169     -6.36190857033919      h
  0.23419293699867D-04  -.11302692942916D-04  -.19191012664344D-04
  0.40506039360899D-04  0.26758326987064D-04  -.39225641941698D-04
  0.24547727046187D-04  -.25318710683564D-04  0.16971396484156D-04
  -.33444194030174D-04  0.10008088502778D-03  -.48655461979852D-04
  -.14483745180094D-04  -.27199059206673D-04  0.85167022726651D-04
  -.25280290483209D-04  -.19037443393266D-04  0.30354867129212D-04
  -.13685652891393D-04  0.18811446622635D-07  0.22699520180858D-04
  -.13539444324806D-04  0.32940826273808D-04  -.25493280890743D-05
  0.65569675058441D-05  -.49073839978320D-05  0.41034690688946D-04
  0.46855324827288D-05  -.14432523146368D-04  -.12679692951156D-04
  0.45045264016608D-05  -.49496786319048D-05  -.19052893425631D-04
  0.60709448052698D-04  0.15059494824499D-04  -.90467609180855D-04
  -.29650213132060D-04  -.93599732240435D-05  0.43648631439464D-04
  -.38774516317730D-05  -.16431598579558D-05  -.12140562677398D-05
  -.16360620980538D-04  -.17035281716815D-04  0.33674262816863D-04
  0.13047403613520D-04  0.38409213557244D-04  -.49601445777370D-04
  0.32803352861599D-04  -.43376608985346D-04  -.97812388155649D-04
  -.71993734689357D-04  0.19460745066091D-04  0.15673065592914D-04
  0.25440083579298D-04  -.13191045450833D-04  -.34719572126640D-04
  0.88372710216333D-05  0.10799605899336D-04  -.20027189111538D-04
  -.55328449647618D-04  -.13949372668520D-04  0.10455549209354D-03
  0.53006667137367D-04  -.57932647251846D-04  0.52062095574179D-04
  -.20451802337451D-04  0.33264145002043D-04  -.14689433648130D-04
  -.53308393059837D-05  -.20474771318169D-04  0.64930813250541D-05
  -.96715334345632D-05  0.25038627199658D-05  0.78625290313994D-05
  -.12234708377967D-04  -.85011881640895D-05  0.24587522319930D-04
  0.27268376738387D-04  0.13316016444165D-04  -.34898370772529D-04
  cycle =     42 MP2 energy =     -935.0381515385 |dE/dxyz| =  0.001277
    7.74379121791696     -3.66210931761931     -3.71017654603064      ag
    8.00554654089621      3.91210733209862     -1.84730584760819      n
    7.41807165648410      1.53098110621767     -2.75328022101446      c
    9.08464745340945     -0.38154586125836     -2.12369957171432      n
   11.13642668761380      0.05536113986988     -0.72279050525370      c
   11.70399662565882      2.52335441711381      0.19076779602231      c
   10.07612556178323      4.40169654028420     -0.42304754092367      c
    5.52917990696362      1.15919947161331     -4.03558229323439      o
   12.66008114768747     -1.87970345265056     -0.18962414685308      n
   12.25871134034013     -3.63351183243940     -0.83361969062887      h
   14.22608892726048     -1.62600921274497      0.86434467527821      h
   13.35931727409061      2.89167506107553      1.32714579154083      h
   10.33553421176841      6.34167812125164      0.17504802560628      h
    6.77692272466830      5.30548198359573     -2.31655201618347      h
    5.71633053065618    -10.76909343591375     -6.58918094261406      n
    6.95610564670382     -8.80783551312111     -5.36329147177169      c
    5.82353252765185     -6.46031782541129     -5.55954646341617      n
    3.67949780129730     -6.09836600891510     -6.84058799474508      c
    2.44663524361705     -8.14623478557400     -8.08183318274010      c
    3.54213938052143    -10.45481318001331     -7.90082560935535      c
    8.91099927277063     -9.14017699620605     -4.19565623077573      o
    2.70904484470469     -3.77193808333914     -6.93811335193548      n
    3.56913389716926     -2.29618834060423     -6.06096816491880      h
    1.09227032863619     -3.44943643119607     -7.89190453173280      h
    0.71291691197949     -7.88146035582735     -9.12623860583100      h
    2.75431915342878    -12.12912280168027     -8.77573303102084      h
    6.54435177574003    -12.49033790800941     -6.44477938846663      h
  -.15028433249942D-03  0.13434749230523D-03  -.23686264738032D-04
  0.14786861308025D-03  0.15051953103828D-03  0.17521804094556D-03
  -.52404722075439D-03  -.75210393609026D-04  -.34519871753469D-03
  0.22503640129190D-03  -.16952551470872D-03  0.83714063663587D-04
  -.10597652717159D-03  -.12143128254927D-04  -.82726904707009D-04
  0.83500696726801D-04  -.63147321248902D-04  -.19250046054964D-05
  -.82723084915415D-04  0.16065878494231D-05  -.54649119726413D-04
  0.14874487567695D-03  -.21246708394251D-03  0.53689420431269D-04
  0.10365702603998D-03  -.98863321866816D-05  0.15886065343196D-04
  -.23910132829402D-04  0.97320586988303D-04  0.30901443213160D-04
  -.16611618793405D-04  -.46719952398078D-04  -.11312916781137D-04
  -.34101999516700D-04  -.28896355810382D-04  0.35224276412116D-04
  0.21999142440277D-04  0.69097945525343D-05  -.18430547948700D-04
  0.20303950449829D-05  -.35897795402917D-06  -.68201440091009D-05
  -.10497967048816D-03  0.39262763907644D-04  -.12545041530698D-03
  0.25564135840206D-03  -.16059650573652D-03  0.21959200597399D-03
  -.84040625900617D-04  0.14558698182765D-03  -.10916303534980D-03
  0.35825010354529D-03  -.23222404305034D-03  0.24557921195623D-03
  -.60955193019296D-04  0.11725099098625D-03  0.72691471109110D-05
  0.10799396461536D-03  -.85661054081143D-04  0.63676723835115D-04
  -.18786768610468D-03  0.15692366578435D-03  -.13313605780674D-03
  -.13423870431417D-03  0.45064234172187D-03  -.86952402007512D-05
  0.25506157571353D-04  -.28941336652011D-03  -.52399088124488D-04
  0.25720946926100D-04  0.97621966010042D-04  0.44100791774859D-04
  0.12822640184318D-04  -.42343670403344D-05  -.22487146181582D-04
  -.91553279712997D-06  -.18111256565589D-05  -.73598329870528D-05
  -.81201475436998D-05  -.56968641501953D-05  0.28589206510665D-04
  cycle =     43 MP2 energy =     -935.0381596427 |dE/dxyz| =  0.000136
    7.66691713024099     -3.58382708896033     -3.74714313052536      ag
    8.05861837344459      3.97362716448369     -1.79846240046276      n
    7.42168292835188      1.61643802232399     -2.73488324292325      c
    9.05357275264234     -0.33579480035463     -2.13712520709336      n
   11.11845163511627      0.04195598594604     -0.73822690798629      c
   11.73698098992614      2.48618873534383      0.20611879971306      c
   10.14311078458915      4.40357024511938     -0.37557074633584      c
    5.52258323186235      1.29769364077644     -4.01453557907469      o
   12.60562693856118     -1.92971671080530     -0.23609171706373      n
   12.17121804263382     -3.66697919639788     -0.90435718442161      h
   14.18114703587463     -1.71863235783742      0.81313580690363      h
   13.40412156800521      2.80767072332873      1.33945559192494      h
   10.44170576216607      6.32963699579181      0.24866883369035      h
    6.85475256221190      5.39627755375284     -2.24315865125037      h
    5.76785454704111    -10.74671485863080     -6.54919709981452      n
    6.96212638827442     -8.74510984320749     -5.34482160027497      c
    5.78602377878529     -6.42233920577482     -5.57806277854154      n
    3.64042550214867     -6.12188668165649     -6.87225505832829      c
    2.45342665682630     -8.21027442812808     -8.09021335669670      c
    3.59348978814018    -10.49386579897067     -7.87397364573629      c
    8.91746771716463     -9.02475520785526     -4.16264490634944      o
    2.62323437417799     -3.81773138475540     -7.00507322021926      n
    3.45010446444204     -2.31410359942625     -6.14542491483881      h
    1.00543554670161     -3.54018806150883     -7.97126692093888      h
    0.71848740372750     -7.99391192392166     -9.14371594774152      h
    2.84304238296621    -12.19518578556508     -8.72934651254295      h
    6.63011030539582    -12.44870830251364     -6.37885936339246      h
  -.83159584240988D-05  -.11456075917238D-04  0.13903922623459D-04
  0.11649376951972D-06  0.36327104826483D-05  0.29125490819126D-05
  -.14107960990550D-05  -.82819512945420D-05  0.11206691804766D-04
  0.13036375833275D-04  0.10841518372828D-04  -.15130988211709D-04
  0.15086708939904D-04  -.71234033764966D-05  0.58580929849228D-05
  0.49844207570260D-05  0.32294133900379D-05  0.16920515877317D-05
  0.44917351127438D-06  -.58901366557507D-05  -.63604585456289D-05
  0.10001016526928D-04  0.32770594228460D-04  0.93094161037754D-05
  -.29866687054181D-04  0.88512878368974D-05  -.77231546828926D-05
  0.34468730646942D-05  0.16140310652446D-05  -.10522867506246D-05
  -.33448814598103D-05  -.66538337353261D-05  -.64907622974175D-05
  -.31911069307000D-05  -.36021658347263D-05  0.40438519608443D-05
  -.47863756846844D-06  -.23078500976936D-06  0.86130927412498D-06
  -.25844662410179D-05  0.25416030027259D-05  0.43756438341536D-05
  0.53309683922392D-05  0.34827295518625D-05  -.82858804359986D-05
  -.12361347535794D-04  -.11119257870007D-04  0.25676108770689D-04
  0.42576908409142D-04  0.36531332989753D-05  -.78354327111452D-04
  -.40789966433863D-04  0.21069197198464D-04  0.23354880851478D-04
  0.36377794536691D-05  -.18918431439197D-04  -.72502086485571D-05
  -.14922844941978D-04  -.23711036689633D-06  0.17703532988911D-04
  -.14965736312433D-05  0.93281735491502D-05  0.12242849384947D-04
  0.47711054698141D-05  -.34868433422375D-04  0.72072939705237D-05
  -.67166563746390D-05  0.87228038294640D-05  -.42582103119138D-05
  0.11015089384614D-04  -.35810763181487D-05  -.74440468456061D-06
  0.71393813971810D-06  -.11908276362216D-06  0.57096127381584D-06
  0.85831888871901D-05  0.49188393358435D-06  -.84386338272679D-05
  0.17298483969697D-05  0.18530281877815D-05  0.31701993222777D-05
  cycle =     44 MP2 energy =     -935.0381604765 |dE/dxyz| =  0.000124
    7.67067606325714     -3.58777463383690     -3.74512995149723      ag
    8.05612472913464      3.97073092894655     -1.80095954290253      n
    7.42156889283055      1.61230983855770     -2.73575332804691      c
    9.05510721520883     -0.33803098464923     -2.13636547631338      n
   11.11936891184276      0.04266646533396     -0.73733849998729      c
   11.73547733627031      2.48814836590713      0.20535596317431      c
   10.13996287756791      4.40364573102077     -0.37799734238434      c
    5.52291695969346      1.29099170567738     -4.01553077838768      o
   12.60828143735815     -1.92724581227736     -0.23350944242257      n
   12.17554709792857     -3.66536098835988     -0.90059169948646      h
   14.18339575198783     -1.71399470402169      0.81589031208255      h
   13.40213894297619      2.81198399526525      1.33872900913418      h
   10.43666091844758      6.33044021812559      0.24489640380640      h
    6.85101837659075      5.39194579478398     -2.24689244867169      h
    5.76534611210093    -10.74791200989146     -6.55134599083526      n
    6.96177179201537     -8.74831045473006     -5.34572059756228      c
    5.78775401515837     -6.42429491603097     -5.57699843432902      n
    3.64222627174174     -6.12079966662672     -6.87063876212259      c
    2.45305078549482     -8.20718481633747     -8.08992079464335      c
    3.59098768777765    -10.49201282753469     -7.87554214252877      c
    8.91707569539549     -9.03063383218330     -4.16417525021992      o
    2.62721117875789     -3.81557900299113     -7.00162017224393      n
    3.45560393570812     -2.31324471976175     -6.14105021675758      h
    1.00949664949502     -3.53589805759461     -7.96733841545880      h
    0.71814576766677     -7.98842391021987     -9.14298450399533      h
    2.83876091396339    -12.19198930975461     -8.73202384908108      h
    6.62604227504804    -12.45083856621988     -6.38247510864036      h
  -.10699569476635D-04  -.97179767903910D-05  0.12785708208174D-04
  0.13072767877098D-05  0.11121847940387D-05  0.13551727031658D-05
  -.91958564261141D-05  -.26127027803469D-05  0.85001653618022D-05
  0.17050409446107D-04  0.42363901586739D-05  -.14238866247629D-04
  0.10650708650140D-04  -.81238756992619D-05  0.46640087854044D-05
  0.40726033212479D-05  0.58976434389457D-05  0.20355238223857D-05
  0.71133194001760D-07  -.46857468571915D-05  -.71379021191476D-05
  0.12789245271705D-04  0.22950180744274D-04  0.96401978240124D-05
  -.25929073229847D-04  0.92375080260609D-05  -.56591161614605D-05
  0.28604567751112D-05  0.31678985088490D-05  -.27905534283335D-06
  -.33039576949889D-05  -.65836499012206D-05  -.63281421809336D-05
  -.25220239976420D-05  -.27510340123715D-05  0.33246433606138D-05
  -.44912097241223D-06  0.39601264489875D-07  0.63308647790805D-06
  -.22516129982719D-05  0.21274712906916D-05  0.42363851071592D-05
  0.25943618659763D-05  0.22061475188906D-05  -.10415983216827D-04
  -.64912281896312D-05  -.10866222103445D-04  0.27779365956437D-04
  0.41606491037349D-04  0.79012240661314D-05  -.72267288174110D-04
  -.35062845622491D-04  0.19162943269535D-04  0.25105610688136D-04
  0.29486866104378D-05  -.14082008504612D-04  -.70589057443726D-05
  -.13100186237125D-04  0.42551926782153D-06  0.18477094981151D-04
  -.54807630078813D-05  0.61815370493434D-05  0.87039409102374D-05
  0.76030527118576D-06  -.28742494803780D-04  0.58299992762301D-05
  -.40942090735463D-05  0.22778647004174D-05  -.33325066137735D-05
  0.11111775903849D-04  -.92553403807649D-06  0.13367325202296D-06
  0.11116761937657D-05  -.25892242844217D-06  0.10043713594143D-06
  0.80470215952921D-05  0.12015848920299D-05  -.84922133192222D-05
  0.15982289549576D-05  0.12248010587967D-05  0.19049916586966D-05
  cycle =     45 MP2 energy =     -935.0381618284 |dE/dxyz| =  0.000109
    7.68315610638053     -3.60045729620722     -3.73909565979594      ag
    8.04788918505565      3.96118070949411     -1.80889147454637      n
    7.42133515835931      1.59884890973253     -2.73878723133740      c
    9.06025052039631     -0.34528357618658     -2.13411964691431      n
   11.12238521742684      0.04492206782989     -0.73450357638904      c
   11.73032656153742      2.49434784370223      0.20319929871474      c
   10.12939843457623      4.40367951454637     -0.38542743066774      c
    5.52435451642858      1.26921042093521     -4.01927908652384      o
   12.61715311383902     -1.91914801196651     -0.22534004727923      n
   12.19005536642644     -3.66002313498430     -0.88870929412626      h
   14.19088018958169     -1.69875725930285      0.82468143483339      h
   13.39521380772634      2.82577363382445      1.33699167906578      h
   10.41976007706684      6.33275879733926      0.23335570474757      h
    6.83875253598693      5.37770843635238     -2.25883529824215      h
    5.75705440571062    -10.75175302750045     -6.55804152124560      n
    6.96079111290206     -8.75851058419638     -5.34898332311283      c
    5.79349722963150     -6.43052259983653     -5.57385001446619      n
    3.64820937387615     -6.11718689969801     -6.86565204140493      c
    2.45167284738132     -8.19718686144399     -8.08867979376945      c
    3.58252966704444    -10.48606914003951     -7.88002823453899      c
    8.91627535138174     -9.04935896352534     -4.16997735303761      o
    2.64046122661464     -3.80844446421119     -6.99102839773138      n
    3.47398235428540     -2.31022243087984     -6.12782521405723      h
    1.02280906883570     -3.52193142227217     -7.95486667820938      h
    0.71674600891642     -7.97071523354070     -9.14008357468909      h
    2.82415791020333    -12.18182111970046     -8.73947215464161      h
    6.61262124384681    -12.45770447766765     -6.39378213095582      h
  -.19953919581539D-04  0.26122389682470D-05  0.86976171154163D-05
  0.11283365541459D-04  0.10202949820126D-04  0.66076024338724D-05
  -.40731276508499D-04  -.81562960989601D-05  -.89018289184395D-05
  0.18162141192546D-04  -.91712383678555D-05  -.18580388163159D-04
  -.82409254886784D-06  -.92890197525008D-05  0.38609645898191D-05
  0.50683138539398D-05  -.89342591547137D-06  -.13394978042314D-05
  -.86934868335220D-05  -.28809711238864D-05  -.79638977910079D-05
  0.22987634505256D-04  0.22274875162154D-05  0.96394170157055D-05
  -.20691361601877D-05  0.73546381376133D-05  0.41098260883388D-05
  -.10420551488366D-05  0.58536471527759D-05  0.88365188277706D-06
  -.24762829742286D-06  -.67818036598721D-05  -.52434104800270D-05
  -.27759929510651D-05  -.27890538920605D-05  0.31166796610194D-05
  0.41138334139212D-06  0.19536828510525D-06  -.33943672983483D-06
  -.84825254997867D-06  0.20694651290398D-05  0.44076729246445D-05
  -.32887389939014D-05  0.33681718090151D-05  -.12648489359890D-04
  0.72867209510719D-05  -.16946753911284D-04  0.30476860890083D-04
  0.30323666850407D-04  0.21172181606577D-04  -.48543378927235D-04
  0.12434426093222D-05  0.15943671396457D-05  0.29290228614087D-04
  0.18716911363015D-05  0.36337383724216D-06  -.40947071671127D-05
  -.44998210393388D-05  -.31545119227872D-05  0.16026116217205D-04
  -.14068567470105D-04  0.12285425613712D-04  -.18284894167664D-05
  -.14422120020896D-04  0.31100346316038D-05  0.14310162388398D-06
  0.35705849179557D-05  -.18022995745604D-04  -.44976572968203D-05
  0.63909419454333D-05  0.67079367136458D-05  0.23700483922084D-05
  0.46808660592035D-06  -.14291601729277D-05  -.15665035055790D-05
  0.26287167051997D-05  -.11076124195597D-06  -.39631663764084D-05
  0.17682520145890D-05  0.50899467041177D-06  -.11897056184651D-06
  cycle =     46 MP2 energy =     -935.0381617625 |dE/dxyz| =  0.000079
    7.68609217692942     -3.60361656506522     -3.73736402256829      ag
    8.04615402846711      3.95900737052790     -1.81100871427609      n
    7.42138358934519      1.59572166820255     -2.73952945892544      c
    9.06141912351841     -0.34698652377820     -2.13343984413327      n
   11.12305551351980      0.04550176589664     -0.73370553062977      c
   11.72916370974884      2.49588661164370      0.20268387183987      c
   10.12708189583513      4.40379518143732     -0.38737404941998      c
    5.52474544819589      1.26416448460133     -4.02015999459136      o
   12.61909777933416     -1.91722375082082     -0.22314410417268      n
   12.19335918592127     -3.65876662246978     -0.88560917837262      h
   14.19244214974076     -1.69511744032167      0.82709640122264      h
   13.39364976404934      2.82911764175136      1.33653980659046      h
   10.41601838732496      6.33344359174008      0.23029459548810      h
    6.83615175047746      5.37443676254133     -2.26207994968727      h
    5.75516672679424    -10.75266646232136     -6.55985441567979      n
    6.96053204787374     -8.76098007342766     -5.34983077918023      c
    5.79464168574763     -6.43212225486857     -5.57278062829621      n
    3.64947685550063     -6.11641275952809     -6.86425868330674      c
    2.45135380029167     -8.19483803351481     -8.08843750986163      c
    3.58066395060423    -10.48462923357156     -7.88141343026861      c
    8.91614518634108     -9.05388839566222     -4.17155814260567      o
    2.64335358460576     -3.80689096162481     -6.98818810977251      n
    3.47783647682357     -2.30957381292134     -6.12420115446410      h
    1.02576320136162     -3.51888992851367     -7.95169695626793      h
    0.71640958854904     -7.96651853310800     -9.13941378388344      h
    2.82095911592796    -12.17932032316529     -8.74177071181022      h
    6.60960186858935    -12.45929957306243     -6.39682658328813      h
  -.15878601553609D-04  0.36658419233504D-06  0.80108255842148D-05
  0.57579161343302D-05  0.64623701376831D-05  0.65002955285109D-06
  -.25389140575260D-04  -.80274387590507D-05  -.20663288986533D-05
  0.13802968849008D-04  -.98670707360249D-05  -.17871228454425D-04
  0.58297839355959D-06  -.42806784925631D-05  0.42762777408001D-05
  0.39291611635406D-05  -.13071723214964D-05  -.58522474244427D-06
  -.45919591649124D-05  -.24715209043791D-05  -.27256151504673D-05
  0.11216789115309D-04  0.47588462877002D-05  0.39714820836423D-05
  -.44794098084111D-05  0.41322401900246D-05  0.17388778923433D-05
  -.99130798278391D-06  0.43761322103819D-05  -.10689698237698D-06
  -.22265092614049D-06  -.48691313577209D-05  -.37805690142889D-05
  -.19590858535423D-05  -.19001314504052D-05  0.21161609646825D-05
  0.89467185726555D-06  -.20652305465774D-06  0.29049595173802D-07
  0.12296174922710D-06  0.18305069442448D-05  0.38397510939703D-05
  0.10280185338413D-07  0.37333214244484D-05  -.53199393144077D-05
  0.23158799917766D-05  -.14510882723862D-04  0.18531579690340D-04
  0.23910966312268D-04  0.20403235376554D-04  -.35899067341916D-04
  0.14350520043394D-05  0.16952114876290D-05  0.24159490241260D-04
  0.16967081482022D-05  -.12873248247391D-05  -.22603233027496D-05
  -.23674916480587D-05  -.25486048080836D-05  0.61478635773327D-05
  -.85726995848745D-05  0.10992568608259D-04  0.31440392334048D-06
  -.12103219258819D-04  0.23639162023414D-05  -.17405429675321D-05
  0.35748465032626D-05  -.12113492044108D-04  -.16915322555988D-05
  0.53003160616072D-05  0.40240739140884D-05  0.11337886141050D-05
  -.72910345405575D-06  -.21174363759591D-05  0.29239582222118D-06
  0.19970946247838D-05  -.28599882373470D-06  -.27090779131100D-05
  0.73594301808200D-06  0.65464599430243D-06  0.15443166341833D-05
  cycle =     47 MP2 energy =     -935.0373940369 |dE/dxyz| =  0.006201
    8.01003083054325     -3.91502790301458     -3.60751095245052      ag
    7.82837466894567      3.68959787107240     -1.98886714608054      n
    7.42005560719071      1.24241086079077     -2.80243846067421      c
    9.19477037917104     -0.53325008600108     -2.08065641111213      n
   11.19485521784684      0.09842967374561     -0.67706391538819      c
   11.58472739816061      2.63601342983874      0.13438988513453      c
    9.84367968595121      4.37615069829985     -0.56891608608378      c
    5.57441596594816      0.70068867744895     -4.09277244311274      o
   12.84460023694873     -1.69851581720072     -0.04433511463316      n
   12.57345185488193     -3.50298369202370     -0.61055545575532      h
   14.37539183890881     -1.28760139324777      1.01258931883684      h
   13.20047866871703      3.16178303541611      1.26606082613459      h
    9.96400860893338      6.35158584653450     -0.04764658109286      h
    6.51335066045621      4.97515759597918     -2.52790331973207      h
    5.52920426835023    -10.82777155268844     -6.70290139193228      n
    6.92092916125198     -9.00501545977316     -5.42134241158129      c
    5.94406700226381     -6.58219491990556     -5.50192040491452      n
    3.81886649003118     -6.02100976006752     -6.74793555539892      c
    2.43280836379557     -7.92931761250230     -8.04717740490121      c
    3.36156350147379    -10.31464388579088     -7.96033310406821      c
    8.86587299336524     -9.51719469774179     -4.30590031995874      o
    3.00481589783615     -3.63326524443037     -6.74581259532902      n
    3.96482190945081     -2.23882685080368     -5.83082296875219      h
    1.39456845089679     -3.18132481442353     -7.65871235137071      h
    0.71669332883672     -7.50287323381725     -9.06708127311562      h
    2.44809028352498    -11.89473395674851     -8.88694876837881      h
    6.24722531773744    -12.60293297834856     -6.65451665460984      h
  -.31975487577540D-03  0.12493746030104D-02  -.27779978057918D-03
  0.93066148756193D-03  0.85241889266463D-03  0.85721926031157D-03
  -.20974917759990D-02  -.55013617704969D-03  -.16154729487714D-02
  0.25813109872222D-04  -.61381675212147D-03  -.83004437573253D-05
  -.76244028805750D-03  -.56591780353177D-03  -.10257767456334D-03
  0.20682234996627D-04  -.32925994446487D-03  -.16386442062988D-03
  -.87028357643693D-03  0.16580556515322D-04  -.68648236325819D-03
  0.81942928460421D-03  -.20695189432338D-02  0.12877926515742D-03
  0.11397368734656D-02  0.25827299890757D-04  0.56100644215906D-03
  -.69687921523898D-04  -.21090245034827D-05  0.85949517103501D-05
  0.13520463449446D-03  0.72735580780359D-04  0.52719624303421D-04
  0.10667043846446D-04  -.45914557089688D-06  -.50293264943768D-04
  -.93703795887412D-04  0.42985937700912D-04  0.17734395798996D-04
  -.63607729342330D-04  0.32321178153438D-04  -.21154956627800D-04
  -.52353730387489D-03  0.10656565984135D-03  -.72296999741228D-03
  0.72977691671916D-03  -.32160787784807D-03  0.51695710362010D-03
  -.29205017465195D-03  0.40540187841176D-03  0.63157991530227D-03
  0.15763206757757D-02  -.15202429038430D-02  -.14097399316615D-03
  -.82428162571091D-05  0.90482567783806D-03  0.77970207858158D-04
  -.15894090043922D-03  -.17962087075318D-03  0.12889009354140D-02
  -.33499178485741D-03  0.76317086090683D-04  -.23304015965486D-03
  -.38275983216707D-04  0.25025240439565D-02  0.76394276560876D-03
  0.19419309511859D-03  -.63903784046992D-03  -.21944046367839D-03
  -.23521356697476D-03  0.44518340388722D-03  0.10047887047104D-03
  0.14778721242692D-03  0.51932236038388D-04  -.34580916328508D-03
  -.20614076229553D-04  0.66213529346548D-04  -.95981418229751D-04
  0.15856394691127D-03  -.59480024900083D-04  -.32172267980185D-03
  cycle =     48 MP2 energy =     -935.0381613312 |dE/dxyz| =  0.000099
    7.68782192358575     -3.60617300713388     -3.73521838133874      ag
    8.04565630099337      3.95777545457902     -1.81339647866907      n
    7.42169497788331      1.59370020923896     -2.74022222378145      c
    9.06208096542125     -0.34816782931631     -2.13257618468932      n
   11.12338151442107      0.04599006088142     -0.73279592110654      c
   11.72856623308893      2.49714752676246      0.20222601077083      c
   10.12612234155676      4.40420321867454     -0.38950549557962      c
    5.52515756419752      1.26089300112281     -4.02085491387283      o
   12.61992441988218     -1.91595319661043     -0.22082159902091      n
   12.19506116881166     -3.65799346832809     -0.88251295759816      h
   14.19290181633938     -1.69266711971460      0.82972197349651      h
   13.39274700505402      2.83162400246042      1.33617011652019      h
   10.41436355527525      6.33436429367178      0.22687156802772      h
    6.83535656761115      5.37251489240553     -2.26580747241479      h
    5.75428895074329    -10.75322450396880     -6.56200658675771      n
    6.96039997664446     -8.76277109055579     -5.35072102098383      c
    5.79485183410733     -6.43352455255455     -5.57116192721088      n
    3.64979129846453     -6.11612891336603     -6.86246789439754      c
    2.45106794420120     -8.19327996761547     -8.08828343804383      c
    3.57989784849886    -10.48349233063150     -7.88343970918556      c
    8.91633852538748     -9.05716513419903     -4.17331879725941      o
    2.64439839084642     -3.80624642751600     -6.98476981245519      n
    3.47902504103610     -2.30951552325921     -6.11974635984731      h
    1.02699498658820     -3.51737497959408     -7.94833591824871      h
    0.71593878709015     -7.96369114917340     -9.13867355889085      h
    2.81967167882445    -12.17728070016338     -8.74510313620690      h
    6.60821697486419    -12.46022893549970     -6.40028094157703      h
  -.41377620476624D-05  -.11513048522094D-04  0.94290902503680D-05
  -.17196117981566D-04  -.10781530626502D-04  -.20125767344670D-04
  0.27190472508209D-04  -.49785823286186D-06  0.26666427880961D-04
  0.91922964076119D-05  -.13528624862147D-04  -.13135527058949D-04
  0.12698029581593D-04  0.10676916944341D-04  0.63781046106826D-05
  0.21131612513159D-05  0.70981805162518D-05  0.45581322707378D-05
  0.14133258317006D-04  -.89858964891221D-06  0.12928450867200D-04
  -.24566745299381D-04  0.14581745721109D-04  -.14450678250455D-04
  -.26775723224404D-04  -.95899649288356D-06  -.12615932210913D-04
  0.23657340215422D-05  0.30028867712417D-05  -.14889525401518D-05
  -.37620150861173D-05  0.52517215232140D-06  -.15544142346613D-05
  -.12200557710784D-05  0.83117805327326D-06  0.16461787621935D-05
  0.21630848006104D-05  -.10994574148881D-05  0.78606048248275D-06
  0.21419716311755D-05  -.48456046819467D-06  0.22000714645642D-05
  0.10024120522548D-04  0.21488243024947D-05  0.17775940227338D-04
  -.12158011880814D-04  -.46082065461306D-05  -.12892038917300D-04
  0.12400186403916D-04  0.16970771986591D-04  -.17065527142535D-04
  -.18785518889786D-04  0.14461195417148D-04  0.15207477712664D-04
  0.80993702589183D-06  -.10899824848476D-04  0.15278167362354D-05
  0.40389572921740D-05  0.31948393512948D-05  -.29990298654248D-04
  0.57413042142684D-05  -.85119410542234D-06  0.59914510242010D-05
  0.49587546779861D-05  -.14413555517123D-04  -.48701408390528D-05
  -.72259884298376D-06  0.59431810646160D-05  0.60210237524672D-05
  0.78391395543775D-05  -.49512703983456D-05  -.21105520380260D-05
  -.52665974443755D-05  -.39164242444656D-05  0.10025520525758D-04
  0.17092109958483D-05  0.14995906738591D-07  -.24991995362100D-06
  -.49286463692511D-05  -.46524961661021D-07  0.94079282549342D-05
  cycle =     49 MP2 energy =     -935.0381617038 |dE/dxyz| =  0.000055
    7.68882083144097     -3.60693044341393     -3.73514668752082      ag
    8.04476030754072      3.95699710910702     -1.81342889360962      n
    7.42153030270406      1.59266760462330     -2.74010237376408      c
    9.06247232188900     -0.34869613787170     -2.13237136524106      n
   11.12371187746118      0.04613762986776     -0.73266571059785      c
   11.72824532838701      2.49759714990761      0.20196501200567      c
   10.12521569906858      4.40415562462862     -0.38981404550669      c
    5.52511163576222      1.25920995809055     -4.02071789926817      o
   12.62096797185457     -1.91523055668591     -0.22045693657888      n
   12.19656258708079     -3.65755792965933     -0.88171534908464      h
   14.19397057518877     -1.69123108782758      0.82990977125894      h
   13.39239295159143      2.83266832858776      1.33578451731793      h
   10.41292614684492      6.33445062770764      0.22639611035638      h
    6.83398562089645      5.37133166400615     -2.26585552283305      h
    5.75340015271411    -10.75359118713901     -6.56210652997787      n
    6.96019266731489     -8.76352979002178     -5.35079705420746      c
    5.79539282865003     -6.43391066845913     -5.57122820696031      n
    3.65042311527159     -6.11581976948431     -6.86255380475340      c
    2.45099706219311     -8.19256457024893     -8.08832583446455      c
    3.57894327410416    -10.48319130007551     -7.88326702432851      c
    8.91607552956232     -9.05856067307964     -4.17347969004422      o
    2.64562971168684     -3.80565388645419     -6.98473862422781      n
    3.48073367119666     -2.30913674461978     -6.11977973991023      h
    1.02806505973365     -3.51638560513783     -7.94793889328368      h
    0.71611557355740     -7.96234000587993     -9.13899159137102      h
    2.81810458117456    -12.17674104059288     -8.74486435568251      h
    6.60697120654827    -12.46081046927835     -6.40074033804344      h
  -.42371328836666D-05  -.48395151472924D-05  0.57126685497622D-05
  -.72228271734698D-05  -.58941849214733D-05  -.73768447004241D-05
  0.13338116092054D-04  -.13374359477680D-05  0.18295322102624D-04
  -.30150617167379D-05  -.10358195603466D-05  -.20262635558321D-04
  0.17979603690321D-05  0.30791001748298D-07  0.96216795606452D-05
  0.15784838680588D-06  0.24030576346590D-05  -.40370288303393D-05
  0.35422138178198D-05  0.13474756546117D-05  0.77320794567015D-06
  -.61868281981958D-05  0.73579261519185D-05  -.36214212233432D-05
  -.28252332793244D-05  0.23368130985801D-05  -.72793225491807D-06
  0.66572399112785D-06  -.27142679233094D-05  -.16614908628920D-05
  0.11795218828325D-05  0.95743908351542D-06  -.14202512979011D-05
  -.93320792959872D-06  0.55550244271174D-06  0.17282278390596D-05
  -.32749841727409D-06  -.37825110155154D-06  0.12421715132049D-05
  -.44829889134235D-06  0.24394276287865D-06  0.36965227860897D-05
  0.64913912355830D-05  0.94653369586695D-07  0.45321540063092D-05
  -.15206715865190D-04  -.38105759347928D-06  0.68199054892304D-06
  0.21897701999229D-04  0.10532260813712D-04  -.13422243126282D-04
  -.11421216106200D-04  0.72467159304423D-05  0.14582594127788D-05
  0.38105884101469D-05  -.22641816386226D-05  -.32870029542664D-06
  -.74525001414472D-05  0.95325628279852D-06  0.53945929856525D-06
  0.56005026607409D-05  -.36872215769534D-05  0.44372351428734D-05
  -.81521350026037D-06  -.13233288559178D-04  -.27750990483355D-05
  0.25880698864000D-05  0.54682246970472D-05  0.27250958516412D-05
  0.32044524367336D-06  -.22037423994536D-05  -.14439934092891D-05
  -.46695404698482D-06  -.11529790546749D-05  0.28433140553119D-06
  0.19866466471896D-06  -.13178283264637D-06  0.24684974686551D-06
  -.10302214019653D-05  -.27410379566106D-06  0.11023935982402D-05
  cycle =     50 MP2 energy =     -935.0381618505 |dE/dxyz| =  0.000055
    7.68950468220027     -3.60787823652934     -3.73442951985142      ag
    8.04447984561710      3.95646438134115     -1.81436945424489      n
    7.42159895270891      1.59180300006833     -2.74039454441384      c
    9.06269983345612     -0.34920838928012     -2.13200451713849      n
   11.12378414611770      0.04625823010205     -0.73223819183510      c
   11.72795260726594      2.49805495039863      0.20173765852268      c
   10.12477814686245      4.40427489747736     -0.39073639140572      c
    5.52530306223835      1.25778646333631     -4.02106989905482      o
   12.62128223475798     -1.91475914400184     -0.21936567032240      n
   12.19717711235229     -3.65733673675544     -0.88015624900452      h
   14.19417021030011     -1.69024131454419      0.83106806688102      h
   13.39196543637670      2.83363357470324      1.33560667430053      h
   10.41222311603764      6.33478237867183      0.22493034634655      h
    6.83358440611041      5.37052824904279     -2.26732502940662      h
    5.75306559100606    -10.75379065617460     -6.56298597057988      n
    6.96020032718700     -8.76422742096597     -5.35117482334334      c
    5.79562531916600     -6.43442483852581     -5.57077187277114      n
    3.65064597204726     -6.11565808930641     -6.86193984334530      c
    2.45087701819018     -8.19190028031943     -8.08822313744076      c
    3.57852697951158    -10.48273593105347     -7.88386884985986      c
    8.91618441618695     -9.05983490924465     -4.17417783419462      o
    2.64612425628862     -3.80533238747921     -6.98342017254083      n
    3.48146874887418     -2.30907403861696     -6.11820665285998      h
    1.02851871431988     -3.51565962521887     -7.94643886786176      h
    0.71601550853437     -7.96112760103962     -9.13880207833772      h
    2.81742080063140    -12.17593554451004     -8.74591871759743      h
    6.60654114707281    -12.46112715097902     -6.40235551896129      h
  -.30848231995506D-05  -.51540895453783D-05  0.54558788895598D-05
  -.38207527788270D-05  -.54864343113081D-05  -.85241264631275D-05
  0.13804267929629D-04  -.27670666291613D-06  0.19156403738840D-04
  -.88610228952124D-05  0.41100102121661D-05  -.18538119423983D-04
  -.45255002767419D-06  -.27762553678201D-06  0.10747898995689D-04
  -.21880974578892D-05  0.89637805489318D-06  -.36387525748083D-05
  0.51221435439786D-05  0.25511160757219D-05  -.39001987852672D-05
  -.47828790101789D-05  0.66142078241072D-05  -.45451271439845D-05
  0.87031281736927D-07  0.99127264086007D-06  0.27328070935084D-05
  0.56704200918078D-06  -.43479364464361D-05  -.15117009468657D-05
  0.21350353236471D-05  0.66514481744662D-06  0.76441375895797D-07
  -.13326448238260D-05  0.78119958057954D-07  0.27669093833893D-05
  -.17121690776278D-06  -.13231596351915D-06  0.15928159902145D-06
  0.14960663463626D-06  0.57321881197225D-06  0.17172393784737D-05
  0.73960230575348D-05  -.42169742364706D-06  -.69927873269648D-07
  -.18129522350918D-04  0.13869500499197D-05  0.41578295197908D-05
  0.20441197343235D-04  0.47613454901008D-05  -.61549145580209D-05
  -.11227759172172D-04  0.60149885454663D-05  -.32894429216057D-05
  0.25938300662887D-05  -.20892407393003D-05  0.20871282133683D-05
  -.66674517995580D-05  0.16855341655742D-05  0.23224481839890D-05
  0.84791085122049D-05  -.42212060353819D-05  0.13909495368836D-05
  -.31104422824058D-05  -.13153422845136D-04  0.72201601408750D-06
  0.13068583410991D-05  0.72685930581073D-05  0.44339638480828D-05
  -.15517431162237D-05  -.21319809710985D-05  -.20251825425532D-05
  0.50968879783397D-06  -.37272660541321D-06  -.13444978392840D-05
  0.12447550794548D-05  0.19648306359699D-06  -.12375916949026D-05
  0.15441487004608D-05  0.27225443055556D-06  -.31476774237649D-05
$end
