$hessian
 1  1   0.1666543398  -0.0192610619   0.1099634785   0.0018542820  -0.0014359696
 1  2  -0.0002258352  -0.0069886746   0.0115458803  -0.0065013301  -0.0670537331
 1  3   0.0135695275  -0.0399171565  -0.0063519907  -0.0068047672  -0.0048688653
 1  4   0.0019142424   0.0004203543  -0.0002660939  -0.0003089849   0.0000767636
 1  5  -0.0000424564  -0.0025954898  -0.0005674228  -0.0005899250  -0.0016468308
 1  6   0.0031129864  -0.0001022374  -0.0005278835  -0.0001153104  -0.0004536164
 1  7   0.0015266047  -0.0004684728   0.0004982920   0.0002488292  -0.0000874111
 1  8   0.0000472537  -0.0001438697   0.0000261672   0.0001269673   0.0001616190
 1  9   0.0002345069   0.0000291688   0.0021352106  -0.0006444523   0.0000354781
 1 10  -0.0089188590   0.0073061832  -0.0077098004  -0.0732468189   0.0008717445
 1 11  -0.0450444874  -0.0051378420  -0.0095041130  -0.0039337988   0.0017948435
 1 12   0.0008503855  -0.0003860194  -0.0003011996  -0.0000188952  -0.0000189416
 1 13  -0.0018883148  -0.0012325731   0.0001075626  -0.0027072367   0.0025364919
 1 14  -0.0010095901  -0.0005338158  -0.0003203536  -0.0004689589   0.0021554351
 1 15  -0.0002942477   0.0007401001   0.0002787559  -0.0000113578   0.0000558157
 1 16  -0.0001319173   0.0000137973   0.0001241049   0.0000705109   0.0002112681
 1 17  -0.0000381392
 2  1  -0.0192610619   0.0429682611  -0.0145074201  -0.0027690495  -0.0025484616
 2  2  -0.0021226424   0.0187454297   0.0045606983   0.0142753685   0.0079077311
 2  3  -0.0250173934   0.0058999377  -0.0029389129   0.0080491620  -0.0022083906
 2  4  -0.0007190907  -0.0019821254  -0.0005662208   0.0005712528   0.0008842268
 2  5   0.0004400047  -0.0032307772  -0.0048372177  -0.0024743118  -0.0010455106
 2  6  -0.0028043339  -0.0007988828   0.0000918386  -0.0003879934   0.0000677989
 2  7  -0.0012418347  -0.0011236636  -0.0009588010  -0.0002075162   0.0002087220
 2  8  -0.0001576198  -0.0000397272  -0.0000573830  -0.0000295765   0.0004905336
 2  9  -0.0001359625   0.0003724609  -0.0021705888  -0.0045395616  -0.0016701940
 2 10   0.0137789655   0.0149731045   0.0105309066   0.0056620445  -0.0213266037
 2 11   0.0043085849  -0.0064595336   0.0046724768  -0.0049003299   0.0004067067
 2 12  -0.0019603310   0.0002943492   0.0002626917   0.0015800978   0.0002074569
 2 13  -0.0057843884  -0.0048135318  -0.0044163817  -0.0009651314  -0.0034148941
 2 14  -0.0007370133  -0.0000152690  -0.0005125950  -0.0000131121  -0.0014825725
 2 15  -0.0026482639  -0.0011459461  -0.0001334323   0.0001129770  -0.0001019370
 2 16  -0.0000495537  -0.0001022555  -0.0000367706   0.0005925035   0.0001442123
 2 17   0.0004509447
 3  1   0.1099634785  -0.0145074201   0.1046681523  -0.0002341649  -0.0011127413
 3  2   0.0019601930  -0.0064451493   0.0088004935  -0.0032820041  -0.0399274490
 3  3   0.0102114945  -0.0444712797  -0.0048589924  -0.0051607163  -0.0036952660
 3  4  -0.0002687647   0.0003026821   0.0020600594  -0.0000374007   0.0000651537
 3  5  -0.0002823258  -0.0006048509  -0.0004521010  -0.0022873751  -0.0001189454
 3  6   0.0023733625  -0.0015765945  -0.0004511165  -0.0000904129  -0.0002777926
 3  7   0.0004961251  -0.0003658997   0.0012439512   0.0000476996  -0.0000670217
 3  8   0.0002208690   0.0001266713   0.0000206126  -0.0002126776   0.0000302632
 3  9   0.0001780604   0.0001486176   0.0000308442  -0.0005159431   0.0021059046
 3 10  -0.0076684797   0.0056123078  -0.0045764704  -0.0450206896   0.0006622458
 3 11  -0.0478705053  -0.0039150579  -0.0072251805  -0.0030073122  -0.0003881733
 3 12   0.0006334608   0.0020135806  -0.0000147317  -0.0000072282  -0.0002883675
 3 13   0.0000933347  -0.0009564383  -0.0019671986  -0.0010219477   0.0019332145
 3 14  -0.0021417177  -0.0004660401  -0.0002458243  -0.0002762312   0.0007355960
 3 15  -0.0002404271   0.0017405071   0.0000564698  -0.0000096934   0.0002462289
 3 16   0.0001232499   0.0000111650  -0.0001994521  -0.0000362005   0.0001607349
 3 17   0.0000944862
 4  1   0.0018542820  -0.0027690495  -0.0002341649   0.4629247839   0.0216183602
 4  2   0.3022182182  -0.1642941487   0.0133457861  -0.0798218279   0.0075160739
 4  3   0.0470010112  -0.0022434764  -0.0433182076  -0.0057907752  -0.0296751458
 4  4   0.0264110602  -0.0356158946   0.0119686284  -0.1828862640  -0.0674131834
 4  5  -0.1077850078  -0.0499942617  -0.0027928292  -0.0533947704   0.0066419217
 4  6  -0.0001318608   0.0055770848  -0.0000307938   0.0009108776  -0.0000172018
 4  7  -0.0007345505  -0.0005118131  -0.0006696247   0.0044654306   0.0022069667
 4  8  -0.0029362096  -0.0131195478  -0.0220744234  -0.0131551578  -0.0564808023
 4  9   0.0512572602  -0.0309654891   0.0001834458   0.0007894722   0.0001176911
 4 10  -0.0000825497  -0.0015370852  -0.0000620261  -0.0004357982   0.0015742745
 4 11   0.0000230067   0.0007016509  -0.0022393894   0.0005260771  -0.0005259182
 4 12   0.0005776578  -0.0004323993  -0.0001607916  -0.0007549438  -0.0001292527
 4 13   0.0000368963   0.0008910499   0.0000519345  -0.0011051287   0.0014985185
 4 14  -0.0007456894  -0.0000377067   0.0001483728  -0.0000234802   0.0022481479
 4 15  -0.0003991856   0.0015555593   0.0000149485  -0.0000008176   0.0000079755
 4 16   0.0000093541   0.0000168291   0.0000159958   0.0000336587  -0.0001584305
 4 17   0.0000277070
 5  1  -0.0014359696  -0.0025484616  -0.0011127413   0.0216183602   0.9041962537
 5  2   0.0195061688   0.0549698072  -0.1642460165   0.0405955466   0.0356279413
 5  3  -0.0172888379   0.0270111162  -0.0163224026   0.0077094986  -0.0124075105
 5  4  -0.0205870646  -0.0552753024  -0.0159735233  -0.1048525236  -0.2361951274
 5  5  -0.0795581482  -0.0334752418   0.0238938661  -0.0254022857   0.0029335384
 5  6  -0.0118004449   0.0021964562   0.0006523322   0.0008717669   0.0005037360
 5  7  -0.0012005933   0.0006323367  -0.0009185016   0.0027804651  -0.0050349984
 5  8   0.0020627995   0.0076534959   0.0118119815   0.0058582466   0.0509463379
 5  9  -0.4571485378   0.0371709524   0.0004245703   0.0003168598   0.0003239447
 5 10  -0.0005740774  -0.0007975033  -0.0004378802  -0.0001139502   0.0013266828
 5 11  -0.0000796789   0.0000724895  -0.0016492650   0.0000498789  -0.0000638859
 5 12   0.0002923022  -0.0000472599  -0.0000615322  -0.0003174538  -0.0000481818
 5 13   0.0004813690   0.0004204001   0.0003676121  -0.0004640379   0.0009780904
 5 14  -0.0003502215  -0.0000201119  -0.0000669410  -0.0000153327   0.0007199918
 5 15  -0.0003400111   0.0005443366   0.0000310995  -0.0000162837   0.0000235273
 5 16   0.0000022424   0.0000108614   0.0000018682  -0.0000149739  -0.0000051077
 5 17  -0.0000114865
 6  1  -0.0002258352  -0.0021226424   0.0019601930   0.3022182182   0.0195061688
 6  2   0.2946697379  -0.0797247621   0.0088581120  -0.1179554900  -0.0022602622
 6  3   0.0356527567   0.0090608998  -0.0296984786  -0.0043694877  -0.0270297637
 6  4   0.0120520114  -0.0273239468   0.0195677479  -0.1079733447  -0.0511563456
 6  5  -0.1240536810  -0.0535719675  -0.0020643115  -0.0205933046   0.0055865230
 6  6  -0.0001322696   0.0035756217  -0.0000209568   0.0006972580  -0.0000130936
 6  7  -0.0006709216  -0.0003890953  -0.0003721625  -0.0029491362   0.0016297235
 6  8   0.0061062434  -0.0129739211  -0.0167677167  -0.0060105053  -0.0309974332
 6  9   0.0374060285  -0.0392939266   0.0001172301   0.0006016356   0.0001213968
 6 10  -0.0000581027  -0.0011721285  -0.0000571346   0.0000172486   0.0012037263
 6 11  -0.0004409816   0.0005340770  -0.0017089941   0.0003991241  -0.0004325116
 6 12   0.0004406954  -0.0002853572  -0.0001263286  -0.0005759184  -0.0000923615
 6 13   0.0000487749   0.0006795501   0.0000149003  -0.0007520728   0.0011439061
 6 14  -0.0006857226  -0.0000239053   0.0001124743  -0.0000249820   0.0015604357
 6 15  -0.0003058101   0.0013864755   0.0000081817  -0.0000006630   0.0000104551
 6 16   0.0000162262   0.0000129822   0.0000004622   0.0000278422  -0.0001204336
 6 17   0.0000181543
 7  1  -0.0069886746   0.0187454297  -0.0064451493  -0.1642941487   0.0549698072
 7  2  -0.0797247621   0.5802641493   0.1582499368   0.2890755138  -0.1094620152
 7  3   0.0304780032  -0.0354348419   0.0277634563  -0.0223815929   0.0327512995
 7  4  -0.0137593061   0.0237619662  -0.0072342328  -0.0388701614  -0.0376218676
 7  5  -0.0284045893  -0.2756005938  -0.2233349034  -0.1545404659  -0.0054955785
 7  6  -0.0014342019  -0.0089487324   0.0024604135  -0.0014946831  -0.0013874132
 7  7   0.0001458294  -0.0000140961   0.0011403029  -0.0011815609   0.0009341213
 7  8  -0.0009557099   0.0035549416  -0.0007037064  -0.0013227348   0.0022544789
 7  9   0.0022003129   0.0022442634  -0.0002242773  -0.0013062617  -0.0001697575
 7 10   0.0002592751   0.0024686685   0.0002281313   0.0007842339  -0.0037312989
 7 11   0.0004967817  -0.0013215709   0.0034824644  -0.0010574158   0.0008080251
 7 12  -0.0008306540   0.0006106778   0.0002234761   0.0010824919   0.0001858835
 7 13  -0.0000831265  -0.0012743168  -0.0000875599   0.0015816987  -0.0021667970
 7 14   0.0011979570   0.0000202376  -0.0002294635  -0.0000068773  -0.0033923730
 7 15   0.0002770530  -0.0023617921  -0.0000245237  -0.0000008736  -0.0000250882
 7 16  -0.0000217975  -0.0000230786  -0.0000210846  -0.0000390538   0.0002578157
 7 17  -0.0000401641
 8  1   0.0115458803   0.0045606983   0.0088004935   0.0133457861  -0.1642460165
 8  2   0.0088581120   0.1582499368   0.7514237434   0.1211929990   0.0270983670
 8  3  -0.2539305538   0.0199535581  -0.0525531030  -0.0531463673  -0.0401340685
 8  4   0.0193209658  -0.0287474752   0.0146206496   0.0059815880   0.0622056235
 8  5   0.0048395007  -0.2132502723  -0.3271055039  -0.1611630652   0.0052918408
 8  6   0.0190926206   0.0040713299  -0.0012300011  -0.0001482813  -0.0009554249
 8  7   0.0017176834  -0.0011103414   0.0013146783   0.0016635920  -0.0012454918
 8  8   0.0012626176  -0.0037119454  -0.0033757264  -0.0028666270   0.0297932462
 8  9  -0.0047609430   0.0226582991  -0.0011190784  -0.0015529335  -0.0008554286
 8 10   0.0011735883   0.0025476262   0.0008985717   0.0004655427  -0.0050752053
 8 11   0.0003353261  -0.0012083495   0.0084493156  -0.0008917647   0.0008886247
 8 12  -0.0015632898   0.0006704533   0.0002441460   0.0016632769   0.0001908228
 8 13  -0.0008940939  -0.0015382318  -0.0006868924   0.0031227963  -0.0049835288
 8 14   0.0023616572   0.0001080789  -0.0000172551   0.0000825188  -0.0053517483
 8 15   0.0015407713  -0.0040613012  -0.0001342428   0.0000545435  -0.0001018874
 8 16  -0.0000128899  -0.0000518684  -0.0000100807  -0.0000407198   0.0001553171
 8 17  -0.0000310438
 9  1  -0.0065013301   0.0142753685  -0.0032820041  -0.0798218279   0.0405955466
 9  2  -0.1179554900   0.2890755138   0.1211929990   0.4200486678  -0.0353703592
 9  3   0.0225600809  -0.0898858357   0.0325503077  -0.0171942909   0.0094669414
 9  4  -0.0072359076   0.0179867056  -0.0095710466  -0.0282485717  -0.0283190828
 9  5  -0.0233968118  -0.1546053845  -0.1688611219  -0.1918730390  -0.0089030437
 9  6  -0.0010496291  -0.0005403938  -0.0013872205  -0.0011520169   0.0032049467
 9  7   0.0011443718  -0.0000106134  -0.0004766249  -0.0009493655   0.0007035784
 9  8  -0.0006455440  -0.0013506128  -0.0005814960   0.0042691667   0.0023385055
 9  9   0.0016423536   0.0010544689  -0.0001706822  -0.0009977038  -0.0001364308
 9 10   0.0002246002   0.0018844158   0.0001476456   0.0005117783  -0.0028559214
 9 11   0.0004889889  -0.0010734791   0.0026757780  -0.0007220200   0.0006140601
 9 12  -0.0006362475   0.0004703413   0.0001818151   0.0008269264   0.0001275939
 9 13  -0.0000864614  -0.0009714790  -0.0000451221   0.0012152779  -0.0016635781
 9 14   0.0009143690  -0.0000061211  -0.0001743583   0.0000237767  -0.0023754625
 9 15   0.0002167885  -0.0020931434  -0.0000259685  -0.0000006722  -0.0000109942
 9 16  -0.0000213724  -0.0000177552  -0.0000100207  -0.0000408879   0.0001962284
 9 17  -0.0000159145
10  1  -0.0670537331   0.0079077311  -0.0399274490   0.0075160739   0.0356279413
10  2  -0.0022602622  -0.1094620152   0.0270983670  -0.0353703592   0.3671308669
10  3   0.0983192384   0.2257181543  -0.2001819788  -0.0937057658  -0.1100487723
10  4  -0.0226525032  -0.0174865583  -0.0284545865  -0.0042019224  -0.0087250918
10  5  -0.0019622019   0.0172108444  -0.0405907015  -0.0002554137   0.0125256709
10  6  -0.0172040536   0.0023485928   0.0019952285   0.0024735769  -0.0010430803
10  7  -0.0025094022  -0.0002236460   0.0003731109  -0.0018339382   0.0033609715
10  8  -0.0044656796   0.0000461930  -0.0003280524   0.0010123133  -0.0029172285
10  9   0.0003904917  -0.0053911719  -0.0003085004   0.0003754201   0.0000681590
10 10  -0.0004869487  -0.0008333145  -0.0004751916   0.0042838226   0.0029983798
10 11  -0.0002757351   0.0005016480  -0.0003728184   0.0000851871  -0.0002055312
10 12   0.0002041098   0.0001832536  -0.0000891024  -0.0001560867  -0.0001191155
10 13   0.0001862063   0.0002472032  -0.0001862271   0.0000170310   0.0001754078
10 14  -0.0002496820  -0.0000300150   0.0001215447   0.0000154465   0.0005088942
10 15   0.0000884319   0.0005890995   0.0000087310   0.0000149341   0.0000486114
10 16   0.0000312044  -0.0000066587  -0.0000248895   0.0000004630  -0.0001206522
10 17   0.0000319364
11  1   0.0135695275  -0.0250173934   0.0102114945   0.0470010112  -0.0172888379
11  2   0.0356527567   0.0304780032  -0.2539305538   0.0225600809   0.0983192384
11  3   0.6774356463   0.0760585480  -0.0884244576  -0.2238401207  -0.0667890668
11  4  -0.0221459316   0.0357375593  -0.0167705155  -0.0189793541  -0.0427194758
11  5  -0.0146170147  -0.0208392166  -0.0807726286  -0.0162406919  -0.0426943414
11  6  -0.0754306886  -0.0328467966   0.0042786487  -0.0035749153   0.0032298994
11  7  -0.0044749342   0.0035333884  -0.0033956085   0.0016848083   0.0001913164
11  8   0.0012693571   0.0005228099   0.0001900072   0.0004051574   0.0026390266
11  9   0.0003597425   0.0019953578   0.0007374596   0.0020051184   0.0005669543
11 10  -0.0020350523  -0.0053611371  -0.0015667610  -0.0032341595   0.0092579972
11 11  -0.0024442802   0.0016524194  -0.0038574907   0.0012410193  -0.0007086240
11 12   0.0010826053  -0.0005337766  -0.0002299522  -0.0013051710  -0.0001803000
11 13   0.0016459859   0.0020611297   0.0012590871  -0.0015198814   0.0023123534
11 14  -0.0011515039  -0.0000310268   0.0000948069  -0.0000231328   0.0026540034
11 15  -0.0006304191   0.0020183814   0.0000396787  -0.0000280251   0.0000303418
11 16   0.0000271237   0.0000391170   0.0000202697  -0.0001014208  -0.0002329562
11 17  -0.0000774901
12  1  -0.0399171565   0.0058999377  -0.0444712797  -0.0022434764   0.0270111162
12  2   0.0090608998  -0.0354348419   0.0199535581  -0.0898858357   0.2257181543
12  3   0.0760585480   0.2432939789  -0.1100609698  -0.0708752905  -0.1402840142
12  4  -0.0284078486  -0.0131982709  -0.0071189276  -0.0020059800  -0.0068010082
12  5  -0.0032195739  -0.0001827915  -0.0313184857   0.0170667015   0.0022614666
12  6  -0.0133846190   0.0110231480  -0.0010410626   0.0018627629   0.0025892082
12  7   0.0003564344  -0.0001410681  -0.0027281082  -0.0044681805   0.0025424193
12  8   0.0006551103   0.0010161408  -0.0002437719  -0.0005115736  -0.0053816380
12  9   0.0002783086   0.0000621305   0.0000681467   0.0002943866  -0.0003424131
12 10  -0.0004770177  -0.0006532003  -0.0002357056  -0.0002969612   0.0023016975
12 11   0.0044548809   0.0000918255  -0.0002978588   0.0004523987   0.0001783606
12 12   0.0001607269  -0.0003058835  -0.0001184767  -0.0001234570  -0.0000259043
12 13  -0.0001841204   0.0001924458   0.0002926864  -0.0002535338   0.0001413521
12 14   0.0001534569   0.0000153684   0.0000930795  -0.0000381069   0.0005995800
12 15   0.0000668233   0.0001913760   0.0000486332   0.0000116079  -0.0000175252
12 16  -0.0000242896  -0.0000051664   0.0000453157   0.0000315803  -0.0000925349
12 17  -0.0000179633
13  1  -0.0063519907  -0.0029389129  -0.0048589924  -0.0433182076  -0.0163224026
13  2  -0.0296984786   0.0277634563  -0.0525531030   0.0325503077  -0.2001819788
13  3  -0.0884244576  -0.1100609698   0.5220446149  -0.0099119186   0.2606846939
13  4  -0.1978882178   0.0169153233  -0.0982280272   0.0159722758   0.0607615463
13  5   0.0107124341   0.0019921501   0.0160633588  -0.0044147186  -0.1146412809
13  6   0.0573418602  -0.0526436740   0.0054357841  -0.0211359648   0.0091858854
13  7  -0.0029691799   0.0289794113   0.0001087464  -0.0088050225   0.0079287339
13  8  -0.0059755509   0.0038998054   0.0002152462  -0.0049897948  -0.0023851544
13  9   0.0028921181  -0.0017896084   0.0002294107  -0.0002105090   0.0002140343
13 10  -0.0004952713   0.0004357144  -0.0004513085  -0.0000970439   0.0006583186
13 11  -0.0002730068  -0.0003689787  -0.0006172618  -0.0002812858   0.0002889034
13 12  -0.0000662050   0.0002199306   0.0000846479   0.0002083144   0.0000687051
13 13   0.0003328083  -0.0002907910   0.0002887333   0.0001692665   0.0002577914
13 14   0.0001762604   0.0000120113  -0.0001811013  -0.0000102530  -0.0005291569
13 15  -0.0002220339  -0.0004223756   0.0000288614  -0.0000267117   0.0000185152
13 16  -0.0000107408  -0.0000010628  -0.0000128403  -0.0000378746   0.0001153481
13 17  -0.0000386082
14  1  -0.0068047672   0.0080491620  -0.0051607163  -0.0057907752   0.0077094986
14  2  -0.0043694877  -0.0223815929  -0.0531463673  -0.0171942909  -0.0937057658
14  3  -0.2238401207  -0.0708752905  -0.0099119186   0.8518362599  -0.0053176033
14  4   0.0471454351  -0.1250404156   0.0349014584   0.0364271339  -0.0142430670
14  5   0.0276695889   0.0031725850   0.0019334348   0.0023945977   0.0589933940
14  6  -0.4286718994   0.0434806295   0.0031561415  -0.0186465608   0.0023286403
14  7   0.0077294437  -0.0063089402   0.0059312066  -0.0167274328   0.0101867384
14  8  -0.0126892642  -0.0003257143  -0.0065602489  -0.0003110702  -0.0005370881
14  9  -0.0008719963  -0.0004138890  -0.0004574434  -0.0014818550  -0.0003507231
14 10   0.0005251021   0.0048618229   0.0004150503   0.0007168287  -0.0033159622
14 11   0.0005330779  -0.0010601534   0.0001354483  -0.0008053366   0.0006369709
14 12  -0.0005919729   0.0004836116   0.0003051248   0.0011033749   0.0002371714
14 13  -0.0003811551  -0.0028586958  -0.0003002928   0.0005747264  -0.0006190429
14 14   0.0004368506  -0.0000139229  -0.0001432235  -0.0000110563  -0.0012349685
14 15  -0.0000767317  -0.0009409645   0.0000536602  -0.0000058490   0.0000405140
14 16  -0.0000292141  -0.0000124263  -0.0000225957   0.0000433404   0.0003092057
14 17   0.0000339418
15  1  -0.0048688653  -0.0022083906  -0.0036952660  -0.0296751458  -0.0124075105
15  2  -0.0270297637   0.0327512995  -0.0401340685   0.0094669414  -0.1100487723
15  3  -0.0667890668  -0.1402840142   0.2606846939  -0.0053176033   0.3771057982
15  4  -0.0980765576   0.0118223793  -0.1420213144   0.0106459967   0.0462380795
15  5   0.0105100700  -0.0044708824   0.0122132911   0.0045258127  -0.0527317252
15  6   0.0421766135  -0.0854821089   0.0092817814  -0.0161615571   0.0003078868
15  7   0.0000831275   0.0220273230  -0.0029002199  -0.0060831230   0.0061033286
15  8  -0.0055429812  -0.0050088775   0.0001025868   0.0066525284  -0.0018027419
15  9   0.0021993599  -0.0013821146   0.0002106117  -0.0001652644   0.0001109974
15 10  -0.0004510581   0.0003500486  -0.0002435422  -0.0002732458   0.0004881444
15 11   0.0000644369  -0.0002818231  -0.0004678309  -0.0002213363   0.0002226899
15 12  -0.0000526466   0.0001689560   0.0000683745   0.0001624444   0.0000498448
15 13   0.0002884365  -0.0002318200   0.0001705124   0.0001759148   0.0001919300
15 14   0.0000751472  -0.0000102782  -0.0001384429   0.0000169209  -0.0004274910
15 15  -0.0001681234  -0.0003010360   0.0000194200  -0.0000202138   0.0000176005
15 16  -0.0000130447  -0.0000009845  -0.0000037854  -0.0000387183   0.0000886254
15 17  -0.0000161929
16  1   0.0019142424  -0.0007190907  -0.0002687647   0.0264110602  -0.0205870646
16  2   0.0120520114  -0.0137593061   0.0193209658  -0.0072359076  -0.0226525032
16  3  -0.0221459316  -0.0284078486  -0.1978882178   0.0471454351  -0.0980765576
16  4   0.4685736345   0.0352038195   0.2799663206  -0.1102777160   0.0351599352
16  5  -0.0408443888  -0.0006433974  -0.0071512043   0.0003894481  -0.0048841657
16  6   0.0190701446  -0.0115312215  -0.0010139308  -0.0010552925   0.0011176132
16  7   0.0040216820  -0.0012298307  -0.0014276073  -0.1537272045  -0.1203365678
16  8  -0.0993954081   0.0045241140   0.0213080610  -0.0019375668  -0.0006413222
16  9  -0.0041023035  -0.0044549394  -0.0001973704   0.0000209108  -0.0001803518
16 10   0.0002222949   0.0000680698   0.0001993343  -0.0001534197  -0.0000282734
16 11   0.0001933878   0.0001612393   0.0003782135   0.0001338593  -0.0000925192
16 12  -0.0000068007  -0.0000796969   0.0000010329  -0.0000018505  -0.0000082439
16 13  -0.0002187099  -0.0000823090  -0.0001304956  -0.0000349468  -0.0002307815
16 14  -0.0000181829  -0.0000062294   0.0000883201  -0.0000023382   0.0001608549
16 15   0.0001196695   0.0001278332  -0.0000074101   0.0000109732  -0.0000106805
16 16  -0.0000015286  -0.0000018568   0.0000060628   0.0000153642  -0.0000349012
16 17   0.0000121451
17  1   0.0004203543  -0.0019821254   0.0003026821  -0.0356158946  -0.0552753024
17  2  -0.0273239468   0.0237619662  -0.0287474752   0.0179867056  -0.0174865583
17  3   0.0357375593  -0.0131982709   0.0169153233  -0.1250404156   0.0118223793
17  4   0.0352038195   0.8543730890   0.0294226232   0.0632734765  -0.4723974614
17  5   0.0465631125  -0.0040276664   0.0069097400  -0.0030312284   0.0431139189
17  6  -0.0288657642   0.0326619445   0.0021744175   0.0017127252   0.0016784768
17  7  -0.0014774888  -0.0052097586  -0.0011636739  -0.1220643733  -0.1819748614
17  8  -0.0925801067  -0.0013915760  -0.0039200133  -0.0010814815  -0.0032053924
17  9   0.0039130081  -0.0024435322   0.0002592464   0.0003196988   0.0001975284
17 10  -0.0003131740  -0.0009151096  -0.0002408656  -0.0000902665   0.0010559787
17 11  -0.0000634053   0.0001380016  -0.0008793800   0.0001019923  -0.0000665754
17 12   0.0001684902  -0.0000499158  -0.0000424038  -0.0002246214  -0.0000333351
17 13   0.0002078510   0.0005554727   0.0001603295  -0.0002483038   0.0005938941
17 14  -0.0001877412   0.0000008957  -0.0000493396   0.0000005349   0.0003645594
17 15  -0.0001782855   0.0002774702   0.0000065596  -0.0000148206   0.0000048437
17 16   0.0000029129   0.0000054251   0.0000026070  -0.0000189209  -0.0000302136
17 17  -0.0000144065
18  1  -0.0002660939  -0.0005662208   0.0020600594   0.0119686284  -0.0159735233
18  2   0.0195677479  -0.0072342328   0.0146206496  -0.0095710466  -0.0284545865
18  3  -0.0167705155  -0.0071189276  -0.0982280272   0.0349014584  -0.1420213144
18  4   0.2799663206   0.0294226232   0.3137088838  -0.0407543721   0.0252408704
18  5  -0.0876845374   0.0003981271  -0.0054157237  -0.0009127317  -0.0114334509
18  6   0.0143559503   0.0016955139   0.0011369142  -0.0007832415  -0.0016323554
18  7  -0.0014360992  -0.0009814321   0.0047956213  -0.0993530525  -0.0912014007
18  8  -0.1002894529  -0.0020255905   0.0161857997   0.0056974504  -0.0044520972
18  9  -0.0031286124   0.0017735549  -0.0001782682   0.0000168082  -0.0000968841
18 10   0.0001975995   0.0000474611   0.0001138462   0.0001954361  -0.0000157814
18 11  -0.0002607521   0.0001335179   0.0002847811   0.0000892282  -0.0000798281
18 12  -0.0000041868  -0.0000472633  -0.0000064430  -0.0000029704   0.0000051269
18 13  -0.0001300545  -0.0000609078  -0.0001470634  -0.0000180690  -0.0001728701
18 14  -0.0000271329  -0.0000023781   0.0000674752  -0.0000046092   0.0001288825
18 15   0.0000907394   0.0000937817  -0.0000106390   0.0000084231  -0.0000018410
18 16   0.0000063170  -0.0000015096  -0.0000046259   0.0000123155  -0.0000268759
18 17   0.0000087218
19  1  -0.0003089849   0.0005712528  -0.0000374007  -0.1828862640  -0.1048525236
19  2  -0.1079733447  -0.0388701614   0.0059815880  -0.0282485717  -0.0042019224
19  3  -0.0189793541  -0.0020059800   0.0159722758   0.0364271339   0.0106459967
19  4  -0.1102777160   0.0632734765  -0.0407543721   0.5217794706  -0.0542720303
19  5   0.2936949594   0.0031893317  -0.0042119042  -0.0012931298  -0.0069152199
19  6  -0.0002309919  -0.0078525809  -0.0007810799  -0.0006340784   0.0001834118
19  7   0.0011837681   0.0015267669  -0.0005672114   0.0046897878  -0.0202621884
19  8   0.0047964372  -0.2074300652   0.0929089483  -0.1281384652   0.0045422392
19  9   0.0027206979   0.0079246892  -0.0001705202  -0.0002049101  -0.0001297538
19 10   0.0001864178   0.0003819332   0.0001426402  -0.0000718685  -0.0005230318
19 11  -0.0000976740  -0.0001040572   0.0008421736  -0.0000672306   0.0000766731
19 12  -0.0001299765   0.0000470894   0.0000445955   0.0001914690   0.0000398399
19 13  -0.0001181914  -0.0002520741  -0.0000972168   0.0002317397  -0.0005634677
19 14   0.0002037046  -0.0000203366   0.0000477019  -0.0000204981  -0.0002742543
19 15   0.0002173000  -0.0002903749  -0.0000133454   0.0000058980  -0.0000087099
19 16  -0.0000019681  -0.0000032610  -0.0000030185  -0.0000038390   0.0000264077
19 17  -0.0000031765
20  1   0.0000767636   0.0008842268   0.0000651537  -0.0674131834  -0.2361951274
20  2  -0.0511563456  -0.0376218676   0.0622056235  -0.0283190828  -0.0087250918
20  3  -0.0427194758  -0.0068010082   0.0607615463  -0.0142430670   0.0462380795
20  4   0.0351599352  -0.4723974614   0.0252408704  -0.0542720303   0.8434691241
20  5  -0.0384511387   0.0105114270  -0.0127236694   0.0079204381  -0.0084341831
20  6   0.0107015488  -0.0064028662  -0.0009529397  -0.0009472249  -0.0007306688
20  7   0.0014868698   0.0003358936   0.0011327368   0.0052400981  -0.0129269310
20  8   0.0039208253   0.0875792058  -0.1095304418   0.0652881592  -0.0228437088
20  9  -0.0156303926  -0.0174523796  -0.0003194604  -0.0003929957  -0.0002444566
20 10   0.0002898713   0.0009415700   0.0002225277   0.0000394353  -0.0009668200
20 11   0.0000264430  -0.0002059700   0.0014170608  -0.0001521291   0.0001474444
20 12  -0.0002610535   0.0001113489   0.0000773751   0.0003486866   0.0000604399
20 13  -0.0002128046  -0.0005884596  -0.0001639170   0.0004695608  -0.0009754689
20 14   0.0003547986  -0.0000082199   0.0000601368  -0.0000060653  -0.0007231650
20 15   0.0003305504  -0.0005493982  -0.0000150243   0.0000169729  -0.0000113388
20 16  -0.0000059973  -0.0000066845  -0.0000046450   0.0000013120   0.0000517589
20 17   0.0000011970
21  1  -0.0000424564   0.0004400047  -0.0002823258  -0.1077850078  -0.0795581482
21  2  -0.1240536810  -0.0284045893   0.0048395007  -0.0233968118  -0.0019622019
21  3  -0.0146170147  -0.0032195739   0.0107124341   0.0276695889   0.0105100700
21  4  -0.0408443888   0.0465631125  -0.0876845374   0.2936949594  -0.0384511387
21  5   0.3586700282  -0.0012493622  -0.0032805687   0.0039371102  -0.0078793645
21  6  -0.0001513496  -0.0025992061   0.0001819215  -0.0004815272  -0.0008894674
21  7  -0.0005643404   0.0011559414   0.0014982522   0.0048893722  -0.0154877993
21  8   0.0019909052  -0.1280713746   0.0692889605  -0.1351234101   0.0078433715
21  9   0.0020477599   0.0001302785  -0.0001309297  -0.0001576881  -0.0001002850
21 10   0.0001421821   0.0002942485   0.0001104187  -0.0000969872  -0.0004020395
21 11  -0.0000212381  -0.0000692824   0.0006475128  -0.0000645595   0.0000465986
21 12  -0.0000998959   0.0000510532   0.0000396253   0.0001468896   0.0000221553
21 13  -0.0000960796  -0.0001941166  -0.0000668471   0.0002079176  -0.0004329049
21 14   0.0001185705  -0.0000211339   0.0000365854  -0.0000085940  -0.0002940890
21 15   0.0001667915  -0.0001148455  -0.0000083755   0.0000044392  -0.0000089426
21 16  -0.0000030636  -0.0000024034  -0.0000002228  -0.0000033406   0.0000203420
21 17  -0.0000020767
22  1  -0.0025954898  -0.0032307772  -0.0006048509  -0.0499942617  -0.0334752418
22  2  -0.0535719675  -0.2756005938  -0.2132502723  -0.1546053845   0.0172108444
22  3  -0.0208392166  -0.0001827915   0.0019921501   0.0031725850  -0.0044708824
22  4  -0.0006433974  -0.0040276664   0.0003981271   0.0031893317   0.0105114270
22  5  -0.0012493622   0.3080522090   0.2660731075   0.2109706045   0.0006741730
22  6  -0.0020422271   0.0010184216  -0.0001841559   0.0004105762   0.0004732339
22  7  -0.0008988351  -0.0000940181  -0.0008930226   0.0004600767  -0.0002328108
22  8   0.0007705833  -0.0012971373  -0.0016758351  -0.0007782058   0.0002633778
22  9  -0.0028143117   0.0026199345   0.0000927647   0.0011067694   0.0001053951
22 10   0.0000145657  -0.0017996356   0.0000097150  -0.0004888906   0.0029313740
22 11  -0.0009221531   0.0007795186  -0.0034469987   0.0006753477  -0.0008092834
22 12   0.0008249635  -0.0005027555  -0.0002155848  -0.0009212637  -0.0001643974
22 13  -0.0002631074   0.0011121843  -0.0001699326  -0.0013544562   0.0019970431
22 14  -0.0016969753  -0.0002942329   0.0003556763  -0.0000813573   0.0023251821
22 15  -0.0002229059   0.0029768088   0.0000178018  -0.0000126160   0.0000364675
22 16   0.0000194901   0.0000308550   0.0000055695   0.0000433718  -0.0002312090
22 17   0.0000409322
23  1  -0.0005674228  -0.0048372177  -0.0004521010  -0.0027928292   0.0238938661
23  2  -0.0020643115  -0.2233349034  -0.3271055039  -0.1688611219  -0.0405907015
23  3  -0.0807726286  -0.0313184857   0.0160633588   0.0019334348   0.0122132911
23  4  -0.0071512043   0.0069097400  -0.0054157237  -0.0042119042  -0.0127236694
23  5  -0.0032805687   0.2660731075   0.4007784951   0.2017629197  -0.0033544975
23  6  -0.0048709687  -0.0025703738   0.0006465957  -0.0000621493   0.0004944887
23  7  -0.0005362188   0.0005486124  -0.0004083596  -0.0001962198   0.0005387093
23  8  -0.0001440735   0.0001326863  -0.0001795668   0.0001026715  -0.0032365637
23  9  -0.0015084267  -0.0024545165   0.0008696383   0.0009377711   0.0006641092
23 10  -0.0007602117  -0.0016839438  -0.0005805876   0.0006884141   0.0022270648
23 11   0.0005307974   0.0007879021  -0.0060374827   0.0005803205  -0.0006039168
23 12   0.0011255156  -0.0004546923  -0.0001976204  -0.0011859257  -0.0001541700
23 13   0.0009750626   0.0008372453   0.0007454409  -0.0024480296   0.0038973801
23 14  -0.0018536224  -0.0000095781  -0.0001433300  -0.0000073310   0.0036411794
23 15  -0.0017460671   0.0027659556   0.0001044633  -0.0000323158   0.0000791578
23 16   0.0000088689   0.0000375011   0.0000065501   0.0000604593  -0.0000743778
23 17   0.0000457664
24  1  -0.0005899250  -0.0024743118  -0.0022873751  -0.0533947704  -0.0254022857
24  2  -0.0205933046  -0.1545404659  -0.1611630652  -0.1918730390  -0.0002554137
24  3  -0.0162406919   0.0170667015  -0.0044147186   0.0023945977   0.0045258127
24  4   0.0003894481  -0.0030312284  -0.0009127317  -0.0012931298   0.0079204381
24  5   0.0039371102   0.2109706045   0.2017629197   0.1934579927   0.0010111544
24  6  -0.0015713857   0.0000926108   0.0004742411   0.0003158008  -0.0004389170
24  7  -0.0008942441  -0.0000712520  -0.0004099057   0.0007686318  -0.0001732099
24  8   0.0000355846  -0.0007685738  -0.0012733542  -0.0008715339   0.0026306597
24  9  -0.0021361591  -0.0012007972   0.0001047041   0.0008460832   0.0000410399
24 10   0.0000127480  -0.0013773998  -0.0000002045  -0.0009291038   0.0022375429
24 11   0.0000335018   0.0006931561  -0.0026452296   0.0003932532  -0.0005065069
24 12   0.0006323066  -0.0005320825  -0.0001636886  -0.0007050863  -0.0001284160
24 13  -0.0001690918   0.0008490371  -0.0001612345  -0.0017116595   0.0015316387
24 14  -0.0004119210  -0.0000824220   0.0002709528  -0.0002480483   0.0030061766
24 15  -0.0001709315   0.0006835390   0.0000362671  -0.0000093330  -0.0000015447
24 16   0.0000054309   0.0000235103   0.0000168125   0.0000415345  -0.0001765278
24 17   0.0000207826
25  1  -0.0016468308  -0.0010455106  -0.0001189454   0.0066419217   0.0029335384
25  2   0.0055865230  -0.0054955785   0.0052918408  -0.0089030437   0.0125256709
25  3  -0.0426943414   0.0022614666  -0.1146412809   0.0589933940  -0.0527317252
25  4  -0.0048841657   0.0431139189  -0.0114334509  -0.0069152199  -0.0084341831
25  5  -0.0078793645   0.0006741730  -0.0033544975   0.0010111544   0.5498590469
25  6   0.0145417153   0.4057572768  -0.1757033412  -0.1545290858  -0.1358812124
25  7  -0.2625144662   0.0849273596  -0.2004033968   0.0006427554  -0.0000722554
25  8   0.0015569788  -0.0001250221   0.0013960460   0.0005244276   0.0003284911
25  9  -0.0007043510   0.0006607256  -0.0001627177  -0.0000542714  -0.0001129199
25 10   0.0001664191   0.0002974467   0.0002068605   0.0002187583  -0.0002857933
25 11  -0.0001130645   0.0000569129   0.0002264593   0.0000818701  -0.0000433731
25 12  -0.0000414355  -0.0000193449   0.0000123633   0.0000520068   0.0000137439
25 13  -0.0000323608  -0.0002034569  -0.0002375472   0.0000317571  -0.0002189441
25 14  -0.0000509651  -0.0000282792   0.0000543385   0.0000009436  -0.0000157611
25 15   0.0001544909   0.0000206783  -0.0000092736   0.0000084343   0.0000028702
25 16  -0.0000005803  -0.0000013892   0.0000018402  -0.0000014284  -0.0000074812
25 17   0.0000310949
26  1   0.0031129864  -0.0028043339   0.0023733625  -0.0001318608  -0.0118004449
26  2  -0.0001322696  -0.0014342019   0.0190926206  -0.0010496291  -0.0172040536
26  3  -0.0754306886  -0.0133846190   0.0573418602  -0.4286718994   0.0421766135
26  4   0.0190701446  -0.0288657642   0.0143559503  -0.0002309919   0.0107015488
26  5  -0.0001513496  -0.0020422271  -0.0048709687  -0.0015713857   0.0145417153
26  6   0.8646654408   0.0144845672  -0.1560812421  -0.2438492174  -0.1183480556
26  7   0.0831304431  -0.1031038854   0.0612595398  -0.0005005751   0.0007933247
26  8  -0.0003735863   0.0000033660   0.0005567856   0.0000081540  -0.0001615720
26  9   0.0019342562  -0.0001136158   0.0004576498   0.0010071871   0.0003507975
26 10  -0.0003891189  -0.0032031553  -0.0003060294  -0.0002362615   0.0017470335
26 11  -0.0001760083   0.0006889675  -0.0007120565   0.0005210771  -0.0004681667
26 12   0.0004746006  -0.0003545280  -0.0002178280  -0.0008696773  -0.0001698652
26 13   0.0003370203   0.0019815271   0.0002630773  -0.0005685734   0.0007409927
26 14  -0.0004309848   0.0000033651   0.0000575217   0.0000028419   0.0009512006
26 15  -0.0000218698   0.0007239074  -0.0000290453   0.0000036264  -0.0000220495
26 16   0.0000181840   0.0000110493   0.0000142243  -0.0000246846  -0.0001999335
26 17  -0.0000195827
27  1  -0.0001022374  -0.0007988828  -0.0015765945   0.0055770848   0.0021964562
27  2   0.0035756217  -0.0089487324   0.0040713299  -0.0005403938   0.0023485928
27  3  -0.0328467966   0.0110231480  -0.0526436740   0.0434806295  -0.0854821089
27  4  -0.0115312215   0.0326619445   0.0016955139  -0.0078525809  -0.0064028662
27  5  -0.0025992061   0.0010184216  -0.0025703738   0.0000926108   0.4057572768
27  6   0.0144845672   0.3248356191  -0.1357718328  -0.1171016430  -0.1027358562
27  7  -0.2002298294   0.0626124280  -0.1488008307   0.0015611218  -0.0000481171
27  8  -0.0002196467   0.0005212361   0.0010669599  -0.0004125517   0.0006624366
27  9  -0.0005268665  -0.0000394248  -0.0001099937  -0.0000376694  -0.0000998265
27 10   0.0002035036   0.0002153500   0.0000524001  -0.0001135071  -0.0002127250
27 11   0.0002773886   0.0000836809   0.0001691697   0.0000133800  -0.0000213688
27 12  -0.0000302574  -0.0000350335   0.0000124659   0.0000365351   0.0000051975
27 13  -0.0002352933  -0.0001482940   0.0000968909  -0.0000526035  -0.0001636678
27 14   0.0000587220   0.0000004733   0.0000415234  -0.0000281137   0.0000236215
27 15   0.0001169967  -0.0000238565   0.0000022395   0.0000063783  -0.0000102723
27 16   0.0000021933  -0.0000011546  -0.0000015208   0.0000308459  -0.0000060336
27 17  -0.0000184454
28  1  -0.0005278835   0.0000918386  -0.0004511165  -0.0000307938   0.0006523322
28  2  -0.0000209568   0.0024604135  -0.0012300011  -0.0013872205   0.0019952285
28  3   0.0042786487  -0.0010410626   0.0054357841   0.0031561415   0.0092817814
28  4  -0.0010139308   0.0021744175   0.0011369142  -0.0007810799  -0.0009529397
28  5   0.0001819215  -0.0001841559   0.0006465957   0.0004742411  -0.1757033412
28  6  -0.1560812421  -0.1357718328   0.1761505799   0.1648568302   0.1320242364
28  7  -0.0071501829  -0.0179373100  -0.0033992095  -0.0001713857   0.0003989375
28  8  -0.0008708798   0.0000580037  -0.0000083444  -0.0001052051  -0.0000239569
28  9  -0.0001714318   0.0000417814   0.0000308331  -0.0000170594   0.0000255139
28 10  -0.0000369514   0.0000178814  -0.0000483590   0.0000243272  -0.0000500507
28 11   0.0000533043  -0.0000438091  -0.0000143454  -0.0000435927   0.0000265218
28 12  -0.0000170088   0.0000206705   0.0000008430   0.0000156622  -0.0000014887
28 13   0.0000006247  -0.0000062897   0.0000630955   0.0000091271  -0.0000210106
28 14   0.0000263157  -0.0000025914  -0.0000085512  -0.0000096113  -0.0000523933
28 15   0.0000170357  -0.0000550436   0.0000018327   0.0000000455  -0.0000028496
28 16   0.0000002046   0.0000002027  -0.0000026531   0.0000023173   0.0000081529
28 17  -0.0000132304
29  1  -0.0001153104  -0.0003879934  -0.0000904129   0.0009108776   0.0008717669
29  2   0.0006972580  -0.0014946831  -0.0001482813  -0.0011520169   0.0024735769
29  3  -0.0035749153   0.0018627629  -0.0211359648  -0.0186465608  -0.0161615571
29  4  -0.0010552925   0.0017127252  -0.0007832415  -0.0006340784  -0.0009472249
29  5  -0.0004815272   0.0004105762  -0.0000621493   0.0003158008  -0.1545290858
29  6  -0.2438492174  -0.1171016430   0.1648568302   0.2529510881   0.1250581878
29  7   0.0090888740   0.0127082662   0.0069926170   0.0008385363  -0.0000350565
29  8   0.0006338682   0.0000313888   0.0000907983   0.0000229800   0.0001147754
29  9  -0.0001520669   0.0000869742   0.0000527825  -0.0000888282   0.0000396885
29 10  -0.0001090288   0.0002084911  -0.0000817623   0.0000848212   0.0000276931
29 11   0.0000649330  -0.0001381644  -0.0000972725  -0.0001051046   0.0000910670
29 12  -0.0000334471   0.0000689203   0.0000234112   0.0000955149   0.0000186835
29 13   0.0000892602  -0.0001362436   0.0000677048   0.0000707649   0.0000213350
29 14   0.0000541296   0.0000006325  -0.0000241576   0.0000003019  -0.0000919361
29 15  -0.0000596632  -0.0000706255   0.0000090416  -0.0000040875   0.0000069096
29 16  -0.0000025599   0.0000029045  -0.0000019732  -0.0000071599   0.0000441045
29 17  -0.0000053107
30  1  -0.0004536164   0.0000677989  -0.0002777926  -0.0000172018   0.0005037360
30  2  -0.0000130936  -0.0013874132  -0.0009554249   0.0032049467  -0.0010430803
30  3   0.0032298994   0.0025892082   0.0091858854   0.0023286403   0.0003078868
30  4   0.0011176132   0.0016784768  -0.0016323554   0.0001834118  -0.0007306688
30  5  -0.0008894674   0.0004732339   0.0004944887  -0.0004389170  -0.1358812124
30  6  -0.1183480556  -0.1027358562   0.1320242364   0.1250581878   0.1052728448
30  7  -0.0032564346  -0.0135874405  -0.0053869541  -0.0008691823   0.0003004000
30  8   0.0003114799  -0.0001048398  -0.0000068764   0.0001164249   0.0000433210
30  9  -0.0001313877  -0.0000481976   0.0000255958  -0.0000132054   0.0000162765
30 10  -0.0000496477   0.0000145110  -0.0000104949   0.0000544608  -0.0000379902
30 11  -0.0000053203  -0.0000440039  -0.0000110821  -0.0000197122   0.0000216490
30 12  -0.0000131047   0.0000150832  -0.0000015753   0.0000122544   0.0000020257
30 13   0.0000637090  -0.0000050669  -0.0000334688   0.0000269359  -0.0000157422
30 14  -0.0000053000  -0.0000095271  -0.0000065382   0.0000025550  -0.0000553501
30 15   0.0000126371  -0.0000224585  -0.0000027550   0.0000000173   0.0000032753
30 16  -0.0000027732   0.0000001470   0.0000015664  -0.0000132927   0.0000062195
30 17   0.0000097805
31  1   0.0015266047  -0.0012418347   0.0004961251  -0.0007345505  -0.0012005933
31  2  -0.0006709216   0.0001458294   0.0017176834   0.0011443718  -0.0025094022
31  3  -0.0044749342   0.0003564344  -0.0029691799   0.0077294437   0.0000831275
31  4   0.0040216820  -0.0014774888  -0.0014360992   0.0011837681   0.0014868698
31  5  -0.0005643404  -0.0008988351  -0.0005362188  -0.0008942441  -0.2625144662
31  6   0.0831304431  -0.2002298294  -0.0071501829   0.0090888740  -0.0032564346
31  7   0.2703267963  -0.0946398089   0.2034519431  -0.0001364999  -0.0001250422
31  8   0.0004293088  -0.0002609466   0.0000399669   0.0004005985  -0.0000761887
31  9   0.0001914531  -0.0000359156   0.0004634401   0.0002637356   0.0003324234
31 10  -0.0005309927  -0.0010853627  -0.0004765271   0.0000479565   0.0009200646
31 11   0.0002137851  -0.0000612398  -0.0006947742  -0.0000790743   0.0000503847
31 12   0.0001412043   0.0000349954  -0.0000314997  -0.0001823547  -0.0000352357
31 13   0.0004229403   0.0007058283   0.0006411524  -0.0001084083   0.0004539114
31 14  -0.0000263002   0.0000127275  -0.0000619868  -0.0000064706   0.0001319465
31 15  -0.0001836969   0.0000863430   0.0000138718  -0.0000107259   0.0000040905
31 16   0.0000047268   0.0000150882   0.0000002452  -0.0000189446   0.0000281839
31 17  -0.0000463028
32  1  -0.0004684728  -0.0011236636  -0.0003658997  -0.0005118131   0.0006323367
32  2  -0.0003890953  -0.0000140961  -0.0011103414  -0.0000106134  -0.0002236460
32  3   0.0035333884  -0.0001410681   0.0289794113  -0.0063089402   0.0220273230
32  4  -0.0012298307  -0.0052097586  -0.0009814321   0.0015267669   0.0003358936
32  5   0.0011559414  -0.0000940181   0.0005486124  -0.0000712520   0.0849273596
32  6  -0.1031038854   0.0626124280  -0.0179373100   0.0127082662  -0.0135874405
32  7  -0.0946398089   0.1000920322  -0.0701100225   0.0000763533   0.0000623661
32  8   0.0000611134  -0.0000440971  -0.0004425123  -0.0000326809  -0.0001015766
32  9  -0.0000014979  -0.0000771656  -0.0001956475  -0.0003665240  -0.0001502542
32 10   0.0001473054   0.0013197623   0.0001164506   0.0000469306  -0.0003468725
32 11   0.0000356085  -0.0002105094  -0.0000755266  -0.0001592977   0.0001466160
32 12  -0.0001087987   0.0001114783   0.0000793800   0.0002924829   0.0000615597
32 13  -0.0001924375  -0.0008637283  -0.0001480061   0.0001358029   0.0000139154
32 14   0.0001036649   0.0000226495  -0.0000416338   0.0000171626  -0.0001322761
32 15  -0.0001904672  -0.0001007414   0.0000229376  -0.0000091390   0.0000173920
32 16  -0.0000075968  -0.0000058960  -0.0000061851   0.0000202916   0.0000663136
32 17   0.0000156027
33  1   0.0004982920  -0.0009588010   0.0012439512  -0.0006696247  -0.0009185016
33  2  -0.0003721625   0.0011403029   0.0013146783  -0.0004766249   0.0003731109
33  3  -0.0033956085  -0.0027281082   0.0001087464   0.0059312066  -0.0029002199
33  4  -0.0014276073  -0.0011636739   0.0047956213  -0.0005672114   0.0011327368
33  5   0.0014982522  -0.0008930226  -0.0004083596  -0.0004099057  -0.2004033968
33  6   0.0612595398  -0.1488008307  -0.0033992095   0.0069926170  -0.0053869541
33  7   0.2034519431  -0.0701100225   0.1547867781   0.0004320186  -0.0000926070
33  8  -0.0003712709   0.0004001499   0.0000325058  -0.0004793574  -0.0000373216
33  9   0.0001460685  -0.0000544153   0.0003316301   0.0001998209   0.0002803624
33 10  -0.0004753317  -0.0008228793  -0.0002716983   0.0002102431   0.0007011994
33 11  -0.0000665068  -0.0000791177  -0.0005306825  -0.0000219958   0.0000342471
33 12   0.0001074357   0.0000326287  -0.0000352937  -0.0001383340  -0.0000122667
33 13   0.0006361899   0.0005369849   0.0000741551  -0.0000269343   0.0003456286
33 14  -0.0000913105  -0.0000062134  -0.0000472658   0.0000161797   0.0000866637
33 15  -0.0001410113   0.0000832046   0.0000042370  -0.0000081262   0.0000120331
33 16   0.0000005333   0.0000115352   0.0000041561  -0.0000458701   0.0000214666
33 17   0.0000062816
34  1   0.0002488292  -0.0002075162   0.0000476996   0.0044654306   0.0027804651
34  2  -0.0029491362  -0.0011815609   0.0016635920  -0.0009493655  -0.0018339382
34  3   0.0016848083  -0.0044681805  -0.0088050225  -0.0167274328  -0.0060831230
34  4  -0.1537272045  -0.1220643733  -0.0993530525   0.0046897878   0.0052400981
34  5   0.0048893722   0.0004600767  -0.0001962198   0.0007686318   0.0006427554
34  6  -0.0005005751   0.0015611218  -0.0001713857   0.0008385363  -0.0008691823
34  7  -0.0001364999   0.0000763533   0.0004320186   0.1562629666   0.1271226509
34  8   0.1049631403  -0.0014592690  -0.0001817716   0.0025666872   0.0009400491
34  9   0.0002807545  -0.0005579049  -0.0000123647   0.0000124299  -0.0000107331
34 10   0.0000077762  -0.0000623450  -0.0000037149  -0.0000184948   0.0000475025
34 11   0.0000301729   0.0000092510   0.0001063543   0.0000002068   0.0000014860
34 12  -0.0000121822  -0.0000017788  -0.0000046097   0.0000067619  -0.0000011872
34 13  -0.0000188389   0.0000309469  -0.0000005400   0.0000178565  -0.0000622542
34 14   0.0000218829   0.0000004597   0.0000081525  -0.0000052718  -0.0000197684
34 15   0.0000341425  -0.0000182606  -0.0000025284   0.0000010493  -0.0000031915
34 16   0.0000009415  -0.0000005997  -0.0000006654  -0.0000000088  -0.0000049819
34 17  -0.0000043872
35  1  -0.0000874111   0.0002087220  -0.0000670217   0.0022069667  -0.0050349984
35  2   0.0016297235   0.0009341213  -0.0012454918   0.0007035784   0.0033609715
35  3   0.0001913164   0.0025424193   0.0079287339   0.0101867384   0.0061033286
35  4  -0.1203365678  -0.1819748614  -0.0912014007  -0.0202621884  -0.0129269310
35  5  -0.0154877993  -0.0002328108   0.0005387093  -0.0001732099  -0.0000722554
35  6   0.0007933247  -0.0000481171   0.0003989375  -0.0000350565   0.0003004000
35  7  -0.0001250422   0.0000623661  -0.0000926070   0.1271226509   0.1890753483
35  8   0.0964989115  -0.0000031085   0.0009307527   0.0000199740  -0.0009536559
35  9  -0.0002392373  -0.0007347710   0.0000125924  -0.0000206800   0.0000095503
35 10  -0.0000121500   0.0000732088  -0.0000091245   0.0000327041  -0.0000479410
35 11   0.0000250776  -0.0000311968  -0.0000597368  -0.0000239835   0.0000142162
35 12  -0.0000058028   0.0000106870   0.0000026618   0.0000139536   0.0000021318
35 13   0.0000090469  -0.0000405307   0.0000066839   0.0000003484   0.0000327801
35 14   0.0000004289   0.0000019840  -0.0000079660   0.0000014605  -0.0000025630
35 15  -0.0000269564  -0.0000020839   0.0000024100  -0.0000008642   0.0000017302
35 16  -0.0000002603   0.0000001846  -0.0000002666   0.0000006809   0.0000069646
35 17   0.0000004754
36  1   0.0000472537  -0.0001576198   0.0002208690  -0.0029362096   0.0020627995
36  2   0.0061062434  -0.0009557099   0.0012626176  -0.0006455440  -0.0044656796
36  3   0.0012693571   0.0006551103  -0.0059755509  -0.0126892642  -0.0055429812
36  4  -0.0993954081  -0.0925801067  -0.1002894529   0.0047964372   0.0039208253
36  5   0.0019909052   0.0007705833  -0.0001440735   0.0000355846   0.0015569788
36  6  -0.0003735863  -0.0002196467  -0.0008708798   0.0006338682   0.0003114799
36  7   0.0004293088   0.0000611134  -0.0003712709   0.1049631403   0.0964989115
36  8   0.0997370451   0.0025693827  -0.0001158939  -0.0028689764  -0.0005629584
36  9   0.0002055483   0.0012398966  -0.0000105169   0.0000093771  -0.0000062771
36 10  -0.0000038406  -0.0000469275   0.0000083581   0.0000307286   0.0000362265
36 11  -0.0000344185   0.0000002770   0.0000810242   0.0000097258  -0.0000022554
36 12  -0.0000094115   0.0000026976  -0.0000012193   0.0000051276  -0.0000040866
36 13  -0.0000008132   0.0000237613  -0.0000182491   0.0000221980  -0.0000476387
36 14   0.0000054076  -0.0000051247   0.0000061840   0.0000033424  -0.0000190375
36 15   0.0000260704  -0.0000096944  -0.0000030843   0.0000008192  -0.0000009239
36 16  -0.0000006319  -0.0000004793   0.0000012218  -0.0000043455  -0.0000038650
36 17   0.0000023284
37  1  -0.0001438697  -0.0000397272   0.0001266713  -0.0131195478   0.0076534959
37  2  -0.0129739211   0.0035549416  -0.0037119454  -0.0013506128   0.0000461930
37  3   0.0005228099   0.0010161408   0.0038998054  -0.0003257143  -0.0050088775
37  4   0.0045241140  -0.0013915760  -0.0020255905  -0.2074300652   0.0875792058
37  5  -0.1280713746  -0.0012971373   0.0001326863  -0.0007685738  -0.0001250221
37  6   0.0000033660   0.0005212361   0.0000580037   0.0000313888  -0.0001048398
37  7  -0.0002609466  -0.0000440971   0.0004001499  -0.0014592690  -0.0000031085
37  8   0.0025693827   0.2127463773  -0.0907006890   0.1441375269  -0.0006401871
37  9   0.0002587093   0.0014306581   0.0000104766   0.0000103901   0.0000138894
37 10  -0.0000158447  -0.0000197735  -0.0000168818   0.0000264124   0.0000354099
37 11  -0.0000338362  -0.0000027279  -0.0000632904  -0.0000063301  -0.0000071589
37 12   0.0000104426   0.0000036620  -0.0000016031  -0.0000105615  -0.0000029041
37 13   0.0000115546   0.0000119028   0.0000097588  -0.0000191049   0.0000345360
37 14  -0.0000142540  -0.0000015435   0.0000022294  -0.0000052167   0.0000458897
37 15  -0.0000116520   0.0000317634   0.0000015200  -0.0000000420  -0.0000002488
37 16   0.0000010019   0.0000004978  -0.0000010355   0.0000003463   0.0000005791
37 17  -0.0000016720
38  1   0.0000261672  -0.0000573830   0.0000206126  -0.0220744234   0.0118119815
38  2  -0.0167677167  -0.0007037064  -0.0033757264  -0.0005814960  -0.0003280524
38  3   0.0001900072  -0.0002437719   0.0002152462  -0.0065602489   0.0001025868
38  4   0.0213080610  -0.0039200133   0.0161857997   0.0929089483  -0.1095304418
38  5   0.0692889605  -0.0016758351  -0.0001795668  -0.0012733542   0.0013960460
38  6   0.0005567856   0.0010669599  -0.0000083444   0.0000907983  -0.0000068764
38  7   0.0000399669  -0.0004425123   0.0000325058  -0.0001817716   0.0009307527
38  8  -0.0001158939  -0.0907006890   0.1094896662  -0.0676199974  -0.0000958025
38  9   0.0011677358  -0.0000566678  -0.0000014581   0.0000142141  -0.0000010608
38 10   0.0000063655  -0.0000293263   0.0000047290  -0.0000145114   0.0000262074
38 11  -0.0000112283   0.0000119832  -0.0000377657   0.0000088281  -0.0000127555
38 12   0.0000118749  -0.0000096199  -0.0000030362  -0.0000109019  -0.0000024012
38 13  -0.0000022969   0.0000160804  -0.0000015956  -0.0000271785   0.0000227497
38 14  -0.0000206669  -0.0000038164   0.0000107780  -0.0000028751   0.0000727420
38 15  -0.0000036023   0.0000552691  -0.0000003413   0.0000000978  -0.0000002834
38 16   0.0000004611   0.0000007460   0.0000003308   0.0000005082  -0.0000027989
38 17   0.0000003436
39  1   0.0001269673  -0.0000295765  -0.0002126776  -0.0131551578   0.0058582466
39  2  -0.0060105053  -0.0013227348  -0.0028666270   0.0042691667   0.0010123133
39  3   0.0004051574  -0.0005115736  -0.0049897948  -0.0003110702   0.0066525284
39  4  -0.0019375668  -0.0010814815   0.0056974504  -0.1281384652   0.0652881592
39  5  -0.1351234101  -0.0007782058   0.0001026715  -0.0008715339   0.0005244276
39  6   0.0000081540  -0.0004125517  -0.0001052051   0.0000229800   0.0001164249
39  7   0.0004005985  -0.0000326809  -0.0004793574   0.0025666872   0.0000199740
39  8  -0.0028689764   0.1441375269  -0.0676199974   0.1315833525   0.0014220494
39  9   0.0002101069  -0.0014195503   0.0000141489   0.0000079474   0.0000030178
39 10  -0.0000169381  -0.0000151929  -0.0000068350  -0.0000342668   0.0000270693
39 11   0.0000446543  -0.0000055634  -0.0000485940   0.0000011058   0.0000037561
39 12   0.0000079738  -0.0000087186  -0.0000031149  -0.0000081287  -0.0000003517
39 13   0.0000101167   0.0000091307   0.0000069031  -0.0000151957   0.0000264467
39 14  -0.0000117855  -0.0000051493   0.0000018618   0.0000015114   0.0000319990
39 15  -0.0000091819   0.0000282330  -0.0000003313  -0.0000000455   0.0000016717
39 16  -0.0000010401   0.0000003618   0.0000014482  -0.0000016800   0.0000002138
39 17   0.0000015161
40  1   0.0001616190   0.0004905336   0.0000302632  -0.0564808023   0.0509463379
40  2  -0.0309974332   0.0022544789   0.0297932462   0.0023385055  -0.0029172285
40  3   0.0026390266  -0.0053816380  -0.0023851544  -0.0005370881  -0.0018027419
40  4  -0.0006413222  -0.0032053924  -0.0044520972   0.0045422392  -0.0228437088
40  5   0.0078433715   0.0002633778  -0.0032365637   0.0026306597   0.0003284911
40  6  -0.0001615720   0.0006624366  -0.0000239569   0.0001147754   0.0000433210
40  7  -0.0000761887  -0.0001015766  -0.0000373216   0.0009400491  -0.0009536559
40  8  -0.0005629584  -0.0006401871  -0.0000958025   0.0014220494   0.0549106961
40  9  -0.0526915725   0.0284320521  -0.0000201086  -0.0000582513  -0.0000142961
40 10   0.0000300638   0.0000968947   0.0000120599   0.0000480498  -0.0001847806
40 11   0.0000700537  -0.0000628692   0.0002377520  -0.0000598905   0.0000398222
40 12  -0.0000510256   0.0000321534   0.0000065764   0.0000579696   0.0000049610
40 13  -0.0000370063  -0.0000326170  -0.0000129010   0.0000673464  -0.0001581493
40 14   0.0001081119   0.0000075324   0.0000050249  -0.0000287751  -0.0001035971
40 15   0.0000622841  -0.0001266946  -0.0000005064   0.0000010116  -0.0000074002
40 16  -0.0000001893  -0.0000013894  -0.0000024706  -0.0000000105   0.0000087089
40 17  -0.0000067870
41  1   0.0002345069  -0.0001359625   0.0001780604   0.0512572602  -0.4571485378
41  2   0.0374060285   0.0022003129  -0.0047609430   0.0016423536   0.0003904917
41  3   0.0003597425   0.0002783086   0.0028921181  -0.0008719963   0.0021993599
41  4  -0.0041023035   0.0039130081  -0.0031286124   0.0027206979  -0.0156303926
41  5   0.0020477599  -0.0028143117  -0.0015084267  -0.0021361591  -0.0007043510
41  6   0.0019342562  -0.0005268665  -0.0001714318  -0.0001520669  -0.0001313877
41  7   0.0001914531  -0.0000014979   0.0001460685   0.0002807545  -0.0002392373
41  8   0.0002055483   0.0002587093   0.0011677358   0.0002101069  -0.0526915725
41  9   0.4727516435  -0.0384257005  -0.0001167195  -0.0000104676  -0.0000887949
41 10   0.0001625890   0.0000509932   0.0001234588  -0.0001023926  -0.0001255980
41 11  -0.0000780582   0.0000688840   0.0002535633   0.0000531499  -0.0000455327
41 12  -0.0000075365  -0.0000349939   0.0000040048   0.0000222328   0.0000031033
41 13  -0.0001322708  -0.0000403847  -0.0001006540  -0.0000135112  -0.0001566211
41 14  -0.0000105997  -0.0000212577   0.0000796155  -0.0000161135   0.0001798082
41 15   0.0000865209   0.0001368175  -0.0000082532   0.0000068063  -0.0000063845
41 16   0.0000013482   0.0000005751   0.0000008323   0.0000067078  -0.0000149139
41 17   0.0000051469
42  1   0.0000291688   0.0003724609   0.0001486176  -0.0309654891   0.0371709524
42  2  -0.0392939266   0.0022442634   0.0226582991   0.0010544689  -0.0053911719
42  3   0.0019953578   0.0000621305  -0.0017896084  -0.0004138890  -0.0013821146
42  4  -0.0044549394  -0.0024435322   0.0017735549   0.0079246892  -0.0174523796
42  5   0.0001302785   0.0026199345  -0.0024545165  -0.0012007972   0.0006607256
42  6  -0.0001136158  -0.0000394248   0.0000417814   0.0000869742  -0.0000481976
42  7  -0.0000359156  -0.0000771656  -0.0000544153  -0.0005579049  -0.0007347710
42  8   0.0012398966   0.0014306581  -0.0000566678  -0.0014195503   0.0284320521
42  9  -0.0384257005   0.0391579924  -0.0000147721  -0.0000444806  -0.0000128351
42 10   0.0000126731   0.0000744775   0.0000243097   0.0000697432  -0.0001405330
42 11   0.0000076532  -0.0000599757   0.0001817423  -0.0000286164   0.0000322327
42 12  -0.0000386780   0.0000220548   0.0000047115   0.0000442430   0.0000041681
42 13  -0.0000134675  -0.0000250026  -0.0000303882   0.0001084303  -0.0001208919
42 14   0.0000072658  -0.0000289004   0.0000036680   0.0000233502  -0.0001258846
42 15   0.0000475513  -0.0000324662  -0.0000076531   0.0000006282   0.0000035429
42 16  -0.0000025273  -0.0000010987   0.0000012519  -0.0000067543   0.0000064794
42 17   0.0000036460
43  1   0.0021352106  -0.0021705888   0.0000308442   0.0001834458   0.0004245703
43  2   0.0001172301  -0.0002242773  -0.0011190784  -0.0001706822  -0.0003085004
43  3   0.0007374596   0.0000681467   0.0002294107  -0.0004574434   0.0002106117
43  4  -0.0001973704   0.0002592464  -0.0001782682  -0.0001705202  -0.0003194604
43  5  -0.0001309297   0.0000927647   0.0008696383   0.0001047041  -0.0001627177
43  6   0.0004576498  -0.0001099937   0.0000308331   0.0000527825   0.0000255958
43  7   0.0004634401  -0.0001956475   0.0003316301  -0.0000123647   0.0000125924
43  8  -0.0000105169   0.0000104766  -0.0000014581   0.0000141489  -0.0000201086
43  9  -0.0001167195  -0.0000147721   0.4543879988  -0.0231480081   0.2976686056
43 10  -0.1715618922  -0.0049977615  -0.0860760607  -0.0115022205   0.0446749623
43 11  -0.0164641998  -0.0339211700  -0.0194826553  -0.0226651445   0.0336701655
43 12  -0.0111796285   0.0175878512  -0.1447585774  -0.0616681149  -0.0781424868
43 13  -0.0350582900  -0.0237324715  -0.0423450900   0.0049782195   0.0045752140
43 14   0.0042622727  -0.0003241861   0.0006160678  -0.0002606891  -0.0004646571
43 15  -0.0007521204  -0.0004464688   0.0029571226   0.0033880840  -0.0039876987
43 16  -0.0082637444  -0.0285406737  -0.0095370786  -0.0923316234   0.1211661139
43 17  -0.0600039898
44  1  -0.0006444523  -0.0045395616  -0.0005159431   0.0007894722   0.0003168598
44  2   0.0006016356  -0.0013062617  -0.0015529335  -0.0009977038   0.0003754201
44  3   0.0020051184   0.0002943866  -0.0002105090  -0.0014818550  -0.0001652644
44  4   0.0000209108   0.0003196988   0.0000168082  -0.0002049101  -0.0003929957
44  5  -0.0001576881   0.0011067694   0.0009377711   0.0008460832  -0.0000542714
44  6   0.0010071871  -0.0000376694  -0.0000170594  -0.0000888282  -0.0000132054
44  7   0.0002637356  -0.0003665240   0.0001998209   0.0000124299  -0.0000206800
44  8   0.0000093771   0.0000103901   0.0000142141   0.0000079474  -0.0000582513
44  9  -0.0000104676  -0.0000444806  -0.0231480081   0.9004693197  -0.0147556306
44 10   0.0369111757  -0.1477498598   0.0277998846   0.0344153121   0.0135620369
44 11   0.0261778597  -0.0310243864  -0.0060119227  -0.0236426088   0.0039374509
44 12  -0.0674900504   0.0026897257  -0.0991491472  -0.3064409985  -0.0758752935
44 13  -0.0546432726   0.0038034406  -0.0415928837   0.0078334901  -0.0085775077
44 14   0.0059440770   0.0003037760   0.0012953133   0.0002376986  -0.0018622556
44 15  -0.0001236599  -0.0014221804   0.0038880355  -0.0027085380   0.0029244312
44 16   0.0012616552   0.0040541268   0.0009477410   0.1211803806  -0.3809444757
44 17   0.0905270128
45  1   0.0000354781  -0.0016701940   0.0021059046   0.0001176911   0.0003239447
45  2   0.0001213968  -0.0001697575  -0.0008554286  -0.0001364308   0.0000681590
45  3   0.0005669543  -0.0003424131   0.0002140343  -0.0003507231   0.0001109974
45  4  -0.0001803518   0.0001975284  -0.0000968841  -0.0001297538  -0.0002444566
45  5  -0.0001002850   0.0001053951   0.0006641092   0.0000410399  -0.0001129199
45  6   0.0003507975  -0.0000998265   0.0000255139   0.0000396885   0.0000162765
45  7   0.0003324234  -0.0001502542   0.0002803624  -0.0000107331   0.0000095503
45  8  -0.0000062771   0.0000138894  -0.0000010608   0.0000030178  -0.0000142961
45  9  -0.0000887949  -0.0000128351   0.2976686056  -0.0147556306   0.2887272662
45 10  -0.0859568516  -0.0041245047  -0.1213078963  -0.0164793298   0.0339668489
45 11  -0.0021256769  -0.0226841044  -0.0148367564  -0.0215697436   0.0176280097
45 12  -0.0087172382   0.0239371194  -0.0783078950  -0.0474715369  -0.1026213425
45 13  -0.0424618202  -0.0180879890  -0.0119846395   0.0042667456   0.0034650730
45 14   0.0026629757  -0.0002652482   0.0004720131  -0.0001742234  -0.0004466707
45 15  -0.0005731321  -0.0002268957  -0.0039959892   0.0025446974   0.0051861922
45 16  -0.0093736175  -0.0216983791  -0.0031809576  -0.0600343969   0.0905336628
45 17  -0.0592383583
46  1  -0.0089188590   0.0137789655  -0.0076684797  -0.0000825497  -0.0005740774
46  2  -0.0000581027   0.0002592751   0.0011735883   0.0002246002  -0.0004869487
46  3  -0.0020350523  -0.0004770177  -0.0004952713   0.0005251021  -0.0004510581
46  4   0.0002222949  -0.0003131740   0.0001975995   0.0001864178   0.0002898713
46  5   0.0001421821   0.0000145657  -0.0007602117   0.0000127480   0.0001664191
46  6  -0.0003891189   0.0002035036  -0.0000369514  -0.0001090288  -0.0000496477
46  7  -0.0005309927   0.0001473054  -0.0004753317   0.0000077762  -0.0000121500
46  8  -0.0000038406  -0.0000158447   0.0000063655  -0.0000169381   0.0000300638
46  9   0.0001625890   0.0000126731  -0.1715618922   0.0369111757  -0.0859568516
46 10   0.5040894429   0.1566928161   0.2305147551  -0.1235826950   0.0481426274
46 11  -0.0478431141   0.0380829990   0.0066443746   0.0408383475  -0.0235316065
46 12   0.0220599666  -0.0145562423  -0.0247392221  -0.0613491139  -0.0175757238
46 13  -0.1855039472  -0.2139002251  -0.0833540056  -0.0048016062  -0.0086984803
46 14  -0.0084107070   0.0029394048  -0.0009876650  -0.0010040542  -0.0002393841
46 15   0.0003632753   0.0007738642  -0.0016946271   0.0006046570  -0.0013328594
46 16   0.0042993973   0.0010475056  -0.0007691322  -0.0048182429   0.0013065924
46 17  -0.0032155666
47  1   0.0073061832   0.0149731045   0.0056123078  -0.0015370852  -0.0007975033
47  2  -0.0011721285   0.0024686685   0.0025476262   0.0018844158  -0.0008333145
47  3  -0.0053611371  -0.0006532003   0.0004357144   0.0048618229   0.0003500486
47  4   0.0000680698  -0.0009151096   0.0000474611   0.0003819332   0.0009415700
47  5   0.0002942485  -0.0017996356  -0.0016839438  -0.0013773998   0.0002974467
47  6  -0.0032031553   0.0002153500   0.0000178814   0.0002084911   0.0000145110
47  7  -0.0010853627   0.0013197623  -0.0008228793  -0.0000623450   0.0000732088
47  8  -0.0000469275  -0.0000197735  -0.0000293263  -0.0000151929   0.0000968947
47  9   0.0000509932   0.0000744775  -0.0049977615  -0.1477498598  -0.0041245047
47 10   0.1566928161   0.8914774889   0.1208704389   0.0452760489  -0.2219688072
47 11   0.0337498963  -0.0234167630  -0.0674853600  -0.0179723258   0.0174239289
47 12  -0.0133729168   0.0132302525  -0.0181476041   0.0417089101  -0.0136256958
47 13  -0.2066836875  -0.5143295518  -0.1578968981  -0.0017889723   0.0175562172
47 14  -0.0013368792  -0.0006972846  -0.0007484003  -0.0005476518   0.0025290282
47 15  -0.0002233802   0.0019334093   0.0013119013  -0.0003605650   0.0009974722
47 16  -0.0020920895  -0.0044704932  -0.0016343242   0.0290681613   0.0067936612
47 17   0.0221347495
48  1  -0.0077098004   0.0105309066  -0.0045764704  -0.0000620261  -0.0004378802
48  2  -0.0000571346   0.0002281313   0.0008985717   0.0001476456  -0.0004751916
48  3  -0.0015667610  -0.0002357056  -0.0004513085   0.0004150503  -0.0002435422
48  4   0.0001993343  -0.0002408656   0.0001138462   0.0001426402   0.0002225277
48  5   0.0001104187   0.0000097150  -0.0005805876  -0.0000002045   0.0002068605
48  6  -0.0003060294   0.0000524001  -0.0000483590  -0.0000817623  -0.0000104949
48  7  -0.0004765271   0.0001164506  -0.0002716983  -0.0000037149  -0.0000091245
48  8   0.0000083581  -0.0000168818   0.0000047290  -0.0000068350   0.0000120599
48  9   0.0001234588   0.0000243097  -0.0860760607   0.0277998846  -0.1213078963
48 10   0.2305147551   0.1208704389   0.3768458970  -0.0478444800   0.0359686812
48 11  -0.0973458441   0.0406976571   0.0048643068   0.0155245758  -0.0145445262
48 12   0.0167539282  -0.0153078501  -0.0174095952  -0.0464701615  -0.0154347480
48 13  -0.0834259601  -0.1634400501  -0.1419329787  -0.0083679998  -0.0065938898
48 14  -0.0001823787  -0.0010040938  -0.0007661666   0.0034818507   0.0007808592
48 15   0.0002775847  -0.0006597824  -0.0013253211   0.0004574199  -0.0009529802
48 16  -0.0007882783   0.0007548022   0.0047245472  -0.0031233759   0.0009878600
48 17  -0.0030176235
49  1  -0.0732468189   0.0056620445  -0.0450206896  -0.0004357982  -0.0001139502
49  2   0.0000172486   0.0007842339   0.0004655427   0.0005117783   0.0042838226
49  3  -0.0032341595  -0.0002969612  -0.0000970439   0.0007168287  -0.0002732458
49  4  -0.0001534197  -0.0000902665   0.0001954361  -0.0000718685   0.0000394353
49  5  -0.0000969872  -0.0004888906   0.0006884141  -0.0009291038   0.0002187583
49  6  -0.0002362615  -0.0001135071   0.0000243272   0.0000848212   0.0000544608
49  7   0.0000479565   0.0000469306   0.0002102431  -0.0000184948   0.0000327041
49  8   0.0000307286   0.0000264124  -0.0000145114  -0.0000342668   0.0000480498
49  9  -0.0001023926   0.0000697432  -0.0115022205   0.0344153121  -0.0164793298
49 10  -0.1235826950   0.0452760489  -0.0478444800   0.3324376461   0.0446100071
49 11   0.2007651093  -0.1574518771  -0.0920206177  -0.0767282079  -0.0103314315
49 12  -0.0315743051  -0.0191737641  -0.0002519974   0.0008204684   0.0009314827
49 13   0.0260690304  -0.0149043319   0.0060253359   0.0209347519   0.0069345021
49 14   0.0091316615   0.0002951556   0.0030657616  -0.0023727695  -0.0014713425
49 15  -0.0010469992   0.0011638142  -0.0027032606   0.0017360713  -0.0051189463
49 16  -0.0000031609  -0.0002175024   0.0009535012  -0.0033478227  -0.0014582857
49 17  -0.0055822511
50  1   0.0008717445  -0.0213266037   0.0006622458   0.0015742745   0.0013266828
50  2   0.0012037263  -0.0037312989  -0.0050752053  -0.0028559214   0.0029983798
50  3   0.0092579972   0.0023016975   0.0006583186  -0.0033159622   0.0004881444
50  4  -0.0000282734   0.0010559787  -0.0000157814  -0.0005230318  -0.0009668200
50  5  -0.0004020395   0.0029313740   0.0022270648   0.0022375429  -0.0002857933
50  6   0.0017470335  -0.0002127250  -0.0000500507   0.0000276931  -0.0000379902
50  7   0.0009200646  -0.0003468725   0.0007011994   0.0000475025  -0.0000479410
50  8   0.0000362265   0.0000354099   0.0000262074   0.0000270693  -0.0001847806
50  9  -0.0001255980  -0.0001405330   0.0446749623   0.0135620369   0.0339668489
50 10   0.0481426274  -0.2219688072   0.0359686812   0.0446100071   0.7374769771
50 11   0.0359302348  -0.0876778453  -0.3003206760  -0.0670308500  -0.0357685702
50 12   0.0155164508  -0.0272131791  -0.0082656439  -0.0488133016  -0.0064611763
50 13   0.0067254882  -0.0952255703   0.0047155009  -0.0182899190  -0.0877774152
50 14  -0.0142593217   0.0048316762  -0.0010978291   0.0036621619  -0.0060206919
50 15   0.0014426926  -0.0045792009   0.0001082054   0.0014892663   0.0000745091
50 16   0.0006477152   0.0003612021   0.0005019789   0.0008164837   0.0006612432
50 17   0.0006142177
51  1  -0.0450444874   0.0043085849  -0.0478705053   0.0000230067  -0.0000796789
51  2  -0.0004409816   0.0004967817   0.0003353261   0.0004889889  -0.0002757351
51  3  -0.0024442802   0.0044548809  -0.0002730068   0.0005330779   0.0000644369
51  4   0.0001933878  -0.0000634053  -0.0002607521  -0.0000976740   0.0000264430
51  5  -0.0000212381  -0.0009221531   0.0005307974   0.0000335018  -0.0001130645
51  6  -0.0001760083   0.0002773886   0.0000533043   0.0000649330  -0.0000053203
51  7   0.0002137851   0.0000356085  -0.0000665068   0.0000301729   0.0000250776
51  8  -0.0000344185  -0.0000338362  -0.0000112283   0.0000446543   0.0000700537
51  9  -0.0000780582   0.0000076532  -0.0164641998   0.0261778597  -0.0021256769
51 10  -0.0478431141   0.0337498963  -0.0973458441   0.2007651093   0.0359302348
51 11   0.2226486766  -0.0767637861  -0.0704116622  -0.1163593830  -0.0191608206
51 12  -0.0239922706   0.0000106266   0.0009018929   0.0004615504  -0.0007885384
51 13   0.0060952624  -0.0118012354   0.0226885316   0.0090346248   0.0049889694
51 14   0.0158895943  -0.0023714306   0.0023202124   0.0016251654   0.0011476459
51 15  -0.0007793002  -0.0021335943  -0.0051201369   0.0013149342   0.0001352312
51 16   0.0009579157  -0.0001604567  -0.0005312837  -0.0055666407  -0.0011261004
51 17  -0.0002752629
52  1  -0.0051378420  -0.0064595336  -0.0039150579   0.0007016509   0.0000724895
52  2   0.0005340770  -0.0013215709  -0.0012083495  -0.0010734791   0.0005016480
52  3   0.0016524194   0.0000918255  -0.0003689787  -0.0010601534  -0.0002818231
52  4   0.0001612393   0.0001380016   0.0001335179  -0.0001040572  -0.0002059700
52  5  -0.0000692824   0.0007795186   0.0007879021   0.0006931561   0.0000569129
52  6   0.0006889675   0.0000836809  -0.0000438091  -0.0001381644  -0.0000440039
52  7  -0.0000612398  -0.0002105094  -0.0000791177   0.0000092510  -0.0000311968
52  8   0.0000002770  -0.0000027279   0.0000119832  -0.0000055634  -0.0000628692
52  9   0.0000688840  -0.0000599757  -0.0339211700  -0.0310243864  -0.0226841044
52 10   0.0380829990  -0.0234167630   0.0406976571  -0.1574518771  -0.0876778453
52 11  -0.0767637861   0.5294832957  -0.0311834060   0.2662075210  -0.2051199363
52 12  -0.0194845801  -0.1040368323  -0.0071898124   0.0611797532  -0.0069362351
52 13  -0.0021750442   0.0136600500  -0.0075198305  -0.1494268676   0.1038397197
52 14  -0.0799843654   0.0075893602  -0.0135063494   0.0107785444  -0.0100377675
52 15   0.0260681089  -0.0050025216  -0.0056917001   0.0036799560  -0.0034740536
52 16   0.0035966508   0.0016300502  -0.0051793851  -0.0027686580   0.0021809008
52 17  -0.0021239784
53  1  -0.0095041130   0.0046724768  -0.0072251805  -0.0022393894  -0.0016492650
53  2  -0.0017089941   0.0034824644   0.0084493156   0.0026757780  -0.0003728184
53  3  -0.0038574907  -0.0002978588  -0.0006172618   0.0001354483  -0.0004678309
53  4   0.0003782135  -0.0008793800   0.0002847811   0.0008421736   0.0014170608
53  5   0.0006475128  -0.0034469987  -0.0060374827  -0.0026452296   0.0002264593
53  6  -0.0007120565   0.0001691697  -0.0000143454  -0.0000972725  -0.0000110821
53  7  -0.0006947742  -0.0000755266  -0.0005306825   0.0001063543  -0.0000597368
53  8   0.0000810242  -0.0000632904  -0.0000377657  -0.0000485940   0.0002377520
53  9   0.0002535633   0.0001817423  -0.0194826553  -0.0060119227  -0.0148367564
53 10   0.0066443746  -0.0674853600   0.0048643068  -0.0920206177  -0.3003206760
53 11  -0.0704116622  -0.0311834060   0.8303237564  -0.0215216944   0.0105578701
53 12  -0.1165734946   0.0078224873   0.0365863203   0.0220391393   0.0278891502
53 13  -0.0001724429   0.0075156617  -0.0001336557   0.1030146435  -0.3539019705
53 14   0.0770253223   0.0114526548  -0.0227874242   0.0086621445   0.0078069546
53 15   0.0064431501   0.0060161063  -0.0212326665   0.0052072366  -0.0161294432
53 16   0.0011675006  -0.0060667001   0.0008389037  -0.0013899388  -0.0002364083
53 17  -0.0010608924
54  1  -0.0039337988  -0.0049003299  -0.0030073122   0.0005260771   0.0000498789
54  2   0.0003991241  -0.0010574158  -0.0008917647  -0.0007220200   0.0000851871
54  3   0.0012410193   0.0004523987  -0.0002812858  -0.0008053366  -0.0002213363
54  4   0.0001338593   0.0001019923   0.0000892282  -0.0000672306  -0.0001521291
54  5  -0.0000645595   0.0006753477   0.0005803205   0.0003932532   0.0000818701
54  6   0.0005210771   0.0000133800  -0.0000435927  -0.0001051046  -0.0000197122
54  7  -0.0000790743  -0.0001592977  -0.0000219958   0.0000002068  -0.0000239835
54  8   0.0000097258  -0.0000063301   0.0000088281   0.0000011058  -0.0000598905
54  9   0.0000531499  -0.0000286164  -0.0226651445  -0.0236426088  -0.0215697436
54 10   0.0408383475  -0.0179723258   0.0155245758  -0.0767282079  -0.0670308500
54 11  -0.1163593830   0.2662075210  -0.0215216944   0.3814078471  -0.1038591539
54 12  -0.0150970987  -0.1455657520  -0.0070387985   0.0466557054  -0.0029624122
54 13  -0.0075705899   0.0103974082   0.0020388521  -0.0800453688   0.0775805157
54 14  -0.1052379907   0.0108632269  -0.0103664736   0.0016607924  -0.0049727588
54 15   0.0198340910  -0.0072122527  -0.0035739366   0.0028313880  -0.0038295417
54 16  -0.0051992046   0.0011919453   0.0064667129  -0.0021280606   0.0016601444
54 17  -0.0015968002
55  1   0.0017948435   0.0004067067  -0.0003881733  -0.0005259182  -0.0000638859
55  2  -0.0004325116   0.0008080251   0.0008886247   0.0006140601  -0.0002055312
55  3  -0.0007086240   0.0001783606   0.0002889034   0.0006369709   0.0002226899
55  4  -0.0000925192  -0.0000665754  -0.0000798281   0.0000766731   0.0001474444
55  5   0.0000465986  -0.0008092834  -0.0006039168  -0.0005065069  -0.0000433731
55  6  -0.0004681667  -0.0000213688   0.0000265218   0.0000910670   0.0000216490
55  7   0.0000503847   0.0001466160   0.0000342471   0.0000014860   0.0000142162
55  8  -0.0000022554  -0.0000071589  -0.0000127555   0.0000037561   0.0000398222
55  9  -0.0000455327   0.0000322327   0.0336701655   0.0039374509   0.0176280097
55 10  -0.0235316065   0.0174239289  -0.0145445262  -0.0103314315  -0.0357685702
55 11  -0.0191608206  -0.2051199363   0.0105578701  -0.1038591539   0.4593441956
55 12  -0.0027405280   0.2730175296  -0.1434135878   0.0945988269  -0.0670336244
55 13   0.0024444216  -0.0076558787   0.0027279602  -0.0188197558   0.0169726664
55 14  -0.0223392851  -0.0011781391  -0.0014987046   0.0010347315   0.0044920507
55 15   0.0006242107  -0.0010294510  -0.1000328918  -0.1123751382  -0.0574372775
55 16  -0.0002887106   0.0211976064  -0.0055929530   0.0014185607  -0.0053048029
55 17  -0.0029240801
56  1   0.0008503855  -0.0019603310   0.0006334608   0.0005776578   0.0002923022
56  2   0.0004406954  -0.0008306540  -0.0015632898  -0.0006362475   0.0002041098
56  3   0.0010826053   0.0001607269  -0.0000662050  -0.0005919729  -0.0000526466
56  4  -0.0000068007   0.0001684902  -0.0000041868  -0.0001299765  -0.0002610535
56  5  -0.0000998959   0.0008249635   0.0011255156   0.0006323066  -0.0000414355
56  6   0.0004746006  -0.0000302574  -0.0000170088  -0.0000334471  -0.0000131047
56  7   0.0001412043  -0.0001087987   0.0001074357  -0.0000121822  -0.0000058028
56  8  -0.0000094115   0.0000104426   0.0000118749   0.0000079738  -0.0000510256
56  9  -0.0000075365  -0.0000386780  -0.0111796285  -0.0674900504  -0.0087172382
56 10   0.0220599666  -0.0133729168   0.0167539282  -0.0315743051   0.0155164508
56 11  -0.0239922706  -0.0194845801  -0.1165734946  -0.0150970987  -0.0027405280
56 12   0.8622785693   0.0002872633   0.1230035757  -0.4021093099   0.0922107868
56 13  -0.0045678232   0.0027074863  -0.0034659356   0.0415756576  -0.0063154245
56 14   0.0315551317   0.0016990345   0.0019993324   0.0013094956  -0.0003331356
56 15  -0.0053523001  -0.0002847664  -0.1143105209  -0.2745200275  -0.0873981909
56 16  -0.0015364493   0.0034457042  -0.0011664803  -0.0043539652   0.0008566711
56 17  -0.0033334476
57  1  -0.0003860194   0.0002943492   0.0020135806  -0.0004323993  -0.0000472599
57  2  -0.0002853572   0.0006106778   0.0006704533   0.0004703413   0.0001832536
57  3  -0.0005337766  -0.0003058835   0.0002199306   0.0004836116   0.0001689560
57  4  -0.0000796969  -0.0000499158  -0.0000472633   0.0000470894   0.0001113489
57  5   0.0000510532  -0.0005027555  -0.0004546923  -0.0005320825  -0.0000193449
57  6  -0.0003545280  -0.0000350335   0.0000206705   0.0000689203   0.0000150832
57  7   0.0000349954   0.0001114783   0.0000326287  -0.0000017788   0.0000106870
57  8   0.0000026976   0.0000036620  -0.0000096199  -0.0000087186   0.0000321534
57  9  -0.0000349939   0.0000220548   0.0175878512   0.0026897257   0.0239371194
57 10  -0.0145562423   0.0132302525  -0.0153078501  -0.0191737641  -0.0272131791
57 11   0.0000106266  -0.1040368323   0.0078224873  -0.1455657520   0.2730175296
57 12   0.0002872633   0.3077662318  -0.0669821622   0.0706529864  -0.1064211351
57 13   0.0027398682  -0.0058131894   0.0008877928  -0.0222697922   0.0128318343
57 14  -0.0062952067   0.0010510788  -0.0011212800  -0.0017584390  -0.0010396509
57 15   0.0004387967   0.0050632696  -0.0574473454  -0.0858830121  -0.0697591367
57 16  -0.0056584693   0.0161184013   0.0028827558  -0.0029295134  -0.0040537957
57 17   0.0030004192
58  1  -0.0003011996   0.0002626917  -0.0000147317  -0.0001607916  -0.0000615322
58  2  -0.0001263286   0.0002234761   0.0002441460   0.0001818151  -0.0000891024
58  3  -0.0002299522  -0.0001184767   0.0000846479   0.0003051248   0.0000683745
58  4   0.0000010329  -0.0000424038  -0.0000064430   0.0000445955   0.0000773751
58  5   0.0000396253  -0.0002155848  -0.0001976204  -0.0001636886   0.0000123633
58  6  -0.0002178280   0.0000124659   0.0000008430   0.0000234112  -0.0000015753
58  7  -0.0000314997   0.0000793800  -0.0000352937  -0.0000046097   0.0000026618
58  8  -0.0000012193  -0.0000016031  -0.0000030362  -0.0000031149   0.0000065764
58  9   0.0000040048   0.0000047115  -0.1447585774  -0.0991491472  -0.0783078950
58 10  -0.0247392221  -0.0181476041  -0.0174095952  -0.0002519974  -0.0082656439
58 11   0.0009018929  -0.0071898124   0.0365863203  -0.0070387985  -0.1434135878
58 12   0.1230035757  -0.0669821622   0.5472515370  -0.0604870018   0.3134359818
58 13   0.0007944474  -0.0015807812  -0.0030732379  -0.0039699060  -0.0044679215
58 14  -0.0055442211  -0.0004654141  -0.0004504913   0.0004485656   0.0007142076
58 15   0.0013464873  -0.0009495478   0.0066859073  -0.0145040957   0.0065192215
58 16  -0.2382545020   0.0356427115  -0.1521155462   0.0073738798   0.0101187008
58 17   0.0103414152
59  1  -0.0000188952   0.0015800978  -0.0000072282  -0.0007549438  -0.0003174538
59  2  -0.0005759184   0.0010824919   0.0016632769   0.0008269264  -0.0001560867
59  3  -0.0013051710  -0.0001234570   0.0002083144   0.0011033749   0.0001624444
59  4  -0.0000018505  -0.0002246214  -0.0000029704   0.0001914690   0.0003486866
59  5   0.0001468896  -0.0009212637  -0.0011859257  -0.0007050863   0.0000520068
59  6  -0.0008696773   0.0000365351   0.0000156622   0.0000955149   0.0000122544
59  7  -0.0001823547   0.0002924829  -0.0001383340   0.0000067619   0.0000139536
59  8   0.0000051276  -0.0000105615  -0.0000109019  -0.0000081287   0.0000579696
59  9   0.0000222328   0.0000442430  -0.0616681149  -0.3064409985  -0.0474715369
59 10  -0.0613491139   0.0417089101  -0.0464701615   0.0008204684  -0.0488133016
59 11   0.0004615504   0.0611797532   0.0220391393   0.0466557054   0.0945988269
59 12  -0.4021093099   0.0706529864  -0.0604870018   0.8008345205  -0.0435535598
59 13   0.0133129266  -0.0096475878   0.0100893408  -0.0130284940   0.0054301732
59 14  -0.0099189864  -0.0007086239  -0.0014368189  -0.0005443153   0.0018394059
59 15   0.0013701120   0.0014036125   0.0110166204  -0.0164370183   0.0083244298
59 16   0.0304853459  -0.0665223159   0.0226704052  -0.0155159689  -0.0207545684
59 17  -0.0118432816
60  1  -0.0000189416   0.0002074569  -0.0002883675  -0.0001292527  -0.0000481818
60  2  -0.0000923615   0.0001858835   0.0001908228   0.0001275939  -0.0001191155
60  3  -0.0001803000  -0.0000259043   0.0000687051   0.0002371714   0.0000498448
60  4  -0.0000082439  -0.0000333351   0.0000051269   0.0000398399   0.0000604399
60  5   0.0000221553  -0.0001643974  -0.0001541700  -0.0001284160   0.0000137439
60  6  -0.0001698652   0.0000051975  -0.0000014887   0.0000186835   0.0000020257
60  7  -0.0000352357   0.0000615597  -0.0000122667  -0.0000011872   0.0000021318
60  8  -0.0000040866  -0.0000029041  -0.0000024012  -0.0000003517   0.0000049610
60  9   0.0000031033   0.0000041681  -0.0781424868  -0.0758752935  -0.1026213425
60 10  -0.0175757238  -0.0136256958  -0.0154347480   0.0009314827  -0.0064611763
60 11  -0.0007885384  -0.0069362351   0.0278891502  -0.0029624122  -0.0670336244
60 12   0.0922107868  -0.1064211351   0.3134359818  -0.0435535598   0.3728680073
60 13  -0.0030304106  -0.0012501443   0.0025395019  -0.0055691961  -0.0033976633
60 14  -0.0009402538   0.0004460902  -0.0003442591  -0.0007177714  -0.0009443118
60 15   0.0010214019   0.0012416343   0.0065928583  -0.0111094376   0.0031040773
60 16  -0.1520088271   0.0265658099  -0.1519135736   0.0102578505   0.0076569359
60 17   0.0016956423
61  1  -0.0018883148  -0.0057843884   0.0000933347   0.0000368963   0.0004813690
61  2   0.0000487749  -0.0000831265  -0.0008940939  -0.0000864614   0.0001862063
61  3   0.0016459859  -0.0001841204   0.0003328083  -0.0003811551   0.0002884365
61  4  -0.0002187099   0.0002078510  -0.0001300545  -0.0001181914  -0.0002128046
61  5  -0.0000960796  -0.0002631074   0.0009750626  -0.0001690918  -0.0000323608
61  6   0.0003370203  -0.0002352933   0.0000006247   0.0000892602   0.0000637090
61  7   0.0004229403  -0.0001924375   0.0006361899  -0.0000188389   0.0000090469
61  8  -0.0000008132   0.0000115546  -0.0000022969   0.0000101167  -0.0000370063
61  9  -0.0001322708  -0.0000134675  -0.0350582900  -0.0546432726  -0.0424618202
61 10  -0.1855039472  -0.2066836875  -0.0834259601   0.0260690304   0.0067254882
61 11   0.0060952624  -0.0021750442  -0.0001724429  -0.0075705899   0.0024444216
61 12  -0.0045678232   0.0027398682   0.0007944474   0.0133129266  -0.0030304106
61 13   0.1942519060   0.2530505097   0.1226595227   0.0014419547   0.0002276816
61 14   0.0016087631  -0.0004541004   0.0003435472   0.0002830717  -0.0006709590
61 15  -0.0004836456  -0.0007140797   0.0005282270  -0.0001091656   0.0007947854
61 16  -0.0009157232  -0.0019034243  -0.0004480036   0.0013222752  -0.0012837692
61 17   0.0033815513
62  1  -0.0012325731  -0.0048135318  -0.0009564383   0.0008910499   0.0004204001
62  2   0.0006795501  -0.0012743168  -0.0015382318  -0.0009714790   0.0002472032
62  3   0.0020611297   0.0001924458  -0.0002907910  -0.0028586958  -0.0002318200
62  4  -0.0000823090   0.0005554727  -0.0000609078  -0.0002520741  -0.0005884596
62  5  -0.0001941166   0.0011121843   0.0008372453   0.0008490371  -0.0002034569
62  6   0.0019815271  -0.0001482940  -0.0000062897  -0.0001362436  -0.0000050669
62  7   0.0007058283  -0.0008637283   0.0005369849   0.0000309469  -0.0000405307
62  8   0.0000237613   0.0000119028   0.0000160804   0.0000091307  -0.0000326170
62  9  -0.0000403847  -0.0000250026  -0.0237324715   0.0038034406  -0.0180879890
62 10  -0.2139002251  -0.5143295518  -0.1634400501  -0.0149043319  -0.0952255703
62 11  -0.0118012354   0.0136600500   0.0075156617   0.0103974082  -0.0076558787
62 12   0.0027074863  -0.0058131894  -0.0015807812  -0.0096475878  -0.0012501443
62 13   0.2530505097   0.6200992978   0.1936543640  -0.0014549857  -0.0060765340
62 14  -0.0011242439   0.0006201462   0.0002047342   0.0004754092  -0.0012390066
62 15   0.0000992314  -0.0009445183  -0.0000878953   0.0004020751  -0.0000629470
62 16  -0.0001126734  -0.0007945645  -0.0000859064  -0.0020749583  -0.0030102948
62 17  -0.0015727933
63  1   0.0001075626  -0.0044163817  -0.0019671986   0.0000519345   0.0003676121
63  2   0.0000149003  -0.0000875599  -0.0006868924  -0.0000451221  -0.0001862271
63  3   0.0012590871   0.0002926864   0.0002887333  -0.0003002928   0.0001705124
63  4  -0.0001304956   0.0001603295  -0.0001470634  -0.0000972168  -0.0001639170
63  5  -0.0000668471  -0.0001699326   0.0007454409  -0.0001612345  -0.0002375472
63  6   0.0002630773   0.0000968909   0.0000630955   0.0000677048  -0.0000334688
63  7   0.0006411524  -0.0001480061   0.0000741551  -0.0000005400   0.0000066839
63  8  -0.0000182491   0.0000097588  -0.0000015956   0.0000069031  -0.0000129010
63  9  -0.0001006540  -0.0000303882  -0.0423450900  -0.0415928837  -0.0119846395
63 10  -0.0833540056  -0.1578968981  -0.1419329787   0.0060253359   0.0047155009
63 11   0.0226885316  -0.0075198305  -0.0001336557   0.0020388521   0.0027279602
63 12  -0.0034659356   0.0008877928  -0.0030732379   0.0100893408   0.0025395019
63 13   0.1226595227   0.1936543640   0.1293079251   0.0015997132   0.0001562240
63 14   0.0005500660   0.0002837850   0.0002650731  -0.0006054955  -0.0007165671
63 15  -0.0003686528  -0.0002825640   0.0007951093  -0.0000794584   0.0000899953
63 16  -0.0004421267  -0.0014495550  -0.0006755219   0.0033901440  -0.0009724812
63 17  -0.0005542590
64  1  -0.0027072367  -0.0009651314  -0.0010219477  -0.0011051287  -0.0004640379
64  2  -0.0007520728   0.0015816987   0.0031227963   0.0012152779   0.0000170310
64  3  -0.0015198814  -0.0002535338   0.0001692665   0.0005747264   0.0001759148
64  4  -0.0000349468  -0.0002483038  -0.0000180690   0.0002317397   0.0004695608
64  5   0.0002079176  -0.0013544562  -0.0024480296  -0.0017116595   0.0000317571
64  6  -0.0005685734  -0.0000526035   0.0000091271   0.0000707649   0.0000269359
64  7  -0.0001084083   0.0001358029  -0.0000269343   0.0000178565   0.0000003484
64  8   0.0000221980  -0.0000191049  -0.0000271785  -0.0000151957   0.0000673464
64  9  -0.0000135112   0.0001084303   0.0049782195   0.0078334901   0.0042667456
64 10  -0.0048016062  -0.0017889723  -0.0083679998   0.0209347519  -0.0182899190
64 11   0.0090346248  -0.1494268676   0.1030146435  -0.0800453688  -0.0188197558
64 12   0.0415756576  -0.0222697922  -0.0039699060  -0.0130284940  -0.0055691961
64 13   0.0014419547  -0.0014549857   0.0015997132   0.5388162248   0.0155903682
64 14   0.3948525119  -0.1109942816  -0.1398673011  -0.0839767039  -0.2767841600
64 15   0.0081656262  -0.2103630323   0.0007326597   0.0001484655   0.0016283910
64 16  -0.0004406598   0.0012614840   0.0002912438   0.0005819159  -0.0009040317
64 17   0.0008749640
65  1   0.0025364919  -0.0034148941   0.0019332145   0.0014985185   0.0009780904
65  2   0.0011439061  -0.0021667970  -0.0049835288  -0.0016635781   0.0001754078
65  3   0.0023123534   0.0001413521   0.0002577914  -0.0006190429   0.0001919300
65  4  -0.0002307815   0.0005938941  -0.0001728701  -0.0005634677  -0.0009754689
65  5  -0.0004329049   0.0019970431   0.0038973801   0.0015316387  -0.0002189441
65  6   0.0007409927  -0.0001636678  -0.0000210106   0.0000213350  -0.0000157422
65  7   0.0004539114   0.0000139154   0.0003456286  -0.0000622542   0.0000327801
65  8  -0.0000476387   0.0000345360   0.0000227497   0.0000264467  -0.0001581493
65  9  -0.0001566211  -0.0001208919   0.0045752140  -0.0085775077   0.0034650730
65 10  -0.0086984803   0.0175562172  -0.0065938898   0.0069345021  -0.0877774152
65 11   0.0049889694   0.1038397197  -0.3539019705   0.0775805157   0.0169726664
65 12  -0.0063154245   0.0128318343  -0.0044679215   0.0054301732  -0.0033976633
65 13   0.0002276816  -0.0060765340   0.0001562240   0.0155903682   0.8728870834
65 14   0.0147883245  -0.1427790899  -0.3600067153  -0.1093884165   0.0049725268
65 15  -0.0752686033   0.0032943687  -0.0002182387   0.0007269596  -0.0001589537
65 16  -0.0001565397   0.0009847970  -0.0001135773  -0.0003223397   0.0015052200
65 17  -0.0002412445
66  1  -0.0010095901  -0.0007370133  -0.0021417177  -0.0007456894  -0.0003502215
66  2  -0.0006857226   0.0011979570   0.0023616572   0.0009143690  -0.0002496820
66  3  -0.0011515039   0.0001534569   0.0001762604   0.0004368506   0.0000751472
66  4  -0.0000181829  -0.0001877412  -0.0000271329   0.0002037046   0.0003547986
66  5   0.0001185705  -0.0016969753  -0.0018536224  -0.0004119210  -0.0000509651
66  6  -0.0004309848   0.0000587220   0.0000263157   0.0000541296  -0.0000053000
66  7  -0.0000263002   0.0001036649  -0.0000913105   0.0000218829   0.0000004289
66  8   0.0000054076  -0.0000142540  -0.0000206669  -0.0000117855   0.0001081119
66  9  -0.0000105997   0.0000072658   0.0042622727   0.0059440770   0.0026629757
66 10  -0.0084107070  -0.0013368792  -0.0001823787   0.0091316615  -0.0142593217
66 11   0.0158895943  -0.0799843654   0.0770253223  -0.1052379907  -0.0223392851
66 12   0.0315551317  -0.0062952067  -0.0055442211  -0.0099189864  -0.0009402538
66 13   0.0016087631  -0.0011242439   0.0005500660   0.3948525119   0.0147883245
66 14   0.3189063302  -0.0838943009  -0.1071055295  -0.0666928958  -0.2101790478
66 15   0.0057505872  -0.1567719023   0.0016292545   0.0001194916  -0.0001683671
66 16   0.0002900937   0.0009641620  -0.0005992564   0.0008749456  -0.0006816211
66 17   0.0000967433
67  1  -0.0005338158  -0.0000152690  -0.0004660401  -0.0000377067  -0.0000201119
67  2  -0.0000239053   0.0000202376   0.0001080789  -0.0000061211  -0.0000300150
67  3  -0.0000310268   0.0000153684   0.0000120113  -0.0000139229  -0.0000102782
67  4  -0.0000062294   0.0000008957  -0.0000023781  -0.0000203366  -0.0000082199
67  5  -0.0000211339  -0.0002942329  -0.0000095781  -0.0000824220  -0.0000282792
67  6   0.0000033651   0.0000004733  -0.0000025914   0.0000006325  -0.0000095271
67  7   0.0000127275   0.0000226495  -0.0000062134   0.0000004597   0.0000019840
67  8  -0.0000051247  -0.0000015435  -0.0000038164  -0.0000051493   0.0000075324
67  9  -0.0000212577  -0.0000289004  -0.0003241861   0.0003037760  -0.0002652482
67 10   0.0029394048  -0.0006972846  -0.0010040938   0.0002951556   0.0048316762
67 11  -0.0023714306   0.0075893602   0.0114526548   0.0108632269  -0.0011781391
67 12   0.0016990345   0.0010510788  -0.0004654141  -0.0007086239   0.0004460902
67 13  -0.0004541004   0.0006201462   0.0002837850  -0.1109942816  -0.1427790899
67 14  -0.0838943009   0.1077531258   0.1469560530   0.0775578282  -0.0035056978
67 15  -0.0220222529  -0.0007304260  -0.0003954186   0.0000996098  -0.0010459913
67 16   0.0000580136  -0.0000341542  -0.0001054613  -0.0000203219  -0.0001290840
67 17   0.0000380437
68  1  -0.0003203536  -0.0005125950  -0.0002458243   0.0001483728  -0.0000669410
68  2   0.0001124743  -0.0002294635  -0.0000172551  -0.0001743583   0.0001215447
68  3   0.0000948069   0.0000930795  -0.0001811013  -0.0001432235  -0.0001384429
68  4   0.0000883201  -0.0000493396   0.0000674752   0.0000477019   0.0000601368
68  5   0.0000365854   0.0003556763  -0.0001433300   0.0002709528   0.0000543385
68  6   0.0000575217   0.0000415234  -0.0000085512  -0.0000241576  -0.0000065382
68  7  -0.0000619868  -0.0000416338  -0.0000472658   0.0000081525  -0.0000079660
68  8   0.0000061840   0.0000022294   0.0000107780   0.0000018618   0.0000050249
68  9   0.0000796155   0.0000036680   0.0006160678   0.0012953133   0.0004720131
68 10  -0.0009876650  -0.0007484003  -0.0007661666   0.0030657616  -0.0010978291
68 11   0.0023202124  -0.0135063494  -0.0227874242  -0.0103664736  -0.0014987046
68 12   0.0019993324  -0.0011212800  -0.0004504913  -0.0014368189  -0.0003442591
68 13   0.0003435472   0.0002047342   0.0002650731  -0.1398673011  -0.3600067153
68 14  -0.1071055295   0.1469560530   0.3754071654   0.1125737279   0.0045348206
68 15   0.0079159887   0.0034906860   0.0005856024   0.0003028651   0.0004417529
68 16  -0.0000010202   0.0000895849  -0.0000013666   0.0001574830  -0.0001487391
68 17   0.0001200314
69  1  -0.0004689589  -0.0000131121  -0.0002762312  -0.0000234802  -0.0000153327
69  2  -0.0000249820  -0.0000068773   0.0000825188   0.0000237767   0.0000154465
69  3  -0.0000231328  -0.0000381069  -0.0000102530  -0.0000110563   0.0000169209
69  4  -0.0000023382   0.0000005349  -0.0000046092  -0.0000204981  -0.0000060653
69  5  -0.0000085940  -0.0000813573  -0.0000073310  -0.0002480483   0.0000009436
69  6   0.0000028419  -0.0000281137  -0.0000096113   0.0000003019   0.0000025550
69  7  -0.0000064706   0.0000171626   0.0000161797  -0.0000052718   0.0000014605
69  8   0.0000033424  -0.0000052167  -0.0000028751   0.0000015114  -0.0000287751
69  9  -0.0000161135   0.0000233502  -0.0002606891   0.0002376986  -0.0001742234
69 10  -0.0010040542  -0.0005476518   0.0034818507  -0.0023727695   0.0036621619
69 11   0.0016251654   0.0107785444   0.0086621445   0.0016607924   0.0010347315
69 12   0.0013094956  -0.0017584390   0.0004485656  -0.0005443153  -0.0007177714
69 13   0.0002830717   0.0004754092  -0.0006054955  -0.0839767039  -0.1093884165
69 14  -0.0666928958   0.0775578282   0.1125737279   0.0669576759  -0.0005753776
69 15  -0.0167024332  -0.0032504310  -0.0010448349   0.0000741705   0.0001840629
69 16  -0.0001064117  -0.0000264711   0.0001166164   0.0000392623  -0.0000988426
69 17  -0.0000410918
70  1   0.0021554351  -0.0014825725   0.0007355960   0.0022481479   0.0007199918
70  2   0.0015604357  -0.0033923730  -0.0053517483  -0.0023754625   0.0005088942
70  3   0.0026540034   0.0005995800  -0.0005291569  -0.0012349685  -0.0004274910
70  4   0.0001608549   0.0003645594   0.0001288825  -0.0002742543  -0.0007231650
70  5  -0.0002940890   0.0023251821   0.0036411794   0.0030061766  -0.0000157611
70  6   0.0009512006   0.0000236215  -0.0000523933  -0.0000919361  -0.0000553501
70  7   0.0001319465  -0.0001322761   0.0000866637  -0.0000197684  -0.0000025630
70  8  -0.0000190375   0.0000458897   0.0000727420   0.0000319990  -0.0001035971
70  9   0.0001798082  -0.0001258846  -0.0004646571  -0.0018622556  -0.0004466707
70 10  -0.0002393841   0.0025290282   0.0007808592  -0.0014713425  -0.0060206919
70 11   0.0011476459  -0.0100377675   0.0078069546  -0.0049727588   0.0044920507
70 12  -0.0003331356  -0.0010396509   0.0007142076   0.0018394059  -0.0009443118
70 13  -0.0006709590  -0.0012390066  -0.0007165671  -0.2767841600   0.0049725268
70 14  -0.2101790478  -0.0035056978   0.0045348206  -0.0005753776   0.2857324386
70 15  -0.0120170887   0.2132173658  -0.0001736881  -0.0000752581   0.0003921865
70 16  -0.0002844923   0.0000917672   0.0003845808  -0.0001306542   0.0002205644
70 17  -0.0000689884
71  1  -0.0002942477  -0.0026482639  -0.0002404271  -0.0003991856  -0.0003400111
71  2  -0.0003058101   0.0002770530   0.0015407713   0.0002167885   0.0000884319
71  3  -0.0006304191   0.0000668233  -0.0002220339  -0.0000767317  -0.0001681234
71  4   0.0001196695  -0.0001782855   0.0000907394   0.0002173000   0.0003305504
71  5   0.0001667915  -0.0002229059  -0.0017460671  -0.0001709315   0.0001544909
71  6  -0.0000218698   0.0001169967   0.0000170357  -0.0000596632   0.0000126371
71  7  -0.0001836969  -0.0001904672  -0.0001410113   0.0000341425  -0.0000269564
71  8   0.0000260704  -0.0000116520  -0.0000036023  -0.0000091819   0.0000622841
71  9   0.0000865209   0.0000475513  -0.0007521204  -0.0001236599  -0.0005731321
71 10   0.0003632753  -0.0002233802   0.0002775847  -0.0010469992   0.0014426926
71 11  -0.0007793002   0.0260681089   0.0064431501   0.0198340910   0.0006242107
71 12  -0.0053523001   0.0004387967   0.0013464873   0.0013701120   0.0010214019
71 13  -0.0004836456   0.0000992314  -0.0003686528   0.0081656262  -0.0752686033
71 14   0.0057505872  -0.0220222529   0.0079159887  -0.0167024332  -0.0120170887
71 15   0.0682039460  -0.0087351555   0.0001332867   0.0000504255   0.0001038540
71 16   0.0000619318  -0.0004078078   0.0000490362  -0.0001223984   0.0000265461
71 17  -0.0000934830
72  1   0.0007401001  -0.0011459461   0.0017405071   0.0015555593   0.0005443366
72  2   0.0013864755  -0.0023617921  -0.0040613012  -0.0020931434   0.0005890995
72  3   0.0020183814   0.0001913760  -0.0004223756  -0.0009409645  -0.0003010360
72  4   0.0001278332   0.0002774702   0.0000937817  -0.0002903749  -0.0005493982
72  5  -0.0001148455   0.0029768088   0.0027659556   0.0006835390   0.0000206783
72  6   0.0007239074  -0.0000238565  -0.0000550436  -0.0000706255  -0.0000224585
72  7   0.0000863430  -0.0001007414   0.0000832046  -0.0000182606  -0.0000020839
72  8  -0.0000096944   0.0000317634   0.0000552691   0.0000282330  -0.0001266946
72  9   0.0001368175  -0.0000324662  -0.0004464688  -0.0014221804  -0.0002268957
72 10   0.0007738642   0.0019334093  -0.0006597824   0.0011638142  -0.0045792009
72 11  -0.0021335943  -0.0050025216   0.0060161063  -0.0072122527  -0.0010294510
72 12  -0.0002847664   0.0050632696  -0.0009495478   0.0014036125   0.0012416343
72 13  -0.0007140797  -0.0009445183  -0.0002825640  -0.2103630323   0.0032943687
72 14  -0.1567719023  -0.0007304260   0.0034906860  -0.0032504310   0.2132173658
72 15  -0.0087351555   0.1640644765   0.0003948639  -0.0000552699  -0.0003884549
72 16   0.0003854649   0.0000723207  -0.0004955756  -0.0000703864   0.0001686079
72 17  -0.0000927322
73  1   0.0002787559  -0.0001334323   0.0000564698   0.0000149485   0.0000310995
73  2   0.0000081817  -0.0000245237  -0.0001342428  -0.0000259685   0.0000087310
73  3   0.0000396787   0.0000486332   0.0000288614   0.0000536602   0.0000194200
73  4  -0.0000074101   0.0000065596  -0.0000106390  -0.0000133454  -0.0000150243
73  5  -0.0000083755   0.0000178018   0.0001044633   0.0000362671  -0.0000092736
73  6  -0.0000290453   0.0000022395   0.0000018327   0.0000090416  -0.0000027550
73  7   0.0000138718   0.0000229376   0.0000042370  -0.0000025284   0.0000024100
73  8  -0.0000030843   0.0000015200  -0.0000003413  -0.0000003313  -0.0000005064
73  9  -0.0000082532  -0.0000076531   0.0029571226   0.0038880355  -0.0039959892
73 10  -0.0016946271   0.0013119013  -0.0013253211  -0.0027032606   0.0001082054
73 11  -0.0051201369  -0.0056917001  -0.0212326665  -0.0035739366  -0.1000328918
73 12  -0.1143105209  -0.0574473454   0.0066859073   0.0110166204   0.0065928583
73 13   0.0005282270  -0.0000878953   0.0007951093   0.0007326597  -0.0002182387
73 14   0.0016292545  -0.0003954186   0.0005856024  -0.0010448349  -0.0001736881
73 15   0.0001332867   0.0003948639   0.1000498830   0.1183025030   0.0609331518
73 16  -0.0013798071  -0.0002585459   0.0025951899   0.0010558616   0.0004970251
73 17  -0.0005016444
74  1  -0.0000113578   0.0001129770  -0.0000096934  -0.0000008176  -0.0000162837
74  2  -0.0000006630  -0.0000008736   0.0000545435  -0.0000006722   0.0000149341
74  3  -0.0000280251   0.0000116079  -0.0000267117  -0.0000058490  -0.0000202138
74  4   0.0000109732  -0.0000148206   0.0000084231   0.0000058980   0.0000169729
74  5   0.0000044392  -0.0000126160  -0.0000323158  -0.0000093330   0.0000084343
74  6   0.0000036264   0.0000063783   0.0000000455  -0.0000040875   0.0000000173
74  7  -0.0000107259  -0.0000091390  -0.0000081262   0.0000010493  -0.0000008642
74  8   0.0000008192  -0.0000000420   0.0000000978  -0.0000000455   0.0000010116
74  9   0.0000068063   0.0000006282   0.0033880840  -0.0027085380   0.0025446974
74 10   0.0006046570  -0.0003605650   0.0004574199   0.0017360713   0.0014892663
74 11   0.0013149342   0.0036799560   0.0052072366   0.0028313880  -0.1123751382
74 12  -0.2745200275  -0.0858830121  -0.0145040957  -0.0164370183  -0.0111094376
74 13  -0.0001091656   0.0004020751  -0.0000794584   0.0001484655   0.0007269596
74 14   0.0001194916   0.0000996098   0.0003028651   0.0000741705  -0.0000752581
74 15   0.0000504255  -0.0000552699   0.1183025030   0.2856882865   0.0904895914
74 16  -0.0000797597   0.0008353091  -0.0000409440  -0.0007423193  -0.0004237338
74 17  -0.0005713031
75  1   0.0000558157  -0.0001019370   0.0002462289   0.0000079755   0.0000235273
75  2   0.0000104551  -0.0000250882  -0.0001018874  -0.0000109942   0.0000486114
75  3   0.0000303418  -0.0000175252   0.0000185152   0.0000405140   0.0000176005
75  4  -0.0000106805   0.0000048437  -0.0000018410  -0.0000087099  -0.0000113388
75  5  -0.0000089426   0.0000364675   0.0000791578  -0.0000015447   0.0000028702
75  6  -0.0000220495  -0.0000102723  -0.0000028496   0.0000069096   0.0000032753
75  7   0.0000040905   0.0000173920   0.0000120331  -0.0000031915   0.0000017302
75  8  -0.0000009239  -0.0000002488  -0.0000002834   0.0000016717  -0.0000074002
75  9  -0.0000063845   0.0000035429  -0.0039876987   0.0029244312   0.0051861922
75 10  -0.0013328594   0.0009974722  -0.0009529802  -0.0051189463   0.0000745091
75 11   0.0001352312  -0.0034740536  -0.0161294432  -0.0038295417  -0.0574372775
75 12  -0.0873981909  -0.0697591367   0.0065192215   0.0083244298   0.0031040773
75 13   0.0007947854  -0.0000629470   0.0000899953   0.0016283910  -0.0001589537
75 14  -0.0001683671  -0.0010459913   0.0004417529   0.0001840629   0.0003921865
75 15   0.0001038540  -0.0003884549   0.0609331518   0.0904895914   0.0678435313
75 16   0.0026013262  -0.0001794607  -0.0028113771  -0.0005056574   0.0003706923
75 17   0.0013291123
76  1  -0.0001319173  -0.0000495537   0.0001232499   0.0000093541   0.0000022424
76  2   0.0000162262  -0.0000217975  -0.0000128899  -0.0000213724   0.0000312044
76  3   0.0000271237  -0.0000242896  -0.0000107408  -0.0000292141  -0.0000130447
76  4  -0.0000015286   0.0000029129   0.0000063170  -0.0000019681  -0.0000059973
76  5  -0.0000030636   0.0000194901   0.0000088689   0.0000054309  -0.0000005803
76  6   0.0000181840   0.0000021933   0.0000002046  -0.0000025599  -0.0000027732
76  7   0.0000047268  -0.0000075968   0.0000005333   0.0000009415  -0.0000002603
76  8  -0.0000006319   0.0000010019   0.0000004611  -0.0000010401  -0.0000001893
76  9   0.0000013482  -0.0000025273  -0.0082637444   0.0012616552  -0.0093736175
76 10   0.0042993973  -0.0020920895  -0.0007882783  -0.0000031609   0.0006477152
76 11   0.0009579157   0.0035966508   0.0011675006  -0.0051992046  -0.0002887106
76 12  -0.0015364493  -0.0056584693  -0.2382545020   0.0304853459  -0.1520088271
76 13  -0.0009157232  -0.0001126734  -0.0004421267  -0.0004406598  -0.0001565397
76 14   0.0002900937   0.0000580136  -0.0000010202  -0.0001064117  -0.0002844923
76 15   0.0000619318   0.0003854649  -0.0013798071  -0.0000797597   0.0026013262
76 16   0.2430079441  -0.0296661027   0.1676151974  -0.0006580751   0.0000912512
76 17   0.0014597709
77  1   0.0000137973  -0.0001022555   0.0000111650   0.0000168291   0.0000108614
77  2   0.0000129822  -0.0000230786  -0.0000518684  -0.0000177552  -0.0000066587
77  3   0.0000391170  -0.0000051664  -0.0000010628  -0.0000124263  -0.0000009845
77  4  -0.0000018568   0.0000054251  -0.0000015096  -0.0000032610  -0.0000066845
77  5  -0.0000024034   0.0000308550   0.0000375011   0.0000235103  -0.0000013892
77  6   0.0000110493  -0.0000011546   0.0000002027   0.0000029045   0.0000001470
77  7   0.0000150882  -0.0000058960   0.0000115352  -0.0000005997   0.0000001846
77  8  -0.0000004793   0.0000004978   0.0000007460   0.0000003618  -0.0000013894
77  9   0.0000005751  -0.0000010987  -0.0285406737   0.0040541268  -0.0216983791
77 10   0.0010475056  -0.0044704932   0.0007548022  -0.0002175024   0.0003612021
77 11  -0.0001604567   0.0016300502  -0.0060667001   0.0011919453   0.0211976064
77 12   0.0034457042   0.0161184013   0.0356427115  -0.0665223159   0.0265658099
77 13  -0.0019034243  -0.0007945645  -0.0014495550   0.0012614840   0.0009847970
77 14   0.0009641620  -0.0000341542   0.0000895849  -0.0000264711   0.0000917672
77 15  -0.0004078078   0.0000723207  -0.0002585459   0.0008353091  -0.0001794607
77 16  -0.0296661027   0.0674259830  -0.0219933405  -0.0002586952   0.0011706631
77 17  -0.0001821235
78  1   0.0001241049  -0.0000367706  -0.0001994521   0.0000159958   0.0000018682
78  2   0.0000004622  -0.0000210846  -0.0000100807  -0.0000100207  -0.0000248895
78  3   0.0000202697   0.0000453157  -0.0000128403  -0.0000225957  -0.0000037854
78  4   0.0000060628   0.0000026070  -0.0000046259  -0.0000030185  -0.0000046450
78  5  -0.0000002228   0.0000055695   0.0000065501   0.0000168125   0.0000018402
78  6   0.0000142243  -0.0000015208  -0.0000026531  -0.0000019732   0.0000015664
78  7   0.0000002452  -0.0000061851   0.0000041561  -0.0000006654  -0.0000002666
78  8   0.0000012218  -0.0000010355   0.0000003308   0.0000014482  -0.0000024706
78  9   0.0000008323   0.0000012519  -0.0095370786   0.0009477410  -0.0031809576
78 10  -0.0007691322  -0.0016343242   0.0047245472   0.0009535012   0.0005019789
78 11  -0.0005312837  -0.0051793851   0.0008389037   0.0064667129  -0.0055929530
78 12  -0.0011664803   0.0028827558  -0.1521155462   0.0226704052  -0.1519135736
78 13  -0.0004480036  -0.0000859064  -0.0006755219   0.0002912438  -0.0001135773
78 14  -0.0005992564  -0.0001054613  -0.0000013666   0.0001166164   0.0003845808
78 15   0.0000490362  -0.0004955756   0.0025951899  -0.0000409440  -0.0028113771
78 16   0.1676151974  -0.0219933405   0.1481069850   0.0014531133   0.0000823029
78 17  -0.0014589271
79  1   0.0000705109   0.0005925035  -0.0000362005   0.0000336587  -0.0000149739
79  2   0.0000278422  -0.0000390538  -0.0000407198  -0.0000408879   0.0000004630
79  3  -0.0001014208   0.0000315803  -0.0000378746   0.0000433404  -0.0000387183
79  4   0.0000153642  -0.0000189209   0.0000123155  -0.0000038390   0.0000013120
79  5  -0.0000033406   0.0000433718   0.0000604593   0.0000415345  -0.0000014284
79  6  -0.0000246846   0.0000308459   0.0000023173  -0.0000071599  -0.0000132927
79  7  -0.0000189446   0.0000202916  -0.0000458701  -0.0000000088   0.0000006809
79  8  -0.0000043455   0.0000003463   0.0000005082  -0.0000016800  -0.0000000105
79  9   0.0000067078  -0.0000067543  -0.0923316234   0.1211803806  -0.0600343969
79 10  -0.0048182429   0.0290681613  -0.0031233759  -0.0033478227   0.0008164837
79 11  -0.0055666407  -0.0027686580  -0.0013899388  -0.0021280606   0.0014185607
79 12  -0.0043539652  -0.0029295134   0.0073738798  -0.0155159689   0.0102578505
79 13   0.0013222752  -0.0020749583   0.0033901440   0.0005819159  -0.0003223397
79 14   0.0008749456  -0.0000203219   0.0001574830   0.0000392623  -0.0001306542
79 15  -0.0001223984  -0.0000703864   0.0010558616  -0.0007423193  -0.0005056574
79 16  -0.0006580751  -0.0002586952   0.0014531133   0.0926297637  -0.1266506345
79 17   0.0585561094
80  1   0.0002112681   0.0001442123   0.0001607349  -0.0001584305  -0.0000051077
80  2  -0.0001204336   0.0002578157   0.0001553171   0.0001962284  -0.0001206522
80  3  -0.0002329562  -0.0000925349   0.0001153481   0.0003092057   0.0000886254
80  4  -0.0000349012  -0.0000302136  -0.0000268759   0.0000264077   0.0000517589
80  5   0.0000203420  -0.0002312090  -0.0000743778  -0.0001765278  -0.0000074812
80  6  -0.0001999335  -0.0000060336   0.0000081529   0.0000441045   0.0000062195
80  7   0.0000281839   0.0000663136   0.0000214666  -0.0000049819   0.0000069646
80  8  -0.0000038650   0.0000005791  -0.0000027989   0.0000002138   0.0000087089
80  9  -0.0000149139   0.0000064794   0.1211661139  -0.3809444757   0.0905336628
80 10   0.0013065924   0.0067936612   0.0009878600  -0.0014582857   0.0006612432
80 11  -0.0011261004   0.0021809008  -0.0002364083   0.0016601444  -0.0053048029
80 12   0.0008566711  -0.0040537957   0.0101187008  -0.0207545684   0.0076569359
80 13  -0.0012837692  -0.0030102948  -0.0009724812  -0.0009040317   0.0015052200
80 14  -0.0006816211  -0.0001290840  -0.0001487391  -0.0000988426   0.0002205644
80 15   0.0000265461   0.0001686079   0.0004970251  -0.0004237338   0.0003706923
80 16   0.0000912512   0.0011706631   0.0000823029  -0.1266506345   0.3944195462
80 17  -0.0946608279
81  1  -0.0000381392   0.0004509447   0.0000944862   0.0000277070  -0.0000114865
81  2   0.0000181543  -0.0000401641  -0.0000310438  -0.0000159145   0.0000319364
81  3  -0.0000774901  -0.0000179633  -0.0000386082   0.0000339418  -0.0000161929
81  4   0.0000121451  -0.0000144065   0.0000087218  -0.0000031765   0.0000011970
81  5  -0.0000020767   0.0000409322   0.0000457664   0.0000207826   0.0000310949
81  6  -0.0000195827  -0.0000184454  -0.0000132304  -0.0000053107   0.0000097805
81  7  -0.0000463028   0.0000156027   0.0000062816  -0.0000043872   0.0000004754
81  8   0.0000023284  -0.0000016720   0.0000003436   0.0000015161  -0.0000067870
81  9   0.0000051469   0.0000036460  -0.0600039898   0.0905270128  -0.0592383583
81 10  -0.0032155666   0.0221347495  -0.0030176235  -0.0055822511   0.0006142177
81 11  -0.0002752629  -0.0021239784  -0.0010608924  -0.0015968002  -0.0029240801
81 12  -0.0033334476   0.0030004192   0.0103414152  -0.0118432816   0.0016956423
81 13   0.0033815513  -0.0015727933  -0.0005542590   0.0008749640  -0.0002412445
81 14   0.0000967433   0.0000380437   0.0001200314  -0.0000410918  -0.0000689884
81 15  -0.0000934830  -0.0000927322  -0.0005016444  -0.0005713031   0.0013291123
81 16   0.0014597709  -0.0001821235  -0.0014589271   0.0585561094  -0.0946608279
81 17   0.0602584651
$hessian (projected)
 1  1   0.1664387104  -0.0192606247   0.1098360267   0.0017906741  -0.0013279091
 1  2  -0.0000335211  -0.0066633176   0.0113374309  -0.0065270912  -0.0671604986
 1  3   0.0136760946  -0.0398213184  -0.0063557809  -0.0068504293  -0.0050195494
 1  4   0.0018787517   0.0004925244  -0.0001869024  -0.0000327491   0.0000610341
 1  5  -0.0002394402  -0.0028630486  -0.0004800505  -0.0006500000  -0.0013831996
 1  6   0.0031510364  -0.0000957194  -0.0006271652  -0.0000972281  -0.0004916325
 1  7   0.0014030741  -0.0004919814   0.0006065352   0.0001802585  -0.0000799560
 1  8   0.0000226107  -0.0002924545  -0.0000374946   0.0002426128   0.0001276485
 1  9   0.0002693297  -0.0000542024   0.0022038935  -0.0006397850   0.0000735214
 1 10  -0.0087467308   0.0072173218  -0.0076191670  -0.0732300636   0.0009448907
 1 11  -0.0450325661  -0.0051654302  -0.0095284239  -0.0039882755   0.0017724627
 1 12   0.0009343610  -0.0004330337  -0.0001241465  -0.0000570389  -0.0000646412
 1 13  -0.0019587134  -0.0013424822   0.0000192920  -0.0024428460   0.0025109643
 1 14  -0.0010355502  -0.0006969791  -0.0003110341  -0.0005329964   0.0020687015
 1 15  -0.0002733722   0.0008452485   0.0001684518  -0.0000288884   0.0000296470
 1 16  -0.0002535675  -0.0000040375   0.0002310391  -0.0000359357   0.0002157480
 1 17  -0.0000809263
 2  1  -0.0192606247   0.0430061332  -0.0145091355  -0.0026546975  -0.0024617742
 2  2  -0.0020315654   0.0186205420   0.0048576205   0.0141858814   0.0080238871
 2  3  -0.0251212903   0.0059908505  -0.0028993331   0.0081489359  -0.0021735204
 2  4  -0.0007792135  -0.0018656078  -0.0006069101   0.0005639706   0.0007953784
 2  5   0.0004404452  -0.0032985486  -0.0050719219  -0.0025256327  -0.0011568779
 2  6  -0.0025962460  -0.0008819698   0.0001546739  -0.0005459661   0.0001173894
 2  7  -0.0012404205  -0.0012221562  -0.0009568192  -0.0001817083   0.0000628752
 2  8  -0.0001369087  -0.0000288222  -0.0001191867  -0.0000211304   0.0004431841
 2  9  -0.0000792541   0.0003387135  -0.0019568336  -0.0043019291  -0.0015150211
 2 10   0.0135492355   0.0150444227   0.0103517873   0.0057985367  -0.0212495678
 2 11   0.0044096778  -0.0064750584   0.0047881043  -0.0049155249   0.0003019581
 2 12  -0.0018555250   0.0002086452   0.0003014116   0.0014511196   0.0002294213
 2 13  -0.0057731066  -0.0050498053  -0.0044125989  -0.0010867258  -0.0032894478
 2 14  -0.0008338504   0.0001160063  -0.0006039211   0.0000873760  -0.0014866862
 2 15  -0.0027179679  -0.0011490973  -0.0000284979   0.0000049515  -0.0000224194
 2 16  -0.0000563826  -0.0001118331  -0.0000426589   0.0004901315   0.0001038590
 2 17   0.0003745754
 3  1   0.1098360267  -0.0145091355   0.1046154464  -0.0000925547  -0.0010875914
 3  2   0.0017854409  -0.0064557096   0.0087237737  -0.0029553141  -0.0398752909
 3  3   0.0102274082  -0.0446344960  -0.0049538942  -0.0051754781  -0.0036124245
 3  4  -0.0002531356   0.0003591170   0.0019864072  -0.0001635065   0.0000451997
 3  5   0.0000739523  -0.0006251323  -0.0004710168  -0.0025225097  -0.0000143763
 3  6   0.0023655639  -0.0013641622  -0.0005127397  -0.0000541633  -0.0003269794
 3  7   0.0005206554  -0.0003625685   0.0011119746   0.0000170404  -0.0000537065
 3  8   0.0001746213   0.0001870525   0.0000115183  -0.0003991221  -0.0000418691
 3  9   0.0002019040   0.0001676533   0.0000510606  -0.0004720652   0.0021542099
 3 10  -0.0075958503   0.0054814829  -0.0044353469  -0.0450356373   0.0007466667
 3 11  -0.0478821935  -0.0039297488  -0.0073012073  -0.0030132297  -0.0004902842
 3 12   0.0007417333   0.0020223069  -0.0000074588  -0.0000958637  -0.0001203456
 3 13   0.0000355345  -0.0009262175  -0.0019849256  -0.0009531324   0.0019939736
 3 14  -0.0019726350  -0.0005264437  -0.0002739824  -0.0003647775   0.0007438040
 3 15  -0.0002142869   0.0016666138   0.0000479530  -0.0000551890   0.0001612231
 3 16   0.0001716306   0.0000003037  -0.0003508747  -0.0000839933   0.0001538271
 3 17   0.0000194867
 4  1   0.0017906741  -0.0026546975  -0.0000925547   0.4631494056   0.0217438471
 4  2   0.3020412660  -0.1643039582   0.0133894521  -0.0797156107   0.0075715680
 4  3   0.0470406181  -0.0022511704  -0.0434436258  -0.0057384420  -0.0295161009
 4  4   0.0264878643  -0.0354852942   0.0118600874  -0.1828987239  -0.0673434783
 4  5  -0.1077227083  -0.0498014806  -0.0028212302  -0.0535306916   0.0066437791
 4  6  -0.0000313290   0.0055345096  -0.0001023907   0.0009491987  -0.0000031344
 4  7  -0.0008121519  -0.0005525208  -0.0005239362   0.0044048562   0.0022361916
 4  8  -0.0029094700  -0.0131076677  -0.0220468486  -0.0131947930  -0.0565123686
 4  9   0.0512578696  -0.0309502118   0.0000694607   0.0006984485   0.0002471551
 4 10  -0.0000394516  -0.0015585084  -0.0000431771  -0.0004497978   0.0015434878
 4 11   0.0000304060   0.0007787166  -0.0022830401   0.0004271112  -0.0004788295
 4 12   0.0005195453  -0.0003871063  -0.0001075297  -0.0008207942  -0.0002036852
 4 13  -0.0002034524   0.0008724572   0.0001349401  -0.0009181128   0.0014836520
 4 14  -0.0007883921  -0.0000089433   0.0001498909  -0.0000248467   0.0022739978
 4 15  -0.0004012777   0.0014991703   0.0000432951  -0.0000066270  -0.0000046262
 4 16  -0.0000179413   0.0000103307   0.0000791545  -0.0000071920  -0.0001509018
 4 17   0.0000084152
 5  1  -0.0013279091  -0.0024617742  -0.0010875914   0.0217438471   0.9042534566
 5  2   0.0195524028   0.0548723099  -0.1641553593   0.0405586031   0.0357450991
 5  3  -0.0173264617   0.0270457303  -0.0163211916   0.0077388474  -0.0124396078
 5  4  -0.0205209854  -0.0551961150  -0.0160219875  -0.1048760433  -0.2362076153
 5  5  -0.0795955114  -0.0333721177   0.0237507662  -0.0253376073   0.0029822008
 5  6  -0.0117236705   0.0021116722   0.0006021381   0.0008866860   0.0004771167
 5  7  -0.0011845746   0.0005850099  -0.0009017331   0.0027436874  -0.0050361696
 5  8   0.0020429842   0.0076604614   0.0118222277   0.0058459528   0.0509180953
 5  9  -0.4571650464   0.0371456297   0.0003835235   0.0002570375   0.0003262414
 5 10  -0.0004970562  -0.0006832174  -0.0003847699  -0.0001474050   0.0012712020
 5 11  -0.0000720408   0.0000662249  -0.0016056538   0.0000991447  -0.0000703243
 5 12   0.0002562994   0.0000253196  -0.0000802516  -0.0002835827  -0.0000092232
 5 13   0.0003428423   0.0003888323   0.0002641879  -0.0004583609   0.0009840644
 5 14  -0.0002762042   0.0000560384  -0.0000481232   0.0000377087   0.0007137130
 5 15  -0.0003643316   0.0005528209   0.0000810724  -0.0000069058   0.0000590765
 5 16   0.0000109046   0.0000298384   0.0000186933  -0.0000659384   0.0000397586
 5 17  -0.0000370083
 6  1  -0.0000335211  -0.0020315654   0.0017854409   0.3020412660   0.0195524028
 6  2   0.2950702271  -0.0797226070   0.0088903540  -0.1180056533  -0.0022614544
 6  3   0.0356897515   0.0091365848  -0.0295926298  -0.0043234232  -0.0272512057
 6  4   0.0119671131  -0.0272654281   0.0197433448  -0.1079735649  -0.0510982730
 6  5  -0.1240552713  -0.0537128881  -0.0020448381  -0.0202807293   0.0056266397
 6  6  -0.0000944058   0.0035943090  -0.0000149777   0.0006987895  -0.0000761487
 6  7  -0.0005765212  -0.0003661243  -0.0005484425  -0.0029297784   0.0016258572
 6  8   0.0060449015  -0.0130042862  -0.0167830242  -0.0059646694  -0.0309902432
 6  9   0.0374022877  -0.0393348523   0.0002533736   0.0005222094  -0.0001583913
 6 10   0.0000415016  -0.0011360353  -0.0000423529   0.0000264681   0.0011550510
 6 11  -0.0004899230   0.0004870454  -0.0017023204   0.0005528673  -0.0004227025
 6 12   0.0003914016  -0.0003112191  -0.0001235683  -0.0005830735  -0.0000223095
 6 13   0.0001932226   0.0006335011  -0.0003181398  -0.0008292609   0.0011048438
 6 14  -0.0005042593  -0.0000321155   0.0001327408  -0.0000046021   0.0015129224
 6 15  -0.0003119353   0.0014809033  -0.0000052674   0.0000100668   0.0000333053
 6 16   0.0000530978   0.0000233220  -0.0000753991   0.0000227365  -0.0000921327
 6 17   0.0000016849
 7  1  -0.0066633176   0.0186205420  -0.0064557096  -0.1643039582   0.0548723099
 7  2  -0.0797226070   0.5801518791   0.1581746852   0.2892328782  -0.1093931590
 7  3   0.0303899160  -0.0354520557   0.0277924813  -0.0224778764   0.0327811171
 7  4  -0.0136267219   0.0236648759  -0.0073587344  -0.0389270846  -0.0377651541
 7  5  -0.0283257110  -0.2757253990  -0.2234549911  -0.1544509852  -0.0052093027
 7  6  -0.0015136030  -0.0091550501   0.0024319493  -0.0014784046  -0.0013926810
 7  7   0.0001204865  -0.0000473531   0.0012126299  -0.0012137309   0.0009375595
 7  8  -0.0009446787   0.0035517967  -0.0007066172  -0.0013407341   0.0022114283
 7  9   0.0021877226   0.0022678494  -0.0001438844  -0.0012199738  -0.0001595529
 7 10   0.0004324186   0.0025260327   0.0001822437   0.0007977811  -0.0036879229
 7 11   0.0005138323  -0.0013653745   0.0035306643  -0.0010253258   0.0007435621
 7 12  -0.0007359178   0.0007328115   0.0002832038   0.0011896693   0.0001577057
 7 13   0.0000744511  -0.0012186259  -0.0002236219   0.0014844716  -0.0021130122
 7 14   0.0013442168   0.0000127157  -0.0002229249   0.0000101646  -0.0034028130
 7 15   0.0002769975  -0.0023651172  -0.0000230433   0.0000071402  -0.0000202958
 7 16  -0.0000396438  -0.0000109930   0.0000219208  -0.0000511924   0.0002752547
 7 17  -0.0000645096
 8  1   0.0113374309   0.0048576205   0.0087237737   0.0133894521  -0.1641553593
 8  2   0.0088903540   0.1581746852   0.7515256097   0.1211590537   0.0271093990
 8  3  -0.2539094272   0.0199970256  -0.0526352913  -0.0530815270  -0.0400935239
 8  4   0.0192628580  -0.0286473072   0.0146623252   0.0059079989   0.0622492216
 8  5   0.0048612230  -0.2131769190  -0.3271451825  -0.1611910881   0.0051811967
 8  6   0.0191929004   0.0041179238  -0.0012663584  -0.0001427549  -0.0009583814
 8  7   0.0017172734  -0.0011368120   0.0013299380   0.0016346934  -0.0012473223
 8  8   0.0012612396  -0.0037129819  -0.0033677242  -0.0028688511   0.0297758919
 8  9  -0.0047633953   0.0226417593  -0.0011395117  -0.0015699477  -0.0009086944
 8 10   0.0011813949   0.0026248562   0.0008916749   0.0004523621  -0.0050832286
 8 11   0.0002882527  -0.0011750112   0.0084897483  -0.0009524468   0.0009362114
 8 12  -0.0015743739   0.0005954766   0.0002680407   0.0016768011   0.0001207180
 8 13  -0.0010470564  -0.0015434504  -0.0007325374   0.0031887962  -0.0049565487
 8 14   0.0022774440   0.0001619266  -0.0000097703   0.0001041880  -0.0053514917
 8 15   0.0015265833  -0.0040640421  -0.0000956906   0.0000552117  -0.0000913656
 8 16  -0.0000048651  -0.0000424812  -0.0000102559  -0.0000744340   0.0001780597
 8 17  -0.0000511832
 9  1  -0.0065270912   0.0141858814  -0.0029553141  -0.0797156107   0.0405586031
 9  2  -0.1180056533   0.2892328782   0.1211590537   0.4198106145  -0.0353573753
 9  3   0.0225383618  -0.0898311527   0.0325536383  -0.0172265685   0.0094480982
 9  4  -0.0073154637   0.0179554884  -0.0093973585  -0.0281345846  -0.0283629830
 9  5  -0.0235431437  -0.1544056797  -0.1688868902  -0.1920897998  -0.0090985337
 9  6  -0.0010819644  -0.0001537743  -0.0014023143  -0.0011584487   0.0031916010
 9  7   0.0011796764  -0.0000019243  -0.0005484795  -0.0009418028   0.0006921760
 9  8  -0.0006781501  -0.0013560720  -0.0005984939   0.0042759857   0.0023671532
 9  9   0.0016349241   0.0009897697  -0.0002436209  -0.0010093914  -0.0000369897
 9 10   0.0001589870   0.0019268269   0.0003828188   0.0005053265  -0.0028764615
 9 11   0.0005045240  -0.0010059317   0.0027004606  -0.0007556364   0.0007062504
 9 12  -0.0006286051   0.0003461634   0.0001511015   0.0008693296   0.0002462797
 9 13  -0.0003016539  -0.0009931895   0.0002403123   0.0014035662  -0.0016750250
 9 14   0.0007092801   0.0000109647  -0.0001580619  -0.0000008867  -0.0023773490
 9 15   0.0002137041  -0.0020819747  -0.0000208694   0.0000105336  -0.0000184727
 9 16  -0.0000008165  -0.0000064407  -0.0000517218  -0.0000647728   0.0002191048
 9 17   0.0000030604
10  1  -0.0671604986   0.0080238871  -0.0398752909   0.0075715680   0.0357450991
10  2  -0.0022614544  -0.1093931590   0.0271093990  -0.0353573753   0.3670946602
10  3   0.0983935868   0.2257699394  -0.2002525108  -0.0936582231  -0.1099863561
10  4  -0.0226925798  -0.0173750516  -0.0284171229  -0.0041685399  -0.0086469002
10  5  -0.0019565905   0.0172675985  -0.0405307101  -0.0002832841   0.0124588910
10  6  -0.0171116143   0.0023936245   0.0019727704   0.0024806175  -0.0010482206
10  7  -0.0025659894  -0.0002369424   0.0004566037  -0.0018519771   0.0033700962
10  8  -0.0044642760   0.0000337274  -0.0003199115   0.0010163330  -0.0029195443
10  9   0.0004003912  -0.0054007377  -0.0003367705   0.0003039248   0.0000965999
10 10  -0.0004800059  -0.0008699563  -0.0004937967   0.0043039621   0.0029767790
10 11  -0.0002968367   0.0005709335  -0.0004101324  -0.0000089103  -0.0001433142
10 12   0.0001521731   0.0001480484  -0.0000346281  -0.0002262520  -0.0001872507
10 13   0.0000709167   0.0002025928  -0.0001636446   0.0001544504   0.0001456506
10 14  -0.0002794675  -0.0000360576   0.0001230234   0.0000010398   0.0005358847
10 15   0.0000914182   0.0005329784   0.0000079613   0.0000085994   0.0000366674
10 16   0.0000122469  -0.0000176581   0.0000048495  -0.0000199962  -0.0001238863
10 17   0.0000239310
11  1   0.0136760946  -0.0251212903   0.0102274082   0.0470406181  -0.0173264617
11  2   0.0356897515   0.0303899160  -0.2539094272   0.0225383618   0.0983935868
11  3   0.6773572535   0.0760818574  -0.0884014854  -0.2238750484  -0.0668126104
11  4  -0.0220992545   0.0357141238  -0.0168070441  -0.0190067792  -0.0428095066
11  5  -0.0146396082  -0.0208422689  -0.0809135306  -0.0161934875  -0.0426197647
11  6  -0.0754375304  -0.0329142259   0.0042588195  -0.0035806438   0.0032160327
11  7  -0.0044614819   0.0034975825  -0.0033870552   0.0016677757   0.0001752324
11  8   0.0012581932   0.0005255357   0.0001847015   0.0003986766   0.0026159987
11  9   0.0003479730   0.0019797311   0.0007542296   0.0020259325   0.0005777280
11 10  -0.0019786955  -0.0052747693  -0.0015479687  -0.0032441506   0.0092418703
11 11  -0.0024300900   0.0016256699  -0.0038073298   0.0012781008  -0.0007413936
11 12   0.0011055539  -0.0004854704  -0.0002379425  -0.0012477573  -0.0001497141
11 13   0.0016305645   0.0020417226   0.0011909673  -0.0015760389   0.0023347301
11 14  -0.0010978736   0.0000142788   0.0001018391   0.0000142459   0.0026465340
11 15  -0.0006483971   0.0020239808   0.0000703782  -0.0000249334   0.0000564498
11 16   0.0000318418   0.0000543543   0.0000301502  -0.0001325861  -0.0002062435
11 17  -0.0000964873
12  1  -0.0398213184   0.0059908505  -0.0446344960  -0.0022511704   0.0270457303
12  2   0.0091365848  -0.0354520557   0.0199970256  -0.0898311527   0.2257699394
12  3   0.0760818574   0.2432308354  -0.1100022117  -0.0708243683  -0.1403974068
12  4  -0.0283629566  -0.0131529698  -0.0071672520  -0.0020075573  -0.0067391518
12  5  -0.0031855082  -0.0002226543  -0.0313106095   0.0171433145   0.0023603466
12  6  -0.0133631669   0.0109335393  -0.0010501525   0.0018775864   0.0025737724
12  7   0.0004106833  -0.0001251739  -0.0028385001  -0.0044684240   0.0025517662
12  8   0.0006389858   0.0010176123  -0.0002470759  -0.0005192500  -0.0053920072
12  9   0.0002829229   0.0000661830   0.0000902867   0.0002656021  -0.0004245415
12 10  -0.0004523742  -0.0006788943  -0.0002094382  -0.0003228344   0.0022999827
12 11   0.0044679135   0.0000258953  -0.0003191120   0.0005842922   0.0001155086
12 12   0.0001455711  -0.0002488491  -0.0001526199  -0.0001653489   0.0000589703
12 13  -0.0001307108   0.0001878431   0.0001455192  -0.0003113815   0.0001358033
12 14   0.0002687065   0.0000023620   0.0000886833  -0.0000311158   0.0005541974
12 15   0.0000670044   0.0002783316   0.0000395431   0.0000039942  -0.0000117079
12 16  -0.0000117273  -0.0000054759   0.0000047678   0.0000257815  -0.0000908763
12 17  -0.0000324979
13  1  -0.0063557809  -0.0028993331  -0.0049538942  -0.0434436258  -0.0163211916
13  2  -0.0295926298   0.0277924813  -0.0526352913   0.0325536383  -0.2002525108
13  3  -0.0884014854  -0.1100022117   0.5220842308  -0.0099633637   0.2606306066
13  4  -0.1979081705   0.0168997826  -0.0982172846   0.0160139343   0.0607053806
13  5   0.0106589911   0.0017862039   0.0161133189  -0.0042574423  -0.1145362486
13  6   0.0573473264  -0.0527441959   0.0054638336  -0.0211565809   0.0091489583
13  7  -0.0030187850   0.0289676270   0.0001884791  -0.0087877546   0.0079136210
13  8  -0.0060008816   0.0038781522   0.0002054400  -0.0049749802  -0.0023857554
13  9   0.0028968411  -0.0018041078   0.0002914087  -0.0001613129   0.0002094829
13 10  -0.0004394618   0.0004585730  -0.0005399686  -0.0000729494   0.0006897060
13 11  -0.0002841836  -0.0003955533  -0.0005864443  -0.0003121528   0.0002403005
13 12  -0.0000174888   0.0002721794   0.0000977506   0.0002565794   0.0000539079
13 13   0.0004719017  -0.0002904515   0.0001656944   0.0000635935   0.0002745822
13 14   0.0003422458  -0.0000281853  -0.0001726699  -0.0000150108  -0.0004916062
13 15  -0.0002143327  -0.0005173943   0.0000010918  -0.0000219723   0.0000199567
13 16  -0.0000306657  -0.0000030339   0.0000164831  -0.0000378298   0.0001161738
13 17  -0.0000442856
14  1  -0.0068504293   0.0081489359  -0.0051754781  -0.0057384420   0.0077388474
14  2  -0.0043234232  -0.0224778764  -0.0530815270  -0.0172265685  -0.0936582231
14  3  -0.2238750484  -0.0708243683  -0.0099633637   0.8518495530  -0.0052887233
14  4   0.0471276600  -0.1249964348   0.0349298563   0.0363558107  -0.0142703347
14  5   0.0276825574   0.0032385212   0.0018230644   0.0023983596   0.0589541607
14  6  -0.4286222288   0.0435034719   0.0031143528  -0.0186394577   0.0023180351
14  7   0.0077365928  -0.0063453995   0.0059489080  -0.0167603518   0.0101817130
14  8  -0.0126960856  -0.0003257251  -0.0065556366  -0.0003157725  -0.0005605914
14  9  -0.0008841352  -0.0004338744  -0.0004598347  -0.0014959664  -0.0003933637
14 10   0.0005822144   0.0049622442   0.0004310852   0.0007062927  -0.0033398796
14 11   0.0004990173  -0.0010365861   0.0001857099  -0.0008376331   0.0006746565
14 12  -0.0005937368   0.0004467062   0.0003313000   0.0011514163   0.0001930391
14 13  -0.0004977132  -0.0028688241  -0.0003625236   0.0006138697  -0.0005968692
14 14   0.0003949687   0.0000475521  -0.0001296074   0.0000204119  -0.0012376950
14 15  -0.0000948611  -0.0009407763   0.0000967087   0.0000013833   0.0000581902
14 16  -0.0000187692   0.0000037908  -0.0000177414   0.0000059088   0.0003432890
14 17   0.0000117253
15  1  -0.0050195494  -0.0021735204  -0.0036124245  -0.0295161009  -0.0124396078
15  2  -0.0272512057   0.0327811171  -0.0400935239   0.0094480982  -0.1099863561
15  3  -0.0668126104  -0.1403974068   0.2606306066  -0.0052887233   0.3771596804
15  4  -0.0980543141   0.0118015043  -0.1420545681   0.0106397940   0.0462610697
15  5   0.0105382709  -0.0042699372   0.0121770363   0.0041846615  -0.0528256746
15  6   0.0421360564  -0.0852899759   0.0092376527  -0.0161385006   0.0003548879
15  7   0.0001293706   0.0220465535  -0.0030047843  -0.0061084565   0.0061172085
15  8  -0.0055153844  -0.0049947535   0.0000961068   0.0066256465  -0.0018090215
15  9   0.0022033333  -0.0013762093   0.0001187719  -0.0001310387   0.0001946981
15 10  -0.0005397956   0.0003137324  -0.0000724791  -0.0003175451   0.0005255414
15 11   0.0000956040  -0.0002773729  -0.0004802090  -0.0002062306   0.0002361808
15 12  -0.0000165699   0.0000821341   0.0000459700   0.0001441212   0.0001091989
15 13   0.0000929883  -0.0001958569   0.0004196329   0.0003302562   0.0002200863
15 14  -0.0001870070  -0.0000035143  -0.0001544290  -0.0000091008  -0.0004885631
15 15  -0.0001666749  -0.0001748734   0.0000274771  -0.0000333027  -0.0000039287
15 16  -0.0000051068   0.0000003934  -0.0000434640  -0.0000541235   0.0000818238
15 17  -0.0000134708
16  1   0.0018787517  -0.0007792135  -0.0002531356   0.0264878643  -0.0205209854
16  2   0.0119671131  -0.0136267219   0.0192628580  -0.0073154637  -0.0226925798
16  3  -0.0220992545  -0.0283629566  -0.1979081705   0.0471276600  -0.0980543141
16  4   0.4685623409   0.0352581373   0.2799630741  -0.1101582904   0.0351618277
16  5  -0.0409633938  -0.0005986047  -0.0070970966   0.0003289237  -0.0049256491
16  6   0.0191239611  -0.0115019933  -0.0010074979  -0.0010687027   0.0010948258
16  7   0.0039406292  -0.0012502818  -0.0012962856  -0.1537219069  -0.1203430554
16  8  -0.0994128219   0.0045183307   0.0213110229  -0.0019435801  -0.0006292463
16  9  -0.0040950389  -0.0044818180  -0.0002586211  -0.0000256877  -0.0000466317
16 10   0.0002003125   0.0000417889   0.0001913424  -0.0001297625  -0.0000525098
16 11   0.0001909563   0.0002257631   0.0003523324   0.0000119831  -0.0000642553
16 12  -0.0000401251  -0.0000704328   0.0000071782  -0.0000405283  -0.0000180735
16 13  -0.0003186403  -0.0001383889  -0.0000331562   0.0000575652  -0.0002643261
16 14  -0.0000077579  -0.0000206060   0.0000936826  -0.0000225064   0.0002271752
16 15   0.0001246864  -0.0000110712  -0.0000169532   0.0000091465  -0.0000209106
16 16  -0.0000268319  -0.0000128539   0.0000513265  -0.0000015733  -0.0000390552
16 17   0.0000167581
17  1   0.0004925244  -0.0018656078   0.0003591170  -0.0354852942  -0.0551961150
17  2  -0.0272654281   0.0236648759  -0.0286473072   0.0179554884  -0.0173750516
17  3   0.0357141238  -0.0131529698   0.0168997826  -0.1249964348   0.0118015043
17  4   0.0352581373   0.8544750517   0.0293911118   0.0632421869  -0.4723860428
17  5   0.0465380125  -0.0039043504   0.0067767017  -0.0029591326   0.0431386658
17  6  -0.0287731625   0.0325948137   0.0021174833   0.0017337877   0.0016506415
17  7  -0.0014627143  -0.0052562181  -0.0011448737  -0.1221055385  -0.1819704070
17  8  -0.0925999383  -0.0013851732  -0.0039054741  -0.0010930145  -0.0032330650
17  9   0.0038957277  -0.0024690023   0.0002068301   0.0002340433   0.0001880706
17 10  -0.0002328735  -0.0008044972  -0.0001824787  -0.0001278354   0.0009887357
17 11  -0.0000620284   0.0001426461  -0.0008449336   0.0001457204  -0.0000565462
17 12   0.0001130670   0.0000156069  -0.0000566251  -0.0002027028  -0.0000044009
17 13   0.0000408978   0.0005206517   0.0000542856  -0.0002188542   0.0005899093
17 14  -0.0001177599   0.0000798465  -0.0000277555   0.0000527597   0.0003595363
17 15  -0.0002022784   0.0002855882   0.0000583006  -0.0000035508   0.0000389063
17 16   0.0000129583   0.0000238594   0.0000191651  -0.0000707501   0.0000168287
17 17  -0.0000397649
18  1  -0.0001869024  -0.0006069101   0.0019864072   0.0118600874  -0.0160219875
18  2   0.0197433448  -0.0073587344   0.0146623252  -0.0093973585  -0.0284171229
18  3  -0.0168070441  -0.0071672520  -0.0982172846   0.0349298563  -0.1420545681
18  4   0.2799630741   0.0293911118   0.3137401383  -0.0408955073   0.0252621295
18  5  -0.0874729098   0.0002960720  -0.0054714880  -0.0008162357  -0.0113357085
18  6   0.0143010946   0.0016689357   0.0011096341  -0.0007592884  -0.0016134302
18  7  -0.0013457877  -0.0009555820   0.0046215012  -0.0993725480  -0.0911884226
18  8  -0.1002728236  -0.0020346580   0.0161737501   0.0057067844  -0.0044804609
18  9  -0.0031274457   0.0018053350  -0.0000494572   0.0000316216  -0.0003125861
18 10   0.0002756218   0.0000126189   0.0001129704   0.0001896769   0.0000033907
18 11  -0.0002733449   0.0000652577   0.0002678157   0.0002361438  -0.0001035663
18 12   0.0000164075  -0.0000804560   0.0000446349  -0.0000256103  -0.0000042859
18 13   0.0000166026  -0.0000405052  -0.0003477336  -0.0000724256  -0.0001621980
18 14  -0.0000075459  -0.0000154193   0.0000540029   0.0000029955   0.0000315874
18 15   0.0000890201   0.0002849116  -0.0000144886  -0.0000026852  -0.0000031073
18 16   0.0000296594   0.0000025996  -0.0000696011   0.0000181632  -0.0000285773
18 17  -0.0000162294
19  1  -0.0000327491   0.0005639706  -0.0001635065  -0.1828987239  -0.1048760433
19  2  -0.1079735649  -0.0389270846   0.0059079989  -0.0281345846  -0.0041685399
19  3  -0.0190067792  -0.0020075573   0.0160139343   0.0363558107   0.0106397940
19  4  -0.1101582904   0.0632421869  -0.0408955073   0.5217814880  -0.0543694881
19  5   0.2937016636   0.0030414491  -0.0042560160  -0.0011540755  -0.0066491917
19  6  -0.0002438862  -0.0081127776  -0.0007860362  -0.0006300730   0.0001550275
19  7   0.0011236839   0.0014899444  -0.0004398847   0.0046756417  -0.0202631847
19  8   0.0047887885  -0.2074316928   0.0929125538  -0.1281594889   0.0045116770
19  9   0.0027150323   0.0079371704  -0.0001185660  -0.0001491252  -0.0000892840
19 10   0.0003304359   0.0004294203   0.0000464227  -0.0000524338  -0.0004906864
19 11  -0.0000902448  -0.0001373669   0.0008795073  -0.0000738431  -0.0000001010
19 12  -0.0000657991   0.0002001656   0.0000765975   0.0002681044   0.0000172412
19 13   0.0000315285  -0.0002193535  -0.0002620686   0.0001137804  -0.0005248007
19 14   0.0004300410  -0.0000367715   0.0000571189  -0.0000067723  -0.0002411761
19 15   0.0002207747  -0.0003814613  -0.0000196696   0.0000131560  -0.0000029355
19 16  -0.0000272869   0.0000012425   0.0000549619  -0.0000145360   0.0000384137
19 17  -0.0000237194
20  1   0.0000610341   0.0007953784   0.0000451997  -0.0673434783  -0.2362076153
20  2  -0.0510982730  -0.0377651541   0.0622492216  -0.0283629830  -0.0086469002
20  3  -0.0428095066  -0.0067391518   0.0607053806  -0.0142703347   0.0462610697
20  4   0.0351618277  -0.4723860428   0.0252621295  -0.0543694881   0.8433831305
20  5  -0.0384470020   0.0105936100  -0.0129223974   0.0079409327  -0.0084426852
20  6   0.0107178967  -0.0063943499  -0.0010161095  -0.0009308802  -0.0007523351
20  7   0.0015008056   0.0002832126   0.0011575865   0.0051914888  -0.0129304744
20  8   0.0039067536   0.0875794767  -0.1095244146   0.0652788272  -0.0228779564
20  9  -0.0156559086  -0.0174805236  -0.0003318738  -0.0004353351  -0.0003019891
20 10   0.0003985672   0.0010765763   0.0002637105   0.0000118908  -0.0010264247
20 11  -0.0000176523  -0.0001879539   0.0014739229  -0.0001777450   0.0001867066
20 12  -0.0002752361   0.0000901215   0.0001024720   0.0004264653   0.0000169046
20 13  -0.0003602116  -0.0006119322  -0.0002631938   0.0005021471  -0.0009675752
20 14   0.0003275453   0.0000741697   0.0000848856   0.0000388597  -0.0007293596
20 15   0.0003052720  -0.0005468312   0.0000413033   0.0000339230   0.0000141121
20 16   0.0000089397   0.0000187285   0.0000056151  -0.0000486493   0.0001054644
20 17  -0.0000273378
21  1  -0.0002394402   0.0004404452   0.0000739523  -0.1077227083  -0.0795955114
21  2  -0.1240552713  -0.0283257110   0.0048612230  -0.0235431437  -0.0019565905
21  3  -0.0146396082  -0.0031855082   0.0106589911   0.0276825574   0.0105382709
21  4  -0.0409633938   0.0465380125  -0.0874729098   0.2937016636  -0.0384470020
21  5   0.3586595844  -0.0010544913  -0.0033163509   0.0036954050  -0.0081175188
21  6  -0.0001913464  -0.0021665126   0.0001418850  -0.0004709270  -0.0008698376
21  7  -0.0004904345   0.0011806633   0.0013476167   0.0048763091  -0.0154867127
21  8   0.0019869797  -0.1280827507   0.0692705499  -0.1351062066   0.0078583093
21  9   0.0020434337   0.0000894192  -0.0001728364  -0.0001593889  -0.0001031775
21 10   0.0000731643   0.0003139083   0.0003485011  -0.0001192139  -0.0004032143
21 11  -0.0000185239  -0.0000182803   0.0006627103  -0.0000626262   0.0001556479
21 12  -0.0000858656  -0.0001431803   0.0000450224   0.0001670523   0.0000869895
21 13  -0.0003182628  -0.0001923618   0.0001896466   0.0004223854  -0.0004311742
21 14  -0.0001850184  -0.0000023110   0.0000420718  -0.0000335556  -0.0003521135
21 15   0.0001627365   0.0000119339   0.0000012223   0.0000078615  -0.0000224225
21 16   0.0000254164   0.0000091335  -0.0000688143  -0.0000239599   0.0000371040
21 17   0.0000084092
22  1  -0.0028630486  -0.0032985486  -0.0006251323  -0.0498014806  -0.0333721177
22  2  -0.0537128881  -0.2757253990  -0.2131769190  -0.1544056797   0.0172675985
22  3  -0.0208422689  -0.0002226543   0.0017862039   0.0032385212  -0.0042699372
22  4  -0.0005986047  -0.0039043504   0.0002960720   0.0030414491   0.0105936100
22  5  -0.0010544913   0.3082445163   0.2659646840   0.2108063747   0.0006490866
22  6  -0.0019716067   0.0009690026  -0.0002985004   0.0004728376   0.0005119150
22  7  -0.0009468811  -0.0001339544  -0.0008026628   0.0003638884  -0.0001884912
22  8   0.0008230372  -0.0012915708  -0.0016466094  -0.0008144395   0.0002073751
22  9  -0.0028181667   0.0026570660  -0.0000005760   0.0009680282   0.0000960199
22 10   0.0000902948  -0.0018550909   0.0000046567  -0.0005291565   0.0028696256
22 11  -0.0009627919   0.0008424407  -0.0035281044   0.0005810695  -0.0007422527
22 12   0.0007317299  -0.0005338813  -0.0001168185  -0.0010318271  -0.0003352313
22 13  -0.0005418936   0.0010741670  -0.0001857058  -0.0011365910   0.0019569559
22 14  -0.0018390288  -0.0002521379   0.0003501944  -0.0000770637   0.0022983303
22 15  -0.0002314159   0.0030232578   0.0000594658  -0.0000244865   0.0000187488
22 16  -0.0000013316   0.0000253860   0.0000507752  -0.0000044064  -0.0002217816
22 17   0.0000035923
23  1  -0.0004800505  -0.0050719219  -0.0004710168  -0.0028212302   0.0237507662
23  2  -0.0020448381  -0.2234549911  -0.3271451825  -0.1688868902  -0.0405307101
23  3  -0.0809135306  -0.0313106095   0.0161133189   0.0018230644   0.0121770363
23  4  -0.0070970966   0.0067767017  -0.0054714880  -0.0042560160  -0.0129223974
23  5  -0.0033163509   0.2659646840   0.4005944203   0.2017985289  -0.0032177365
23  6  -0.0049617740  -0.0026563817   0.0006429472  -0.0000826344   0.0004840653
23  7  -0.0005192699   0.0005116327  -0.0004037144  -0.0002039486   0.0005075593
23  8  -0.0001538873   0.0001326100  -0.0001991987   0.0000961366  -0.0032639056
23  9  -0.0015232944  -0.0024681846   0.0009224793   0.0010557787   0.0006920605
23 10  -0.0006990214  -0.0015709403  -0.0005721226   0.0006767651   0.0022546026
23 11   0.0005546979   0.0007171348  -0.0059467177   0.0006235157  -0.0006878985
23 12   0.0012290886  -0.0003997930  -0.0002166959  -0.0010545039  -0.0001109290
23 13   0.0010533203   0.0008500830   0.0006880536  -0.0025970684   0.0039579701
23 14  -0.0017967642   0.0000213912  -0.0001390709   0.0000280452   0.0036280865
23 15  -0.0017624560   0.0027716038   0.0001257372  -0.0000275810   0.0001052909
23 16   0.0000107934   0.0000585608   0.0000157743   0.0000363711  -0.0000490246
23 17   0.0000281612
24  1  -0.0006500000  -0.0025256327  -0.0025225097  -0.0535306916  -0.0253376073
24  2  -0.0202807293  -0.1544509852  -0.1611910881  -0.1920897998  -0.0002832841
24  3  -0.0161934875   0.0171433145  -0.0042574423   0.0023983596   0.0041846615
24  4   0.0003289237  -0.0029591326  -0.0008162357  -0.0011540755   0.0079409327
24  5   0.0036954050   0.2108063747   0.2017985289   0.1937830803   0.0010479831
24  6  -0.0015114709   0.0000394627   0.0005072105   0.0002972803  -0.0005525384
24  7  -0.0008409492  -0.0000649495  -0.0005116000   0.0008147712  -0.0001916252
24  8  -0.0000741942  -0.0007936091  -0.0012873549  -0.0008404131   0.0026575887
24  9  -0.0021432818  -0.0012833552   0.0000925357   0.0007189288  -0.0000735572
24 10   0.0000338034  -0.0013243854   0.0000593399  -0.0009846692   0.0021432338
24 11   0.0000233990   0.0005953447  -0.0026422051   0.0005449665  -0.0005959461
24 12   0.0005467936  -0.0004338351  -0.0003068623  -0.0007103195   0.0000790997
24 13  -0.0001349294   0.0007504932  -0.0004363373  -0.0018816235   0.0014556288
24 14  -0.0000831351  -0.0000970247   0.0003059061  -0.0002249250   0.0030193302
24 15  -0.0001773788   0.0006457945   0.0000093476   0.0000103122   0.0000347982
24 16   0.0000278018   0.0000324635  -0.0000293988   0.0000210768  -0.0001389423
24 17   0.0000192420
25  1  -0.0013831996  -0.0011568779  -0.0000143763   0.0066437791   0.0029822008
25  2   0.0056266397  -0.0052093027   0.0051811967  -0.0090985337   0.0124588910
25  3  -0.0426197647   0.0023603466  -0.1145362486   0.0589541607  -0.0528256746
25  4  -0.0049256491   0.0431386658  -0.0113357085  -0.0066491917  -0.0084426852
25  5  -0.0081175188   0.0006490866  -0.0032177365   0.0010479831   0.5498327273
25  6   0.0145793840   0.4058550772  -0.1756407824  -0.1545763767  -0.1359285443
25  7  -0.2625805971   0.0849302369  -0.2003158089   0.0006986890  -0.0001011486
25  8   0.0015076146  -0.0001482605   0.0013781730   0.0005559561   0.0003766361
25  9  -0.0006881951   0.0006025193  -0.0001483253  -0.0000794959   0.0000293635
25 10   0.0001206795   0.0002552858   0.0002187375   0.0002982800  -0.0003025982
25 11  -0.0000872813   0.0001269148   0.0002065894   0.0000063987  -0.0000071795
25 12  -0.0000652151  -0.0000099832   0.0000083469   0.0000131658   0.0000959955
25 13   0.0000104804  -0.0002917562  -0.0001220172   0.0000974928  -0.0002701805
25 14   0.0000299280  -0.0000795772   0.0000606590  -0.0000303746   0.0000618115
25 15   0.0001651190  -0.0001333693  -0.0000508986   0.0000065712  -0.0000009305
25 16  -0.0000235016  -0.0000173004   0.0000292203  -0.0000011010  -0.0000220772
25 17   0.0000543413
26  1   0.0031510364  -0.0025962460   0.0023655639  -0.0000313290  -0.0117236705
26  2  -0.0000944058  -0.0015136030   0.0191929004  -0.0010819644  -0.0171116143
26  3  -0.0754375304  -0.0133631669   0.0573473264  -0.4286222288   0.0421360564
26  4   0.0191239611  -0.0287731625   0.0143010946  -0.0002438862   0.0107178967
26  5  -0.0001913464  -0.0019716067  -0.0049617740  -0.0015114709   0.0145793840
26  6   0.8647582937   0.0143907652  -0.1561171405  -0.2438405635  -0.1183699231
26  7   0.0831429544  -0.1031414553   0.0612706026  -0.0005270829   0.0007904380
26  8  -0.0003906627   0.0000094297   0.0005653672  -0.0000016431  -0.0001844145
26  9   0.0019254435  -0.0001341792   0.0004171906   0.0009729757   0.0003596658
26 10  -0.0003468569  -0.0031046420  -0.0002724198  -0.0002693621   0.0017178634
26 11  -0.0001628079   0.0006708908  -0.0006670937   0.0005713686  -0.0004922980
26 12   0.0004535950  -0.0002843245  -0.0002476098  -0.0008452189  -0.0001272645
26 13   0.0002213119   0.0019631374   0.0001696370  -0.0005828256   0.0007602958
26 14  -0.0003553043   0.0000645454   0.0000700959   0.0000487372   0.0009456747
26 15  -0.0000416212   0.0007310408   0.0000108418   0.0000078830   0.0000098332
26 16   0.0000231385   0.0000253000   0.0000280730  -0.0000680562  -0.0001662790
26 17  -0.0000415550
27  1  -0.0000957194  -0.0008819698  -0.0013641622   0.0055345096   0.0021116722
27  2   0.0035943090  -0.0091550501   0.0041179238  -0.0001537743   0.0023936245
27  3  -0.0329142259   0.0109335393  -0.0527441959   0.0435034719  -0.0852899759
27  4  -0.0115019933   0.0325948137   0.0016689357  -0.0081127776  -0.0063943499
27  5  -0.0021665126   0.0009690026  -0.0026563817   0.0000394627   0.4058550772
27  6   0.0143907652   0.3248436219  -0.1358244097  -0.1170625498  -0.1026550686
27  7  -0.2001702982   0.0626339407  -0.1489255916   0.0015100080  -0.0000221065
27  8  -0.0001406343   0.0005325256   0.0010632071  -0.0004401360   0.0006062615
27  9  -0.0005185888   0.0000509416   0.0000265578   0.0000398623  -0.0002380512
27 10   0.0002760794   0.0001190011   0.0000271119  -0.0001007599  -0.0001413074
27 11   0.0002919737   0.0000508135   0.0001271167   0.0001025896  -0.0000258944
27 12   0.0000368268  -0.0000875127   0.0001399098  -0.0000121098  -0.0000954949
27 13  -0.0001026066  -0.0000809723   0.0000386265  -0.0000361254  -0.0001149396
27 14  -0.0000364472  -0.0000139929   0.0000022103  -0.0000385390  -0.0000822324
27 15   0.0001213198   0.0001839349   0.0000112389  -0.0000234934  -0.0000388549
27 16   0.0000157185  -0.0000057630  -0.0000522846   0.0000447289  -0.0000333737
27 17  -0.0000520068
28  1  -0.0006271652   0.0001546739  -0.0005127397  -0.0001023907   0.0006021381
28  2  -0.0000149777   0.0024319493  -0.0012663584  -0.0014023143   0.0019727704
28  3   0.0042588195  -0.0010501525   0.0054638336   0.0031143528   0.0092376527
28  4  -0.0010074979   0.0021174833   0.0011096341  -0.0007860362  -0.0010161095
28  5   0.0001418850  -0.0002985004   0.0006429472   0.0005072105  -0.1756407824
28  6  -0.1561171405  -0.1358244097   0.1761638082   0.1648484230   0.1320140731
28  7  -0.0071507495  -0.0179384313  -0.0033959736  -0.0001626885   0.0003901103
28  8  -0.0008799873   0.0000529272  -0.0000164519  -0.0001038245  -0.0000268461
28  9  -0.0001740909   0.0000377688   0.0000365779   0.0000619946   0.0000369408
28 10  -0.0000319992   0.0000626484  -0.0000572714   0.0000017964  -0.0000058734
28 11   0.0000623028  -0.0001011449   0.0000340775  -0.0000231547  -0.0000394977
28 12   0.0000525069   0.0000568607  -0.0000347422   0.0000931810   0.0000270194
28 13   0.0000650224   0.0000371892   0.0000349328  -0.0000986572   0.0000210371
28 14   0.0000819975  -0.0000176840  -0.0000039572  -0.0000076115  -0.0000526876
28 15   0.0000200687  -0.0000668306  -0.0000103126   0.0000067064   0.0000013156
28 16  -0.0000045520   0.0000069205   0.0000015655   0.0000052487   0.0000131347
28 17  -0.0000119120
29  1  -0.0000972281  -0.0005459661  -0.0000541633   0.0009491987   0.0008866860
29  2   0.0006987895  -0.0014784046  -0.0001427549  -0.0011584487   0.0024806175
29  3  -0.0035806438   0.0018775864  -0.0211565809  -0.0186394577  -0.0161385006
29  4  -0.0010687027   0.0017337877  -0.0007592884  -0.0006300730  -0.0009308802
29  5  -0.0004709270   0.0004728376  -0.0000826344   0.0002972803  -0.1545763767
29  6  -0.2438405635  -0.1170625498   0.1648484230   0.2529527738   0.1250604895
29  7   0.0090861841   0.0127045372   0.0069969177   0.0008331520  -0.0000333660
29  8   0.0006357353   0.0000326803   0.0000935819   0.0000232725   0.0001164206
29  9  -0.0001523247   0.0000841366   0.0000441619  -0.0001504190   0.0000363374
29 10  -0.0001138595   0.0001779651  -0.0000742282   0.0000946062  -0.0000158061
29 11   0.0000570438  -0.0001049476  -0.0001335526  -0.0001251302   0.0001290468
29 12  -0.0000862933   0.0000437797   0.0000405190   0.0000429486   0.0000020335
29 13   0.0000377159  -0.0001833889   0.0000852741   0.0001322773  -0.0000182824
29 14   0.0000204820   0.0000118863  -0.0000260549   0.0000002152  -0.0000882118
29 15  -0.0000636121  -0.0000724951   0.0000173562  -0.0000080448   0.0000057977
29 16  -0.0000002611  -0.0000010681  -0.0000027594  -0.0000124374   0.0000428333
29 17  -0.0000066807
30  1  -0.0004916325   0.0001173894  -0.0003269794  -0.0000031344   0.0004771167
30  2  -0.0000761487  -0.0013926810  -0.0009583814   0.0031916010  -0.0010482206
30  3   0.0032160327   0.0025737724   0.0091489583   0.0023180351   0.0003548879
30  4   0.0010948258   0.0016506415  -0.0016134302   0.0001550275  -0.0007523351
30  5  -0.0008698376   0.0005119150   0.0004840653  -0.0005525384  -0.1359285443
30  6  -0.1183699231  -0.1026550686   0.1320140731   0.1250604895   0.1052889000
30  7  -0.0032552648  -0.0135858952  -0.0053917435  -0.0008774926   0.0003006396
30  8   0.0003234516  -0.0001039067  -0.0000095565   0.0001117064   0.0000408118
30  9  -0.0001320437  -0.0000468090   0.0000302996   0.0000310463   0.0000125989
30 10  -0.0000559331   0.0000283996   0.0000019975   0.0000626916  -0.0000088306
30 11  -0.0000295289  -0.0000185760   0.0000089131  -0.0000747608   0.0000554801
30 12   0.0000258706  -0.0000600035   0.0000263306   0.0000441790  -0.0000418844
30 13   0.0000319414   0.0000262463   0.0000322701   0.0000815217   0.0000120300
30 14  -0.0001290044  -0.0000054810  -0.0000083195  -0.0000090690  -0.0000618019
30 15   0.0000141349  -0.0000105830   0.0000025308   0.0000003253  -0.0000079438
30 16  -0.0000001937   0.0000033148  -0.0000056167  -0.0000135445   0.0000064153
30 17   0.0000097641
31  1   0.0014030741  -0.0012404205   0.0005206554  -0.0008121519  -0.0011845746
31  2  -0.0005765212   0.0001204865   0.0017172734   0.0011796764  -0.0025659894
31  3  -0.0044614819   0.0004106833  -0.0030187850   0.0077365928   0.0001293706
31  4   0.0039406292  -0.0014627143  -0.0013457877   0.0011236839   0.0015008056
31  5  -0.0004904345  -0.0009468811  -0.0005192699  -0.0008409492  -0.2625805971
31  6   0.0831429544  -0.2001702982  -0.0071507495   0.0090861841  -0.0032552648
31  7   0.2703196585  -0.0946384793   0.2034580264  -0.0001394815  -0.0001259358
31  8   0.0004334196  -0.0002708168   0.0000397473   0.0004129572  -0.0000780050
31  9   0.0001936944  -0.0000333227   0.0005119268   0.0002501655   0.0002514594
31 10  -0.0005144620  -0.0010951501  -0.0005263991   0.0000683733   0.0009135294
31 11   0.0001749123  -0.0000341273  -0.0007029507  -0.0001259417   0.0000954776
31 12   0.0001288204  -0.0000345360   0.0000184055  -0.0001977903  -0.0001137420
31 13   0.0004424045   0.0006932257   0.0005901540  -0.0000878072   0.0004443072
31 14  -0.0000513816   0.0000104106  -0.0000621549  -0.0000114479   0.0001366479
31 15  -0.0001830878   0.0000765209   0.0000147616  -0.0000119628  -0.0000024532
31 16   0.0000087741   0.0000126405  -0.0000074406  -0.0000148602   0.0000260325
31 17  -0.0000519151
32  1  -0.0004919814  -0.0012221562  -0.0003625685  -0.0005525208   0.0005850099
32  2  -0.0003661243  -0.0000473531  -0.0011368120  -0.0000019243  -0.0002369424
32  3   0.0034975825  -0.0001251739   0.0289676270  -0.0063453995   0.0220465535
32  4  -0.0012502818  -0.0052562181  -0.0009555820   0.0014899444   0.0002832126
32  5   0.0011806633  -0.0001339544   0.0005116327  -0.0000649495   0.0849302369
32  6  -0.1031414553   0.0626339407  -0.0179384313   0.0127045372  -0.0135858952
32  7  -0.0946384793   0.1000876056  -0.0701080622   0.0000735067   0.0000568436
32  8   0.0000633484  -0.0000475588  -0.0004475161  -0.0000304362  -0.0001069310
32  9  -0.0000055270  -0.0000768705  -0.0001647972  -0.0003396408  -0.0001751401
32 10   0.0001692762   0.0013360258   0.0001040773   0.0000531812  -0.0003408513
32 11   0.0000217393  -0.0002121302  -0.0000605775  -0.0001770024   0.0001515989
32 12  -0.0000843035   0.0000855508   0.0000987145   0.0003236148   0.0000339909
32 13  -0.0001616096  -0.0008578423  -0.0001613159   0.0001176318   0.0000230143
32 14   0.0000849895   0.0000242446  -0.0000403951   0.0000176085  -0.0001342131
32 15  -0.0001918168  -0.0001014759   0.0000252201  -0.0000067410   0.0000162177
32 16  -0.0000051190  -0.0000019056  -0.0000085885   0.0000211214   0.0000700789
32 17   0.0000124295
33  1   0.0006065352  -0.0009568192   0.0011119746  -0.0005239362  -0.0009017331
33  2  -0.0005484425   0.0012126299   0.0013299380  -0.0005484795   0.0004566037
33  3  -0.0033870552  -0.0028385001   0.0001884791   0.0059489080  -0.0030047843
33  4  -0.0012962856  -0.0011448737   0.0046215012  -0.0004398847   0.0011575865
33  5   0.0013476167  -0.0008026628  -0.0004037144  -0.0005116000  -0.2003158089
33  6   0.0612706026  -0.1489255916  -0.0033959736   0.0069969177  -0.0053917435
33  7   0.2034580264  -0.0701080622   0.1547746480   0.0004403010  -0.0000883942
33  8  -0.0003816327   0.0004162249   0.0000350215  -0.0005005533  -0.0000298671
33  9   0.0001484748  -0.0000606538   0.0002169860   0.0001828666   0.0004233845
33 10  -0.0005393023  -0.0008430874  -0.0001948840   0.0001628001   0.0006956158
33 11  -0.0000012640  -0.0001313707  -0.0005472449   0.0000580699  -0.0000553316
33 12   0.0000920555   0.0001557782  -0.0001415522  -0.0001657499   0.0001302939
33 13   0.0005642348   0.0005296575   0.0001531147  -0.0000521383   0.0003379684
33 14  -0.0000406681  -0.0000097485  -0.0000513498   0.0000205272   0.0000806352
33 15  -0.0001409518   0.0000967411  -0.0000031096  -0.0000124246   0.0000216669
33 16  -0.0000111213   0.0000085479   0.0000172835  -0.0000553628   0.0000172996
33 17   0.0000161969
34  1   0.0001802585  -0.0001817083   0.0000170404   0.0044048562   0.0027436874
34  2  -0.0029297784  -0.0012137309   0.0016346934  -0.0009418028  -0.0018519771
34  3   0.0016677757  -0.0044684240  -0.0087877546  -0.0167603518  -0.0061084565
34  4  -0.1537219069  -0.1221055385  -0.0993725480   0.0046756417   0.0051914888
34  5   0.0048763091   0.0003638884  -0.0002039486   0.0008147712   0.0006986890
34  6  -0.0005270829   0.0015100080  -0.0001626885   0.0008331520  -0.0008774926
34  7  -0.0001394815   0.0000735067   0.0004403010   0.1562675769   0.1271166950
34  8   0.1049573387  -0.0014632412  -0.0001868476   0.0025672889   0.0009352617
34  9   0.0002784143  -0.0005580223  -0.0000002023   0.0000656025  -0.0000099294
34 10   0.0000222489  -0.0000316335  -0.0000207162  -0.0000329487   0.0000762089
34 11   0.0000360566  -0.0000332989   0.0001386620   0.0000166029  -0.0000476958
34 12   0.0000352160   0.0000316812  -0.0000242645   0.0000604825   0.0000122132
34 13   0.0000397300   0.0000596227  -0.0000396224  -0.0000682536  -0.0000342941
34 14   0.0000801797  -0.0000105527   0.0000115060  -0.0000020703  -0.0000187675
34 15   0.0000361023  -0.0000301167  -0.0000107707   0.0000057367   0.0000002588
34 16  -0.0000028861   0.0000040125   0.0000044593   0.0000022698  -0.0000011601
34 17  -0.0000055296
35  1  -0.0000799560   0.0000628752  -0.0000537065   0.0022361916  -0.0050361696
35  2   0.0016258572   0.0009375595  -0.0012473223   0.0006921760   0.0033700962
35  3   0.0001752324   0.0025517662   0.0079136210   0.0101817130   0.0061172085
35  4  -0.1203430554  -0.1819704070  -0.0911884226  -0.0202631847  -0.0129304744
35  5  -0.0154867127  -0.0001884912   0.0005075593  -0.0001916252  -0.0001011486
35  6   0.0007904380  -0.0000221065   0.0003901103  -0.0000333660   0.0003006396
35  7  -0.0001259358   0.0000568436  -0.0000883942   0.1271166950   0.1890757685
35  8   0.0964990340  -0.0000021181   0.0009321309   0.0000190223  -0.0009542551
35  9  -0.0002416595  -0.0007387270   0.0000033211  -0.0000629781   0.0000079850
35 10  -0.0000101906   0.0000593107   0.0000010367   0.0000354886  -0.0000817365
35 11   0.0000176183  -0.0000108508  -0.0000815361  -0.0000392939   0.0000383054
35 12  -0.0000404451  -0.0000064908   0.0000121567  -0.0000142370  -0.0000087554
35 13  -0.0000332631  -0.0000743094   0.0000176837   0.0000396983   0.0000050965
35 14  -0.0000263496   0.0000131211  -0.0000077176   0.0000031954  -0.0000006152
35 15  -0.0000309382  -0.0000034829   0.0000102495  -0.0000021125   0.0000020825
35 16   0.0000017698  -0.0000007780   0.0000000633  -0.0000053197   0.0000092190
35 17  -0.0000013013
36  1   0.0000226107  -0.0001369087   0.0001746213  -0.0029094700   0.0020429842
36  2   0.0060449015  -0.0009446787   0.0012612396  -0.0006781501  -0.0044642760
36  3   0.0012581932   0.0006389858  -0.0060008816  -0.0126960856  -0.0055153844
36  4  -0.0994128219  -0.0925999383  -0.1002728236   0.0047887885   0.0039067536
36  5   0.0019869797   0.0008230372  -0.0001538873  -0.0000741942   0.0015076146
36  6  -0.0003906627  -0.0001406343  -0.0008799873   0.0006357353   0.0003234516
36  7   0.0004334196   0.0000633484  -0.0003816327   0.1049573387   0.0964990340
36  8   0.0997441922   0.0025702123  -0.0001186174  -0.0028720445  -0.0005620896
36  9   0.0002047736   0.0012364305  -0.0000179064   0.0000352117  -0.0000014549
36 10  -0.0000176782  -0.0000382261   0.0000340073   0.0000347852   0.0000527264
36 11  -0.0000524099   0.0000236920   0.0000932300  -0.0000330931   0.0000287483
36 12   0.0000140803  -0.0000620884   0.0000142853   0.0000249317  -0.0000280196
36 13  -0.0000462113   0.0000416392   0.0000510979   0.0000800450  -0.0000317509
36 14  -0.0001076841  -0.0000002376   0.0000053143  -0.0000067873  -0.0000253967
36 15   0.0000266200   0.0000035788   0.0000013892   0.0000011815  -0.0000094681
36 16   0.0000021159   0.0000020296  -0.0000064682  -0.0000064473  -0.0000029497
36 17   0.0000040909
37  1  -0.0002924545  -0.0000288222   0.0001870525  -0.0131076677   0.0076604614
37  2  -0.0130042862   0.0035517967  -0.0037129819  -0.0013560720   0.0000337274
37  3   0.0005255357   0.0010176123   0.0038781522  -0.0003257251  -0.0049947535
37  4   0.0045183307  -0.0013851732  -0.0020346580  -0.2074316928   0.0875794767
37  5  -0.1280827507  -0.0012915708   0.0001326100  -0.0007936091  -0.0001482605
37  6   0.0000094297   0.0005325256   0.0000529272   0.0000326803  -0.0001039067
37  7  -0.0002708168  -0.0000475588   0.0004162249  -0.0014632412  -0.0000021181
37  8   0.0025702123   0.2127471318  -0.0906990648   0.1441332032  -0.0006414725
37  9   0.0002587137   0.0014290002  -0.0000291862   0.0000084303   0.0000513748
37 10  -0.0000383130  -0.0000184722   0.0000006362   0.0000047807   0.0000354913
37 11  -0.0000228956  -0.0000113871  -0.0000633877  -0.0000138432  -0.0000216476
37 12   0.0000101691   0.0000142794  -0.0000219932  -0.0000104749   0.0000074448
37 13  -0.0000411519   0.0000121986   0.0000487172  -0.0000187319   0.0000356187
37 14  -0.0000200652  -0.0000007881   0.0000028561  -0.0000066543   0.0000502262
37 15  -0.0000114409   0.0000205045   0.0000017389   0.0000000805  -0.0000011245
37 16  -0.0000035227   0.0000002095   0.0000060896  -0.0000049133   0.0000012582
37 17  -0.0000002585
38  1  -0.0000374946  -0.0001191867   0.0000115183  -0.0220468486   0.0118222277
38  2  -0.0167830242  -0.0007066172  -0.0033677242  -0.0005984939  -0.0003199115
38  3   0.0001847015  -0.0002470759   0.0002054400  -0.0065556366   0.0000961068
38  4   0.0213110229  -0.0039054741   0.0161737501   0.0929125538  -0.1095244146
38  5   0.0692705499  -0.0016466094  -0.0001991987  -0.0012873549   0.0013781730
38  6   0.0005653672   0.0010632071  -0.0000164519   0.0000935819  -0.0000095565
38  7   0.0000397473  -0.0004475161   0.0000350215  -0.0001868476   0.0009321309
38  8  -0.0001186174  -0.0906990648   0.1094920011  -0.0676229149  -0.0000970279
38  9   0.0011659214  -0.0000612652  -0.0000331375  -0.0000182475   0.0000106225
38 10  -0.0000044226  -0.0000332809   0.0000202009  -0.0000306851   0.0000025760
38 11  -0.0000095724   0.0000096493  -0.0000502650   0.0000107089  -0.0000164385
38 12  -0.0000141597  -0.0000025490  -0.0000193220  -0.0000297318   0.0000075489
38 13  -0.0000556484  -0.0000054447   0.0000040279  -0.0000161547   0.0000056160
38 14  -0.0000243484   0.0000053150   0.0000120209   0.0000013526   0.0000728847
38 15  -0.0000069346   0.0000551812   0.0000049975  -0.0000002212   0.0000028502
38 16   0.0000001192   0.0000006888   0.0000029173  -0.0000072207   0.0000006029
38 17  -0.0000007912
39  1   0.0002426128  -0.0000211304  -0.0003991221  -0.0131947930   0.0058459528
39  2  -0.0059646694  -0.0013407341  -0.0028688511   0.0042759857   0.0010163330
39  3   0.0003986766  -0.0005192500  -0.0049749802  -0.0003157725   0.0066256465
39  4  -0.0019435801  -0.0010930145   0.0057067844  -0.1281594889   0.0652788272
39  5  -0.1351062066  -0.0008144395   0.0000961366  -0.0008404131   0.0005559561
39  6  -0.0000016431  -0.0004401360  -0.0001038245   0.0000232725   0.0001117064
39  7   0.0004129572  -0.0000304362  -0.0005005533   0.0025672889   0.0000190223
39  8  -0.0028720445   0.1441332032  -0.0676229149   0.1315885883   0.0014188224
39  9   0.0002089029  -0.0014188819   0.0000689923   0.0000192000  -0.0000760047
39 10   0.0000230213  -0.0000053993  -0.0000450416  -0.0000147851   0.0000329192
39 11   0.0000101101  -0.0000041891  -0.0000395747  -0.0000030747   0.0000157007
39 12   0.0000192770  -0.0000385999   0.0000253896   0.0000061908  -0.0000355780
39 13   0.0000776203   0.0000164448  -0.0000813757  -0.0000295040   0.0000326886
39 14  -0.0000115464  -0.0000071137   0.0000032337   0.0000030682   0.0000234558
39 15  -0.0000094110   0.0000433813  -0.0000008666   0.0000015148   0.0000014646
39 16   0.0000046850   0.0000028165  -0.0000093961   0.0000022601   0.0000030713
39 17  -0.0000048416
40  1   0.0001276485   0.0004431841  -0.0000418691  -0.0565123686   0.0509180953
40  2  -0.0309902432   0.0022114283   0.0297758919   0.0023671532  -0.0029195443
40  3   0.0026159987  -0.0053920072  -0.0023857554  -0.0005605914  -0.0018090215
40  4  -0.0006292463  -0.0032330650  -0.0044804609   0.0045116770  -0.0228779564
40  5   0.0078583093   0.0002073751  -0.0032639056   0.0026575887   0.0003766361
40  6  -0.0001844145   0.0006062615  -0.0000268461   0.0001164206   0.0000408118
40  7  -0.0000780050  -0.0001069310  -0.0000298671   0.0009352617  -0.0009542551
40  8  -0.0005620896  -0.0006414725  -0.0000970279   0.0014188224   0.0549014147
40  9  -0.0526946973   0.0284375864  -0.0000081652  -0.0000390925  -0.0000328887
40 10   0.0000552401   0.0001085748  -0.0000116726   0.0000380624  -0.0001774569
40 11   0.0000638962  -0.0000886990   0.0002477419  -0.0000533752   0.0000113587
40 12  -0.0000317658   0.0000511829   0.0000054406   0.0000812271  -0.0000074254
40 13  -0.0000015168  -0.0000218056  -0.0000648387   0.0000174127  -0.0001483926
40 14   0.0001404322   0.0000047227   0.0000060840  -0.0000243575  -0.0001074675
40 15   0.0000620001  -0.0001261548  -0.0000015770   0.0000028962  -0.0000058836
40 16  -0.0000025691   0.0000013763   0.0000022706  -0.0000004459   0.0000118665
40 17  -0.0000121601
41  1   0.0002693297  -0.0000792541   0.0002019040   0.0512578696  -0.4571650464
41  2   0.0374022877   0.0021877226  -0.0047633953   0.0016349241   0.0004003912
41  3   0.0003479730   0.0002829229   0.0028968411  -0.0008841352   0.0022033333
41  4  -0.0040950389   0.0038957277  -0.0031274457   0.0027150323  -0.0156559086
41  5   0.0020434337  -0.0028181667  -0.0015232944  -0.0021432818  -0.0006881951
41  6   0.0019254435  -0.0005185888  -0.0001740909  -0.0001523247  -0.0001320437
41  7   0.0001936944  -0.0000055270   0.0001484748   0.0002784143  -0.0002416595
41  8   0.0002047736   0.0002587137   0.0011659214   0.0002089029  -0.0526946973
41  9   0.4727488019  -0.0384284952  -0.0001087737   0.0000221841  -0.0000810641
41 10   0.0001775635   0.0000823861   0.0001345698  -0.0001011973  -0.0001076697
41 11  -0.0000760470   0.0000667206   0.0002804312   0.0000524046  -0.0000470932
41 12   0.0000226868  -0.0000343521   0.0000072047   0.0000616497   0.0000068116
41 13  -0.0001245708  -0.0000178809  -0.0000920683  -0.0000214312  -0.0001335926
41 14  -0.0000164616  -0.0000165140   0.0000829746  -0.0000133622   0.0001786884
41 15   0.0000857940   0.0001366600  -0.0000049658   0.0000106428  -0.0000045412
41 16   0.0000024653   0.0000056840   0.0000021851   0.0000040833  -0.0000086125
41 17   0.0000041636
42  1  -0.0000542024   0.0003387135   0.0001676533  -0.0309502118   0.0371456297
42  2  -0.0393348523   0.0022678494   0.0226417593   0.0009897697  -0.0054007377
42  3   0.0019797311   0.0000661830  -0.0018041078  -0.0004338744  -0.0013762093
42  4  -0.0044818180  -0.0024690023   0.0018053350   0.0079371704  -0.0174805236
42  5   0.0000894192   0.0026570660  -0.0024681846  -0.0012833552   0.0006025193
42  6  -0.0001341792   0.0000509416   0.0000377688   0.0000841366  -0.0000468090
42  7  -0.0000333227  -0.0000768705  -0.0000606538  -0.0005580223  -0.0007387270
42  8   0.0012364305   0.0014290002  -0.0000612652  -0.0014188819   0.0284375864
42  9  -0.0384284952   0.0391440845  -0.0000402240  -0.0000299121   0.0000125995
42 10  -0.0000112817   0.0000908071   0.0000690516   0.0000617434  -0.0001371638
42 11   0.0000012309  -0.0000477173   0.0001954286  -0.0000599789   0.0000499406
42 12  -0.0000232706  -0.0000235640  -0.0000042758   0.0000690914   0.0000114475
42 13  -0.0000732636  -0.0000208539   0.0000490415   0.0001458772  -0.0001154706
42 14  -0.0000735048  -0.0000246665   0.0000072088   0.0000155492  -0.0001249534
42 15   0.0000471087  -0.0000350572  -0.0000060608   0.0000042311  -0.0000004226
42 16  -0.0000001633   0.0000025315  -0.0000044191  -0.0000114927   0.0000114154
42 17   0.0000089712
43  1   0.0022038935  -0.0019568336   0.0000510606   0.0000694607   0.0003835235
43  2   0.0002533736  -0.0001438844  -0.0011395117  -0.0002436209  -0.0003367705
43  3   0.0007542296   0.0000902867   0.0002914087  -0.0004598347   0.0001187719
43  4  -0.0002586211   0.0002068301  -0.0000494572  -0.0001185660  -0.0003318738
43  5  -0.0001728364  -0.0000005760   0.0009224793   0.0000925357  -0.0001483253
43  6   0.0004171906   0.0000265578   0.0000365779   0.0000441619   0.0000302996
43  7   0.0005119268  -0.0001647972   0.0002169860  -0.0000002023   0.0000033211
43  8  -0.0000179064  -0.0000291862  -0.0000331375   0.0000689923  -0.0000081652
43  9  -0.0001087737  -0.0000402240   0.4544843282  -0.0230428051   0.2975889302
43 10  -0.1715533399  -0.0049707776  -0.0860064585  -0.0114810438   0.0447543045
43 11  -0.0164599020  -0.0339492686  -0.0194254574  -0.0226056738   0.0336833064
43 12  -0.0110834472   0.0174923951  -0.1447241085  -0.0615977189  -0.0781086878
43 13  -0.0349616697  -0.0236887076  -0.0423351876   0.0049996674   0.0046240772
43 14   0.0041684080  -0.0003665519   0.0006170231  -0.0002775149  -0.0005285164
43 15  -0.0007456426  -0.0003228270   0.0029238603   0.0033897014  -0.0039896352
43 16  -0.0082649362  -0.0285342593  -0.0095695424  -0.0923306979   0.1211667359
43 17  -0.0599991233
44  1  -0.0006397850  -0.0043019291  -0.0004720652   0.0006984485   0.0002570375
44  2   0.0005222094  -0.0012199738  -0.0015699477  -0.0010093914   0.0003039248
44  3   0.0020259325   0.0002656021  -0.0001613129  -0.0014959664  -0.0001310387
44  4  -0.0000256877   0.0002340433   0.0000316216  -0.0001491252  -0.0004353351
44  5  -0.0001593889   0.0009680282   0.0010557787   0.0007189288  -0.0000794959
44  6   0.0009729757   0.0000398623   0.0000619946  -0.0001504190   0.0000310463
44  7   0.0002501655  -0.0003396408   0.0001828666   0.0000656025  -0.0000629781
44  8   0.0000352117   0.0000084303  -0.0000182475   0.0000192000  -0.0000390925
44  9   0.0000221841  -0.0000299121  -0.0230428051   0.9007136787  -0.0146510289
44 10   0.0367701974  -0.1477838656   0.0277338303   0.0344904661   0.0137231377
44 11   0.0262260814  -0.0310381770  -0.0059523204  -0.0236834177   0.0038902687
44 12  -0.0673227084   0.0026158248  -0.0991338870  -0.3064082463  -0.0758637686
44 13  -0.0544523067   0.0038610828  -0.0414105465   0.0077651003  -0.0084710743
44 14   0.0058347622   0.0002512401   0.0012551636   0.0002054005  -0.0018579533
44 15  -0.0001111353  -0.0014331061   0.0038575489  -0.0027400012   0.0029085800
44 16   0.0012481369   0.0040403888   0.0009322547   0.1212100490  -0.3809975881
44 17   0.0905403815
45  1   0.0000735214  -0.0015150211   0.0021542099   0.0002471551   0.0003262414
45  2  -0.0001583913  -0.0001595529  -0.0009086944  -0.0000369897   0.0000965999
45  3   0.0005777280  -0.0004245415   0.0002094829  -0.0003933637   0.0001946981
45  4  -0.0000466317   0.0001880706  -0.0003125861  -0.0000892840  -0.0003019891
45  5  -0.0001031775   0.0000960199   0.0006920605  -0.0000735572   0.0000293635
45  6   0.0003596658  -0.0002380512   0.0000369408   0.0000363374   0.0000125989
45  7   0.0002514594  -0.0001751401   0.0004233845  -0.0000099294   0.0000079850
45  8  -0.0000014549   0.0000513748   0.0000106225  -0.0000760047  -0.0000328887
45  9  -0.0000810641   0.0000125995   0.2975889302  -0.0146510289   0.2889771826
45 10  -0.0859703080  -0.0041256302  -0.1213297522  -0.0164859690   0.0340473286
45 11  -0.0020657899  -0.0226980877  -0.0148147830  -0.0216294891   0.0175223077
45 12  -0.0086237244   0.0240954776  -0.0783538398  -0.0474293346  -0.1025624453
45 13  -0.0424609335  -0.0180181048  -0.0118592548   0.0042028606   0.0035377060
45 14   0.0027939480  -0.0002855027   0.0004623436  -0.0001934272  -0.0003777845
45 15  -0.0005594694  -0.0003849098  -0.0040002969   0.0025360666   0.0051669059
45 16  -0.0093965743  -0.0217047275  -0.0031381539  -0.0600384332   0.0905199190
45 17  -0.0592430287
46  1  -0.0087467308   0.0135492355  -0.0075958503  -0.0000394516  -0.0004970562
46  2   0.0000415016   0.0004324186   0.0011813949   0.0001589870  -0.0004800059
46  3  -0.0019786955  -0.0004523742  -0.0004394618   0.0005822144  -0.0005397956
46  4   0.0002003125  -0.0002328735   0.0002756218   0.0003304359   0.0003985672
46  5   0.0000731643   0.0000902948  -0.0006990214   0.0000338034   0.0001206795
46  6  -0.0003468569   0.0002760794  -0.0000319992  -0.0001138595  -0.0000559331
46  7  -0.0005144620   0.0001692762  -0.0005393023   0.0000222489  -0.0000101906
46  8  -0.0000176782  -0.0000383130  -0.0000044226   0.0000230213   0.0000552401
46  9   0.0001775635  -0.0000112817  -0.1715533399   0.0367701974  -0.0859703080
46 10   0.5040481477   0.1565745873   0.2305719857  -0.1235523558   0.0480654834
46 11  -0.0478173998   0.0381171644   0.0065452877   0.0408965028  -0.0234819167
46 12   0.0219382403  -0.0145805212  -0.0247257675  -0.0615109652  -0.0175135943
46 13  -0.1855400848  -0.2140272594  -0.0833367908  -0.0046727482  -0.0088033449
46 14  -0.0084196361   0.0029135608  -0.0009969485  -0.0010158227  -0.0002638758
46 15   0.0003626302   0.0008380852  -0.0017170577   0.0005883279  -0.0013308828
46 16   0.0042927942   0.0010294007  -0.0007826925  -0.0048257268   0.0012890876
46 17  -0.0032088890
47  1   0.0072173218   0.0150444227   0.0054814829  -0.0015585084  -0.0006832174
47  2  -0.0011360353   0.0025260327   0.0026248562   0.0019268269  -0.0008699563
47  3  -0.0052747693  -0.0006788943   0.0004585730   0.0049622442   0.0003137324
47  4   0.0000417889  -0.0008044972   0.0000126189   0.0004294203   0.0010765763
47  5   0.0003139083  -0.0018550909  -0.0015709403  -0.0013243854   0.0002552858
47  6  -0.0031046420   0.0001190011   0.0000626484   0.0001779651   0.0000283996
47  7  -0.0010951501   0.0013360258  -0.0008430874  -0.0000316335   0.0000593107
47  8  -0.0000382261  -0.0000184722  -0.0000332809  -0.0000053993   0.0001085748
47  9   0.0000823861   0.0000908071  -0.0049707776  -0.1477838656  -0.0041256302
47 10   0.1565745873   0.8913573940   0.1207645270   0.0453050790  -0.2219711115
47 11   0.0337748170  -0.0234318546  -0.0675558128  -0.0179446105   0.0173818478
47 12  -0.0134355532   0.0132409050  -0.0181632051   0.0415401620  -0.0136182287
47 13  -0.2066271955  -0.5144126392  -0.1579454390  -0.0018239709   0.0175220387
47 14  -0.0012808875  -0.0007205925  -0.0007831540  -0.0005496075   0.0025321972
47 15  -0.0002230038   0.0019356149   0.0012984244  -0.0003976849   0.0010000859
47 16  -0.0021024868  -0.0044971771  -0.0016434064   0.0290771131   0.0067479673
47 17   0.0221311106
48  1  -0.0076191670   0.0103517873  -0.0044353469  -0.0000431771  -0.0003847699
48  2  -0.0000423529   0.0001822437   0.0008916749   0.0003828188  -0.0004937967
48  3  -0.0015479687  -0.0002094382  -0.0005399686   0.0004310852  -0.0000724791
48  4   0.0001913424  -0.0001824787   0.0001129704   0.0000464227   0.0002637105
48  5   0.0003485011   0.0000046567  -0.0005721226   0.0000593399   0.0002187375
48  6  -0.0002724198   0.0000271119  -0.0000572714  -0.0000742282   0.0000019975
48  7  -0.0005263991   0.0001040773  -0.0001948840  -0.0000207162   0.0000010367
48  8   0.0000340073   0.0000006362   0.0000202009  -0.0000450416  -0.0000116726
48  9   0.0001345698   0.0000690516  -0.0860064585   0.0277338303  -0.1213297522
48 10   0.2305719857   0.1207645270   0.3767301910  -0.0477808926   0.0359404360
48 11  -0.0973667396   0.0407718094   0.0047780509   0.0154477740  -0.0144937605
48 12   0.0166968362  -0.0153062662  -0.0173026934  -0.0465912113  -0.0155484983
48 13  -0.0833716817  -0.1634873197  -0.1419962838  -0.0083060000  -0.0066322422
48 14  -0.0001108207  -0.0010105765  -0.0007854502   0.0034672050   0.0008173577
48 15   0.0002826204  -0.0007339905  -0.0013147947   0.0004356455  -0.0009778157
48 16  -0.0007888487   0.0007360132   0.0047293835  -0.0031173167   0.0009641092
48 17  -0.0030406425
49  1  -0.0732300636   0.0057985367  -0.0450356373  -0.0004497978  -0.0001474050
49  2   0.0000264681   0.0007977811   0.0004523621   0.0005053265   0.0043039621
49  3  -0.0032441506  -0.0003228344  -0.0000729494   0.0007062927  -0.0003175451
49  4  -0.0001297625  -0.0001278354   0.0001896769  -0.0000524338   0.0000118908
49  5  -0.0001192139  -0.0005291565   0.0006767651  -0.0009846692   0.0002982800
49  6  -0.0002693621  -0.0001007599   0.0000017964   0.0000946062   0.0000626916
49  7   0.0000683733   0.0000531812   0.0001628001  -0.0000329487   0.0000354886
49  8   0.0000347852   0.0000047807  -0.0000306851  -0.0000147851   0.0000380624
49  9  -0.0001011973   0.0000617434  -0.0114810438   0.0344904661  -0.0164859690
49 10  -0.1235523558   0.0453050790  -0.0477808926   0.3324224016   0.0446686514
49 11   0.2007833741  -0.1574930460  -0.0919786468  -0.0766787955  -0.0103586348
49 12  -0.0314968195  -0.0191846345  -0.0002391205   0.0008821032   0.0009591299
49 13   0.0260847753  -0.0148591321   0.0060345331   0.0209459656   0.0069803582
49 14   0.0090806007   0.0002732479   0.0030672666  -0.0023779907  -0.0015229089
49 15  -0.0010441275   0.0012562187  -0.0027191897   0.0017377481  -0.0051194258
49 16  -0.0000145569  -0.0002101669   0.0009528465  -0.0033614577  -0.0014512676
49 17  -0.0055870417
50  1   0.0009448907  -0.0212495678   0.0007466667   0.0015434878   0.0012712020
50  2   0.0011550510  -0.0036879229  -0.0050832286  -0.0028764615   0.0029767790
50  3   0.0092418703   0.0022999827   0.0006897060  -0.0033398796   0.0005255414
50  4  -0.0000525098   0.0009887357   0.0000033907  -0.0004906864  -0.0010264247
50  5  -0.0004032143   0.0028696256   0.0022546026   0.0021432338  -0.0003025982
50  6   0.0017178634  -0.0001413074  -0.0000058734  -0.0000158061  -0.0000088306
50  7   0.0009135294  -0.0003408513   0.0006956158   0.0000762089  -0.0000817365
50  8   0.0000527264   0.0000354913   0.0000025760   0.0000329192  -0.0001774569
50  9  -0.0001076697  -0.0001371638   0.0447543045   0.0137231377   0.0340473286
50 10   0.0480654834  -0.2219711115   0.0359404360   0.0446686514   0.7375718956
50 11   0.0359649915  -0.0876735439  -0.3002718107  -0.0670632050  -0.0357855056
50 12   0.0156278352  -0.0272683742  -0.0082425889  -0.0487818074  -0.0064530451
50 13   0.0068325788  -0.0952025584   0.0048476376  -0.0183170370  -0.0877066406
50 14  -0.0143481469   0.0048146486  -0.0011231992   0.0036493492  -0.0060178038
50 15   0.0014447172  -0.0045867115   0.0001007603   0.0014683123   0.0000695597
50 16   0.0006415549   0.0003560860   0.0004938414   0.0008258262   0.0006334582
50 17   0.0006181886
51  1  -0.0450325661   0.0044096778  -0.0478821935   0.0000304060  -0.0000720408
51  2  -0.0004899230   0.0005138323   0.0002882527   0.0005045240  -0.0002968367
51  3  -0.0024300900   0.0044679135  -0.0002841836   0.0004990173   0.0000956040
51  4   0.0001909563  -0.0000620284  -0.0002733449  -0.0000902448  -0.0000176523
51  5  -0.0000185239  -0.0009627919   0.0005546979   0.0000233990  -0.0000872813
51  6  -0.0001628079   0.0002919737   0.0000623028   0.0000570438  -0.0000295289
51  7   0.0001749123   0.0000217393  -0.0000012640   0.0000360566   0.0000176183
51  8  -0.0000524099  -0.0000228956  -0.0000095724   0.0000101101   0.0000638962
51  9  -0.0000760470   0.0000012309  -0.0164599020   0.0262260814  -0.0020657899
51 10  -0.0478173998   0.0337748170  -0.0973667396   0.2007833741   0.0359649915
51 11   0.2226363518  -0.0767436377  -0.0703856303  -0.1164307439  -0.0191741466
51 12  -0.0239406389   0.0000306984   0.0009060379   0.0005047742  -0.0007838261
51 13   0.0061127006  -0.0117735066   0.0226998186   0.0090177987   0.0050243254
51 14   0.0159608884  -0.0023819786   0.0023249184   0.0016093411   0.0011975854
51 15  -0.0007719737  -0.0022478873  -0.0051223131   0.0013164555   0.0001215550
51 16   0.0009578614  -0.0001599619  -0.0005284816  -0.0055715428  -0.0011224602
51 17  -0.0002827520
52  1  -0.0051654302  -0.0064750584  -0.0039297488   0.0007787166   0.0000662249
52  2   0.0004870454  -0.0013653745  -0.0011750112  -0.0010059317   0.0005709335
52  3   0.0016256699   0.0000258953  -0.0003955533  -0.0010365861  -0.0002773729
52  4   0.0002257631   0.0001426461   0.0000652577  -0.0001373669  -0.0001879539
52  5  -0.0000182803   0.0008424407   0.0007171348   0.0005953447   0.0001269148
52  6   0.0006708908   0.0000508135  -0.0001011449  -0.0001049476  -0.0000185760
52  7  -0.0000341273  -0.0002121302  -0.0001313707  -0.0000332989  -0.0000108508
52  8   0.0000236920  -0.0000113871   0.0000096493  -0.0000041891  -0.0000886990
52  9   0.0000667206  -0.0000477173  -0.0339492686  -0.0310381770  -0.0226980877
52 10   0.0381171644  -0.0234318546   0.0407718094  -0.1574930460  -0.0876735439
52 11  -0.0767436377   0.5294496929  -0.0311977133   0.2662742996  -0.2051373702
52 12  -0.0194809349  -0.1040299677  -0.0071728438   0.0611638813  -0.0069312733
52 13  -0.0022575102   0.0136688785  -0.0075218274  -0.1493616266   0.1038440757
52 14  -0.0800627315   0.0075928029  -0.0135111797   0.0107837526  -0.0101074752
52 15   0.0260641811  -0.0048681008  -0.0056873446   0.0036745845  -0.0034742148
52 16   0.0035870254   0.0016337838  -0.0051766696  -0.0027925873   0.0021876205
52 17  -0.0021382126
53  1  -0.0095284239   0.0047881043  -0.0073012073  -0.0022830401  -0.0016056538
53  2  -0.0017023204   0.0035306643   0.0084897483   0.0027004606  -0.0004101324
53  3  -0.0038073298  -0.0003191120  -0.0005864443   0.0001857099  -0.0004802090
53  4   0.0003523324  -0.0008449336   0.0002678157   0.0008795073   0.0014739229
53  5   0.0006627103  -0.0035281044  -0.0059467177  -0.0026422051   0.0002065894
53  6  -0.0006670937   0.0001271167   0.0000340775  -0.0001335526   0.0000089131
53  7  -0.0007029507  -0.0000605775  -0.0005472449   0.0001386620  -0.0000815361
53  8   0.0000932300  -0.0000633877  -0.0000502650  -0.0000395747   0.0002477419
53  9   0.0002804312   0.0001954286  -0.0194254574  -0.0059523204  -0.0148147830
53 10   0.0065452877  -0.0675558128   0.0047780509  -0.0919786468  -0.3002718107
53 11  -0.0703856303  -0.0311977133   0.8303074594  -0.0215162502   0.0105186516
53 12  -0.1165537814   0.0078077989   0.0365866962   0.0219602905   0.0278929406
53 13  -0.0000713531   0.0074875158  -0.0001236148   0.1029664793  -0.3538851340
53 14   0.0770313749   0.0114261831  -0.0228187194   0.0086542666   0.0078090640
53 15   0.0064460686   0.0060150792  -0.0212474682   0.0051770631  -0.0161309971
53 16   0.0011583026  -0.0060846729   0.0008291863  -0.0013771170  -0.0002764025
53 17  -0.0010612235
54  1  -0.0039882755  -0.0049155249  -0.0030132297   0.0004271112   0.0000991447
54  2   0.0005528673  -0.0010253258  -0.0009524468  -0.0007556364  -0.0000089103
54  3   0.0012781008   0.0005842922  -0.0003121528  -0.0008376331  -0.0002062306
54  4   0.0000119831   0.0001457204   0.0002361438  -0.0000738431  -0.0001777450
54  5  -0.0000626262   0.0005810695   0.0006235157   0.0005449665   0.0000063987
54  6   0.0005713686   0.0001025896  -0.0000231547  -0.0001251302  -0.0000747608
54  7  -0.0001259417  -0.0001770024   0.0000580699   0.0000166029  -0.0000392939
54  8  -0.0000330931  -0.0000138432   0.0000107089  -0.0000030747  -0.0000533752
54  9   0.0000524046  -0.0000599789  -0.0226056738  -0.0236834177  -0.0216294891
54 10   0.0408965028  -0.0179446105   0.0154477740  -0.0766787955  -0.0670632050
54 11  -0.1164307439   0.2662742996  -0.0215162502   0.3812857064  -0.1037985494
54 12  -0.0151197642  -0.1456157288  -0.0069943288   0.0466653562  -0.0030227844
54 13  -0.0075379092   0.0103550848   0.0019336854  -0.0800431649   0.0775572051
54 14  -0.1051265789   0.0108594583  -0.0103484637   0.0016495487  -0.0048946696
54 15   0.0198369935  -0.0073791599  -0.0035743375   0.0028403345  -0.0038377874
54 16  -0.0051889152   0.0011910028   0.0064616993  -0.0021322598   0.0016735470
54 17  -0.0016064404
55  1   0.0017724627   0.0003019581  -0.0004902842  -0.0004788295  -0.0000703243
55  2  -0.0004227025   0.0007435621   0.0009362114   0.0007062504  -0.0001433142
55  3  -0.0007413936   0.0001155086   0.0002403005   0.0006746565   0.0002361808
55  4  -0.0000642553  -0.0000565462  -0.0001035663  -0.0000001010   0.0001867066
55  5   0.0001556479  -0.0007422527  -0.0006878985  -0.0005959461  -0.0000071795
55  6  -0.0004922980  -0.0000258944  -0.0000394977   0.0001290468   0.0000554801
55  7   0.0000954776   0.0001515989  -0.0000553316  -0.0000476958   0.0000383054
55  8   0.0000287483  -0.0000216476  -0.0000164385   0.0000157007   0.0000113587
55  9  -0.0000470932   0.0000499406   0.0336833064   0.0038902687   0.0175223077
55 10  -0.0234819167   0.0173818478  -0.0144937605  -0.0103586348  -0.0357855056
55 11  -0.0191741466  -0.2051373702   0.0105186516  -0.1037985494   0.4593653165
55 12  -0.0027662799   0.2729610720  -0.1433570467   0.0945462328  -0.0670818040
55 13   0.0023753769  -0.0076700866   0.0026700412  -0.0187194377   0.0169539182
55 14  -0.0224706566  -0.0011717718  -0.0015074955   0.0010391078   0.0044023738
55 15   0.0006179587  -0.0008512178  -0.1000250587  -0.1123845225  -0.0574407564
55 16  -0.0002909113   0.0211993333  -0.0056071883   0.0013973861  -0.0053008124
55 17  -0.0029441814
56  1   0.0009343610  -0.0018555250   0.0007417333   0.0005195453   0.0002562994
56  2   0.0003914016  -0.0007359178  -0.0015743739  -0.0006286051   0.0001521731
56  3   0.0011055539   0.0001455711  -0.0000174888  -0.0005937368  -0.0000165699
56  4  -0.0000401251   0.0001130670   0.0000164075  -0.0000657991  -0.0002752361
56  5  -0.0000858656   0.0007317299   0.0012290886   0.0005467936  -0.0000652151
56  6   0.0004535950   0.0000368268   0.0000525069  -0.0000862933   0.0000258706
56  7   0.0001288204  -0.0000843035   0.0000920555   0.0000352160  -0.0000404451
56  8   0.0000140803   0.0000101691  -0.0000141597   0.0000192770  -0.0000317658
56  9   0.0000226868  -0.0000232706  -0.0110834472  -0.0673227084  -0.0086237244
56 10   0.0219382403  -0.0134355532   0.0166968362  -0.0314968195   0.0156278352
56 11  -0.0239406389  -0.0194809349  -0.1165537814  -0.0151197642  -0.0027662799
56 12   0.8623836980   0.0002350476   0.1230264300  -0.4021277361   0.0922273174
56 13  -0.0044017939   0.0027241444  -0.0033090956   0.0415413116  -0.0062535381
56 14   0.0314810267   0.0016539786   0.0019612123   0.0012823349  -0.0003275598
56 15  -0.0053425336  -0.0002924974  -0.1143363059  -0.2745516785  -0.0874112109
56 16  -0.0015477641   0.0034287784  -0.0011797246  -0.0043272654   0.0008056437
56 17  -0.0033216131
57  1  -0.0004330337   0.0002086452   0.0020223069  -0.0003871063   0.0000253196
57  2  -0.0003112191   0.0007328115   0.0005954766   0.0003461634   0.0001480484
57  3  -0.0004854704  -0.0002488491   0.0002721794   0.0004467062   0.0000821341
57  4  -0.0000704328   0.0000156069  -0.0000804560   0.0002001656   0.0000901215
57  5  -0.0001431803  -0.0005338813  -0.0003997930  -0.0004338351  -0.0000099832
57  6  -0.0002843245  -0.0000875127   0.0000568607   0.0000437797  -0.0000600035
57  7  -0.0000345360   0.0000855508   0.0001557782   0.0000316812  -0.0000064908
57  8  -0.0000620884   0.0000142794  -0.0000025490  -0.0000385999   0.0000511829
57  9  -0.0000343521  -0.0000235640   0.0174923951   0.0026158248   0.0240954776
57 10  -0.0145805212   0.0132409050  -0.0153062662  -0.0191846345  -0.0272683742
57 11   0.0000306984  -0.1040299677   0.0078077989  -0.1456157288   0.2729610720
57 12   0.0002350476   0.3078986140  -0.0670793656   0.0706345597  -0.1063037279
57 13   0.0026786701  -0.0058833670   0.0008931369  -0.0223308167   0.0127865285
57 14  -0.0060514137   0.0010413660  -0.0011027587  -0.0017630439  -0.0009348169
57 15   0.0004421601   0.0048411955  -0.0574585452  -0.0858754576  -0.0697532889
57 16  -0.0056674531   0.0161124385   0.0029110721  -0.0029456181  -0.0040435323
57 17   0.0030062002
58  1  -0.0001241465   0.0003014116  -0.0000074588  -0.0001075297  -0.0000802516
58  2  -0.0001235683   0.0002832038   0.0002680407   0.0001511015  -0.0000346281
58  3  -0.0002379425  -0.0001526199   0.0000977506   0.0003313000   0.0000459700
58  4   0.0000071782  -0.0000566251   0.0000446349   0.0000765975   0.0001024720
58  5   0.0000450224  -0.0001168185  -0.0002166959  -0.0003068623   0.0000083469
58  6  -0.0002476098   0.0001399098  -0.0000347422   0.0000405190   0.0000263306
58  7   0.0000184055   0.0000987145  -0.0001415522  -0.0000242645   0.0000121567
58  8   0.0000142853  -0.0000219932  -0.0000193220   0.0000253896   0.0000054406
58  9   0.0000072047  -0.0000042758  -0.1447241085  -0.0991338870  -0.0783538398
58 10  -0.0247257675  -0.0181632051  -0.0173026934  -0.0002391205  -0.0082425889
58 11   0.0009060379  -0.0071728438   0.0365866962  -0.0069943288  -0.1433570467
58 12   0.1230264300  -0.0670793656   0.5473052334  -0.0604917668   0.3134450708
58 13   0.0007544327  -0.0015723400  -0.0030043958  -0.0038259470  -0.0044597081
58 14  -0.0057301179  -0.0004731899  -0.0004557000   0.0004370020   0.0006384968
58 15   0.0013456264  -0.0007923583   0.0066800486  -0.0145092244   0.0065133245
58 16  -0.2382539421   0.0356460892  -0.1521402208   0.0073609542   0.0101202060
58 17   0.0103395787
59  1  -0.0000570389   0.0014511196  -0.0000958637  -0.0008207942  -0.0002835827
59  2  -0.0005830735   0.0011896693   0.0016768011   0.0008693296  -0.0002262520
59  3  -0.0012477573  -0.0001653489   0.0002565794   0.0011514163   0.0001441212
59  4  -0.0000405283  -0.0002027028  -0.0000256103   0.0002681044   0.0004264653
59  5   0.0001670523  -0.0010318271  -0.0010545039  -0.0007103195   0.0000131658
59  6  -0.0008452189  -0.0000121098   0.0000931810   0.0000429486   0.0000441790
59  7  -0.0001977903   0.0003236148  -0.0001657499   0.0000604825  -0.0000142370
59  8   0.0000249317  -0.0000104749  -0.0000297318   0.0000061908   0.0000812271
59  9   0.0000616497   0.0000690914  -0.0615977189  -0.3064082463  -0.0474293346
59 10  -0.0615109652   0.0415401620  -0.0465912113   0.0008821032  -0.0487818074
59 11   0.0005047742   0.0611638813   0.0219602905   0.0466653562   0.0945462328
59 12  -0.4021277361   0.0706345597  -0.0604917668   0.8006636001  -0.0435405686
59 13   0.0134659112  -0.0097305273   0.0101323380  -0.0130833638   0.0054022245
59 14  -0.0099103245  -0.0007633281  -0.0014869208  -0.0005672699   0.0018449387
59 15   0.0013776249   0.0014010297   0.0109834676  -0.0164841747   0.0083148894
59 16   0.0304697126  -0.0665565776   0.0226548160  -0.0154868086  -0.0208241927
59 17  -0.0118358749
60  1  -0.0000646412   0.0002294213  -0.0001203456  -0.0002036852  -0.0000092232
60  2  -0.0000223095   0.0001577057   0.0001207180   0.0002462797  -0.0001872507
60  3  -0.0001497141   0.0000589703   0.0000539079   0.0001930391   0.0001091989
60  4  -0.0000180735  -0.0000044009  -0.0000042859   0.0000172412   0.0000169046
60  5   0.0000869895  -0.0003352313  -0.0001109290   0.0000790997   0.0000959955
60  6  -0.0001272645  -0.0000954949   0.0000270194   0.0000020335  -0.0000418844
60  7  -0.0001137420   0.0000339909   0.0001302939   0.0000122132  -0.0000087554
60  8  -0.0000280196   0.0000074448   0.0000075489  -0.0000355780  -0.0000074254
60  9   0.0000068116   0.0000114475  -0.0781086878  -0.0758637686  -0.1025624453
60 10  -0.0175135943  -0.0136182287  -0.0155484983   0.0009591299  -0.0064530451
60 11  -0.0007838261  -0.0069312733   0.0278929406  -0.0030227844  -0.0670818040
60 12   0.0922273174  -0.1063037279   0.3134450708  -0.0435405686   0.3728556452
60 13  -0.0029225796  -0.0012545690   0.0024357074  -0.0056874810  -0.0033879566
60 14  -0.0006631678   0.0004261353  -0.0003383952  -0.0007211701  -0.0008552791
60 15   0.0010297574   0.0010442895   0.0065859704  -0.0111088351   0.0030977710
60 16  -0.1520171684   0.0265594019  -0.1518844153   0.0102600824   0.0076557689
60 17   0.0016822606
61  1  -0.0019587134  -0.0057731066   0.0000355345  -0.0002034524   0.0003428423
61  2   0.0001932226   0.0000744511  -0.0010470564  -0.0003016539   0.0000709167
61  3   0.0016305645  -0.0001307108   0.0004719017  -0.0004977132   0.0000929883
61  4  -0.0003186403   0.0000408978   0.0000166026   0.0000315285  -0.0003602116
61  5  -0.0003182628  -0.0005418936   0.0010533203  -0.0001349294   0.0000104804
61  6   0.0002213119  -0.0001026066   0.0000650224   0.0000377159   0.0000319414
61  7   0.0004424045  -0.0001616096   0.0005642348   0.0000397300  -0.0000332631
61  8  -0.0000462113  -0.0000411519  -0.0000556484   0.0000776203  -0.0000015168
61  9  -0.0001245708  -0.0000732636  -0.0349616697  -0.0544523067  -0.0424609335
61 10  -0.1855400848  -0.2066271955  -0.0833716817   0.0260847753   0.0068325788
61 11   0.0061127006  -0.0022575102  -0.0000713531  -0.0075379092   0.0023753769
61 12  -0.0044017939   0.0026786701   0.0007544327   0.0134659112  -0.0029225796
61 13   0.1944506001   0.2530896344   0.1227035684   0.0013132461   0.0002884618
61 14   0.0016080876  -0.0005371578   0.0003524078   0.0002530427  -0.0006893272
61 15  -0.0004701463  -0.0006981299   0.0004606075  -0.0000987393   0.0007959915
61 16  -0.0009285028  -0.0018954531  -0.0004694422   0.0013341470  -0.0012854792
61 17   0.0034041092
62  1  -0.0013424822  -0.0050498053  -0.0009262175   0.0008724572   0.0003888323
62  2   0.0006335011  -0.0012186259  -0.0015434504  -0.0009931895   0.0002025928
62  3   0.0020417226   0.0001878431  -0.0002904515  -0.0028688241  -0.0001958569
62  4  -0.0001383889   0.0005206517  -0.0000405052  -0.0002193535  -0.0006119322
62  5  -0.0001923618   0.0010741670   0.0008500830   0.0007504932  -0.0002917562
62  6   0.0019631374  -0.0000809723   0.0000371892  -0.0001833889   0.0000262463
62  7   0.0006932257  -0.0008578423   0.0005296575   0.0000596227  -0.0000743094
62  8   0.0000416392   0.0000121986  -0.0000054447   0.0000164448  -0.0000218056
62  9  -0.0000178809  -0.0000208539  -0.0236887076   0.0038610828  -0.0180181048
62 10  -0.2140272594  -0.5144126392  -0.1634873197  -0.0148591321  -0.0952025584
62 11  -0.0117735066   0.0136688785   0.0074875158   0.0103550848  -0.0076700866
62 12   0.0027241444  -0.0058833670  -0.0015723400  -0.0097305273  -0.0012545690
62 13   0.2530896344   0.6200305075   0.1937766623  -0.0014565675  -0.0060813998
62 14  -0.0012239444   0.0006051869   0.0001695039   0.0004617130  -0.0012335413
62 15   0.0000966243  -0.0009532109  -0.0000939662   0.0003685679  -0.0000685385
62 16  -0.0001210553  -0.0008116834  -0.0000963707  -0.0020696332  -0.0030506874
62 17  -0.0015703968
63  1   0.0000192920  -0.0044125989  -0.0019849256   0.0001349401   0.0002641879
63  2  -0.0003181398  -0.0002236219  -0.0007325374   0.0002403123  -0.0001636446
63  3   0.0011909673   0.0001455192   0.0001656944  -0.0003625236   0.0004196329
63  4  -0.0000331562   0.0000542856  -0.0003477336  -0.0002620686  -0.0002631938
63  5   0.0001896466  -0.0001857058   0.0006880536  -0.0004363373  -0.0001220172
63  6   0.0001696370   0.0000386265   0.0000349328   0.0000852741   0.0000322701
63  7   0.0005901540  -0.0001613159   0.0001531147  -0.0000396224   0.0000176837
63  8   0.0000510979   0.0000487172   0.0000040279  -0.0000813757  -0.0000648387
63  9  -0.0000920683   0.0000490415  -0.0423351876  -0.0414105465  -0.0118592548
63 10  -0.0833367908  -0.1579454390  -0.1419962838   0.0060345331   0.0048476376
63 11   0.0226998186  -0.0075218274  -0.0001236148   0.0019336854   0.0026700412
63 12  -0.0033090956   0.0008931369  -0.0030043958   0.0101323380   0.0024357074
63 13   0.1227035684   0.1937766623   0.1294461869   0.0015987822   0.0002672228
63 14   0.0004414235   0.0002634613   0.0002308016  -0.0006411456  -0.0007154887
63 15  -0.0003536722  -0.0003080121   0.0008034262  -0.0001034032   0.0000429141
63 16  -0.0004572020  -0.0014556062  -0.0006623286   0.0033980247  -0.0010031641
63 17  -0.0005765975
64  1  -0.0024428460  -0.0010867258  -0.0009531324  -0.0009181128  -0.0004583609
64  2  -0.0008292609   0.0014844716   0.0031887962   0.0014035662   0.0001544504
64  3  -0.0015760389  -0.0003113815   0.0000635935   0.0006138697   0.0003302562
64  4   0.0000575652  -0.0002188542  -0.0000724256   0.0001137804   0.0005021471
64  5   0.0004223854  -0.0011365910  -0.0025970684  -0.0018816235   0.0000974928
64  6  -0.0005828256  -0.0000361254  -0.0000986572   0.0001322773   0.0000815217
64  7  -0.0000878072   0.0001176318  -0.0000521383  -0.0000682536   0.0000396983
64  8   0.0000800450  -0.0000187319  -0.0000161547  -0.0000295040   0.0000174127
64  9  -0.0000214312   0.0001458772   0.0049996674   0.0077651003   0.0042028606
64 10  -0.0046727482  -0.0018239709  -0.0083060000   0.0209459656  -0.0183170370
64 11   0.0090177987  -0.1493616266   0.1029664793  -0.0800431649  -0.0187194377
64 12   0.0415413116  -0.0223308167  -0.0038259470  -0.0130833638  -0.0056874810
64 13   0.0013132461  -0.0014565675   0.0015987822   0.5390510982   0.0155785626
64 14   0.3946566243  -0.1109561966  -0.1398757224  -0.0839697098  -0.2768655826
64 15   0.0081558830  -0.2101966570   0.0007700435   0.0001389782   0.0016161405
64 16  -0.0004442388   0.0012655041   0.0003007531   0.0005479899  -0.0008921183
64 17   0.0008428099
65  1   0.0025109643  -0.0032894478   0.0019939736   0.0014836520   0.0009840644
65  2   0.0011048438  -0.0021130122  -0.0049565487  -0.0016750250   0.0001456506
65  3   0.0023347301   0.0001358033   0.0002745822  -0.0005968692   0.0002200863
65  4  -0.0002643261   0.0005899093  -0.0001621980  -0.0005248007  -0.0009675752
65  5  -0.0004311742   0.0019569559   0.0039579701   0.0014556288  -0.0002701805
65  6   0.0007602958  -0.0001149396   0.0000210371  -0.0000182824   0.0000120300
65  7   0.0004443072   0.0000230143   0.0003379684  -0.0000342941   0.0000050965
65  8  -0.0000317509   0.0000356187   0.0000056160   0.0000326886  -0.0001483926
65  9  -0.0001335926  -0.0001154706   0.0046240772  -0.0084710743   0.0035377060
65 10  -0.0088033449   0.0175220387  -0.0066322422   0.0069803582  -0.0877066406
65 11   0.0050243254   0.1038440757  -0.3538851340   0.0775572051   0.0169539182
65 12  -0.0062535381   0.0127865285  -0.0044597081   0.0054022245  -0.0033879566
65 13   0.0002884618  -0.0060813998   0.0002672228   0.0155785626   0.8729316963
65 14   0.0147188483  -0.1427952599  -0.3600352166  -0.1093998037   0.0049765802
65 15  -0.0752670662   0.0032884851  -0.0002256080   0.0007006180  -0.0001628234
65 16  -0.0001644038   0.0009731915  -0.0001217517  -0.0003154709   0.0014719198
65 17  -0.0002382081
66  1  -0.0010355502  -0.0008338504  -0.0019726350  -0.0007883921  -0.0002762042
66  2  -0.0005042593   0.0013442168   0.0022774440   0.0007092801  -0.0002794675
66  3  -0.0010978736   0.0002687065   0.0003422458   0.0003949687  -0.0001870070
66  4  -0.0000077579  -0.0001177599  -0.0000075459   0.0004300410   0.0003275453
66  5  -0.0001850184  -0.0018390288  -0.0017967642  -0.0000831351   0.0000299280
66  6  -0.0003553043  -0.0000364472   0.0000819975   0.0000204820  -0.0001290044
66  7  -0.0000513816   0.0000849895  -0.0000406681   0.0000801797  -0.0000263496
66  8  -0.0001076841  -0.0000200652  -0.0000243484  -0.0000115464   0.0001404322
66  9  -0.0000164616  -0.0000735048   0.0041684080   0.0058347622   0.0027939480
66 10  -0.0084196361  -0.0012808875  -0.0001108207   0.0090806007  -0.0143481469
66 11   0.0159608884  -0.0800627315   0.0770313749  -0.1051265789  -0.0224706566
66 12   0.0314810267  -0.0060514137  -0.0057301179  -0.0099103245  -0.0006631678
66 13   0.0016080876  -0.0012239444   0.0004414235   0.3946566243   0.0147188483
66 14   0.3193668020  -0.0839125896  -0.1070690099  -0.0666728132  -0.2100892401
66 15   0.0057491603  -0.1569660275   0.0016009365   0.0001402556  -0.0001320232
66 16   0.0002900832   0.0009669641  -0.0005878362   0.0008528338  -0.0006505924
66 17   0.0001080883
67  1  -0.0006969791   0.0001160063  -0.0005264437  -0.0000089433   0.0000560384
67  2  -0.0000321155   0.0000127157   0.0001619266   0.0000109647  -0.0000360576
67  3   0.0000142788   0.0000023620  -0.0000281853   0.0000475521  -0.0000035143
67  4  -0.0000206060   0.0000798465  -0.0000154193  -0.0000367715   0.0000741697
67  5  -0.0000023110  -0.0002521379   0.0000213912  -0.0000970247  -0.0000795772
67  6   0.0000645454  -0.0000139929  -0.0000176840   0.0000118863  -0.0000054810
67  7   0.0000104106   0.0000242446  -0.0000097485  -0.0000105527   0.0000131211
67  8  -0.0000002376  -0.0000007881   0.0000053150  -0.0000071137   0.0000047227
67  9  -0.0000165140  -0.0000246665  -0.0003665519   0.0002512401  -0.0002855027
67 10   0.0029135608  -0.0007205925  -0.0010105765   0.0002732479   0.0048146486
67 11  -0.0023819786   0.0075928029   0.0114261831   0.0108594583  -0.0011717718
67 12   0.0016539786   0.0010413660  -0.0004731899  -0.0007633281   0.0004261353
67 13  -0.0005371578   0.0006051869   0.0002634613  -0.1109561966  -0.1427952599
67 14  -0.0839125896   0.1077596279   0.1469535472   0.0775589891  -0.0035118817
67 15  -0.0220231813  -0.0007150703  -0.0003905577   0.0000946061  -0.0010472070
67 16   0.0000560860  -0.0000391091  -0.0001054899  -0.0000275845  -0.0001317277
67 17   0.0000337464
68  1  -0.0003110341  -0.0006039211  -0.0002739824   0.0001498909  -0.0000481232
68  2   0.0001327408  -0.0002229249  -0.0000097703  -0.0001580619   0.0001230234
68  3   0.0001018391   0.0000886833  -0.0001726699  -0.0001296074  -0.0001544290
68  4   0.0000936826  -0.0000277555   0.0000540029   0.0000571189   0.0000848856
68  5   0.0000420718   0.0003501944  -0.0001390709   0.0003059061   0.0000606590
68  6   0.0000700959   0.0000022103  -0.0000039572  -0.0000260549  -0.0000083195
68  7  -0.0000621549  -0.0000403951  -0.0000513498   0.0000115060  -0.0000077176
68  8   0.0000053143   0.0000028561   0.0000120209   0.0000032337   0.0000060840
68  9   0.0000829746   0.0000072088   0.0006170231   0.0012551636   0.0004623436
68 10  -0.0009969485  -0.0007831540  -0.0007854502   0.0030672666  -0.0011231992
68 11   0.0023249184  -0.0135111797  -0.0228187194  -0.0103484637  -0.0015074955
68 12   0.0019612123  -0.0011027587  -0.0004557000  -0.0014869208  -0.0003383952
68 13   0.0003524078   0.0001695039   0.0002308016  -0.1398757224  -0.3600352166
68 14  -0.1070690099   0.1469535472   0.3754021684   0.1125767269   0.0045347640
68 15   0.0079146182   0.0034931097   0.0005838628   0.0002967268   0.0004443528
68 16  -0.0000023160   0.0000838591  -0.0000016503   0.0001582162  -0.0001554424
68 17   0.0001182456
69  1  -0.0005329964   0.0000873760  -0.0003647775  -0.0000248467   0.0000377087
69  2  -0.0000046021   0.0000101646   0.0001041880  -0.0000008867   0.0000010398
69  3   0.0000142459  -0.0000311158  -0.0000150108   0.0000204119  -0.0000091008
69  4  -0.0000225064   0.0000527597   0.0000029955  -0.0000067723   0.0000388597
69  5  -0.0000335556  -0.0000770637   0.0000280452  -0.0002249250  -0.0000303746
69  6   0.0000487372  -0.0000385390  -0.0000076115   0.0000002152  -0.0000090690
69  7  -0.0000114479   0.0000176085   0.0000205272  -0.0000020703   0.0000031954
69  8  -0.0000067873  -0.0000066543   0.0000013526   0.0000030682  -0.0000243575
69  9  -0.0000133622   0.0000155492  -0.0002775149   0.0002054005  -0.0001934272
69 10  -0.0010158227  -0.0005496075   0.0034672050  -0.0023779907   0.0036493492
69 11   0.0016093411   0.0107837526   0.0086542666   0.0016495487   0.0010391078
69 12   0.0012823349  -0.0017630439   0.0004370020  -0.0005672699  -0.0007211701
69 13   0.0002530427   0.0004617130  -0.0006411456  -0.0839697098  -0.1093998037
69 14  -0.0666728132   0.0775589891   0.1125767269   0.0669580607  -0.0005653380
69 15  -0.0167023518  -0.0032697483  -0.0010452740   0.0000743265   0.0001853565
69 16  -0.0001057916  -0.0000288362   0.0001151688   0.0000360554  -0.0000975902
69 17  -0.0000421135
70  1   0.0020687015  -0.0014866862   0.0007438040   0.0022739978   0.0007137130
70  2   0.0015129224  -0.0034028130  -0.0053514917  -0.0023773490   0.0005358847
70  3   0.0026465340   0.0005541974  -0.0004916062  -0.0012376950  -0.0004885631
70  4   0.0002271752   0.0003595363   0.0000315874  -0.0002411761  -0.0007293596
70  5  -0.0003521135   0.0022983303   0.0036280865   0.0030193302   0.0000618115
70  6   0.0009456747  -0.0000822324  -0.0000526876  -0.0000882118  -0.0000618019
70  7   0.0001366479  -0.0001342131   0.0000806352  -0.0000187675  -0.0000006152
70  8  -0.0000253967   0.0000502262   0.0000728847   0.0000234558  -0.0001074675
70  9   0.0001786884  -0.0001249534  -0.0005285164  -0.0018579533  -0.0003777845
70 10  -0.0002638758   0.0025321972   0.0008173577  -0.0015229089  -0.0060178038
70 11   0.0011975854  -0.0101074752   0.0078090640  -0.0048946696   0.0044023738
70 12  -0.0003275598  -0.0009348169   0.0006384968   0.0018449387  -0.0008552791
70 13  -0.0006893272  -0.0012335413  -0.0007154887  -0.2768655826   0.0049765802
70 14  -0.2100892401  -0.0035118817   0.0045347640  -0.0005653380   0.2857220727
70 15  -0.0120175343   0.2132323620  -0.0001811167  -0.0000751022   0.0004027609
70 16  -0.0002934135   0.0000929316   0.0003958053  -0.0001371024   0.0002221739
70 17  -0.0000667769
71  1  -0.0002733722  -0.0027179679  -0.0002142869  -0.0004012777  -0.0003643316
71  2  -0.0003119353   0.0002769975   0.0015265833   0.0002137041   0.0000914182
71  3  -0.0006483971   0.0000670044  -0.0002143327  -0.0000948611  -0.0001666749
71  4   0.0001246864  -0.0002022784   0.0000890201   0.0002207747   0.0003052720
71  5   0.0001627365  -0.0002314159  -0.0017624560  -0.0001773788   0.0001651190
71  6  -0.0000416212   0.0001213198   0.0000200687  -0.0000636121   0.0000141349
71  7  -0.0001830878  -0.0001918168  -0.0001409518   0.0000361023  -0.0000309382
71  8   0.0000266200  -0.0000114409  -0.0000069346  -0.0000094110   0.0000620001
71  9   0.0000857940   0.0000471087  -0.0007456426  -0.0001111353  -0.0005594694
71 10   0.0003626302  -0.0002230038   0.0002826204  -0.0010441275   0.0014447172
71 11  -0.0007719737   0.0260641811   0.0064460686   0.0198369935   0.0006179587
71 12  -0.0053425336   0.0004421601   0.0013456264   0.0013776249   0.0010297574
71 13  -0.0004701463   0.0000966243  -0.0003536722   0.0081558830  -0.0752670662
71 14   0.0057491603  -0.0220231813   0.0079146182  -0.0167023518  -0.0120175343
71 15   0.0682033284  -0.0087353566   0.0001327575   0.0000497203   0.0001044607
71 16   0.0000614569  -0.0004071879   0.0000494848  -0.0001221013   0.0000257908
71 17  -0.0000928235
72  1   0.0008452485  -0.0011490973   0.0016666138   0.0014991703   0.0005528209
72  2   0.0014809033  -0.0023651172  -0.0040640421  -0.0020819747   0.0005329784
72  3   0.0020239808   0.0002783316  -0.0005173943  -0.0009407763  -0.0001748734
72  4  -0.0000110712   0.0002855882   0.0002849116  -0.0003814613  -0.0005468312
72  5   0.0000119339   0.0030232578   0.0027716038   0.0006457945  -0.0001333693
72  6   0.0007310408   0.0001839349  -0.0000668306  -0.0000724951  -0.0000105830
72  7   0.0000765209  -0.0001014759   0.0000967411  -0.0000301167  -0.0000034829
72  8   0.0000035788   0.0000205045   0.0000551812   0.0000433813  -0.0001261548
72  9   0.0001366600  -0.0000350572  -0.0003228270  -0.0014331061  -0.0003849098
72 10   0.0008380852   0.0019356149  -0.0007339905   0.0012562187  -0.0045867115
72 11  -0.0022478873  -0.0048681008   0.0060150792  -0.0073791599  -0.0008512178
72 12  -0.0002924974   0.0048411955  -0.0007923583   0.0014010297   0.0010442895
72 13  -0.0006981299  -0.0009532109  -0.0003080121  -0.2101966570   0.0032884851
72 14  -0.1569660275  -0.0007150703   0.0034931097  -0.0032697483   0.2132323620
72 15  -0.0087353566   0.1640414029   0.0004125224  -0.0000540686  -0.0004108301
72 16   0.0004027523   0.0000723220  -0.0005174329  -0.0000637445   0.0001706358
72 17  -0.0001025261
73  1   0.0001684518  -0.0000284979   0.0000479530   0.0000432951   0.0000810724
73  2  -0.0000052674  -0.0000230433  -0.0000956906  -0.0000208694   0.0000079613
73  3   0.0000703782   0.0000395431   0.0000010918   0.0000967087   0.0000274771
73  4  -0.0000169532   0.0000583006  -0.0000144886  -0.0000196696   0.0000413033
73  5   0.0000012223   0.0000594658   0.0001257372   0.0000093476  -0.0000508986
73  6   0.0000108418   0.0000112389  -0.0000103126   0.0000173562   0.0000025308
73  7   0.0000147616   0.0000252201  -0.0000031096  -0.0000107707   0.0000102495
73  8   0.0000013892   0.0000017389   0.0000049975  -0.0000008666  -0.0000015770
73  9  -0.0000049658  -0.0000060608   0.0029238603   0.0038575489  -0.0040002969
73 10  -0.0017170577   0.0012984244  -0.0013147947  -0.0027191897   0.0001007603
73 11  -0.0051223131  -0.0056873446  -0.0212474682  -0.0035743375  -0.1000250587
73 12  -0.1143363059  -0.0574585452   0.0066800486   0.0109834676   0.0065859704
73 13   0.0004606075  -0.0000939662   0.0008034262   0.0007700435  -0.0002256080
73 14   0.0016009365  -0.0003905577   0.0005838628  -0.0010452740  -0.0001811167
73 15   0.0001327575   0.0004125224   0.1000532906   0.1182992390   0.0609318417
73 16  -0.0013810288  -0.0002613092   0.0025940927   0.0010499619   0.0004955857
73 17  -0.0005032681
74  1  -0.0000288884   0.0000049515  -0.0000551890  -0.0000066270  -0.0000069058
74  2   0.0000100668   0.0000071402   0.0000552117   0.0000105336   0.0000085994
74  3  -0.0000249334   0.0000039942  -0.0000219723   0.0000013833  -0.0000333027
74  4   0.0000091465  -0.0000035508  -0.0000026852   0.0000131560   0.0000339230
74  5   0.0000078615  -0.0000244865  -0.0000275810   0.0000103122   0.0000065712
74  6   0.0000078830  -0.0000234934   0.0000067064  -0.0000080448   0.0000003253
74  7  -0.0000119628  -0.0000067410  -0.0000124246   0.0000057367  -0.0000021125
74  8   0.0000011815   0.0000000805  -0.0000002212   0.0000015148   0.0000028962
74  9   0.0000106428   0.0000042311   0.0033897014  -0.0027400012   0.0025360666
74 10   0.0005883279  -0.0003976849   0.0004356455   0.0017377481   0.0014683123
74 11   0.0013164555   0.0036745845   0.0051770631   0.0028403345  -0.1123845225
74 12  -0.2745516785  -0.0858754576  -0.0145092244  -0.0164841747  -0.0111088351
74 13  -0.0000987393   0.0003685679  -0.0001034032   0.0001389782   0.0007006180
74 14   0.0001402556   0.0000946061   0.0002967268   0.0000743265  -0.0000751022
74 15   0.0000497203  -0.0000540686   0.1182992390   0.2856815693   0.0904902208
74 16  -0.0000815257   0.0008292652  -0.0000423011  -0.0007401670  -0.0004322084
74 17  -0.0005721655
75  1   0.0000296470  -0.0000224194   0.0001612231  -0.0000046262   0.0000590765
75  2   0.0000333053  -0.0000202958  -0.0000913656  -0.0000184727   0.0000366674
75  3   0.0000564498  -0.0000117079   0.0000199567   0.0000581902  -0.0000039287
75  4  -0.0000209106   0.0000389063  -0.0000031073  -0.0000029355   0.0000141121
75  5  -0.0000224225   0.0000187488   0.0001052909   0.0000347982  -0.0000009305
75  6   0.0000098332  -0.0000388549   0.0000013156   0.0000057977  -0.0000079438
75  7  -0.0000024532   0.0000162177   0.0000216669   0.0000002588   0.0000020825
75  8  -0.0000094681  -0.0000011245   0.0000028502   0.0000014646  -0.0000058836
75  9  -0.0000045412  -0.0000004226  -0.0039896352   0.0029085800   0.0051669059
75 10  -0.0013308828   0.0010000859  -0.0009778157  -0.0051194258   0.0000695597
75 11   0.0001215550  -0.0034742148  -0.0161309971  -0.0038377874  -0.0574407564
75 12  -0.0874112109  -0.0697532889   0.0065133245   0.0083148894   0.0030977710
75 13   0.0007959915  -0.0000685385   0.0000429141   0.0016161405  -0.0001628234
75 14  -0.0001320232  -0.0010472070   0.0004443528   0.0001853565   0.0004027609
75 15   0.0001044607  -0.0004108301   0.0609318417   0.0904902208   0.0678448465
75 16   0.0026012747  -0.0001808842  -0.0028106102  -0.0005066462   0.0003718238
75 17   0.0013268770
76  1  -0.0002535675  -0.0000563826   0.0001716306  -0.0000179413   0.0000109046
76  2   0.0000530978  -0.0000396438  -0.0000048651  -0.0000008165   0.0000122469
76  3   0.0000318418  -0.0000117273  -0.0000306657  -0.0000187692  -0.0000051068
76  4  -0.0000268319   0.0000129583   0.0000296594  -0.0000272869   0.0000089397
76  5   0.0000254164  -0.0000013316   0.0000107934   0.0000278018  -0.0000235016
76  6   0.0000231385   0.0000157185  -0.0000045520  -0.0000002611  -0.0000001937
76  7   0.0000087741  -0.0000051190  -0.0000111213  -0.0000028861   0.0000017698
76  8   0.0000021159  -0.0000035227   0.0000001192   0.0000046850  -0.0000025691
76  9   0.0000024653  -0.0000001633  -0.0082649362   0.0012481369  -0.0093965743
76 10   0.0042927942  -0.0021024868  -0.0007888487  -0.0000145569   0.0006415549
76 11   0.0009578614   0.0035870254   0.0011583026  -0.0051889152  -0.0002909113
76 12  -0.0015477641  -0.0056674531  -0.2382539421   0.0304697126  -0.1520171684
76 13  -0.0009285028  -0.0001210553  -0.0004572020  -0.0004442388  -0.0001644038
76 14   0.0002900832   0.0000560860  -0.0000023160  -0.0001057916  -0.0002934135
76 15   0.0000614569   0.0004027523  -0.0013810288  -0.0000815257   0.0026012747
76 16   0.2430081189  -0.0296672909   0.1676111991  -0.0006592150   0.0000901451
76 17   0.0014577861
77  1  -0.0000040375  -0.0001118331   0.0000003037   0.0000103307   0.0000298384
77  2   0.0000233220  -0.0000109930  -0.0000424812  -0.0000064407  -0.0000176581
77  3   0.0000543543  -0.0000054759  -0.0000030339   0.0000037908   0.0000003934
77  4  -0.0000128539   0.0000238594   0.0000025996   0.0000012425   0.0000187285
77  5   0.0000091335   0.0000253860   0.0000585608   0.0000324635  -0.0000173004
77  6   0.0000253000  -0.0000057630   0.0000069205  -0.0000010681   0.0000033148
77  7   0.0000126405  -0.0000019056   0.0000085479   0.0000040125  -0.0000007780
77  8   0.0000020296   0.0000002095   0.0000006888   0.0000028165   0.0000013763
77  9   0.0000056840   0.0000025315  -0.0285342593   0.0040403888  -0.0217047275
77 10   0.0010294007  -0.0044971771   0.0007360132  -0.0002101669   0.0003560860
77 11  -0.0001599619   0.0016337838  -0.0060846729   0.0011910028   0.0211993333
77 12   0.0034287784   0.0161124385   0.0356460892  -0.0665565776   0.0265594019
77 13  -0.0018954531  -0.0008116834  -0.0014556062   0.0012655041   0.0009731915
77 14   0.0009669641  -0.0000391091   0.0000838591  -0.0000288362   0.0000929316
77 15  -0.0004071879   0.0000723220  -0.0002613092   0.0008292652  -0.0001808842
77 16  -0.0296672909   0.0674207288  -0.0219957404  -0.0002556960   0.0011622619
77 17  -0.0001821628
78  1   0.0002310391  -0.0000426589  -0.0003508747   0.0000791545   0.0000186933
78  2  -0.0000753991   0.0000219208  -0.0000102559  -0.0000517218   0.0000048495
78  3   0.0000301502   0.0000047678   0.0000164831  -0.0000177414  -0.0000434640
78  4   0.0000513265   0.0000191651  -0.0000696011   0.0000549619   0.0000056151
78  5  -0.0000688143   0.0000507752   0.0000157743  -0.0000293988   0.0000292203
78  6   0.0000280730  -0.0000522846   0.0000015655  -0.0000027594  -0.0000056167
78  7  -0.0000074406  -0.0000085885   0.0000172835   0.0000044593   0.0000000633
78  8  -0.0000064682   0.0000060896   0.0000029173  -0.0000093961   0.0000022706
78  9   0.0000021851  -0.0000044191  -0.0095695424   0.0009322547  -0.0031381539
78 10  -0.0007826925  -0.0016434064   0.0047293835   0.0009528465   0.0004938414
78 11  -0.0005284816  -0.0051766696   0.0008291863   0.0064616993  -0.0056071883
78 12  -0.0011797246   0.0029110721  -0.1521402208   0.0226548160  -0.1518844153
78 13  -0.0004694422  -0.0000963707  -0.0006623286   0.0003007531  -0.0001217517
78 14  -0.0005878362  -0.0001054899  -0.0000016503   0.0001151688   0.0003958053
78 15   0.0000494848  -0.0005174329   0.0025940927  -0.0000423011  -0.0028106102
78 16   0.1676111991  -0.0219957404   0.1481139689   0.0014498736   0.0000807295
78 17  -0.0014566269
79  1  -0.0000359357   0.0004901315  -0.0000839933  -0.0000071920  -0.0000659384
79  2   0.0000227365  -0.0000511924  -0.0000744340  -0.0000647728  -0.0000199962
79  3  -0.0001325861   0.0000257815  -0.0000378298   0.0000059088  -0.0000541235
79  4  -0.0000015733  -0.0000707501   0.0000181632  -0.0000145360  -0.0000486493
79  5  -0.0000239599  -0.0000044064   0.0000363711   0.0000210768  -0.0000011010
79  6  -0.0000680562   0.0000447289   0.0000052487  -0.0000124374  -0.0000135445
79  7  -0.0000148602   0.0000211214  -0.0000553628   0.0000022698  -0.0000053197
79  8  -0.0000064473  -0.0000049133  -0.0000072207   0.0000022601  -0.0000004459
79  9   0.0000040833  -0.0000114927  -0.0923306979   0.1212100490  -0.0600384332
79 10  -0.0048257268   0.0290771131  -0.0031173167  -0.0033614577   0.0008258262
79 11  -0.0055715428  -0.0027925873  -0.0013771170  -0.0021322598   0.0013973861
79 12  -0.0043272654  -0.0029456181   0.0073609542  -0.0154868086   0.0102600824
79 13   0.0013341470  -0.0020696332   0.0033980247   0.0005479899  -0.0003154709
79 14   0.0008528338  -0.0000275845   0.0001582162   0.0000360554  -0.0001371024
79 15  -0.0001221013  -0.0000637445   0.0010499619  -0.0007401670  -0.0005066462
79 16  -0.0006592150  -0.0002556960   0.0014498736   0.0926303960  -0.1266491694
79 17   0.0585576412
80  1   0.0002157480   0.0001038590   0.0001538271  -0.0001509018   0.0000397586
80  2  -0.0000921327   0.0002752547   0.0001780597   0.0002191048  -0.0001238863
80  3  -0.0002062435  -0.0000908763   0.0001161738   0.0003432890   0.0000818238
80  4  -0.0000390552   0.0000168287  -0.0000285773   0.0000384137   0.0001054644
80  5   0.0000371040  -0.0002217816  -0.0000490246  -0.0001389423  -0.0000220772
80  6  -0.0001662790  -0.0000333737   0.0000131347   0.0000428333   0.0000064153
80  7   0.0000260325   0.0000700789   0.0000172996  -0.0000011601   0.0000092190
80  8  -0.0000029497   0.0000012582   0.0000006029   0.0000030713   0.0000118665
80  9  -0.0000086125   0.0000114154   0.1211667359  -0.3809975881   0.0905199190
80 10   0.0012890876   0.0067479673   0.0009641092  -0.0014512676   0.0006334582
80 11  -0.0011224602   0.0021876205  -0.0002764025   0.0016735470  -0.0053008124
80 12   0.0008056437  -0.0040435323   0.0101202060  -0.0208241927   0.0076557689
80 13  -0.0012854792  -0.0030506874  -0.0010031641  -0.0008921183   0.0014719198
80 14  -0.0006505924  -0.0001317277  -0.0001554424  -0.0000975902   0.0002221739
80 15   0.0000257908   0.0001706358   0.0004955857  -0.0004322084   0.0003718238
80 16   0.0000901451   0.0011622619   0.0000807295  -0.1266491694   0.3944096457
80 17  -0.0946624035
81  1  -0.0000809263   0.0003745754   0.0000194867   0.0000084152  -0.0000370083
81  2   0.0000016849  -0.0000645096  -0.0000511832   0.0000030604   0.0000239310
81  3  -0.0000964873  -0.0000324979  -0.0000442856   0.0000117253  -0.0000134708
81  4   0.0000167581  -0.0000397649  -0.0000162294  -0.0000237194  -0.0000273378
81  5   0.0000084092   0.0000035923   0.0000281612   0.0000192420   0.0000543413
81  6  -0.0000415550  -0.0000520068  -0.0000119120  -0.0000066807   0.0000097641
81  7  -0.0000519151   0.0000124295   0.0000161969  -0.0000055296  -0.0000013013
81  8   0.0000040909  -0.0000002585  -0.0000007912  -0.0000048416  -0.0000121601
81  9   0.0000041636   0.0000089712  -0.0599991233   0.0905403815  -0.0592430287
81 10  -0.0032088890   0.0221311106  -0.0030406425  -0.0055870417   0.0006181886
81 11  -0.0002827520  -0.0021382126  -0.0010612235  -0.0016064404  -0.0029441814
81 12  -0.0033216131   0.0030062002   0.0103395787  -0.0118358749   0.0016822606
81 13   0.0034041092  -0.0015703968  -0.0005765975   0.0008428099  -0.0002382081
81 14   0.0001080883   0.0000337464   0.0001182456  -0.0000421135  -0.0000667769
81 15  -0.0000928235  -0.0001025261  -0.0005032681  -0.0005721655   0.0013268770
81 16   0.0014577861  -0.0001821628  -0.0014566269   0.0585576412  -0.0946624035
81 17   0.0602554417
$end
