$vibrational normal modes
 1  1  -0.0005373207  -0.0249799032   0.0188386240  -0.0527551722   0.0564093632
 1  2   0.0351814702   0.1527871414  -0.0122593902  -0.0634573316   0.0076046830
 1  3   0.0172942855  -0.1043589715   0.0004627662   0.0096476450   0.0122619957
 1  4  -0.0140145349   0.0108815042  -0.0031728073   0.0087496286  -0.0127954956
 1  5   0.1695835205  -0.0032380033   0.0131268842   0.0288039724   0.0128116906
 1  6   0.0031090042  -0.0018057460   0.0008121871   0.0001500114  -0.0075552291
 1  7  -0.0095433774  -0.0004623631   0.0311395170  -0.0002587520   0.0000036013
 1  8  -0.0000450133  -0.0001623280   0.0004610423  -0.0018257382  -0.0001854341
 1  9   0.0000401002  -0.0056700356  -0.0096306874   0.0000056936  -0.0000555971
 1 10  -0.0018648060   0.0029374799  -0.0039300305  -0.0092795631  -0.0004662812
 1 11  -0.0019450657   0.0004587812  -0.0011171289  -0.0001560202   0.0001294713
 1 12  -0.0001137010   0.0010885105   0.0001738880  -0.0002095464  -0.0005448037
 1 13  -0.0004307808  -0.0000592061  -0.0000014161   0.0010555773  -0.0000467760
 1 14  -0.0000603523  -0.0000624023  -0.0001395045  -0.0000081699   0.0003608044
 1 15  -0.0003391712  -0.0000007854  -0.0000010666  -0.0000025090  -0.0000026490
 1 16  -0.0000486341   0.0000383432  -0.0000077900  -0.0000081916   0.0000072537
 1 17   0.0000022069
 2  1  -0.0004890166   0.0084122161   0.1055267446   0.0155544299  -0.0573919966
 2  2  -0.0377274865   0.0875558877  -0.0865115213   0.0862610367   0.0003154555
 2  3   0.0058554876   0.0016412768   0.0269774497  -0.0139382889   0.1681371100
 2  4  -0.0051054735   0.1298019051  -0.0010715585   0.0000525366   0.0019374701
 2  5  -0.0145551691   0.0005117660  -0.0031102129  -0.0074247975  -0.0042532955
 2  6  -0.0001483834   0.0002064998  -0.0004933723  -0.0025380108   0.0055538266
 2  7   0.0056709869  -0.0020385515  -0.0020722434   0.0000129784   0.0000099966
 2  8  -0.0000089640  -0.0000066330  -0.0000294599   0.0001046538  -0.0000011524
 2  9   0.0000135919   0.0008811723   0.0029197563  -0.0000146897   0.0000723263
 2 10   0.0010065046  -0.0008470821   0.0014897241   0.0013764612  -0.0000569212
 2 11  -0.0002855253   0.0004235640  -0.0007027771   0.0002722755  -0.0003272415
 2 12  -0.0003051669   0.0000772274  -0.0001870692   0.0001983446   0.0001995429
 2 13   0.0000449682  -0.0004454204   0.0005994295  -0.0002577770   0.0000429103
 2 14   0.0001883567  -0.0000623431   0.0000087463   0.0003972181   0.0012719820
 2 15  -0.0018293366   0.0000001949  -0.0000015024   0.0000002158   0.0000010647
 2 16   0.0000291998  -0.0000172794   0.0000004044   0.0000015331  -0.0000119322
 2 17  -0.0000140722
 3  1   0.0012395981   0.0336422253  -0.0080275664   0.0717719419  -0.0474528989
 3  2  -0.0714038684   0.0523495954   0.0881613812  -0.0221855895  -0.0887339181
 3  3  -0.0204468994   0.1367684691  -0.0136428925  -0.0141946839   0.0086784461
 3  4   0.0204077530   0.0082684261   0.0059022706  -0.0197810904  -0.0317639625
 3  5   0.1126651216  -0.0013069577   0.0107324635   0.0191559592   0.0146478776
 3  6  -0.0031793011   0.0014362545   0.0005152570   0.0002070991  -0.0057476324
 3  7  -0.0072800739  -0.0003832074   0.0235904298  -0.0001408387  -0.0001111972
 3  8   0.0001089294   0.0003358915  -0.0006255868   0.0017546844   0.0002006224
 3  9  -0.0000708026  -0.0043118914  -0.0073021211   0.0000190077  -0.0001132115
 3 10  -0.0014063761   0.0022146870  -0.0029714949  -0.0070386798  -0.0003487356
 3 11  -0.0014770510   0.0003500802  -0.0008439866  -0.0001173105   0.0000959796
 3 12  -0.0000844678   0.0008367962   0.0001321038  -0.0001570868  -0.0004130737
 3 13  -0.0003236978  -0.0000443823  -0.0000012635   0.0008032822  -0.0000372891
 3 14  -0.0000436054  -0.0000515605  -0.0001150533  -0.0000063881   0.0002843877
 3 15  -0.0002592568  -0.0000015866  -0.0000013884  -0.0000021000  -0.0000025750
 3 16  -0.0000363555   0.0000282158  -0.0000056730  -0.0000062164   0.0000051646
 3 17   0.0000009968
 4  1  -0.0057751033   0.0079108734  -0.1203923689   0.1287356732   0.1469451569
 4  2   0.0780838753   0.1342386122   0.0002045809   0.0488739712  -0.1362672849
 4  3  -0.0572042688  -0.0742146736  -0.0679778090  -0.0765526915  -0.0487074950
 4  4   0.1788911873   0.1887092760   0.0438671721   0.0332431810   0.0242420330
 4  5  -0.0733705774  -0.0429478303  -0.0531358490  -0.0215441633  -0.0074747150
 4  6   0.0706505598  -0.0038849431  -0.0751882811  -0.0735242227   0.1343682287
 4  7   0.0266532944   0.0326919600   0.0166308724  -0.0000735474  -0.0413934982
 4  8  -0.0010833386  -0.0013595044  -0.1355769406   0.0873334665  -0.0198676227
 4  9  -0.0005660106   0.0334850184  -0.0987505893  -0.0001611289  -0.0138323873
 4 10  -0.0660968910   0.0031954489  -0.0381576458  -0.0156857213  -0.0140981745
 4 11  -0.0178061184  -0.0744846054   0.0040156748   0.0031231432   0.0596786107
 4 12   0.0206612856   0.1361025170  -0.0697450294  -0.0015455641  -0.0035989137
 4 13  -0.1296829726   0.0011209872   0.0021999439  -0.1376924195  -0.1193269633
 4 14  -0.0135861132   0.0047075132   0.0163403114   0.0024403188  -0.1185474833
 4 15   0.0160593202   0.0011686028   0.0000061993   0.0011180926   0.0000021389
 4 16  -0.0004617944  -0.0003665794   0.0000077192  -0.0089911493  -0.0004068190
 4 17   0.0003459777
 5  1   0.0001723179  -0.0083848792  -0.0967068833  -0.0123056635   0.0425608708
 5  2  -0.0663505744   0.1069467352   0.0011914895   0.2156676602   0.0437415741
 5  3  -0.0076077359   0.0006409240   0.0292497521   0.0025829392  -0.0391232674
 5  4   0.0004258360  -0.0513724073   0.0007029616   0.0019264747   0.0024906544
 5  5  -0.0160471862  -0.0048658777   0.0460345386   0.0113944619   0.0054428995
 5  6   0.0026461559   0.0001972223  -0.0133600904  -0.0352922607  -0.3516780713
 5  7  -0.0495027036   0.0542076613   0.0668145402  -0.0000882559  -0.0022548180
 5  8   0.0013269997   0.0008641556   0.0006798110  -0.0005901808  -0.0011881659
 5  9   0.0000157890   0.0182576885  -0.0809430051   0.0000268645   0.0051655436
 5 10   0.0872542613   0.0013401204   0.2573737019   0.0941115667  -0.0899986191
 5 11  -0.0674813321  -0.0455094173  -0.0069934785   0.0017665021   0.0232777245
 5 12  -0.0053302899  -0.0344789949   0.0383216219   0.0006629954  -0.0019353729
 5 13  -0.0759788623  -0.0327166689   0.0025684507  -0.0446110988  -0.0406693165
 5 14   0.0381957040  -0.0013339531   0.0464354237  -0.0851699392  -0.0569621508
 5 15   0.0115230007   0.0000901120   0.0000018226   0.0006286193   0.0000097811
 5 16  -0.0004668826   0.0008357302   0.0000892604   0.0731176570   0.0025498412
 5 17  -0.0013092351
 6  1   0.0094523597  -0.0314723264  -0.0475043589  -0.1980863162  -0.0709690082
 6  2  -0.1553398930   0.0953595263   0.1557569676  -0.0461984785   0.1423929028
 6  3   0.0687861668   0.0925503652  -0.0304929591   0.1187278852  -0.0273382492
 6  4  -0.2358511292   0.1339629661  -0.0649177725  -0.0419648565  -0.0084751700
 6  5  -0.0683004487   0.0641671983  -0.0145522856  -0.0068675705  -0.0085576160
 6  6  -0.0969567562   0.0051014966  -0.0608924654  -0.0597480895   0.0995981047
 6  7   0.0200380010   0.0266578918   0.0143247623   0.0003007658   0.0557253727
 6  8   0.0004069403   0.0010975531   0.1777916469  -0.1141393344   0.0261113971
 6  9   0.0007680127   0.0238200956  -0.0703200929   0.0001246517   0.0127904988
 6 10  -0.0511717577   0.0025263619  -0.0281335083  -0.0115369698  -0.0111605499
 6 11  -0.0138772958  -0.0568421019   0.0029936579   0.0023356180   0.0448390434
 6 12   0.0155526403   0.1024631006  -0.0527723239  -0.0011927594  -0.0027349794
 6 13  -0.0992087637   0.0007897643   0.0016799212  -0.1048123708  -0.0908919667
 6 14  -0.0102432689   0.0035852292   0.0125414329   0.0016615077  -0.0902983416
 6 15   0.0121926622   0.0009022497  -0.0000015941   0.0008522975   0.0000022094
 6 16  -0.0003568490  -0.0002825935   0.0000044233  -0.0065801175  -0.0003081906
 6 17   0.0002619185
 7  1  -0.0147245646  -0.0472722975  -0.0797828569   0.0614884931   0.1159775376
 7  2   0.0773164780   0.1428837935   0.0090545589   0.0282611479  -0.0960883256
 7  3   0.0658327456   0.0358355639  -0.0325819181  -0.0264735290  -0.0745059894
 7  4   0.0196614058   0.1486546383  -0.0219921580  -0.0418886213  -0.0132707418
 7  5  -0.0809019538  -0.0050842930  -0.0508706760  -0.0191601984  -0.0060574953
 7  6   0.0180566708   0.0010325574  -0.0172006820  -0.0078889265   0.1822532062
 7  7   0.0286897233   0.0640112138   0.0504546276   0.0003097025  -0.0661571385
 7  8   0.0093531369   0.0062415580   0.3587073615  -0.2293403082  -0.0160817690
 7  9   0.0016796244  -0.0367906198   0.1219087401  -0.0000710721  -0.0096437534
 7 10   0.0439233141  -0.0026309577   0.0106861203   0.0083569710  -0.0593650489
 7 11  -0.0373770513   0.0586551765  -0.0140103882  -0.0000251020  -0.0134833935
 7 12  -0.0331614864  -0.2336655965   0.0407488154   0.0002094796  -0.0023549629
 7 13  -0.0854239386  -0.0121296328  -0.0042750030  -0.0082433094  -0.0030154955
 7 14   0.0377422591  -0.0114810265  -0.0311805373  -0.0636957631   0.3857671902
 7 15  -0.0450140364   0.0010652485  -0.0000045708   0.0001279346  -0.0000043786
 7 16   0.0009736471   0.0002311744  -0.0000517390   0.0007665660   0.0002206938
 7 17  -0.0003676192
 8  1  -0.0000771897   0.0008618526   0.0039306979   0.0011905943   0.0055371308
 8  2  -0.0556733431   0.0997701367  -0.0312418673   0.1678173020   0.0275887550
 8  3  -0.0042289468   0.0068631989   0.1331591156   0.0025931385  -0.1213691721
 8  4   0.0061807853  -0.1270416128   0.0005429970   0.0004394831  -0.0002966388
 8  5  -0.0013090159   0.0040710437  -0.0274791030  -0.0150691938  -0.0081244916
 8  6  -0.0004137595   0.0004398350   0.0965040324   0.0998891072  -0.1044969699
 8  7  -0.0189033992   0.2015649788   0.1940715552  -0.0002041041  -0.0021578100
 8  8   0.0022644305   0.0015026001   0.0008492577  -0.0007733660  -0.0006421709
 8  9   0.0000187764  -0.0290404203   0.0824091523   0.0000241657  -0.0016725250
 8 10  -0.0101575990   0.0037263740  -0.0139094965  -0.0076834263   0.0765791595
 8 11   0.0494626970  -0.0523044837   0.0142990477  -0.0013359975  -0.0010804342
 8 12   0.0490887423   0.3277177503  -0.0834803673  -0.0015494213   0.0009798850
 8 13   0.0509528916   0.0082336376  -0.0048273881  -0.1174538665  -0.0992677896
 8 14  -0.0031587265  -0.0055184073  -0.0890365111   0.0586055600   0.4386512145
 8 15  -0.0588433261  -0.0003050501  -0.0000011834   0.0000895115   0.0000068038
 8 16   0.0015758140   0.0007923445  -0.0000228843  -0.0002852713  -0.0001433742
 8 17  -0.0004651425
 9  1   0.0209114554   0.0471316582  -0.0461934278  -0.1018146335  -0.0487984445
 9  2  -0.1489789228   0.0803925019   0.1278612493  -0.0430728673   0.0814543292
 9  3  -0.0926537322  -0.0500476274  -0.0197049672   0.0525041285  -0.0421498000
 9  4  -0.0215659550   0.1166843645   0.0227358735   0.0561096792   0.0360614258
 9  5  -0.0249155353   0.0164582768  -0.0335283825  -0.0101493112  -0.0101288786
 9  6  -0.0276154882  -0.0013728341  -0.0088673790  -0.0021844500   0.1308347235
 9  7   0.0204729323   0.0491014331   0.0394420520  -0.0004087634   0.0870575500
 9  8  -0.0118948948  -0.0079417475  -0.4775717523   0.3052425793   0.0199791756
 9  9  -0.0022020282  -0.0262955595   0.0886916103   0.0000904144   0.0203420362
 9 10   0.0309329343  -0.0019199288   0.0064723991   0.0057865278  -0.0448815679
 9 11  -0.0282828413   0.0442368029  -0.0106053442  -0.0000292602  -0.0101653813
 9 12  -0.0250253428  -0.1762768518   0.0307218839   0.0001409181  -0.0017746938
 9 13  -0.0649418220  -0.0092195939  -0.0032440067  -0.0065666882  -0.0025895656
 9 14   0.0285328253  -0.0087046369  -0.0238517473  -0.0481970916   0.2937592718
 9 15  -0.0343358718   0.0008109683  -0.0000079513   0.0000954826  -0.0000027978
 9 16   0.0007425794   0.0001763276  -0.0000407184   0.0005718494   0.0001606869
 9 17  -0.0002780780
10  1  -0.0319260910  -0.0031052721  -0.0030088465  -0.0060102317   0.1017681691
10  2   0.0234695057   0.1380009359  -0.0373252165  -0.0497033445  -0.0429096953
10  3   0.0940206432   0.0106549348   0.0387518402  -0.0369239262  -0.1009257416
10  4   0.0530491253   0.0700177958  -0.0596597495  -0.2097648415  -0.0468156940
10  5  -0.0305577294   0.0192145418  -0.0861380991  -0.0235431622  -0.0114284723
10  6  -0.0925414527   0.0050677380   0.0052724182   0.0088596005   0.0630299286
10  7   0.0035496590  -0.1718408742  -0.1559136458   0.0001213508  -0.0129456884
10  8   0.0259480882   0.0168209925  -0.1151443014   0.0745048312   0.0462746602
10  9  -0.0008063892  -0.0463274980   0.1491530774  -0.0001182357   0.0092476430
10 10   0.0594423354   0.0013128187   0.2205270719   0.0823160438   0.0863625719
10 11   0.0611348271  -0.0379602170   0.0164077783   0.0003134349   0.0013951149
10 12  -0.0093240162  -0.0623903870  -0.0214942070   0.0000836311   0.0031324395
10 13   0.0644198702   0.0358340774  -0.0014165340  -0.1226821732  -0.1046791973
10 14  -0.0187287026   0.0050497797   0.0199071894  -0.0287281321  -0.0507254295
10 15   0.0106662238  -0.0000026043   0.0000041383   0.0003910216   0.0000043785
10 16  -0.0001667812  -0.0006356293   0.0000231588   0.0002127113   0.0001056522
10 17   0.0000589927
11  1  -0.0005673425   0.0027985661   0.0186192608   0.0031204150  -0.0005491722
11  2  -0.0542033739   0.0985675150  -0.0367749970   0.1596335575   0.0251895902
11  3  -0.0042397081   0.0071074658   0.1464099960   0.0021093069  -0.1238350176
11  4   0.0071888031  -0.1267829743   0.0005308619  -0.0001512907   0.0000116926
11  5  -0.0035295217   0.0010303210   0.0054439778  -0.0030464600  -0.0019105595
11  6   0.0003740048   0.0003627410   0.1081227124   0.1157346286  -0.0374124517
11  7  -0.0096917144   0.0743014822   0.0678899340  -0.0000110448  -0.0000345238
11  8   0.0004194065   0.0002691288   0.0018142610  -0.0011280553   0.0008364487
11  9   0.0000183751   0.0228121140  -0.0701422271  -0.0000632942  -0.0069673715
11 10  -0.1130971882   0.0023061368  -0.1411714628  -0.0559736779   0.0658264813
11 11   0.0396851721  -0.0666132662   0.0135488575   0.0041106755   0.0627733057
11 12  -0.0530955958  -0.3967781765   0.0430506952   0.0002594098   0.0000217936
11 13  -0.0099583842   0.0723283987  -0.0037355608  -0.0716305516  -0.0592297264
11 14  -0.0322616217   0.0049340257   0.0587710018  -0.1208443150  -0.0759406749
11 15   0.0247726952   0.0000748604   0.0000079877   0.0002785800  -0.0000000524
11 16  -0.0006657542  -0.0014068459   0.0000273135  -0.0002373099   0.0005712701
11 17   0.0002101192
12  1   0.0450643015   0.0035657257   0.0128160529   0.0087929255  -0.0929496290
12  2  -0.0601020576   0.0745020599   0.1334145990  -0.0220690584  -0.0162126911
12  3  -0.1239192705  -0.0096332483   0.0327725443   0.0598272486  -0.0687019770
12  4  -0.0559267273   0.0584127857   0.0743558823   0.2711680497   0.0569200372
12  5   0.0645133574  -0.0046280857  -0.0836984194  -0.0230618539  -0.0117436960
12  6   0.1162728519  -0.0068494133   0.0034345662   0.0059176947   0.0517387484
12  7   0.0034658062  -0.1288566285  -0.1168976705   0.0000455675   0.0186250751
12  8  -0.0357011547  -0.0231063588   0.1472361213  -0.0955889322  -0.0600416634
12  9   0.0010646746  -0.0357679764   0.1151207435   0.0001820781  -0.0075251981
12 10   0.0462532005   0.0009573908   0.1679326451   0.0626971842   0.0658420094
12 11   0.0465784742  -0.0291053713   0.0125240283   0.0002504771   0.0012026043
12 12  -0.0072072333  -0.0485591291  -0.0164517929   0.0000551611   0.0023831369
12 13   0.0490824460   0.0272850424  -0.0010794215  -0.0935607668  -0.0798742039
12 14  -0.0142117284   0.0038439289   0.0152474653  -0.0220607317  -0.0388494298
12 15   0.0081705195   0.0000003511  -0.0000000619   0.0002987595   0.0000023838
12 16  -0.0001338397  -0.0004917319   0.0000175780   0.0001617752   0.0000805421
12 17   0.0000468996
13  1  -0.0032104329   0.0503733524   0.0514669074  -0.0272738100   0.1171491027
13  2  -0.0247975108   0.1256591894  -0.0875913916  -0.1017650416  -0.0312707454
13  3   0.0457420840   0.0878216186   0.0956028073   0.0138519266  -0.1448683261
13  4   0.0056118189   0.0694045516  -0.0156006240  -0.0706469715  -0.0120866481
13  5  -0.0578913836  -0.0281666903  -0.1014302122  -0.0391327613  -0.0149555324
13  6   0.0400218148  -0.0011037708   0.0529807037   0.0499957654  -0.1222450117
13  7  -0.0223060546  -0.1133873766  -0.1046545088  -0.0000718838   0.1184278297
13  8  -0.0468991181  -0.0298628116   0.0178613937  -0.0058284590  -0.1650524422
13  9   0.0003108247  -0.0163177878   0.0597953126  -0.0000106955  -0.0165042347
13 10  -0.0634342552   0.0049320141   0.0277724160   0.0088966904   0.0262206069
13 11   0.0164217895  -0.0361174482   0.0077192404   0.0009882415   0.0295967050
13 12   0.0178421601   0.1029137446   0.0417531552   0.0002759742  -0.0045870976
13 13  -0.1311268685   0.0043407995  -0.0007377468   0.2848713495   0.2507481906
13 14  -0.0214935945  -0.0045167596  -0.0167181330   0.0140283284   0.0524038480
13 15  -0.0080438098  -0.0009208769  -0.0000035587   0.0024121222  -0.0000075772
13 16   0.0001547851   0.0002565586  -0.0000328106  -0.0007437007  -0.0007882819
13 17  -0.0000640302
14  1   0.0001553410  -0.0046877536  -0.0578091405  -0.0080523349   0.0277515480
14  2  -0.0626386992   0.1040313212  -0.0121764265   0.1959052640   0.0377825290
14  3  -0.0054856409   0.0027814709   0.0673402505   0.0013360902  -0.0630975746
14  4   0.0032878182  -0.1129660648   0.0012348473  -0.0012896143  -0.0068710181
14  5   0.0458083533  -0.0008817121   0.0150577324   0.0117421701   0.0062911407
14  6   0.0000537369  -0.0000648567   0.1006221511   0.1193595238   0.1682246987
14  7   0.0127935146  -0.1306871910  -0.1239731997   0.0001695394   0.0022069338
14  8  -0.0019922658  -0.0012702885   0.0017416264  -0.0011362780   0.0012009123
14  9   0.0000184371   0.0281689462  -0.0881977159   0.0000028015  -0.0007181838
14 10  -0.0094840834   0.0021893126   0.0075854789   0.0021974588   0.0089750860
14 11   0.0038965624  -0.0264231363   0.0036793218  -0.0004620039   0.0005556336
14 12  -0.0076014858  -0.1012657816  -0.0649574163  -0.0022264675  -0.0024550714
14 13   0.0012320582  -0.1999028302   0.0074300348   0.0457692681   0.0252724409
14 14   0.2037235264  -0.0190877845  -0.0896246847   0.2558024203  -0.0764058038
14 15  -0.0217868944   0.0002838295  -0.0000134966  -0.0015237998   0.0000120803
14 16   0.0002706094  -0.0015790060  -0.0000671707   0.0003228084   0.0008038167
14 17  -0.0001483848
15  1   0.0084594626  -0.0565875075   0.0520605222   0.0523430578  -0.1533519193
15  2   0.0149023307   0.0828200809   0.1639504302  -0.0058258813  -0.0493466531
15  3  -0.0575899143  -0.1036113516   0.0739898348  -0.0048579694  -0.1146236767
15  4   0.0124252942   0.0544915527   0.0148498595   0.0913874770   0.0267902044
15  5  -0.0100562130   0.0603150312  -0.0553141264  -0.0197625103  -0.0168249383
15  6  -0.0551152116   0.0019436152   0.0374308357   0.0351150837  -0.0894859020
15  7  -0.0163387051  -0.0908783769  -0.0841880038   0.0002862159  -0.1559064192
15  8   0.0620047797   0.0394359166  -0.0219992740   0.0067241466   0.2174635460
15  9  -0.0004096144  -0.0123705855   0.0454363369  -0.0000179739   0.0118044282
15 10  -0.0503649831   0.0037474936   0.0197008078   0.0062234378   0.0199800102
15 11   0.0124109834  -0.0282334278   0.0059473153   0.0007526344   0.0223481535
15 12   0.0135016656   0.0772294112   0.0320631794   0.0002105131  -0.0035113959
15 13  -0.0996892527   0.0026563767  -0.0005373752   0.2164757356   0.1904412118
15 14  -0.0156923437  -0.0035084420  -0.0131620619   0.0117631238   0.0395864541
15 15  -0.0061876433  -0.0007065635  -0.0000067463   0.0018265915  -0.0000082243
15 16   0.0001097104   0.0001851971  -0.0000245356  -0.0005656253  -0.0005903682
15 17  -0.0000480398
16  1   0.0430770528   0.0808749980   0.0256727863   0.0230024613   0.1490480431
16  2  -0.0229796435   0.1169239743  -0.0957387922  -0.0792166139  -0.0733252957
16  3  -0.0766727428   0.0674193352   0.0763755110   0.0990792398  -0.1237965896
16  4  -0.1382053282   0.0898863702  -0.0318225881  -0.0534527053  -0.0054779501
16  5  -0.0628340981  -0.0138268267  -0.1132136572  -0.0468018919  -0.0174347369
16  6   0.1008498158  -0.0043433350   0.0199545498   0.0105492411  -0.1876352651
16  7  -0.0289244270  -0.1176126813  -0.1111837418  -0.0000217301  -0.0017656485
16  8   0.0137696895   0.0085800286  -0.0173344149   0.0050238190   0.1290105841
16  9  -0.0004069225   0.0249219130  -0.0747839892   0.0000632873  -0.0443101820
16 10   0.0888426155  -0.0134496354  -0.2340528121  -0.0797198330  -0.0276450674
16 11  -0.0159906415   0.0525798143  -0.0088401855  -0.0003177006  -0.0069067380
16 12   0.0049697116   0.0437715788   0.0794117481   0.0018397625   0.0011075857
16 13   0.0176108763  -0.0327629571   0.0015313998  -0.1589946391  -0.1385291568
16 14  -0.0044795595   0.0024854266  -0.0295997975   0.0783014917  -0.0227604550
16 15  -0.0021471431   0.0212157710   0.0000066855  -0.0481597144   0.0000001600
16 16  -0.0000390292   0.0008522924   0.0000116753   0.0003500284   0.0002462072
16 17   0.0000259470
17  1   0.0009486956  -0.0144771133  -0.1596252667  -0.0220064653   0.0656769722
17  2  -0.0735852189   0.1113819584   0.0210402853   0.2449106760   0.0543370473
17  3  -0.0084858804  -0.0025967967  -0.0368377022   0.0022831674   0.0152125772
17  4  -0.0040952799  -0.0340948173   0.0007017952  -0.0003873124  -0.0039118292
17  5   0.0274996015  -0.0045486744   0.0306230792   0.0156469500   0.0081900038
17  6   0.0018769220  -0.0002561616  -0.0887580711  -0.1033708398  -0.0959055333
17  7  -0.0130467811  -0.1595130027  -0.1426846394   0.0001833835  -0.0004241199
17  8   0.0002256161   0.0001615142  -0.0009165757   0.0005762822  -0.0011454809
17  9   0.0000501994  -0.0404245572   0.1411995685  -0.0000399673   0.0003594464
17 10  -0.0028306156  -0.0050332158  -0.1675382998  -0.0592708967   0.0467474684
17 11   0.0404672606   0.0785343527  -0.0006817473  -0.0013161462  -0.0232090765
17 12   0.0068781533   0.0481324259  -0.1377057160  -0.0027718084  -0.0004800608
17 13   0.0103891776   0.0013568184   0.0015743944   0.0931283811   0.0755346217
17 14   0.0797991108  -0.0045777823   0.1465385836  -0.3387117182   0.0173841198
17 15   0.0175799004   0.0174770113   0.0000099171  -0.0577468157   0.0000028273
17 16  -0.0001885254  -0.0008893108  -0.0000083296  -0.0014479057  -0.0003316930
17 17   0.0000733598
18  1  -0.0536059853  -0.1015179367   0.0330003366  -0.0212586214  -0.1751339985
18  2   0.0066924854   0.0982139693   0.1923225883  -0.0094223713   0.0147523918
18  3   0.1019979369  -0.0793145453   0.0499150706  -0.1159276746  -0.1137308738
18  4   0.1989612914   0.0745940062   0.0356882662   0.0691358952   0.0219094401
18  5  -0.0296788943   0.0421291276  -0.0652928975  -0.0234290961  -0.0209365923
18  6  -0.1357221047   0.0063086480   0.0166482713   0.0097554952  -0.1457495740
18  7  -0.0225619127  -0.0904902726  -0.0854513317   0.0002825045   0.0020901647
18  8  -0.0190988201  -0.0119890116   0.0273039452  -0.0094240164  -0.1690232229
18  9   0.0005435156   0.0203320656  -0.0612784399  -0.0000861649   0.0660469329
18 10   0.0589513512  -0.0097885070  -0.1768456663  -0.0604017288  -0.0184331494
18 11  -0.0100675656   0.0425523340  -0.0065755040  -0.0002005937  -0.0046449059
18 12   0.0040695585   0.0347480085   0.0612664426   0.0014092253   0.0008155585
18 13   0.0129813191  -0.0250304780   0.0011790265  -0.1207360162  -0.1052922126
18 14  -0.0030982529   0.0018561349  -0.0221018477   0.0584722731  -0.0172021070
18 15  -0.0015825006   0.0161737924  -0.0000007265  -0.0367784324  -0.0000023857
18 16  -0.0000427558   0.0006295720   0.0000090313   0.0002600822   0.0001816544
18 17   0.0000228798
19  1   0.0256295246   0.0678461511  -0.0626036925   0.1036867497   0.1630421970
19  2   0.0296986388   0.1216744586  -0.0503944471  -0.0028851873  -0.1254691440
19  3  -0.1379252698  -0.0389489692  -0.0063579887   0.0409964564  -0.0793310115
19  4  -0.0141564812   0.1586228976   0.0107775995   0.0200153119   0.0281894975
19  5  -0.0777361124   0.0660002456  -0.0459997227  -0.0227962058  -0.0185138256
19  6  -0.0952375371   0.0032124531  -0.0572049837  -0.0637717578  -0.0392187497
19  7   0.0025470317   0.1015957907   0.0841442019  -0.0001400220   0.0169718392
19  8  -0.0752044703  -0.0483998982   0.0492924288  -0.0329591757   0.0226089602
19  9  -0.0001168562   0.1126091910  -0.3693957263  -0.0004778694   0.0875175567
19 10   0.0083244762   0.0027566203   0.0518024219   0.0163951666   0.0555009696
19 11   0.0419924703   0.0222442155   0.0052100305  -0.0032789922  -0.0580393328
19 12  -0.0119702174  -0.0844540323  -0.0512179751  -0.0009951546   0.0020111115
19 13   0.0912251073   0.0201314141  -0.0017787342   0.1208238056   0.1043792781
19 14  -0.0027768326  -0.0014155544  -0.0150964209   0.0249893552   0.0294541369
19 15  -0.0059283707  -0.0593417903   0.0000057564  -0.0251766666  -0.0000026496
19 16   0.0001499959   0.0000851051  -0.0000099492  -0.0016601874  -0.0000264653
19 17  -0.0000017744
20  1   0.0003001191  -0.0157903468  -0.1753169953  -0.0235722146   0.0717442349
20  2  -0.0750486506   0.1125809733   0.0265574744   0.2530709778   0.0567269652
20  3  -0.0095042308  -0.0039664864  -0.0517370916   0.0025830329   0.0227432797
20  4  -0.0043849250  -0.0180745295   0.0008240752   0.0007766137  -0.0013532538
20  5   0.0119238277  -0.0073159731   0.0570303672   0.0239951676   0.0123515002
20  6   0.0015672947  -0.0002833087  -0.1298995218  -0.1478149328  -0.0907008068
20  7  -0.0085096617  -0.0982382745  -0.0854395995   0.0001357031  -0.0004478176
20  8   0.0003199939   0.0002285246  -0.0015768315   0.0010763765  -0.0028710425
20  9   0.0000519673  -0.0422960236   0.1448257057  -0.0000458042  -0.0006953731
20 10  -0.0442648449   0.0014876977  -0.0443163962  -0.0161630836  -0.0139577487
20 11  -0.0123841552  -0.0168253271  -0.0011245407  -0.0024065639  -0.0471073822
20 12  -0.0185015220  -0.1240391349  -0.0062548785  -0.0001551396   0.0009134405
20 13   0.0200117284   0.0897024952  -0.0060335052   0.0360625818   0.0412765856
20 14  -0.1508336133   0.0078382275  -0.1748059751   0.3816776957   0.0282246668
20 15  -0.0234190811   0.0332592120  -0.0000053239   0.0194001852   0.0000153813
20 16   0.0002654358   0.0007738213  -0.0000215496  -0.0006904861   0.0000454239
20 17  -0.0000378921
21  1  -0.0321188744  -0.0993661359  -0.0134772562  -0.1495558235  -0.1320159951
21  2  -0.0802675307   0.1040238540   0.1869794303  -0.0299783660   0.1104853917
21  3   0.1771133994   0.0521178427  -0.0000191034  -0.0357230692  -0.0740282564
21  4   0.0249320025   0.1186441984  -0.0214865714  -0.0241075644  -0.0104885718
21  5  -0.0868026549  -0.0738112110  -0.0678210159  -0.0302871797  -0.0073927690
21  6   0.1210637741  -0.0037391278  -0.0436208359  -0.0484054899  -0.0227983725
21  7   0.0028676565   0.0737923963   0.0605478311   0.0002186504  -0.0212856720
21  8   0.0958154987   0.0616055704  -0.0606735783   0.0409369231  -0.0241843603
21  9   0.0001262447   0.0876175016  -0.2869628283   0.0006614136  -0.1147533614
21 10   0.0213318433   0.0014111322   0.0400354998   0.0129616507   0.0404916086
21 11   0.0308428285   0.0183754477   0.0036159974  -0.0023882351  -0.0425131612
21 12  -0.0093112343  -0.0660475978  -0.0408498007  -0.0008144754   0.0015304706
21 13   0.0695035303   0.0160459226  -0.0013919986   0.0924559461   0.0798371846
21 14  -0.0028184464  -0.0010418200  -0.0123364927   0.0208448551   0.0225039606
21 15  -0.0046481567  -0.0448247227  -0.0000026854  -0.0189988538  -0.0000028957
21 16   0.0001060079   0.0000564119  -0.0000086991  -0.0012544282  -0.0000267823
21 17   0.0000019595
22  1  -0.0108726221  -0.1286117291  -0.1192105172   0.0700547716   0.1021838335
22  2   0.1219263343   0.1541709241   0.0553816925   0.0766455560  -0.1073859097
22  3   0.1286324723   0.1390304323  -0.0780036412   0.0245392602  -0.0356398811
22  4  -0.1368286023   0.2149655976  -0.0258810517   0.0988266475   0.0050145455
22  5  -0.1282603305   0.0010798361   0.0554177883   0.0133113204   0.0038716753
22  6  -0.0113655714   0.0035917045   0.1419097281   0.1539260778   0.0072837054
22  7  -0.0040501990   0.1173497373   0.1130834757  -0.0001459299   0.0122215398
22  8  -0.0075779098  -0.0047958686  -0.1008627511   0.0642916983  -0.0005711253
22  9  -0.0002408031  -0.0527628617   0.1628102643  -0.0001529933   0.0035051220
22 10   0.0267825276  -0.0030537199  -0.0205965538  -0.0066113483  -0.0053942003
22 11  -0.0011555561   0.0274599696  -0.0028080436  -0.0001129288  -0.0039237649
22 12   0.0061653954   0.0495846227   0.0139009604   0.0005389324   0.0015203694
22 13   0.0567398867   0.0018945151   0.0020928380   0.0583888982   0.0484742650
22 14  -0.0152562436   0.0051078853   0.0228739859   0.0192301090  -0.2082728848
22 15   0.0247815242  -0.0002084793   0.0000048460   0.0000589150   0.0000021127
22 16  -0.0006241279  -0.0001901287   0.0000264857   0.0001680504  -0.0000477384
22 17   0.0002223705
23  1  -0.0000478077   0.0078030804   0.0694094514   0.0103886887  -0.0201142454
23  2  -0.0480316746   0.0948174993  -0.0535404860   0.1349366898   0.0161782771
23  3  -0.0030683394   0.0085056210   0.1987458116   0.0005608278  -0.1727661984
23  4   0.0141545129  -0.2101566215   0.0019427919  -0.0040951947  -0.0128951361
23  5   0.0838085950   0.0163564540  -0.1728231971  -0.0569644830  -0.0290928561
23  6  -0.0057517740  -0.0000083984  -0.1228009858  -0.1185267776   0.1652544444
23  7   0.0325591710   0.1856742612   0.1598218475  -0.0000865879  -0.0004014073
23  8   0.0011795550   0.0007936983  -0.0055185657   0.0034517045  -0.0010919282
23  9   0.0000038070  -0.0414436735   0.1349135834  -0.0000033261   0.0035115171
23 10   0.0417558540  -0.0036756156  -0.0113902544  -0.0010157626  -0.0451024480
23 11  -0.0283550813   0.0413666535  -0.0093380182   0.0001616324  -0.0038863490
23 12   0.0048425295   0.0515827194   0.0215973368   0.0009971672   0.0011945612
23 13   0.0268151572  -0.0076188691   0.0036008235   0.0755879479   0.0638095058
23 14  -0.0095078024   0.0037796790   0.0315429473   0.0094255541  -0.2420810443
23 15   0.0291494236  -0.0000620488   0.0000010851   0.0000432247   0.0000028620
23 16  -0.0008027199  -0.0001637053   0.0000029453   0.0003242357   0.0000540895
23 17   0.0002309115
24  1   0.0156154820   0.1430637186  -0.0964016142  -0.1272711361   0.0067217331
24  2  -0.2183741466   0.0729061087   0.1000166691  -0.0581246815   0.1128876680
24  3  -0.1770206235  -0.1881003983  -0.0622169485  -0.0115316128  -0.0071933826
24  4   0.1712856862   0.1712962936   0.0256403855  -0.1216988072   0.0316195182
24  5  -0.0945541385  -0.0099433531   0.0417457843   0.0064160960   0.0062083002
24  6   0.0185696085  -0.0040047235   0.1083266842   0.1170749251   0.0068201304
24  7  -0.0028680361   0.0903732153   0.0868362727  -0.0000539080  -0.0190598985
24  8   0.0132735398   0.0084460078   0.1336244724  -0.0856176078  -0.0007883552
24  9   0.0003374263  -0.0406470667   0.1251170183   0.0001689766  -0.0011545840
24 10   0.0208070569  -0.0022396269  -0.0155711101  -0.0049296529  -0.0039497880
24 11  -0.0007757179   0.0207831901  -0.0021356990  -0.0001088515  -0.0029958327
24 12   0.0047496147   0.0384105055   0.0104415465   0.0003902340   0.0011897256
24 13   0.0433128692   0.0014429597   0.0015917919   0.0444622917   0.0368914559
24 14  -0.0116399795   0.0039090142   0.0174184535   0.0147290958  -0.1586390803
24 15   0.0188202527  -0.0001527989  -0.0000001655   0.0000422763   0.0000036343
24 16  -0.0004761983  -0.0001468976   0.0000181670   0.0001303763  -0.0000430910
24 17   0.0001726532
25  1   0.0371538376   0.0557039392   0.1380172782  -0.1045140838   0.1019590753
25  2  -0.0752344875   0.1216182373  -0.1304526979  -0.1759842687   0.0209498089
25  3   0.1358441924   0.1856013502   0.1824963882  -0.0376211523  -0.2390933986
25  4   0.1280392990   0.0646525150   0.0598082428   0.1040032737   0.0431735954
25  5  -0.1347800922   0.0133495705   0.1713886439   0.0543674342   0.0262140680
25  6  -0.0142260349  -0.0003581722  -0.0599680428  -0.0647477153  -0.0217021707
25  7  -0.0021500878  -0.0154891278  -0.0117262518   0.0000695218  -0.0248602793
25  8   0.0064595022   0.0038551051   0.0028844359  -0.0025597264   0.0334433625
25  9  -0.0002494933  -0.0173002717   0.0582966043  -0.0000223867  -0.0036716730
25 10  -0.0935803537   0.0093409633   0.0513663342   0.0148746061  -0.0385462434
25 11  -0.0231906768   0.0482874822  -0.0090741467  -0.0014585837  -0.0240159713
25 12  -0.0007906790  -0.0004368373  -0.0303464351  -0.0006197222   0.0006595026
25 13   0.0322612635  -0.0044742941  -0.0001924853  -0.0479432137  -0.0439342849
25 14   0.0357513341  -0.0020926502   0.0008693468   0.0055578314  -0.0124941907
25 15   0.0010128959   0.0000905325   0.0000067245  -0.0002227235  -0.0000144888
25 16  -0.0007057123  -0.0189928585  -0.0002368861   0.0026938035  -0.0652892370
25 17   0.0007290824
26  1  -0.0018651401  -0.0014628278  -0.0361769880  -0.0047310465   0.0197930000
26  2  -0.0606099833   0.1024672958  -0.0193363866   0.1853227354   0.0345496408
26  3  -0.0065996817   0.0043233234   0.0922628986   0.0030738149  -0.0856114170
26  4   0.0035862781  -0.1136521821   0.0015236424   0.0016378824  -0.0020911104
26  5   0.0168286681  -0.0086734836   0.0886851937   0.0374565998   0.0194409569
26  6   0.0011667349  -0.0002497416   0.0916434532   0.1156211744   0.2512014496
26  7   0.0237008148  -0.1463655324  -0.1405998610   0.0001989161   0.0026996039
26  8  -0.0033218384  -0.0021271999   0.0031076428  -0.0020332522   0.0042243414
26  9   0.0000057616   0.0726897834  -0.2349780983   0.0000189960   0.0017860526
26 10   0.0377007470   0.0000205633   0.0521486822   0.0194697254  -0.0483294435
26 11  -0.0285117095   0.0599515822  -0.0109090223  -0.0001388372  -0.0082561129
26 12   0.0181446822   0.1562494792   0.0419374908   0.0017199715   0.0019867576
26 13  -0.0056520787   0.0095782989   0.0020435152   0.0061883249   0.0163951446
26 14  -0.1948348088   0.0176582163   0.0323320157  -0.1097828721   0.0576051055
26 15   0.0087309021  -0.0000688343  -0.0000008660   0.0003519454   0.0000105135
26 16   0.0015822041   0.0497312789  -0.0000682404  -0.0002791884  -0.0273034208
26 17   0.0005016512
27  1  -0.0622516423  -0.0394702653   0.1053776493   0.1824134738  -0.1933138970
27  2   0.0984624609   0.0763930973   0.1674424895   0.0140205982  -0.1444680546
27  3  -0.1856724485  -0.2239649402   0.1482692361   0.0774728131  -0.1768095882
27  4  -0.1479010176   0.0417136151  -0.0850598777  -0.1235448225  -0.0109456496
27  5  -0.1340695950  -0.0481551425   0.1060383437   0.0339277274   0.0194746802
27  6   0.0288325074  -0.0002818845  -0.0406197412  -0.0440582299  -0.0196282838
27  7  -0.0022561026  -0.0131931980  -0.0100104596  -0.0001149673   0.0332331588
27  8  -0.0081979017  -0.0049035568  -0.0054131890   0.0045470758  -0.0450345485
27  9   0.0002895584  -0.0125437962   0.0428215121   0.0000169551  -0.0051590844
27 10  -0.0742861113   0.0073298937   0.0412260868   0.0119159750  -0.0305204880
27 11  -0.0183661559   0.0384351786  -0.0071683499  -0.0011058134  -0.0186829783
27 12  -0.0004236353   0.0005516093  -0.0231856823  -0.0004607351   0.0004838109
27 13   0.0249105905  -0.0032338503  -0.0001411180  -0.0369517538  -0.0338765953
27 14   0.0266690723  -0.0015574606   0.0007228101   0.0038213525  -0.0093045291
27 15   0.0008426149   0.0000641735   0.0000023635  -0.0001618818  -0.0000149049
27 16  -0.0005366725  -0.0140972334  -0.0001779313   0.0020379239  -0.0495562726
27 17   0.0005547033
28  1  -0.2860504094   0.2603229186   0.1556912590  -0.0243265770   0.1127899729
28  2  -0.1125977130   0.1123691862  -0.1690310048  -0.2169666187   0.0313374207
28  3  -0.1813513066   0.1651532435   0.2384649695   0.2170577662  -0.2565900668
28  4  -0.1686941322   0.0635283532   0.0846523328   0.2795433927   0.1046617646
28  5  -0.1624091952  -0.4917818613   0.2607128558   0.1221433292   0.0297316815
28  6  -0.3773883520   0.0099024572  -0.1662337044  -0.1726817936   0.0932696771
28  7   0.0195302718   0.0395734402   0.0428099573  -0.0004210866  -0.1131296397
28  8   0.0575988053   0.0370456304   0.0530937666  -0.0337325790   0.0046877939
28  9   0.0002871329  -0.0240914157   0.0693013731  -0.0000246377   0.0218403551
28 10   0.2512366254  -0.0231135644  -0.1458793374  -0.0421837773   0.1245377296
28 11   0.0754259013  -0.1512198184   0.0290386102   0.0028247721   0.0474382665
28 12  -0.0107281277  -0.1129819781  -0.0347689377  -0.0001348431   0.0024628260
28 13  -0.0271079471  -0.3404721550   0.0217089321   0.0984353585   0.1008004618
28 14  -0.3835912242   0.0363100097   0.0333384950  -0.1244946046   0.0792694542
28 15   0.0107602219   0.0011553932   0.0000550393  -0.0023000373  -0.0000273529
28 16  -0.0121995912  -0.3490116653   0.0016573572  -0.0101043330   0.4625737767
28 17  -0.0061355615
29  1   0.0172065296  -0.0165878325  -0.0975580138  -0.0184255600   0.0404077770
29  2  -0.0667761239   0.1064454962  -0.0014336425   0.2117195733   0.0437420549
29  3   0.0070440845   0.0027711421   0.0206767182  -0.0105581426  -0.0144929888
29  4   0.0125835845  -0.1097567061   0.0013378073  -0.0093344617  -0.0196044981
29  5   0.1201008678   0.0324198171  -0.2086377085  -0.0687195817  -0.0345095265
29  6   0.0010095225   0.0004326729   0.2592354979   0.2865158501   0.0869249096
29  7  -0.0080513926  -0.2386399381  -0.2318718271   0.0003568870   0.0045526401
29  8  -0.0047591364  -0.0030915702   0.0050769976  -0.0032523326   0.0081649581
29  9  -0.0000066418   0.0863688392  -0.2640786746  -0.0000371546  -0.0237293028
29 10  -0.4335605314   0.0446048024   0.3238450380   0.0982886025  -0.2742702700
29 11  -0.1652125392   0.3359875379  -0.0637862520  -0.0061415960  -0.1068646958
29 12   0.0356613689   0.3371946274   0.0540532626   0.0011345674  -0.0008405983
29 13   0.0704032488   0.4736339007  -0.0281235097  -0.1825610948  -0.1713036089
29 14   0.3603524243  -0.0335123944  -0.0148432706   0.0659562457  -0.0512694438
29 15  -0.0046981433   0.0001709607   0.0000525617   0.0003276002  -0.0000189592
29 16  -0.0141492132  -0.4070127816   0.0018654449  -0.0121214855   0.5511733433
29 17  -0.0073382595
30  1   0.3310061055  -0.2838014594   0.1778266203   0.0987436611  -0.2392664476
30  2   0.1566967567   0.0823089484   0.1900958971   0.0266924865  -0.1722052438
30  3   0.2084664764  -0.1948127492   0.1854220048  -0.2347795938  -0.2639750459
30  4   0.2266029563   0.0366026697  -0.1172818385  -0.3363286560  -0.0642948043
30  5  -0.2579857085   0.5492550173   0.4556381579   0.1121814985   0.0997794288
30  6   0.5049839061  -0.0148036689  -0.1602763264  -0.1662273528   0.0945534836
30  7   0.0199233462   0.0511680385   0.0535965271   0.0002892827   0.1461309710
30  8  -0.0731463993  -0.0470100576  -0.0741112128   0.0471829315  -0.0132766098
30  9  -0.0003947092  -0.0200164245   0.0577052594   0.0001125157   0.0016200156
30 10   0.2172532739  -0.0200187099  -0.1236165465  -0.0357355187   0.1025934064
30 11   0.0619680356  -0.1256153205   0.0240115722   0.0023443467   0.0387608538
30 12  -0.0083821005  -0.0895662624  -0.0267387385  -0.0000753676   0.0018993328
30 13  -0.0221508630  -0.2672193037   0.0170605488   0.0782088176   0.0799214543
30 14  -0.3010926498   0.0284317780   0.0260811885  -0.0976313756   0.0619943114
30 15   0.0084407911   0.0008762548   0.0000384053  -0.0017513428  -0.0000261102
30 16  -0.0093227203  -0.2662871178   0.0012682585  -0.0077210237   0.3532946299
30 17  -0.0046851939
31  1  -0.5449317589   0.1965535765   0.1067007916  -0.0155707796   0.0793180935
31  2  -0.0766522304   0.1277971628  -0.1247900925  -0.1921517580   0.0508817476
31  3  -0.0394921330   0.1255301926   0.1851247852   0.0871616803  -0.2226928519
31  4   0.0255083879   0.0710557467   0.0655015908   0.1164256548   0.0494620838
31  5  -0.1357798866   0.2747637972   0.2849328284   0.0774074672   0.0527225578
31  6   0.2711034232  -0.0110727307  -0.1085883278  -0.1154584119   0.0216516797
31  7   0.0073505130   0.0110676143   0.0137160244  -0.0014909847   0.0155095094
31  8  -0.0253291417  -0.0156358156  -0.0165399279  -0.0006347351   0.0798010744
31  9   0.0003343221  -0.0199520119   0.0628320346  -0.0000179812   0.0069383080
31 10   0.0502696751  -0.0050464228  -0.0298792137  -0.0084140897   0.0247081918
31 11   0.0161025830  -0.0182496927   0.0045681902   0.0003044608   0.0079893990
31 12   0.0039975846   0.0290451393   0.0154825353  -0.0000934843  -0.0023857233
31 13  -0.0207984714   0.1460627505  -0.0099463549   0.0073943923  -0.0032256281
31 14   0.2348110313  -0.0229819413  -0.0245706396   0.0894329609  -0.0501284172
31 15  -0.0131476728  -0.0010619357  -0.0001352731   0.0011492074   0.0001609393
31 16   0.0216874637   0.6070167226   0.0016009801  -0.0254277988   0.4473475852
31 17  -0.0041594618
32  1  -0.0342465670   0.0177454330   0.0396325183   0.0132194043  -0.0071012202
32  2  -0.0528590927   0.0972537718  -0.0428997326   0.1505583283   0.0228207375
32  3  -0.0229053582   0.0050175874   0.1747160514   0.0193035747  -0.1684348349
32  4  -0.0060822406  -0.1087797535   0.0014946929   0.0133597620   0.0196331411
32  5  -0.1154460406  -0.0468811684   0.4651089449   0.1713114475   0.0882891578
32  6   0.0138188193  -0.0014991379  -0.1155515478  -0.0966617522   0.4690508499
32  7   0.0682756205  -0.0430908139  -0.0416701612   0.0000180951   0.0034249702
32  8  -0.0040011772  -0.0025433535  -0.0001103480  -0.0003274888   0.0024795931
32  9   0.0000166718   0.0726475442  -0.2539765316   0.0000763284   0.0337701520
32 10   0.6375353234  -0.0579778530  -0.2847163908  -0.0775478596   0.1960329979
32 11   0.1229609708  -0.1952055162   0.0416653717   0.0058730437   0.1132499198
32 12   0.0427294646   0.3077470290   0.2393186963   0.0039647412  -0.0100015622
32 13  -0.2143928562   0.6281958205  -0.0397707838   0.2133969600   0.1719533663
32 14   0.5857698575  -0.0681324635  -0.0897889592   0.2428473836  -0.0569839779
32 15  -0.0310366037  -0.0002964418   0.0000197759   0.0014590774  -0.0000692400
32 16  -0.0084492706  -0.2428509129  -0.0008657383   0.0102191894  -0.1857672987
32 17   0.0015316591
33  1   0.6916442949  -0.2156081938   0.1882013201   0.0742610506  -0.1779741332
33  2   0.1044894009   0.0654659230   0.1473409818   0.0166191459  -0.1901380226
33  3   0.0377879723  -0.1438266036   0.1898954256  -0.0789291507  -0.2441355151
33  4  -0.0173402467   0.0389173410  -0.0926334135  -0.1334494326  -0.0071266713
33  5  -0.2067351532  -0.4157854620   0.1600974845   0.0758203105   0.0215473614
33  6  -0.3428061688   0.0132620335  -0.0909996869  -0.0952395228   0.0358108006
33  7   0.0089494016   0.0097166561   0.0119382664   0.0018572958  -0.0200330098
33  8   0.0337387069   0.0208121734   0.0185172763   0.0029917758  -0.1076632651
33  9  -0.0004764018  -0.0131820608   0.0404402949   0.0000307678  -0.0020219093
33 10   0.0575480463  -0.0056516707  -0.0314212074  -0.0089287758   0.0247724338
33 11   0.0160401876  -0.0185765984   0.0046575143   0.0003895249   0.0089339087
33 12   0.0037783976   0.0262985943   0.0157402392  -0.0000116567  -0.0020489834
33 13  -0.0192921499   0.1217143080  -0.0082720107   0.0084178361  -0.0004147035
33 14   0.1899833981  -0.0187698822  -0.0205738158   0.0729280812  -0.0393161831
33 15  -0.0103925330  -0.0008033859  -0.0001036579   0.0008948945   0.0001176709
33 16   0.0163477208   0.4578446059   0.0012084827  -0.0191880203   0.3375394242
33 17  -0.0031404767
34  1   0.0658739416   0.1281551268   0.0740027788   0.0014068360   0.1616598089
34  2  -0.0618411537   0.1069225989  -0.1362803897  -0.1209888161  -0.0642465378
34  3  -0.1387648513   0.1133005480   0.1261486718   0.1917188495  -0.1415408713
34  4  -0.2900695832   0.0425072421  -0.0456176161  -0.0294552519  -0.0037498308
34  5  -0.0197936573   0.1273834549  -0.1070029447  -0.0456789841  -0.0178533497
34  6   0.1030349756  -0.0048442349   0.1133513477   0.1175759941  -0.0943823066
34  7  -0.0253809170  -0.2564089999  -0.2419410714   0.0008118511  -0.2841757325
34  8   0.3518577572   0.2245147641  -0.1780940320   0.1366771198  -0.4782127237
34  9   0.0012819313  -0.0008452691   0.0155548606  -0.0011471907   0.2841603647
34 10   0.1368625487  -0.0234566995  -0.3944021359  -0.1306611526  -0.2594916477
34 11  -0.2174059541  -0.2788030653  -0.0148254926  -0.0119120796  -0.2135525960
34 12  -0.0142397592  -0.0664633769  -0.2480956504  -0.0047043396   0.0027260123
34 13   0.1233101737   0.0807104804  -0.0025937189   0.0394587502   0.0309745498
34 14   0.0245301810   0.0011109453   0.1027206152  -0.2418669366   0.0244477971
34 15   0.0130266752  -0.2305167700  -0.0000500461   0.5546791475   0.0000163421
34 16   0.0005020249  -0.0013466073  -0.0000044087   0.0000902528   0.0003954308
34 17  -0.0001080818
35  1   0.0005399146  -0.0209972406  -0.2234399566  -0.0306035211   0.0887351538
35  2  -0.0804646626   0.1158330893   0.0410773785   0.2744557921   0.0646032475
35  3  -0.0093750677  -0.0060507754  -0.1006228605   0.0026573572   0.0540828577
35  4  -0.0065134709   0.0288098976   0.0001692006   0.0006856718   0.0023002398
35  5  -0.0149716963  -0.0112869720   0.0646002968   0.0226743760   0.0115260160
35  6   0.0032068725  -0.0002835479  -0.2224006955  -0.2552334681  -0.2084428306
35  7  -0.0156641510   0.0182201588   0.0228315278   0.0000525686   0.0048299512
35  8  -0.0069845240  -0.0044539753   0.0024772680  -0.0021773984   0.0135282630
35  9   0.0000024770   0.0171508320  -0.0561305380  -0.0000076728  -0.0140069862
35 10  -0.1012033009   0.0104635056   0.0451515623   0.0067092857   0.4034760949
35 11   0.3504140500   0.5929424855   0.0077697600   0.0155039376   0.2770060493
35 12   0.0361856118   0.2175768274   0.3385650223   0.0067591259  -0.0025540587
35 13  -0.1305097915  -0.1881870037   0.0088814022  -0.2162113963  -0.1912081980
35 14   0.0658163524  -0.0039670842  -0.0198741618   0.0692496148  -0.0521251217
35 15  -0.0016299604  -0.2458583561  -0.0000610629   0.6026106177   0.0000331789
35 16   0.0004540236  -0.0020416335  -0.0000522178  -0.0002460634   0.0007204317
35 17  -0.0001150560
36  1  -0.0829631800  -0.1541149024   0.0600404631   0.0192026265  -0.2239274988
36  2   0.0670392125   0.1050185783   0.2171090928   0.0036339918  -0.0114905139
36  3   0.1844644018  -0.1345030951   0.0750219052  -0.2376535690  -0.1459094834
36  4   0.4011527837   0.0473169735   0.0544920089   0.0361738234   0.0108691457
36  5  -0.0260249519  -0.1331642831  -0.1231441334  -0.0353820468  -0.0253876993
36  6  -0.1405992415   0.0070030625   0.0838723406   0.0851166653  -0.1055868512
36  7  -0.0232634239  -0.1689024576  -0.1572181879  -0.0006111334   0.3645587405
36  8  -0.4518568544  -0.2883776675   0.2332996446  -0.1781049798   0.6056956165
36  9  -0.0016018863  -0.0200815437   0.0766712429   0.0014572880  -0.3430452175
36 10   0.1524391160  -0.0209394507  -0.3149876042  -0.1034768150  -0.2142852649
36 11  -0.1794740913  -0.2310692382  -0.0119987899  -0.0094269874  -0.1694815858
36 12  -0.0116260120  -0.0559143141  -0.2000933520  -0.0038094049   0.0020831547
36 13   0.0962883497   0.0638597963  -0.0020497288   0.0342582431   0.0270909006
36 14   0.0189757382   0.0008147836   0.0801337378  -0.1889259539   0.0192953185
36 15   0.0101357306  -0.1759728159  -0.0000447508   0.4235311660   0.0000088706
36 16   0.0003686527  -0.0010352519  -0.0000026284   0.0000650894   0.0002995185
36 17  -0.0000798463
37  1   0.0307672817   0.1059283355  -0.0965009845   0.1608373471   0.1871806239
37  2   0.0357855114   0.1158437701  -0.0521174392   0.0202108818  -0.1603522489
37  3  -0.2645064200  -0.1020385685  -0.0348399015   0.0818954872  -0.0515368464
37  4  -0.0531241598   0.1766382310   0.0332724878   0.1018146800   0.0601429827
37  5  -0.0467028738   0.2354644909   0.0094478056  -0.0008013884  -0.0231313765
37  6  -0.3146477334   0.0108587626  -0.0828538100  -0.0845691798   0.0774937966
37  7   0.0212804327   0.1162745737   0.0926580841   0.0001866479  -0.0360016725
37  8   0.0921766764   0.0592320910  -0.0375794307   0.0360673601  -0.2491512552
37  9   0.0003867686   0.1108412058  -0.3570149238   0.0019273584  -0.5345040892
37 10  -0.0355071834   0.0071749700   0.0401689855   0.0088734447   0.1078048876
37 11   0.0673379996  -0.1041007650   0.0231618214  -0.0138153845  -0.2252808975
37 12   0.0111642251   0.0952018527   0.1767006443   0.0039385616   0.0030188128
37 13   0.1124562765  -0.0766468749   0.0037687801   0.0692204225   0.0517858661
37 14   0.1106321318  -0.0070415237   0.1089563424  -0.2484557514   0.0212996432
37 15   0.0087218782   0.6737093174  -0.0000431236   0.2739499630   0.0000361334
37 16  -0.0004215976   0.0005368871  -0.0000083151   0.0063377070   0.0003315740
37 17  -0.0000458537
38  1   0.0001379412  -0.0221797726  -0.2514244030  -0.0330026280   0.0994818068
38  2  -0.0830362931   0.1179584886   0.0508641721   0.2889325481   0.0688180055
38  3  -0.0141524669  -0.0093651848  -0.1283585923   0.0042187800   0.0779478343
38  4  -0.0102917110   0.0289228272   0.0011318934   0.0028847063  -0.0000829654
38  5   0.0107114290  -0.0073431844   0.0893041124   0.0391292409   0.0198788282
38  6  -0.0043617177  -0.0003831938  -0.1959232889  -0.2007906554   0.2283025857
38  7   0.0424793751  -0.0475798973  -0.0505235528   0.0001984035  -0.0011109950
38  8   0.0056552662   0.0036743812  -0.0078412211   0.0057553582  -0.0133410200
38  9   0.0000837870  -0.0697601526   0.2514956686  -0.0000372814  -0.0363265191
38 10  -0.3238217805   0.0219575550  -0.0647403733  -0.0351811526   0.1365010320
38 11   0.0572229452  -0.4133551911   0.0531859109  -0.0338696577  -0.5465481075
38 12   0.0481609888   0.3975714779   0.7140198015   0.0153303008   0.0031164144
38 13   0.0367649273  -0.1893236006   0.0096597983  -0.1782432957  -0.1643159260
38 14   0.1444324101  -0.0063542659   0.1406407823  -0.3106816975  -0.0018888693
38 15   0.0149362254  -0.3669361282   0.0000296662  -0.1532467587  -0.0000074821
38 16  -0.0000480648   0.0000033091  -0.0000091190  -0.0025555980  -0.0001259993
38 17   0.0001307985
39  1  -0.0390008087  -0.1543696864  -0.0237223513  -0.2319321951  -0.1437092337
39  2  -0.0940533277   0.1155845974   0.2068282709  -0.0344238349   0.1651242143
39  3   0.3411903090   0.1316666742  -0.0178550058  -0.0886661929  -0.0706912203
39  4   0.0722195501   0.1292400490  -0.0510298038  -0.1308114389  -0.0518135951
39  5  -0.1289689683  -0.2977891801  -0.1201571055  -0.0494524561   0.0036278991
39  6   0.4069901139  -0.0139175393  -0.0574362088  -0.0592592715   0.0520576646
39  7   0.0149189286   0.0912417690   0.0741525987  -0.0001633512   0.0483962968
39  8  -0.1219526493  -0.0784185880   0.0500139206  -0.0471811209   0.3282071346
39  9  -0.0005181184   0.0800511298  -0.2586170315  -0.0025152262   0.6827886795
39 10  -0.1208281800   0.0101256182   0.0311138264   0.0053914460   0.0946271622
39 11   0.0589384076  -0.0921079761   0.0203227424  -0.0115223033  -0.1870907755
39 12   0.0102808503   0.0858854993   0.1528283378   0.0033628272   0.0023435612
39 13   0.0855099724  -0.0632058667   0.0031363827   0.0488515400   0.0357355270
39 14   0.0878522891  -0.0055250257   0.0864084318  -0.1966773281   0.0158455591
39 15   0.0069828985   0.5090718916  -0.0000411957   0.2069942017   0.0000263747
39 16  -0.0003309145   0.0004043490  -0.0000072878   0.0048022087   0.0002484620
39 17  -0.0000289904
40  1  -0.0062989918  -0.0118565068  -0.1830964041   0.1787590050   0.1572179790
40  2   0.1176921691   0.1378810595   0.0343756121   0.1061088409  -0.1751543678
40  3  -0.0923783506  -0.0974848016  -0.1331740229  -0.0860164367   0.0012039139
40  4   0.1919970177   0.2177086113   0.0771931170   0.1557998917   0.0464274253
40  5  -0.0256660267   0.0088852697  -0.0247943451  -0.0021740454  -0.0071392849
40  6  -0.0606541924   0.0000945088  -0.2108229294  -0.2209849041   0.1575629287
40  7   0.0337646602  -0.1804712029  -0.1838131062   0.0007173238   0.5072018515
40  8   0.4052898997   0.2639442860   0.2539459394  -0.1713098517   0.1754690592
40  9   0.0019082991   0.0139168009  -0.0173404549  -0.0008032384   0.0764064043
40 10  -0.1456801306   0.0048675860  -0.0820141786  -0.0298127307  -0.1812002065
40 11  -0.1516232636  -0.2047846415  -0.0085316832   0.0285746333   0.5004772023
40 12   0.0315852578   0.1727212832   0.2246687920   0.0058288020   0.0191180235
40 13   0.6980372870  -0.0446055156  -0.0077325925   0.2342391197   0.1965459438
40 14   0.1044790728  -0.0154314423  -0.0041640534  -0.1386630446   0.4380077979
40 15  -0.0483250195  -0.0049119449   0.0000008761  -0.0023575236   0.0000066030
40 16   0.0001401850   0.0020772834   0.0001465834   0.1272696832   0.0044119943
40 17  -0.0025542845
41  1   0.0001916250  -0.0095364534  -0.1079987025  -0.0135635013   0.0468216989
41  2  -0.0673753664   0.1077889962   0.0050680858   0.2214016146   0.0454173033
41  3  -0.0080598874  -0.0001684514   0.0177520355   0.0024107047  -0.0297549872
41  4  -0.0000305002  -0.0462620165   0.0009399300   0.0024688732   0.0021039271
41  5  -0.0120228123  -0.0051693088   0.0491268522   0.0135837349   0.0065734902
41  6   0.0020354800   0.0001430655  -0.0386933555  -0.0628018110  -0.3495984161
41  7  -0.0485980992   0.0168634111   0.0319923009  -0.0000464291   0.0010054031
41  8   0.0034613189   0.0022606263   0.0026306212  -0.0018591937  -0.0004425285
41  9   0.0000346481   0.0128439907  -0.0603681765   0.0000131078   0.0058436092
41 10   0.0774148608   0.0014969957   0.2584193832   0.0950261588  -0.1304117634
41 11  -0.0993936764  -0.0738173573  -0.0100982911   0.0070166002   0.1141396711
41 12  -0.0037696953  -0.0302664915   0.1029194749   0.0022995927   0.0027189717
41 13   0.0876723046  -0.0462342240   0.0007716312   0.0189091039   0.0134148669
41 14   0.0665308939  -0.0060829725   0.0431303558  -0.1151087556   0.0523724396
41 15  -0.0006333361   0.0081696780   0.0000018593   0.0043308664  -0.0000349505
41 16   0.0030644130  -0.0165946166  -0.0013456160  -0.9837451525  -0.0343191078
41 17   0.0186426169
42  1   0.0106580301  -0.0173098743  -0.0876504933  -0.2805736702  -0.0383551200
42  2  -0.2206881762   0.0996038976   0.1515051629  -0.0616322315   0.2138828097
42  3   0.1120011313   0.1151073462  -0.0741447696   0.1296622317   0.0122523045
42  4  -0.2590747970   0.1510612974  -0.1078196378  -0.2036611928  -0.0438889593
42  5  -0.0832787674  -0.0095065604  -0.0240873386  -0.0091626454   0.0035684729
42  6   0.0753165705  -0.0009699536  -0.1601643998  -0.1671954954   0.1254282909
42  7   0.0261152959  -0.1334137169  -0.1368371967  -0.0002428927  -0.6572277651
42  8  -0.5322905987  -0.3466583585  -0.3328286637   0.2253015308  -0.2316043894
42  9  -0.0024046572   0.0106572441  -0.0110377451   0.0008430731  -0.1063828049
42 10  -0.1003234814   0.0032219854  -0.0626245313  -0.0225371116  -0.1411559125
42 11  -0.1179040369  -0.1577762549  -0.0067616014   0.0219640898   0.3850179665
42 12   0.0241050623   0.1317170478   0.1719678255   0.0044344328   0.0146855250
42 13   0.5351474415  -0.0341650031  -0.0059152102   0.1797882522   0.1507897935
42 14   0.0801313058  -0.0118025650  -0.0029529932  -0.1064400795   0.3347573636
42 15  -0.0369857540  -0.0036726488  -0.0000063893  -0.0017835965   0.0000060327
42 16   0.0001159195   0.0015171608   0.0001040985   0.0933160338   0.0032239818
42 17  -0.0018731066
43  1   0.0090817893   0.0048079559  -0.0917585601   0.1490709414  -0.0374496603
43  2   0.0347216987   0.1792983280   0.0163233673  -0.1235424718   0.1281701748
43  3   0.0350550166   0.0245867064   0.0602796099   0.1218050601   0.1720916641
43  4   0.1045203511  -0.1356109787  -0.0955313088   0.0201008337  -0.0035892770
43  5  -0.0751965253   0.0007037796   0.0200542787   0.0078898078  -0.1159643588
43  6   0.0031856964  -0.0243225626   0.0419193471  -0.0331254993  -0.0277496875
43  7   0.2196886042  -0.0110601941  -0.0008771223   0.0377013599   0.0004241939
43  8  -0.0025880178   0.0042991603   0.0794579935   0.1270887744   0.0013316650
43  9   0.0212853796  -0.0764801746  -0.0201326317   0.0099028981   0.0004267803
43 10   0.0082101612   0.0969002191   0.0226649586  -0.0845679583   0.0029315423
43 11  -0.0149622470   0.0055979324   0.0655901315  -0.0341512989   0.0027121110
43 12  -0.1531737764   0.0173995578  -0.0018294487   0.0782319485  -0.1180958802
43 13   0.0030241778  -0.0015859220  -0.0126451043  -0.1053392881   0.1205276072
43 14   0.0007687713  -0.0123952481   0.0101264210   0.0074036886   0.0084490424
43 15   0.0877689953   0.0000071931   0.0012308086   0.0000000137   0.0007534850
43 16   0.0007461846   0.0000595447  -0.0249327630   0.0000452583   0.0001497082
43 17  -0.0002610688
44  1   0.0011129040  -0.0117905460  -0.1280458341  -0.0172725487  -0.1699827406
44  2  -0.0052234155   0.0657342900  -0.1851185925  -0.0592158612  -0.0488366260
44  3  -0.0064620040  -0.0012164514  -0.0144933736   0.0034279392  -0.0235006226
44  4  -0.0008849230  -0.0240821968  -0.0005480137   0.0009964805   0.0057129016
44  5  -0.0373295975   0.0011274231  -0.0190157689   0.0256387202   0.0148489914
44  6  -0.0002255403  -0.0007400501   0.0905794775  -0.0972243076   0.0479370324
44  7  -0.2441827917  -0.0665728849   0.0782916647   0.0002547678  -0.0000522886
44  8  -0.0004276041   0.0008392840  -0.0006341385  -0.0013309162  -0.0000758374
44  9   0.0001776608  -0.1134235948  -0.0391354239  -0.0013085250  -0.0001931688
44 10  -0.0083060139  -0.0732921945  -0.0708595224   0.2165768243   0.0861599555
44 11  -0.1068891804   0.0119847649   0.0262926326  -0.0318975983   0.0017968543
44 12  -0.0084221822   0.0012952100   0.0000051925   0.0063006313  -0.1326147959
44 13   0.0038346030   0.0008472359   0.0403239078  -0.0790726739   0.0919295836
44 14   0.0072698091   0.0323831501  -0.0923394420  -0.0358807128  -0.0069374775
44 15   0.0973532128   0.0000036709   0.0005215905   0.0000062417   0.0008521543
44 16  -0.0008910255   0.0000997860   0.0672161191  -0.0000769771  -0.0002006124
44 17   0.0005330225
45  1  -0.0114437562  -0.0201493302  -0.0227896791  -0.2142738080   0.0216187756
45  2  -0.0551120868   0.0069596882   0.0029891399  -0.0133932131  -0.2709816331
45  3  -0.0585668870  -0.0294008636   0.0342077225  -0.1876252103   0.0525416228
45  4  -0.1499147588  -0.0849092632   0.1309536981  -0.0216792185   0.0239918454
45  5  -0.0392706679  -0.0024837784   0.0198435860  -0.1122985531   0.0906542030
45  6  -0.0036109720   0.0413223299   0.0328194998  -0.0265329340  -0.0207899051
45  7   0.1661849323  -0.0065086437  -0.0032686173  -0.0491667995  -0.0005261019
45  8   0.0044305647  -0.0078275069  -0.1054091877  -0.1682731406  -0.0018074785
45  9  -0.0286046777  -0.0515515847  -0.0134348632  -0.0113256811  -0.0001037812
45 10   0.0061475926   0.0728447842   0.0170902229  -0.0635389347   0.0022626528
45 11  -0.0113729521   0.0042415000   0.0494758880  -0.0250414093   0.0019841607
45 12  -0.1156240510   0.0131259349  -0.0013690135   0.0596688209  -0.0911214470
45 13   0.0023345148  -0.0012224585  -0.0095337660  -0.0805117522   0.0921603365
45 14   0.0005909896  -0.0093638381   0.0074699843   0.0054893875   0.0064218762
45 15   0.0669834493  -0.0000006194   0.0009469610  -0.0000015962   0.0005752750
45 16   0.0005722051   0.0000523751  -0.0187220008   0.0000340414   0.0001183964
45 17  -0.0002012915
46  1   0.0023855853  -0.0517190595  -0.0631936538   0.0588855808  -0.0078731457
46  2   0.0183009654   0.1682037662  -0.0083033242  -0.1258228562   0.1009366901
46  3  -0.0836891586   0.0519461184   0.0429999152  -0.0148207350   0.1230504916
46  4   0.0116360217  -0.1238008999   0.0182498941   0.0026460075  -0.0289600086
46  5  -0.0794971804  -0.0002312973   0.0189464142  -0.0284141354  -0.0378527745
46  6  -0.0025936380  -0.0112676693   0.0076124263  -0.0004308516  -0.0288250132
46  7   0.1967966546  -0.0106785816   0.0039870450   0.0346616629  -0.0004899733
46  8  -0.0225136312   0.0454090866  -0.2279333728  -0.3657115931  -0.0040212628
46  9   0.0146431782   0.1089748836   0.0343280790   0.0126313579   0.0002551572
46 10  -0.0027267025  -0.0582198060   0.0079661474   0.0015561323   0.0451905200
46 11  -0.0379136229  -0.0027478110  -0.1030101299   0.0147294685  -0.0019530962
46 12   0.3235717708  -0.0380769171   0.0017695086  -0.0400962308  -0.0873090473
46 13   0.0026879876   0.0022980105   0.0195858243   0.0294949957  -0.0361367062
46 14  -0.0006612192   0.0298031440  -0.0584722957  -0.0389236520  -0.0408938358
46 15  -0.2908936497  -0.0000045047   0.0010773496  -0.0000045045  -0.0000420215
46 16  -0.0001642898  -0.0001284168   0.0008679229  -0.0000321909  -0.0001163532
46 17   0.0002023778
47  1   0.0006126372  -0.0010408798  -0.0172822671  -0.0043842423  -0.1311266977
47  2  -0.0165226500   0.0732585556  -0.1511461993  -0.0091016125  -0.0318003540
47  3   0.0034329468  -0.0064599318  -0.1423859819   0.0136508705  -0.1116747682
47  4   0.0015697343  -0.0444079150   0.0000961959   0.0007874038   0.0039713401
47  5  -0.0281063418  -0.0001749769   0.0104578078  -0.0326716890  -0.0189700531
47  6  -0.0002240251  -0.0011869108  -0.0871420693   0.0786566138   0.0105519814
47  7  -0.0670153751  -0.2100617429   0.2217672399  -0.0034177950  -0.0000922303
47  8  -0.0014443228   0.0029712452   0.0002679025  -0.0000454837  -0.0000442622
47  9   0.0008907293   0.1207368148   0.0336919457   0.0000480607  -0.0000453866
47 10  -0.0014413946   0.0013386179  -0.0000806615  -0.0083675139  -0.0334137311
47 11   0.0323102449  -0.0002204062   0.0520227824   0.0015188538   0.0011903316
47 12  -0.2572493736   0.0282452809  -0.0011565058   0.0458634992   0.0307993769
47 13  -0.0010512159   0.0007022176  -0.0058166174  -0.0789506346   0.0892425842
47 14  -0.0044628511   0.0037693192   0.0512525219  -0.0040026151  -0.0554620970
47 15  -0.6297562635  -0.0000070887   0.0000977299   0.0000100253   0.0001334684
47 16  -0.0010146795  -0.0003467851  -0.0000304438  -0.0000143525  -0.0001806125
47 17  -0.0001766856
48  1  -0.0025610189   0.0550801883  -0.0564671592  -0.0947119463  -0.0169736939
48  2  -0.0336249394   0.0215670517   0.0355154395  -0.0101033686  -0.2351338632
48  3   0.0991119504  -0.0659414606   0.0472613661  -0.0045947548   0.0938207384
48  4  -0.0260073344  -0.0927684842  -0.0195444346   0.0006791322   0.0542432203
48  5  -0.0095128404  -0.0012646570   0.0143890918  -0.0412194064   0.0011994360
48  6   0.0039594164   0.0211374669   0.0014839717   0.0033859216  -0.0212320208
48  7   0.1429907161  -0.0065390429   0.0011706140  -0.0456520965   0.0006524656
48  8   0.0297734504  -0.0600856794   0.3040925165   0.4877302417   0.0053438576
48  9  -0.0174756237   0.0720941875   0.0233140960  -0.0188999858  -0.0003208714
48 10  -0.0019314584  -0.0429661023   0.0064834505  -0.0001292250   0.0343777506
48 11  -0.0289484541  -0.0020337028  -0.0778246660   0.0110394832  -0.0014811297
48 12   0.2446592392  -0.0287949489   0.0013586173  -0.0301821448  -0.0667001807
48 13   0.0020513926   0.0017372295   0.0148918166   0.0220724348  -0.0270472975
48 14  -0.0005154128   0.0226079356  -0.0442920466  -0.0296079756  -0.0311934234
48 15  -0.2226964317  -0.0000087505   0.0008198238  -0.0000040579  -0.0000332818
48 16  -0.0001247747  -0.0000949400   0.0006554044  -0.0000246011  -0.0000845788
48 17   0.0001501747
49  1   0.0018786725  -0.0553721110   0.0303063631  -0.0336292495   0.0134501128
49  2   0.0629048843   0.1695424071   0.0271618914  -0.0551857403   0.0446456065
49  3  -0.0999487073   0.0432513241  -0.0307498277   0.0680142590   0.0708063183
49  4   0.0440594289  -0.0951756893   0.1572405248   0.0004905577  -0.1121541857
49  5  -0.0583947154  -0.0014783292   0.0478219983  -0.1107069466   0.0275798485
49  6  -0.0036191555   0.0478655613   0.0037597820   0.0012812422  -0.0156672858
49  7   0.0557691648   0.1702777281  -0.1737572433   0.0086482664   0.0000036281
49  8  -0.0169927171   0.0341206234   0.0755702395   0.1246729038   0.0017122981
49  9  -0.0301535526   0.1562788874   0.0466338768  -0.0076022843  -0.0001834177
49 10  -0.0096876032  -0.0959399176  -0.0813721464   0.2503838229  -0.0459924592
49 11   0.0483283964  -0.0004665343   0.0484913517   0.0091670949  -0.0013051374
49 12  -0.0448016037   0.0077158787  -0.0017164149   0.0233677853   0.0655880820
49 13  -0.0008303072  -0.0020620122  -0.0245101258  -0.0882184087   0.1005455338
49 14   0.0018608613  -0.0069220606  -0.0060485372  -0.0009718306   0.0005196619
49 15   0.0280432959   0.0000023343   0.0000347192   0.0000057483   0.0002981436
49 16   0.0003743945  -0.0000040761   0.0002688294   0.0000186942   0.0000259800
49 17   0.0000246352
50  1   0.0004004120   0.0032779752   0.0278635685   0.0007836678  -0.1146182573
50  2  -0.0210642582   0.0764760894  -0.1365297346   0.0124784376  -0.0247949058
50  3   0.0072789364  -0.0080684456  -0.1814985689   0.0169884957  -0.1318252173
50  4   0.0027177877  -0.0350893391   0.0006116320   0.0002779433   0.0007613232
50  5  -0.0086589245  -0.0003440830   0.0072137648  -0.0162932266  -0.0079895898
50  6  -0.0002429652  -0.0025606911  -0.1090530721   0.1004016249   0.0006114446
50  7  -0.0509852115  -0.0088625460   0.0076254866  -0.0012270369  -0.0000236372
50  8  -0.0002788483   0.0005657997  -0.0008256778  -0.0013889530  -0.0000500472
50  9  -0.0009010986  -0.0143987131  -0.0033342118   0.0016343777   0.0002462337
50 10   0.0085371233   0.1080392827   0.0012066436  -0.0315971459  -0.0535111968
50 11   0.0429938331   0.0043927970   0.1125056675  -0.0512913908   0.0016880355
50 12   0.4372892696  -0.0533016532   0.0003377551  -0.0199493422   0.0036712199
50 13   0.0010193708  -0.0039490649  -0.1071063915  -0.0951245652   0.1054581398
50 14  -0.0001778807  -0.0177596088  -0.1286805996  -0.0579615897  -0.0278253547
50 15   0.1008561934   0.0000150248   0.0001242991  -0.0000033936   0.0003828481
50 16   0.0016045826   0.0001372522  -0.0000922430   0.0000394425   0.0001254085
50 17   0.0008460352
51  1  -0.0024863734   0.0753572851  -0.0191332761   0.0461578641   0.0125318960
51  2  -0.1088347827   0.0310629630   0.0395911873  -0.0283804949  -0.1357534380
51  3   0.1348549325  -0.0613709615  -0.0199348520  -0.0973578359   0.0181552613
51  4  -0.0630155711  -0.0759156775  -0.2022920912   0.0003900538   0.1407998184
51  5   0.1089038551  -0.0039678443   0.0355226607   0.0002518184  -0.1228259817
51  6   0.0057688822  -0.0568119216   0.0069653573  -0.0024278270  -0.0121928495
51  7   0.0459806874   0.1289296750  -0.1314962282  -0.0053415376   0.0000527110
51  8   0.0230230579  -0.0461506927  -0.0942062375  -0.1560195548  -0.0021605424
51  9   0.0400104123   0.1229266023   0.0366079481   0.0087577042  -0.0001721312
51 10  -0.0074210185  -0.0732387368  -0.0620835375   0.1910509113  -0.0352068776
51 11   0.0369142068  -0.0003391348   0.0373946502   0.0068200679  -0.0009967215
51 12  -0.0327981486   0.0056914050  -0.0013022542   0.0178372284   0.0501276137
51 13  -0.0006348263  -0.0015890726  -0.0189014675  -0.0675071278   0.0769667628
51 14   0.0014123987  -0.0052847734  -0.0049328826  -0.0009142194   0.0003327094
51 15   0.0217871312  -0.0000002048   0.0000295413   0.0000023901   0.0002285743
51 16   0.0002935915   0.0000012196   0.0002049451   0.0000144522   0.0000212404
51 17   0.0000197948
52  1   0.0025924506   0.0308370089   0.0892277763  -0.0638680295   0.0061306830
52  2   0.1181561916   0.1807560010   0.0815213940   0.0109302642   0.0181409893
52  3  -0.0569874602   0.0606742409  -0.1060766645  -0.0014126444   0.0420713554
52  4   0.0056449580  -0.1364882264   0.0674499071  -0.0113417673  -0.0252852044
52  5  -0.0797952198   0.0000664299   0.0332025023  -0.0327306660  -0.0973569485
52  6   0.0007967787  -0.0049953385  -0.0051356919  -0.0034569737   0.0253348694
52  7  -0.1577025302   0.0756872462  -0.0811040669  -0.0746278637   0.0004298822
52  8   0.0571934778  -0.1137647839  -0.0205846962  -0.0293639825   0.0004621958
52  9   0.1218113065   0.0729256801   0.0245344633   0.0105925198   0.0000773351
52 10   0.0049339084   0.0679686901  -0.0173467063   0.0396241498  -0.0083845778
52 11   0.0061654461   0.0011565815   0.0289211856  -0.0237702191   0.0019910665
52 12  -0.1203185945   0.0137414676   0.0015980962  -0.0545003764  -0.1383255287
52 13   0.0031754825  -0.0012778310  -0.0532645118   0.2344425540  -0.2745337253
52 14  -0.0121316506  -0.0432105593  -0.0244158092  -0.0163636341  -0.0148068643
52 15  -0.0495471889   0.0000003041  -0.0005166656  -0.0000101077   0.0027417658
52 16  -0.0005898301   0.0000333377  -0.0008784492  -0.0000361709  -0.0000445655
52 17  -0.0010116498
53  1   0.0006912053  -0.0022525084  -0.0290632597  -0.0062862378  -0.1346715662
53  2  -0.0150203602   0.0726099034  -0.1539126044  -0.0131485590  -0.0337779961
53  3   0.0022547952  -0.0054714701  -0.1224924268   0.0141375415  -0.1159454660
53  4   0.0026147088  -0.0112181641   0.0003553364  -0.0006842730  -0.0043427486
53  5   0.0276522013  -0.0009239122   0.0085484550  -0.0032241953  -0.0008602211
53  6  -0.0000765713  -0.0032416754  -0.1379557430   0.1361903639  -0.0254500818
53  7   0.0547199939   0.1520797163  -0.1634935889   0.0009624910   0.0000147825
53  8   0.0009164458  -0.0018481086  -0.0016698166  -0.0027443892  -0.0000712178
53  9  -0.0008325572  -0.0654124298  -0.0171016433   0.0008190469   0.0000667686
53 10   0.0022375759   0.0402950727  -0.0110453337   0.0234018213  -0.0062432084
53 11   0.0004071896   0.0026122695   0.0440998030  -0.0038130916   0.0011776028
53 12   0.0760176911  -0.0148856109   0.0008938512   0.0560758123  -0.0310198099
53 13  -0.0004760130   0.0132501271   0.2469723978   0.1085945811  -0.1162942920
53 14   0.0123154887   0.1197371505   0.2410369103   0.1173343613   0.0799527237
53 15   0.0269230427  -0.0000290224  -0.0001345117   0.0000137896  -0.0005588511
53 16   0.0005821344  -0.0001681198   0.0000274351  -0.0000388961  -0.0001024911
53 17   0.0008392079
54  1  -0.0042541522  -0.0224445053   0.0496071029   0.1036938354   0.0740922084
54  2  -0.1964191567   0.0265022658   0.0139561113  -0.0479227210  -0.0779518982
54  3   0.0912963964  -0.0910203067  -0.0710553546  -0.0023265168   0.0289609513
54  4  -0.0145242752  -0.1085727269  -0.0844593361   0.0199518757   0.0483952317
54  5  -0.0124527963  -0.0028944298   0.0276999637  -0.1034352652   0.0435309536
54  6  -0.0010991875   0.0065871304  -0.0040453413  -0.0023870991   0.0186512439
54  7  -0.1160213021   0.0556004566  -0.0586646010   0.1004662758  -0.0004879714
54  8  -0.0759022533   0.1508905587   0.0274620217   0.0393936772  -0.0005522520
54  9  -0.1603456916   0.0543447308   0.0184838784  -0.0112045790   0.0001663761
54 10   0.0038738827   0.0518192689  -0.0125142647   0.0281772116  -0.0063100280
54 11   0.0044988098   0.0008817452   0.0223286041  -0.0180487414   0.0015101678
54 12  -0.0907248153   0.0102695223   0.0012285353  -0.0416028040  -0.1053051771
54 13   0.0024077306  -0.0009370552  -0.0396080249   0.1783873216  -0.2088125148
54 14  -0.0092182089  -0.0324971117  -0.0175335212  -0.0120196484  -0.0110028080
54 15  -0.0376045022   0.0000005838  -0.0003987546  -0.0000119573   0.0020715157
54 16  -0.0004441927   0.0000311912  -0.0006694677  -0.0000271048  -0.0000352812
54 17  -0.0007597021
55  1   0.0064390572   0.1316323604   0.0558189428   0.0022742879  -0.0244185396
55  2   0.1338014526   0.1919978132   0.1057175993   0.0116009757   0.0471244968
55  3   0.0502178817   0.0004443296  -0.1048501638  -0.0983137678   0.0132584880
55  4  -0.1003338413  -0.1362553677   0.1175878179  -0.0201792934   0.0017989801
55  5  -0.0699460988   0.0001225616   0.0391381677  -0.0344252249  -0.1306647460
55  6   0.0014685424  -0.0447137607  -0.0171492447   0.0067976584   0.0276415479
55  7  -0.1658140303   0.0734651030  -0.0828278104  -0.0087601459   0.0000361928
55  8  -0.0196279589   0.0385246841   0.0209509701   0.0306967457   0.0001744523
55  9  -0.0984757366  -0.1031798858  -0.0287725193   0.0536363511   0.0001357393
55 10  -0.0023164670  -0.0775895521   0.0771942469  -0.1986915038   0.0203048596
55 11  -0.0176013721  -0.0012543155  -0.0410098002  -0.0066850476   0.0004626547
55 12  -0.0176863584   0.0025150398   0.0021828115  -0.1019110923   0.0030688822
55 13   0.0008868108   0.0008302529   0.0320555963  -0.1621387740   0.1856443953
55 14  -0.0007972718  -0.0218937000   0.1308353593   0.0585387006   0.0271892526
55 15   0.0094196357  -0.0000024659   0.0110203517   0.0000093855  -0.0349431656
55 16  -0.0011543454   0.0000274148   0.0007111146   0.0000082001   0.0000182576
55 17   0.0000928840
56  1   0.0012034702  -0.0127418393  -0.1401059977  -0.0195209453  -0.1745394844
56  2  -0.0034460312   0.0648881578  -0.1887832221  -0.0645891979  -0.0512407167
56  3  -0.0075448601  -0.0007394581  -0.0025160003   0.0037666370  -0.0364267288
56  4  -0.0005009763  -0.0001166948   0.0003717662  -0.0002869701  -0.0028579680
56  5   0.0168657869  -0.0006598476   0.0052880449  -0.0003688984  -0.0016330435
56  6   0.0001730907   0.0010371862   0.1058375314  -0.1028293478   0.0208482912
56  7  -0.1228105095   0.1806299243  -0.1856920052   0.0039445676   0.0000029954
56  8   0.0002187642  -0.0004609816   0.0013377648   0.0019348881  -0.0000390143
56  9   0.0010295994   0.1060866763   0.0365228622  -0.0002036395   0.0001909692
56 10   0.0029839106  -0.0204080055   0.0891421826  -0.2456785836  -0.0540843352
56 11   0.0767902849  -0.0125379740  -0.0704191881   0.0203991626  -0.0011771210
56 12  -0.0768256416   0.0093849185  -0.0026676256   0.1004559403   0.0342399513
56 13  -0.0015862405  -0.0001574420   0.0146005695   0.0461252006  -0.0488669249
56 14   0.0117515426   0.0653204139  -0.2776086918  -0.1203380565  -0.0517874883
56 15   0.0104028571   0.0000104877   0.0135590644   0.0000036500  -0.0752518685
56 16   0.0008529482   0.0000286151  -0.0013371939   0.0000011790   0.0000264266
56 17  -0.0001215846
57  1  -0.0093313441  -0.1561638585   0.0897685119   0.0156028139   0.1126283433
57  2  -0.2165049605   0.0114346314  -0.0191972681  -0.0508404151  -0.1167022619
57  3  -0.0506654700  -0.0113158462  -0.0742255095   0.1258621814   0.0688170923
57  4   0.1252820128  -0.1217491670  -0.1498805484   0.0317568885   0.0151825637
57  5  -0.0419598016  -0.0032589136   0.0320945647  -0.1331155942   0.0676972130
57  6  -0.0019404150   0.0602234534  -0.0187413607   0.0096675917   0.0218365120
57  7  -0.1316724173   0.0551078123  -0.0619047562   0.0137612700   0.0000775224
57  8   0.0261582762  -0.0515233376  -0.0313147248  -0.0459484493  -0.0002377640
57  9   0.1286315234  -0.0803358595  -0.0224227925  -0.0714265254  -0.0002180740
57 10  -0.0014424157  -0.0558368279   0.0580353877  -0.1498481871   0.0139231430
57 11  -0.0113984609  -0.0012783046  -0.0325577632  -0.0059119842   0.0004001636
57 12  -0.0144958260   0.0019359316   0.0016791534  -0.0780070650   0.0018903363
57 13   0.0006762050   0.0006182893   0.0245582017  -0.1231066128   0.1410302540
57 14  -0.0006163268  -0.0164387162   0.0987913217   0.0441164308   0.0204802579
57 15   0.0071592043  -0.0000022887   0.0084260329   0.0000017625  -0.0267991148
57 16  -0.0008549534   0.0000301522   0.0005349211   0.0000067369   0.0000138272
57 17   0.0000661840
58  1   0.0100858740   0.1055160061  -0.0357956223   0.1174923827  -0.0454825100
58  2   0.0903829789   0.1907818328   0.0712899874  -0.0573536794   0.1023134427
58  3   0.1060155252  -0.0172754082  -0.0155116701   0.0094321848   0.1002863857
58  4  -0.0214434227  -0.1468806111   0.0172422865  -0.0072064614   0.0467404786
58  5  -0.0690703734   0.0001762071   0.0277668085  -0.1326852298   0.0594202354
58  6  -0.0003717762   0.0387631443   0.0253748984  -0.0300505755   0.0118778006
58  7  -0.0004066291  -0.1116872873   0.1072112350   0.0159759138   0.0004526656
58  8   0.0407225131  -0.0807259267  -0.0444217832  -0.0729006673  -0.0007532506
58  9  -0.0520745965  -0.3854072580  -0.1198311427  -0.0820155022  -0.0004428017
58 10  -0.0045175883  -0.0271662235  -0.0224511262   0.0589536275  -0.0474012289
58 11   0.0572323562  -0.0053525527  -0.0029814341   0.0347210732  -0.0023341039
58 12   0.0523260675  -0.0064127266  -0.0009048425   0.0371763681   0.1003550426
58 13  -0.0032715431   0.0007043374   0.0038101071   0.0959551101  -0.1080341558
58 14   0.0023002398   0.0217120421  -0.0488494998  -0.0207768125  -0.0079325244
58 15  -0.0121805493  -0.0000008195  -0.0677489780  -0.0000066220  -0.0185297728
58 16   0.0000631406  -0.0000305490  -0.0016667807   0.0000009432  -0.0000043115
58 17   0.0000258655
59  1   0.0014128084  -0.0174156731  -0.1863405072  -0.0244265421  -0.1909764823
59  2   0.0010918700   0.0616858268  -0.2033251704  -0.0860580978  -0.0582301702
59  3  -0.0114346631   0.0012565064   0.0465432683   0.0000955781   0.0000783334
59  4  -0.0013643649  -0.0049843332  -0.0001469769   0.0001729330   0.0014654515
59  5  -0.0076371634   0.0004444234  -0.0131914122   0.0268718848   0.0151835450
59  6   0.0001532691   0.0029543309   0.1697871497  -0.1614013480   0.0156440279
59  7  -0.0333393754   0.0545654961  -0.0534284978   0.0022669609  -0.0000304314
59  8   0.0005025741  -0.0010172350   0.0009372117   0.0012536752  -0.0000646308
59  9   0.0008497982   0.0086221767   0.0032441237  -0.0004953119   0.0001183480
59 10   0.0026440201   0.0352504622   0.0027214864  -0.0158700150  -0.0041757628
59 11   0.0028569613   0.0001919861   0.0084285206   0.0676808006  -0.0043682430
59 12   0.1421468402  -0.0166740373  -0.0000506701   0.0079115132   0.0537370753
59 13  -0.0014228711  -0.0037624647  -0.1202783697   0.0548071300  -0.0693591582
59 14  -0.0231885312  -0.1255683786   0.3706918993   0.1568046257   0.0596340728
59 15  -0.0560810104  -0.0000077006   0.0118499000   0.0000134958   0.0075938997
59 16  -0.0009438586  -0.0000559788  -0.0013103389  -0.0000104353  -0.0000200897
59 17  -0.0000591291
60  1  -0.0134484300  -0.1374084340   0.0513739373  -0.1546905731   0.0841258283
60  2  -0.1432380497   0.0020457343  -0.0234367369  -0.0330200253  -0.2140282868
60  3  -0.1381177979   0.0188372140  -0.0241177324  -0.0298199997   0.0712303928
60  4   0.0173348988  -0.1139461767  -0.0175332739   0.0156091637  -0.0346578095
60  5  -0.0986697745  -0.0012504288   0.0158691536   0.0348854752  -0.1598940086
60  6   0.0005485412  -0.0441736953   0.0231457574  -0.0260315202   0.0082641880
60  7   0.0045478978  -0.0803464411   0.0765510423  -0.0230027427  -0.0005493559
60  8  -0.0519473804   0.1027642342   0.0509680777   0.0844271908   0.0008470795
60  9   0.0623171400  -0.3023292692  -0.0938444744   0.1090163205   0.0002188328
60 10  -0.0037653673  -0.0238729573  -0.0170654089   0.0453275817  -0.0356916340
60 11   0.0430958252  -0.0040644617  -0.0025476952   0.0262558272  -0.0017824277
60 12   0.0407166913  -0.0050520725  -0.0006889135   0.0291275309   0.0767803419
60 13  -0.0025122041   0.0004961236   0.0023053110   0.0734993775  -0.0827148325
60 14   0.0016374465   0.0160851782  -0.0358221483  -0.0153178653  -0.0058415370
60 15  -0.0094434165  -0.0000043949  -0.0512030940  -0.0000089527  -0.0139932909
60 16   0.0000598896  -0.0000140604  -0.0012616151   0.0000008360  -0.0000001171
60 17   0.0000144192
61  1  -0.0034577412  -0.0907150972  -0.1272627017   0.0713730555  -0.0012456688
61  2  -0.0321235245   0.1579846816  -0.0578976825  -0.1861961824   0.1251931293
61  3  -0.1529681844   0.0768277727   0.1155165528  -0.1841359230   0.1764469251
61  4  -0.0818364466  -0.1306584210  -0.0441351734  -0.0077281649   0.0574361023
61  5  -0.1092581961   0.0017678479  -0.0454147038   0.0592581670   0.0506695739
61  6  -0.0006631406   0.0013228296  -0.1636600624   0.1489597352   0.0036102759
61  7  -0.0870736815  -0.0684323768   0.0753727360  -0.0046574648   0.0003716630
61  8   0.0085155700  -0.0168089730   0.0668371147   0.1050197944   0.0008810180
61  9  -0.0009177968   0.1215811337   0.0359248004  -0.0025610073   0.0003082986
61 10  -0.0004135009  -0.0143178803   0.0073360522  -0.0181697113  -0.0070441979
61 11   0.0103307134  -0.0017715970  -0.0104751273  -0.0027699200   0.0002190689
61 12  -0.0403814124   0.0048920376   0.0000406737  -0.0115108898   0.0475889022
61 13  -0.0014953106  -0.0006787920  -0.0052479905   0.0264081121  -0.0289843124
61 14   0.0004630063  -0.0106685725   0.0111891960   0.0125172190   0.0198216043
61 15   0.1681671389   0.0000058942  -0.0001734635   0.0000012182   0.0000582331
61 16   0.0001860106   0.0000863220   0.0000522698   0.0000157647   0.0000706321
61 17  -0.0000385049
62  1   0.0004211464   0.0040397024   0.0347433271   0.0021062734  -0.1128908987
62  2  -0.0220354599   0.0767729959  -0.1353505958   0.0141841182  -0.0236164434
62  3   0.0086400819  -0.0090197692  -0.2031692712   0.0214643198  -0.1748831646
62  4   0.0047335730  -0.0354225280  -0.0001968100  -0.0003509968  -0.0051293869
62  5   0.0301737051  -0.0029025506   0.0598850123  -0.1139406936  -0.0689769748
62  6   0.0005287242   0.0069656585   0.0367028957  -0.0285359981  -0.0158417035
62  7   0.1683596160  -0.2038003888   0.2061251468  -0.0031133267  -0.0000666845
62  8  -0.0009732225   0.0019992003   0.0036757796   0.0055207819   0.0000272126
62  9   0.0015726749   0.1870724803   0.0558752613  -0.0012738005   0.0000172296
62 10  -0.0022957994  -0.0547620452   0.0165956435  -0.0306841217   0.0245368136
62 11  -0.0186890327  -0.0025979413  -0.0621850013  -0.0019090214   0.0000524744
62 12  -0.0720199573   0.0104749022   0.0001977929  -0.0258464964   0.0420231021
62 13  -0.0012482800  -0.0007335878   0.0085724318   0.0682464755  -0.0762608013
62 14   0.0013565465  -0.0119302329   0.0063886390   0.0188377853   0.0396371839
62 15   0.3562865528   0.0000047660  -0.0001211707  -0.0000015135   0.0000627866
62 16   0.0003172423   0.0001726806   0.0003515304   0.0000027565   0.0000893538
62 17   0.0000422628
63  1   0.0055085943   0.0919418760  -0.1147249046  -0.1286157840  -0.0731042753
63  2   0.0463094389   0.0256990853   0.0588524747   0.0077353365  -0.2879991967
63  3   0.1749320117  -0.0909710493   0.1276789249   0.1930099213   0.2160374693
63  4   0.0865334034  -0.1042646432   0.0627408111   0.0173896207  -0.0327266920
63  5  -0.1352855351   0.0036563843  -0.0353585577   0.0594721065   0.0181007921
63  6  -0.0005763542  -0.0164732916  -0.1231474329   0.1122776051   0.0024176898
63  7  -0.0646833028  -0.0530041493   0.0580137405   0.0020651331  -0.0005717433
63  8  -0.0131157785   0.0259855972  -0.0876545235  -0.1383258461  -0.0011962391
63  9   0.0025484739   0.0957731994   0.0282118856   0.0029082925  -0.0003322959
63 10  -0.0004469198  -0.0112805531   0.0056516573  -0.0137417846  -0.0054299865
63 11   0.0079542085  -0.0013160332  -0.0080153296  -0.0020412242   0.0001478135
63 12  -0.0312916501   0.0038343994   0.0000524789  -0.0087549569   0.0364055751
63 13  -0.0011370300  -0.0005273681  -0.0039887425   0.0202349234  -0.0222038396
63 14   0.0003703465  -0.0081872678   0.0085461089   0.0095866724   0.0152567666
63 15   0.1289409195  -0.0000029376  -0.0001289852   0.0000025616   0.0000423820
63 16   0.0001429647   0.0000680866   0.0000441883   0.0000115774   0.0000606934
63 17  -0.0000327138
64  1  -0.0002438194   0.0647251315   0.1721414849  -0.1644581566   0.0280605491
64  2   0.1586543125   0.1812435865   0.1129277021   0.0766939513  -0.0362608306
64  3  -0.1029533300   0.1032602316  -0.1825618577  -0.0139264848   0.0341932313
64  4   0.0639387026  -0.1909252975  -0.1904053174   0.0356627648   0.0310650488
64  5  -0.1448112333   0.0049648973  -0.0675888453   0.0806937096   0.1128855774
64  6  -0.0025781666  -0.0148263974   0.1004163997  -0.0942951601   0.0095930110
64  7  -0.0281084948  -0.0204248388   0.0238168918   0.0164334692  -0.0002834557
64  8  -0.0099917721   0.0189750400   0.0005231417   0.0030756453   0.0004025748
64  9  -0.0251653144   0.1091732617   0.0326032323   0.0008399783  -0.0001430554
64 10   0.0052714399   0.0919998013  -0.0200224832   0.0399999246   0.0141469205
64 11  -0.0087008716  -0.0030381346  -0.0486918119   0.0226779844  -0.0007093582
64 12   0.0320279925  -0.0048982669  -0.0001656394   0.0392976630   0.0417002059
64 13  -0.0018402431   0.0015248852   0.0182012536  -0.0414938784   0.0521476090
64 14   0.0082661220   0.0602731266   0.0275857933   0.0145299205   0.0086123936
64 15   0.0162009539   0.0000426153   0.0000655769  -0.0000429659  -0.0003018634
64 16   0.0432251713  -0.0014289282   0.0014942487  -0.0007195186  -0.0006190550
64 17  -0.0469720195
65  1   0.0003935009   0.0026676452   0.0213189953  -0.0004976299  -0.1165997051
65  2  -0.0200447518   0.0761279291  -0.1379490937   0.0104165569  -0.0260617959
65  3   0.0064872035  -0.0067625344  -0.1699198582   0.0159679988  -0.1225227902
65  4   0.0026324624  -0.0425436777  -0.0004965302  -0.0001387773   0.0080624143
65  5  -0.0372084971   0.0029388473  -0.0649079920   0.1277490079   0.0774697114
65  6  -0.0003708886  -0.0057451333  -0.1007636496   0.1104374795  -0.0490917906
65  7   0.1904156242   0.1330480830  -0.1450936530   0.0009083856   0.0000094750
65  8   0.0015028718  -0.0030281652  -0.0026774591  -0.0043113127  -0.0000891118
65  9  -0.0027635961  -0.2107527726  -0.0635212539   0.0003649908  -0.0001123336
65 10  -0.0030328330  -0.0213249543  -0.0155801512   0.0523877912   0.0338952969
65 11  -0.0218700817  -0.0055932265  -0.0995130812   0.0094597185  -0.0004503133
65 12  -0.1699036209   0.0231970575  -0.0004109627  -0.0369100850  -0.0034204309
65 13   0.0018763891  -0.0034524296  -0.0337156771  -0.0067779803  -0.0018797864
65 14  -0.0168381644  -0.1412225369  -0.1008429933  -0.0521958796  -0.0398270092
65 15  -0.0325296299  -0.0000006477  -0.0000004404   0.0000063501   0.0002326402
65 16  -0.0282283124   0.0011501732  -0.0004952969  -0.0011398200  -0.0006694381
65 17  -0.0577615590
66  1  -0.0013963965  -0.0527621569   0.0910922965   0.2545039382   0.0989868505
66  2  -0.2651365772   0.0363635997   0.0199853244  -0.0647542787   0.0172452707
66  3   0.1648994614  -0.1516563517  -0.1177545041   0.0208832860   0.0096157456
66  4  -0.0913775763  -0.1360259730   0.2551917684  -0.0404577023   0.0111747755
66  5  -0.1268026017   0.0021804537  -0.0552800017   0.1258653021  -0.0076252037
66  6   0.0023818567   0.0129512779   0.0736383661  -0.0695234062   0.0077571349
66  7  -0.0242743904  -0.0135260099   0.0160499622  -0.0221941087   0.0003907065
66  8   0.0127854926  -0.0243055534   0.0025053989   0.0010381022  -0.0004028339
66  9   0.0348744629   0.0816753694   0.0244471627   0.0007028482   0.0003415899
66 10   0.0041711449   0.0714519299  -0.0158131961   0.0317065460   0.0111357633
66 11  -0.0068550736  -0.0024559136  -0.0384716673   0.0174464951  -0.0005463691
66 12   0.0234490297  -0.0036904528  -0.0001400979   0.0298471382   0.0319960382
66 13  -0.0014184214   0.0011213248   0.0133792323  -0.0318851411   0.0400935758
66 14   0.0062450986   0.0457803939   0.0207842555   0.0108833263   0.0064072603
66 15   0.0122685017   0.0000356729   0.0000505690  -0.0000379714  -0.0002243643
66 16   0.0324812884  -0.0010665427   0.0011262484  -0.0005492754  -0.0004758024
66 17  -0.0357980675
67  1  -0.0001977628  -0.0035845539   0.2313085194  -0.1170720079   0.0231066697
67  2   0.2006593409   0.1895957615   0.1540659217   0.1273460558  -0.0571936564
67  3  -0.0358443632   0.2013050961  -0.2220939206   0.0890256440   0.0410601453
67  4   0.0386188312  -0.2188068310   0.1113831807  -0.1955642386   0.3627565796
67  5  -0.0460633858   0.0082988243  -0.2068751118   0.5646526240  -0.1184480276
67  6   0.0589601614   0.5032338346   0.2012307119  -0.1804573842  -0.0139707437
67  7   0.1519993104  -0.0841421046   0.1001115556   0.0848997684   0.0006962981
67  8  -0.0550242191   0.1118696805  -0.0348880556  -0.0558353194  -0.0000518305
67  9   0.0219854614   0.1285152409   0.0321011419  -0.0168614603  -0.0007043840
67 10  -0.0214670544  -0.3505064092   0.1008998448  -0.2301707986  -0.1179975603
67 11   0.0802382743   0.0183334885   0.3495775377  -0.0713557637   0.0022556792
67 12   0.1966041764  -0.0243148643  -0.0024552573   0.0329921664  -0.0636697490
67 13   0.0088694311   0.0132746806   0.3962671138   0.1027708130  -0.1502991399
67 14  -0.0513502071  -0.4450778628  -0.1566478462  -0.0819065913  -0.0565627890
67 15  -0.0552917997   0.0000842756   0.0007046108  -0.0000537054  -0.0022601248
67 16   0.1542388845  -0.0059123637   0.0005032364   0.0074894814   0.0047067035
67 17   0.3726518076
68  1   0.0006189117  -0.0005348520  -0.0171118663  -0.0056778304  -0.1311091753
68  2  -0.0156445750   0.0733327458  -0.1505072123  -0.0080954977  -0.0325858442
68  3   0.0026501025  -0.0063031720  -0.1348375457   0.0139507521  -0.1179705227
68  4   0.0031009852  -0.0186410125  -0.0028209617   0.0011647546  -0.0060369216
68  5   0.0248090878  -0.0014014974   0.0208917689  -0.0310258736  -0.0124703760
68  6  -0.0005947005  -0.0081523510  -0.2018297459   0.1963326690  -0.0298818548
68  7   0.0404341486   0.1877172716  -0.2098635048   0.0009020693   0.0000189911
68  8   0.0015574078  -0.0032143318  -0.0038691417  -0.0060624698  -0.0001077043
68  9  -0.0055248839  -0.2350792995  -0.0660605267   0.0048273979   0.0002460187
68 10   0.0166706427   0.3055703126  -0.1054216303   0.2537805629   0.1336313653
68 11  -0.0892015974  -0.0215809406  -0.3992107396   0.0798030638  -0.0025694267
68 12  -0.3145899175   0.0402080032   0.0015031467  -0.0377459453   0.0700969163
68 13  -0.0062387089  -0.0125125670  -0.3222876108  -0.1060198844   0.1398629909
68 14   0.0264897064   0.2281950897   0.0380880687   0.0191749742   0.0057746504
68 15   0.0099118747   0.0001708002   0.0004458231  -0.0001090568  -0.0002556635
68 16   0.3281157951  -0.0127319607   0.0011276169   0.0157867698   0.0099532697
68 17   0.8010628123
69  1  -0.0020932437   0.0451036264   0.1210894869   0.2072641114   0.1453214136
69  2  -0.3318160379   0.0331971482   0.0010635128  -0.0796662000   0.0623843287
69  3   0.0881211408  -0.2805230703  -0.1620626239  -0.1076256701  -0.0122155706
69  4  -0.0596670220  -0.1651332505  -0.1313084352   0.2569540900  -0.3816186146
69  5  -0.4269728521   0.0100443783  -0.1158037799  -0.0559875782   0.5478139185
69  6  -0.0771488576  -0.6552378726   0.2198505430  -0.1927298702  -0.0170811277
69  7   0.1711844762  -0.0742671245   0.0879081047  -0.1112594596  -0.0009054210
69  8   0.0714161980  -0.1450497222   0.0516989957   0.0822746973   0.0002368762
69  9  -0.0189600466   0.1021540099   0.0254473760   0.0111386244   0.0000442311
69 10  -0.0173391172  -0.2847657582   0.0811275868  -0.1848272187  -0.0931709796
69 11   0.0630568937   0.0145107854   0.2771011393  -0.0562633043   0.0017787900
69 12   0.1517566860  -0.0188613297  -0.0019208708   0.0249268923  -0.0500486489
69 13   0.0068874303   0.0102094614   0.3056688749   0.0800328320  -0.1168099757
69 14  -0.0397678429  -0.3439651431  -0.1210750526  -0.0633938465  -0.0437773215
69 15  -0.0427386436   0.0000700423   0.0005348752  -0.0000486223  -0.0017205752
69 16   0.1182477487  -0.0045254233   0.0003805546   0.0057505514   0.0036074244
69 17   0.2861491738
70  1  -0.0098188592  -0.3182077154   0.2298983865  -0.0551631831   0.0499189037
70  2   0.1481096312   0.1733074080   0.0962276173   0.0770460657  -0.0574208495
70  3  -0.1362007958   0.3694004736  -0.1664512591   0.3589863577   0.1082348117
70  4   0.1632315125  -0.1908298037   0.3953786992  -0.3594260131   0.4780500790
70  5   0.1173123974   0.0019593972  -0.0586958650   0.0176986069   0.1750824282
70  6  -0.0195711652  -0.2905348991   0.1237103070  -0.1130554616   0.0075220720
70  7  -0.0154687418  -0.0260432268   0.0297024527  -0.0064676732   0.0015918528
70  8   0.0089348516  -0.0152072439   0.0165623817   0.0150676956  -0.0000756506
70  9  -0.0825366028   0.1194186984   0.0362186001   0.0003823792   0.0002097306
70 10   0.0049713272   0.0783000957  -0.0158869286   0.0323860626   0.0087109234
70 11  -0.0039478813  -0.0020695832  -0.0333092471   0.0178416272  -0.0012837834
70 12   0.0381054496  -0.0043283489  -0.0010429432   0.0380594902   0.0353434090
70 13  -0.0020129127   0.0003527962   0.0028369453  -0.0351030916   0.0467719030
70 14   0.0134225521   0.0883171494   0.0281982359   0.0213877278   0.0335920208
70 15   0.0269996494  -0.0006588254  -0.0009495755   0.0005860338   0.0007970483
70 16  -0.7350695462   0.0252225322  -0.0178812977   0.0024176830   0.0039111031
70 17   0.2876319859
71  1  -0.0001857403   0.0059204739   0.0911738958   0.0097045860  -0.0882030094
71  2  -0.0282664882   0.0816296796  -0.1130960721   0.0470809839  -0.0136436659
71  3   0.0122356069  -0.0051766140  -0.2150016053   0.0202338279  -0.1176546732
71  4   0.0024942366  -0.0857185358   0.0067249883  -0.0045411942   0.0350769106
71  5  -0.1450080464   0.0107380674  -0.2178592297   0.4058804378   0.2377687231
71  6  -0.0004099006  -0.0057514205   0.0743871990  -0.0446256385  -0.0778425951
71  7   0.4632515473   0.0463568716  -0.0414990159   0.0005955907   0.0000495637
71  8   0.0019756485  -0.0039314517  -0.0008361452  -0.0015171730  -0.0000508814
71  9   0.0004269945  -0.2156033712  -0.0729884346  -0.0070508081  -0.0006485130
71 10  -0.0369203878  -0.6106476499   0.1450844995  -0.3075431932  -0.1278195765
71 11   0.0954939626   0.0166747172   0.3238527777  -0.1210252705   0.0061580120
71 12  -0.2595660714   0.0330140567   0.0053738115  -0.2212230723  -0.2439828617
71 13  -0.0027227865  -0.0195430730  -0.6250822777   0.2220558589  -0.2141417184
71 14   0.0677329814   0.7042018398   0.3432130889   0.1715611871   0.1235953975
71 15   0.0336610611  -0.0000414891  -0.0003608557  -0.0000153360   0.0018754820
71 16   0.0335650942  -0.0014242406   0.0006428359  -0.0004298006  -0.0005567218
71 17  -0.0180971428
72  1   0.0112332251   0.4552351525   0.0224415509   0.1106677551   0.0720580769
72  2  -0.2518002039   0.0471386316   0.0434970633  -0.0629029645   0.0458323799
72  3   0.2095545106  -0.5042147211  -0.1440454233  -0.4733233446  -0.0842791929
72  4  -0.2231593757  -0.1439002468  -0.5205432170   0.4828906805  -0.5786275816
72  5  -0.4855876591   0.0067773532  -0.0783639992   0.2295517796  -0.0785381013
72  6   0.0249306146   0.3785618285   0.0610324052  -0.0596771288   0.0077347803
72  7  -0.0274073096  -0.0148834873   0.0173316402   0.0081448109  -0.0021025976
72  8  -0.0123289531   0.0210800341  -0.0184919188  -0.0143858975   0.0002440522
72  9   0.1113144930   0.0834573999   0.0251765825   0.0008663305  -0.0001096887
72 10   0.0038040108   0.0577537556  -0.0119781283   0.0241434089   0.0060230961
72 11  -0.0024109447  -0.0016925153  -0.0251756437   0.0129838253  -0.0008903361
72 12   0.0272030634  -0.0032283046  -0.0007375799   0.0277621158   0.0259702901
72 13  -0.0015775396   0.0001928483  -0.0010976286  -0.0260052833   0.0350424667
72 14   0.0104993100   0.0709910099   0.0237532405   0.0171954352   0.0257332924
72 15   0.0205148169  -0.0004925905  -0.0007056529   0.0004367109   0.0006145104
72 16  -0.5546602564   0.0190386940  -0.0135013505   0.0018214728   0.0029434817
72 17   0.2170229000
73  1   0.0069723446   0.2080454950   0.1034719685  -0.0187941726  -0.0306593585
73  2   0.1783067866   0.2011281629   0.1496112230   0.0646392336   0.0262168554
73  3   0.1066333758  -0.0187887756  -0.1710788356  -0.1860814645  -0.0660246339
73  4  -0.1944370916  -0.1229207791   0.1799216789  -0.0493947348   0.0554506194
73  5   0.0022502660  -0.0016382382   0.0617953316  -0.1471047673  -0.0124047278
73  6  -0.0075090675  -0.1183690353  -0.1554667794   0.1435792138   0.0035501867
73  7  -0.1237174623   0.2245402860  -0.2441173757   0.1030152972  -0.0012240561
73  8  -0.1800825626   0.3531834817   0.1142951363   0.2050863577   0.0038560655
73  9   0.4964984733   0.0231537841   0.0144224778  -0.3350384480  -0.0015150762
73 10  -0.0026548070  -0.1540377729   0.1648172107  -0.4137978180   0.3112462792
73 11  -0.4169128213   0.0565224477   0.2659932737   0.3011434281  -0.0190305165
73 12   0.0417562587  -0.0012052001  -0.0076801443   0.2875962945   0.1941042296
73 13  -0.0072155396  -0.0066919368  -0.1424353687   0.1027687177  -0.1144069174
73 14   0.0044331278   0.0182021591  -0.2300080097  -0.1024280495  -0.0511958146
73 15  -0.0133622221  -0.0000093335  -0.1042895880  -0.0000349214   0.4126230420
73 16   0.0008682172  -0.0001074145   0.0002141756   0.0000178715  -0.0000096985
73 17   0.0002727565
74  1   0.0013893901  -0.0176103531  -0.1877063380  -0.0252867739  -0.1911065447
74  2   0.0015430120   0.0616937736  -0.2031470123  -0.0857655635  -0.0586583972
74  3  -0.0122465091   0.0015252698   0.0496804054  -0.0008325276   0.0041842818
74  4  -0.0016922370  -0.0051279131   0.0000959235   0.0004385236   0.0007962911
74  5  -0.0091672369   0.0002381583  -0.0074560928   0.0150392430   0.0058851268
74  6   0.0002037123   0.0033349104   0.2176286277  -0.2124160586   0.0383941487
74  7  -0.1475506203   0.0655064313  -0.0629573026   0.0022271524  -0.0000118059
74  8   0.0016078970  -0.0032120154   0.0002571281  -0.0000136766  -0.0000922262
74  9  -0.0049055582  -0.0328257402  -0.0094584071   0.0057380489   0.0001611110
74 10   0.0034887165   0.0398149142   0.0259300410  -0.0934772710  -0.2980395388
74 11   0.4119184055  -0.0611727266  -0.3297903314  -0.2257626709   0.0144183432
74 12  -0.1280292695   0.0127417978   0.0051093571  -0.2067183091  -0.1049781491
74 13   0.0045176623   0.0066066525   0.1750757529  -0.1766201347   0.2047712942
74 14   0.0106758558   0.0488892625  -0.0321245864  -0.0098779473   0.0039718886
74 15   0.0308739003  -0.0000314567  -0.2003643827  -0.0000571204   0.8163419096
74 16   0.0019092680  -0.0002480559   0.0000493690  -0.0000143537  -0.0000764706
74 17   0.0011430440
75  1  -0.0105002117  -0.2433740198   0.1491069644   0.0578196968   0.1624702995
75  2  -0.2869971447   0.0075944428  -0.0401593664  -0.0665500462  -0.0708094885
75  3  -0.1121762328   0.0079713134  -0.1215850259   0.2522005153   0.0674794169
75  4   0.2510660436  -0.1265808327  -0.2303695602   0.0679517562  -0.0640884854
75  5  -0.0693931283  -0.0033106751   0.0362332353  -0.0275599100  -0.1069723622
75  6   0.0097109257   0.1505915409  -0.1263814708   0.1137791899   0.0074953936
75  7  -0.1196276598   0.1643285918  -0.1789201307  -0.1272987898   0.0017653717
75  8   0.2319883876  -0.4551118875  -0.1506175983  -0.2688882685  -0.0049087705
75  9  -0.6323288316   0.0795055235   0.0299554109   0.4200899156   0.0019972878
75 10  -0.0031451336  -0.1339887332   0.1314686501  -0.3283129986   0.2473244278
75 11  -0.3314995911   0.0449379339   0.2122750190   0.2354925409  -0.0148899761
75 12   0.0334307835  -0.0011780584  -0.0060096007   0.2254477162   0.1506448965
75 13  -0.0056144224  -0.0051887901  -0.1100579349   0.0809039692  -0.0900272455
75 14   0.0033864109   0.0143089278  -0.1782297466  -0.0794660924  -0.0396820184
75 15  -0.0103252675  -0.0000054145  -0.0798971110  -0.0000343532   0.3163719595
75 16   0.0006784633  -0.0000704370   0.0001576715   0.0000143930  -0.0000093783
75 17   0.0002069134
76  1   0.0143279562   0.1657927549  -0.0724490140   0.2052720347  -0.0692750642
76  2   0.0977650339   0.1987427141   0.0856059696  -0.0629819755   0.1280058552
76  3   0.2239343796  -0.0616623039   0.0019882733   0.0176912793   0.1043207778
76  4  -0.0509891066  -0.1441692042   0.0027281469  -0.0259771476   0.1433436206
76  5  -0.0031739675  -0.0013775765   0.0351132683  -0.3235455822   0.3473812204
76  6  -0.0064495772   0.0991005973   0.0258365221  -0.0292756539   0.0067580964
76  7   0.0328718732  -0.1136703277   0.1081802277   0.0252501754   0.0000025729
76  8  -0.0386232080   0.0756960222   0.0316209193   0.0641490209   0.0021171505
76  9   0.2926390743  -0.4009068214  -0.1243321342   0.4945559840   0.0018379895
76 10  -0.0037035949  -0.0084536377  -0.0239611417   0.0567775186  -0.0563840714
76 11   0.0618155601  -0.0033372079   0.0357562036   0.0809450713  -0.0049995855
76 12  -0.0018233005   0.0004782424   0.0004272989  -0.0273068939   0.1199594943
76 13  -0.0036805436   0.0021445397   0.0449171181   0.0963642320  -0.1061861526
76 14   0.0090197949   0.0583154064  -0.1550770398  -0.0655922309  -0.0249430129
76 15  -0.0028013115   0.0000145206   0.7655003473   0.0000770330   0.1853262082
76 16  -0.0007246919   0.0001156458   0.0082198480  -0.0000231465  -0.0000262836
76 17   0.0000755804
77  1   0.0018265866  -0.0251664992  -0.2700742581  -0.0336038080  -0.2210474003
77  2   0.0098012506   0.0558599350  -0.2296414344  -0.1248809649  -0.0713830608
77  3  -0.0177811407   0.0045443050   0.1356087384  -0.0061940752   0.0507126202
77  4  -0.0031603144   0.0079470865  -0.0000055134  -0.0003511492   0.0020932986
77  5  -0.0019729286   0.0006940954  -0.0217293426   0.0452894421   0.0295739954
77  6   0.0003090286   0.0061739069   0.1931947384  -0.1692651119  -0.0351531595
77  7   0.2984307259   0.0125898400  -0.0163666362   0.0020484083  -0.0000667040
77  8  -0.0003589848   0.0006949277   0.0041567188   0.0066537471  -0.0000149651
77  9   0.0070588759   0.1104355011   0.0367849430   0.0106456219   0.0005960124
77 10   0.0230253743   0.3515511778  -0.0374359604   0.0176169305  -0.0589691635
77 11   0.0001570435   0.0273920025   0.4325898004   0.5587360311  -0.0327758478
77 12  -0.3694128219   0.0496660524   0.0170836704  -0.7935891864   0.0784722573
77 13   0.0008109592   0.0100293463   0.2803018816  -0.1262633754   0.1546545212
77 14   0.0320817986   0.1645930566  -0.4331796261  -0.1819245806  -0.0674717794
77 15   0.0221532485   0.0000011469  -0.1174670768  -0.0000067077  -0.0319100548
77 16   0.0000195288   0.0000220557  -0.0003684238  -0.0000085980   0.0000291025
77 17  -0.0001134000
78  1  -0.0189707134  -0.2186359294   0.0828671158  -0.2725539257   0.1092590265
78  2  -0.1511625158  -0.0096006991  -0.0476076402  -0.0335351842  -0.2504642119
78  3  -0.2952888044   0.0781987739  -0.0290794326  -0.0420444367   0.0764233645
78  4   0.0560120561  -0.1149768766   0.0017082711   0.0403265032  -0.1622374532
78  5  -0.1848821624   0.0008244051   0.0052821967   0.2890621174  -0.5388926208
78  6   0.0086200550  -0.1232355957   0.0274038179  -0.0289843245   0.0051502327
78  7   0.0268510870  -0.0861379077   0.0821469291  -0.0353089568   0.0000412651
78  8   0.0528767564  -0.1038908875  -0.0492454433  -0.0961853715  -0.0029444389
78  9  -0.3926435288  -0.2899904187  -0.0898865775  -0.6514425108  -0.0027071066
78 10  -0.0007875455   0.0147749108  -0.0204003894   0.0457699426  -0.0469743930
78 11   0.0511875899  -0.0027064659   0.0309907774   0.0673339242  -0.0041537303
78 12  -0.0059900415   0.0008884682   0.0005347680  -0.0293767910   0.0902372911
78 13  -0.0027459620   0.0016983860   0.0369354798   0.0714889937  -0.0785495057
78 14   0.0070909614   0.0456899606  -0.1212124484  -0.0513425233  -0.0194597756
78 15  -0.0017342810   0.0000062483   0.5787138259   0.0000532293   0.1400999804
78 16  -0.0005401774   0.0000990104   0.0062279669  -0.0000169095  -0.0000159736
78 17   0.0000554422
79  1   0.0117748231  -0.0003480873  -0.1654110154   0.2284044114  -0.0530775019
79  2   0.0020372024   0.1783181909  -0.0096636918  -0.1753051103   0.1694222304
79  3   0.0688411395   0.0195045633   0.1282143230   0.1186108346   0.2015535375
79  4   0.1128018225  -0.1151578597  -0.2059294757   0.0192784195   0.0714691404
79  5   0.0111942324  -0.0016528493   0.0249213318  -0.0746287927   0.0341144687
79  6   0.0044557980   0.0633100401   0.1828737470  -0.1613957721  -0.0364482413
79  7   0.2916110609   0.2225295975  -0.2504999710  -0.5872741518  -0.0013770982
79  8  -0.1363525041   0.2730742603  -0.0562869011  -0.0962506576  -0.0020754293
79  9  -0.0727290466   0.0058485206   0.0096925805  -0.0726056811   0.0005013988
79 10   0.0165937942   0.1835509257   0.0361439981  -0.1257518439   0.1659587421
79 11  -0.2251646920   0.0308118351   0.1378925072  -0.4625029817   0.0300366500
79 12  -0.1505119291   0.0107621118   0.0035561179  -0.1857992492   0.6174629436
79 13  -0.0168744606   0.0039506458   0.0352333548   0.1781769369  -0.1983959575
79 14   0.0031021664   0.0474054470  -0.0701401693  -0.0438325061  -0.0464258417
79 15  -0.3547088972  -0.0000050155  -0.0074809211   0.0000229836  -0.0024665851
79 16  -0.0073272655   0.0000775009   0.3424631241  -0.0004016669  -0.0012835631
79 17   0.0025479429
80  1   0.0013134525  -0.0152381352  -0.1626540033  -0.0205304997  -0.1820829816
80  2  -0.0018945520   0.0633759236  -0.1958320753  -0.0750334691  -0.0539714190
80  3  -0.0091224155   0.0002657710   0.0231927234   0.0013663941  -0.0075304706
80  4  -0.0009541707  -0.0107213512  -0.0018353936   0.0005887264   0.0039345906
80  5  -0.0189186289   0.0008117838  -0.0183804794   0.0318108849   0.0201441058
80  6  -0.0000081682   0.0020127421   0.1704878740  -0.1693724774   0.0428519217
80  7  -0.2033102718   0.0505909621  -0.0446403848  -0.0055965403  -0.0000548241
80  8  -0.0016944483   0.0033760440  -0.0014537113  -0.0026715793  -0.0001115713
80  9  -0.0005127307  -0.0580529120  -0.0194075598  -0.0029845682  -0.0000639357
80 10  -0.0038295673  -0.0272971978  -0.0653967720   0.2009978478   0.1917710504
80 11  -0.2422732078   0.0279549125   0.0694695678  -0.2931891696   0.0184785193
80 12  -0.0018625429  -0.0031872014   0.0033525665  -0.1573438558   0.3056066221
80 13  -0.0077937204   0.0044524099   0.0752808303   0.0789670347  -0.0860894568
80 14   0.0089381430   0.0725838072  -0.1432876070  -0.0682416052  -0.0412984813
80 15  -0.1655553468   0.0000210358   0.0084579102  -0.0000547627   0.0030655706
80 16   0.0195147598  -0.0006062284  -0.9002394996   0.0010381305   0.0031924772
80 17  -0.0067395173
81  1  -0.0143280918  -0.0255420063  -0.0481623134  -0.3315646620   0.0000000000
81  2   0.0000000000   0.0000000000   0.0000000000   0.0000000000  -0.3438101917
81  3  -0.1130839417  -0.0173240353   0.0793127841  -0.1908310102   0.0704287790
81  4  -0.1612194802  -0.0638829911   0.2734478434  -0.0220682485  -0.0826524412
81  5  -0.0867109647  -0.0005454588   0.0167369512   0.0182812280  -0.0910888935
81  6  -0.0045104912  -0.0654773538   0.1290452124  -0.1122015892  -0.0289853441
81  7   0.2263813766   0.1122047818  -0.1232212123   0.7628155846   0.0018745159
81  8   0.1782961790  -0.3572230962   0.0722803563   0.1241743811   0.0026011428
81  9   0.0938972918   0.0150781682   0.0113036580   0.0930464127   0.0003079620
81 10   0.0128659910   0.1417879521   0.0282447071  -0.0974008886   0.1325765889
81 11  -0.1794321280   0.0244265355   0.1078499823  -0.3630843994   0.0235430890
81 12  -0.1146615806   0.0080670698   0.0028343622  -0.1460569306   0.4821193552
81 13  -0.0131642236   0.0030745541   0.0276166379   0.1392490872  -0.1550339412
81 14   0.0024167581   0.0369374927  -0.0546131178  -0.0340994887  -0.0359076067
81 15  -0.2741163698  -0.0000118665  -0.0056344011   0.0000166484  -0.0018668701
81 16  -0.0054933617   0.0000616836   0.2572107671  -0.0003023050  -0.0009579163
81 17   0.0019088544
