 operating system is UNIX !

 force (vap-workplace) : TURBOMOLE rev. V7-6 19 Oct 2021 at 10:10:11 compiled Oct 19th 2021
 Copyright (C) 2021 TURBOMOLE GmbH, Karlsruhe


    2023-12-07 16:02:28.502 



                             T U R B O M O L E   

                          a o f o r c e - program

                        using direct algorithms for

                       SCF level calculations of
                         * harmonic force constants
                         * hyperpolarizabilities
                         * IR and RAMAN intensities
                         * VCD intensities

                       DFT level calculations of
                         * harmonic force constants
                         * IR intensities
                                                   
       Stephan Boecker, Peter Deglmann, Filipp Furche and Marco Haeser
                          Quantum Chemistry Group
                          Universitaet  Karlsruhe
                                   Germany

 
 
 
 
     References :
 
       RI-J implementation:
         Peter Deglmann, Klaus May, Filipp Furche, Reinhart Ahlrichs
                 Chem. Phys. Lett. 384:103 (2004)
 
       Efficiency, technical details:
         Peter Deglmann, Filipp Furche, Reinhart Ahlrichs
                 Chem. Phys. Lett. 362:511 (2002)
 
       Search of lowest eigenvalues by iterative diagonalization:
         Peter Deglmann, Filipp Furche
                 J. Chem. Phys. 117:9535 (2002)
 
       Vibrational circular dichroism implementation:
        Kevin Reiter, Michael Kuehn, Florian Weigend
                 J. Chem. Phys. 146:054102 (2017)  
 
 


              +--------------------------------------------------+
              | Atomic coordinate, charge and isotop information |
              +--------------------------------------------------+

                    atomic coordinates            atom    charge  isotop
          7.69103024   -3.60705513   -3.72982612    ag    47.000     0
          8.01684051    3.96949078   -1.85726971    n      7.000     0
          7.40447478    1.59651915   -2.76854821    c      6.000     0
          9.05230282   -0.33418156   -2.14575433    n      7.000     0
         11.11057897    0.07880988   -0.74686860    c      6.000     0
         11.70441186    2.53910031    0.17123719    c      6.000     0
         10.09418295    4.43501794   -0.43493111    c      6.000     0
          5.51078599    1.24696738   -4.04921257    o      8.000     0
         12.61526720   -1.87282902   -0.21959188    n      7.000     0
         12.19815222   -3.62150828   -0.86848182    h      1.000     0
         14.18626327   -1.63516943    0.83077984    h      1.000     0
         13.36623515    2.88867569    1.30409485    h      1.000     0
         10.37332515    6.37068211    0.16822455    h      1.000     0
          6.80078407    5.37575373   -2.32058172    h      1.000     0
          5.75206942  -10.76444366   -6.53134080    n      7.000     0
          6.95969713   -8.77182352   -5.32486299    c      6.000     0
          5.79899801   -6.44124940   -5.55625944    n      7.000     0
          3.65744153   -6.12429569   -6.85368796    c      6.000     0
          2.45749507   -8.20358749   -8.07466514    c      6.000     0
          3.58111007  -10.49532367   -7.85849104    c      6.000     0
          8.91259995   -9.06570072   -4.14248009    o      8.000     0
          2.65661407   -3.81301106   -6.98672047    n      7.000     0
          3.49113419   -2.31435752   -6.12454356    h      1.000     0
          1.04151782   -3.52520313   -7.95449653    h      1.000     0
          0.72547666   -7.97428197   -9.13024360    h      1.000     0
          2.81949959  -12.19081970   -8.71556412    h      1.000     0
          6.60239215  -12.47248367   -6.36181787    h      1.000     0
 
       center of nuclear mass  :    7.36681767   -3.37150715   -3.88466464
       center of nuclear charge:    7.34681772   -3.34752906   -3.89221756

   *************************************************************************
   Cyt2Ag1ofq                                                               
   *************************************************************************



              +--------------------------------------------------+
              |               basis set information              |
              +--------------------------------------------------+

              we will work with the 1s 3p 5d 7f 9g ... basis set
              ...i.e. with spherical basis functions...

   type   atoms  prim   cont   basis
   ---------------------------------------------------------------------------
    o        2     46     31   def2-TZVP   [5s3p2d1f|11s6p2d1f]
    ag       1     81     56   def2-TZVPP   [6s4p3d2f1g|7s7p6d2f1g]
    n        6     46     31   def2-TZVP   [5s3p2d1f|11s6p2d1f]
    h       10      7      5   def2-SVP   [2s1p|4s1p]
    c        8     46     31   def2-TZVP   [5s3p2d1f|11s6p2d1f]
   ---------------------------------------------------------------------------
   total:   27    887    602
   ---------------------------------------------------------------------------

   total number of primitive shells          :   88
   total number of contracted shells         :  222
   total number of cartesian basis functions :  697
   total number of SCF-basis functions       :  602

 number of unique ecp types :                     1

 symmetry group of the molecule :   c1 

 the group has the following generators :
   c1(z)

    1 symmetry operations found

 there are 1 real representations :   a   

 maximum number of shells which are related by symmetry :  1


 determining totally symmetric integral contributions 
    - equivalent to irreducible tensor elements - 
 which can be formed within each triple of representations :

             representation triple      contributions

              a     a     a               1

 reading cartesian hessian from $hessian,
 file=<hessian>


 actual cartesian coordinates & gradients will be read from $grad 

            ----------------------------
            actual cartesian coordinates
            ----------------------------
    1 ag      7.69103024205052     -3.60705513414580     -3.72982612331956
    2 n       8.01684051173450      3.96949078497787     -1.85726971256577
    3 c       7.40447478018648      1.59651914669356     -2.76854820909910
    4 n       9.05230282401280     -0.33418156262551     -2.14575433046687
    5 c      11.11057897065806      0.07880987714573     -0.74686859949213
    6 c      11.70441185931055      2.53910030695412      0.17123719316144
    7 c      10.09418295471407      4.43501793677521     -0.43493110591681
    8 o       5.51078599019237      1.24696737685566     -4.04921256889734
    9 n      12.61526720237053     -1.87282902109512     -0.21959187863829
   10 h      12.19815221534894     -3.62150828353520     -0.86848182423912
   11 h      14.18626326692452     -1.63516943300181      0.83077984443249
   12 h      13.36623515248810      2.88867568839366      1.30409484771683
   13 h      10.37332515239832      6.37068211347823      0.16822455171721
   14 h       6.80078407378259      5.37575373036052     -2.32058172231329
   15 n       5.75206941733290    -10.76444365567407     -6.53134080331114
   16 c       6.95969713001451     -8.77182351765686     -5.32486299054083
   17 n       5.79899801477707     -6.44124940270163     -5.55625944024099
   18 c       3.65744152818239     -6.12429569262538     -6.85368795618340
   19 c       2.45749506868508     -8.20358749382287     -8.07466514147841
   20 c       3.58111006888588    -10.49532367008795     -7.85849104275218
   21 o       8.91259994933607     -9.06570072482755     -4.14248009053054
   22 n       2.65661406618488     -3.81301105603482     -6.98672046638286
   23 h       3.49113418670639     -2.31435752255504     -6.12454356325471
   24 h       1.04151781581503     -3.52520313215295     -7.95449652933882
   25 h       0.72547665898455     -7.97428197010258     -9.13024359596012
   26 h       2.81949959214106    -12.19081969983234     -8.71556411697729
   27 h       6.60239215429447    -12.47248367356153     -6.36181786634929

              --------------------------
              actual cartesian gradients
              --------------------------
    1 ag     -0.00000177703259      0.00001804453711      0.00000218843543
    2 n      -0.00001006346408     -0.00001038788997     -0.00000753882304
    3 c       0.00000609112971      0.00001022344670      0.00000787333816
    4 n      -0.00000524947360     -0.00003860903888     -0.00002150058135
    5 c      -0.00000489935721      0.00001873243116      0.00000980536341
    6 c      -0.00000073441026     -0.00000780417835     -0.00000534175221
    7 c       0.00000916920238      0.00000916587950      0.00000441862953
    8 o      -0.00000713564491     -0.00000431716844     -0.00000176138763
    9 n       0.00000298666555     -0.00000806794260     -0.00000131338013
   10 h      -0.00000055026636     -0.00000037168488      0.00000194820395
   11 h       0.00000094667440      0.00000314753288     -0.00000302337218
   12 h       0.00000097924473     -0.00000088270712     -0.00000007210918
   13 h      -0.00000416622945      0.00000070301102     -0.00000142789929
   14 h       0.00000231274701      0.00000246262008      0.00000530991420
   15 n       0.00000626593856     -0.00000006071558      0.00000264863593
   16 c       0.00000690345848      0.00000578375511      0.00000048981327
   17 n       0.00001998944956      0.00000835193944      0.00001202327379
   18 c      -0.00000442875153      0.00000272334685      0.00000412799027
   19 c       0.00000380797199      0.00000197598958      0.00000125167136
   20 c      -0.00001069453945     -0.00000534700279     -0.00000231659073
   21 o      -0.00000842174141     -0.00000548047530      0.00000010597975
   22 n      -0.00000556378793     -0.00000169957559     -0.00000626408004
   23 h      -0.00000034018475     -0.00000088744008      0.00000288309851
   24 h       0.00000300512631      0.00000323435576     -0.00000210612483
   25 h       0.00000067206010      0.00000295459890     -0.00000057030594
   26 h       0.00000590293904     -0.00000166463972      0.00000004427876
   27 h      -0.00000500783349     -0.00000192260752     -0.00000188221196

 dipole moment read from <control>

                -----------------------
                permanent dipole moment
                -----------------------
             x              y             z
         18.5702180     -6.2628900     -9.4769771      (debyes)

 dipole derivatives read from <dipgrad>

        ----------------------------------------------------
        cartesian dipole derivative matrix (debyes/angstrom)
        ----------------------------------------------------

  atom       1 ag                             2 n 
            x          y          z          x          y          z
 
  x      1.709744   0.642127   0.256761  -3.697342   1.264682  -1.504789
  y      0.927976   4.172859   1.171837  -2.306759  -3.461529  -2.030544
  z      0.323780   0.989628   1.950838  -2.274806   0.228300  -2.290607

  atom       3 c                              4 n 
            x          y          z          x          y          z
 
  x      7.120033   0.582446   3.843965  -5.615868   0.082497  -2.894534
  y      0.790040   5.153378   1.360324   1.377734  -2.597690   0.529846
  z      3.848598   1.213666   3.976230  -2.606614  -0.298554  -2.757162

  atom       5 c                              6 c 
            x          y          z          x          y          z
 
  x      5.951895  -0.389270   3.037095  -1.107596   0.073596  -0.201427
  y     -3.113161   6.755879  -0.717360   1.226726  -4.110255   0.041430
  z      2.434670   1.015569   2.797015   0.047727  -0.685167  -0.886357

  atom       7 c                              8 o 
            x          y          z          x          y          z
 
  x      3.400085  -2.201034   1.577773  -5.336900  -1.026723  -2.628918
  y     -0.277377   1.371011   0.098667  -0.693240  -3.349311  -0.832565
  z      1.987072  -1.109336   1.166715  -2.541158  -1.041912  -3.407567

  atom       9 n                             10 h 
            x          y          z          x          y          z
 
  x     -4.023656   1.743186  -0.838881   1.098183   0.129071  -0.112131
  y      3.149256  -4.284129   1.520144  -0.077021   1.543644  -0.000818
  z     -0.524465   0.622509  -2.292741  -0.162564   0.134680   1.246055

  atom      11 h                             12 h 
            x          y          z          x          y          z
 
  x      1.776670  -0.221692   0.141315   0.480590   0.043083  -0.194722
  y     -0.092733   0.782620  -0.211001   0.075610   0.243413  -0.075253
  z      0.175410  -0.297442   1.520787  -0.185329  -0.095525   0.661860

  atom      13 h                             14 h 
            x          y          z          x          y          z
 
  x      0.519915   0.004547  -0.117528   1.230250  -0.514559  -0.229669
  y     -0.019830   0.454065  -0.067409  -0.491512   1.547375  -0.282753
  z     -0.121808  -0.051680   0.614771  -0.223259  -0.297339   1.204650

  atom      15 n                             16 c 
            x          y          z          x          y          z
 
  x     -3.898241   2.051875  -1.469213   6.994149  -1.505027   3.323368
  y     -1.778910  -3.083611  -1.608459  -0.314758   5.304669   0.683812
  z     -2.294286   0.811766  -2.194239   3.552768  -0.080042   3.515864

  atom      17 n                             18 c 
            x          y          z          x          y          z
 
  x     -5.034866   1.378255  -2.230479   4.853688  -0.278612   2.411064
  y      2.087906  -3.828760   0.729499  -2.566522   7.879583  -0.127799
  z     -2.076522   0.265603  -2.339498   1.909287   1.336164   2.481999

  atom      19 c                             20 c 
            x          y          z          x          y          z
 
  x     -0.974233  -0.666348  -0.253302   2.750033  -3.057499   0.994569
  y      0.364909  -4.341864  -0.542765  -0.850353   2.462315  -0.029139
  z     -0.028693  -1.192395  -1.083916   1.468956  -1.426804   0.761880

  atom      21 o                             22 n 
            x          y          z          x          y          z
 
  x     -5.130331   0.638040  -2.105701  -2.749225   1.319634  -0.157830
  y      0.458546  -2.907033   0.013199   2.347190  -6.040215   0.622036
  z     -2.125850   0.124310  -2.953538   0.065120  -0.032980  -2.005989

  atom      23 h                             24 h 
            x          y          z          x          y          z
 
  x      1.250781   0.672042   0.168853   1.564342  -0.424973  -0.020026
  y      0.479598   1.995233   0.475481  -0.315280   0.942311  -0.311751
  z      0.123294   0.602324   1.425903   0.009246  -0.386626   1.367640

  atom      25 h                             26 h 
            x          y          z          x          y          z
 
  x      0.455082   0.005358  -0.222215   0.495483  -0.002080  -0.129355
  y      0.059776   0.228700  -0.088554  -0.034823   0.441820  -0.078151
  z     -0.208236  -0.123134   0.644120  -0.136367  -0.055607   0.596152

  atom      27 h 
            x          y          z
 
  x      0.997013  -0.362448  -0.346022
  y     -0.336767   1.783445  -0.134633
  z     -0.339932  -0.148989   1.164197
 

             -----------------------------------
             rotational and vibrational analysis
             -----------------------------------


            ==============================================================
            ATOMIC WEIGHTS (average over the natural occurance of isotops)
            ==============================================================
            ('*' denotes special isotop !)
              1     ag              107.87000
              2     n                14.00670
              3     c                12.01115
              4     n                14.00670
              5     c                12.01115
              6     c                12.01115
              7     c                12.01115
              8     o                15.99940
              9     n                14.00670
             10     h                 1.00797
             11     h                 1.00797
             12     h                 1.00797
             13     h                 1.00797
             14     h                 1.00797
             15     n                14.00670
             16     c                12.01115
             17     n                14.00670
             18     c                12.01115
             19     c                12.01115
             20     c                12.01115
             21     o                15.99940
             22     n                14.00670
             23     h                 1.00797
             24     h                 1.00797
             25     h                 1.00797
             26     h                 1.00797
             27     h                 1.00797

          -------------------------------------------------
          CARTESIAN FORCE CONSTANT MATRIX (hartree/bohr**2)
         (translational & rotational space projected out)
          -------------------------------------------------

   ATOM              1 ag                          2 n 
                  dx        dy        dz        dx        dy        dz
   1 ag    dx  0.0646528
           dy  0.0641724 0.1847771
           dz  0.0408367 0.0762987 0.0646741
   2 n     dx -0.0016940 0.0018839-0.0022228 0.6312651
           dy  0.0007654 0.0027604 0.0002998-0.1395644 0.7246194
           dz -0.0023853 0.0012529 0.0007215 0.3305802 0.0582170 0.2858247
   3 c     dx  0.0126152-0.0049706 0.0058738-0.1198245-0.0218132-0.0412604
           dy  0.0023699-0.0230512-0.0036137 0.0216911-0.2443227-0.0261301
           dz  0.0073337-0.0086260 0.0049435-0.0315829-0.0532799-0.0918511
   4 n     dx -0.0283031-0.0177264-0.0123651 0.0295150 0.0299422 0.0185753
           dy -0.0237135-0.0797140-0.0294289 0.0177949-0.0529452-0.0024853
           dz -0.0135411-0.0254334-0.0292268 0.0160447 0.0051210 0.0218953
   5 c     dx -0.0021006-0.0106404-0.0035705-0.0201975-0.0249278-0.0155780
           dy -0.0068860 0.0030054-0.0034272-0.0360060-0.0218989-0.0269096
           dz -0.0028409-0.0060556-0.0029627-0.0181448-0.0197642-0.0204782
   6 c     dx -0.0000031 0.0023425-0.0010753-0.0409168 0.0212313-0.0278366
           dy  0.0011064 0.0004399 0.0000874 0.0369799 0.0328589 0.0283435
           dz -0.0012858 0.0011239 0.0016090-0.0246654 0.0182485-0.0007232
   7 c     dx  0.0005275-0.0006918 0.0003514-0.2651109 0.0004916-0.1415918
           dy -0.0002165-0.0002246 0.0000660-0.0382018-0.1478243-0.0464313
           dz  0.0003222-0.0005230 0.0002701-0.1501162-0.0216548-0.1393350
   8 o     dx -0.0052559 0.0015978-0.0018163-0.0165762-0.0304733-0.0299060
           dy -0.0009917-0.0015846-0.0006965-0.0622079-0.0206042-0.0483390
           dz -0.0023371 0.0010922-0.0033707-0.0367363-0.0280155-0.0091873
   9 n     dx -0.0011572 0.0028662 0.0008284-0.0027464 0.0079420 0.0006980
           dy -0.0013097-0.0031215-0.0013300 0.0109865 0.0001154 0.0072097
           dz -0.0001478 0.0013655-0.0013640 0.0010654 0.0048421 0.0011642
  10 h     dx -0.0007192 0.0014808-0.0006602-0.0006356-0.0005806-0.0006678
           dy  0.0005527 0.0016785 0.0005438-0.0013545 0.0005606-0.0008025
           dz -0.0008396 0.0012659 0.0005161-0.0008479-0.0002685-0.0005316
  11 h     dx -0.0004843-0.0002511-0.0003534 0.0010585-0.0000139 0.0007166
           dy -0.0000021-0.0007362-0.0001345-0.0002476-0.0006265-0.0003241
           dz -0.0002135-0.0003574-0.0001586 0.0006660-0.0001486 0.0002338
  12 h     dx  0.0000243 0.0000297-0.0000613 0.0022553 0.0043066-0.0028524
           dy -0.0000517 0.0003943 0.0000322 0.0049027-0.0033396 0.0005319
           dz -0.0000362 0.0000249 0.0001474-0.0027021 0.0001851 0.0064998
  13 h     dx -0.0001613 0.0000768 0.0000993-0.0037676-0.0308616-0.0115656
           dy -0.0000805-0.0000902-0.0000050 0.0003630 0.0002552-0.0005298
           dz  0.0000817 0.0001750-0.0003407-0.0048154-0.0204250-0.0036148
  14 h     dx  0.0000720-0.0000447 0.0001602-0.1937448 0.1828611-0.0771182
           dy  0.0002591-0.0006203 0.0002396 0.1824241-0.2702577 0.0554598
           dz  0.0002238-0.0001035 0.0001954-0.0772897 0.0559879-0.0508586
  15 n     dx -0.0021448 0.0033134-0.0019214 0.0008737 0.0004457 0.0003898
           dy  0.0017063 0.0013469 0.0008792-0.0000141-0.0003873-0.0000362
           dz -0.0024571 0.0018816 0.0012233 0.0004488 0.0001000-0.0000688
  16 c     dx  0.0133002-0.0118513 0.0051375-0.0013000-0.0004772-0.0008896
           dy -0.0050015-0.0149341-0.0066292 0.0004740 0.0009736 0.0004627
           dz  0.0069107-0.0110330 0.0026689-0.0009222-0.0003068-0.0002557
  17 n     dx -0.0345171-0.0308500-0.0195245 0.0012458 0.0003625 0.0009593
           dy -0.0258726-0.0742276-0.0295817-0.0014661-0.0006232-0.0008934
           dz -0.0186283-0.0328029-0.0328310 0.0007652 0.0002306-0.0001898
  18 c     dx -0.0059520-0.0089536-0.0059675-0.0015881-0.0004975-0.0010507
           dy -0.0059489 0.0065646-0.0022374 0.0020278 0.0012930 0.0015358
           dz -0.0050293-0.0042707-0.0044444-0.0005672 0.0000372 0.0000247
  19 c     dx  0.0005625 0.0020248-0.0007307 0.0003115-0.0000524-0.0000968
           dy  0.0016189-0.0006249 0.0002780-0.0007106-0.0007050-0.0005132
           dz -0.0011096 0.0006578 0.0023520 0.0000794 0.0000007-0.0001509
  20 c     dx  0.0008379-0.0008479 0.0003349-0.0006343-0.0004326-0.0004878
           dy -0.0005695 0.0003070-0.0002471 0.0003306 0.0002350 0.0002881
           dz  0.0006360-0.0004756-0.0001849-0.0003979-0.0002746 0.0000113
  21 o     dx -0.0064253 0.0025516-0.0021084 0.0009686 0.0004319 0.0006395
           dy -0.0021414 0.0010896-0.0007573-0.0001454-0.0005528-0.0001598
           dz -0.0035018 0.0022801-0.0032429 0.0005416-0.0001184-0.0002467
  22 n     dx -0.0019092 0.0021263 0.0000133 0.0006090 0.0000382 0.0002276
           dy -0.0013549-0.0040815-0.0016401-0.0019267-0.0012299-0.0013068
           dz -0.0011553 0.0006178-0.0010946 0.0001551 0.0001182-0.0001425
  23 h     dx -0.0012707 0.0026450-0.0009878 0.0008237 0.0008265 0.0005830
           dy  0.0013766 0.0015345 0.0009488 0.0019784 0.0016689 0.0015747
           dz -0.0012743 0.0018297 0.0007409 0.0008639 0.0008705 0.0009821
  24 h     dx -0.0006643-0.0002821-0.0004656-0.0000153 0.0001101-0.0000000
           dy -0.0000231-0.0005684-0.0000885-0.0000767-0.0001354-0.0001016
           dz -0.0001127-0.0002658-0.0005699-0.0000671 0.0000374 0.0001458
  25 h     dx  0.0000384 0.0001362 0.0000086 0.0000191 0.0000029-0.0000318
           dy -0.0000195 0.0003202 0.0000450 0.0000228-0.0000065 0.0000036
           dz  0.0001794 0.0001377-0.0000807-0.0000553-0.0000127 0.0001366
  26 h     dx -0.0002448 0.0001069 0.0001004 0.0000010 0.0000297-0.0000174
           dy -0.0000417-0.0001550 0.0000390-0.0000179-0.0000046-0.0000024
           dz  0.0000591 0.0001611-0.0003475-0.0000041 0.0000299-0.0000380
  27 h     dx  0.0003761-0.0002442 0.0000863-0.0001945-0.0000930-0.0000332
           dy  0.0002972-0.0004841 0.0000599 0.0000800 0.0001233 0.0000854
           dz  0.0003125-0.0002179 0.0001570-0.0000730-0.0000569 0.0000325

   ATOM              3 c                           4 n 
                  dx        dy        dz        dx        dy        dz
   3 c     dx  0.7420279
           dy  0.0206833 0.5819515
           dz  0.3468187 0.0948390 0.4358764
   4 n     dx -0.1414933 0.0648061-0.0374412 0.5560210
           dy  0.0613732-0.2045077 0.0058445-0.0691220 0.4558468
           dz -0.0381538 0.0078292-0.0846973 0.2941636 0.0412268 0.2632116
   5 c     dx -0.0508818 0.0442946-0.0133410-0.2720331-0.0368223-0.1448371
           dy  0.0129396 0.0535811 0.0232869-0.0314938-0.1493728-0.0389428
           dz -0.0199931 0.0433012-0.0180571-0.1437537-0.0424600-0.1538545
   6 c     dx -0.0021426 0.0147452 0.0042875-0.0036262-0.0339069-0.0187534
           dy  0.0101679-0.0481375-0.0030160-0.0385860 0.0126892-0.0249751
           dz  0.0034189-0.0002044-0.0015853-0.0199995-0.0219825-0.0031421
   7 c     dx  0.0054191-0.0767533-0.0124892-0.0349228 0.0178152-0.0171232
           dy -0.0313706 0.0081612-0.0177743 0.0070471-0.0034409 0.0040488
           dz -0.0023628-0.0464766-0.0136732-0.0195015 0.0109541-0.0116404
   8 o     dx -0.4631995-0.0741112-0.2630985-0.0580016 0.0233820-0.0429665
           dy -0.0639665-0.1060877-0.0449699 0.0436847 0.0156202 0.0272958
           dz -0.2610004-0.0517791-0.2445422-0.0381473 0.0145767-0.0033800
   9 n     dx  0.0103561-0.0151288-0.0010291-0.0573411 0.0431723-0.0327035
           dy -0.0081536-0.0017988-0.0068152 0.0165846 0.0152243 0.0115958
           dz  0.0007779-0.0111076 0.0050108-0.0387865 0.0283532-0.0090626
  10 h     dx -0.0000267 0.0001078 0.0007906-0.0014398-0.0011559 0.0007339
           dy  0.0018615-0.0008867 0.0012583-0.0056340 0.0027992-0.0023074
           dz  0.0012176 0.0002003-0.0005181-0.0002692 0.0005440-0.0031035
  11 h     dx  0.0002368 0.0003709-0.0024708 0.0021707 0.0024504-0.0001966
           dy  0.0007138 0.0024898 0.0000532 0.0043484-0.0046311 0.0010203
           dz -0.0023471-0.0000991 0.0026755 0.0001889-0.0002141 0.0034535
  12 h     dx  0.0000228-0.0000881-0.0000391 0.0021829 0.0001654-0.0011350
           dy  0.0007118-0.0031186-0.0002603-0.0015585-0.0057764-0.0031493
           dz  0.0001718-0.0007318-0.0000569-0.0015295-0.0020859 0.0026063
  13 h     dx -0.0016030 0.0037444-0.0035204-0.0000436-0.0003212 0.0007516
           dy  0.0006558 0.0029487-0.0000639 0.0005574 0.0003656 0.0007328
           dz -0.0042283 0.0018782 0.0030027 0.0009463 0.0001732-0.0006839
  14 h     dx  0.0113878-0.0056123 0.0065093 0.0010948-0.0029602-0.0025789
           dy  0.0230350-0.0189887 0.0105432-0.0005491-0.0057114-0.0024749
           dz  0.0128254-0.0075443 0.0055156-0.0020597-0.0039897 0.0019734
  15 n     dx -0.0018552 0.0000142-0.0011410 0.0014310-0.0009563 0.0008425
           dy  0.0002755 0.0006743 0.0002804-0.0006481-0.0000389-0.0003084
           dz -0.0010138 0.0003040-0.0007283 0.0009025-0.0006071 0.0000456
  16 c     dx  0.0027878 0.0001941 0.0019242-0.0040081 0.0023243-0.0021776
           dy -0.0010847-0.0008813-0.0009609 0.0010405-0.0008253 0.0004767
           dz  0.0015020 0.0000041 0.0013969-0.0023923 0.0011672-0.0012703
  17 n     dx -0.0036088-0.0000347-0.0023373 0.0068866 0.0009456 0.0015391
           dy  0.0043339 0.0006781 0.0028802-0.0055871 0.0062527-0.0032029
           dz -0.0013410 0.0001298-0.0009770 0.0001102 0.0009711 0.0050633
  18 c     dx  0.0047037-0.0016606 0.0029008-0.0011783 0.0010755-0.0008981
           dy -0.0066012 0.0007513-0.0040962 0.0032129-0.0020044 0.0015296
           dz  0.0015222-0.0010671 0.0007713-0.0002822 0.0002432 0.0003840
  19 c     dx -0.0004692 0.0003059-0.0000115 0.0002940-0.0002000 0.0002106
           dy  0.0020196 0.0001521 0.0013039-0.0011399 0.0006208-0.0004630
           dz  0.0002419 0.0001300-0.0003379 0.0001306 0.0002422-0.0000901
  20 c     dx  0.0013469 0.0000201 0.0011890-0.0007976 0.0005467-0.0005781
           dy -0.0008200 0.0001202-0.0005545 0.0004259-0.0004146 0.0001948
           dz  0.0007307-0.0000182 0.0005374-0.0004543 0.0002352-0.0001105
  21 o     dx -0.0016888-0.0000665-0.0012518 0.0020517-0.0011759 0.0008096
           dy  0.0004896 0.0005941 0.0004145 0.0002235-0.0002584-0.0000068
           dz -0.0008520 0.0004319-0.0002721 0.0009427-0.0011531 0.0006962
  22 n     dx -0.0015480 0.0005845-0.0005923 0.0007354-0.0004890-0.0000826
           dy  0.0060022-0.0009512 0.0036623-0.0021694 0.0015787-0.0010896
           dz  0.0003896-0.0000819-0.0004699-0.0003229 0.0001944 0.0005222
  23 h     dx -0.0024694-0.0004079-0.0014414 0.0009770-0.0003457 0.0007015
           dy -0.0062976 0.0006083-0.0037875 0.0023564-0.0013435 0.0012540
           dz -0.0027651-0.0000700-0.0020774 0.0013038-0.0004526 0.0005252
  24 h     dx -0.0000576-0.0001642-0.0000635 0.0000455 0.0000359 0.0000622
           dy  0.0001608 0.0000811 0.0000925-0.0001424-0.0000365-0.0000758
           dz -0.0000548-0.0001444 0.0000388 0.0000886 0.0000552-0.0000363
  25 h     dx -0.0000353 0.0000212-0.0000066-0.0000007 0.0000157 0.0000241
           dy -0.0001389 0.0000882-0.0000831 0.0000300-0.0000188 0.0000328
           dz -0.0001002-0.0000127 0.0000105 0.0000677 0.0000371-0.0000263
  26 h     dx -0.0000658 0.0000091-0.0000287 0.0000416-0.0000033-0.0000382
           dy  0.0000007-0.0000276-0.0000087 0.0000059 0.0000014-0.0000058
           dz -0.0000384 0.0000035-0.0000536-0.0000183-0.0000043 0.0000393
  27 h     dx  0.0000649 0.0000651 0.0001325-0.0002579 0.0000754-0.0001198
           dy -0.0002073-0.0001203-0.0001623 0.0000909 0.0000408 0.0000767
           dz  0.0000206 0.0000297 0.0001182-0.0000968 0.0000454-0.0000913

   ATOM              5 c                           6 c 
                  dx        dy        dz        dx        dy        dz
   5 c     dx  0.6230406
           dy -0.1071902 0.7692571
           dz  0.2583064 0.0612379 0.3553953
   6 c     dx -0.1147876-0.0516418-0.0387090 0.6290818
           dy -0.0203588-0.2544045-0.0525666-0.1146831 0.6896814
           dz -0.0315442-0.0724897-0.1058584 0.3114384 0.0564513 0.3084807
   7 c     dx  0.0387342 0.0433146 0.0325830-0.2322229 0.1500181-0.0811693
           dy  0.0177715-0.0494877 0.0000432 0.1797298-0.3147278 0.0545015
           dz  0.0269024 0.0160100 0.0230186-0.0749263 0.0359300-0.0952142
   8 o     dx  0.0109856 0.0093483 0.0040546-0.0016213-0.0069065-0.0017845
           dy -0.0041880-0.0110893-0.0069366-0.0034444 0.0090393-0.0000192
           dz  0.0010499 0.0014388 0.0083230-0.0007471-0.0018195-0.0022239
   9 n     dx -0.2030217 0.1441458-0.0711763 0.0108228 0.0065653 0.0019789
           dy  0.1455285-0.3176648 0.0304802 0.0315234-0.0559615 0.0053693
           dz -0.0704240 0.0296676-0.0835437 0.0074626-0.0106953 0.0123266
  10 h     dx  0.0104208 0.0183919 0.0125762-0.0015432 0.0036289-0.0039395
           dy -0.0037971-0.0262084-0.0074951 0.0033244 0.0015101 0.0011314
           dz  0.0077674 0.0065901 0.0032547-0.0040170 0.0013840 0.0035548
  11 h     dx -0.0159121-0.0035274-0.0068436 0.0006099-0.0025570 0.0014135
           dy  0.0217215 0.0103376 0.0175296 0.0008423-0.0002049 0.0010610
           dz -0.0013799 0.0015236-0.0068380 0.0020726-0.0011615-0.0013008
  12 h     dx -0.0015503 0.0022260 0.0001363-0.2530283-0.0393404-0.1545539
           dy -0.0236638 0.0014316-0.0144351-0.0411379-0.0648129-0.0335578
           dz -0.0055775 0.0019360-0.0040384-0.1551970-0.0324533-0.1265605
  13 h     dx -0.0004643 0.0042111-0.0060090 0.0087909 0.0183817 0.0051411
           dy  0.0036449-0.0020730-0.0004444-0.0051601-0.0114276-0.0073599
           dz -0.0061652-0.0000636 0.0065315-0.0000443 0.0075948 0.0088031
  14 h     dx -0.0002791 0.0011793 0.0001630-0.0004763-0.0043988-0.0044898
           dy -0.0023569-0.0039696-0.0022696-0.0033533 0.0036612-0.0024057
           dz -0.0006764-0.0000941-0.0004871-0.0043017-0.0030545 0.0017606
  15 n     dx -0.0010853 0.0007402-0.0002917 0.0003457-0.0002415 0.0000870
           dy  0.0005850 0.0000048 0.0003278-0.0000829-0.0002267-0.0000636
           dz -0.0004917 0.0006451-0.0000028-0.0000328-0.0003245 0.0000166
  16 c     dx  0.0026325-0.0023964 0.0010929-0.0004046 0.0007578-0.0001647
           dy -0.0022927 0.0008633-0.0012578 0.0002583 0.0000823 0.0002572
           dz  0.0014163-0.0012136 0.0003767-0.0000571 0.0003688-0.0003839
  17 n     dx -0.0011222 0.0015347-0.0004400 0.0004983-0.0005341 0.0003870
           dy  0.0016927-0.0023201 0.0004428-0.0005759 0.0004483-0.0001729
           dz -0.0006249 0.0004100 0.0002065 0.0002579-0.0001545-0.0000158
  18 c     dx -0.0007351-0.0002255-0.0004870-0.0001368 0.0006665-0.0000940
           dy -0.0007230 0.0006966-0.0003385 0.0004033-0.0005588 0.0001787
           dz -0.0005683-0.0001408-0.0006802 0.0000917 0.0003825 0.0000882
  19 c     dx  0.0000335 0.0001613 0.0002187 0.0001445-0.0001869-0.0001183
           dy  0.0009404-0.0002985 0.0004534-0.0002406-0.0000159-0.0000931
           dz  0.0000939-0.0000790 0.0001161-0.0001045 0.0000280 0.0001738
  20 c     dx  0.0007079-0.0003753 0.0005083-0.0000753 0.0001752-0.0001315
           dy -0.0002596 0.0001817-0.0001718 0.0000471-0.0000913 0.0000786
           dz  0.0005986-0.0002226 0.0000331 0.0000455 0.0000530-0.0001325
  21 o     dx -0.0017712 0.0012029-0.0007398 0.0003987-0.0003785 0.0002247
           dy  0.0013068-0.0004778 0.0006859-0.0001147-0.0000117-0.0000919
           dz -0.0007840 0.0009581 0.0002301-0.0000447-0.0005972-0.0000013
  22 n     dx  0.0001737 0.0004385 0.0003360 0.0001558-0.0004770-0.0001951
           dy  0.0007937-0.0005123 0.0002907-0.0003997 0.0004358-0.0001292
           dz  0.0000216-0.0000992 0.0000026-0.0001321 0.0000918 0.0003085
  23 h     dx -0.0007709-0.0000028-0.0005217 0.0002333 0.0000511 0.0001328
           dy -0.0010304 0.0003581-0.0005971 0.0003527-0.0001964 0.0001702
           dz -0.0007749 0.0000247-0.0003896 0.0002017-0.0000247 0.0002379
  24 h     dx -0.0001594-0.0000319-0.0000951-0.0000147 0.0000740 0.0000122
           dy  0.0001009 0.0000728 0.0001015-0.0000557-0.0000742-0.0000173
           dz  0.0000159-0.0000105-0.0002108 0.0000979 0.0000818-0.0001022
  25 h     dx  0.0000070-0.0000134 0.0000348-0.0000057-0.0000021-0.0000106
           dy  0.0000561 0.0000201 0.0000425-0.0000232-0.0000163-0.0000059
           dz  0.0000853-0.0000026-0.0001059 0.0000457 0.0000296-0.0000618
  26 h     dx -0.0000404 0.0000278-0.0000165-0.0000006 0.0000211-0.0000201
           dy -0.0000215-0.0000020-0.0000240-0.0000128 0.0000020-0.0000034
           dz -0.0000295 0.0000267-0.0000298-0.0000087 0.0000261-0.0000298
  27 h     dx  0.0001767-0.0000711 0.0000519-0.0000758 0.0000569-0.0000682
           dy -0.0001642-0.0000306-0.0001205 0.0000328 0.0000194 0.0000249
           dz  0.0001092-0.0000601 0.0000489-0.0000140-0.0000100-0.0000240

   ATOM              7 c                           8 o 
                  dx        dy        dz        dx        dy        dz
   7 c     dx  0.5771549
           dy -0.1124425 0.8340321
           dz  0.2535247 0.0815358 0.3150716
   8 o     dx -0.0019404 0.0003402-0.0041973 0.5441584
           dy  0.0156423-0.0071303 0.0072243 0.0742434 0.1192523
           dz -0.0009286-0.0027828 0.0034692 0.3407561 0.0636820 0.2568248
   9 n     dx  0.0000122-0.0061290-0.0036048-0.0047207 0.0024266-0.0015959
           dy -0.0147841 0.0019406-0.0095671 0.0009091 0.0021404 0.0014956
           dz -0.0052547-0.0040030-0.0004518-0.0023434 0.0019932-0.0017827
  10 h     dx  0.0020773 0.0008224 0.0002217-0.0002624-0.0006332-0.0005067
           dy  0.0007266-0.0011468-0.0002445-0.0011135-0.0003230-0.0008640
           dz  0.0002259-0.0000846 0.0019953-0.0006275-0.0005446-0.0003052
  11 h     dx -0.0015819 0.0000082-0.0003571 0.0001607 0.0000465 0.0007420
           dy -0.0002920 0.0001324 0.0000745 0.0003509-0.0005684 0.0002267
           dz -0.0004399 0.0003035-0.0012051 0.0008582 0.0001081-0.0006071
  12 h     dx -0.0114727-0.0071370-0.0078561 0.0000991-0.0000310 0.0005385
           dy  0.0193609 0.0086056 0.0145648 0.0000571 0.0010546 0.0003526
           dz -0.0020093-0.0022316-0.0033682 0.0005804 0.0003659-0.0004099
  13 h     dx -0.0600974-0.0304140-0.0165095-0.0012483-0.0017871-0.0009571
           dy -0.0358857-0.3408657-0.0872448 0.0000877-0.0002394 0.0001006
           dz -0.0176553-0.0839748-0.0713696-0.0005735-0.0011142-0.0009019
  14 h     dx -0.0156195 0.0202191-0.0018877-0.0035865 0.0004247-0.0002927
           dy -0.0063907 0.0118557-0.0002189 0.0001136 0.0042428 0.0015186
           dz -0.0078097 0.0166994-0.0069802-0.0002859 0.0018730-0.0029821
  15 n     dx -0.0006154-0.0000067-0.0002753 0.0014436 0.0001051 0.0007115
           dy -0.0000148-0.0000071-0.0000351-0.0001848-0.0006925-0.0002022
           dz -0.0002983 0.0002123-0.0002756 0.0010058-0.0000556 0.0000076
  16 c     dx  0.0006816-0.0002305 0.0004756-0.0020073-0.0002060-0.0011443
           dy -0.0002822 0.0001818-0.0001767 0.0009094 0.0009294 0.0006933
           dz  0.0004987-0.0000050 0.0004182-0.0013685-0.0000561-0.0001199
  17 n     dx -0.0006749-0.0000121-0.0004381 0.0027294 0.0004643 0.0011164
           dy  0.0006262-0.0001734 0.0003244-0.0020057-0.0020223-0.0017952
           dz -0.0003476-0.0000210-0.0002339 0.0009731-0.0002451 0.0008451
  18 c     dx  0.0008453 0.0000196 0.0007525-0.0040671 0.0004318-0.0023704
           dy -0.0010477 0.0001012-0.0007182 0.0050025-0.0000392 0.0030858
           dz  0.0003735-0.0001345 0.0001451-0.0015721 0.0003264-0.0002844
  19 c     dx -0.0001035 0.0000499 0.0000684 0.0004860-0.0001575-0.0000282
           dy  0.0003646-0.0000143 0.0002026-0.0016870-0.0004235-0.0011196
           dz  0.0000215-0.0000459-0.0002832 0.0001104-0.0000161-0.0002344
  20 c     dx  0.0000731-0.0000163 0.0003360-0.0012470-0.0001976-0.0008377
           dy -0.0000557 0.0000294-0.0000792 0.0006481 0.0000121 0.0003643
           dz  0.0002110-0.0000324 0.0000508-0.0008423-0.0001311 0.0001724
  21 o     dx -0.0006410-0.0000852-0.0004098 0.0012461-0.0000326 0.0008830
           dy  0.0001256-0.0001239 0.0000459-0.0003035-0.0011566-0.0002740
           dz -0.0002642 0.0002848 0.0000661 0.0010728-0.0002591-0.0005541
  22 n     dx -0.0003856 0.0001437-0.0001166 0.0015687-0.0003808-0.0000913
           dy  0.0012068-0.0000287 0.0007670-0.0050635 0.0003004-0.0032619
           dz -0.0000764-0.0001579-0.0004294-0.0006004-0.0002049 0.0004535
  23 h     dx -0.0000367 0.0000709-0.0000745 0.0010986 0.0007810 0.0019141
           dy -0.0009064 0.0001643-0.0005760 0.0048082-0.0001856 0.0033785
           dz -0.0003041 0.0000150-0.0000204 0.0028345 0.0008476 0.0003662
  24 h     dx  0.0000217 0.0000175 0.0000319-0.0000702 0.0001600 0.0000594
           dy -0.0000813-0.0000066-0.0000596-0.0002109-0.0004883-0.0002667
           dz  0.0000142-0.0000282-0.0000220-0.0001235-0.0000106 0.0001407
  25 h     dx -0.0000049 0.0000051 0.0000116 0.0000385-0.0000123-0.0000301
           dy -0.0000351 0.0000167-0.0000271 0.0001009-0.0000451 0.0000327
           dz -0.0000190-0.0000197-0.0000135-0.0000698-0.0000567 0.0002352
  26 h     dx -0.0000361 0.0000205-0.0000196 0.0000266 0.0000178-0.0000107
           dy -0.0000074-0.0000020-0.0000115-0.0000270-0.0000178-0.0000161
           dz -0.0000212 0.0000241-0.0000446 0.0000011 0.0000166 0.0000026
  27 h     dx -0.0000805-0.0000033 0.0000062-0.0002372-0.0001916-0.0000091
           dy -0.0000217-0.0000168-0.0000203 0.0001877 0.0001059 0.0001581
           dz -0.0000019-0.0000072 0.0000551-0.0000711-0.0000775 0.0000455

   ATOM              9 n                          10 h 
                  dx        dy        dz        dx        dy        dz
   9 n     dx  0.6367513
           dy -0.0701888 0.8297094
           dz  0.3755436 0.1314289 0.2827366
  10 h     dx -0.0730620-0.0723890-0.0572518 0.0657490
           dy -0.0739851-0.3941547-0.1313904 0.0750471 0.4115826
           dz -0.0577487-0.1305060-0.0683009 0.0512793 0.1351757 0.0685221
  11 h     dx -0.3191681-0.0382355-0.2125873-0.0000210 0.0034351 0.0026047
           dy -0.0399663-0.0794299-0.0410051-0.0248004 0.0046931-0.0141093
           dz -0.2133516-0.0401702-0.1370079-0.0036633 0.0038679-0.0043727
  12 h     dx  0.0001689 0.0003322 0.0010082-0.0001415-0.0001417 0.0003163
           dy -0.0001431 0.0015818 0.0006109 0.0000779 0.0001375 0.0002435
           dz  0.0008596 0.0008286-0.0004539 0.0003585 0.0000898-0.0004365
  13 h     dx  0.0006692 0.0007324 0.0011103-0.0004361 0.0001794 0.0002533
           dy -0.0007295-0.0005081-0.0004044 0.0000962-0.0001686 0.0001999
           dz  0.0008051 0.0005458-0.0002108 0.0002366 0.0002463-0.0005851
  14 h     dx  0.0005782-0.0011686 0.0006293-0.0000029 0.0001195 0.0000520
           dy -0.0005587 0.0016161 0.0003395-0.0001825-0.0001216-0.0001183
           dz  0.0006645-0.0001760-0.0001377-0.0000227 0.0000559-0.0000318
  15 n     dx  0.0007384-0.0006387 0.0003272 0.0000084 0.0006844 0.0001953
           dy -0.0002163 0.0000401-0.0001071 0.0001730 0.0002040 0.0001358
           dz  0.0000781-0.0005053 0.0003622 0.0000633 0.0005074 0.0002570
  16 c     dx -0.0014673 0.0019437-0.0006842 0.0001273-0.0016556-0.0003198
           dy  0.0010899-0.0009034 0.0006536-0.0004047 0.0005553-0.0001430
           dz -0.0003260 0.0010189-0.0010875-0.0000028-0.0009254-0.0001628
  17 n     dx  0.0008672-0.0008538 0.0001058 0.0002040 0.0008129 0.0004796
           dy -0.0007576 0.0010958-0.0003809-0.0001065-0.0006212-0.0001639
           dz -0.0001747-0.0004208 0.0008179 0.0002519 0.0004432 0.0000967
  18 c     dx  0.0001873 0.0002916-0.0002068-0.0004153-0.0003828-0.0003925
           dy  0.0006639-0.0007993 0.0003615 0.0000856 0.0004120 0.0001156
           dz  0.0004006 0.0000931-0.0000715-0.0002552-0.0001601-0.0001646
  19 c     dx  0.0001171-0.0001576-0.0001480 0.0000925 0.0001311 0.0000976
           dy -0.0005854 0.0004410-0.0002423 0.0000957-0.0002071-0.0000275
           dz -0.0003710 0.0000861 0.0004553 0.0000731 0.0000463 0.0001497
  20 c     dx -0.0003319 0.0006266-0.0004250 0.0001149-0.0002743 0.0000196
           dy  0.0001827-0.0002427 0.0001639-0.0000578 0.0001079-0.0000430
           dz -0.0000551 0.0003365-0.0004586 0.0001021-0.0001311 0.0000550
  21 o     dx  0.0011943-0.0010915 0.0004201-0.0001537 0.0012190 0.0004935
           dy -0.0005612 0.0006539-0.0003881 0.0002895-0.0001394 0.0002654
           dz -0.0000516-0.0009787 0.0006713 0.0002573 0.0008635 0.0000169
  22 n     dx  0.0001611-0.0003699-0.0002856 0.0002091 0.0002048 0.0002063
           dy -0.0006331 0.0007452-0.0003480-0.0001499-0.0004539-0.0002287
           dz -0.0004493 0.0001004 0.0007669 0.0001055 0.0000343 0.0000860
  23 h     dx  0.0004734-0.0003128 0.0001984-0.0001803 0.0000745-0.0001139
           dy  0.0005964-0.0006457 0.0002267 0.0001313 0.0002277 0.0001264
           dz  0.0003958-0.0003622 0.0002822-0.0001025 0.0000901-0.0000181
  24 h     dx  0.0000144-0.0000030 0.0000392-0.0000305-0.0000260-0.0000380
           dy -0.0001053-0.0000265 0.0000115 0.0000570 0.0000100 0.0000352
           dz  0.0002444 0.0000853-0.0002981-0.0000039-0.0000149-0.0000173
  25 h     dx -0.0000286 0.0000005 0.0000095 0.0000056-0.0000037 0.0000008
           dy -0.0000517 0.0000202 0.0000074 0.0000260-0.0000042 0.0000110
           dz  0.0001402 0.0000770-0.0002170 0.0000178-0.0000002-0.0000013
  26 h     dx  0.0000153 0.0000191-0.0000162 0.0000033 0.0000217 0.0000068
           dy  0.0000025-0.0000042 0.0000030-0.0000092-0.0000074-0.0000120
           dz -0.0000039 0.0000237-0.0000095 0.0000006 0.0000144 0.0000115
  27 h     dx -0.0000822 0.0001784-0.0001364 0.0000580-0.0000264-0.0000019
           dy  0.0000863-0.0000630 0.0000439-0.0000410-0.0000355-0.0000434
           dz  0.0000042 0.0000566-0.0001359 0.0000079-0.0000326 0.0000339

   ATOM             11 h                          12 h 
                  dx        dy        dz        dx        dy        dz
  11 h     dx  0.3325667
           dy  0.0378355 0.0697507
           dz  0.2174232 0.0365453 0.1449090
  12 h     dx  0.0005865-0.0002167-0.0003122 0.2615774
           dy  0.0002471-0.0012177-0.0003223 0.0409450 0.0638702
           dz -0.0002097-0.0006149 0.0007454 0.1632950 0.0343831 0.1277042
  13 h     dx  0.0001032-0.0000389-0.0000699-0.0008284-0.0007894 0.0023472
           dy -0.0000044 0.0000091-0.0000431-0.0006489 0.0005866 0.0007916
           dz -0.0000602-0.0000646 0.0001410 0.0024078 0.0006714-0.0031588
  14 h     dx -0.0001324-0.0001007-0.0000314 0.0001590 0.0009757-0.0007211
           dy  0.0001944-0.0000352 0.0001583-0.0003088 0.0006556-0.0004080
           dz  0.0000210-0.0000501-0.0000940-0.0010131 0.0004014 0.0010899
  15 n     dx -0.0000298-0.0000040 0.0000419 0.0000097-0.0000088 0.0000053
           dy  0.0000943-0.0000249 0.0000340 0.0000041-0.0000296-0.0000259
           dz -0.0000112-0.0000012 0.0000619-0.0000285-0.0000068 0.0000544
  16 c     dx  0.0000640-0.0000859 0.0000002 0.0000254-0.0000769-0.0000353
           dy -0.0002044 0.0000931-0.0001210-0.0000220 0.0000823-0.0000110
           dz  0.0000095-0.0000215-0.0000062 0.0000057-0.0000250 0.0000187
  17 n     dx  0.0000080-0.0000697 0.0001013-0.0000119 0.0000342 0.0000788
           dy  0.0000758 0.0000263 0.0000577 0.0000140-0.0000601 0.0000018
           dz  0.0000536-0.0000420-0.0000209 0.0000318 0.0000123-0.0000363
  18 c     dx -0.0001481 0.0000706 0.0000269-0.0000179 0.0001253 0.0000942
           dy -0.0000882 0.0000231-0.0000331-0.0000470-0.0000506-0.0000269
           dz -0.0000477 0.0000089-0.0002270 0.0000400 0.0000360-0.0001054
  19 c     dx -0.0000116-0.0000168 0.0001597-0.0000216-0.0000082 0.0000888
           dy  0.0000808-0.0000066 0.0000635-0.0000057 0.0000169 0.0000152
           dz  0.0000587-0.0000566-0.0001261 0.0000296-0.0000327-0.0001032
  20 c     dx  0.0000496-0.0000476 0.0001211 0.0000015-0.0000039 0.0000564
           dy -0.0000454 0.0000297-0.0000191-0.0000229 0.0000103-0.0000111
           dz  0.0000829-0.0000470-0.0001072 0.0000399-0.0000192-0.0000670
  21 o     dx -0.0000324-0.0000144-0.0000418 0.0000263-0.0000020-0.0000655
           dy  0.0001470-0.0001058 0.0000364 0.0000224-0.0000659-0.0000472
           dz -0.0000271 0.0000248 0.0002058-0.0000726 0.0000162 0.0001866
  22 n     dx -0.0000205-0.0000123 0.0002142-0.0000531-0.0000217 0.0001282
           dy  0.0000376 0.0000233 0.0000586-0.0000064 0.0000920 0.0000507
           dz  0.0000835-0.0000641-0.0002334 0.0000579-0.0000377-0.0001963
  23 h     dx -0.0000765 0.0000355-0.0000437-0.0000046 0.0000196 0.0000068
           dy -0.0000753-0.0000275-0.0000576-0.0000172-0.0000445-0.0000210
           dz -0.0000770 0.0000033-0.0000361-0.0000063-0.0000057-0.0000053
  24 h     dx -0.0000223 0.0000060 0.0000041-0.0000059 0.0000109 0.0000116
           dy  0.0000058-0.0000060 0.0000105-0.0000054-0.0000077 0.0000009
           dz  0.0000126 0.0000001-0.0000559 0.0000152 0.0000023-0.0000333
  25 h     dx -0.0000033-0.0000008 0.0000174-0.0000039-0.0000004 0.0000115
           dy  0.0000050-0.0000023 0.0000064-0.0000041-0.0000010 0.0000006
           dz  0.0000195-0.0000025-0.0000385 0.0000120-0.0000020-0.0000266
  26 h     dx -0.0000008 0.0000002 0.0000071-0.0000007 0.0000015 0.0000022
           dy -0.0000046 0.0000039-0.0000037-0.0000020 0.0000030-0.0000018
           dz -0.0000006-0.0000009-0.0000073-0.0000007 0.0000007-0.0000050
  27 h     dx  0.0000302-0.0000085-0.0000088 0.0000017-0.0000035-0.0000128
           dy -0.0000274 0.0000108-0.0000228-0.0000002 0.0000024-0.0000040
           dz  0.0000010-0.0000093 0.0000171-0.0000032-0.0000056 0.0000088

   ATOM             13 h                          14 h 
                  dx        dy        dz        dx        dy        dz
  13 h     dx  0.0588186
           dy  0.0375993 0.3505967
           dz  0.0275633 0.0940654 0.0638655
  14 h     dx  0.0000718-0.0004119 0.0015566 0.2009255
           dy -0.0007420 0.0005002 0.0001957-0.1911830 0.2770870
           dz  0.0014610 0.0004117-0.0014848 0.0783385-0.0603270 0.0525047
  15 n     dx  0.0000495-0.0000025 0.0000091-0.0001979-0.0001054-0.0000871
           dy  0.0000025 0.0000249 0.0000161-0.0000565 0.0000698-0.0000292
           dz -0.0000091-0.0000280-0.0000207-0.0000672 0.0000512-0.0000583
  16 c     dx -0.0000076-0.0000171-0.0000225 0.0000494-0.0000812 0.0000754
           dy  0.0000196-0.0000116 0.0000124 0.0000572-0.0001359-0.0000020
           dz -0.0000316-0.0000461-0.0000054 0.0000824 0.0000015 0.0001227
  17 n     dx  0.0000621 0.0000149-0.0000177-0.0002124-0.0000293-0.0000930
           dy -0.0000261 0.0000058-0.0000198 0.0000917 0.0001714 0.0000989
           dz -0.0000304-0.0000144 0.0000414-0.0000759 0.0000386-0.0001014
  18 c     dx -0.0000404-0.0000436-0.0000372 0.0002129 0.0000003 0.0001490
           dy  0.0000452 0.0000237 0.0000373-0.0001412-0.0001191-0.0001627
           dz -0.0000211-0.0000344-0.0000044 0.0000243-0.0001217 0.0000911
  19 c     dx  0.0000231-0.0000103 0.0000002-0.0000502 0.0000139-0.0000276
           dy -0.0000313 0.0000227-0.0000005 0.0000707 0.0001330 0.0000318
           dz  0.0000007-0.0000070-0.0000230-0.0000804-0.0000527-0.0000372
  20 c     dx  0.0000041-0.0000128-0.0000092-0.0000468-0.0000181 0.0000232
           dy  0.0000059 0.0000199 0.0000129 0.0000207-0.0000000-0.0000249
           dz -0.0000205-0.0000369 0.0000014-0.0000443-0.0000251 0.0000513
  21 o     dx  0.0000523-0.0000009 0.0000149-0.0002533-0.0001292-0.0000748
           dy  0.0000140 0.0000064 0.0000178-0.0001353-0.0000216-0.0000462
           dz -0.0000110-0.0000381-0.0000141 0.0000094 0.0001636-0.0000742
  22 n     dx  0.0000062 0.0000027-0.0000062-0.0000962 0.0000908-0.0000330
           dy -0.0000626 0.0000052-0.0000193 0.0002334 0.0001814 0.0001628
           dz -0.0000026 0.0000184-0.0000197-0.0000983-0.0000815-0.0001156
  23 h     dx  0.0000473-0.0000125 0.0000244 0.0001299-0.0001191 0.0000157
           dy  0.0000771 0.0000045 0.0000487-0.0000007-0.0002232-0.0000662
           dz  0.0000457-0.0000089 0.0000372 0.0000352-0.0001525 0.0000573
  24 h     dx  0.0000027-0.0000032-0.0000024 0.0000469-0.0000165-0.0000078
           dy -0.0000139 0.0000054-0.0000085-0.0000466 0.0000403-0.0000403
           dz -0.0000023-0.0000019 0.0000051-0.0000334-0.0000364 0.0000483
  25 h     dx  0.0000022-0.0000005-0.0000023 0.0000024 0.0000036-0.0000077
           dy -0.0000024 0.0000046-0.0000006-0.0000035 0.0000097-0.0000095
           dz -0.0000037-0.0000018 0.0000049-0.0000257-0.0000162 0.0000178
  26 h     dx  0.0000029 0.0000008-0.0000035-0.0000081-0.0000061-0.0000059
           dy -0.0000019 0.0000015-0.0000011 0.0000037 0.0000008-0.0000014
           dz -0.0000037-0.0000016-0.0000014-0.0000078-0.0000045-0.0000006
  27 h     dx -0.0000079 0.0000017-0.0000026-0.0000242-0.0000049-0.0000017
           dy  0.0000032-0.0000024 0.0000011 0.0000071-0.0000208-0.0000015
           dz -0.0000061-0.0000060 0.0000054-0.0000075 0.0000033 0.0000156

   ATOM             15 n                          16 c 
                  dx        dy        dz        dx        dy        dz
  15 n     dx  0.5923971
           dy -0.1581742 0.7787598
           dz  0.3045883 0.0556547 0.2689275
  16 c     dx -0.1248757-0.0391729-0.0502809 0.7807794
           dy  0.0042106-0.2110924-0.0307527-0.0816240 0.5655651
           dz -0.0404827-0.0583863-0.0973784 0.3502444 0.0281154 0.4222537
  17 n     dx  0.0371321 0.0044919 0.0182455-0.1202234 0.0503311-0.0286080
           dy -0.0066101-0.0562139-0.0186654 0.0475844-0.2395959-0.0084736
           dz  0.0158543-0.0115758 0.0178524-0.0293419-0.0067163-0.0817837
  18 c     dx -0.0359576-0.0176443-0.0240313-0.0302254 0.0657119 0.0044947
           dy -0.0296402-0.0019326-0.0182696 0.0345437 0.0227878 0.0303716
           dz -0.0268493-0.0106496-0.0240012-0.0018383 0.0500895-0.0054419
  19 c     dx -0.0237837 0.0385575-0.0133730 0.0008065 0.0020229 0.0034885
           dy  0.0543241 0.0057579 0.0332293-0.0028617-0.0488629-0.0115739
           dz -0.0103816 0.0234228 0.0093460 0.0026652-0.0085026-0.0038522
  20 c     dx -0.2806962 0.0526042-0.1397614-0.0205153-0.0669287-0.0266790
           dy  0.0136754-0.1466399-0.0141676-0.0220144 0.0415049-0.0044325
           dz -0.1481901 0.0105564-0.1306363-0.0165807-0.0330486-0.0198583
  21 o     dx -0.0395853-0.0195872-0.0426417-0.5149677 0.0581882-0.2648198
           dy -0.0515693 0.0101175-0.0351291 0.0660418-0.1021323 0.0356535
           dz -0.0493548-0.0147330-0.0137854-0.2637233 0.0306916-0.2284701
  22 n     dx  0.0025054 0.0068024 0.0037340 0.0036862-0.0162643-0.0054792
           dy  0.0103432-0.0059170 0.0052797-0.0092221 0.0069241-0.0058361
           dz  0.0039892 0.0031302 0.0026409-0.0035129-0.0103858 0.0025777
  23 h     dx -0.0013885-0.0000025-0.0009394 0.0007377-0.0005296 0.0011109
           dy -0.0011671 0.0010117-0.0005337 0.0016840-0.0016616 0.0009870
           dz -0.0012227 0.0002357-0.0007150 0.0016423-0.0004278-0.0002907
  24 h     dx  0.0009493-0.0004585 0.0005167 0.0005590 0.0010805-0.0021448
           dy -0.0007691-0.0003542-0.0005560 0.0014110 0.0020807 0.0004391
           dz  0.0004780-0.0003522 0.0000858-0.0019536 0.0002397 0.0029604
  25 h     dx  0.0039246 0.0028304-0.0020944 0.0000164-0.0008527-0.0002175
           dy  0.0033514-0.0051923-0.0007683-0.0001172-0.0028347-0.0006946
           dz -0.0019263-0.0010945 0.0065845 0.0000428-0.0011744-0.0002707
  26 h     dx -0.0113917-0.0266788-0.0156871-0.0004415 0.0052366-0.0025081
           dy  0.0044540 0.0092854 0.0039914 0.0020073 0.0011535 0.0003811
           dz -0.0089707-0.0158789-0.0050753-0.0032143 0.0024528 0.0037979
  27 h     dx -0.1182012 0.1548086-0.0363642 0.0141904-0.0151396 0.0062761
           dy  0.1542319-0.3785478 0.0185142 0.0135983-0.0199059 0.0045211
           dz -0.0364247 0.0188046-0.0347194 0.0125833-0.0138350 0.0040458

   ATOM             17 n                          18 c 
                  dx        dy        dz        dx        dy        dz
  17 n     dx  0.5307144
           dy -0.1318288 0.5227187
           dz  0.2665452 0.0152756 0.2385479
  18 c     dx -0.2919140 0.0191034-0.1445803 0.5980760
           dy  0.0235481-0.1397881-0.0034349-0.1006672 0.7999999
           dz -0.1437688-0.0063646-0.1454731 0.2446088 0.0706212 0.3494771
  19 c     dx -0.0214248-0.0224514-0.0277583-0.1396151-0.0710647-0.0599925
           dy -0.0268703 0.0324312-0.0132907-0.0398624-0.2037591-0.0548107
           dz -0.0290159-0.0103415-0.0062190-0.0527993-0.0748870-0.1192998
  20 c     dx -0.0281289 0.0254167-0.0113836 0.0493688 0.0140795 0.0332841
           dy  0.0157998-0.0144705 0.0072318-0.0115165-0.0567282-0.0202059
           dz -0.0135075 0.0133726-0.0072389 0.0275474-0.0039489 0.0191048
  21 o     dx -0.0395621 0.0423094-0.0279323 0.0099967 0.0038805 0.0023294
           dy  0.0644384-0.0137885 0.0340156-0.0104512-0.0092910-0.0103106
           dz -0.0225704 0.0197336 0.0084070-0.0009340-0.0011170 0.0061438
  22 n     dx -0.0400620 0.0608477-0.0178254-0.1473564 0.1105038-0.0438697
           dy  0.0347913-0.0107536 0.0176203 0.1092504-0.3931756-0.0052876
           dz -0.0240118 0.0344253 0.0010430-0.0434232-0.0049576-0.0748737
  23 h     dx -0.0031917 0.0003785-0.0000040 0.0131416 0.0067143 0.0122515
           dy -0.0048372 0.0043029-0.0014624-0.0122460-0.0260735-0.0127428
           dz -0.0011566 0.0018696-0.0034311 0.0081333-0.0006072 0.0013775
  24 h     dx  0.0033868 0.0005583 0.0001194-0.0105741 0.0016802-0.0023017
           dy  0.0024612-0.0059258-0.0004763 0.0278061 0.0011232 0.0193266
           dz  0.0005031-0.0016676 0.0033625 0.0032772 0.0027418-0.0035496
  25 h     dx  0.0012124-0.0014395-0.0020905-0.0068171 0.0048660-0.0025456
           dy -0.0031296-0.0041178-0.0037791-0.0209856 0.0075438-0.0114365
           dz -0.0024702-0.0027156 0.0018061-0.0082731 0.0050008-0.0051779
  26 h     dx  0.0001356-0.0004029 0.0008398 0.0009284 0.0042391-0.0051237
           dy  0.0004966 0.0002279 0.0006539 0.0037647-0.0039312-0.0007294
           dz  0.0010272 0.0000777-0.0006197-0.0052475-0.0004183 0.0069823
  27 h     dx -0.0004284-0.0039025-0.0036636-0.0007218 0.0004729-0.0002935
           dy -0.0014777-0.0036572-0.0025967-0.0031810-0.0030696-0.0026978
           dz -0.0031287-0.0041213 0.0010820-0.0011917-0.0003260-0.0007909

   ATOM             19 c                          20 c 
                  dx        dy        dz        dx        dy        dz
  19 c     dx  0.5983298
           dy -0.1369106 0.7348870
           dz  0.2896001 0.0510713 0.2934194
  20 c     dx -0.1649895 0.1220882-0.0456048 0.5579223
           dy  0.1519509-0.4059689 0.0204788-0.0811293 0.8513737
           dz -0.0394476 0.0017577-0.0811748 0.2495741 0.1038425 0.3177064
  21 o     dx -0.0031262-0.0031529-0.0021924 0.0011369-0.0017600-0.0026268
           dy -0.0001008 0.0109146 0.0025694 0.0138413-0.0113982 0.0053111
           dz -0.0009280 0.0006185-0.0017755 0.0005481-0.0045904 0.0036468
  22 n     dx  0.0162205-0.0123789 0.0011856-0.0053498-0.0031941-0.0064424
           dy  0.0131189-0.0579467-0.0065378-0.0122316 0.0080298-0.0067701
           dz  0.0066943-0.0228181 0.0092345-0.0080205-0.0011317-0.0016288
  23 h     dx -0.0002376 0.0048485-0.0027827 0.0024592-0.0001175 0.0002897
           dy  0.0038004-0.0000091 0.0011682 0.0003602-0.0013357-0.0004861
           dz -0.0030192 0.0018762 0.0041834 0.0004189-0.0007432 0.0019786
  24 h     dx  0.0002834-0.0029057 0.0012111-0.0015383 0.0004528-0.0002201
           dy  0.0004651 0.0003001 0.0008922 0.0001961-0.0000061 0.0003420
           dz  0.0018187-0.0012638-0.0014846-0.0002777 0.0005132-0.0010251
  25 h     dx -0.2724121 0.0328412-0.1510032-0.0077310-0.0026547-0.0043282
           dy  0.0311566-0.0598137 0.0119648 0.0240104 0.0022317 0.0162048
           dz -0.1517319 0.0130746-0.1138631 0.0015072-0.0007696-0.0010220
  26 h     dx  0.0108415 0.0123289 0.0051706-0.0909217-0.0858092-0.0492220
           dy -0.0112278-0.0128379-0.0115415-0.0910834-0.2708166-0.1082671
           dz  0.0000293 0.0035197 0.0078620-0.0503418-0.1050186-0.0957183
  27 h     dx -0.0023012-0.0022786-0.0052270-0.0110195 0.0264869 0.0025219
           dy -0.0012143 0.0058167-0.0006584-0.0003656 0.0039195 0.0019228
           dz -0.0050635-0.0012791 0.0017628-0.0033827 0.0190410-0.0039862

   ATOM             21 o                          22 n 
                  dx        dy        dz        dx        dy        dz
  21 o     dx  0.5993136
           dy -0.0860486 0.1124996
           dz  0.3401343-0.0368574 0.2339160
  22 n     dx -0.0031822 0.0041487-0.0002276 0.6330743
           dy  0.0026143-0.0000602 0.0017276-0.0806406 0.8161999
           dz -0.0013382 0.0027986-0.0008380 0.3722330 0.1223263 0.2810190
  23 h     dx -0.0009284-0.0003292-0.0008343-0.1215578-0.1162598-0.0991746
           dy -0.0010709 0.0003662-0.0006550-0.1196284-0.2848987-0.1379983
           dz -0.0010419-0.0001782-0.0004706-0.1000335-0.1360001-0.0970554
  24 h     dx  0.0002101-0.0002555 0.0006796-0.3388997 0.0518786-0.2041754
           dy  0.0000326-0.0006678 0.0001316 0.0492077-0.0774625 0.0137411
           dz  0.0008800-0.0000527-0.0007695-0.2052587 0.0153452-0.1208037
  25 h     dx  0.0001866 0.0001175 0.0005637 0.0003675 0.0004483 0.0012231
           dy  0.0001552 0.0009063 0.0004471 0.0000597 0.0013762 0.0006198
           dz  0.0006654 0.0004495-0.0003908 0.0010347 0.0008529-0.0003193
  26 h     dx -0.0016217-0.0013521-0.0010771 0.0006639 0.0002972 0.0010349
           dy  0.0005217 0.0001587 0.0004449-0.0011656-0.0004403-0.0006545
           dz -0.0006954-0.0007489-0.0009616 0.0007071 0.0002744-0.0003256
  27 h     dx -0.0028426 0.0023020 0.0005089 0.0002838-0.0008953 0.0005058
           dy  0.0014894 0.0029449 0.0022797-0.0001769 0.0020202 0.0004567
           dz  0.0004860 0.0027847-0.0023198 0.0005191 0.0000368-0.0001090

   ATOM             23 h                          24 h 
                  dx        dy        dz        dx        dy        dz
  23 h     dx  0.1173971
           dy  0.1236996 0.2956172
           dz  0.0953079 0.1419000 0.0999319
  24 h     dx -0.0048970 0.0059371-0.0000960 0.3509840
           dy -0.0216769 0.0111936-0.0107661-0.0579539 0.0718400
           dz -0.0062568 0.0068809-0.0051486 0.2072750-0.0217355 0.1266491
  25 h     dx -0.0001243-0.0001446 0.0003348 0.0004555-0.0006020-0.0004829
           dy  0.0000861 0.0000234 0.0002150-0.0000997-0.0009496-0.0004953
           dz  0.0003747 0.0000620-0.0004289-0.0003697-0.0008152 0.0006169
  26 h     dx -0.0003727 0.0001531 0.0003032 0.0000800-0.0000497-0.0000875
           dy  0.0001257-0.0002803 0.0001978-0.0000169 0.0000450-0.0000443
           dz  0.0002966 0.0002098-0.0005649-0.0000790-0.0000655 0.0001372
  27 h     dx -0.0000116 0.0001101 0.0000531-0.0000898-0.0000914-0.0000059
           dy -0.0002407-0.0001559-0.0001758 0.0002151-0.0000764 0.0001411
           dz -0.0000334 0.0000480-0.0000483 0.0000369-0.0000516-0.0000636

   ATOM             25 h                          26 h 
                  dx        dy        dz        dx        dy        dz
  25 h     dx  0.2815203
           dy -0.0348843 0.0593078
           dz  0.1591799-0.0135251 0.1145551
  26 h     dx -0.0009304-0.0007502 0.0022890 0.0934280
           dy -0.0005792 0.0007063 0.0008418 0.0933122 0.2762333
           dz  0.0023492 0.0007078-0.0031413 0.0627320 0.1143546 0.0897160
  27 h     dx  0.0003004 0.0011847-0.0006164-0.0000910-0.0004762 0.0014834
           dy -0.0000986 0.0004270-0.0003414-0.0007909 0.0007041 0.0002179
           dz -0.0009177 0.0004836 0.0012179 0.0013964 0.0004210-0.0015748

   ATOM             27 h 
                  dx        dy        dz
  27 h     dx  0.1211850
           dy -0.1623125 0.3900515
           dz  0.0349389-0.0216587 0.0352169
 

   *** projected hessian written onto $hessian (projected), file=<hessian> ***

 dipole moment in principle axis system (a.u.) :
     5.5202038668    -0.7620028109    -6.5036731165
 norm :   8.56452351396998     

 rotational constants b for rotations around axis of inertia
 and optical intensities for (1 <-- 0) transition

   b   :     0.0073493452     0.0333157013     0.0060211096   (cm**(-1))
   b   :         220.3278         998.7796         180.5083     (MHz)
  int. :    30.4726507312     0.5806482838    42.2977640063     (a.u.)

   x   :     0.7548317120     0.3888340320    -0.5282397014
   y   :    -0.5478838480     0.8165513430    -0.1818438706
   z   :     0.3606277522     0.4266755204     0.8293947339

   ***  normal modes written onto $vibrational normal modes, file=<control>  ***

  Keyword $vibrational reduced masses missing in file <control>


   ***  vibrational spectroscopic data written onto$vibrational spectrum   
        file=<control>  ***

          ---------------------------------------------------
          NORMAL MODES and VIBRATIONAL FREQUENCIES (cm**(-1))
          ---------------------------------------------------

 imaginary wave numbers indicate a negative curvature of the energy surface.
 zero frequency modes have no physical meaning except being generators of
 translations and rotations. each vibrational normal mode - given in terms of
 cartesian displacement vectors of all atoms - has been normalized to unity.
 to obtain mass-weigthed normal coordinates in a.u. divide the tabulated
 modes by sqrt(reduced mass * 1822.88853).
 band intensities or cross sections refer to independent non-degenerate normal
 modes, that is, the intensities of degenerate modes have yet to be added.
 dDIP/dQ is the normal mode derivative of the dipole moment.

 WARNING: values of IR intensities are questionable for saddle point structures


       mode               1        2        3        4        5        6

     frequency        i190.77  i122.03   i55.41   i27.27     0.00     0.00

     symmetry            a        a        a        a                     

        IR               YES      YES      YES      YES       -        - 
|dDIP/dQ|   (a.u.)     0.0000   0.0000   0.0000   0.0000   0.0000   0.0000
intensity (km/mol)       0.00     0.00     0.00     0.00     0.00     0.00
intensity (  %   )       0.00     0.00     0.00     0.00     0.00     0.00
 
       RAMAN             YES      YES      YES      YES       -        - 
 
  1   ag          x   0.00279  0.00680  0.03712  0.08134  0.05877 -0.07245
                  y  -0.00108 -0.00015 -0.03815 -0.04946 -0.00444 -0.06276
                  z  -0.00447 -0.00802  0.03446  0.02384  0.00809  0.11028
  2   n           x   0.00365  0.00676 -0.12312 -0.10762  0.19031  0.01079
                  y  -0.00124  0.00390 -0.03864 -0.02856 -0.00674 -0.09060
                  z  -0.01080 -0.02182  0.02569 -0.08115 -0.00548  0.20846
  3   c           x   0.01622 -0.00372 -0.09056  0.00216  0.16011 -0.01740
                  y   0.00110 -0.00086 -0.06805 -0.04875  0.00606 -0.07280
                  z  -0.02452 -0.00184  0.08415 -0.09557 -0.01852  0.18103
  4   n           x   0.02120 -0.01327 -0.00011  0.02145  0.08933 -0.03144
                  y   0.00144 -0.00339 -0.01025 -0.00171 -0.03433 -0.09649
                  z  -0.02993  0.01547  0.02103 -0.00715  0.04357  0.14474
  5   c           x  -0.00802 -0.02142  0.05010 -0.02965  0.05257 -0.01845
                  y  -0.00343 -0.00434  0.07070  0.07034 -0.08275 -0.13431
                  z   0.01198  0.02801 -0.07746  0.04917  0.11196  0.13679
  6   c           x  -0.03019 -0.01988  0.02811 -0.12904  0.08479  0.01059
                  y  -0.00720 -0.00267  0.10480  0.09450 -0.09505 -0.15203
                  z   0.04061  0.02202 -0.15225  0.04775  0.12408  0.16550
  7   c           x  -0.01917 -0.00374 -0.05910 -0.17467  0.15411  0.02442
                  y  -0.00443  0.00225  0.04763  0.03996 -0.05558 -0.12891
                  z   0.02409 -0.00558 -0.09758 -0.00474  0.06338  0.20109
  8   o           x   0.00610 -0.00432 -0.15631  0.08453  0.19450 -0.02902
                  y  -0.00291 -0.00290 -0.13838 -0.09960  0.05063 -0.03809
                  z  -0.00812 -0.00057  0.19920 -0.20881 -0.08153  0.18874
  9   n           x   0.07521 -0.03182  0.15185 -0.01790 -0.01551 -0.03332
                  y   0.03652 -0.00736  0.13496  0.10473 -0.11976 -0.15540
                  z  -0.07386  0.04640 -0.13092  0.14091  0.16927  0.10115
 10   h           x  -0.04949 -0.02929  0.11211  0.11300 -0.03853 -0.05394
                  y  -0.04037 -0.00720  0.07880  0.12157 -0.11114 -0.14290
                  z   0.21958  0.04433  0.05047  0.01095  0.16081  0.08072
 11   h           x  -0.49610 -0.03541  0.04250  0.15656 -0.04498 -0.02424
                  y  -0.08875 -0.00747  0.16606  0.20514 -0.15678 -0.18403
                  z   0.81900  0.05187  0.02772 -0.14582  0.22171  0.09406
 12   h           x  -0.02157 -0.02987  0.09757 -0.19723  0.05541  0.02125
                  y  -0.00313 -0.00433  0.17436  0.14557 -0.13414 -0.18261
                  z   0.02677  0.03733 -0.27630  0.13289  0.17924  0.15930
 13   h           x  -0.02343  0.00132 -0.08179 -0.25935  0.18349  0.04650
                  y  -0.00471  0.00486  0.06612  0.04882 -0.06081 -0.13951
                  z   0.02679 -0.01651 -0.14732  0.00563  0.06655  0.22489
 14   h           x  -0.00332  0.01925 -0.21007 -0.13374  0.24220  0.02095
                  y  -0.00573  0.00816 -0.09426 -0.06887  0.02305 -0.07307
                  z  -0.00597 -0.04180  0.08484 -0.13628 -0.05124  0.23500
 15   n           x  -0.00328  0.00358 -0.10099 -0.12174 -0.03052 -0.15780
                  y   0.00084  0.00191  0.00051  0.01385  0.03636 -0.00749
                  z  -0.00293 -0.01639 -0.00895 -0.05170 -0.03435  0.02815
 16   c           x  -0.00353  0.02683 -0.07863 -0.02864 -0.02011 -0.13126
                  y  -0.00034  0.00442 -0.04675 -0.03309  0.00920 -0.03479
                  z  -0.00068 -0.04351  0.04856 -0.06401  0.00009  0.04666
 17   n           x  -0.00679  0.04316  0.02558  0.00400  0.04770 -0.11092
                  y  -0.00127  0.00989 -0.00149 -0.00668  0.03832 -0.02084
                  z   0.00637 -0.06097 -0.01186  0.03404 -0.04680  0.08508
 18   c           x  -0.00886 -0.00184  0.07292 -0.01099  0.09981 -0.11640
                  y  -0.00080  0.00177  0.07481  0.07193  0.08922  0.01641
                  z   0.01012  0.01096 -0.07445  0.07693 -0.12038  0.10323
 19   c           x  -0.01020 -0.05749  0.04456 -0.08033  0.08766 -0.14385
                  y  -0.00014 -0.01114  0.12034  0.12653  0.11613  0.04383
                  z   0.01024  0.08879 -0.12326  0.05088 -0.15427  0.08352
 20   c           x  -0.00721 -0.04713 -0.03963 -0.14260  0.02136 -0.16392
                  y   0.00069 -0.00881  0.08203  0.09200  0.08792  0.03043
                  z   0.00360  0.06544 -0.09440 -0.00139 -0.10877  0.04586
 21   o           x  -0.00109  0.01593 -0.16238  0.03062 -0.06773 -0.12631
                  y  -0.00060 -0.00325 -0.12587 -0.08911 -0.03722 -0.06875
                  z  -0.00488 -0.02717  0.16855 -0.17885  0.06720  0.03005
 22   n           x  -0.01160  0.08842  0.19547  0.00249  0.16380 -0.09560
                  y  -0.00159  0.03398  0.12297  0.08420  0.11454  0.02756
                  z   0.01631 -0.09723 -0.14604  0.19307 -0.16179  0.14035
 23   h           x  -0.00356 -0.02867  0.09036  0.14870  0.17316 -0.07593
                  y   0.00044 -0.02961  0.03639  0.09321  0.09586  0.00832
                  z   0.00495  0.12879  0.11116  0.03955 -0.13838  0.15475
 24   h           x  -0.00317 -0.47190 -0.03451  0.24034  0.20399 -0.09920
                  y   0.00186 -0.13115  0.09891  0.21175  0.15296  0.05551
                  z   0.00308  0.80263  0.23635 -0.17210 -0.21743  0.15468
 25   h           x  -0.01368 -0.07254  0.11316 -0.11012  0.12932 -0.14857
                  y  -0.00040 -0.01220  0.18933  0.18430  0.15728  0.07404
                  z   0.01595  0.11351 -0.22200  0.11275 -0.21369  0.09784
 26   h           x  -0.00750 -0.07218 -0.06202 -0.20970  0.00676 -0.18540
                  y   0.00141 -0.01380  0.11363  0.12520  0.10473  0.04892
                  z   0.00242  0.09758 -0.13767 -0.00814 -0.12906  0.02838
 27   h           x   0.00007 -0.00874 -0.18626 -0.15748 -0.08022 -0.17271
                  y   0.00187 -0.00326 -0.03683 -0.00918  0.01503 -0.01771
                  z  -0.00925 -0.00747  0.03574 -0.10928  0.00000  0.00000

reduced mass(g/mol)     1.257    1.658    7.608    6.700    6.702    9.873


       mode               7        8        9       10       11       12

     frequency           0.00     0.00     0.00     0.00    17.42    77.64

     symmetry                                                a        a   

        IR                -        -        -        -       YES      YES
|dDIP/dQ|   (a.u.)     0.0000   0.0000   0.0000   0.0000   0.0003   0.0001
intensity (km/mol)       0.00     0.00     0.00     0.00     0.17     0.02
intensity (  %   )       0.00     0.00     0.00     0.00     0.02     0.00
 
       RAMAN              -        -        -        -       YES      YES
 
  1   ag          x   0.08197 -0.08591  0.06870 -0.00645  0.04455 -0.02216
                  y   0.11548  0.11633 -0.02784  0.00084  0.02670 -0.00520
                  z   0.09558 -0.03524 -0.02452  0.08259 -0.08935  0.02939
  2   n           x  -0.00237  0.05162  0.16696  0.06068 -0.09355  0.00013
                  y   0.09659  0.11758 -0.03188  0.06108 -0.03314 -0.00253
                  z   0.18667 -0.06421 -0.02528 -0.17282  0.17799  0.00746
  3   c           x   0.01899  0.00792  0.12533  0.04630 -0.01019 -0.02217
                  y   0.09899  0.12499 -0.02778  0.03808  0.00305 -0.01265
                  z   0.16608 -0.05416 -0.00799 -0.10327  0.02596  0.04943
  4   n           x   0.05759 -0.02502  0.13704  0.00668  0.02810 -0.03015
                  y   0.11576  0.09819 -0.03638  0.03669  0.01263 -0.01529
                  z   0.11595 -0.05009 -0.06562 -0.00276 -0.04799  0.06457
  5   c           x   0.07316 -0.01504  0.18571 -0.01620  0.01144 -0.00343
                  y   0.12883  0.06704 -0.04795  0.05644 -0.00571 -0.00137
                  z   0.08918 -0.05557 -0.13381  0.02509 -0.01774  0.02058
  6   c           x   0.05059  0.03021  0.22797 -0.00075 -0.06308  0.03996
                  y   0.12607  0.05997 -0.05197  0.07993 -0.03923  0.01655
                  z   0.11117 -0.06591 -0.15036 -0.04787  0.12156 -0.05461
  7   c           x   0.01277  0.06257  0.21666  0.03804 -0.12159  0.04247
                  y   0.10965  0.08617 -0.04357  0.08137 -0.05511  0.01602
                  z   0.16027 -0.06992 -0.09404 -0.14641  0.22586 -0.06089
  8   o           x   0.00431 -0.00070  0.08091  0.06765  0.03327 -0.03903
                  y   0.08688  0.15368 -0.01714  0.02014  0.02570 -0.02024
                  z   0.19109 -0.04923  0.05479 -0.12994 -0.04484  0.07666
  9   n           x   0.11059 -0.04854  0.19412 -0.05416  0.04439  0.00550
                  y   0.14467  0.04241 -0.05574  0.05373 -0.00184  0.00669
                  z   0.04102 -0.05115 -0.18668  0.12340 -0.09783  0.02542
 10   h           x   0.12668 -0.08069  0.16421 -0.06522  0.13021 -0.05301
                  y   0.14666  0.04735 -0.05291  0.03709  0.04373 -0.02506
                  z   0.02531 -0.04381 -0.17509  0.17535 -0.27911  0.15093
 11   h           x   0.12336 -0.04233  0.23033 -0.07235  0.15432 -0.09704
                  y   0.15487  0.01856 -0.06455  0.06820  0.00929 -0.00793
                  z   0.01960 -0.05504 -0.23884  0.14733 -0.26680  0.18392
 12   h           x   0.06297  0.03856  0.26746 -0.01908 -0.09071  0.08592
                  y   0.13658  0.03483 -0.06132  0.09599 -0.05619  0.03260
                  z   0.08977 -0.07040 -0.20540 -0.02594  0.16747 -0.12746
 13   h           x  -0.00683  0.09794  0.24593  0.05264 -0.18663  0.07508
                  y   0.10618  0.08349 -0.04569  0.09835 -0.08285  0.02896
                  z   0.18050 -0.07770 -0.10078 -0.20765  0.34663 -0.11831
 14   h           x  -0.03064  0.07560  0.15811  0.08973 -0.12692  0.00158
                  y   0.08426  0.13734 -0.02553  0.06198 -0.04175 -0.00350
                  z   0.22343 -0.06714  0.01722 -0.24636  0.23965  0.00079
 15   n           x   0.14559 -0.21780 -0.05861 -0.04872 -0.09511 -0.10982
                  y   0.12200  0.14013 -0.01496 -0.06908 -0.04018 -0.03847
                  z   0.03490 -0.00476  0.03068  0.29049  0.17936  0.17556
 16   c           x   0.13451 -0.18027 -0.00892 -0.04568 -0.04125  0.03071
                  y   0.12477  0.12330 -0.02227 -0.04415 -0.01353  0.01505
                  z   0.04141 -0.01453 -0.00699  0.24628  0.08090 -0.05302
 17   n           x   0.09601 -0.13951 -0.00567 -0.00851  0.01046  0.01530
                  y   0.11033  0.14295 -0.01649 -0.03600  0.00287  0.00946
                  z   0.08904 -0.02102  0.03489  0.14191 -0.01513 -0.03716
 18   c           x   0.07109 -0.13639 -0.04751  0.02246  0.01735  0.04925
                  y   0.09472  0.17596 -0.00466 -0.05108 -0.00401  0.01380
                  z   0.12636 -0.01812  0.10685  0.08711 -0.02830 -0.09260
 19   c           x   0.08324 -0.17548 -0.09809  0.01851 -0.02256  0.01703
                  y   0.09225  0.19261  0.00263 -0.07661 -0.02618 -0.00321
                  z   0.11863 -0.00804  0.14415  0.13447  0.04949 -0.03132
 20   c           x   0.12092 -0.21558 -0.10167 -0.01781 -0.08085 -0.08756
                  y   0.10633  0.17355 -0.00296 -0.08477 -0.04442 -0.03773
                  z   0.07207 -0.00162  0.10356  0.23675  0.15437  0.13833
 21   o           x   0.15730 -0.18320  0.02919 -0.07398 -0.04028  0.16497
                  y   0.13901  0.09319 -0.03305 -0.03043 -0.00539  0.06367
                  z   0.00731 -0.01716 -0.07261  0.29642  0.08136 -0.26622
 22   n           x   0.03441 -0.09578 -0.04106  0.05735  0.04956  0.07388
                  y   0.08142  0.19315  0.00024 -0.04175  0.00575  0.02097
                  z   0.17126 -0.02485  0.14337 -0.01333 -0.09786 -0.15152
 23   h           x   0.02537 -0.06763 -0.00520  0.06056  0.08892  0.13908
                  y   0.08298  0.18163 -0.00485 -0.02354  0.02897  0.05546
                  z   0.17730 -0.03205  0.11750 -0.04809 -0.17739 -0.27595
 24   h           x   0.01505 -0.09254 -0.07203  0.08116  0.12585  0.30609
                  y   0.06952  0.21809  0.00914 -0.05275  0.02207  0.08682
                  z   0.20002 -0.02284  0.19770 -0.05634 -0.22220 -0.52506
 25   h           x   0.06339 -0.17345 -0.13227  0.04331 -0.01379  0.03327
                  y   0.07970  0.21928  0.01220 -0.08902 -0.03000 -0.00142
                  z   0.14848 -0.00559  0.20231  0.09109  0.03399 -0.05797
 26   h           x   0.13298 -0.24720 -0.13829 -0.02387 -0.11955 -0.15433
                  y   0.10580  0.18381  0.00178 -0.10382 -0.06438 -0.06588
                  z   0.06240  0.00618  0.12673  0.27981  0.22874  0.25410
 27   h           x   0.17380 -0.24768 -0.06100 -0.07597 -0.13445 -0.12617
                  y   0.13258  0.12573 -0.01920 -0.07505 -0.05274 -0.04322
                  z   0.00000  0.00000  0.00000  0.36698  0.24817  0.20892

reduced mass(g/mol)    11.104   10.168    6.961    8.214    5.276    4.504


       mode              13       14       15       16       17       18

     frequency          84.58    96.31   121.47   132.47   139.38   153.97

     symmetry            a        a        a        a        a        a   

        IR               YES      YES      YES      YES      YES      YES
|dDIP/dQ|   (a.u.)     0.0016   0.0005   0.0003   0.0017   0.0043   0.0015
intensity (km/mol)       4.57     0.49     0.13     5.18    32.55     4.05
intensity (  %   )       0.52     0.06     0.01     0.59     3.73     0.47
 
       RAMAN             YES      YES      YES      YES      YES      YES
 
  1   ag          x  -0.09607  0.01368 -0.00442  0.10946  0.01422  0.09744
                  y  -0.02270 -0.02028  0.00944 -0.08435 -0.00122 -0.06775
                  z   0.13138  0.00334 -0.01099  0.06226 -0.01353  0.04532
  2   n           x  -0.04348 -0.03156 -0.11301 -0.04385 -0.07835  0.05410
                  y  -0.01528 -0.07692 -0.03005 -0.01466 -0.03751  0.19882
                  z   0.08627  0.01185  0.19157 -0.03218  0.10920  0.11303
  3   c           x   0.06069  0.07266 -0.03022 -0.11826 -0.01333 -0.00437
                  y   0.02680 -0.10881  0.00411  0.01278 -0.01154  0.22119
                  z  -0.09223  0.03391  0.04674 -0.06550 -0.00119  0.04288
  4   n           x   0.02536  0.11290 -0.07233 -0.13744 -0.02119 -0.05425
                  y   0.01079 -0.05425 -0.01571 -0.01482 -0.01403  0.14378
                  z  -0.04702  0.09051  0.10131 -0.08360  0.01172  0.00478
  5   c           x   0.07124  0.10386 -0.01011 -0.11997 -0.00449 -0.04047
                  y   0.01620  0.04905 -0.00265 -0.09571 -0.01668  0.12945
                  z  -0.11752  0.07610  0.00471 -0.09882 -0.01428 -0.00082
  6   c           x   0.00816  0.03716  0.11172 -0.05899  0.05517  0.03611
                  y  -0.01084  0.09618  0.03432 -0.13039  0.00073  0.10359
                  z  -0.00113  0.00150 -0.17231 -0.06412 -0.10152  0.02862
  7   c           x  -0.06915 -0.03773  0.03524 -0.02150  0.00202  0.07817
                  y  -0.03463  0.02711  0.01041 -0.08920 -0.01711  0.15364
                  z   0.13058 -0.01477 -0.03956 -0.04074 -0.01569  0.08699
  8   o           x   0.18294  0.11628  0.07221 -0.13768  0.04651 -0.00894
                  y   0.07007 -0.18059  0.04186  0.07499  0.00830  0.33445
                  z  -0.28690 -0.01606 -0.11655 -0.04551 -0.09603  0.03407
  9   n           x   0.17243  0.16014 -0.03716 -0.16799 -0.04182 -0.04863
                  y   0.04799  0.11183 -0.01131 -0.15601 -0.03291  0.11910
                  z  -0.28935  0.14831  0.04950 -0.17590  0.03291 -0.00835
 10   h           x   0.23530  0.22366 -0.17504 -0.25278 -0.10728 -0.05550
                  y   0.07646  0.08603 -0.06865 -0.13830 -0.05494  0.11476
                  z  -0.40852  0.17975  0.29643 -0.17179  0.13542  0.01330
 11   h           x   0.20806  0.22422 -0.15268 -0.24084 -0.09658 -0.05717
                  y   0.04993  0.21302 -0.03561 -0.25841 -0.05224  0.11079
                  z  -0.34366  0.02782  0.23000 -0.04215  0.12026  0.00607
 12   h           x   0.00702  0.03326  0.25755 -0.03857  0.12935  0.07076
                  y  -0.01757  0.17507  0.07146 -0.17510  0.02191  0.03396
                  z   0.00256 -0.01680 -0.39939 -0.08100 -0.21777 -0.00166
 13   h           x  -0.13667 -0.10245  0.08075  0.02986  0.01669  0.12351
                  y  -0.06239  0.04812  0.02258 -0.10237 -0.01390  0.13972
                  z   0.25258 -0.05359 -0.10022 -0.02122 -0.03286  0.11250
 14   h           x  -0.04403 -0.09025 -0.11019  0.00610 -0.08400  0.07990
                  y  -0.01177 -0.13639 -0.02523  0.03515 -0.03683  0.22583
                  z   0.09845 -0.01481  0.19896 -0.01149  0.12624  0.12809
 15   n           x   0.04644  0.04987  0.05786  0.09454 -0.06655 -0.10201
                  y   0.00943  0.06555  0.00698  0.14214 -0.00812 -0.10860
                  z  -0.05533 -0.01392 -0.10979  0.01160  0.14262 -0.05058
 16   c           x   0.03455 -0.06408  0.02626  0.00623 -0.01967 -0.10339
                  y   0.00636  0.13495 -0.02069  0.17753  0.01955 -0.08657
                  z  -0.03735 -0.02614 -0.02991  0.01379  0.04664 -0.07567
 17   n           x  -0.00147 -0.12610  0.07279 -0.03030 -0.06023 -0.08575
                  y  -0.00676  0.08928  0.00058  0.13369 -0.00007 -0.07041
                  z   0.01338 -0.10169 -0.07341 -0.05268  0.08330 -0.05658
 18   c           x   0.02623 -0.14392  0.02756 -0.04345 -0.02467 -0.08884
                  y   0.00217 -0.02252 -0.00161  0.10284  0.00695 -0.12250
                  z  -0.03134 -0.09612  0.00111 -0.03043  0.02707 -0.07803
 19   c           x   0.01547 -0.08625 -0.05985 -0.04009  0.08749 -0.06442
                  y  -0.00238 -0.10792 -0.01524  0.03779  0.03402 -0.12997
                  z  -0.01165 -0.01493  0.11057  0.07599 -0.12821 -0.10693
 20   c           x   0.02659  0.01812 -0.03279  0.03456  0.05529 -0.07610
                  y   0.00139 -0.05535 -0.00823  0.07300  0.02438 -0.13179
                  z  -0.02372  0.01241  0.03799  0.08845 -0.05365 -0.09575
 21   o           x   0.04663 -0.08878 -0.03686 -0.01500  0.04258 -0.09478
                  y   0.01150  0.23644 -0.06197  0.27964  0.05886 -0.09476
                  z  -0.05671  0.04848  0.06397  0.08833 -0.04646 -0.08995
 22   n           x   0.10800 -0.20857  0.02339 -0.04969 -0.03525 -0.13713
                  y   0.03051 -0.05570 -0.00206  0.09566  0.00353 -0.14672
                  z  -0.14651 -0.16685  0.01889 -0.06107  0.05015 -0.11243
 23   h           x   0.06490 -0.22899  0.15240  0.02215 -0.17998 -0.20753
                  y   0.00620 -0.02426  0.04867  0.12470 -0.05991 -0.13772
                  z  -0.06187 -0.20529 -0.19553 -0.17707  0.30291 -0.06663
 24   h           x  -0.15786 -0.25533  0.20012  0.07352 -0.32099 -0.23933
                  y  -0.04858 -0.13080  0.05546  0.12383 -0.08218 -0.21978
                  z   0.28025 -0.10851 -0.26355 -0.26132  0.50867  0.03970
 25   h           x   0.02739 -0.11355 -0.15665 -0.09807  0.21606 -0.03718
                  y  -0.00042 -0.20473 -0.03248 -0.04503  0.06427 -0.11575
                  z  -0.03092  0.00902  0.26742  0.15370 -0.33488 -0.14936
 26   h           x   0.03002  0.08140 -0.08010  0.04582  0.11920 -0.05412
                  y   0.00156 -0.10730 -0.01369  0.03517  0.03929 -0.13491
                  z  -0.02718  0.06034  0.09089  0.15448 -0.14022 -0.10907
 27   h           x   0.06191  0.12280  0.03937  0.12079 -0.05491 -0.07451
                  y   0.01490  0.10525 -0.00151  0.15737 -0.00293 -0.09400
                  z  -0.07667  0.02557 -0.10426  0.03463  0.13772 -0.03781

reduced mass(g/mol)     8.642    6.840    3.523    9.184    2.715    9.880


       mode              19       20       21       22       23       24

     frequency         192.71   219.38   248.50   387.96   402.26   404.26

     symmetry            a        a        a        a        a        a   

        IR               YES      YES      YES      YES      YES      YES
|dDIP/dQ|   (a.u.)     0.0001   0.0021   0.0020   0.0007   0.0027   0.0028
intensity (km/mol)       0.03     7.80     6.96     0.90    12.60    14.31
intensity (  %   )       0.00     0.90     0.80     0.10     1.44     1.64
 
       RAMAN             YES      YES      YES      YES      YES      YES
 
  1   ag          x   0.00132  0.02704 -0.10822 -0.00453  0.01130 -0.00380
                  y   0.00020  0.00192 -0.21450 -0.01126  0.03195 -0.01484
                  z  -0.00291 -0.05161 -0.11201 -0.00494  0.01240 -0.00856
  2   n           x   0.05797  0.03611  0.07142 -0.01682  0.04187  0.07432
                  y   0.01867  0.01710  0.09031  0.05873 -0.00953  0.04403
                  z  -0.09384 -0.05007  0.06918  0.01941 -0.07468 -0.11656
  3   c           x  -0.04520 -0.06205  0.05486  0.04503 -0.01119  0.03609
                  y  -0.01311 -0.01279  0.08532  0.02027 -0.00142  0.01074
                  z   0.06473  0.09736  0.03909  0.04331 -0.03377 -0.01422
  4   n           x  -0.20179 -0.21132  0.00850  0.05187 -0.05111 -0.04528
                  y  -0.07203 -0.07268 -0.00807  0.09196 -0.03760  0.00080
                  z   0.30795  0.32326 -0.03031  0.05144  0.03086  0.10783
  5   c           x  -0.07004 -0.08428 -0.00693  0.03514  0.01642  0.06065
                  y  -0.03072 -0.02879  0.09155  0.09126 -0.03493  0.04588
                  z   0.09714  0.12026  0.00393  0.05853 -0.06575 -0.06680
  6   c           x  -0.06098 -0.05144  0.01671  0.02959  0.02886  0.08478
                  y  -0.02903 -0.01966  0.09190  0.11214 -0.03930  0.06362
                  z   0.08769  0.07621  0.02444  0.06322 -0.08951 -0.10391
  7   c           x   0.03234  0.04858  0.05257  0.00632 -0.05694 -0.10033
                  y   0.00497  0.01741  0.12342  0.09603 -0.06665 -0.00142
                  z  -0.04854 -0.06568  0.07253 -0.00562  0.08094  0.15701
  8   o           x   0.05034  0.04004  0.02014  0.09126 -0.04326  0.01734
                  y   0.01533  0.02312  0.21871 -0.15582  0.05461 -0.04026
                  z  -0.08580 -0.06463  0.06152  0.02116 -0.00318  0.02843
  9   n           x   0.13050  0.10893  0.07705 -0.14867  0.05643 -0.05446
                  y   0.04524  0.04765  0.18936 -0.09401  0.02486 -0.03015
                  z  -0.19479 -0.14921  0.12370 -0.13320  0.05608 -0.03193
 10   h           x   0.07945  0.03908  0.22937 -0.40012  0.00729 -0.41024
                  y   0.01407  0.00476  0.13891  0.05855 -0.09344 -0.08895
                  z  -0.07622  0.01411  0.17151 -0.39655  0.41493  0.35756
 11   h           x   0.11085  0.10671  0.12705 -0.18197  0.09057 -0.02129
                  y   0.05845  0.07339  0.36329 -0.47513  0.18727 -0.12690
                  z  -0.16797 -0.15159  0.00806  0.00019 -0.03046 -0.06102
 12   h           x  -0.04378 -0.00640  0.02547  0.04708 -0.04560 -0.03311
                  y  -0.02830 -0.01379  0.02608  0.16494 -0.07296  0.04216
                  z   0.06208  0.00784  0.03160  0.02274  0.03042  0.07761
 13   h           x   0.10449  0.14698  0.04593  0.00973 -0.16559 -0.31367
                  y   0.02893  0.05042  0.11791  0.11766 -0.11649 -0.07152
                  z  -0.16061 -0.21942  0.09430 -0.07341  0.29204  0.48651
 14   h           x   0.21254  0.20048  0.02645 -0.01424 -0.03525 -0.09271
                  y   0.08122  0.08320  0.05430  0.05016 -0.03310 -0.02941
                  z  -0.31035 -0.28159  0.07933 -0.01585  0.05719  0.09939
 15   n           x  -0.07134  0.05037  0.08318  0.00049 -0.01401 -0.02235
                  y  -0.02186  0.01845  0.05664 -0.03733 -0.06499  0.01566
                  z   0.11707 -0.07099  0.06996 -0.00845 -0.01072  0.05164
 16   c           x   0.03767 -0.05805  0.07232 -0.02349 -0.04981  0.01121
                  y   0.01434 -0.01672  0.05279 -0.00846 -0.01002  0.00120
                  z  -0.05517  0.09701  0.04647 -0.01899 -0.03273  0.02722
 17   n           x   0.18585 -0.21400  0.00936 -0.03729 -0.05036  0.04018
                  y   0.06573 -0.07341 -0.01456 -0.04295 -0.05394  0.02791
                  z  -0.28469  0.32967 -0.02808 -0.03812 -0.05736 -0.00907
 18   c           x   0.06177 -0.08085  0.01937 -0.03140 -0.05073 -0.00161
                  y   0.02384 -0.02384  0.09477 -0.03355 -0.06902  0.02088
                  z  -0.08534  0.11875  0.02333 -0.02966 -0.03881  0.05040
 19   c           x   0.07483 -0.06087  0.03580 -0.03137 -0.05765 -0.01018
                  y   0.02946 -0.01910  0.09426 -0.04472 -0.08984  0.02462
                  z  -0.10786  0.09221  0.03713 -0.03324 -0.04492  0.07128
 20   c           x  -0.01642  0.04180  0.07325 -0.00699 -0.01204  0.04560
                  y  -0.00103  0.01508  0.10515 -0.04257 -0.08532  0.04759
                  z   0.02828 -0.05586  0.07848 -0.01114 -0.03807 -0.04522
 21   o           x  -0.04070  0.03851  0.07151 -0.02339 -0.04665  0.02455
                  y  -0.00976  0.01993  0.18579  0.09275  0.14091 -0.05498
                  z   0.07056 -0.05564  0.08850  0.00688 -0.00205 -0.00822
 22   n           x  -0.13926  0.12746  0.13269  0.10250  0.16666 -0.05921
                  y  -0.04511  0.04856  0.15208  0.02729  0.02717 -0.00753
                  z   0.20979 -0.17189  0.14679  0.07642  0.11814 -0.05605
 23   h           x  -0.07712  0.03491  0.26201  0.23876  0.39134 -0.06991
                  y  -0.01300 -0.00220  0.06938 -0.09592 -0.16738  0.09922
                  z   0.09316  0.00750  0.17545  0.16424  0.24708 -0.23516
 24   h           x  -0.13491  0.12274  0.19157  0.13942  0.22480 -0.08196
                  y  -0.05512  0.06672  0.31568  0.22777  0.35045 -0.13705
                  z   0.19936 -0.15849  0.09410  0.07466  0.11808 -0.05704
 25   h           x   0.08341 -0.03053  0.02989 -0.03678 -0.05938  0.03562
                  y   0.03475 -0.01498  0.03659 -0.07282 -0.12106  0.05028
                  z  -0.12091  0.04277  0.03444 -0.03133 -0.05040  0.00147
 26   h           x  -0.06980  0.13378  0.06163 -0.00173  0.01639  0.12345
                  y  -0.01980  0.04743  0.10364 -0.05208 -0.09646  0.08486
                  z   0.11346 -0.20252  0.09226  0.00164 -0.04404 -0.18778
 27   h           x  -0.19715  0.19515  0.02770  0.00119  0.01704  0.03018
                  y  -0.06599  0.06897  0.02876 -0.03674 -0.05072  0.03285
                  z   0.29493 -0.27821  0.06646 -0.00247 -0.01571 -0.03693

reduced mass(g/mol)     7.457    8.022   13.196    3.423    3.258    2.747


       mode              25       26       27       28       29       30

     frequency         408.06   498.99   514.38   534.64   538.20   556.00

     symmetry            a        a        a        a        a        a   

        IR               YES      YES      YES      YES      YES      YES
|dDIP/dQ|   (a.u.)     0.0053   0.0029   0.0040   0.0019   0.0027   0.0008
intensity (km/mol)      50.35    15.18    28.59     6.27    12.99     1.16
intensity (  %   )       5.78     1.74     3.28     0.72     1.49     0.13
 
       RAMAN             YES      YES      YES      YES      YES      YES
 
  1   ag          x   0.00150 -0.00127 -0.00145  0.00142  0.00115  0.00050
                  y  -0.00254 -0.00122 -0.00115  0.00179  0.00246 -0.00385
                  z  -0.00550  0.00133  0.00179  0.00059  0.00066 -0.00055
  2   n           x   0.02436 -0.02142 -0.00394 -0.01643  0.15188 -0.08549
                  y   0.01302  0.00214 -0.00065 -0.00279 -0.06497  0.27549
                  z  -0.03759  0.04395  0.00917 -0.01116  0.07193  0.00350
  3   c           x   0.00998 -0.01542  0.00006  0.01183 -0.10604 -0.00856
                  y   0.00327  0.00521  0.00163 -0.00694 -0.00334  0.19812
                  z  -0.00459  0.01797 -0.00210  0.00768 -0.06984  0.04212
  4   n           x  -0.01975  0.03095  0.00481  0.01551 -0.11728 -0.03978
                  y  -0.00269  0.02421  0.00359 -0.00883  0.05742  0.08395
                  z   0.04009 -0.05763 -0.00984  0.00782 -0.04692 -0.00410
  5   c           x   0.01807 -0.01358 -0.00192  0.01896 -0.13838 -0.01955
                  y   0.01179  0.00205  0.00103 -0.00977  0.12145 -0.14016
                  z  -0.02159  0.00542 -0.00043  0.01337 -0.08513 -0.06371
  6   c           x   0.02750 -0.02616 -0.00289 -0.01670  0.17147 -0.09819
                  y   0.01727 -0.01379 -0.00205  0.00970 -0.04216 -0.12415
                  z  -0.03553  0.05460  0.00785 -0.00592  0.07206 -0.10447
  7   c           x  -0.03346  0.03930  0.00538 -0.02529  0.19257  0.00680
                  y  -0.00390  0.01058  0.00089  0.00606 -0.06594  0.00812
                  z   0.05330 -0.03744 -0.00310 -0.01937  0.14570  0.01932
  8   o           x   0.00812  0.00915  0.00551  0.00057 -0.06698  0.09276
                  y  -0.00849 -0.02730 -0.00236  0.03980 -0.24646 -0.19356
                  z   0.00163 -0.00950 -0.00925  0.01107 -0.08651  0.02087
  9   n           x  -0.01266  0.01845  0.00066  0.01200 -0.11967  0.08510
                  y  -0.00776  0.01425  0.00255 -0.02663  0.22832 -0.06064
                  z  -0.00946 -0.05347 -0.00487 -0.00293  0.00332  0.06514
 10   h           x  -0.14073 -0.45350 -0.04745 -0.02852  0.15156  0.38745
                  y  -0.03764 -0.16439 -0.01644 -0.01985  0.20720 -0.12489
                  z   0.15488  0.74227  0.07852  0.00313 -0.10055  0.04705
 11   h           x   0.00431  0.16116  0.01420  0.01945 -0.17277  0.04010
                  y  -0.02786  0.06750  0.00874 -0.05829  0.40254  0.18386
                  z  -0.03074 -0.28123 -0.02676 -0.00645  0.03942  0.08189
 12   h           x  -0.01321 -0.10596 -0.01081 -0.02739  0.25943 -0.10082
                  y   0.00843 -0.04858 -0.00720  0.04311 -0.29081 -0.13741
                  z   0.02755  0.18342  0.02113 -0.00009  0.01604 -0.09548
 13   h           x  -0.10392  0.06953  0.00950 -0.02682  0.13444  0.22124
                  y  -0.02787  0.01795  0.00207  0.00757 -0.05426 -0.07198
                  z   0.16467 -0.07527 -0.00882 -0.02376  0.13520  0.18125
 14   h           x  -0.02468  0.07701  0.01575 -0.05023  0.38494  0.02670
                  y  -0.00814  0.04936  0.00877 -0.03143  0.14020  0.37437
                  z   0.02709 -0.07139 -0.01398 -0.01070  0.09240  0.00301
 15   n           x   0.08116  0.00032 -0.01116  0.14226  0.01801  0.00850
                  y   0.03470 -0.00031 -0.00192 -0.12491 -0.02201 -0.16617
                  z  -0.12582 -0.00108  0.03748  0.05430  0.00389 -0.03035
 16   c           x   0.02759  0.00321 -0.01238 -0.10206 -0.01452 -0.02422
                  y   0.00672  0.00004  0.00530  0.01761 -0.00211 -0.10833
                  z  -0.02714 -0.00395  0.01417 -0.06645 -0.00976 -0.03815
 17   n           x  -0.06245 -0.00139  0.02686 -0.10730 -0.01338  0.01452
                  y  -0.01859 -0.00191  0.02135  0.07608  0.00630 -0.05141
                  z   0.11114  0.00246 -0.05132 -0.03314 -0.00265 -0.00395
 18   c           x   0.05953  0.00182 -0.01588 -0.11409 -0.01200  0.03951
                  y   0.02457  0.00026  0.00606  0.17453  0.02547  0.07244
                  z  -0.08426 -0.00135  0.00623 -0.05226 -0.00437  0.04695
 19   c           x   0.09669  0.00150 -0.01886  0.16020  0.02368  0.08043
                  y   0.03991  0.00162 -0.01437 -0.08524 -0.00657  0.05379
                  z  -0.13870 -0.00279  0.04164  0.06111  0.00915  0.06820
 20   c           x  -0.10702 -0.00291  0.03736  0.18444  0.02127 -0.00782
                  y  -0.02692  0.00025  0.00363 -0.12033 -0.01354  0.00358
                  z   0.17188  0.00332 -0.02971  0.11989  0.01488 -0.00851
 21   o           x  -0.00387  0.00108  0.00043 -0.11970 -0.01713 -0.02646
                  y  -0.01522  0.00257 -0.02446 -0.19819 -0.01650  0.12193
                  z   0.02026  0.00038 -0.01462 -0.11345 -0.01286  0.00877
 22   n           x  -0.03299 -0.00323  0.01800 -0.06877 -0.01133 -0.04968
                  y  -0.00891 -0.00168  0.02112  0.25786  0.03393  0.04675
                  z   0.00629  0.00509 -0.04305  0.03691  0.00349 -0.03100
 23   h           x  -0.32017  0.05875 -0.46712  0.20386  0.02633 -0.20808
                  y  -0.08702  0.02215 -0.16692  0.20811  0.03566  0.12867
                  z   0.42150 -0.09703  0.75844 -0.12580 -0.03482 -0.02393
 24   h           x  -0.02660 -0.02176  0.15323 -0.09689 -0.01706 -0.05312
                  y  -0.03537 -0.01001  0.08020  0.41221  0.04331 -0.10985
                  z  -0.01243  0.03400 -0.25457  0.12428  0.01526 -0.07337
 25   h           x  -0.02893  0.01292 -0.10677  0.18635  0.02907  0.07847
                  y   0.00314  0.00606 -0.05872 -0.34293 -0.03665  0.06496
                  z   0.06193 -0.02079  0.17784 -0.04092 -0.00668  0.07338
 26   h           x  -0.35227 -0.00303  0.05402  0.12169  0.00731 -0.13599
                  y  -0.11524  0.00080  0.00559 -0.08230 -0.00449  0.09994
                  z   0.56694  0.00235 -0.04825  0.10050  0.00935 -0.08702
 27   h           x  -0.08960 -0.00489  0.06512  0.35541  0.03845 -0.05711
                  y  -0.02617 -0.00245  0.02771 -0.01514 -0.01108 -0.20141
                  z   0.10535  0.00290 -0.04051  0.12993  0.01514 -0.05234

reduced mass(g/mol)     2.634    1.247    1.189    5.535    5.426    5.340


       mode              31       32       33       34       35       36

     frequency         557.42   594.80   605.78   632.39   654.17   696.13

     symmetry            a        a        a        a        a        a   

        IR               YES      YES      YES      YES      YES      YES
|dDIP/dQ|   (a.u.)     0.0027   0.0016   0.0019   0.0050   0.0041   0.0050
intensity (km/mol)      12.59     4.40     6.75    44.57    30.30    44.19
intensity (  %   )       1.44     0.50     0.77     5.11     3.48     5.07
 
       RAMAN             YES      YES      YES      YES      YES      YES
 
  1   ag          x   0.00042 -0.00369  0.01326  0.00170 -0.00100  0.00017
                  y  -0.01139 -0.00970  0.02402  0.00392 -0.00163 -0.00001
                  z  -0.00263 -0.00444  0.01379  0.00194 -0.00078 -0.00020
  2   n           x  -0.04376 -0.08995  0.04114 -0.02240 -0.00008 -0.00540
                  y   0.16075  0.01288 -0.01818 -0.02845  0.00131 -0.00475
                  z   0.00478 -0.00852 -0.00507  0.05735 -0.00037  0.01629
  3   c           x  -0.00701 -0.17586  0.06996  0.02280 -0.00075 -0.04249
                  y   0.11576  0.06226 -0.03054 -0.03308  0.00140 -0.01378
                  z   0.02399 -0.06476  0.01794  0.05852 -0.00184  0.06325
  4   n           x  -0.02807  0.05391 -0.01979 -0.00742  0.00052 -0.02693
                  y   0.04531  0.18571 -0.06748 -0.05373  0.00130 -0.00576
                  z  -0.00531  0.07898 -0.02955 -0.00955  0.00036  0.03694
  5   c           x  -0.01994  0.19189 -0.08128  0.02574  0.00050  0.06903
                  y  -0.07685  0.02760 -0.01241  0.01735 -0.00027  0.02597
                  z  -0.04154  0.05571 -0.01032 -0.10688  0.00244 -0.11466
  6   c           x  -0.05587  0.17007 -0.06531 -0.02568  0.00121  0.00414
                  y  -0.07226  0.02446 -0.01439  0.00947  0.00019 -0.00331
                  z  -0.06057  0.07847 -0.02543 -0.05189  0.00177  0.00145
  7   c           x   0.00989 -0.02115  0.00953 -0.02860  0.00065  0.06798
                  y   0.00806 -0.14130  0.04579  0.02288 -0.00041  0.01852
                  z   0.01645 -0.01466 -0.00019  0.02420  0.00010 -0.09825
  8   o           x   0.05272 -0.17688  0.06308  0.04342 -0.00096  0.01346
                  y  -0.11650  0.01365  0.00272  0.01675 -0.00035  0.00369
                  z   0.01283 -0.10589  0.03844  0.03304 -0.00156 -0.02738
  9   n           x   0.04049  0.10492 -0.03859 -0.04177  0.00102 -0.01635
                  y  -0.02710 -0.09590  0.04033  0.01246 -0.00112 -0.00020
                  z   0.03413  0.06510 -0.02739  0.01323  0.00023  0.02265
 10   h           x   0.22650  0.03850 -0.01863  0.01159 -0.00276  0.06959
                  y  -0.06576 -0.04836  0.01854  0.02702 -0.00187  0.02525
                  z   0.02145 -0.02836  0.02185 -0.06001  0.00467 -0.10205
 11   h           x   0.01330  0.09349 -0.02990 -0.08320  0.00155 -0.08719
                  y   0.11894 -0.21948  0.09399  0.01165 -0.00239 -0.01068
                  z   0.04444  0.11589 -0.05496  0.07464 -0.00021  0.13213
 12   h           x  -0.05228  0.03267  0.00226 -0.13304  0.00250 -0.45408
                  y  -0.09244  0.21360 -0.08281 -0.05822  0.00210 -0.13455
                  z  -0.05930  0.23087 -0.10749  0.12556 -0.00062  0.72011
 13   h           x   0.13446 -0.06661  0.02277 -0.04504  0.00110 -0.04782
                  y  -0.03852 -0.13427  0.04571  0.01891 -0.00035 -0.02530
                  z   0.11092 -0.01651 -0.00689  0.04453 -0.00023  0.09844
 14   h           x   0.02074  0.43469 -0.23426  0.50767 -0.00424 -0.22031
                  y   0.21906  0.34053 -0.17476  0.15100  0.00085 -0.09059
                  z   0.00865 -0.39875  0.24671 -0.78992  0.00903  0.32103
 15   n           x   0.00156  0.02584  0.07520  0.00201  0.03489  0.00033
                  y   0.27186 -0.01747 -0.07575 -0.00286  0.02289  0.00017
                  z   0.05789  0.00596  0.00777 -0.00156 -0.05594 -0.00044
 16   c           x   0.04284  0.06369  0.18476  0.00440  0.01520 -0.00018
                  y   0.17652 -0.05022 -0.15637 -0.00435  0.03159 -0.00006
                  z   0.06506  0.02203  0.05463  0.00086 -0.06361  0.00037
 17   n           x  -0.03817 -0.03735 -0.10668 -0.00266  0.01385  0.00033
                  y   0.07684 -0.06696 -0.18744 -0.00372  0.02563  0.00003
                  z  -0.00210 -0.03864 -0.11095 -0.00238 -0.00249 -0.00039
 18   c           x  -0.08152 -0.06229 -0.19327 -0.00618 -0.05891 -0.00043
                  y  -0.10063  0.01330  0.03793  0.00066 -0.02832 -0.00020
                  z  -0.08436 -0.02654 -0.07465 -0.00105  0.12008  0.00082
 19   c           x  -0.13062 -0.06384 -0.19196 -0.00531  0.00623  0.00025
                  y  -0.08173  0.01944  0.04300  0.00022 -0.01375  0.00011
                  z  -0.11122 -0.03033 -0.08939 -0.00298  0.03340 -0.00029
 20   c           x   0.03076  0.01341  0.03473  0.00030  0.00831 -0.00093
                  y   0.00651  0.05405  0.13991  0.00235 -0.01175 -0.00028
                  z   0.02914  0.01493  0.03624 -0.00014 -0.00220  0.00156
 21   o           x   0.04731  0.07098  0.20341  0.00434 -0.02851 -0.00036
                  y  -0.21791 -0.02111 -0.04916 -0.00098 -0.00403 -0.00015
                  z  -0.01353  0.04144  0.11955  0.00341 -0.01003  0.00068
 22   n           x   0.06160 -0.03290 -0.09880 -0.00221  0.02821  0.00068
                  y  -0.05130  0.04448  0.13805  0.00408 -0.00607  0.00012
                  z   0.04381 -0.01441 -0.04341 -0.00147 -0.02549 -0.00100
 23   h           x   0.34910 -0.00946 -0.03219  0.00543 -0.03023 -0.00198
                  y  -0.19603  0.02780  0.06731  0.00317 -0.02432 -0.00072
                  z   0.01869 -0.00544  0.02184 -0.00710  0.06264  0.00308
 24   h           x   0.06614 -0.02682 -0.07842  0.00004  0.08150  0.00103
                  y   0.21164  0.07733  0.25759  0.00949  0.00729  0.00011
                  z   0.11713 -0.01729 -0.04956 -0.00388 -0.11101 -0.00159
 25   h           x  -0.12271 -0.04767 -0.13651 -0.00051  0.21364  0.00745
                  y  -0.13096 -0.04956 -0.16220 -0.00392  0.06476  0.00242
                  z  -0.13458 -0.07495 -0.23524 -0.01215 -0.29245 -0.01175
 26   h           x   0.24023  0.02368  0.05848  0.00114  0.04062  0.00099
                  y  -0.15077  0.04897  0.12993  0.00232 -0.00238  0.00045
                  z   0.15775  0.01608  0.03415 -0.00098 -0.04942 -0.00160
 27   h           x   0.09976 -0.11780 -0.37832 -0.01989 -0.48948  0.00339
                  y   0.32571 -0.08601 -0.28869 -0.01195 -0.15564  0.00125
                  z   0.09979  0.03273  0.13136  0.01634  0.73378 -0.00469

reduced mass(g/mol)     5.141    4.636    5.673    1.439    1.397    1.496


       mode              37       38       39       40       41       42

     frequency         700.71   747.15   750.08   758.61   760.88   802.14

     symmetry            a        a        a        a        a        a   

        IR               YES      YES      YES      YES      YES      YES
|dDIP/dQ|   (a.u.)     0.0063   0.0021   0.0017   0.0028   0.0036   0.0004
intensity (km/mol)      71.53     7.64     5.02    14.02    23.17     0.23
intensity (  %   )       8.20     0.88     0.58     1.61     2.66     0.03
 
       RAMAN             YES      YES      YES      YES      YES      YES
 
  1   ag          x   0.00009 -0.00052  0.00083 -0.00008  0.00028  0.00166
                  y  -0.00019 -0.00001  0.00032 -0.00022  0.00013  0.00242
                  z  -0.00043  0.00108 -0.00132 -0.00043 -0.00067  0.00147
  2   n           x   0.00002 -0.00996 -0.11329 -0.00110 -0.01498 -0.06657
                  y   0.00014 -0.00341 -0.03519 -0.00006 -0.00439 -0.02740
                  z   0.00012  0.01603  0.17669  0.00152  0.02449 -0.05282
  3   c           x  -0.00117  0.02727  0.30855  0.00319  0.06592  0.07966
                  y  -0.00021  0.00915  0.10488  0.00122  0.02404  0.03597
                  z   0.00152 -0.04269 -0.48366 -0.00487 -0.12168  0.05788
  4   n           x  -0.00039 -0.00640 -0.07961  0.00094 -0.06942  0.01715
                  y  -0.00003 -0.00228 -0.02846  0.00018 -0.02461  0.11609
                  z   0.00071  0.01064  0.12524 -0.00197  0.11457  0.03900
  5   c           x   0.00123  0.00042 -0.06452 -0.01162  0.20423 -0.01212
                  y   0.00040  0.00016 -0.01847 -0.00362  0.06496  0.06226
                  z  -0.00162 -0.00020  0.10049  0.01800 -0.31191 -0.00707
  6   c           x   0.00044 -0.00086  0.04027  0.00786 -0.15146  0.02595
                  y   0.00009 -0.00056  0.01199  0.00276 -0.04600 -0.09869
                  z  -0.00008  0.00193 -0.06395 -0.01254  0.24231  0.01077
  7   c           x   0.00093  0.00407  0.04420 -0.00008  0.01732 -0.06981
                  y   0.00025  0.00076  0.00682 -0.00039  0.02050 -0.26644
                  z  -0.00107 -0.00652 -0.07737 -0.00042 -0.01782 -0.10176
  8   o           x  -0.00052 -0.00695 -0.07413  0.00042 -0.02570  0.11578
                  y  -0.00023 -0.00288 -0.03362  0.00001 -0.00833  0.04526
                  z   0.00044  0.01222  0.13229 -0.00007  0.01769  0.08283
  9   n           x   0.00042  0.00177  0.01512  0.00061 -0.02706 -0.08017
                  y   0.00003  0.00062  0.01277  0.00088 -0.02274  0.11965
                  z  -0.00048 -0.00320 -0.03225 -0.00166  0.06076 -0.02257
 10   h           x   0.00013 -0.00755  0.02012  0.00626 -0.09365 -0.07108
                  y  -0.00012 -0.00252  0.01916  0.00332 -0.04985  0.11906
                  z   0.00012  0.01151 -0.05283 -0.01204  0.17772 -0.01321
 11   h           x  -0.00066  0.00542  0.04470 -0.00006 -0.00268 -0.08840
                  y  -0.00030  0.00137  0.01657  0.00016 -0.01472  0.15608
                  z   0.00124 -0.00890 -0.07828 -0.00053  0.02288 -0.02552
 12   h           x  -0.00511 -0.01522 -0.36633 -0.02654  0.40025  0.02307
                  y  -0.00138 -0.00396 -0.09296 -0.00634  0.10104  0.03352
                  z   0.00861  0.02421  0.56970  0.04115 -0.61869 -0.03643
 13   h           x  -0.00059 -0.00168 -0.08412 -0.00945  0.15438 -0.01104
                  y  -0.00033 -0.00145 -0.04385 -0.00406  0.07603 -0.28677
                  z   0.00157  0.00335  0.14720  0.01590 -0.26118 -0.09841
 14   h           x  -0.00440  0.00342  0.08816  0.00790 -0.09946 -0.04678
                  y  -0.00150  0.00231  0.05088  0.00376 -0.03948  0.00565
                  z   0.00672 -0.00174 -0.09085 -0.01048  0.13851  0.01232
 15   n           x  -0.00139  0.12455 -0.00866 -0.01093 -0.00261  0.10832
                  y  -0.00028  0.04155 -0.00274 -0.00231 -0.00065 -0.00097
                  z   0.00671 -0.18766  0.01246  0.01334  0.00312  0.07890
 16   c           x  -0.03161 -0.33497  0.02156  0.05469  0.00768 -0.11769
                  y  -0.00547 -0.11388  0.00727  0.02308  0.00293 -0.02306
                  z   0.04026  0.52329 -0.03377 -0.09491 -0.01283 -0.09437
 17   n           x  -0.02058  0.08598 -0.00586 -0.06489 -0.00553 -0.07367
                  y  -0.00157  0.02594 -0.00169 -0.01893 -0.00150 -0.14493
                  z   0.03405 -0.13879  0.00873  0.11355  0.00896 -0.07328
 18   c           x   0.04795  0.05495 -0.01079  0.21101  0.00852  0.00300
                  y   0.01616  0.01548 -0.00309  0.06864  0.00310 -0.09395
                  z  -0.07313 -0.09046  0.01667 -0.32349 -0.01317 -0.01985
 19   c           x   0.00579 -0.03197  0.00687 -0.15080 -0.00731 -0.01472
                  y  -0.00366 -0.00879  0.00259 -0.05317 -0.00222  0.14958
                  z   0.00036  0.04759 -0.01126  0.24261  0.01140  0.01705
 20   c           x   0.06756 -0.03649  0.00139  0.01747  0.00059  0.18918
                  y   0.01795 -0.00499  0.00026  0.00510  0.00039  0.32337
                  z  -0.09897  0.07951 -0.00447 -0.02582 -0.00188  0.19083
 21   o           x   0.00603  0.08268 -0.00530 -0.01731 -0.00178 -0.17440
                  y   0.00340  0.03391 -0.00230 -0.00270 -0.00047 -0.00243
                  z  -0.02486 -0.14757  0.00945  0.01604  0.00216 -0.10717
 22   n           x  -0.00694 -0.01718  0.00139 -0.03514 -0.00241  0.07016
                  y  -0.00249 -0.01192  0.00143 -0.01733 -0.00064 -0.19970
                  z   0.01454  0.02977 -0.00260  0.06142  0.00411  0.00233
 23   h           x   0.06541 -0.02110  0.00966 -0.11674 -0.00391  0.06139
                  y   0.01972 -0.01899  0.00465 -0.05114 -0.00142 -0.20110
                  z  -0.09451  0.04558 -0.01641  0.19997  0.00689 -0.00451
 24   h           x  -0.06433 -0.05309  0.00367 -0.01224 -0.00066  0.07382
                  y  -0.01748 -0.01944  0.00206 -0.00753  0.00003 -0.23896
                  z   0.10742  0.08871 -0.00631  0.02600  0.00135 -0.00405
 25   h           x  -0.40306  0.31464 -0.03602  0.37347  0.01223 -0.02362
                  y  -0.13386  0.08990 -0.01028  0.11666  0.00442 -0.03140
                  z   0.65110 -0.50582  0.05708 -0.59049 -0.01959  0.00919
 26   h           x  -0.05047  0.08564 -0.01276  0.16073  0.00506  0.12270
                  y  -0.02902  0.04112 -0.00505  0.06085  0.00231  0.37923
                  z   0.09997 -0.12053  0.01869 -0.26480 -0.00972  0.17403
 27   h           x  -0.31861 -0.15646  0.01583 -0.14063 -0.00372  0.06300
                  y  -0.11091 -0.05887  0.00595 -0.04726 -0.00101 -0.02804
                  z   0.45921  0.18610 -0.02074  0.20011  0.00502 -0.02709

reduced mass(g/mol)     1.321    7.186    6.361    4.096    4.076    7.565


       mode              43       44       45       46       47       48

     frequency         804.34   954.70   969.61   976.59   982.63  1018.40

     symmetry            a        a        a        a        a        a   

        IR               YES      YES      YES      YES      YES      YES
|dDIP/dQ|   (a.u.)     0.0002   0.0009   0.0012   0.0008   0.0015   0.0005
intensity (km/mol)       0.08     1.40     2.65     1.28     3.91     0.41
intensity (  %   )       0.01     0.16     0.30     0.15     0.45     0.05
 
       RAMAN             YES      YES      YES      YES      YES      YES
 
  1   ag          x  -0.00417 -0.00003 -0.00000 -0.00067 -0.00057  0.00063
                  y  -0.01256 -0.00029  0.00056 -0.00182 -0.00305  0.00289
                  z  -0.00537 -0.00010  0.00011 -0.00081 -0.00105  0.00103
  2   n           x  -0.09985 -0.00043 -0.01468 -0.00676  0.02245 -0.15649
                  y  -0.02707  0.00113  0.02916  0.02781 -0.12026  0.16294
                  z  -0.07655  0.00016  0.01552 -0.00197 -0.00135 -0.06334
  3   c           x   0.11037 -0.00051 -0.01507 -0.00428  0.01369  0.00254
                  y   0.05718 -0.00015 -0.02133 -0.00572  0.04220  0.01194
                  z   0.08181 -0.00017  0.00873 -0.00693  0.02476  0.00810
  4   n           x   0.02592  0.00066  0.02515  0.01029 -0.05192 -0.04430
                  y   0.16359 -0.00157 -0.03544 -0.03415  0.14021 -0.27106
                  z   0.05592  0.00005 -0.00251  0.00093 -0.00751 -0.08870
  5   c           x  -0.01442  0.00029  0.00511  0.00972 -0.05322 -0.03596
                  y   0.09096  0.00047  0.01463  0.01059 -0.05145 -0.03442
                  z  -0.00696  0.00013  0.03332  0.00351 -0.03014 -0.02909
  6   c           x   0.04262  0.00019 -0.04544  0.00333  0.02479  0.25571
                  y  -0.14097 -0.00039 -0.03195 -0.00895  0.06352  0.12310
                  z   0.01936  0.00004  0.03031 -0.00988  0.05641  0.19775
  7   c           x  -0.09795  0.00014  0.07850 -0.00840  0.01009 -0.00100
                  y  -0.38456 -0.00070  0.01241 -0.01603  0.05577 -0.05827
                  z  -0.14532 -0.00013 -0.11609  0.01814 -0.05388 -0.02767
  8   o           x   0.16347 -0.00028 -0.01353 -0.00729  0.04339  0.03348
                  y   0.06018  0.00010  0.00250  0.00097 -0.00200  0.00888
                  z   0.11563  0.00005 -0.01154 -0.00411  0.02641  0.02242
  9   n           x  -0.11397 -0.00008  0.00537 -0.00027 -0.01352 -0.05626
                  y   0.17122  0.00071  0.03313  0.01912 -0.10264 -0.02901
                  z  -0.03143 -0.00021  0.00600  0.00385 -0.02761 -0.03875
 10   h           x  -0.10957 -0.00255 -0.14612 -0.08635  0.48869  0.29328
                  y   0.17350  0.00180  0.09946  0.05303 -0.30073 -0.16989
                  z  -0.02073 -0.00143 -0.08019 -0.03342  0.19903  0.12506
 11   h           x  -0.12441  0.00043  0.03320  0.01411 -0.09765 -0.11771
                  y   0.21432 -0.00219 -0.12991 -0.07006  0.40876  0.32716
                  z  -0.03560 -0.00040 -0.00204  0.00046 -0.00732 -0.02406
 12   h           x   0.03720  0.00048  0.14067 -0.02380  0.08817  0.24616
                  y   0.05409 -0.00053 -0.00997 -0.02660  0.16574  0.33724
                  z  -0.04764 -0.00042 -0.25657  0.03401 -0.05664  0.18738
 13   h           x  -0.00667  0.00148 -0.36568  0.12073 -0.45803 -0.09893
                  y  -0.41620 -0.00138 -0.20478  0.00058  0.04978 -0.04873
                  z  -0.13546  0.00143  0.79974 -0.09644  0.18509  0.00475
 14   h           x  -0.06608  0.00012  0.05837 -0.00329 -0.00860 -0.14384
                  y   0.02897  0.00195  0.07466  0.04189 -0.18845  0.18994
                  z   0.02771  0.00107 -0.04233  0.02845 -0.11259 -0.04918
 15   n           x  -0.07660  0.00600 -0.00020 -0.01498 -0.00637  0.06040
                  y   0.00778 -0.00994 -0.00673 -0.11280 -0.01672 -0.11594
                  z  -0.05418 -0.01998 -0.00118 -0.02784 -0.00657  0.01273
 16   c           x   0.08024  0.01616  0.00142  0.02834  0.00563 -0.00271
                  y   0.01998  0.01548  0.00202  0.05434  0.01368  0.00395
                  z   0.06451 -0.01029  0.00166  0.03584  0.00766 -0.00209
 17   n           x   0.05124 -0.01302 -0.00109 -0.02826 -0.00848  0.05984
                  y   0.09832  0.01613  0.00763  0.13121  0.02033  0.12948
                  z   0.05107  0.00702  0.00084  0.00686 -0.00155  0.06643
 18   c           x   0.00208  0.00011 -0.00332 -0.06933 -0.01523  0.01833
                  y   0.06555 -0.00312 -0.00199 -0.03782 -0.00735  0.00886
                  z   0.01629 -0.03016 -0.00191 -0.04458 -0.00988  0.01377
 19   c           x   0.01504  0.04722  0.00140  0.06879  0.02340 -0.14847
                  y  -0.10421  0.01754  0.00260  0.05488  0.01198 -0.01001
                  z  -0.00755 -0.03729  0.00257  0.07203  0.02064 -0.10068
 20   c           x  -0.13187 -0.07775  0.00089  0.00731 -0.00091  0.01015
                  y  -0.22697 -0.02053  0.00320  0.04937  0.00689  0.03139
                  z  -0.13337  0.12230 -0.00115 -0.02676 -0.00658  0.01923
 21   o           x   0.11935  0.00724  0.00186  0.04717  0.01158 -0.01686
                  y   0.00126 -0.00492 -0.00088 -0.02064 -0.00468 -0.00049
                  z   0.07284  0.00702  0.00085  0.02481  0.00621 -0.01050
 22   n           x  -0.04888 -0.00709 -0.00131 -0.03865 -0.01069  0.02697
                  y   0.13674 -0.01561 -0.00453 -0.09377 -0.01948 -0.00082
                  z  -0.00136 -0.00413 -0.00153 -0.04328 -0.01049  0.01626
 23   h           x  -0.05053  0.05801  0.01883  0.42395  0.09572 -0.09862
                  y   0.14454 -0.07704 -0.02019 -0.45686 -0.10212  0.09818
                  z   0.00128  0.03991  0.00581  0.14156  0.03219 -0.03553
 24   h           x  -0.05198 -0.00400 -0.00007 -0.01017 -0.00435  0.02025
                  y   0.15345  0.06947  0.01914  0.44145  0.10108 -0.14510
                  z   0.00096  0.01731  0.00381  0.07615  0.01641 -0.01582
 25   h           x   0.02208 -0.14506  0.00423  0.12077  0.03348 -0.16582
                  y   0.02804 -0.03408  0.00630  0.16095  0.04148 -0.11211
                  z  -0.00173  0.27389 -0.00074  0.02478  0.01474 -0.11595
 26   h           x  -0.08296  0.41896 -0.01927 -0.38536 -0.08086  0.03634
                  y  -0.26753  0.21507  0.00864  0.18139  0.03740  0.02511
                  z  -0.12054 -0.79077  0.00592  0.05891  0.00376  0.00133
 27   h           x  -0.04065 -0.07241 -0.00276 -0.06180 -0.01435  0.04923
                  y   0.02957 -0.04026 -0.00873 -0.14836 -0.02265 -0.12760
                  z   0.02561  0.06639 -0.00627 -0.11498 -0.02149  0.00307

reduced mass(g/mol)     7.530    1.323    1.357    1.998    1.978    5.249


       mode              49       50       51       52       53       54

     frequency        1023.24  1120.45  1125.78  1138.24  1138.62  1224.27

     symmetry            a        a        a        a        a        a   

        IR               YES      YES      YES      YES      YES      YES
|dDIP/dQ|   (a.u.)     0.0018   0.0023   0.0039   0.0016   0.0009   0.0032
intensity (km/mol)       5.66     9.43    27.66     4.48     1.48    18.05
intensity (  %   )       0.65     1.08     3.17     0.51     0.17     2.07
 
       RAMAN             YES      YES      YES      YES      YES      YES
 
  1   ag          x   0.00510 -0.00118  0.00139  0.00041 -0.00055 -0.00007
                  y   0.01175 -0.00079  0.00162  0.00066  0.00029  0.00018
                  z   0.00579 -0.00092  0.00127  0.00039 -0.00029 -0.00001
  2   n           x  -0.09198  0.03115  0.10220 -0.02745  0.05317 -0.00630
                  y   0.10324 -0.01749 -0.04144 -0.01996  0.04353 -0.00808
                  z  -0.03597  0.01445  0.05051 -0.01998  0.03992 -0.00411
  3   c           x   0.00033 -0.00876 -0.02317 -0.00165  0.00332  0.00270
                  y  -0.00182  0.03654  0.10259  0.03753 -0.08271  0.00387
                  z   0.00194  0.00292  0.00938  0.00712 -0.01574  0.00235
  4   n           x  -0.02116 -0.03289 -0.09279 -0.03691  0.07958 -0.01980
                  y  -0.17149 -0.01315 -0.05624  0.00680 -0.01437  0.00967
                  z  -0.05150 -0.02380 -0.07135 -0.02210  0.04774 -0.01052
  5   c           x  -0.01692 -0.00589 -0.01622 -0.01717  0.03674 -0.00192
                  y  -0.01712 -0.00253 -0.01056 -0.00574  0.01253 -0.00698
                  z  -0.01435 -0.00478 -0.01418 -0.01220  0.02609 -0.00301
  6   c           x   0.14390 -0.01290 -0.04689  0.03392 -0.06866  0.00174
                  y   0.06489  0.02351  0.07936 -0.00592  0.01004  0.00095
                  z   0.10947 -0.00133 -0.00662  0.01900 -0.03902  0.00196
  7   c           x   0.00126 -0.01254 -0.03899  0.00411 -0.00767  0.01940
                  y  -0.03392 -0.02447 -0.08245  0.01467 -0.02795 -0.00258
                  z  -0.01263 -0.01457 -0.04617  0.00445 -0.00788  0.01273
  8   o           x   0.01424  0.01401  0.03730  0.01777 -0.03853 -0.00090
                  y   0.00677 -0.00809 -0.02548 -0.00198  0.00528 -0.00185
                  z   0.01003  0.00702  0.01774  0.01121 -0.02376 -0.00069
  9   n           x  -0.03019  0.02237  0.05545  0.03766 -0.07995  0.00698
                  y  -0.00765 -0.00087 -0.00457  0.00793 -0.01547  0.00521
                  z  -0.01932  0.01351  0.03302  0.02437 -0.05173  0.00537
 10   h           x   0.12281 -0.06763 -0.16721 -0.11881  0.24973 -0.03474
                  y  -0.06969  0.03398  0.08094  0.06929 -0.14489  0.02102
                  z   0.05248 -0.03022 -0.07500 -0.05268  0.11059 -0.01522
 11   h           x  -0.05742  0.04228  0.10482  0.07401 -0.15652  0.01498
                  y   0.14850 -0.10643 -0.26287 -0.18851  0.39785 -0.03473
                  z  -0.01294  0.00848  0.02067  0.01501 -0.03207  0.00322
 12   h           x   0.13901 -0.04295 -0.16212  0.08704 -0.17518 -0.04079
                  y   0.17203  0.15964  0.59888 -0.23196  0.46248  0.19301
                  z   0.10676 -0.00107 -0.00354  0.01531 -0.03151  0.00799
 13   h           x  -0.02518 -0.08211 -0.21622 -0.12802  0.27527  0.18811
                  y  -0.03285 -0.00832 -0.04397  0.05476 -0.11328 -0.05378
                  z   0.00742 -0.04699 -0.12870 -0.05977  0.12968  0.10221
 14   h           x  -0.08453  0.10181  0.35083 -0.08752  0.16945 -0.11604
                  y   0.12035  0.06319  0.24452 -0.09133  0.18197 -0.13797
                  z  -0.02556  0.09431  0.33200 -0.08910  0.17403 -0.12409
 15   n           x  -0.12470 -0.02799  0.00903  0.09240  0.04802  0.03158
                  y   0.25700  0.07121 -0.01893 -0.01723 -0.00558  0.02348
                  z  -0.02261 -0.00019  0.00101  0.05084  0.02728  0.02187
 16   c           x   0.00078 -0.01524  0.00376 -0.01087 -0.00650 -0.00893
                  y  -0.02860 -0.15342  0.04214 -0.00951 -0.01327 -0.01389
                  z  -0.00372 -0.04521  0.01221 -0.00864 -0.00684 -0.00830
 17   n           x  -0.11673  0.14456 -0.03890 -0.00124  0.00383  0.04283
                  y  -0.28994  0.00324 -0.00327 -0.03534 -0.01893 -0.04206
                  z  -0.13757  0.09280 -0.02551 -0.00817 -0.00151  0.01829
 18   c           x  -0.03188  0.04041 -0.01095  0.01970  0.01295  0.01407
                  y  -0.01644  0.00641 -0.00217 -0.00214 -0.00059  0.01152
                  z  -0.02460  0.02944 -0.00814  0.01178  0.00792  0.01217
 19   c           x   0.29723 -0.02540  0.00568 -0.05689 -0.03086 -0.01108
                  y   0.01260 -0.04763  0.01442  0.06733  0.03392 -0.00662
                  z   0.19880 -0.02909  0.00733 -0.02025 -0.01175 -0.00857
 20   c           x  -0.01572  0.03569 -0.01027 -0.04215 -0.02126 -0.04608
                  y  -0.06373  0.04054 -0.01217 -0.05263 -0.02654  0.01510
                  z  -0.03347  0.03553 -0.01023 -0.03559 -0.01770 -0.02854
 21   o           x   0.02602 -0.05004  0.01298 -0.01133 -0.00817 -0.00159
                  y   0.00673  0.04423 -0.01214 -0.00469 -0.00057  0.00456
                  z   0.01752 -0.02175  0.00562 -0.00870 -0.00539 -0.00048
 22   n           x  -0.05627 -0.10693  0.02770 -0.03335 -0.02105 -0.02264
                  y   0.01447  0.02102 -0.00471 -0.00231 -0.00011 -0.00182
                  z  -0.03150 -0.06282  0.01626 -0.02126 -0.01334 -0.01469
 23   h           x   0.17033  0.31005 -0.08193  0.08538  0.05520  0.07037
                  y  -0.16601 -0.30346  0.07942 -0.09606 -0.06054 -0.07245
                  z   0.06182  0.11634 -0.03103  0.03032  0.01970  0.02578
 24   h           x  -0.04465 -0.08624  0.02232 -0.02590 -0.01640 -0.01974
                  y   0.27368  0.57080 -0.14920  0.17247  0.11161  0.10295
                  z   0.02597  0.06008 -0.01603  0.01804  0.01172  0.00876
 25   h           x   0.32947 -0.02986  0.00684 -0.05798 -0.03155 -0.01644
                  y   0.19553 -0.16663  0.05740  0.69787  0.36741 -0.41620
                  z   0.22912 -0.04827  0.01469  0.10429  0.05425 -0.09412
 26   h           x  -0.01574  0.37122 -0.10043  0.10012  0.07255 -0.46781
                  y  -0.07828 -0.16836  0.04393 -0.15112 -0.09037  0.29538
                  z   0.01234  0.17419 -0.04791  0.01538  0.01704 -0.21697
 27   h           x  -0.10663 -0.18422  0.05810  0.33968  0.17189  0.37361
                  y   0.27951 -0.00929  0.00656  0.11509  0.06081  0.21298
                  z  -0.00583 -0.14338  0.04608  0.27989  0.14217  0.32596

reduced mass(g/mol)     6.323    2.238    1.930    1.480    1.639    1.160


       mode              55       56       57       58       59       60

     frequency        1225.11  1308.80  1310.73  1383.05  1386.96  1446.73

     symmetry            a        a        a        a        a        a   

        IR               YES      YES      YES      YES      YES      YES
|dDIP/dQ|   (a.u.)     0.0064   0.0011   0.0040   0.0024   0.0016   0.0052
intensity (km/mol)      73.21     2.19    28.23    10.29     4.45    47.74
intensity (  %   )       8.40     0.25     3.24     1.18     0.51     5.48
 
       RAMAN             YES      YES      YES      YES      YES      YES
 
  1   ag          x   0.00028 -0.00012 -0.00071  0.00003  0.00008  0.00015
                  y  -0.00014 -0.00064 -0.00095 -0.00030 -0.00014  0.00066
                  z   0.00013 -0.00019 -0.00064 -0.00004  0.00001  0.00022
  2   n           x  -0.01558 -0.02785 -0.03999 -0.00056  0.05112  0.14368
                  y  -0.02195 -0.10134 -0.14304 -0.00072  0.10347  0.07285
                  z  -0.01077 -0.03864 -0.05495 -0.00057  0.05750  0.11116
  3   c           x   0.00514 -0.06498 -0.09025 -0.00057  0.03099 -0.00418
                  y   0.01476  0.26840  0.38172 -0.00039 -0.06046  0.12558
                  z   0.00579  0.01599  0.02416 -0.00046  0.00642  0.02441
  4   n           x  -0.04853  0.17820  0.25873  0.00007 -0.01808 -0.01435
                  y   0.02382 -0.10217 -0.15031  0.00074  0.02646 -0.08142
                  z  -0.02588  0.08969  0.12987  0.00020 -0.00587 -0.02685
  5   c           x  -0.00765 -0.00037  0.01084 -0.00150  0.04265  0.05182
                  y  -0.01831 -0.09581 -0.14002  0.00052 -0.07100  0.16223
                  z  -0.00954 -0.02040 -0.02267 -0.00083  0.01152  0.06819
  6   c           x   0.00460 -0.03506 -0.05111 -0.00009  0.04247 -0.03678
                  y   0.00307  0.00421  0.00407  0.00109 -0.14473  0.03993
                  z   0.00511 -0.02105 -0.03121  0.00017 -0.00312 -0.01537
  7   c           x   0.04893  0.08182  0.11621  0.00003  0.00706 -0.08324
                  y  -0.00663 -0.00219 -0.00115 -0.00004  0.02141 -0.10689
                  z   0.03176  0.04980  0.07118  0.00001  0.00746 -0.07576
  8   o           x  -0.00101 -0.02893 -0.04523  0.00085 -0.03410 -0.04564
                  y  -0.00507 -0.01336 -0.01781 -0.00001 -0.00837 -0.03932
                  z  -0.00124 -0.02028 -0.03105  0.00049 -0.02324 -0.03658
  9   n           x   0.01822 -0.06203 -0.09466  0.00075 -0.01953 -0.00969
                  y   0.01247  0.05385  0.08094 -0.00090  0.05092 -0.05291
                  z   0.01384 -0.02710 -0.04177  0.00031 -0.00133 -0.01768
 10   h           x  -0.08889 -0.11164 -0.15843  0.00022 -0.15347  0.27051
                  y   0.05363  0.07932  0.11410 -0.00064  0.11004 -0.16803
                  z  -0.03902 -0.05154 -0.07325  0.00003 -0.06869  0.12567
 11   h           x   0.03829 -0.09215 -0.14104  0.00064 -0.03380 -0.01589
                  y  -0.08846  0.16490  0.25719 -0.00039  0.10741 -0.00058
                  z   0.00832 -0.02588 -0.03898  0.00033 -0.00002 -0.01178
 12   h           x  -0.10139 -0.06229 -0.08719  0.00055 -0.08387  0.04803
                  y   0.48186  0.12211  0.16034 -0.00182  0.42769 -0.37693
                  z   0.02016 -0.01806 -0.02732  0.00007  0.01971 -0.04151
 13   h           x   0.46032 -0.19493 -0.29148  0.00524 -0.63776 -0.02804
                  y  -0.13167  0.07486  0.11298 -0.00163  0.22247 -0.14713
                  z   0.25017 -0.09415 -0.14119  0.00275 -0.33231 -0.04981
 14   h           x  -0.28923 -0.07193 -0.09527  0.00201 -0.21408 -0.36672
                  y  -0.34589 -0.15804 -0.21448  0.00217 -0.20043 -0.52594
                  z  -0.30999 -0.08819 -0.11733  0.00206 -0.21551 -0.40830
 15   n           x  -0.01264  0.08162 -0.05446  0.06018  0.00069  0.00680
                  y  -0.00999  0.10781 -0.07091  0.07500  0.00087  0.00104
                  z  -0.00900  0.07421 -0.04925  0.05717  0.00062  0.00465
 16   c           x   0.00337 -0.00039  0.00177  0.01210 -0.00024  0.00170
                  y   0.00754 -0.37991  0.25290 -0.06807 -0.00150  0.00528
                  z   0.00352 -0.08040  0.05455 -0.00746 -0.00051  0.00212
 17   n           x  -0.01569 -0.22478  0.14981 -0.00748  0.00020 -0.00393
                  y   0.01636  0.24940 -0.17106  0.03739  0.00128 -0.00370
                  z  -0.00653 -0.08838  0.05785  0.00318  0.00039 -0.00328
 18   c           x  -0.00663  0.02578 -0.01135  0.01432 -0.00111  0.00746
                  y  -0.00459  0.13098 -0.09126 -0.07842  0.00028  0.00380
                  z  -0.00545  0.04243 -0.02556 -0.00758 -0.00062  0.00562
 19   c           x   0.00438  0.05188 -0.03547  0.00287  0.00030 -0.00148
                  y   0.00269 -0.02319  0.01510 -0.14601 -0.00137  0.00024
                  z   0.00343  0.02842 -0.01974 -0.02915 -0.00007 -0.00083
 20   c           x   0.01867 -0.12360  0.08283  0.03251  0.00002 -0.00389
                  y  -0.00603  0.03974 -0.02615  0.01101  0.00024 -0.00245
                  z   0.01149 -0.06850  0.04595  0.02127  0.00005 -0.00296
 21   o           x   0.00085  0.05555 -0.03913 -0.03005  0.00012 -0.00235
                  y  -0.00189 -0.00006  0.00127  0.00447  0.00003 -0.00081
                  z   0.00015  0.03441 -0.02377 -0.01781  0.00002 -0.00176
 22   n           x   0.00856  0.07801 -0.05400 -0.00376  0.00027 -0.00207
                  y   0.00025 -0.10916  0.07739  0.05272 -0.00061  0.00106
                  z   0.00557  0.02621 -0.01801  0.00876  0.00010 -0.00096
 23   h           x  -0.02691  0.12283 -0.08424 -0.13094 -0.00024  0.01403
                  y   0.02808 -0.15518  0.10575  0.15858  0.00085 -0.01289
                  z  -0.00973  0.04353 -0.03023 -0.04601  0.00005  0.00589
 24   h           x   0.00744  0.08472 -0.05844 -0.00595  0.00030 -0.00200
                  y  -0.03860 -0.30372  0.20516  0.09682  0.00123 -0.00914
                  z  -0.00317 -0.01108  0.00640  0.01701  0.00049 -0.00307
 25   h           x   0.00650  0.05171 -0.03537  0.01212  0.00039 -0.00204
                  y   0.16575 -0.20836  0.13244  0.49391  0.00522 -0.01234
                  z   0.03750 -0.00892  0.00382  0.10422  0.00132 -0.00376
 26   h           x   0.18404  0.18109 -0.12880 -0.52211 -0.00376 -0.00581
                  y  -0.11599 -0.15416  0.10890  0.38878  0.00286 -0.00206
                  z   0.08543  0.06775 -0.04882 -0.22756 -0.00164 -0.00406
 27   h           x  -0.14887  0.13438 -0.08354 -0.29625 -0.00252 -0.02327
                  y  -0.08547  0.14047 -0.08914 -0.11682 -0.00085 -0.01553
                  z  -0.13017  0.12268 -0.07616 -0.24656 -0.00214 -0.02069

reduced mass(g/mol)     1.143    7.349    7.124    1.631    1.688    2.575


       mode              61       62       63       64       65       66

     frequency        1458.57  1547.11  1548.65  1596.84  1600.25  1651.27

     symmetry            a        a        a        a        a        a   

        IR               YES      YES      YES      YES      YES      YES
|dDIP/dQ|   (a.u.)     0.0057   0.0018   0.0069   0.0135   0.0067   0.0126
intensity (km/mol)      56.78     5.96    85.35   323.30    79.17   280.69
intensity (  %   )       6.51     0.68     9.79    37.08     9.08    32.20
 
       RAMAN             YES      YES      YES      YES      YES      YES
 
  1   ag          x  -0.00013 -0.00007  0.00055  0.00039 -0.00023 -0.00002
                  y  -0.00071  0.00014 -0.00041  0.00095 -0.00050 -0.00018
                  z  -0.00024 -0.00001  0.00026  0.00044 -0.00031 -0.00006
  2   n           x   0.00650  0.01891  0.03020 -0.04070  0.12679  0.02544
                  y   0.00361 -0.01949 -0.02605 -0.04213  0.12398 -0.01949
                  z   0.00521  0.00754  0.01327 -0.03530  0.10911  0.01161
  3   c           x  -0.00063  0.00520 -0.00208 -0.03630  0.08631  0.01730
                  y   0.00552  0.02364  0.03012  0.02915 -0.09777  0.02455
                  z   0.00087  0.00833  0.00519 -0.01621  0.03296  0.01620
  4   n           x   0.00105 -0.04922 -0.07092 -0.05552  0.16281 -0.00299
                  y  -0.00230  0.00279  0.00567 -0.02938  0.09007  0.00589
                  z   0.00016 -0.03060 -0.04377 -0.04135  0.12211 -0.00068
  5   c           x  -0.00124  0.10368  0.14657  0.09249 -0.26751  0.05153
                  y   0.00813 -0.08547 -0.12495  0.08783 -0.28839 -0.10758
                  z   0.00095  0.04702  0.06551  0.07756 -0.23231  0.00898
  6   c           x  -0.00180  0.01260  0.02054 -0.00426  0.02600  0.04614
                  y   0.00263  0.02040  0.02851 -0.09475  0.27224 -0.03408
                  z  -0.00062  0.01234  0.01903 -0.02325  0.07524  0.02173
  7   c           x  -0.00344 -0.05985 -0.09056  0.03020 -0.10999 -0.09174
                  y  -0.00576  0.02840  0.04249  0.04478 -0.11524  0.06256
                  z  -0.00337 -0.03123 -0.04738  0.02906 -0.09478 -0.04403
  8   o           x  -0.00181 -0.00200  0.00285  0.03464 -0.09131 -0.01758
                  y  -0.00219 -0.00637 -0.00900  0.00263 -0.00344 -0.00637
                  z  -0.00146 -0.00261 -0.00007  0.02259 -0.05780 -0.01237
  9   n           x   0.00120 -0.01512 -0.01986 -0.02118  0.05214 -0.07854
                  y  -0.00413  0.01658  0.02225 -0.00379  0.03092  0.11830
                  z  -0.00025 -0.00573 -0.00753 -0.01450  0.03936 -0.02411
 10   h           x   0.00867 -0.24624 -0.37030  0.13329 -0.36615  0.46305
                  y  -0.00723  0.11419  0.17101 -0.06468  0.19973 -0.10273
                  z   0.00360 -0.12462 -0.18767  0.06616 -0.17848  0.25805
 11   h           x  -0.00048 -0.08344 -0.12169 -0.02098  0.06951  0.06275
                  y   0.00453  0.34785  0.51592  0.00585 -0.08823 -0.61541
                  z   0.00029  0.01452  0.02263 -0.01256  0.02717 -0.07754
 12   h           x   0.00195  0.06201  0.09142 -0.05108  0.16216  0.04676
                  y  -0.01614 -0.15551 -0.22182  0.09304 -0.25917  0.00978
                  z  -0.00189  0.00944  0.01519 -0.01613  0.05708  0.03118
 13   h           x  -0.00235  0.14950  0.21949 -0.02927  0.12176  0.14366
                  y  -0.00735 -0.03288 -0.04801  0.07337 -0.21341  0.00026
                  z  -0.00297  0.08221  0.12076 -0.00131  0.02639  0.08649
 14   h           x  -0.01757  0.04174  0.05407  0.04273 -0.11871  0.06353
                  y  -0.02485  0.00149 -0.00635  0.06101 -0.17754  0.01795
                  z  -0.01923  0.02894  0.03518  0.04875 -0.13700  0.04725
 15   n           x  -0.15592 -0.02717  0.01941 -0.16476 -0.05857  0.01482
                  y  -0.02153  0.03048 -0.02020 -0.07196 -0.02410 -0.01334
                  z  -0.10730 -0.01029  0.00768 -0.12175 -0.04316  0.00634
 16   c           x  -0.02452 -0.00950  0.00324 -0.05200 -0.01497  0.00791
                  y  -0.11731 -0.02493  0.01528  0.10186  0.03713  0.00765
                  z  -0.04031 -0.01148  0.00544 -0.00975 -0.00136  0.00661
 17   n           x   0.03927  0.06599 -0.04445 -0.18433 -0.06286  0.00152
                  y   0.07068 -0.02867  0.02162 -0.02297 -0.01018  0.00514
                  z   0.03999  0.03546 -0.02341 -0.12114 -0.04182  0.00209
 18   c           x  -0.10152 -0.11453  0.07399  0.33050  0.11510  0.00983
                  y  -0.12645  0.16703 -0.11238  0.14945  0.06264 -0.07159
                  z  -0.09173 -0.03628  0.02239  0.24227  0.08692 -0.00911
 19   c           x   0.02609 -0.02713  0.01984 -0.08316 -0.03252  0.02293
                  y  -0.02922 -0.01611  0.00953 -0.23885 -0.08028 -0.02692
                  z   0.01073 -0.02115  0.01489 -0.10487 -0.03791  0.00896
 20   c           x   0.10029  0.07913 -0.05524  0.13449  0.05159 -0.04502
                  y   0.06382 -0.06813  0.04793  0.08407  0.02236  0.05159
                  z   0.07676  0.03489 -0.02434  0.10318  0.03744 -0.01723
 21   o           x   0.05242  0.00323  0.00009  0.08685  0.02830 -0.00828
                  y   0.02178  0.00864 -0.00608 -0.02407 -0.00837 -0.00034
                  z   0.03720  0.00391 -0.00125  0.04919  0.01541 -0.00528
 22   n           x   0.02465  0.01437 -0.00858 -0.06015 -0.01880 -0.02643
                  y   0.03920 -0.03021  0.01841  0.00049 -0.00798  0.07686
                  z   0.02421  0.00297 -0.00179 -0.03829 -0.01323 -0.00008
 23   h           x  -0.22264  0.33674 -0.23365  0.30565  0.09251  0.23044
                  y   0.23698 -0.28733  0.19981 -0.29107 -0.09885 -0.12201
                  z  -0.08509  0.14540 -0.10085  0.12546  0.03614  0.11591
 24   h           x   0.01855  0.00344 -0.00095 -0.05018 -0.01434 -0.04155
                  y  -0.00582 -0.53539  0.36668  0.08828  0.05856 -0.32289
                  z   0.01167 -0.11110  0.07688 -0.01404  0.00360 -0.09420
 25   h           x   0.03949 -0.03835  0.02775 -0.08832 -0.03550  0.02990
                  y   0.30861  0.23575 -0.15596  0.29930  0.10145 -0.00353
                  z   0.08912  0.02479 -0.01503  0.00465 -0.00146  0.01801
 26   h           x   0.09099 -0.17339  0.11989 -0.02773 -0.01974  0.07424
                  y   0.09382  0.09745 -0.06664  0.22628  0.08076 -0.02245
                  z   0.07797 -0.08300  0.05750  0.03487  0.00643  0.04019
 27   h           x   0.53121 -0.04774  0.03161  0.22475  0.07245  0.03486
                  y   0.36032  0.02506 -0.01726  0.15675  0.05257 -0.00495
                  z   0.46945 -0.02646  0.01727  0.20097  0.06507  0.02228

reduced mass(g/mol)     2.490    2.114    2.090    6.529    6.832    1.893


       mode              67       68       69       70       71       72

     frequency        1652.99  1712.70  1719.53  1771.75  1797.70  3264.28

     symmetry            a        a        a        a        a        a   

        IR               YES      YES      YES      YES      YES      YES
|dDIP/dQ|   (a.u.)     0.0040   0.0067   0.0221   0.0165   0.0197   0.0012
intensity (km/mol)      29.06    78.72   871.81   482.40   690.27     2.73
intensity (  %   )       3.33     9.03   100.00    55.33    79.18     0.31
 
       RAMAN             YES      YES      YES      YES      YES      YES
 
  1   ag          x   0.00007  0.00019  0.00029 -0.00108 -0.00151  0.00000
                  y   0.00004  0.00003 -0.00038  0.00047  0.00083  0.00000
                  z   0.00005  0.00013  0.00009 -0.00062 -0.00075  0.00000
  2   n           x   0.01056 -0.06712 -0.03418  0.10199  0.01857  0.00000
                  y  -0.01255  0.04177  0.03787  0.07549  0.00950 -0.00000
                  z   0.00378 -0.03309 -0.01288  0.08225  0.01370  0.00001
  3   c           x   0.01720  0.07795 -0.01805 -0.56801 -0.08173  0.00000
                  y   0.01772 -0.07259 -0.06893 -0.11496 -0.01118  0.00000
                  z   0.01463  0.03327 -0.02608 -0.38156 -0.05401  0.00001
  4   n           x  -0.00557 -0.09858 -0.06490  0.07373  0.02335 -0.00000
                  y   0.00109  0.04133  0.03389  0.00867 -0.00397  0.00000
                  z  -0.00334 -0.05338 -0.03362  0.04891  0.01402 -0.00000
  5   c           x   0.03427  0.16147  0.12468  0.02972 -0.01710  0.00002
                  y  -0.05421 -0.12616 -0.11244 -0.10434  0.00226 -0.00001
                  z   0.00976  0.07482  0.05441 -0.00420 -0.01011  0.00001
  6   c           x   0.02212 -0.16318 -0.11405 -0.00464  0.00898  0.00000
                  y  -0.01899  0.25004  0.18182  0.04179 -0.00983 -0.00000
                  z   0.00981 -0.04935 -0.03301  0.00579  0.00374  0.00000
  7   c           x  -0.04530  0.24828  0.16865 -0.02855 -0.01755  0.00001
                  y   0.03248 -0.18067 -0.12583 -0.01230  0.00691 -0.00000
                  z  -0.02142  0.11641  0.07851 -0.02058 -0.00958  0.00001
  8   o           x  -0.01349 -0.02637  0.02316  0.32211  0.04470 -0.00000
                  y  -0.00530  0.00443  0.01056  0.05326  0.00717 -0.00000
                  z  -0.00960 -0.01576  0.01687  0.21395  0.02922  0.00001
  9   n           x  -0.04487 -0.06240 -0.05305 -0.03450  0.00495  0.00000
                  y   0.06519  0.06491  0.05879  0.05104 -0.00276 -0.00001
                  z  -0.01430 -0.02540 -0.02098 -0.01115  0.00300 -0.00001
 10   h           x   0.27084  0.22273  0.18104  0.08190 -0.02653  0.00006
                  y  -0.06476 -0.06079 -0.03965  0.01331  0.00581  0.00010
                  z   0.14997  0.12167  0.10073  0.05166 -0.01442  0.00005
 11   h           x   0.03427 -0.00891 -0.00714 -0.00489  0.00170 -0.00005
                  y  -0.34460 -0.19491 -0.17408 -0.13871  0.01107 -0.00002
                  z  -0.04403 -0.04264 -0.03775 -0.02979  0.00386 -0.00004
 12   h           x   0.02246 -0.06325 -0.03979  0.02067  0.00502  0.00003
                  y   0.00249 -0.28096 -0.20713 -0.06717  0.01146 -0.00000
                  z   0.01449 -0.09161 -0.06341 -0.00028  0.00563  0.00002
 13   h           x   0.07118 -0.33914 -0.23403 -0.01537  0.01375  0.00000
                  y   0.00176 -0.03599 -0.02692 -0.01845 -0.00126 -0.00002
                  z   0.04318 -0.21271 -0.14715 -0.01334  0.00794  0.00000
 14   h           x   0.03642 -0.09958 -0.09950 -0.24520 -0.02860  0.00000
                  y   0.01316  0.00678 -0.03514 -0.32278 -0.04538  0.00000
                  z   0.02801 -0.06428 -0.07561 -0.25084 -0.03183  0.00001
 15   n           x  -0.02095  0.03696 -0.04332 -0.00423  0.11428 -0.00122
                  y   0.02400 -0.04452  0.05919 -0.01178  0.02621 -0.00099
                  z  -0.00773  0.01341 -0.01406 -0.00559  0.07941 -0.00098
 16   c           x  -0.02265 -0.02602 -0.00220  0.07663 -0.61842 -0.00070
                  y  -0.01540  0.06456 -0.08251  0.00279  0.09874 -0.00092
                  z  -0.01752 -0.00237 -0.01920  0.04854 -0.36724 -0.00065
 17   n           x   0.00345  0.05852 -0.08001  0.01464  0.08185 -0.00011
                  y  -0.00798 -0.05069  0.07322 -0.01687 -0.02734  0.00003
                  z   0.00047  0.02611 -0.03475  0.00553  0.04670 -0.00007
 18   c           x  -0.02814 -0.08952  0.12832 -0.04089 -0.00683  0.00031
                  y   0.12273  0.12128 -0.18400  0.06475 -0.07616  0.00038
                  z   0.00852 -0.03064  0.04183 -0.01171 -0.02103  0.00029
 19   c           x  -0.03523  0.07327 -0.09561  0.01637  0.00887 -0.01441
                  y   0.04551 -0.21266  0.28445 -0.05560  0.01704 -0.00267
                  z  -0.01277  0.00111  0.00019 -0.00120  0.00900 -0.00968
 20   c           x   0.07186 -0.14448  0.18839 -0.02973 -0.03654  0.03046
                  y  -0.08512  0.18569 -0.24174  0.03875  0.01090  0.07301
                  z   0.02699 -0.05110  0.06683 -0.01036 -0.02062  0.03521
 21   o           x   0.01908  0.00911  0.01052 -0.04705  0.35708  0.00019
                  y   0.00085 -0.00754  0.00660  0.00647 -0.05725  0.00009
                  z   0.01215  0.00414  0.00786 -0.02844  0.21155  0.00013
 22   n           x   0.04911  0.03091 -0.04820  0.02025 -0.01428 -0.00004
                  y  -0.13786 -0.05803  0.09006 -0.03154  0.04171 -0.00006
                  z   0.00133  0.00721 -0.01119  0.00657 -0.00052 -0.00003
 23   h           x  -0.43119 -0.13369  0.20982 -0.08660  0.04424  0.00083
                  y   0.23900  0.08845 -0.12228  0.02241  0.00667  0.00089
                  z  -0.21449 -0.06330  0.10308 -0.04819  0.02825  0.00073
 24   h           x   0.07608  0.03515 -0.05643  0.02516 -0.02578 -0.00073
                  y   0.58484  0.12035 -0.18747  0.05529 -0.07965 -0.00037
                  z   0.17135  0.04773 -0.07517  0.02818 -0.03321 -0.00053
 25   h           x  -0.04641  0.09428 -0.12295  0.02066  0.00915  0.18619
                  y   0.00847  0.18125 -0.24763  0.05849 -0.04226 -0.02173
                  z  -0.02717  0.09607 -0.12748  0.02554 -0.00366  0.11271
 26   h           x  -0.11995  0.23238 -0.30112  0.04823 -0.00348 -0.35661
                  y   0.03373 -0.03864  0.04958 -0.00751 -0.01057 -0.80934
                  z  -0.06541  0.13327 -0.17272  0.02792 -0.00463 -0.40249
 27   h           x  -0.06370  0.08560 -0.12826  0.05973 -0.32320 -0.00095
                  y   0.00569 -0.01855  0.01443  0.02159 -0.21256  0.01186
                  z  -0.04174  0.05313 -0.08307  0.04552 -0.27217  0.00196

reduced mass(g/mol)     1.877    5.972    5.817    9.501   10.126    1.094


       mode              73       74       75       76       77       78

     frequency        3286.97  3299.08  3311.64  3502.59  3582.69  3599.83

     symmetry            a        a        a        a        a        a   

        IR               YES      YES      YES      YES      YES      YES
|dDIP/dQ|   (a.u.)     0.0019   0.0019   0.0017   0.0128   0.0113   0.0082
intensity (km/mol)       6.75     6.74     4.90   293.17   225.76   118.71
intensity (  %   )       0.77     0.77     0.56    33.63    25.90    13.62
 
       RAMAN             YES      YES      YES      YES      YES      YES
 
  1   ag          x  -0.00000  0.00000  0.00000 -0.00001  0.00000  0.00001
                  y   0.00000 -0.00000  0.00000 -0.00007 -0.00000  0.00005
                  z  -0.00000 -0.00000  0.00000 -0.00002  0.00000  0.00002
  2   n           x  -0.00044 -0.00000 -0.00103 -0.00083  0.04623 -0.00653
                  y   0.00029 -0.00000 -0.00162  0.00010 -0.05432  0.00722
                  z  -0.00020  0.00001 -0.00099 -0.00050  0.01726 -0.00254
  3   c           x   0.00015 -0.00001 -0.00039  0.00171  0.00048  0.00063
                  y   0.00069 -0.00001 -0.00090 -0.00005  0.00093 -0.00042
                  z   0.00025  0.00000 -0.00045  0.00107  0.00051  0.00031
  4   n           x  -0.00030  0.00000 -0.00031 -0.00055 -0.00026 -0.00137
                  y  -0.00017  0.00001 -0.00009  0.00025  0.00039  0.00024
                  z  -0.00023 -0.00000 -0.00022 -0.00030 -0.00007 -0.00081
  5   c           x  -0.00042  0.00001  0.00004  0.00031 -0.00034 -0.00085
                  y  -0.00314 -0.00001 -0.00129 -0.00004 -0.00084  0.00126
                  z  -0.00095 -0.00001 -0.00024  0.00018 -0.00040 -0.00027
  6   c           x   0.06851 -0.00000  0.02548 -0.00017 -0.00092  0.00000
                  y   0.01357  0.00001 -0.00028  0.00005  0.00152  0.00109
                  z   0.04616 -0.00001  0.01597 -0.00011 -0.00025  0.00022
  7   c           x  -0.00581  0.00000  0.00830  0.00027 -0.00154  0.00079
                  y  -0.02270  0.00001  0.08237  0.00001 -0.00150 -0.00017
                  z  -0.00860  0.00000  0.02303  0.00017 -0.00131  0.00045
  8   o           x  -0.00016 -0.00001  0.00008 -0.00097  0.00030 -0.00030
                  y  -0.00012 -0.00000  0.00009 -0.00009 -0.00005 -0.00007
                  z  -0.00011  0.00001  0.00006 -0.00063  0.00017 -0.00020
  9   n           x  -0.00008  0.00001 -0.00007  0.00020  0.00377  0.02896
                  y   0.00040 -0.00001  0.00017 -0.00049 -0.00580 -0.04557
                  z   0.00002 -0.00002 -0.00001  0.00000  0.00112  0.00833
 10   h           x  -0.00177  0.00005 -0.00046  0.00223  0.02162  0.15965
                  y  -0.00073  0.00018  0.00052  0.00874  0.09374  0.68655
                  z  -0.00130  0.00004 -0.00019  0.00328  0.03390  0.24909
 11   h           x   0.00129 -0.00001  0.00005 -0.00618 -0.07360 -0.53622
                  y   0.00248  0.00000  0.00079 -0.00101 -0.01152 -0.08346
                  z   0.00132 -0.00004  0.00021 -0.00412 -0.04877 -0.35539
 12   h           x  -0.77390  0.00004 -0.24965  0.00081 -0.00025 -0.00218
                  y  -0.15827  0.00001 -0.04785  0.00023  0.00028 -0.00003
                  z  -0.52243  0.00001 -0.16793  0.00055 -0.00009 -0.00138
 13   h           x   0.04325 -0.00002 -0.12383 -0.00034  0.00265 -0.00009
                  y   0.29220 -0.00011 -0.89942 -0.00060  0.01218 -0.00118
                  z   0.09040 -0.00003 -0.27268 -0.00035  0.00429 -0.00031
 14   h           x   0.00136 -0.00005 -0.00635  0.00517 -0.61896  0.08175
                  y  -0.00344  0.00004  0.01395 -0.00530  0.73499 -0.09717
                  z   0.00013 -0.00000 -0.00089  0.00212 -0.22949  0.03029
 15   n           x   0.00000  0.00107 -0.00000 -0.00008  0.00008  0.00007
                  y   0.00001  0.00017 -0.00000  0.00114 -0.00007  0.00008
                  z  -0.00000  0.00069  0.00001  0.00019  0.00004  0.00006
 16   c           x  -0.00001  0.00007  0.00000 -0.00080 -0.00008 -0.00030
                  y   0.00001 -0.00015  0.00001  0.00048 -0.00001  0.00010
                  z  -0.00001  0.00000  0.00001 -0.00041 -0.00005 -0.00016
 17   n           x   0.00001  0.00046 -0.00001  0.00136  0.00006  0.00011
                  y  -0.00001  0.00003 -0.00000 -0.00064 -0.00002 -0.00010
                  z   0.00000  0.00029 -0.00000  0.00073  0.00004  0.00005
 18   c           x  -0.00002  0.00105  0.00001  0.00015 -0.00006 -0.00008
                  y   0.00003  0.00301 -0.00001 -0.00097  0.00002  0.00010
                  z   0.00000  0.00133  0.00001 -0.00011 -0.00004 -0.00002
 19   c           x  -0.00001 -0.07426  0.00001 -0.00010  0.00002  0.00003
                  y  -0.00001  0.01292 -0.00000 -0.00164 -0.00001 -0.00004
                  z   0.00000 -0.04405  0.00001 -0.00040  0.00001  0.00003
 20   c           x  -0.00001 -0.00467  0.00000 -0.00062 -0.00002 -0.00006
                  y   0.00001 -0.02078 -0.00000  0.00065  0.00001  0.00001
                  z  -0.00000 -0.00742  0.00001 -0.00024 -0.00001 -0.00002
 21   o           x   0.00001  0.00010 -0.00000  0.00035  0.00005  0.00017
                  y   0.00000  0.00002 -0.00000 -0.00002  0.00001 -0.00002
                  z  -0.00001  0.00005  0.00001  0.00021  0.00004  0.00010
 22   n           x   0.00002 -0.00002 -0.00000  0.00605 -0.00019  0.00017
                  y   0.00008 -0.00046 -0.00001  0.05908  0.00029 -0.00078
                  z   0.00005 -0.00009 -0.00001  0.01691 -0.00006 -0.00005
 23   h           x  -0.00061  0.00194  0.00014 -0.40127 -0.00227  0.00464
                  y  -0.00100 -0.00003  0.00017 -0.73043 -0.00355  0.00878
                  z  -0.00058  0.00127  0.00012 -0.41461 -0.00223  0.00488
 24   h           x   0.00023 -0.00155 -0.00008  0.30597  0.00476 -0.00630
                  y  -0.00004 -0.00209  0.00001 -0.05231 -0.00064  0.00110
                  z   0.00016 -0.00141 -0.00005  0.18106  0.00284 -0.00370
 25   h           x   0.00007  0.82805 -0.00008  0.00220 -0.00003 -0.00015
                  y  -0.00000 -0.11072  0.00000 -0.00039  0.00003  0.00002
                  z   0.00006  0.49841 -0.00005  0.00132 -0.00002 -0.00007
 26   h           x  -0.00001  0.07565 -0.00001 -0.00043  0.00001  0.00007
                  y  -0.00001  0.17937 -0.00002 -0.00076  0.00000  0.00005
                  z  -0.00000  0.08717  0.00000 -0.00044  0.00001  0.00007
 27   h           x   0.00003  0.00053  0.00001  0.00836 -0.00061  0.00028
                  y  -0.00006 -0.00367 -0.00003 -0.01740  0.00123 -0.00087
                  z  -0.00001 -0.00051  0.00001  0.00159 -0.00012 -0.00000

reduced mass(g/mol)     1.092    1.098    1.099    1.058    1.079    1.048


       mode              79       80       81

     frequency        3630.46  3708.15  3736.28

     symmetry            a        a        a   

        IR               YES      YES      YES
|dDIP/dQ|   (a.u.)     0.0100   0.0098   0.0087
intensity (km/mol)     176.38   170.92   133.70
intensity (  %   )      20.23    19.61    15.34
 
       RAMAN             YES      YES      YES
 
  1   ag          x   0.00000 -0.00001 -0.00000
                  y   0.00001  0.00001  0.00002
                  z   0.00000 -0.00001  0.00000
  2   n           x   0.00005 -0.00005 -0.00006
                  y  -0.00011  0.00033 -0.00011
                  z   0.00002  0.00006 -0.00008
  3   c           x   0.00003 -0.00052  0.00008
                  y   0.00004 -0.00004  0.00024
                  z   0.00004 -0.00032  0.00009
  4   n           x  -0.00004  0.00018  0.00036
                  y  -0.00000 -0.00006 -0.00023
                  z  -0.00002  0.00010  0.00018
  5   c           x   0.00006 -0.00013 -0.00011
                  y  -0.00001  0.00000 -0.00110
                  z   0.00003 -0.00010 -0.00026
  6   c           x  -0.00002  0.00005 -0.00007
                  y  -0.00000  0.00002  0.00048
                  z  -0.00001  0.00002  0.00007
  7   c           x  -0.00000 -0.00005  0.00009
                  y   0.00000  0.00001 -0.00003
                  z   0.00000 -0.00003  0.00004
  8   o           x  -0.00003  0.00027 -0.00002
                  y  -0.00003  0.00006 -0.00008
                  z  -0.00002  0.00021 -0.00005
  9   n           x   0.00006 -0.00026 -0.05492
                  y   0.00017 -0.00051 -0.04923
                  z   0.00007 -0.00031 -0.04516
 10   h           x  -0.00025  0.00123  0.13331
                  y  -0.00186  0.00620  0.59934
                  z  -0.00057  0.00208  0.21344
 11   h           x  -0.00073  0.00314  0.62501
                  y  -0.00017  0.00051  0.09331
                  z  -0.00050  0.00204  0.41302
 12   h           x   0.00003 -0.00014  0.00053
                  y  -0.00001 -0.00002 -0.00008
                  z   0.00001 -0.00011  0.00032
 13   h           x  -0.00001  0.00008  0.00005
                  y   0.00004 -0.00001  0.00015
                  z   0.00001  0.00005  0.00006
 14   h           x  -0.00100  0.00238 -0.00035
                  y   0.00121 -0.00305  0.00036
                  z  -0.00035  0.00085 -0.00016
 15   n           x  -0.03204  0.00026  0.00001
                  y   0.06644 -0.00063  0.00017
                  z  -0.00615  0.00002  0.00005
 16   c           x  -0.00065 -0.00001 -0.00021
                  y  -0.00067  0.00032  0.00001
                  z  -0.00057  0.00004 -0.00012
 17   n           x  -0.00006  0.00065  0.00010
                  y  -0.00032 -0.00053 -0.00005
                  z  -0.00011  0.00030  0.00005
 18   c           x   0.00049  0.00000 -0.00009
                  y   0.00083 -0.00142  0.00005
                  z   0.00050 -0.00025 -0.00006
 19   c           x   0.00054 -0.00004  0.00004
                  y  -0.00150  0.00012 -0.00001
                  z   0.00003  0.00003  0.00001
 20   c           x   0.00188 -0.00004 -0.00001
                  y   0.00052  0.00007  0.00000
                  z   0.00129 -0.00001 -0.00001
 21   o           x  -0.00026  0.00003  0.00011
                  y   0.00014 -0.00006  0.00001
                  z  -0.00015 -0.00002  0.00009
 22   n           x  -0.00058 -0.06829  0.00053
                  y  -0.00162 -0.00821 -0.00003
                  z  -0.00071 -0.04478  0.00031
 23   h           x   0.00897  0.14025 -0.00093
                  y   0.01601  0.26879 -0.00123
                  z   0.00921  0.14781 -0.00088
 24   h           x   0.00066  0.79853 -0.00600
                  y  -0.00005 -0.13589  0.00110
                  z   0.00041  0.47248 -0.00356
 25   h           x  -0.00003  0.00093 -0.00007
                  y  -0.00027 -0.00050  0.00004
                  z  -0.00006  0.00049 -0.00005
 26   h           x  -0.00442 -0.00003  0.00003
                  y  -0.00759  0.00014 -0.00003
                  z  -0.00447  0.00001  0.00001
 27   h           x   0.42654 -0.00347  0.00082
                  y  -0.89766  0.00729 -0.00188
                  z   0.07907 -0.00067  0.00013

reduced mass(g/mol)     1.079    1.096    1.105
 

 <geterg> : there is no data group $energy 


         **************************************************************
         *                                                            *
         *  zero point VIBRATIONAL energy  :      0.1993543  Hartree  *
         *                                                            *
         **************************************************************




 time elapsed for vibrational analysis     0.05 sec


    ------------------------------------------------------------------------
         total  cpu-time :   0.08 seconds
         total wall-time :   0.10 seconds
    ------------------------------------------------------------------------

   ****  force : all done  ****


    2023-12-07 16:02:28.592 

