$symmetry    c1
$atoms
o 8,21 \
   cbas = o def2-TZVP                     \
   basis = o def2-TZVP
ag 1 \
   cbas = ag def2-TZVPP                     \
   basis = ag def2-TZVPP                     \
   ecp = ag def2-ecp
n 2,4,9,15,17,22 \
   cbas = n def2-TZVP                     \
   basis = n def2-TZVP
h 10-14,23-27 \
   cbas = h def2-SVP                     \
   basis = h def2-SVP
c 3,5-7,16,18-20 \
   cbas = c def2-TZVP                     \
   basis = c def2-TZVP
$denconv 1d-07
#
# NumForce insertion:
#
$scfconv 7
$drvopt
   frequency analysis only nofreeze
$hessian  file=hessian
$dipgrad  file=dipgrad
$grad  file=gradient
$vibrational normal modes
 1  1   0.0027893803   0.0068036540   0.0371162498   0.0813370129   0.0587673231
 1  2  -0.0724452723   0.0819697597  -0.0859090692   0.0686991946  -0.0064477022
 1  3   0.0445455544  -0.0221616095  -0.0960679905   0.0136833566  -0.0044240471
 1  4   0.1094612295   0.0142215238   0.0974390500   0.0013231568   0.0270419277
 1  5  -0.1082208057  -0.0045291103   0.0112994013  -0.0038045129   0.0014978631
 1  6  -0.0012686597  -0.0014464577   0.0014214975   0.0011544260   0.0005041823
 1  7   0.0004235324  -0.0036922858   0.0132610906   0.0016977697  -0.0010027989
 1  8   0.0001722066   0.0000900759  -0.0005220288   0.0008343022  -0.0000788968
 1  9   0.0002795530   0.0016566888  -0.0041658681  -0.0000325694  -0.0000006126
 1 10  -0.0006725595  -0.0005654036   0.0006300437   0.0051017741  -0.0011751891
 1 11   0.0013932645   0.0004074091  -0.0005483138  -0.0000661129   0.0002796784
 1 12  -0.0001178420  -0.0007098863   0.0000303307   0.0000815703   0.0001549642
 1 13  -0.0001288617  -0.0000730753   0.0005485251   0.0003911601  -0.0002284500
 1 14  -0.0000231961   0.0000741153   0.0001884078   0.0002939808  -0.0010791009
 1 15  -0.0015132960   0.0000028706  -0.0000002727   0.0000016816   0.0000014444
 1 16  -0.0000061981   0.0000000015   0.0000090138   0.0000021645  -0.0000072370
 1 17  -0.0000034741
 2  1  -0.0010796662  -0.0001517223  -0.0381520975  -0.0494567049  -0.0044409544
 2  2  -0.0627589728   0.1154801798   0.1163329646  -0.0278437957   0.0008437127
 2  3   0.0266963808  -0.0052044171  -0.0226998770  -0.0202813389   0.0094357123
 2  4  -0.0843513139  -0.0012208863  -0.0677452818   0.0002021290   0.0019200868
 2  5  -0.2145024909  -0.0112641920   0.0319538805  -0.0148379560  -0.0025409273
 2  6  -0.0012157925  -0.0011492152   0.0017874513   0.0024615313  -0.0038458175
 2  7  -0.0113909932  -0.0097008329   0.0240212847   0.0039168553  -0.0016338666
 2  8  -0.0000061973  -0.0001921092  -0.0000051843   0.0003186023  -0.0002198871
 2  9   0.0001254020   0.0024231880  -0.0125630097  -0.0002934541   0.0005624215
 2 10  -0.0018220893  -0.0030490538   0.0028905952   0.0117464959  -0.0007946303
 2 11   0.0016180697   0.0006642245   0.0002896576   0.0001827648  -0.0001364285
 2 12  -0.0006368897  -0.0009456672  -0.0002952249  -0.0001379857   0.0006581432
 2 13  -0.0007069810   0.0001431589  -0.0004071876   0.0009534538  -0.0004960335
 2 14  -0.0001757897   0.0000398795   0.0000334026  -0.0003802651   0.0004741667
 2 15   0.0008254609   0.0000006147   0.0000027623  -0.0000010675   0.0000013470
 2 16  -0.0000655568  -0.0000039305   0.0000458329   0.0000074638   0.0000117713
 2 17   0.0000182738
 3  1  -0.0044675950  -0.0080202426   0.0344604331   0.0238391762   0.0080872575
 3  2   0.1102754645   0.0955818916  -0.0352446076  -0.0245181907   0.0825938726
 3  3  -0.0893509620   0.0293903119   0.1313824442   0.0033422740  -0.0109920981
 3  4   0.0622561045  -0.0135298764   0.0453197335  -0.0029149525  -0.0516113344
 3  5  -0.1120126753  -0.0049396558   0.0124038676  -0.0085568402  -0.0055007495
 3  6   0.0013296817   0.0017923836   0.0005935446   0.0006648074  -0.0005451407
 3  7  -0.0026319568  -0.0044444430   0.0137881772   0.0019365175  -0.0007801733
 3  8  -0.0001997898  -0.0004250059   0.0010841761  -0.0013233573  -0.0004261933
 3  9  -0.0006717913   0.0014744199  -0.0053694403  -0.0001020408   0.0001085551
 3 10  -0.0008145024  -0.0010517108   0.0010280344   0.0057945468  -0.0009230152
 3 11   0.0012672920   0.0003874604  -0.0002947104  -0.0000098827   0.0001275974
 3 12  -0.0001894472  -0.0006374985  -0.0000447706   0.0000121984   0.0002222027
 3 13  -0.0002420836  -0.0000072976   0.0002557522   0.0004370696  -0.0003062785
 3 14  -0.0000595238   0.0000544107   0.0001318391   0.0000860597  -0.0006248475
 3 15  -0.0007529426   0.0000008930  -0.0000008634  -0.0000029666   0.0000023864
 3 16  -0.0000193697   0.0000002504   0.0000150067   0.0000024689  -0.0000062646
 3 17   0.0000023736
 4  1   0.0036532812   0.0067616750  -0.1231176184  -0.1076185712   0.1903122661
 4  2   0.0107878966  -0.0023731331   0.0516193675   0.1669555381   0.0606755922
 4  3  -0.0935543471   0.0001251399  -0.0434778497  -0.0315608265  -0.1130129405
 4  4  -0.0438461890  -0.0783494472   0.0540956258   0.0579669917   0.0361103451
 4  5   0.0714182503  -0.0168200224   0.0418683006   0.0743161685   0.0243555713
 4  6  -0.0214217457  -0.0039387037  -0.0164333491   0.1518810148  -0.0854878886
 4  7  -0.0437595316  -0.0899493790   0.0411440501  -0.0224013312  -0.0000799219
 4  8  -0.0054026131   0.0000229112  -0.0099603706  -0.1132890159  -0.0010950325
 4  9  -0.0149806182  -0.0665651020  -0.0998486854  -0.0004291941  -0.0146788141
 4 10  -0.0067567511   0.0224543250  -0.1564930567  -0.0919757701   0.0311525936
 4 11   0.1021953494  -0.0274517824   0.0531743281  -0.0062967360  -0.0155806914
 4 12  -0.0278528953  -0.0399921588  -0.0005638271   0.0511229384   0.1436838657
 4 13   0.0065033993   0.0189097197   0.0302043262  -0.0406952884   0.1267939935
 4 14   0.0254359244   0.0105555724  -0.0671180620  -0.0341815311   0.1019911596
 4 15   0.0185726087   0.0000001005  -0.0004354598  -0.0000048180  -0.0010284898
 4 16  -0.0008337058   0.0462348340  -0.0065260297   0.0000507384  -0.0000502237
 4 17  -0.0000625751
 5  1  -0.0012409680   0.0038963493  -0.0386397859  -0.0285604620  -0.0067443188
 5  2  -0.0906040801   0.0965947797   0.1175775553  -0.0318812271   0.0610843060
 5  3  -0.0331378717  -0.0025257721  -0.0152796684  -0.0769178018  -0.0300500532
 5  4  -0.0146565107  -0.0375099228   0.1988199589   0.0186701226   0.0171040597
 5  5   0.0903060584   0.0587301039  -0.0095338891   0.0440324276   0.0130209396
 5  6   0.0021391433  -0.0006507454  -0.0027903611  -0.0649673995   0.2754928144
 5  7   0.1607526298   0.0128773879  -0.0181814496  -0.0284514024   0.0013096157
 5  8  -0.0047548392   0.0001448005  -0.0034108111  -0.0351894815  -0.0000605841
 5  9  -0.0043947716  -0.0273980076  -0.0270658907   0.0011326367   0.0291579084
 5 10   0.0278065316  -0.1202566588   0.1629400982   0.1032418733  -0.0174881392
 5 11  -0.0414409310  -0.0199634675   0.0435281623  -0.0080829804  -0.0219462212
 5 12  -0.1013414117  -0.1430424706  -0.0007247192   0.1034742656   0.0728523204
 5 13   0.0036147879  -0.0194853205  -0.0260472694  -0.0421289059   0.1239839357
 5 14  -0.0194854264  -0.0125537575   0.0417711253   0.0378714714   0.0754880269
 5 15   0.0095020843  -0.0000040312   0.0002854812  -0.0000029334  -0.0016219569
 5 16   0.0001019026  -0.0543191452   0.0072226574  -0.0001117975   0.0003308555
 5 17  -0.0001116045
 6  1  -0.0107981839  -0.0218208059   0.0256877872  -0.0811490698  -0.0054809034
 6  2   0.2084575602   0.1866690709  -0.0642092229  -0.0252781898  -0.1728243767
 6  3   0.1779945022   0.0074616535   0.0862666051   0.0118501434   0.1915705434
 6  4  -0.0321794454   0.1092018859   0.1130338885  -0.0938376578  -0.0500737662
 6  5   0.0691752388   0.0194062881  -0.0746763374  -0.1165604898  -0.0375882191
 6  6   0.0439526407   0.0091664207  -0.0111625929   0.0719271908   0.0034964072
 6  7   0.0047756673  -0.0085241995  -0.0050694769   0.0573492396  -0.0003685818
 6  8   0.0162920730   0.0001209090   0.0160289480   0.1766919864   0.0015235319
 6  9   0.0244884146  -0.0528195141  -0.0765498760   0.0001630317   0.0155233158
 6 10  -0.0019681170  -0.0013507234  -0.0633443399  -0.0359671380   0.0144538322
 6 11   0.0505100881  -0.0199843635   0.0399211821  -0.0041124265  -0.0107744570
 6 12  -0.0386401068  -0.0549512904  -0.0005674125   0.0574968259   0.1111593722
 6 13   0.0052078560   0.0075393475   0.0132659423  -0.0352983938   0.1091086627
 6 14   0.0116130490   0.0037812269  -0.0330884323  -0.0128771554   0.0822486994
 6 15   0.0137019053   0.0000078846  -0.0002016747   0.0000092885  -0.0009897264
 6 16  -0.0005029599   0.0172588495  -0.0025370595   0.0000164602   0.0000555474
 6 17  -0.0000783848
 7  1   0.0162158946  -0.0037222652  -0.0905561458   0.0021631625   0.1601149832
 7  2  -0.0173967999   0.0189922704   0.0079244413   0.1253327893   0.0463006410
 7  3  -0.0101889503  -0.0221720590   0.0606868367   0.0726601892  -0.0302207372
 7  4  -0.1182599545  -0.0133346071  -0.0043690085  -0.0451995083  -0.0620491284
 7  5   0.0548613133   0.0450340758  -0.0111901773   0.0360935217   0.0099835471
 7  6  -0.0154235255   0.0000622673   0.0118267021  -0.1060380925  -0.0085553934
 7  7  -0.0070112598  -0.1758597565   0.0699581758   0.0228026101  -0.0007535976
 7  8  -0.0424882689  -0.0011715355   0.0272711354   0.3085483319   0.0031898070
 7  9   0.0659204593   0.0796587661   0.1103721306  -0.0005051055  -0.0150661525
 7 10  -0.0042768867   0.0136947550   0.0025356238   0.0003317128  -0.0087619881
 7 11  -0.0231684365  -0.0016535580   0.0033226261   0.0026994508   0.0051403789
 7 12  -0.0649812388  -0.0902487821  -0.0005690528   0.0309860577  -0.0041826296
 7 13  -0.0006269599   0.0051991212  -0.0020808678  -0.0363025158   0.0863055185
 7 14   0.0173011890   0.0171980200   0.0779475555  -0.0180497231  -0.5680092577
 7 15  -0.0817331649   0.0000048962   0.0001478490  -0.0000098644  -0.0003935749
 7 16   0.0017051535   0.0004780560   0.0006297093   0.0000339688  -0.0005167827
 7 17   0.0000778347
 8  1   0.0010990966  -0.0008605921  -0.0680513491  -0.0487523684   0.0060551923
 8  2  -0.0727986230   0.0989893249   0.1249949098  -0.0277775863   0.0380844648
 8  3   0.0030506431  -0.0126536481   0.0267967136  -0.1088072700   0.0041137388
 8  4   0.0127815565  -0.0115381050   0.2211920147  -0.0131050647  -0.0127928928
 8  5   0.0853195043   0.0202740934  -0.0014161263   0.0107385503   0.0032686487
 8  6   0.0052148945   0.0016300001  -0.0069431129  -0.0033405564   0.1981211745
 8  7   0.1157617046   0.0622639368  -0.0305443444  -0.0330829859   0.0014029566
 8  8  -0.0137758827  -0.0002094813   0.0091526948   0.1048772298   0.0012215820
 8  9   0.0240357058   0.0359692074   0.0571761632  -0.0001548777  -0.0213259682
 8 10  -0.0057196961   0.0422036326   0.0119432546  -0.0018176870   0.0365444845
 8 11   0.1025924941   0.0375263242  -0.0827149942   0.0038749760   0.0147563326
 8 12   0.2684021529   0.3817176878  -0.0003916801  -0.0604568872   0.1255770417
 8 13   0.0055243513   0.0236362388   0.0301203839   0.0291513633  -0.0977716436
 8 14   0.0245534619   0.0177212377  -0.0725900064  -0.0689307688  -0.1149599339
 8 15  -0.0111772626   0.0000047342   0.0006879557  -0.0000078987  -0.0008980831
 8 16  -0.0000455894   0.0009283037  -0.0004187245   0.0000389474  -0.0000429132
 8 17   0.0002399280
 9  1  -0.0245224926  -0.0018358814   0.0841459810  -0.0955725784  -0.0185187350
 9  2   0.1810318034   0.1660764323  -0.0541616866  -0.0079942071  -0.1032729731
 9  3   0.0259602903   0.0494299710  -0.0922261485   0.0339055219   0.0467442249
 9  4  -0.0654951545  -0.0011925021   0.0428799585   0.0647255446   0.0973572326
 9  5   0.0390874670   0.0433066548  -0.0337725720  -0.0142247217  -0.0045946941
 9  6   0.0179731771  -0.0020998005   0.0076758089  -0.0698422452   0.0421221042
 9  7   0.0239870930  -0.0647641454   0.0179430572   0.0585224426  -0.0018396928
 9  8   0.0632482836   0.0015150295  -0.0426947015  -0.4836591553  -0.0048655101
 9  9  -0.1216825849   0.0578781370   0.0818144145  -0.0001714366   0.0087281493
 9 10  -0.0069294123   0.0247601877   0.0081024320   0.0019383086   0.0029208921
 9 11   0.0093831650   0.0071159568  -0.0157359039   0.0023495026   0.0057912704
 9 12   0.0159894543   0.0241592824  -0.0004620108   0.0064199365   0.0244064383
 9 13   0.0008714922   0.0083251062   0.0051946266  -0.0162069106   0.0329578977
 9 14   0.0162013771   0.0146292890   0.0332722733  -0.0260789025  -0.3815645823
 9 15  -0.0540106824   0.0000107343   0.0002541109   0.0000026060  -0.0004486581
 9 16   0.0010700256   0.0005072527   0.0003089752   0.0000372077  -0.0003241905
 9 17   0.0000882994
10  1   0.0211982349  -0.0132666072  -0.0001100174   0.0214466730   0.0893319709
10  2  -0.0314402662   0.0575902679  -0.0250180345   0.1370360894   0.0066811932
10  3   0.0280965062  -0.0301460123   0.0253618427   0.1129012159  -0.0723271366
10  4  -0.1374409233  -0.0211904073  -0.0542485667  -0.2017899063  -0.2113153923
10  5   0.0084991009   0.0518656890  -0.0511092601  -0.0452777380  -0.0197453599
10  6   0.0309482191   0.0048086241   0.0155050284  -0.1172779116  -0.0397771341
10  7  -0.0280713788   0.0539097945  -0.0197887991  -0.0074223629   0.0005167283
10  8  -0.0269315062  -0.0003875732  -0.0064044345  -0.0796094449   0.0009375863
10  9  -0.0694221514   0.0171467564   0.0259158382   0.0006582912   0.0251456799
10 10   0.0102904737  -0.0519202967  -0.0443040800  -0.0211557954  -0.0328931115
10 11  -0.0927918570  -0.0369110264   0.0795835659  -0.0197961811  -0.0485274718
10 12   0.1781988969   0.2587347205   0.0000711140  -0.0180802987  -0.0143539608
10 13   0.0010547038  -0.0492173946  -0.0709189031  -0.0555198309   0.1628098568
10 14  -0.0029899242  -0.0055701320  -0.0985784144  -0.0648975403   0.0737288940
10 15   0.0233523945  -0.0000036425  -0.0002983370   0.0000008833  -0.0003061124
10 16  -0.0005519609  -0.0002563028  -0.0013661535  -0.0000393713   0.0001777686
10 17   0.0003558050
11  1   0.0014410930  -0.0033933447  -0.0102542242  -0.0017131212  -0.0343282830
11  2  -0.0964927426   0.1157624663   0.0981922067  -0.0363759674   0.0366933379
11  3   0.0126277728  -0.0152871321   0.0107909500  -0.0542533801  -0.0157073159
11  4  -0.0148196664  -0.0140277934   0.1437786914  -0.0720293966  -0.0726786759
11  5  -0.0080711427   0.0919568254  -0.0375993960   0.0007961944  -0.0026929212
11  6   0.0242128673   0.0035893369  -0.0088263241   0.0574157358   0.0839502695
11  7   0.0453141109   0.1857054778  -0.0674840542  -0.0537329932   0.0012993947
11  8  -0.0057585948  -0.0000290427  -0.0022761063  -0.0284580667   0.0001802901
11  9  -0.0246091648   0.1160852160   0.1635893501  -0.0015687479  -0.0354434919
11 10  -0.0341493783   0.1402123608  -0.2710550799  -0.1714919691  -0.0131505631
11 11  -0.0562378011   0.0067998556  -0.0143723544   0.0096696284   0.0238244094
11 12  -0.1021711641  -0.1503059877   0.0007449222   0.0264595978  -0.0814179038
11 13  -0.0022954792   0.0027939127   0.0056735800  -0.0293823329   0.0900693585
11 14   0.0058933302   0.0010941307   0.0413327257   0.0338852440   0.0086745912
11 15  -0.0039742160   0.0000001476  -0.0001732237   0.0000084603  -0.0000874178
11 16   0.0002546730   0.0003939366   0.0002419790  -0.0000010655  -0.0000644392
11 17  -0.0002334396
12  1  -0.0299272981   0.0154683199   0.0210282553  -0.0071494307   0.0435721586
12  2   0.1447356280   0.1159491791  -0.0500904557  -0.0656150792  -0.0027578752
12  3  -0.0479939217   0.0645658277  -0.0470207931   0.0905124365   0.1013121772
12  4  -0.0835952157   0.0117206617   0.0047826812   0.3079489408   0.3232606820
12  5  -0.0303050583   0.0514435603   0.0308610640   0.1078289879   0.0400913804
12  6  -0.0576263048  -0.0098427417   0.0078177256  -0.0469223179  -0.0041039930
12  7  -0.0053097974   0.0789802958  -0.0295468633  -0.0095494754   0.0003608357
12  8   0.0369367647   0.0007091972   0.0106440977   0.1252388965  -0.0019671561
12  9   0.1145710466   0.0390046629   0.0559249715   0.0000523899  -0.0025113181
12 10   0.0009283770  -0.0075059439  -0.0886968280  -0.0515038845  -0.0237956164
12 11  -0.0713530617  -0.0220992078   0.0477368698  -0.0105211114  -0.0258786504
12 12   0.0896914724   0.1298677449   0.0002046167  -0.0058668765  -0.0268512074
12 13   0.0001644596  -0.0306009288  -0.0437664391  -0.0413501016   0.1221114550
12 14  -0.0006839508  -0.0033417124  -0.0533771039  -0.0336249780   0.0489074278
12 15   0.0140167818  -0.0000012982  -0.0002258093  -0.0000008663  -0.0002153595
12 16  -0.0002984263  -0.0000725137  -0.0008145635  -0.0000245261   0.0000951606
12 17   0.0001753562
13  1  -0.0080236567  -0.0214238232   0.0500982059  -0.0296486472   0.0525722532
13  2  -0.0184543088   0.0731590968  -0.0150417254   0.1857085924  -0.0162037580
13  3   0.0114381696  -0.0034324931   0.0712426556   0.1038606792  -0.0101064560
13  4  -0.1199651667  -0.0044922735  -0.0404667347  -0.0700375076  -0.0842778224
13  5  -0.0069276692   0.0351423884   0.0164184247   0.0606535427   0.0180747082
13  6  -0.0135767479  -0.0019193401   0.0189592446  -0.1383802886  -0.0195532610
13  7  -0.0199416070   0.1918892846  -0.0812806440   0.0257424651   0.0004978398
13  8   0.0690331327   0.0012298241   0.0004212074  -0.0645206177  -0.0116206358
13  9   0.2042320215  -0.0121246628  -0.0144223744   0.0002942162   0.0051084991
13 10   0.0097219583  -0.0532186365  -0.0359647853  -0.0169168916  -0.0058929545
13 11  -0.0162177075  -0.0171710670   0.0367449064  -0.0019194703  -0.0076538252
13 12  -0.0003698659   0.0108426580  -0.0014991175   0.0426453107   0.0518227425
13 13  -0.0012447323   0.1036761564   0.1465744782   0.0924916726  -0.2675112116
13 14   0.0515349208   0.0342675523   0.1614731505   0.1246823538   0.0297226936
13 15  -0.0170993040   0.0000171572  -0.0004162180   0.0000058014   0.0000394091
13 16   0.0003115795  -0.0003409958  -0.0008545282   0.0000587136  -0.0001346788
13 17  -0.0001052082
14  1  -0.0034286599  -0.0043421931   0.0706987354   0.0703394503  -0.0827540449
14  2  -0.1343095449   0.1288329010   0.0670362116  -0.0479457237   0.0564360136
14  3  -0.0057096718  -0.0013723981   0.0162007825   0.0490522227  -0.0026522255
14  4  -0.0957081386  -0.0166754598   0.1294479332  -0.0307228595  -0.0287925152
14  5   0.0915461020   0.0912593783  -0.0349329672   0.0458778463   0.0117871607
14  6   0.0020460615   0.0010256767  -0.0097703252   0.1214452839  -0.1401557446
14  7  -0.0768477877   0.0276036975  -0.0124132005   0.0173488265  -0.0002704971
14  8   0.0259685175   0.0003952465   0.0001579132  -0.0184660658  -0.0036225714
14  9   0.0649579586   0.0622621509   0.0909551776   0.0004728163   0.0146304123
14 10   0.0105946376  -0.0514501963  -0.0344212615  -0.0171189853  -0.0025337171
14 11  -0.0105587760  -0.0057357991   0.0125348333  -0.0069844068  -0.0183078611
14 12  -0.0958052448  -0.1400218479   0.0005249430  -0.0709974212   0.1622287694
14 13   0.0081330753  -0.0854737321  -0.1249464350   0.0878280263  -0.2883871175
14 14  -0.1075835105  -0.0542075280  -0.1261592007  -0.1124386137  -0.1043416368
14 15   0.0022552331  -0.0000066697  -0.0031444262  -0.0000059830  -0.0012887487
14 16  -0.0000398990  -0.0008350189   0.0012603040  -0.0000060848   0.0000030534
14 17  -0.0011046037
15  1   0.0119806387   0.0280065600  -0.0774575756   0.0491661098   0.1119559252
15  2   0.1367931131   0.0891829279  -0.0555711319  -0.1338145323   0.0250857093
15  3  -0.0177416599   0.0205752675  -0.1175173256   0.0761004297   0.0047086750
15  4  -0.0988189685  -0.0142765402  -0.0008244441   0.0971385419   0.1202614889
15  5   0.0039320516   0.0585284967  -0.0657549535  -0.0667983437  -0.0215908146
15  6   0.0054241310  -0.0004250866   0.0133678815  -0.0851299095  -0.0637107889
15  7  -0.0415417786   0.0557061538  -0.0103173970  -0.1068780806   0.0024356423
15  8  -0.1146637188  -0.0016168773  -0.0001975370   0.1004909532   0.0180047328
15  9  -0.3119052395  -0.0070658226  -0.0069615832   0.0001309770   0.0333166205
15 10   0.0035124694  -0.0301437908  -0.0290949769  -0.0143512133  -0.0047842742
15 11  -0.0141849861  -0.0121969989   0.0260945174  -0.0030084004  -0.0095385614
15 12  -0.0203971640  -0.0226728921  -0.0008263854   0.0115236106   0.0681909063
15 13   0.0009529245   0.0470242038   0.0655069279   0.0775567072  -0.2323143146
15 14   0.0089801102   0.0097618551   0.0748150516   0.0544089826  -0.0042030869
15 15  -0.0101137835   0.0000072160  -0.0009454224  -0.0000114648  -0.0002418657
15 16   0.0001794954  -0.0003971507  -0.0002728122   0.0000321282  -0.0001004837
15 17  -0.0002638130
16  1  -0.0301855039  -0.0198757017   0.0281107558  -0.1290435272   0.0847853634
16  2   0.0105935171   0.0505922220   0.0302099880   0.2279709260  -0.0007532334
16  3  -0.0630752356   0.0399571804   0.0081596631   0.0371638392   0.1117233086
16  4  -0.0589894612   0.0551706095   0.0361136360  -0.0609835039  -0.0514381664
16  5   0.0167061803   0.0295925271   0.0288630341   0.0847780816   0.0275036394
16  6  -0.0261551532  -0.0028934277  -0.0167002125   0.1714730139  -0.0981902495
16  7  -0.0558740624   0.1700677046  -0.0653135832  -0.0256777283   0.0012077259
16  8   0.0041380708   0.0004367585  -0.0008561684   0.0402728328   0.0078552569
16  9  -0.1514601836   0.0259540560   0.0426207858   0.0001868902  -0.0454400715
16 10   0.0033349123   0.0247892013   0.2557114529   0.1439027268  -0.0128953769
16 11  -0.0468900283   0.0339215274  -0.0686623995   0.0017398991   0.0045979489
16 12  -0.0350636298  -0.0511098725  -0.0000897818   0.0424742818  -0.0367791107
16 13  -0.0017955344   0.0125979876   0.0205404300  -0.0042610868   0.0259985434
16 14   0.0461441845   0.0221197537  -0.1631817329  -0.1140528427  -0.0046443639
16 15   0.0089804606   0.0000017493   0.0685070745  -0.0000014162   0.0254802126
16 16  -0.0001718298  -0.0009208962   0.0000025945  -0.0000173579   0.0000531407
16 17  -0.0000695143
17  1  -0.0072011347  -0.0026683132   0.1048041000   0.0944957417  -0.0950544507
17  2  -0.1520316348   0.1260741728   0.0599720432  -0.0519711402   0.0799299672
17  3  -0.0392292284   0.0165547459  -0.0108370554   0.0961789197   0.0343180843
17  4  -0.1303895514   0.0007264827   0.1035940278  -0.0290311815  -0.0196573150
17  5   0.0919024063   0.1121439892  -0.0392964096   0.0636167282   0.0172676422
17  6  -0.0137902640  -0.0020483277   0.0096978860  -0.0421649844  -0.1241493248
17  7  -0.0722568110   0.0244589803  -0.0143916946   0.0094723073   0.0001876197
17  8  -0.0033085575   0.0000890398  -0.0005578088   0.0119871162   0.0027625454
17  9  -0.0459967195  -0.0986932655  -0.1409677657  -0.0003944215  -0.0319471701
17 10  -0.0089537859   0.0635163339   0.1231046339   0.0648918778   0.0235052146
17 11   0.0793646186  -0.0059196559   0.0100387363   0.0009491526   0.0030683680
17 12   0.0042108492   0.0040692298   0.0010858123  -0.1447291879   0.0399267062
17 13   0.0026311964   0.0203992860   0.0285134402  -0.0947479277   0.2722406890
17 14  -0.0340822327  -0.0189933542   0.2500369938   0.1818232080   0.0417916512
17 15  -0.0098318369  -0.0000024802   0.0135709278   0.0000069728  -0.0002841044
17 16   0.0000451599   0.0015192151   0.0010926701  -0.0000015016   0.0000171279
17 17   0.0004834888
18  1   0.0406070324   0.0220249475  -0.1522542855   0.0477452866   0.1240823778
18  2   0.1654956158   0.1111719244  -0.0659098637  -0.1503628103  -0.0478655555
18  3   0.1215556249  -0.0546058554  -0.0011317835   0.0015017570  -0.1723075051
18  4  -0.0641184678  -0.1015152630   0.0286160433   0.0876877598   0.0762108958
18  5   0.0244388949   0.0632229667  -0.0895080538  -0.1039129082  -0.0355259569
18  6   0.0546020904   0.0078490091  -0.0059240577   0.0720601263  -0.1044696026
18  7  -0.0605731633   0.0784660071  -0.0254334132  -0.0518865122   0.0017736800
18  8   0.0014502477  -0.0000764625   0.0019267287  -0.0639548918  -0.0125388766
18  9   0.2423140678   0.0107694662   0.0193619071   0.0000359972   0.0303131171
18 10  -0.0098835088   0.0564053531   0.1977458390   0.1094674349  -0.0013280870
18 11  -0.0066236170   0.0189973748  -0.0390217801   0.0019588982   0.0051093515
18 12  -0.0210503685  -0.0312101788   0.0001731324  -0.0031174495  -0.0153655602
18 13  -0.0006174467   0.0123390632   0.0190349996  -0.0232531157   0.0752445421
18 14   0.0217324972   0.0098100022  -0.0493536130  -0.0330056342   0.0057875846
18 15   0.0037375570   0.0000006487   0.0461571901  -0.0000105543   0.0159705416
18 16  -0.0001089982  -0.0002496450   0.0002220873  -0.0000130179   0.0000245757
18 17   0.0000674887
19  1  -0.0191685459  -0.0037444668  -0.0590954625  -0.1746742877   0.1541100523
19  2   0.0244191970   0.0127736560   0.0625693156   0.2166590251   0.0380417977
19  3  -0.1215922577   0.0424664989  -0.0691465641  -0.0377319095   0.0352403758
19  4  -0.0215000424   0.0020217665   0.0781730915   0.0323367069   0.0485761040
19  5   0.0525736605   0.0063218811  -0.0569393015  -0.1003263322  -0.0334589005
19  6   0.0393010188   0.0053849834  -0.0252914905   0.1925726860   0.0067970847
19  7   0.0098897046  -0.0211525683   0.0095311323  -0.0286005875   0.0006530359
19  8   0.0679807407   0.0009299445   0.0040666477   0.0441996476  -0.0000832645
19  9   0.0173225114  -0.0698123822  -0.0979478652   0.0001365184   0.0785011846
19 10  -0.0083968041   0.0100852528  -0.0010010409   0.0012596753  -0.0125431493
19 11  -0.0389919086   0.0041055558  -0.0076655881   0.0194031381   0.0489258402
19 12   0.0818211459   0.1162127891   0.0000295841   0.0070631949  -0.0832368426
19 13  -0.0034387118  -0.0598509964  -0.0905645683   0.0302031025  -0.1099910977
19 14  -0.0917379650  -0.0452974894   0.2482755441   0.1686532383  -0.0285473548
19 15  -0.0175454846   0.0000073677  -0.0058058862   0.0000001090   0.0082986560
19 16   0.0002651348  -0.0015418088   0.0007912350  -0.0000033355  -0.0000498391
19 17   0.0000935586
20  1  -0.0044320713   0.0022472736   0.0476266328   0.0399560879  -0.0555845781
20  2  -0.1289101257   0.1096531014   0.0861722124  -0.0435721784   0.0813728932
20  3  -0.0551099807   0.0160163268  -0.0346322721   0.0271140866   0.0104096507
20  4  -0.0892007486  -0.0171084434   0.1536354477   0.0049704051   0.0174083898
20  5   0.1234208661   0.0960293764  -0.0666469416  -0.0014201646  -0.0038999455
20  6   0.0105833858   0.0008932583   0.0060630975  -0.0659402619   0.0081206454
20  7   0.0080572158  -0.1413038748   0.0457940836   0.0228772912  -0.0004102060
20  8   0.0185196983   0.0002511825   0.0007611094   0.0068150385  -0.0003875201
20  9   0.0205024966  -0.2664406005  -0.3845600230  -0.0007043935   0.0124071043
20 10  -0.0160308284   0.0557743388  -0.0582681387  -0.0339247683  -0.0244712808
20 11  -0.0824490479   0.0146671273  -0.0279528223  -0.0025807753  -0.0066254264
20 12  -0.0021909175  -0.0011549324  -0.0000446079   0.0214100054  -0.1068876981
20 13  -0.0057551198   0.0283972934   0.0424902916   0.0447805329  -0.1152434814
20 14   0.0625630345   0.0324778000  -0.1806713460  -0.1258322689  -0.0123017671
20 15   0.0069092283  -0.0000024776  -0.0227019997   0.0000080121   0.0823666966
20 16   0.0000108879  -0.0014965889  -0.0001672711   0.0000000361   0.0000101434
20 17  -0.0000345417
21  1   0.0240940970  -0.0055822570  -0.0975753176  -0.0047431642   0.0633781303
21  2   0.2010863377   0.1602730558  -0.0699228779  -0.0940443101  -0.1464078443
21  3   0.2258648305  -0.0608866788   0.1305777985  -0.0147711568  -0.0395606598
21  4  -0.0407353912  -0.0156851823   0.0869941494  -0.0485436556  -0.0656775056
21  5   0.0725290585  -0.0056244010   0.0809386397   0.1570116653   0.0533041335
21  6  -0.0374446072  -0.0031044566  -0.0193706756   0.1456981190   0.0193166484
21  7   0.0164485871  -0.0146569487  -0.0001903066   0.0241993905   0.0001022610
21  8  -0.0982529153  -0.0010661485  -0.0065185883  -0.0773651208  -0.0004150940
21  9  -0.0178239912  -0.1017635497  -0.1453181134  -0.0001341178  -0.1160888413
21 10   0.0181390353  -0.0538797965  -0.0276701060  -0.0126328322  -0.0145660467
21 11  -0.0461672320   0.0044483524  -0.0078832016   0.0127250813   0.0317646769
21 12   0.0498025789   0.0711825644   0.0000085736   0.0074643682  -0.0757550958
21 13  -0.0033746208  -0.0312277825  -0.0473758941   0.0290648460  -0.0947767964
21 14  -0.0440261801  -0.0214195901   0.1164133295   0.0785129234  -0.0205809137
21 15  -0.0095774823   0.0000097000  -0.0085998591   0.0000043595   0.0230321567
21 16   0.0001662694  -0.0013094969   0.0004532873   0.0000026567  -0.0000269524
21 17   0.0000447140
22  1   0.0061027286  -0.0043217132  -0.1563125115   0.0845250828   0.1945024901
22  2  -0.0290177511   0.0043118207  -0.0007042403   0.0809081505   0.0676487469
22  3   0.0332707068  -0.0390267263   0.1829399255   0.1162784706   0.0722114182
22  4  -0.1376837484   0.0465111469  -0.0089390228   0.0503410065   0.0400395516
22  5   0.0201425352   0.0912592677  -0.0432561527   0.0173439656   0.0081208399
22  6   0.0091546422   0.0055085990   0.0005729918  -0.0669775000   0.0927600075
22  7   0.0527220492  -0.1768774601   0.0630822019   0.0434165330  -0.0009617385
22  8   0.0134603130  -0.0005206326  -0.0069502765  -0.0741275025   0.0004179618
22  9  -0.0256983146   0.1157799393   0.1634743575  -0.0002825483  -0.0135309743
22 10  -0.0072904705   0.0433887309   0.0334808748   0.0142381932   0.0140055887
22 11   0.0373029094   0.0177749970  -0.0385273380  -0.0008991243  -0.0010132159
22 12  -0.0289310552  -0.0452285542   0.0008492462  -0.0341012576  -0.0456410638
22 13  -0.0018098281  -0.0019978165   0.0028539572   0.0346368963  -0.0913136675
22 14  -0.0175830028  -0.0134894849  -0.0263740748   0.0231555887   0.3221122666
22 15   0.0447019541  -0.0000014623  -0.0001612592  -0.0000085428   0.0000794773
22 16  -0.0009742372   0.0002961354  -0.0002967236  -0.0000324649   0.0002699661
22 17  -0.0000223431
23  1  -0.0029093640  -0.0029024065  -0.1383846058  -0.0996019967   0.0506293101
23  2  -0.0380900082   0.0868833192   0.1536833523  -0.0171414896   0.0201405359
23  3   0.0256955477  -0.0202380556   0.0700738135  -0.1805921245   0.0418598371
23  4   0.0749871280   0.0082998210   0.3344529731   0.0153329984   0.0231213264
23  5   0.2187094937  -0.1558170800   0.0546077970  -0.0402588716  -0.0084930433
23  6  -0.0273043369  -0.0023626008   0.0398016808  -0.2464602543  -0.1935592112
23  7  -0.1165026670   0.0136456076   0.0027210312   0.0167517722  -0.0003522289
23  8   0.0036857481  -0.0002349761  -0.0028829001  -0.0336222060   0.0000073747
23  9  -0.0083282786   0.0452576874   0.0601758867   0.0001004931   0.0024997153
23 10   0.0009748809  -0.0019980635   0.0088771035   0.0067679594  -0.0080879177
23 11  -0.0254777380  -0.0019787855   0.0052776128  -0.0018475774  -0.0050720694
23 12  -0.0133601643  -0.0178096480  -0.0000126899  -0.0083683505  -0.0393215814
23 13  -0.0021908566  -0.0063728596  -0.0089985127   0.0026305407  -0.0034396813
23 14  -0.0063707328  -0.0052957094   0.0044311596   0.0105553536   0.0532647115
23 15   0.0071718731  -0.0000018181  -0.0001184826  -0.0000030697   0.0000920825
23 16  -0.0000933320  -0.0000474735  -0.0000680301  -0.0000292377   0.0000587451
23 17  -0.0000835319
24  1  -0.0081177208  -0.0005664556   0.1992041734  -0.2088054893  -0.0815330583
24  2   0.1887418699   0.1910883557  -0.0492330402   0.0547924032  -0.1299422064
24  3  -0.0448384547   0.0766643854  -0.2868951036  -0.0160588244  -0.1165467870
24  4  -0.0455126226  -0.0960332800   0.0340696176  -0.0858017813  -0.0646293994
24  5   0.0615182631   0.0211641781  -0.0031849043   0.0284302089   0.0016335633
24  6  -0.0094987426  -0.0092515450   0.0110716595  -0.0865052601   0.0208747804
24  7   0.0128337368  -0.1058927175   0.0384411087   0.0330401746  -0.0015586049
24  8  -0.0273801430   0.0004423539   0.0122160962   0.1322873365  -0.0000719962
24  9   0.0176920732   0.0828342078   0.1156278024   0.0000477624  -0.0115440402
24 10  -0.0041121415   0.0264066307   0.0224180289   0.0100324611   0.0070202545
24 11   0.0177431343   0.0112101715  -0.0237599001  -0.0006898406  -0.0012377158
24 12  -0.0202849803  -0.0310483938   0.0004914845  -0.0232430078  -0.0365824180
24 13  -0.0014628818  -0.0026072344  -0.0000657512   0.0225889115  -0.0578038149
24 14  -0.0123737497  -0.0095993730  -0.0157562410   0.0168747853   0.2139461601
24 15   0.0292177951   0.0000082115  -0.0001099909   0.0000143023   0.0000624722
24 16  -0.0006308666   0.0001716010  -0.0001985243  -0.0000157020   0.0002075512
24 17  -0.0000501089
25  1   0.0752095064  -0.0318207355   0.1518542351  -0.0178974040  -0.0155139089
25  2  -0.0333163908   0.1105853004  -0.0485370191   0.1941227133  -0.0541595381
25  3   0.0443853509   0.0055030837   0.1724313405   0.1601447485  -0.0371576295
25  4  -0.1679888951  -0.0418153123  -0.0486304300   0.1305013903   0.1089334173
25  5   0.0770520894  -0.1486722339   0.0564255478  -0.0544593335  -0.0126550741
25  6   0.0184475922   0.0006579985   0.0120024672  -0.1196690546   0.0851046737
25  7   0.0404860600   0.1049225447  -0.0385877248  -0.0417679783   0.0010186914
25  8  -0.0163495665   0.0004174059   0.0017727703   0.0151242199   0.0006062691
25  9  -0.0270561200  -0.0801674507  -0.1139680550  -0.0000772529   0.0053716917
25 10  -0.0002735386  -0.0135215249  -0.0562552538  -0.0301917953   0.0223726264
25 11   0.0554477713   0.0376580093  -0.0799508190   0.0069805011   0.0182219530
25 12  -0.0620267129  -0.0946583043   0.0007543689  -0.0195274090  -0.0096891032
25 13   0.0011997800  -0.0151192531  -0.0198627492  -0.0211790062   0.0521362669
25 14  -0.0785414851  -0.0448686677  -0.0624044440  -0.0530467388  -0.0344982614
25 15   0.0049484116   0.0000030791  -0.0000825055   0.0000076710  -0.0000725163
25 16   0.0001962214   0.0037706064   0.0289626689   0.0000633260  -0.0002623363
25 17  -0.0549181189
26  1   0.0365180831  -0.0073643380   0.1349591876   0.1047317512  -0.1197640850
26  2  -0.1553971340   0.1446746620   0.0424068141  -0.0557418628   0.0537330112
26  3  -0.0018409301   0.0066934904   0.0479939258   0.1118321211  -0.0113079584
26  4  -0.1560071748  -0.0329069247   0.1191045128   0.0452359314   0.0476475473
26  5   0.1893635124  -0.0940116919   0.0248629269  -0.0301522758  -0.0077559896
26  6   0.0142519039   0.0025527694  -0.0266284128   0.2283162532  -0.0606437737
26  7  -0.0271020129  -0.0959042787   0.0403347000   0.0124639433  -0.0011240487
26  8  -0.0001956581   0.0000258169   0.0006198876   0.0127734677   0.0008762171
26  9  -0.0227411075   0.1196470266   0.1712223324   0.0007090275   0.0331250910
26 10   0.0191225521  -0.1026440653  -0.0290139468  -0.0076533663  -0.0008694179
26 11  -0.0045721911   0.0079341049  -0.0154661232   0.0052131985   0.0124729337
26 12   0.0538517090   0.0809362380  -0.0009033691   0.0509232476  -0.0529083518
26 13  -0.0041270898   0.0165804137   0.0222501552  -0.0037929061   0.0309156536
26 14   0.1183048201   0.0651915730   0.0649116558   0.0587872544   0.0510415509
26 15  -0.0027574329  -0.0000075172   0.0003965077  -0.0000059143   0.0001695270
26 16  -0.0004884886  -0.0058039148  -0.0455693638   0.0001704009  -0.0005114870
26 17  -0.0492276884
27  1  -0.0738598094   0.0464035323  -0.1309246633   0.1409140440   0.1692658949
27  2   0.1011523223   0.0410158646  -0.0511478681  -0.1866821747   0.1233952474
27  3  -0.0978326094   0.0254204156  -0.2893505683   0.1483103705   0.0494999246
27  4  -0.1758980669   0.0329128797  -0.0083451927  -0.1947931648  -0.1492054729
27  5   0.1237017096  -0.1331998943   0.0560843850  -0.0319278705  -0.0094631174
27  6  -0.0534680091  -0.0048725162  -0.0029318280   0.0033188136   0.0651438211
27  7   0.0341261802   0.0650973229  -0.0273941565   0.0132278213   0.0002311394
27  8   0.0226491140  -0.0004779950  -0.0032034405  -0.0322492006  -0.0016593069
27  9   0.0607558550  -0.0225660335  -0.0314267332  -0.0002063406   0.0059960051
27 10   0.0038501438  -0.0276119854  -0.0387497507  -0.0193243711   0.0135127430
27 11   0.0330150299   0.0243677385  -0.0517269076   0.0053680809   0.0138400170
27 12  -0.0270992352  -0.0417661814   0.0003100371  -0.0013336238  -0.0176822446
27 13  -0.0002515368  -0.0057348476  -0.0075332360  -0.0144958763   0.0393640150
27 14  -0.0241122528  -0.0142995957  -0.0253980300  -0.0209821673  -0.0111505790
27 15   0.0029975073  -0.0000072524   0.0000182418  -0.0000235161  -0.0000055319
27 16   0.0000023528   0.0011213902   0.0083299057   0.0000667003  -0.0003061165
27 17  -0.0451559613
28  1  -0.0494861825  -0.0292870754   0.1121087406   0.1129979578  -0.0385338657
28  2  -0.0539385892   0.1266819417  -0.0806931800   0.1642066722  -0.0652161724
28  3   0.1302099063  -0.0530065640   0.2352961131   0.2236647001  -0.1750437580
28  4  -0.2527779371  -0.1072757843  -0.0554974954   0.0794487036   0.0390813693
28  5   0.2293653056  -0.4001194932   0.0072902702  -0.4102404451  -0.1407327966
28  6  -0.4535023534  -0.0474460162  -0.0285236752   0.1515574557   0.3874491745
28  7   0.2265024934   0.0385023941  -0.0186264033   0.0115857313  -0.0027552168
28  8   0.0695879088   0.0001280220  -0.0075528813   0.0201178672   0.0062577772
28  9  -0.0936517980  -0.0710770960  -0.1095696375  -0.0025532150  -0.1461150482
28 10  -0.0863541792   0.4886857238   0.2932825270   0.1228097205  -0.0676300123
28 11  -0.1672080569  -0.1188075334   0.2497268110  -0.0347422202  -0.0888856277
28 12  -0.1116410125  -0.1584348691   0.0002234282  -0.1534735007   0.2705128377
28 13   0.0086732442  -0.2462392762  -0.3702982469   0.1332908719  -0.3661535575
28 14   0.4630463921   0.2708373834   0.2227270728   0.1810404689   0.0819044957
28 15  -0.0265272504   0.0000592377  -0.0017739771   0.0000461979  -0.0004632238
28 16   0.0022282890   0.0216185473   0.1596503431  -0.0002511459   0.0012313640
28 17   0.1333110167
29  1  -0.0403675182  -0.0071998777   0.0788027925   0.1215679802  -0.1111371364
29  2  -0.1428959545   0.1466632131   0.0473537963  -0.0529090175   0.0370921545
29  3   0.0437341572  -0.0250580992   0.0764611712   0.0860280220  -0.0686507983
29  4  -0.1382957399  -0.0549396389   0.1147626484   0.0140709845   0.0047587118
29  5   0.1389102230   0.0585471025  -0.0934431121  -0.0889543487  -0.0376364660
29  6  -0.1643855099  -0.0164428717  -0.0198470749   0.2072025814  -0.1248878184
29  7  -0.0657551797  -0.0483565706   0.0185386265   0.0270196418  -0.0018711844
29  8   0.0252500632  -0.0001223353  -0.0025202014   0.0191643969   0.0033223375
29  9  -0.0498495554   0.1190555835   0.1735039294   0.0018036291   0.0994629212
29 10   0.0530270795  -0.3007331053  -0.1698863661  -0.0696940467   0.0339820989
29 11   0.0809440435   0.0692908515  -0.1448888484   0.0210195681   0.0536286230
29 12   0.0793224483   0.1140974530  -0.0006426539   0.1100424032  -0.1680253034
29 13  -0.0072318288   0.1141886907   0.1710061915  -0.0646824845   0.1997270852
29 14  -0.1027271346  -0.0647641081  -0.0607880514  -0.0396519799   0.0133098801
29 15   0.0058072962   0.0001030859  -0.0007304606   0.0001760556   0.0005190151
29 16   0.0087417825   0.0937383138   0.6865453135  -0.0018585601   0.0061965477
29 17   0.5993375781
30  1   0.2195793907   0.0443281309   0.0504655118   0.0109526210   0.1608148514
30  2   0.0807193885   0.0253098293  -0.0438089789  -0.1750859230   0.1753476764
30  3  -0.2791075467   0.1509271213  -0.4085162905   0.1797498852   0.2964309290
30  4  -0.1717941329   0.1354237143   0.0132983572  -0.0762162067   0.0141091159
30  5   0.1715065247  -0.3965478776   0.4149262908   0.3575557561   0.1548807581
30  6   0.7422722512   0.0785243196   0.0031331253  -0.1005476241   0.0470461451
30  7   0.0214524778  -0.0283562830   0.0218519679  -0.0600127289   0.0046717092
30  8  -0.1020532926   0.0001234264   0.0115106797  -0.0528273445  -0.0120374431
30  9   0.1777212139  -0.0132104104  -0.0207332847  -0.0014255442  -0.0801859050
30 10  -0.0334157616   0.1990323500   0.1250570802   0.0524799295  -0.0302154287
30 11  -0.0750049181  -0.0526842051   0.1105900769  -0.0152152958  -0.0390174302
30 12  -0.0515406987  -0.0732519623   0.0000305207  -0.0686908879   0.1256727764
30 13   0.0035998112  -0.1246159508  -0.1876743555   0.0661620945  -0.1784802430
30 14   0.2580467311   0.1499720076   0.1216696550   0.1007311315   0.0516612603
30 15  -0.0144160763   0.0000506727  -0.0013043004   0.0000372049  -0.0001887474
30 16   0.0032763736   0.0338995221   0.2490898396  -0.0005712604   0.0020817681
30 17   0.2134390329
31  1  -0.4961011143  -0.0354132870   0.0424966258   0.1565649198  -0.0449796444
31  2  -0.0242448722   0.1233601901  -0.0423268705   0.2303276866  -0.0723512427
31  3   0.1543228579  -0.0970443580   0.2080563801   0.2242181551  -0.1526813834
31  4  -0.2408405640  -0.0965838169  -0.0571715941   0.1108545995   0.1067119656
31  5   0.1270523970  -0.1819677556   0.0905667792  -0.0212899848   0.0043133256
31  6   0.1611649731   0.0142008558   0.0194541785  -0.1727664069   0.0400986789
31  7   0.0132973964   0.0934926362  -0.0298968827  -0.0832012271   0.0015479554
31  8  -0.0871857027  -0.0006641508   0.0054160494   0.0447000036  -0.0000558130
31  9  -0.0026834763  -0.0883954172  -0.1244139740   0.0004263433   0.0331975853
31 10   0.0141054009  -0.0976547812  -0.1177095818  -0.0574230112   0.0422832892
31 11   0.1048198054   0.0740107470  -0.1565226287   0.0149782758   0.0382926349
31 12  -0.0921541740  -0.1410363221   0.0006449265  -0.0337984343  -0.0158870095
31 13  -0.0004765930  -0.0834405259  -0.1216920960  -0.0209823400   0.0695126185
31 14   0.0627539379   0.0342747473  -0.0089092045  -0.0071420127  -0.0048921858
31 15   0.0016982307  -0.0000457821   0.0012917765  -0.0000080103   0.0000472867
31 16  -0.0061758328  -0.0736018752  -0.5362204997  -0.0007251828   0.0031446102
31 17   0.6250107320
32  1  -0.0887542401  -0.0074725380   0.1660614974   0.2051384922  -0.1567817527
32  2  -0.1840315654   0.1548708296   0.0185618857  -0.0645494073   0.0682019728
32  3   0.0092916071  -0.0079270085   0.0499292154   0.2130180839  -0.0356110788
32  4  -0.2584114161  -0.0522436056   0.1107889809   0.0584454469   0.0733854861
32  5   0.3632875669  -0.4751272107   0.1872706584  -0.1268997799  -0.0278642977
32  6   0.0675015254   0.0087400812  -0.0582869050   0.4025421668   0.1838576114
32  7   0.1189449751  -0.2194779309   0.0939858475   0.0116462424  -0.0023888822
32  8  -0.0106772842  -0.0002964352   0.0013734895   0.0165660168   0.0001635586
32  9  -0.0147186768   0.1560837863   0.2143236591  -0.0021915873  -0.1299052562
32 10  -0.0700593690   0.4087572231   0.3271597980   0.1485004655  -0.1064259026
32 11  -0.2628694136  -0.1885086083   0.3978506121  -0.0347254863  -0.0884557194
32 12   0.1648956545   0.2571894462  -0.0003928019   0.1074124870  -0.0005849748
32 13   0.0045278953   0.3478519503   0.5159214526   0.0058497859  -0.0882254097
32 14  -0.6154138844  -0.3446034162  -0.1949099311  -0.1740786475  -0.1387101920
32 15   0.0110723053  -0.0000208105   0.0024794153   0.0000028925   0.0007904518
32 16  -0.0010097341  -0.0115209487  -0.0834588639  -0.0001687338   0.0005050882
32 17   0.0933082863
33  1   0.8190011382   0.0518686030   0.0277217860  -0.1458174374   0.2217122403
33  2   0.0940633339   0.0196019995  -0.0550409120  -0.2388395890   0.1473300206
33  3  -0.2667974918   0.1839167295  -0.3436626784   0.0278236675   0.2299960875
33  4  -0.0421489396   0.1202611182   0.0060656432  -0.1679747510  -0.1515931931
33  5   0.0080583538   0.0001949199  -0.0304618739  -0.0610158023  -0.0307382350
33  6  -0.2812314535  -0.0267570653  -0.0064451478   0.0394178586   0.0818874411
33  7   0.0444381166   0.1158858519  -0.0549613744   0.0746354649  -0.0002117003
33  8   0.1321308955   0.0012417854  -0.0088995175  -0.0782838437  -0.0005306233
33  9   0.0228781142  -0.0255190337  -0.0356016532  -0.0003993120  -0.0020359052
33 10   0.0004607877  -0.0073171325  -0.0240593726  -0.0129363670   0.0084789423
33 11   0.0206712722   0.0150062712  -0.0320681502   0.0032208078   0.0083187441
33 12  -0.0258785280  -0.0389808288   0.0003334524  -0.0000157508  -0.0117805166
33 13   0.0002948746   0.0145222054   0.0226347499  -0.0125555675   0.0271673014
33 14  -0.0775362119  -0.0440290831  -0.0426422799  -0.0377525695  -0.0297928927
33 15   0.0038555571  -0.0000427605   0.0013220032  -0.0000396381   0.0002073341
33 16  -0.0041212721  -0.0487747242  -0.3553883487  -0.0005039746   0.0020437279
33 17   0.4130167529
34  1  -0.0215681051  -0.0298727340   0.0975735343  -0.1972282288   0.0554054787
34  2   0.0212517017   0.0629738291   0.0385564538   0.2674585862  -0.0190756352
34  3  -0.0907054883   0.0859247022   0.0070160829   0.0332600932   0.2575490687
34  4  -0.0385731768   0.1293531421   0.0707573487  -0.0437818648  -0.0064044005
34  5   0.0254686477   0.0470812667  -0.0455994250  -0.0331143891  -0.0132071329
34  6  -0.1059559523  -0.0108064240  -0.0273918671   0.2594337162  -0.1008171883
34  7  -0.0522815196   0.0326723788   0.0022583324  -0.1330415089   0.0025013004
34  8  -0.4540805964  -0.0051148935  -0.0152177718  -0.3663288855  -0.0265423018
34  9   0.4002463080   0.0230706995   0.0371963856   0.0004814836   0.1406693792
34 10  -0.0237965241   0.0881745003   0.2461625973   0.1390128562  -0.0429532329
34 11  -0.1621185929   0.0870397330  -0.1751780354  -0.0407863788  -0.1013857987
34 12  -0.0622937698  -0.0871872114   0.0005484162  -0.0838740943   0.0480263372
34 13   0.0019524963   0.0620056165   0.0914202261  -0.0510797360   0.1621600887
34 14   0.0467558268   0.0224584253  -0.0632466140  -0.0397909392   0.0206652008
34 15   0.0050190509   0.0000298764  -0.7738967090   0.0000429769  -0.2496460747
34 16   0.0008095500  -0.0002539928  -0.0021809702   0.0000325160  -0.0001350447
34 17   0.0005315190
35  1  -0.0031346543  -0.0043274023   0.1743557388   0.1455723198  -0.1341416351
35  2  -0.1826096269   0.1365836943   0.0348299114  -0.0613169644   0.0959881249
35  3  -0.0561946410   0.0326011694  -0.0175727123   0.1750672496   0.0714576874
35  4  -0.1751023325   0.0219131372   0.0339572407  -0.0283012838  -0.0137877463
35  5   0.0260833814   0.1649397347  -0.0729632563   0.0421551692   0.0084342917
35  6  -0.0485825647  -0.0072000193   0.0431124063  -0.2908071900  -0.1374096458
35  7  -0.0924437666   0.2135955396  -0.0828127848  -0.0582243655   0.0021009195
35  8  -0.1345540641  -0.0013754965  -0.0039573611  -0.0929636172  -0.0063441409
35  9   0.1010363668   0.0335162444   0.0540862092  -0.0005311058  -0.0099724350
35 10  -0.0265993052   0.1657409828   0.3372395401   0.1720297686   0.1596449904
35 11   0.5988818106  -0.2319624602   0.4624798001   0.1930069110   0.4818597299
35 12   0.1221062757   0.1603445892  -0.0018169703   0.4276884503  -0.3769299983
35 13  -0.0161376982  -0.1555108187  -0.2218171400   0.0930408635  -0.2591686330
35 14   0.0097845807   0.0024945921  -0.2809588818  -0.2071260291  -0.0671689769
35 15   0.0114648938  -0.0000043432  -0.1582741349   0.0000107334  -0.0478536605
35 16   0.0002330527   0.0002755080  -0.0000337790  -0.0000111214  -0.0000165639
35 17  -0.0000786978
36  1   0.0267680882   0.0373334908  -0.2763032917   0.1328908865   0.1792420830
36  2   0.1592965084   0.0897659579  -0.0703952295  -0.2054045388  -0.0259430684
36  3   0.1674722425  -0.1274638318   0.0025623509  -0.0168040039  -0.3993883163
36  4  -0.0809982690  -0.2177734083  -0.0016639157   0.0620819122   0.0078406035
36  5   0.0315979515   0.0227398419   0.0304223457   0.0776063564   0.0275463234
36  6   0.1834214207   0.0211323982  -0.0000860181   0.0160411272  -0.0954778629
36  7  -0.0593038138   0.2308748420  -0.1074943868   0.1255573467  -0.0006224863
36  8   0.7201125540   0.0086088177   0.0242052694   0.5696950132   0.0411538817
36  9  -0.6186937607  -0.0364271501  -0.0476444729  -0.0004219493  -0.2565672358
36 10   0.0340149727  -0.0566449249   0.1873808926   0.1067605614  -0.0010683577
36 11  -0.0035402725   0.0153117921  -0.0315081933   0.0079929781   0.0201617180
36 12  -0.0180585054  -0.0273204006   0.0000718015   0.0197061204  -0.0415111324
36 13  -0.0018903909   0.0094418991   0.0151865547  -0.0161344512   0.0570807282
36 14   0.0311823612   0.0144873942  -0.0916128600  -0.0634147216  -0.0002789319
36 15   0.0056326683   0.0000154717  -0.5224321916   0.0000100109  -0.1679259750
36 16   0.0005470108  -0.0000935877  -0.0013848268   0.0000130890  -0.0001114390
36 17   0.0003215714
37  1  -0.0234289961   0.0013212164  -0.0817896981  -0.2593468784   0.1834912396
37  2   0.0464964856  -0.0068343700   0.0979437802   0.2459287016   0.0526370299
37  3  -0.1866277168   0.0750799905  -0.1366736857  -0.1024542039   0.0807461468
37  4   0.0298628730   0.0166907983   0.1235081390   0.1044884670   0.1469775696
37  5   0.0459278946   0.0097302549  -0.1655877348  -0.3136738550  -0.1039165444
37  6   0.0695304448   0.0094968926  -0.0268154359   0.1344387057   0.2212352785
37  7   0.1344646551  -0.0666144671   0.0227749060  -0.0450449390   0.0011038003
37  8  -0.0478152717  -0.0005877820  -0.0016765337  -0.0841156005  -0.0094494169
37  9   0.1543807319  -0.0110441314  -0.0066720821   0.0014779322  -0.3656834373
37 10   0.1207290590  -0.4580312192  -0.0989343142  -0.0251847526  -0.0821099958
37 11  -0.2162173700  -0.1280160428   0.2752700669   0.1881096076   0.4603230735
37 12  -0.1949343192  -0.2914770415   0.0052379720  -0.6377613773  -0.0280426641
37 13  -0.0023549250   0.1494957639   0.2194878971  -0.0292735028   0.1217640948
37 14   0.1436574448   0.0711819415  -0.3391429527  -0.2340304967  -0.0153690520
37 15   0.0137468897   0.0000020040   0.0432521717  -0.0000207910  -0.1238290281
37 16  -0.0003449832   0.0026517533  -0.0000919525  -0.0000063432   0.0000808595
37 17   0.0000534200
38  1  -0.0047127975   0.0048648627   0.0661230239   0.0488210989  -0.0608093906
38  2  -0.1395122860   0.1061787554   0.0834934094  -0.0456936479   0.0983520426
38  3  -0.0828452876   0.0289635474  -0.0623927622   0.0481221653   0.0225797639
38  4  -0.1023709122  -0.0139009975   0.1397168289   0.0289306892   0.0504193267
38  5   0.1179059623   0.1176562117  -0.1164922229  -0.0715194331  -0.0278687050
38  6   0.0179537032   0.0020740883   0.0075651858  -0.0542559171  -0.0719763240
38  7  -0.0385162081  -0.1342734551   0.0457090786   0.0189142059  -0.0003458417
38  8  -0.0253000745  -0.0003349803  -0.0014480502  -0.0438499059  -0.0040596805
38  9   0.0760315782  -0.2867676366  -0.4161954412  -0.0013795299  -0.2047787585
38 10   0.0005777007   0.0497837726  -0.0487310271  -0.0328542355  -0.0083249214
38 11  -0.0439671517   0.0547631577  -0.1132836484  -0.0537847367  -0.1316745140
38 12   0.0748589705   0.1129798366  -0.0016269427   0.2224746978  -0.1471320964
38 13  -0.0073459911  -0.0328838862  -0.0480148261   0.0733736092  -0.2134149992
38 14   0.0002591955   0.0017577024  -0.0359855849  -0.0269208073  -0.0184532325
38 15  -0.0012615583  -0.0000173028   0.2921994273  -0.0001125828  -0.8994249995
38 16  -0.0006013288   0.0121786375  -0.0011767404   0.0000410839  -0.0000108377
38 17   0.0001525676
39  1   0.0267922111  -0.0165069132  -0.1473191659   0.0056257004   0.0665480468
39  2   0.2248936564   0.1804976769  -0.0776973930  -0.1007821221  -0.2076525263
39  3   0.3466303878  -0.1183143448   0.2525836503  -0.0535882451  -0.1002233053
39  4  -0.0212237191  -0.0328618631   0.1124980693  -0.1606123168  -0.2194218459
39  5   0.0942996096  -0.0734062869   0.2920354874   0.4865118526   0.1646663663
39  6  -0.0752733734  -0.0088197151  -0.0237642330   0.1351992251   0.1812508825
39  7   0.1109182267  -0.0165145396  -0.0068851299   0.0445344235  -0.0002287142
39  8   0.0984418144   0.0015705910   0.0033456421   0.1472032259   0.0158991397
39  9  -0.2611783347  -0.0984118556  -0.1354566113   0.0014330391   0.7997368658
39 10  -0.0964412330   0.1850938866   0.0047478642   0.0074249499  -0.0469910320
39 11  -0.1287034641  -0.0597711736   0.1296783044   0.1022075631   0.2501707807
39 12  -0.0941538678  -0.1411907686   0.0027538538  -0.3323079837  -0.0498052817
39 13  -0.0029654391   0.0822095425   0.1207568079  -0.0013149348   0.0263887559
39 14   0.0864946699   0.0431764955  -0.2127103289  -0.1471463150  -0.0133371828
39 15   0.0079350246   0.0000049652   0.0904042407  -0.0000318344  -0.2726833154
39 16  -0.0003494319   0.0042894694  -0.0003091270   0.0000117870   0.0000540982
39 17   0.0000594084
40  1  -0.0033199546   0.0192454321  -0.2100722798  -0.1337449782   0.2421966220
40  2   0.0209536051  -0.0306373825   0.0755951271   0.1581076086   0.0897314790
40  3  -0.1269163328   0.0015808233  -0.0440309674  -0.0902533445  -0.1101920064
40  4   0.0061023575  -0.0840006139   0.0799016648   0.2125425565   0.2004838468
40  5   0.0264520676  -0.0142370905  -0.0352491617  -0.0927139330  -0.0246837823
40  6   0.0770107154   0.0157525884  -0.0502327948   0.3849365278   0.0267048669
40  7   0.0207389690   0.4346919398  -0.2342555105   0.5076742955  -0.0042383885
40  8  -0.2203050001  -0.0044026710   0.0034196541   0.0881641644   0.0079030218
40  9  -0.0994577923  -0.0467783279  -0.0660826095   0.0001237905   0.0583683124
40 10  -0.0032904884  -0.0085980114  -0.1438432009  -0.0845317169   0.1018097376
40 11   0.3508348060  -0.0875244409   0.1694492152  -0.1160429626  -0.2892303999
40 12  -0.0719272138  -0.0952662570   0.0020123332  -0.2140803781  -0.3667249427
40 13  -0.0175721126   0.0417377651   0.0540687743   0.0427276007  -0.1187106527
40 14   0.0635297703   0.0364195069  -0.0995774500  -0.0994974161  -0.2451960091
40 15  -0.0285973640   0.0000020618   0.0013598994  -0.0000494313  -0.0063454241
40 16   0.0051732707  -0.6189602347   0.0817472957  -0.0010033311   0.0023796031
40 17  -0.0003495459
41  1  -0.0057262812   0.0081622843  -0.0942585946  -0.0688698544   0.0230456558
41  2  -0.0730693480   0.0842636415   0.1373434277  -0.0255308832   0.0619827433
41  3  -0.0417532437  -0.0034977985  -0.0117693966  -0.1363896890  -0.0252296047
41  4   0.0351514996  -0.0368282126   0.2258320112   0.0812214804   0.0831955411
41  5   0.0543005503   0.0501631879  -0.0331026950  -0.0294082635  -0.0081354607
41  6   0.0493556198   0.0087724137  -0.0314326337   0.1402023146   0.3743664410
41  7   0.2190591619   0.3405264362  -0.1747635708   0.1509968591   0.0008519725
41  8  -0.0905865788  -0.0015049157   0.0023123717   0.0508847265   0.0037633798
41  9  -0.0394821220   0.0056531072   0.0289677980   0.0019547774   0.0746558653
41 10   0.0418852611  -0.1884474446   0.1899381071   0.1203519353   0.0631928879
41 11   0.2445218638  -0.0913325793   0.1819714354  -0.1379700698  -0.3458908522
41 12  -0.1580394326  -0.2144807541   0.0021723971  -0.2004253159  -0.5259389407
41 13  -0.0248500619   0.0014906044  -0.0063464713   0.0610087943  -0.1775424765
41 14   0.0179460372   0.0131593443   0.0067778991  -0.0351392211  -0.3227755102
41 15  -0.0453759150   0.0000011442  -0.0034426228   0.0000383203   0.0139462525
41 16  -0.0052972587   0.7349928383  -0.0971697991   0.0012060553  -0.0030533078
41 17   0.0003640193
42  1  -0.0059679215  -0.0417961220   0.0848408314  -0.1362843341  -0.0512422203
42  2   0.2349977071   0.2234263732  -0.0671443138   0.0172198126  -0.2463604788
42  3   0.2396507008   0.0007874064   0.0984498122  -0.0148106086   0.1989611800
42  4  -0.0114879703   0.1262438577   0.1280859190  -0.3103541705  -0.2815933343
42  5   0.0793279203  -0.0158537728   0.0571861334   0.0993924623   0.0270866934
42  6  -0.0713934734  -0.0139839688  -0.0106991337   0.0923970067   0.0030057445
42  7   0.0086462091  -0.3987544345   0.2467132960  -0.7899217330   0.0090272853
42  8   0.3210272213   0.0067229536  -0.0017408474  -0.0908544143  -0.0104804000
42  9   0.1385110305   0.0123156130   0.0277064469   0.0010720027  -0.0423270211
42 10   0.0284475122  -0.1125896243  -0.0491780769  -0.0255553947   0.0943090047
42 11   0.3319967034  -0.0891039187   0.1740319754  -0.1240946879  -0.3099879736
42 12  -0.0881903893  -0.1173339084   0.0020561716  -0.2155113396  -0.4083019039
42 13  -0.0192265474   0.0289364732   0.0351778650   0.0487533072  -0.1369979408
42 14   0.0472524906   0.0280069733  -0.0642815425  -0.0756050505  -0.2508411542
42 15  -0.0318325326   0.0000143371   0.0001270592  -0.0000000652  -0.0008907999
42 16   0.0021221162  -0.2294864972   0.0302894039  -0.0003544072   0.0008546614
42 17  -0.0001617884
43  1  -0.0032805826   0.0035829194  -0.1009898477  -0.1217434007  -0.0305219632
43  2  -0.1578010095   0.1455896760  -0.2178034479  -0.0586110227  -0.0487227492
43  3  -0.0951108277  -0.1098211616   0.0464416999   0.0498712006   0.0578630933
43  4   0.0945444302  -0.0665480330  -0.1020143281  -0.0713385846   0.0503704449
43  5   0.0831799443   0.0004869358  -0.0140134178  -0.0223512620   0.0811637801
43  6   0.0003150305  -0.0111560194   0.1422618592   0.0180122542   0.0085042274
43  7   0.0015584027   0.0258369634   0.0751968452   0.0020109896   0.0348897873
43  8   0.0003254897  -0.0013902790   0.1245490789  -0.0086599523  -0.0109337133
43  9  -0.0026051647   0.1083204683  -0.0765957423   0.0059988426  -0.0002008153
43 10  -0.0149765184  -0.0063743881   0.0604044188  -0.1246986422  -0.0279906152
43 11   0.0090316589   0.0924018699   0.0480212226   0.0315768550  -0.0126409417
43 12   0.0816225252  -0.0544578018   0.0601806914   0.0006919245   0.0067956856
43 13  -0.1559228139  -0.0271739212   0.0194075884  -0.1647607259  -0.0585674472
43 14   0.0148179473  -0.0209513454   0.0369641925  -0.0433176460  -0.0042276845
43 15   0.1142783230  -0.0012223284   0.0000026441   0.0010682366  -0.0000042073
43 16  -0.0000830214   0.0000794064   0.0000657707  -0.0320443450   0.0002604623
43 17   0.0000078770
44  1   0.0008377743   0.0019129395   0.0005128766   0.0138502295   0.0363591972
44  2  -0.0074915945   0.1219972741   0.1401327343  -0.0149623613  -0.0690792074
44  3  -0.0401834462  -0.0384678529   0.0094327533   0.0655458952   0.0069827343
44  4   0.1421373626  -0.0081219779  -0.1086020219  -0.0218642223   0.0184526165
44  5   0.0566423971  -0.0373268272  -0.0649860594   0.0156552009   0.0346952698
44  6  -0.0003095206  -0.0019241571  -0.1249107791  -0.0220053131  -0.1661656983
44  7   0.2718639291  -0.0174712783  -0.0757536728  -0.0028607833   0.0228854614
44  8   0.0001673221  -0.0002779523   0.0415548410  -0.0027356565  -0.0023068424
44  9  -0.0006492145  -0.0009659369   0.0077812482  -0.0099400651  -0.0067263941
44 10  -0.1128049459  -0.0167214199  -0.1159373302   0.2570024802   0.0712108535
44 11  -0.0189258853  -0.0172293713  -0.0055798485   0.0234759068  -0.0099903090
44 12   0.1078126113  -0.0709094004   0.0749966706   0.0008731002   0.0010435917
44 13  -0.0215297716   0.0304823398  -0.0201958183  -0.0719588878  -0.0241008996
44 14  -0.0133357099   0.0240006231  -0.0445196295   0.0591887893  -0.0117759565
44 15   0.0262076911  -0.0009935867   0.0000070446   0.0001722764  -0.0000029157
44 16   0.0011359869  -0.0000738655   0.0000814617   0.0664437519  -0.0006336155
44 17   0.0001697885
45  1  -0.0029316940  -0.0163935683  -0.0089503605  -0.0517018990  -0.0343519661
45  2   0.0281525078   0.0348997533  -0.0047632986   0.0306848374   0.2904939669
45  3   0.1793574394   0.1755639853  -0.0553341195  -0.0139196889  -0.1097911138
45  4   0.0116012718   0.1426178664  -0.0505772336   0.1170686205  -0.0709864532
45  5   0.0699625530  -0.0084473245  -0.0107152826   0.0516371103  -0.1258158345
45  6  -0.0010841405   0.0374765900   0.0543042408   0.0038870436  -0.0303479684
45  7   0.0578895153   0.0059628141   0.0077664418  -0.0015632146  -0.0559401079
45  8  -0.0004430203   0.0067078153  -0.1876603950   0.0124619385   0.0133417773
45  9   0.0031193461   0.0789019150  -0.0541808541  -0.0199827248  -0.0011788671
45 10  -0.0278365199  -0.0065692240   0.0127319538  -0.0226124807  -0.0001949596
45 11   0.0010065999   0.0508447210   0.0272807383   0.0218650091  -0.0089954174
45 12   0.0742088557  -0.0492534596   0.0571714320   0.0006165449   0.0046458997
45 13  -0.1072957266  -0.0102913048   0.0076832126  -0.1217501527  -0.0431644914
45 14   0.0063437323  -0.0077345720   0.0134077163  -0.0140564419  -0.0055926159
45 15   0.0794104193  -0.0009772002  -0.0000039750   0.0006914179   0.0000057135
45 16   0.0001892288   0.0000392688   0.0000649664  -0.0061523670   0.0000177071
45 17   0.0000499714
46  1  -0.0035303435   0.0268339045  -0.0786337005  -0.0286444100  -0.0201128353
46  2  -0.1312589808   0.1345107542  -0.1802683822  -0.0089205384  -0.0456838692
46  3  -0.0412538111   0.0307143906   0.0345464185  -0.0640806060   0.0262574196
46  4   0.0062276412  -0.0196721571  -0.1033902354   0.0376749039  -0.0580518969
46  5   0.0723161150  -0.0234896564  -0.0498106345   0.0112145559   0.0275858074
46  6   0.0032090442  -0.0123760104  -0.1020571225  -0.0145191961  -0.0242248921
46  7   0.0428375680   0.0636907356   0.1847570621   0.0044013263   0.0152045530
46  8  -0.0001765327  -0.0316098335  -0.3349650478   0.0215569893   0.0546939193
46  9   0.0076774428  -0.1176900898   0.0802398067   0.0161596307   0.0014162181
46 10   0.0283371954   0.0056261413  -0.0027114802   0.0007806598  -0.0152356819
46 11   0.0037561405  -0.0108686671  -0.0064973100  -0.0089321920   0.0033719762
46 12  -0.0003904806   0.0017733024   0.0121013797  -0.0002366748   0.0016997990
46 13  -0.0245221720  -0.0094983638   0.0032429032  -0.0520016406  -0.0149717002
46 14   0.0079062753  -0.0226464228  -0.0260179878  -0.0021985607   0.0766286156
46 15  -0.6184205991  -0.0007010340  -0.0000057458   0.0000713571   0.0000041774
46 16  -0.0008031928  -0.0000820075  -0.0002950019  -0.0006530024  -0.0000106295
46 17  -0.0002068878
47  1  -0.0003350643   0.0044160079  -0.0467515349  -0.0330893505   0.0091995908
47  2  -0.0347859699   0.1247706912   0.1232958380  -0.0222659048  -0.0441528186
47  3  -0.0135340815   0.0150546056   0.0063638338   0.1349475957  -0.0206918468
47  4   0.1775292036   0.0195469244  -0.0865721239   0.0143447100  -0.0167243829
47  5   0.0527936565  -0.0084628064  -0.0100159069   0.0012034129   0.0067227570
47  6   0.0000449031   0.0052950769   0.0176069091  -0.0021059721  -0.1083317173
47  7   0.1765240799  -0.0502150878  -0.1563679651  -0.0043458545   0.0315920933
47  8  -0.0000587447  -0.0054744468  -0.1138751947   0.0072683614   0.0230809114
47  9   0.0029334733  -0.0230628428   0.0199777178   0.0154846690   0.0020169339
47 10   0.0543401929   0.0136841554   0.0039465868  -0.0286027272  -0.1534183283
47 11   0.0421408341  -0.0095081997  -0.0132674461  -0.0138856818   0.0075351347
47 12  -0.3799092780   0.2528996150  -0.0680693296  -0.0015042846   0.0052845752
47 13  -0.1173143346  -0.0249269692   0.0152807426   0.1018618536   0.0371313737
47 14   0.0076465941  -0.0154026308   0.0645612946  -0.0825050989   0.0027868630
47 15   0.0987370735  -0.0009230176   0.0000094780  -0.0001472080   0.0000056311
47 16   0.0004774633  -0.0000112226   0.0001038382  -0.0006721865   0.0003177330
47 17   0.0000065267
48  1  -0.0006812623  -0.0435061877   0.0485624763  -0.0640135092   0.0000858220
48  2   0.0466646036   0.0414086557  -0.0145263020  -0.0069904663   0.2462837381
48  3   0.0808953587  -0.0530246983  -0.0373504123  -0.0261424832  -0.0299115973
48  4   0.0137898036   0.0466417151  -0.0756721497  -0.0551738262   0.0970099359
48  5   0.0464689097  -0.0189947149  -0.0327349640   0.0272176795  -0.0271435609
48  6  -0.0039548204   0.0141726861  -0.0664451986  -0.0097626084  -0.0381548515
48  7   0.0650637429   0.0220291729   0.0546267084   0.0008586889  -0.0636109534
48  8   0.0003747620   0.0402615343   0.5232891759  -0.0337685764  -0.0949120291
48  9  -0.0128289764  -0.0943731992   0.0645131570  -0.0102939571   0.0016564172
48 10   0.0358406447   0.0076586262  -0.0020931938  -0.0037209732  -0.0452098316
48 11   0.0122133151  -0.0086378779  -0.0068439996  -0.0082988073   0.0035167581
48 12  -0.0804009726   0.0545452248  -0.0074642618  -0.0005089703   0.0021233767
48 13  -0.0403086820  -0.0114823110   0.0054391047  -0.0097527687  -0.0013597940
48 14   0.0066093168  -0.0175223742  -0.0023708106  -0.0191983163   0.0485368813
48 15  -0.3672439706  -0.0006520176  -0.0000101441   0.0000000057   0.0000114094
48 16  -0.0004105090  -0.0000500449  -0.0001628637  -0.0005706167   0.0000436150
48 17  -0.0001212252
49  1  -0.0067901605   0.0431642567   0.0255757387   0.0039976275   0.0477019642
49  2  -0.1109165164   0.0960109451  -0.1395080152  -0.0056656283  -0.0085102184
49  3   0.0104642616   0.0153045798  -0.0014685567  -0.1260969307   0.0727885336
49  4  -0.0303036669  -0.0602254419  -0.0857496529   0.1858505132  -0.2139988882
49  5   0.0093600617  -0.0372901896  -0.0503619962   0.0401809988  -0.0624522421
49  6  -0.0013855670   0.0268567900  -0.1072987885  -0.0133829862   0.0145184002
49  7  -0.0381737823  -0.0373499997  -0.1066755752  -0.0026631503   0.0138479322
49  8   0.0003349183  -0.0205819993   0.0859830535  -0.0058557494  -0.0648900217
49  9  -0.0055325326  -0.0736677476   0.0512373376  -0.0130158575  -0.0010902224
49 10  -0.0282602982  -0.0084831848   0.0598366148  -0.1167300239   0.1445572026
49 11  -0.0389020208  -0.0012353920   0.0038289152   0.0428347180  -0.0156862491
49 12  -0.2247795974   0.1498120226  -0.0074846208   0.0001979295  -0.0039281883
49 13   0.0392719747   0.0659949141  -0.0444460518  -0.1843264613  -0.0628565269
49 14   0.0015172421   0.0034478446   0.0585217878  -0.0800112134   0.0146382395
49 15   0.0818468486  -0.0001099430   0.0000054753   0.0004563718  -0.0000072979
49 16   0.0013636346   0.0000625009   0.0001073235  -0.0000591055   0.0006494181
49 17   0.0001005510
50  1  -0.0012708107   0.0098918203  -0.0014892096  -0.0066789136   0.0383181273
50  2  -0.0208405316   0.1103253209   0.1429505608  -0.0164863187  -0.0360024551
50  3   0.0028650770   0.0094581816  -0.0067594344   0.0892820201   0.0005761594
50  4   0.1336943871  -0.0000727287  -0.0704126708   0.0657307910  -0.0734146907
50  5  -0.0145560242  -0.0429477301  -0.0539446595   0.0279100866  -0.0185945674
50  6  -0.0019130044   0.0213547033   0.0760770592   0.0063005010  -0.0514084378
50  7   0.0768384186  -0.0669608112  -0.1874441097  -0.0037242579   0.0256250253
50  8   0.0000280511  -0.0015710792   0.0259400563  -0.0016879209  -0.0189255756
50  9  -0.0014955718  -0.1449258071   0.0983215114   0.0161251876   0.0076307146
50 10   0.1312053299   0.0203341024   0.1294752063  -0.2899432094   0.0032414099
50 11  -0.0032724304  -0.0353424026  -0.0189284534  -0.0420633124   0.0163599600
50 12   0.2493960892  -0.1710562237   0.0373908469   0.0012784514  -0.0036951217
50 13   0.0706815835  -0.0286652163   0.0216214583  -0.0229743449  -0.0101841857
50 14   0.0051421437  -0.0079791315  -0.0506940223   0.0732169951  -0.0168659425
50 15  -0.0273358564   0.0000343645  -0.0000089604   0.0000251190  -0.0000017583
50 16  -0.0006418582  -0.0000196104  -0.0000971105  -0.0003179351  -0.0005323484
50 17  -0.0000503828
51  1   0.0063688332  -0.0609656506  -0.0118605677   0.0340404024  -0.0468019779
51  2   0.0850809109   0.0890355241  -0.0210248196   0.0348934201   0.1419070399
51  3  -0.0151269340  -0.0371591098   0.0133759385  -0.1016851851  -0.0734095815
51  4  -0.0526776724   0.0832959691  -0.0565770656  -0.2846896374   0.3296741903
51  5  -0.0280754809  -0.0381186382  -0.0573627935  -0.0090738019   0.1111376822
51  6   0.0024636404  -0.0513182077  -0.0331352303  -0.0026543271  -0.0039545067
51  7  -0.0021011474  -0.0386372541  -0.1109507265  -0.0023818388  -0.0024879735
51  8  -0.0003884526   0.0340500932  -0.1387897176   0.0087269925   0.1135483195
51  9   0.0089565655  -0.0732836782   0.0510661194   0.0070155115   0.0008352337
51 10   0.0068625758  -0.0015502885   0.0664299846  -0.1375662104   0.0927958915
51 11  -0.0255067956  -0.0081746309  -0.0015060883   0.0182874335  -0.0065326503
51 12  -0.0883831014   0.0578481462   0.0031844899   0.0003942576  -0.0032760104
51 13   0.0399928947   0.0354636079  -0.0234139786  -0.1211393289  -0.0418239596
51 14   0.0020893116   0.0004726528   0.0261098614  -0.0347498075   0.0055285515
51 15   0.0466980599  -0.0000657646   0.0000027274   0.0002923312  -0.0000016493
51 16   0.0007270478   0.0000363024   0.0000524976  -0.0001068154   0.0002954160
51 17   0.0000526839
52  1  -0.0088615255  -0.0018399324   0.0729242651  -0.0109904985   0.0998095456
52  2  -0.1163979365   0.0710885682  -0.1363854254  -0.0475089611   0.0224575591
52  3   0.0173509420   0.0492538860   0.0262339905  -0.1439180818   0.0275604295
52  4  -0.0434524468  -0.0246707463  -0.0888404105   0.0617734163  -0.0808462283
52  5   0.0193678596  -0.0314026302  -0.0507320852  -0.0016079976   0.0595313382
52  6   0.0018162593  -0.0158821565  -0.1140887381  -0.0120036076   0.0395066985
52  7  -0.0815199405  -0.0622912180  -0.1932679843  -0.0061844023  -0.0589124071
52  8  -0.0004329222   0.0479506165   0.0549457059  -0.0107889331   0.2110114068
52  9   0.0085230527   0.0029968703   0.0020808128   0.0001120855  -0.0033152319
52 10  -0.0693323349  -0.0152286222   0.0183320951  -0.0318789306   0.0404071690
52 11  -0.0109497025   0.0196963574   0.0129548950   0.0140714609  -0.0066292099
52 12   0.0257785198  -0.0113514645   0.0143179273  -0.0011127240   0.0074552319
52 13  -0.1015163398  -0.1145259269   0.0739880527   0.3305003015   0.1151028558
52 14   0.0098335790  -0.0281411683  -0.0895223769   0.1283246062  -0.0408940529
52 15  -0.0068298230   0.0003136072  -0.0000203009   0.0010490703   0.0000148844
52 16   0.0001456431  -0.0000621094  -0.0000770018   0.0004910062   0.0000034614
52 17  -0.0000924810
53  1  -0.0007971508   0.0017736825   0.0748108869   0.0719343113   0.0892165528
53  2   0.0164138792   0.0947201331   0.1759584124  -0.0046596130  -0.0510764236
53  3  -0.0040089560   0.0138048520   0.0021718852  -0.0225211001  -0.0016093059
53  4   0.1028416556   0.0069527422  -0.1224967578   0.0238410363  -0.0238353621
53  5   0.0947704969  -0.0335511116  -0.0690205775   0.0208808003   0.0245653566
53  6   0.0002612829   0.0060561650   0.1745320044   0.0254662666   0.0724381894
53  7  -0.1006309777   0.0133047998   0.0379338842   0.0006582201  -0.0283190624
53  8  -0.0002047565   0.0161638896   0.0154792383  -0.0030851301   0.0686368666
53  9   0.0030970287  -0.0939515606   0.0655469838  -0.0031235153  -0.0019853132
53 10  -0.0378205079  -0.0073501428   0.0088638320  -0.0164446847   0.0064082549
53 11  -0.0021677885  -0.0021356570  -0.0005903286   0.0115161924  -0.0045936154
53 12   0.1309770809  -0.0912613191  -0.0784201509   0.0002761705   0.0037967743
53 13  -0.1264452499   0.1670255163  -0.1123832615   0.1494498703   0.0626353700
53 14  -0.0715888808   0.1227329046   0.1212838812  -0.1839968654   0.0647461127
53 15  -0.0761624667   0.0003752429   0.0000253238   0.0030132162  -0.0000060717
53 16  -0.0009733270   0.0000192308   0.0001040024   0.0008319307  -0.0014191041
53 17   0.0000512394
54  1   0.0101158354   0.0109641326  -0.0744543366   0.0769317507  -0.1203774259
54  2   0.1032296522   0.1263605520  -0.0181154041   0.1068498922   0.0871086489
54  3  -0.0282971168  -0.0926008591  -0.0313385212  -0.0961157485   0.0011118839
54  4  -0.0304262674   0.0270718865  -0.0780305802  -0.0853377578   0.1187524970
54  5   0.0233347534  -0.0296569562  -0.0388140503   0.0504007577  -0.0842552079
54  6  -0.0013501048   0.0062273040  -0.0522633244  -0.0043687800   0.0469477956
54  7  -0.0843591889  -0.0265395968  -0.0746490246  -0.0010499832   0.1200848523
54  8   0.0008197191  -0.0731313677  -0.0904551605   0.0166658820  -0.3234864528
54  9  -0.0131650324  -0.0198464885   0.0162859154  -0.0301644891  -0.0019082416
54 10  -0.0445811884  -0.0098785322   0.0137684092  -0.0246011322   0.0294370515
54 11  -0.0081418200   0.0117775871   0.0079175203   0.0121725354  -0.0054519950
54 12   0.0424263555  -0.0255626775  -0.0075810374  -0.0006249694   0.0056166032
54 13  -0.0917312614  -0.0362774400   0.0223885280   0.2422731607   0.0869220282
54 14  -0.0091128239   0.0085239504  -0.0306416165   0.0418252309  -0.0117113239
54 15  -0.0210296921   0.0002883419   0.0000039284   0.0013298159   0.0000095120
54 16  -0.0001054205  -0.0000379684  -0.0000157287   0.0005020818  -0.0002542593
54 17  -0.0000580599
55  1  -0.0102039752  -0.0574922099   0.0445627820  -0.0803338265   0.0876611386
55  2  -0.1438470124   0.0832399646  -0.1754805080  -0.0980922455   0.0185091482
55  3  -0.0225627362   0.0170337910   0.0154748873  -0.0862548247  -0.0598467867
55  4  -0.0400862944   0.0874922244  -0.0644165735   0.0748282833  -0.0608698972
55  5   0.0358008188  -0.0313710772  -0.0576525979  -0.0101821479   0.0966915092
55  6   0.0014970418  -0.0188600673   0.1602025514   0.0236816780   0.0804283842
55  7  -0.1306173235  -0.0638385088  -0.1919550155  -0.0053073819   0.0062294924
55  8   0.0002485639   0.0057859970  -0.0319675985   0.0068672740  -0.1507962561
55  9  -0.0073062712  -0.0147248713   0.0150426388   0.0472241023   0.0014012933
55 10   0.0687865534   0.0233989873  -0.1484671134   0.2972303959  -0.0253958097
55 11   0.0056756882  -0.0568903803  -0.0308632213  -0.0110841433   0.0043786809
55 12   0.0518812532  -0.0354736962   0.0028743731   0.0003047442  -0.0014795109
55 13   0.0260882336  -0.0271277520   0.0198410534  -0.0831600515  -0.0325157818
55 14   0.0229309879  -0.0352293018   0.0732679184  -0.0956052425   0.0163727946
55 15   0.0088730512  -0.0144062619  -0.0000118302  -0.0742608626   0.0000076281
55 16  -0.0000974326   0.0000185300   0.0000307276   0.0005449466  -0.0000367834
55 17   0.0000396479
56  1  -0.0001421995  -0.0111356204   0.1203406874   0.1265250656   0.1161313987
56  2   0.0438281950   0.0922457575   0.1926052719   0.0026271007  -0.0766112822
56  3  -0.0261767405  -0.0032148039  -0.0023831102  -0.1079239026  -0.0152414904
56  4   0.0377908332   0.0340243081  -0.1299708716   0.0294572150  -0.0191026460
56  5   0.0942600149  -0.0447177592  -0.0898350725   0.0246153441   0.0399106680
56  6   0.0016195443  -0.0143679690  -0.0852424771  -0.0065669483   0.0537861686
56  7  -0.0817327624   0.0194412950   0.0430040229   0.0002213411  -0.0137468518
56  8   0.0001052939  -0.0036586186  -0.0087920970   0.0025851333  -0.0531674365
56  9  -0.0022193633   0.1495762761  -0.1042111812   0.0175425747   0.0025991203
56 10   0.0548778218   0.0119758841  -0.0100138734   0.0126017937  -0.0476318013
56 11   0.0144159056   0.0673315322   0.0339204413  -0.0066244456   0.0026885911
56 12  -0.0231859124   0.0150962727  -0.1460053629  -0.0013688929   0.0002449769
56 13  -0.0292199650  -0.0161057823   0.0095278514  -0.2388467682  -0.0802778632
56 14  -0.0269191720   0.0455118018  -0.2126587231   0.2844471830  -0.0555989752
56 15   0.0170389802  -0.0026733197  -0.0000098078   0.0129168187  -0.0000042827
56 16  -0.0016445621  -0.0000061160  -0.0000367706  -0.0014973987   0.0001239383
56 17  -0.0000079630
57  1   0.0102429025   0.0887924731  -0.1232557907   0.0508838775  -0.1542735387
57  2   0.0835200779   0.1186322536  -0.0080428756   0.1441528243   0.1344742382
57  3   0.0494914036  -0.0313247458  -0.0116473004  -0.0149275803   0.1105739869
57  4   0.0759861369  -0.1282097620  -0.1069311605  -0.1078560356   0.0922132617
57  5   0.0371305625  -0.0332423750  -0.0449248978   0.0712782004  -0.1386977953
57  6  -0.0027920483   0.0416370418   0.0611089088   0.0091490899   0.0682032151
57  7  -0.1112230491  -0.0303336591  -0.0893920722  -0.0029816920   0.0334011880
57  8  -0.0002932361   0.0003590779   0.0475902967  -0.0112639155   0.2426138786
57  9   0.0114030839   0.0170461458  -0.0075451542  -0.0372878736   0.0025733595
57 10   0.0720313130   0.0206385844  -0.1006808959   0.1987976105  -0.0290901148
57 11   0.0073286615  -0.0202517519  -0.0117505454  -0.0085694597   0.0034254238
57 12   0.0284182245  -0.0197446890  -0.0291509093  -0.0000746780  -0.0008321113
57 13   0.0107316234  -0.0211450643   0.0148889510  -0.1048652770  -0.0379141492
57 14   0.0089635936  -0.0127666269   0.0011067484   0.0001938554  -0.0011995518
57 15   0.0090008002  -0.0096751051   0.0000028345  -0.0440537522   0.0000068770
57 16  -0.0004047461   0.0000076776   0.0000259642   0.0000301878   0.0000259993
57 17   0.0000132417
58  1  -0.0072146622  -0.0471342174  -0.0396290219  -0.1425998516   0.0213614774
58  2  -0.1639245322   0.1209214399  -0.2155833566  -0.1016725729  -0.0178123716
58  3  -0.0808509241  -0.0875553236   0.0265913817   0.0181172207  -0.0327938675
58  4   0.0345553917   0.0552865006  -0.0761044073  -0.0164213786   0.0418015399
58  5   0.0732497748  -0.0069924955  -0.0120369944   0.0456018710  -0.1070240456
58  6  -0.0029057881   0.0373630960   0.1844437433   0.0212663205  -0.0078170293
58  7   0.0307627668   0.0134121005   0.0347271917   0.0002980441   0.0083063075
58  8  -0.0009283658   0.0675627222  -0.0364887225   0.0013941988   0.0174678736
58  9   0.0005905578   0.1891801674  -0.1318723733  -0.0777483488   0.0008850267
58 10   0.0073100409  -0.0009149340   0.0101536408  -0.0157241796   0.0356871830
58 11  -0.0102742186  -0.0421472607  -0.0212588450  -0.0460822673   0.0186729934
58 12  -0.1236020617   0.0828331160   0.0325063295   0.0000230836  -0.0038864849
58 13   0.1002929802   0.0791315325  -0.0552439984   0.1344941179   0.0515900166
58 14  -0.0450210343   0.0718571418  -0.1444839228   0.1883928260  -0.0297324176
58 15  -0.0365396635   0.0304587269  -0.0000111736  -0.0046671993   0.0000026790
58 16  -0.0006231680  -0.0000176396  -0.0000550041   0.0018794490  -0.0000412343
58 17  -0.0000139322
59  1   0.0006875273  -0.0088110457   0.0820347707   0.0920037346   0.0879177681
59  2   0.0304319615   0.1063289621   0.1735492268  -0.0029573683  -0.0847720728
59  3  -0.0444222628  -0.0377316288   0.0013876978  -0.0553460741  -0.0082281304
59  4   0.0730023313   0.0243753334  -0.1317899358  -0.0010340868   0.0150750653
59  5   0.1051509360  -0.0425701842  -0.0853208614   0.0475887843  -0.0269163675
59  6   0.0002518236   0.0036325467  -0.1203313016  -0.0135372228   0.0035768602
59  7   0.0065118062   0.0540533499   0.1399124575   0.0023465170  -0.0117540910
59  8  -0.0002786633   0.0179451598  -0.0049922288   0.0002640502   0.0051006065
59  9   0.0003872036   0.3233731127  -0.2269679299  -0.0205340331   0.0032049564
59 10   0.0493725618   0.0068905958   0.0313908538  -0.0637341584   0.0405363285
59 11  -0.0121653570  -0.0526287741  -0.0265396592   0.0150998297  -0.0060338398
59 12   0.0397377049  -0.0261536183   0.0110058716   0.0002384504  -0.0024484324
59 13   0.0638235078  -0.0681326654   0.0479323853   0.0840723339   0.0223618459
59 14   0.0515900801  -0.0851242767   0.1856853580  -0.2417393579   0.0387457699
59 15   0.0108970311   0.0730079203   0.0000104165  -0.0207816496  -0.0000011264
59 16   0.0006538379   0.0000064654   0.0000139873   0.0005167970   0.0000686544
59 17   0.0000033038
60  1   0.0036020859   0.0654370473  -0.0943982623  -0.0013911153  -0.1087681065
60  2   0.0458595503   0.0720749582  -0.0016187277   0.1035595245   0.2367484039
60  3   0.1543692567   0.1383306705  -0.0237179282   0.0124094192   0.0379918656
60  4   0.0884459949  -0.0536490524  -0.0957534650   0.0282770282  -0.0558635030
60  5   0.0784798676  -0.0111402469  -0.0380690594  -0.0452157287   0.1718802170
60  6   0.0033225546  -0.0297097951   0.1198902276   0.0148801813  -0.0085130607
60  7   0.0291361315   0.0149279533   0.0362376092  -0.0001389874  -0.0022023343
60  8   0.0015583404  -0.0989746599   0.0795100466  -0.0044717341  -0.0258195709
60  9  -0.0018794148   0.1908326748  -0.1333664106   0.1222967347  -0.0011498759
60 10  -0.0267614561  -0.0065799009   0.0192251598  -0.0334695177   0.0355297204
60 11  -0.0102329519  -0.0355933535  -0.0176954895  -0.0285376458   0.0114941023
60 12  -0.0685015985   0.0459475907   0.0212701231   0.0000465451  -0.0029611120
60 13   0.0767623954   0.0348888053  -0.0243448520   0.1031780013   0.0374352649
60 14  -0.0172303392   0.0269924007  -0.0510975200   0.0668288533  -0.0103569190
60 15  -0.0206190687   0.0352093371  -0.0000020134  -0.0074249506   0.0000084894
60 16  -0.0002438241  -0.0000088393  -0.0000204253   0.0012934918  -0.0000061929
60 17  -0.0000090466
61  1  -0.0010867633   0.0159254811  -0.1623848514   0.0306231973  -0.0677293358
61  2  -0.1263107528   0.1572985164  -0.1832029845   0.0291887620  -0.0739756576
61  3  -0.0402806548   0.1649657763   0.0466289540  -0.0887817202  -0.0368629752
61  4  -0.0150001168   0.0425808614  -0.0947792439  -0.0407032418   0.0385108157
61  5   0.0715058149  -0.0233885849  -0.0466539809   0.0245462708  -0.0038742749
61  6   0.0010752709   0.0004331566  -0.1196973496  -0.0171314946  -0.0264604841
61  7   0.0473088854   0.0709789125   0.2034065977   0.0043354430  -0.0285135946
61  8  -0.0003560492   0.0060263245   0.0826830604  -0.0052962260  -0.0173073785
61  9  -0.0017758362  -0.1743968132   0.1193511015   0.0072419237   0.0018609429
61 10   0.0471673014   0.0115813198  -0.0168597752   0.0260173015  -0.0500403203
61 11   0.0129775885  -0.0113329217  -0.0081740355  -0.0015932520   0.0008498526
61 12   0.0555532411  -0.0391263336  -0.0300538661   0.0001229591  -0.0023471401
61 13   0.0524224302   0.0032315598   0.0000892606   0.0868506184   0.0283042305
61 14  -0.0082758970   0.0190789465   0.0091082578   0.0105168766  -0.0470542721
61 15   0.3570776582   0.0001856762   0.0000095997   0.0000998836  -0.0000030703
61 16   0.0003475434   0.0000458839   0.0001696080  -0.0002611036   0.0000316216
61 17   0.0001135379
62  1  -0.0005969485  -0.0032532662  -0.1258732318  -0.0891135775  -0.0372175430
62  2  -0.0687486055   0.1390107422   0.0931928932  -0.0330497684  -0.0304327825
62  3  -0.0053869062   0.0636662002   0.0115041917   0.2364355595  -0.0619722462
62  4   0.2796403809   0.0588633765  -0.0947630410  -0.0097575437   0.0199322545
62  5   0.1857898611   0.0927493203   0.1409091459  -0.0549767200  -0.0152218059
62  6   0.0025721533  -0.0244626844  -0.1981926610  -0.0165010884   0.1219281219
62  7  -0.2179075871  -0.0211131657  -0.0491553867  -0.0009751393  -0.0040299827
62  8  -0.0001517143   0.0034009499   0.0339134422  -0.0023035787  -0.0026994222
62  9  -0.0004706276  -0.0024342128   0.0012556144  -0.0049230483  -0.0008759705
62 10  -0.0206434958  -0.0046813218  -0.0004917135   0.0067329103   0.0442324446
62 11  -0.0121420975  -0.0046858513  -0.0005668339   0.0045630719  -0.0018883933
62 12  -0.0000554494   0.0012694898   0.0044740482   0.0000297811  -0.0008139219
62 13   0.0217783626   0.0086419594  -0.0060776746  -0.0240667724  -0.0083725407
62 14  -0.0003420855   0.0008515956  -0.0075370532   0.0066040565   0.0064708550
62 15  -0.0572501084   0.0000855188   0.0000015251   0.0000243730  -0.0000028904
62 16  -0.0000167170   0.0000094413  -0.0000233009   0.0001432684  -0.0000595021
62 17   0.0000124626
63  1  -0.0048777316  -0.0271718401   0.1685534419  -0.1788464482   0.0671956056
63  2   0.0300504823   0.0073101765  -0.0171612998  -0.0726146325   0.2964224193
63  3   0.0813606415  -0.2662211853  -0.0567098585   0.0484803763   0.0639736356
63  4   0.0883258914  -0.0464604840  -0.0899479018   0.0705585876  -0.0556377950
63  5   0.0885012483   0.0068769203  -0.0020490978  -0.0082216070   0.0202576435
63  6   0.0003756287  -0.0146204099  -0.1134514852  -0.0128573394   0.0087657656
63  7  -0.0135276555   0.0414376824   0.1195539143   0.0034080016  -0.0100281816
63  8   0.0006766544  -0.0248617316  -0.1475659699   0.0094534843   0.0160361354
63  9   0.0021554796  -0.1071705449   0.0728395018   0.0070156801   0.0008531572
63 10   0.0248063301   0.0062120165  -0.0105019182   0.0175187289  -0.0217453084
63 11   0.0056243014  -0.0087036801  -0.0053853704  -0.0004831380   0.0001541147
63 12   0.0344051848  -0.0237724260  -0.0178052091   0.0000203064  -0.0017550384
63 13   0.0372004340   0.0039100012  -0.0012544387   0.0491858025   0.0154096874
63 14  -0.0052797924   0.0121454517   0.0041431278   0.0078602190  -0.0284382381
63 15   0.2115482504   0.0001252876  -0.0000111449   0.0000455307   0.0000068030
63 16   0.0002090392   0.0000388998   0.0000989730  -0.0001497604  -0.0000185641
63 17   0.0000919796
64  1  -0.0115985870   0.0884237205   0.1954708500   0.0024934331   0.1637958202
64  2  -0.0955954593   0.0344072506  -0.0957779925  -0.0410593773   0.0573493774
64  3   0.0495611465   0.0738795667   0.1079997754  -0.2085653313   0.0233922662
64  4  -0.0496897795  -0.0352496298  -0.1371309610  -0.1392625321   0.1274573205
64  5   0.1326858496   0.1024972379   0.1666629239  -0.0592088864  -0.0329941216
64  6  -0.0032287226   0.0179966841  -0.0687700631  -0.0113345887  -0.0496813105
64  7   0.0615995115  -0.0328962308  -0.0987993585  -0.0022074212   0.0282081806
64  8   0.0006817279  -0.0069424247  -0.0171821725   0.0013892095  -0.0351426266
64  9  -0.0024139457   0.0701619067  -0.0488824922  -0.0070916830  -0.0013077596
64 10  -0.0386506993  -0.0106879066   0.0269671999  -0.0562729466  -0.1069327219
64 11   0.0277006327  -0.0333533127  -0.0210536010  -0.0226380847   0.0085564803
64 12   0.0780059348  -0.0539984920  -0.0037551621   0.0002688917  -0.0020685247
64 13   0.0246453758   0.0143707694  -0.0085756100  -0.0601543048  -0.0187954444
64 14  -0.0264330968   0.0491112064   0.0309139717  -0.0481994915   0.0202470768
64 15  -0.0142758048  -0.0000376500   0.0000249876  -0.0000190940  -0.0000033571
64 16   0.0060521464  -0.0001869722   0.0001692281  -0.0005817144  -0.0682899689
64 17   0.0005303993
65  1  -0.0015924554   0.0339801952   0.1229654148   0.0842007709   0.1145403137
65  2   0.0275582314   0.0814205821   0.1931546720   0.0002350699  -0.0417485856
65  3   0.0057469475   0.0209746017   0.0305115242  -0.0556980379  -0.0020571874
65  4   0.0956568215   0.0035319866  -0.1467180628  -0.0451053545   0.0485582106
65  5   0.1520835301   0.0272868090   0.0271718409  -0.0075295199  -0.0089071805
65  6  -0.0016776555   0.0211173674   0.2578636093   0.0339260099   0.0467519634
65  7  -0.0513047267   0.0444815577   0.1380528534   0.0040753506  -0.0060701113
65  8   0.0001203845  -0.0024948310  -0.0119152575   0.0014321785  -0.0173288111
65  9  -0.0006436976  -0.1996957475   0.1367429519  -0.0156133612  -0.0045349811
65 10  -0.0937659272  -0.0194825142  -0.0008176134   0.0144715667   0.0210150912
65 11  -0.0047050717  -0.0023102276  -0.0001119500  -0.0018227278   0.0002461044
65 12  -0.1091559186   0.0773861974   0.0527235163  -0.0006064871   0.0010584602
65 13   0.0391982436  -0.0302101106   0.0184127078   0.0004903391  -0.0079820961
65 14   0.0768644393  -0.1378560735  -0.0580309799   0.0900600514  -0.0315383709
65 15   0.0417127773  -0.0000570028   0.0000755538  -0.0004591788  -0.0000139576
65 16   0.0590830826   0.0002946725  -0.0007759110  -0.0016214345  -0.0082117111
65 17  -0.0000274739
66  1   0.0163096098  -0.0972284824  -0.1460442495   0.1930745790  -0.1617868628
66  2   0.1403489955   0.1712565114  -0.0248474691   0.1433679191  -0.0133284634
66  3  -0.0978563700  -0.1515184081  -0.1465117145  -0.1668521265   0.0188895524
66  4  -0.0610705728   0.0501467788  -0.1124317627   0.2097861340  -0.1718901775
66  5   0.1467937481   0.0764200196   0.1181438549  -0.0560479605   0.0062873860
66  6   0.0050918275  -0.0430468193   0.0369065543   0.0034859273  -0.0310020977
66  7   0.0438107831  -0.0144098676  -0.0434078204  -0.0014688681  -0.0254851033
66  8  -0.0009952327   0.0145369264   0.0297683687  -0.0026034032   0.0614232591
66  9   0.0041119065   0.0023326943  -0.0013587967  -0.0041270529  -0.0015319346
66 10  -0.0432750034  -0.0104924733   0.0162637820  -0.0315008985  -0.0628157444
66 11   0.0162592179  -0.0212632666  -0.0133364685  -0.0146918089   0.0055670653
66 12   0.0262088722  -0.0180091398   0.0087561428   0.0000950885  -0.0009593919
66 13   0.0242116315   0.0029659310  -0.0017891785  -0.0382928798  -0.0132289681
66 14  -0.0000805536   0.0013334655   0.0072118576  -0.0111861100   0.0065692102
66 15  -0.0005157489  -0.0000294599   0.0000528499  -0.0000890437  -0.0000078609
66 16   0.0169145770  -0.0000584415  -0.0000515755  -0.0007117492  -0.0447758633
66 17   0.0003095146
67  1  -0.0035571235  -0.0286709118   0.0903556811   0.1487014054   0.1731563056
67  2  -0.0759277472   0.0253716114  -0.0676342595  -0.0051974344   0.0605604563
67  3   0.0889183018   0.1390840359   0.0648961714  -0.2289866780   0.1523985632
67  4   0.0221527617  -0.1799830716  -0.2075338209  -0.0771151971   0.0349055070
67  5   0.2620097169   0.2387608375   0.3913437520  -0.0699090571  -0.3201738102
67  6   0.0587453106  -0.4671179987   0.2038578125   0.0263303000  -0.2080776217
67  7   0.3490989372  -0.0094614934  -0.0321934090   0.0054288209  -0.0302301388
67  8  -0.0019802212   0.0654127743  -0.0210979286   0.0096580707  -0.1167448188
67  9  -0.0039147989   0.0613947908  -0.0505325455   0.0580143247   0.0188304024
67 10   0.4239452309   0.0957208932  -0.0986207453   0.1703261200   0.3100512476
67 11  -0.0819298394   0.0853772956   0.0552019532   0.0703657587  -0.0269125156
67 12   0.1228291830  -0.0842444425  -0.1309354261  -0.0002433728   0.0140323078
67 13  -0.2226419539   0.3367357240  -0.2336457913   0.3056458646   0.0925081128
67 14   0.2304371384  -0.4311866099  -0.1336870379   0.2098249960  -0.0865987947
67 15   0.0442418923   0.0008314417  -0.0006058308   0.0019402130   0.0001416678
67 16  -0.4012679538  -0.0022740275   0.0046426194   0.0089651041   0.1402523064
67 17  -0.0009333476
68  1   0.0004425726  -0.0296130597   0.0363891600   0.0932075792   0.0958643124
68  2   0.0083200379   0.0829760507   0.1816261166  -0.0048499905  -0.0235392436
68  3   0.0289722441   0.0554614984   0.0062037382  -0.0242581615   0.0486664897
68  4   0.1247014297  -0.0599080748  -0.1377152786  -0.0129960203  -0.0021955899
68  5   0.0693821713  -0.0959224251  -0.1673798987   0.0992189283  -0.0870213046
68  6   0.0221457502  -0.1669200397   0.2081078449   0.0356648070   0.1286653758
68  7  -0.1960268521   0.0277964597   0.0673053217   0.0031698000  -0.0243196969
68  8  -0.0007171774   0.0197179364  -0.0189872257   0.0046465983  -0.0511356019
68  9  -0.0014247850  -0.2010952236   0.1445415097  -0.0770358511  -0.0201877714
68 10  -0.4568605398  -0.1021196866   0.0981848320  -0.1660094068  -0.3034583615
68 11   0.0794186135  -0.0960562011  -0.0605373855  -0.0724527162   0.0280771545
68 12  -0.1551837472   0.1057469386   0.1585773864   0.0008509202  -0.0128906362
68 13   0.2369755648  -0.2873276865   0.1998142709  -0.2910748262  -0.0988463285
68 14  -0.1220131742   0.2389977516   0.0884515033  -0.1222797006   0.0224147222
68 15   0.0066678650   0.0008892124  -0.0009985066  -0.0000301962   0.0001682371
68 16  -0.7304291863  -0.0035528429   0.0087811629   0.0160050350   0.2687856937
68 17  -0.0012261593
69  1   0.0049464152   0.1287908134   0.1111648833   0.0395543170  -0.1383840764
69  2   0.1547524028   0.1772985594  -0.0320492408   0.1174953061  -0.0480883886
69  3  -0.1773865968  -0.2759540500  -0.0618746480  -0.2052943874  -0.1955289400
69  4  -0.1770723916   0.3029068495  -0.0666321964   0.0931639303   0.0075012509
69  5   0.1754453802   0.1642401369   0.2470821541  -0.2351554155   0.4214989054
69  6  -0.0970341014   0.7584436360  -0.1258040414  -0.0348171392  -0.0239298855
69  7   0.0186878411  -0.0054422948   0.0218412419  -0.0071039030   0.0626411621
69  8   0.0030813240  -0.0945101594   0.0455848003  -0.0164054585   0.1999708270
69  9   0.0068920598  -0.0045132259   0.0012765750   0.0399143462   0.0058126793
69 10   0.1415590257   0.0321928467  -0.0355325069   0.0618155626   0.1163362386
69 11  -0.0310270048   0.0303207028   0.0196995271   0.0257772118  -0.0097343135
69 12   0.0435253461  -0.0302314375  -0.0460137407   0.0000516579   0.0058905411
69 13  -0.0850923141   0.1453992601  -0.1008515009   0.1254634581   0.0361449254
69 14   0.1159075958  -0.2144886513  -0.0633009468   0.1030754700  -0.0481873840
69 15   0.0282452946   0.0007280248  -0.0005829110   0.0012733377   0.0001230416
69 16  -0.4146056558  -0.0022277234   0.0048827672   0.0092067770   0.1478077959
69 17  -0.0008776919
70  1  -0.0031720587  -0.4718960841  -0.0345057124   0.2403432647   0.2039862338
70  2  -0.0992023860   0.0150476527  -0.0925403234  -0.0720289119   0.0811640212
70  3   0.1258542621   0.3060871695  -0.1578566026  -0.2553286821   0.2001226235
70  4   0.0735222617  -0.3209912729  -0.2393307547  -0.1349069573   0.1227357971
70  5   0.1915692158   0.1394245444   0.2248039584  -0.0819606511  -0.0266006779
70  6  -0.0217552171   0.1532310141  -0.0968850116  -0.0170572016  -0.0531191438
70  7   0.0661418317  -0.0268190758  -0.0784240278   0.0000352785   0.0815019911
70  8   0.0010309758  -0.0643337403  -0.0530877965   0.0036659733  -0.0122420144
70  9  -0.0006585785   0.0738241778  -0.0519770840  -0.0040044719  -0.0000690793
70 10  -0.0101738264  -0.0043480212   0.0202502133  -0.0446498143  -0.0862410830
70 11   0.0223213132  -0.0259025754  -0.0164003378  -0.0197408711   0.0074445421
70 12   0.0847169947  -0.0584350193  -0.0059541490   0.0002957023  -0.0019952181
70 13   0.0185487205   0.0034367512  -0.0009473967  -0.0501824290  -0.0143434008
70 14  -0.0415454659   0.0760762781   0.0351490357  -0.0564266133   0.0251582135
70 15  -0.0257796314  -0.0007259517   0.0002267911  -0.0015494127  -0.0000801208
70 16   0.3059678443   0.0047592873  -0.0062966325   0.0006612477   0.7985311596
70 17  -0.0059967366
71  1   0.0018635266  -0.1311470355   0.0989080052   0.2117517958   0.1529611100
71  2   0.0555126473   0.0695157742   0.2180882251   0.0091401064  -0.0527466129
71  3   0.0220656033   0.0868199780  -0.0485771610  -0.1307970722   0.0554646260
71  4   0.1238346962  -0.0821808661  -0.2197781140  -0.0551165639   0.0667220976
71  5   0.3156824012   0.2277665326   0.3504531769  -0.1370543546  -0.0353703365
71  6  -0.0100055700   0.0802016906   0.4122077313   0.0433133591  -0.1098486055
71  7   0.2116367717   0.0773315610   0.2575930473   0.0094888689   0.0072880867
71  8   0.0001126236  -0.0174776485  -0.0194385836   0.0020575336  -0.0075341438
71  9   0.0000281695  -0.2389562524   0.1534534479   0.0694735089   0.0191393555
71 10   0.4414477412   0.1010750048  -0.1451042111   0.2736795535   0.5707984145
71 11  -0.1492034177   0.1724711229   0.1116098439   0.1029474152  -0.0385961529
71 12  -0.3037216603   0.2051562373   0.0968195712   0.0012271029  -0.0091407214
71 13  -0.0058160394  -0.5353857539   0.3666846763   0.0882822013   0.0585644467
71 14  -0.3228892682   0.5848429417   0.1203512561  -0.1874667990   0.0552853443
71 15  -0.0796490674  -0.0003661164  -0.0000370515  -0.0020933758   0.0000064361
71 16  -0.0523137344  -0.0006395540   0.0010989102  -0.0000456745  -0.1358874352
71 17   0.0010959895
72  1   0.0030758881   0.8026345487   0.2363450716  -0.1720984331  -0.2174335963
72  2   0.1546818941   0.2000248566  -0.0228357155   0.1977004463  -0.0563428166
72  3  -0.2221999676  -0.5250629255   0.2802515855  -0.1085121080  -0.2635531765
72  4  -0.2613182987   0.5086703876   0.0396973500   0.1993649290  -0.1584889972
72  5   0.0941017392   0.0746596178   0.1180804070  -0.0570351311  -0.0124300959
72  6   0.0339972712  -0.2545669725   0.1242840251   0.0152605410  -0.0733694756
72  7   0.1171335892  -0.0172936044  -0.0495567645  -0.0038836134  -0.1110100539
72  8  -0.0015885597   0.1074195265   0.0887060943  -0.0063099699   0.0259988947
72  9   0.0013539708  -0.0040497511   0.0009553464   0.0173112689   0.0038125546
72 10   0.0761480833   0.0164123172  -0.0158226465   0.0259695899   0.0600801153
72 11  -0.0160330333   0.0180400491   0.0117186934   0.0087611205  -0.0031669813
72 12  -0.0110795650   0.0063974799   0.0170146523   0.0004884418  -0.0030739306
72 13   0.0116733306  -0.1111009108   0.0768828857  -0.0140428812   0.0035997802
72 14  -0.0941974049   0.1713456631   0.0477314286  -0.0751661460   0.0281772564
72 15  -0.0332061640  -0.0005256539   0.0001628616  -0.0014096961  -0.0000533605
72 16   0.1810617753   0.0028435367  -0.0037022070   0.0004116275   0.4724798498
72 17  -0.0035578044
73  1  -0.0136799640  -0.0725407666   0.1131606711  -0.1101222054   0.1293203655
73  2  -0.1485744711   0.0633910842  -0.1734450125  -0.1322703097   0.0433067254
73  3  -0.0137869918   0.0332749661   0.0273911443  -0.1135454331  -0.1566471969
73  4  -0.0980708136   0.2160649170  -0.0371844369   0.0834063554  -0.0305342316
73  5   0.0298886145  -0.0367808734  -0.0593787082   0.0356236725  -0.0289339284
73  6   0.0129206071  -0.1067719113   0.1863548710   0.0290662902   0.0784681236
73  7  -0.1227055447  -0.0476695876  -0.1365091460  -0.0005114031   0.2136384727
73  8   0.0074534619  -0.4030569778   0.3146350140  -0.0360169898   0.3734716396
73  9   0.0122340849  -0.0236155464   0.0220799037  -0.1450602010   0.0042297868
73 10   0.1207701749   0.0334754231  -0.1658209055   0.3294666236  -0.0298586306
73 11   0.0068378704  -0.0579751661  -0.0315492866  -0.0164376100   0.0064974630
73 12   0.0517095666  -0.0353690486   0.0121232304   0.0003871825  -0.0020441683
73 13   0.0394927985  -0.0383541002   0.0277455752  -0.0883219043  -0.0355004972
73 14   0.0298981302  -0.0464122690   0.0942755503  -0.1229511486   0.0206642458
73 15   0.0091454032   0.1861867982   0.0000652656   0.8280480760  -0.0000825731
73 16   0.0022025604  -0.0000306248  -0.0001549338  -0.0000335434   0.0009275028
73 17  -0.0000656850
74  1  -0.0003991082  -0.0122030423   0.1893315666   0.1842986201   0.1572759861
74  2   0.0740412059   0.0797042829   0.2192774803   0.0122005067  -0.0890192185
74  3  -0.0300034245  -0.0014190307  -0.0004204425  -0.2047266163  -0.0324827429
74  4  -0.0450270287   0.0642736804  -0.1157534296   0.0347542834  -0.0149792828
74  5   0.0365913460  -0.0728158630  -0.1210630968   0.0502847845   0.0031436618
74  6   0.0060563553  -0.0587216719  -0.3429264017  -0.0366505704   0.0649584336
74  7  -0.1309577746  -0.0495580125  -0.1622027561  -0.0039225731   0.0647608487
74  8   0.0024233357  -0.1338601564   0.0898984399  -0.0102839927   0.1166642734
74  9   0.0044161930  -0.0313987602   0.0280356189  -0.0340752676   0.0062980026
74 10   0.1609486272   0.0414767293  -0.1121138826   0.1955307797  -0.1666334892
74 11   0.0574004463   0.6978718118   0.3674066246  -0.4162004018   0.1657537318
74 12  -0.2083644233   0.1324382562   0.4939087611   0.0052223971  -0.0123431597
74 13   0.3086088619   0.2357508460  -0.1559629561   0.2993033561   0.1014495290
74 14  -0.0035344865   0.0084699437   0.1812513098  -0.2476291112   0.0584888387
74 15  -0.0422577673  -0.0217314144  -0.0000021677  -0.1107184718   0.0000030992
74 16  -0.0003899129   0.0000344134   0.0000164281  -0.0002746256  -0.0004997659
74 17   0.0000381962
75  1   0.0159484569   0.1135082393  -0.2220038449   0.1127513005  -0.2136910708
75  2   0.0978402411   0.1484763610  -0.0055887055   0.2023126617   0.0910903775
75  3   0.0339918082  -0.0579714388  -0.0309197925   0.0090173992   0.2674173672
75  4   0.1536950084  -0.3348843920  -0.1493582844  -0.1209109750   0.0427688786
75  5   0.0344416929  -0.0313300041  -0.0504044241   0.0014670279   0.0619321534
75  6  -0.0207860249   0.1778411101  -0.0409169026  -0.0066823190   0.0733784437
75  7  -0.1345780872  -0.0749505330  -0.2352417592  -0.0121469026  -0.2924515586
75  8  -0.0117479532   0.6511033534  -0.5058187492   0.0570802661  -0.5904937092
75  9  -0.0195900054   0.0091940023  -0.0017329795   0.2738946704  -0.0007394943
75 10   0.0247800637   0.0147371255  -0.1159457766   0.2291241781  -0.0482660832
75 11   0.0146887071   0.1042854779   0.0542540264  -0.0941248860   0.0374988291
75 12  -0.0089186743   0.0038219572   0.1042187889   0.0013166492  -0.0037564554
75 13   0.0891164209   0.0247868304  -0.0150301677   0.0046532189  -0.0014579307
75 14   0.0180124305  -0.0271718101   0.0960668846  -0.1274825120   0.0255389920
75 15  -0.0036587807   0.1127082098   0.0000609012   0.4984073507  -0.0000497367
75 16   0.0013154800  -0.0000178622  -0.0000743968  -0.0000578249   0.0004913993
75 17  -0.0000502288
76  1  -0.0074975580  -0.0721771495  -0.0620213337  -0.2096991247   0.0067624555
76  2  -0.1854044683   0.1329842560  -0.2471973609  -0.1382917629  -0.0238676050
76  3  -0.1195469023  -0.1543254274   0.0300214992   0.0813966112  -0.0801034820
76  4   0.0458176043   0.1192017948  -0.0541171775  -0.0697991626   0.1337799111
76  5   0.0616273559  -0.0017329960   0.0163936624   0.1234547657  -0.3522660234
76  6  -0.0030344313   0.0540150721   0.1216879442   0.0073090085  -0.1359900662
76  7   0.2402322578   0.0236785894   0.0584845911   0.0011437139   0.0406178162
76  8   0.0009940027  -0.0504688167   0.0856354134  -0.0127587932   0.1607288309
76  9   0.0050551649   0.1227028236  -0.0829568662   0.4189604139  -0.0192690054
76 10  -0.3853599183  -0.0808648294   0.0363426609  -0.0157417551   0.3712159215
76 11  -0.1004262781   0.1001195162   0.0725544548  -0.4678119851   0.1840352769
76 12   0.1810893035  -0.1287983220  -0.5221054773  -0.0037621203  -0.0058093351
76 13   0.0909870284  -0.1733917801   0.1198893177  -0.0277251338  -0.0197448764
76 14   0.0742378408  -0.1199544086   0.2323835752  -0.3011191783   0.0482329067
76 15  -0.0034793288  -0.3566124798  -0.0000083716   0.0756473158  -0.0000052143
76 16  -0.0004323318   0.0000088495   0.0000661451  -0.0044194347  -0.0000289858
76 17   0.0000286898
77  1   0.0014057038  -0.0137977922   0.1136259198   0.1251983887   0.1047340514
77  2   0.0489190294   0.1058005773   0.1838078851   0.0017772467  -0.1038196323
77  3  -0.0643804412  -0.0658776963   0.0015575974  -0.1072962099  -0.0136902118
77  4   0.0351667993   0.0392929632  -0.1349106307  -0.0197994552   0.0474337810
77  5   0.1036449976  -0.0520786389  -0.0964608549   0.0848587951  -0.1152409221
77  6   0.0008047635   0.0055866540  -0.0823001786  -0.0044908394   0.0999368888
77  7  -0.1507671356   0.0489687968   0.1299281926   0.0023226744  -0.0023842112
77  8   0.0004464155  -0.0290240827   0.0411151797  -0.0050511166   0.0608473030
77  9   0.0023100073   0.3792342658  -0.2675306181   0.2150718301   0.0086387127
77 10   0.1813858900   0.0373986895   0.0251079198  -0.0782838195  -0.1683605167
77 11   0.0439327651  -0.1511229330  -0.0903692770   0.2953809909  -0.1159899323
77 12  -0.1541649327   0.1089045747   0.3887762887   0.0028609677  -0.0020617373
77 13   0.0938236910   0.0974476660  -0.0666350212   0.2262769444   0.0807636862
77 14  -0.0224481879   0.0337340080  -0.0386377810   0.0495820687  -0.0075072662
77 15  -0.0105742036  -0.8093385410  -0.0000095434   0.1793687005  -0.0000153443
77 16  -0.0007584887   0.0000009625   0.0000486548  -0.0075875066   0.0001385152
77 17  -0.0000341717
78  1   0.0024207214   0.0975759812  -0.1376652907  -0.0081389430  -0.1290617946
78  2   0.0283751535   0.0624009957   0.0061799568   0.1267337885   0.2798098322
78  3   0.2287373018   0.2540968257  -0.0271819419   0.0603415251   0.0908852377
78  4   0.1544796639  -0.1402164931  -0.1090675392   0.1134568173  -0.2025241460
78  5   0.0922575805   0.0016418169  -0.0440422262  -0.1877833083   0.5669411901
78  6   0.0023453844  -0.0482491407   0.1005047149   0.0093518472  -0.0870234939
78  7   0.1577496252   0.0160770914   0.0341472096  -0.0009759847  -0.0494173244
78  8  -0.0015958566   0.0999688739  -0.1205290264   0.0186854783  -0.2648012162
78  9  -0.0097171392   0.1740295283  -0.1205374770  -0.7907742787   0.0059163354
78 10   0.0589145934   0.0037561697   0.0013307024   0.0123401744   0.1741885826
78 11  -0.0479107718   0.0153783998   0.0170407519  -0.2169711319   0.0854271519
78 12   0.0677490249  -0.0488188632  -0.2275605081  -0.0016403129  -0.0040574632
78 13   0.0779665412  -0.0829960593   0.0575016964   0.0348737829   0.0064323505
78 14   0.0401924517  -0.0654106012   0.1332700143  -0.1727212389   0.0279246129
78 15  -0.0046287475  -0.4024895808  -0.0000044104   0.0871713981   0.0000014195
78 16  -0.0004376211   0.0000069334   0.0000657374  -0.0044721748   0.0000118852
78 17   0.0000095941
79  1   0.0000736625  -0.0087356278  -0.1862592909  -0.1574776435  -0.0802201709
79  2  -0.1727100876   0.1738045707  -0.2476761826  -0.0609986238  -0.0759654104
79  3  -0.1344499156  -0.1261688653   0.0619109865   0.1228042846   0.0393687025
79  4   0.1207856085  -0.0549058322  -0.0745127116  -0.1971545507   0.1951519902
79  5   0.0276962188   0.0011920165   0.0170445964   0.0301819021  -0.0896020609
79  6  -0.0048896691   0.0651220962   0.3554078769   0.0384519981  -0.0571051898
79  7   0.0997568893  -0.1178014043  -0.3783179085  -0.0198923311  -0.4894801472
79  8   0.0033936905  -0.3186148973  -0.1564621455   0.0158347992  -0.1406300023
79  9  -0.0037193915   0.0630019980  -0.0406518810  -0.0724077128  -0.0027553646
79 10  -0.0618000595  -0.0143505238   0.0492323705  -0.1066264585  -0.1842217899
79 11   0.0581002902   0.3396820209   0.1718932156   0.3736143194  -0.1488731223
79 12   0.1343760237  -0.0835396848  -0.2962535892  -0.0025226249  -0.0232727416
79 13   0.5312093684  -0.0477411577   0.0316102001   0.2247482212   0.0724536506
79 14   0.0348648594  -0.0637040776   0.0856045160  -0.1282614886   0.0597325230
79 15  -0.3232010761  -0.0009544401   0.0000325808   0.0005342118   0.0000104234
79 16   0.0083618441  -0.0006124448   0.0002820657   0.4265447273  -0.0034739344
79 17   0.0008223470
80  1   0.0018689106  -0.0032567894  -0.0368290218  -0.0091802792   0.0150271034
80  2  -0.0177079968   0.1325798469   0.1257337876  -0.0191964631  -0.0750500224
80  3  -0.0527438558  -0.0432209205   0.0148983137   0.1052460960  -0.0015054874
80  4   0.1573650612  -0.0029326435  -0.0939988431  -0.0659931123   0.0689708650
80  5   0.0287625839  -0.0367407153  -0.0507203073   0.0328514837  -0.0261728776
80  6  -0.0024526685   0.0277110567  -0.0151396330  -0.0110798436  -0.2014077856
80  7   0.3257071568  -0.0860120735  -0.2886893662  -0.0119452338  -0.1556367263
80  8   0.0012534228  -0.1109073399  -0.0588676032   0.0059514380  -0.0472625201
80  9  -0.0010069439  -0.0280425971   0.0295681344  -0.0402619045  -0.0087326923
80 10  -0.1483581691  -0.0226492623  -0.1275960662   0.2795112457  -0.0092860936
80 11   0.0065572996   0.1150876218   0.0608071837   0.2129809782  -0.0854657802
80 12   0.1404653800  -0.0891444425  -0.1168201664  -0.0008501816  -0.0155269372
80 13   0.3603246834   0.0250572430  -0.0172639046   0.1567547724   0.0525669929
80 14  -0.0049457277   0.0056918976  -0.0185504715   0.0144319180   0.0215885906
80 15  -0.2125560274   0.0118604687  -0.0000592951  -0.0036691507  -0.0000252350
80 16  -0.0173962822   0.0012332280  -0.0008664709  -0.8976565172   0.0072907114
80 17  -0.0018813833
81  1  -0.0092510538  -0.0074703385   0.0357415901  -0.1092848741   0.0000000000
81  2   0.0000000000   0.0000000000   0.0000000000   0.0000000000   0.3669831047
81  3   0.2481701697   0.2089152220  -0.0766741115   0.0255699557  -0.1042572239
81  4   0.0346251827   0.1377235467  -0.0378080214   0.2949254593  -0.2782053119
81  5   0.0664554939  -0.0024689862  -0.0157096861  -0.0369313000   0.1053493146
81  6   0.0029004220  -0.0405051020   0.1299339112   0.0151359390  -0.0523374407
81  7   0.0997878170   0.0327314627   0.1313640121   0.0163396730   0.7337788487
81  8  -0.0046935199   0.4592055613   0.1860978331  -0.0207420348   0.2001066557
81  9   0.0050188089  -0.0270923403   0.0256075047   0.0663941364  -0.0062721862
81 10  -0.1149793611  -0.0214925350   0.0030667037  -0.0058342225  -0.1433797862
81 11   0.0460819153   0.2798866630   0.1421690546   0.3259646147  -0.1301658117
81 12   0.1226808125  -0.0761645777  -0.2465606541  -0.0021428660  -0.0206911665
81 13   0.4694547802  -0.0264648229   0.0172739377   0.2009718744   0.0650656798
81 14   0.0222830566  -0.0417417512   0.0531327871  -0.0830748948   0.0455164305
81 15  -0.2721715063   0.0019592977  -0.0000061018  -0.0005109698   0.0000134943
81 16   0.0015908456  -0.0001187393  -0.0000048628   0.0790721697  -0.0006686976
81 17   0.0001333015
$vibrational spectrum
#  mode     symmetry     wave number   IR intensity    selection rules
#                         cm**(-1)        km/mol         IR     RAMAN
     1        a            -190.77         0.00000       YES     YES
     2        a            -122.03         0.00000       YES     YES
     3        a             -55.41         0.00000       YES     YES
     4        a             -27.27         0.00000       YES     YES
     5                        0.00         0.00000        -       -
     6                        0.00         0.00000        -       -
     7                        0.00         0.00000        -       -
     8                        0.00         0.00000        -       -
     9                        0.00         0.00000        -       -
    10                        0.00         0.00000        -       -
    11        a              17.42         0.17374       YES     YES
    12        a              77.64         0.02181       YES     YES
    13        a              84.58         4.56542       YES     YES
    14        a              96.31         0.48584       YES     YES
    15        a             121.47         0.12871       YES     YES
    16        a             132.47         5.17757       YES     YES
    17        a             139.38        32.55382       YES     YES
    18        a             153.97         4.05401       YES     YES
    19        a             192.71         0.02665       YES     YES
    20        a             219.38         7.80490       YES     YES
    21        a             248.50         6.95745       YES     YES
    22        a             387.96         0.89958       YES     YES
    23        a             402.26        12.59542       YES     YES
    24        a             404.26        14.31462       YES     YES
    25        a             408.06        50.34704       YES     YES
    26        a             498.99        15.17936       YES     YES
    27        a             514.38        28.58988       YES     YES
    28        a             534.64         6.26793       YES     YES
    29        a             538.20        12.98751       YES     YES
    30        a             556.00         1.16333       YES     YES
    31        a             557.42        12.58959       YES     YES
    32        a             594.80         4.40227       YES     YES
    33        a             605.78         6.75268       YES     YES
    34        a             632.39        44.57474       YES     YES
    35        a             654.17        30.30241       YES     YES
    36        a             696.13        44.19004       YES     YES
    37        a             700.71        71.52792       YES     YES
    38        a             747.15         7.63714       YES     YES
    39        a             750.08         5.02203       YES     YES
    40        a             758.61        14.02143       YES     YES
    41        a             760.88        23.17185       YES     YES
    42        a             802.14         0.23009       YES     YES
    43        a             804.34         0.08493       YES     YES
    44        a             954.70         1.40196       YES     YES
    45        a             969.61         2.65439       YES     YES
    46        a             976.59         1.27806       YES     YES
    47        a             982.63         3.91312       YES     YES
    48        a            1018.40         0.41109       YES     YES
    49        a            1023.24         5.65605       YES     YES
    50        a            1120.45         9.42825       YES     YES
    51        a            1125.78        27.65999       YES     YES
    52        a            1138.24         4.48483       YES     YES
    53        a            1138.62         1.48207       YES     YES
    54        a            1224.27        18.05247       YES     YES
    55        a            1225.11        73.20925       YES     YES
    56        a            1308.80         2.18748       YES     YES
    57        a            1310.73        28.23345       YES     YES
    58        a            1383.05        10.28991       YES     YES
    59        a            1386.96         4.44983       YES     YES
    60        a            1446.73        47.74263       YES     YES
    61        a            1458.57        56.78341       YES     YES
    62        a            1547.11         5.95652       YES     YES
    63        a            1548.65        85.34884       YES     YES
    64        a            1596.84       323.30474       YES     YES
    65        a            1600.25        79.16535       YES     YES
    66        a            1651.27       280.69497       YES     YES
    67        a            1652.99        29.05777       YES     YES
    68        a            1712.70        78.72388       YES     YES
    69        a            1719.53       871.80912       YES     YES
    70        a            1771.75       482.40316       YES     YES
    71        a            1797.70       690.26998       YES     YES
    72        a            3264.28         2.72562       YES     YES
    73        a            3286.97         6.75087       YES     YES
    74        a            3299.08         6.73965       YES     YES
    75        a            3311.64         4.90133       YES     YES
    76        a            3502.59       293.17352       YES     YES
    77        a            3582.69       225.76322       YES     YES
    78        a            3599.83       118.71238       YES     YES
    79        a            3630.46       176.37906       YES     YES
    80        a            3708.15       170.92368       YES     YES
    81        a            3736.28       133.69935       YES     YES
$lastdiag
$freeze
implicit core= 17 virt= 0
$rundimensions
   natoms=27
   nbf(CAO)=697
   nbf(AO)=602
$ricore    100
$maxcor    400 MiB  per_core
$forceupdate
ahlrichs numgeo=0  mingeo=3 maxgeo=4 modus=<g|dq> dynamic fail=0.3
   threig=0.005  reseig=0.005  thrbig=3.0  scale=1.00  damping=0.0
$subtitle
SP,MP2/RI,charge 1,c1,mixed basis set,FREQ_NUMERICALLY
$dipole from ricc2
  x     7.30603065474565    y    -2.46399186229962    z    -3.72850146785311    a.u.
   | dipole | =   21.7690119334  debye
$ricc2
mp2 geoopt model=mp2
$scfiterlimit    900
$coord    file=coord
$thime    5
$charge from dscf
          1.000 (not to be modified here)
$forceinit on
   diag=default
$scforbitalshift    automatic=.1
$ecp    file=basis
$interconversion    off
   qconv=1.d-7
   maxiter=25
$optimize
basis      off internal off
 redundant off
 cartesian on
 global off
$tmole
$basis    file=basis
$scfmo   file=mos
$title    Cyt2Ag1ofq
$coordinateupdate
dqmax=0.3
   interpolate  on
   statistics    5
$scfdamp     start=0.700 step=0.050 min=0.100
$operating system    unix
$thize    0.10000000E-04
$scfintunit
unit=30       size=0        file=twoint
$forceapprox    file=forceapprox
$cbas    file=auxbasis
$scfdiis
$last SCF energy change = -931.54570
$last MP2 energy change= -3.4924573
$cartesianstep
  total steps      5
  forceupdate      on
$redund_inp
    metric -3
$closed shells
 a       1-67                                   ( 2 )
$last step     force
$orbital_max_rnorm 0.19392161411583E-04
$hessian (projected)    file=hessian
$vibrational reduced masses
   1.2572406973   1.6583148155   7.6079001272   6.6995832965   6.7018566232
   9.8732185412  11.1041154880  10.1680383819   6.9610443860   8.2139919937
   5.2758491458   4.5044418887   8.6419749575   6.8398392730   3.5226045076
   9.1837177340   2.7150115273   9.8798486437   7.4568074657   8.0216152744
  13.1958862690   3.4226212229   3.2580912027   2.7471794038   2.6337415192
   1.2473147567   1.1893271021   5.5350619058   5.4256474191   5.3395504624
   5.1409640581   4.6361840569   5.6726506490   1.4388088553   1.3972199226
   1.4957514222   1.3210429709   7.1862538740   6.3609780641   4.0956374583
   4.0756788064   7.5647283733   7.5297406995   1.3228973396   1.3569927561
   1.9982133012   1.9775230713   5.2488354239   6.3227323613   2.2384881917
   1.9302999026   1.4799410150   1.6394699305   1.1597084546   1.1429083593
   7.3494472622   7.1235081529   1.6314101321   1.6880935195   2.5745257898
   2.4897538104   2.1141604255   2.0901319996   6.5286013520   6.8317494783
   1.8926653414   1.8765625692   5.9721779736   5.8165883806   9.5006136370
  10.1255169348   1.0939283785   1.0920704291   1.0975974115   1.0992594314
   1.0577513996   1.0787588788   1.0481875056   1.0793597088   1.0955818888
   1.1052078381
$nvibro       81
$end
