$hessian
 1  1   0.0647276465   0.0641940289   0.0407956217  -0.0020854010   0.0005458572
 1  2  -0.0025676538   0.0127013256   0.0025516376   0.0076124388  -0.0283593911
 1  3  -0.0237699954  -0.0137188331  -0.0020514607  -0.0066723386  -0.0027631664
 1  4  -0.0001471453   0.0010596577  -0.0013012359   0.0005808444  -0.0001693098
 1  5   0.0004902883  -0.0052100069  -0.0010944209  -0.0023740990  -0.0013617449
 1  6  -0.0013833141  -0.0002045240  -0.0006339213   0.0005608579  -0.0008329262
 1  7  -0.0003788764  -0.0000244183  -0.0002880545   0.0000985607  -0.0000864039
 1  8  -0.0000744734  -0.0001300031  -0.0000551442   0.0001009457   0.0003053311
 1  9   0.0003872816   0.0001990751  -0.0024211141   0.0017361310  -0.0024953694
 1 10   0.0134574426  -0.0050766487   0.0067140965  -0.0345051397  -0.0258422525
 1 11  -0.0185123701  -0.0059764791  -0.0058787546  -0.0050947442   0.0004872980
 1 12   0.0015963164  -0.0008139307   0.0007593163  -0.0006483799   0.0005178265
 1 13  -0.0063058072  -0.0021665547  -0.0031807836  -0.0022064849  -0.0014506192
 1 14  -0.0008450732  -0.0011573508   0.0013435760  -0.0012082919  -0.0005692793
 1 15   0.0000278463  -0.0004081479   0.0001240609  -0.0000045365  -0.0000520064
 1 16  -0.0001547298  -0.0000332330   0.0000798351   0.0004490379   0.0002871908
 1 17   0.0002704766
 2  1   0.0641940289   0.1851355547   0.0763242461   0.0019479390   0.0025573105
 2  2   0.0013235782  -0.0050010544  -0.0232687460  -0.0086388038  -0.0178665629
 2  3  -0.0796641222  -0.0255245017  -0.0106827177   0.0032115758  -0.0060714360
 2  4   0.0022550636   0.0004575284   0.0010368417  -0.0006989909  -0.0002457385
 2  5  -0.0004422162   0.0017207329  -0.0015124580   0.0011555275   0.0029984262
 2  6  -0.0033889380   0.0014908927   0.0014012009   0.0017080849   0.0010759297
 2  7  -0.0002383943  -0.0006323898  -0.0003079266   0.0000396282   0.0004260727
 2  8   0.0000781597   0.0000115576  -0.0000489399   0.0000647170   0.0001207394
 2  9  -0.0003751074  -0.0000316306   0.0033317726   0.0012036104   0.0019290530
 2 10  -0.0118158269  -0.0151911776  -0.0111268631  -0.0308907079  -0.0740401954
 2 11  -0.0327659017  -0.0090172591   0.0067248330  -0.0042687675   0.0020492200
 2 12  -0.0005840973   0.0006780600  -0.0009545505   0.0002873339  -0.0004846766
 2 13   0.0025772605   0.0011319877   0.0023415848   0.0022306378  -0.0043578515
 2 14   0.0007736843   0.0026034879   0.0016431102   0.0017554092  -0.0002903220
 2 15  -0.0005067632  -0.0003153742   0.0001236807   0.0003207966   0.0001036939
 2 16   0.0000316654  -0.0000486067   0.0000737084  -0.0001113157  -0.0003961099
 2 17  -0.0001840267
 3  1   0.0407956217   0.0763242461   0.0647824785  -0.0022695606   0.0004396528
 3  2   0.0008069341   0.0059610541  -0.0038028721   0.0045417564  -0.0123929721
 3  3  -0.0292815039  -0.0289675870  -0.0036565484  -0.0035342793  -0.0030708603
 3  4  -0.0010407089   0.0002793876   0.0016627431   0.0003825740  -0.0001045436
 3  5  -0.0000389293  -0.0017878073  -0.0005997856  -0.0030924954   0.0007404286
 3  6  -0.0012890345  -0.0012943277  -0.0006534217   0.0005369694   0.0005747760
 3  7  -0.0003361425  -0.0001670855  -0.0001847025  -0.0000471059  -0.0000022136
 3  8   0.0001551255   0.0001147189   0.0000221493  -0.0002303496   0.0001406092
 3  9   0.0001366070   0.0002442476  -0.0021604627   0.0009187625   0.0009181161
 3 10   0.0052485110  -0.0068150196   0.0030873615  -0.0195954563  -0.0295044427
 3 11  -0.0330761744  -0.0057962253  -0.0022600680  -0.0041709879  -0.0007155319
 3 12   0.0003883380   0.0019360999   0.0004603768  -0.0002897062  -0.0000512498
 3 13  -0.0021674487  -0.0006692806  -0.0035593577  -0.0000422454  -0.0015757325
 3 14  -0.0017252143  -0.0009301741   0.0009525112   0.0008037772  -0.0004777825
 3 15  -0.0001090332  -0.0002491886  -0.0000245877   0.0000217526   0.0001926696
 3 16   0.0000938928   0.0000321272  -0.0002259933   0.0001842209   0.0000709385
 3 17   0.0002545702
 4  1  -0.0020854010   0.0019479390  -0.0022695606   0.6312764266  -0.1394579970
 4  2   0.3304189089  -0.1198391503   0.0216354994  -0.0316381534   0.0295583424
 4  3   0.0179071658   0.0159966702  -0.0203815745  -0.0360715159  -0.0181369009
 4  4  -0.0408473894   0.0371104890  -0.0246304998  -0.2652821348  -0.0383003240
 4  5  -0.1501815326  -0.0165459364  -0.0621669493  -0.0368314422  -0.0027335019
 4  6   0.0110992871   0.0011305664  -0.0006140146  -0.0013331196  -0.0007754993
 4  7   0.0010886036  -0.0002964195   0.0006289136   0.0023028076   0.0048704444
 4  8  -0.0027563717  -0.0037211193   0.0003624116  -0.0048187562  -0.1938300691
 4  9   0.1823184522  -0.0773359872   0.0007305544  -0.0000392009   0.0004363776
 4 10  -0.0013026107   0.0004780863  -0.0007187436   0.0010647349  -0.0014357824
 4 11   0.0006567331  -0.0015028148   0.0019927838  -0.0005219954   0.0001908362
 4 12  -0.0006789784  -0.0000543994  -0.0005520705   0.0002832274  -0.0002921333
 4 13   0.0007900787  -0.0001585273   0.0004842306   0.0005270899  -0.0019001359
 4 14  -0.0000062935   0.0007489167   0.0020129991   0.0007957576   0.0000040261
 4 15  -0.0000570524  -0.0000057278   0.0000101746   0.0000369968   0.0000119620
 4 16   0.0000150138  -0.0000037206   0.0000164275  -0.0000633573   0.0000682782
 4 17  -0.0000235208
 5  1   0.0005458572   0.0025573105   0.0004396528  -0.1394579970   0.7246260094
 5  2   0.0581472137  -0.0217791210  -0.2443811990  -0.0534450874   0.0299055012
 5  3  -0.0529516240   0.0051447390  -0.0250131452  -0.0219493655  -0.0197329103
 5  4   0.0211739322   0.0328528417   0.0183352804   0.0005037695  -0.1478816732
 5  5  -0.0217113888  -0.0303347452  -0.0205718385  -0.0281738426   0.0078233371
 5  6   0.0000235696   0.0051179580  -0.0006194501   0.0005459072  -0.0003017062
 5  7  -0.0000219851  -0.0006168684  -0.0001499569   0.0043075620  -0.0033386230
 5  8   0.0001752149  -0.0308634312   0.0002713960  -0.0204457050   0.1828913748
 5  9  -0.2702360833   0.0559764308   0.0003445293  -0.0004402822   0.0001156932
 5 10  -0.0005299399   0.0008761615  -0.0001442010   0.0003359162  -0.0006171733
 5 11   0.0001786731  -0.0004367390   0.0013024731   0.0000065816  -0.0000092257
 5 12  -0.0006904598  -0.0001660187  -0.0004403770   0.0002147485  -0.0002335038
 5 13   0.0002699384  -0.0006136394   0.0000433918   0.0001509488  -0.0012181447
 5 14  -0.0001447978   0.0008494202   0.0016766077   0.0008682678   0.0001159830
 5 15  -0.0001356470   0.0000459267   0.0000039544  -0.0000115487  -0.0000007366
 5 16   0.0000119919   0.0000044552   0.0000109880  -0.0000812742   0.0001329546
 5 17  -0.0000222712
 6  1  -0.0025676538   0.0013235782   0.0008069341   0.3304189089   0.0581472137
 6  2   0.2854206474  -0.0412224482  -0.0259946957  -0.0917565932   0.0184750054
 6  3  -0.0025173277   0.0218018508  -0.0156223708  -0.0267190246  -0.0202325313
 6  4  -0.0280030572   0.0282921689  -0.0008576666  -0.1416432026  -0.0462080589
 6  5  -0.1393572762  -0.0298597950  -0.0483309433  -0.0096426515   0.0004279029
 6  6   0.0071739931   0.0011695949  -0.0006139595  -0.0007523314  -0.0004177997
 6  7   0.0006814631  -0.0003264086   0.0003682727  -0.0029012957   0.0005340763
 6  8   0.0066253017  -0.0115955661  -0.0005657956  -0.0036079875  -0.0770986458
 6  9   0.0555201071  -0.0508485387   0.0005180562  -0.0001285378   0.0003326511
 6 10  -0.0009354801   0.0004965923  -0.0004949650   0.0010409936  -0.0009428118
 6 11  -0.0000043301  -0.0010469921   0.0015480649  -0.0003294630   0.0000906751
 6 12  -0.0005916119  -0.0000277749  -0.0004502099   0.0002254231  -0.0002307529
 6 13   0.0005757108  -0.0002307805   0.0002903917   0.0004409753  -0.0014463885
 6 14  -0.0001541757   0.0005330520   0.0015987637   0.0008951086   0.0000322571
 6 15  -0.0000646411  -0.0000009116   0.0000043406   0.0000197926   0.0000115147
 6 16   0.0000196368   0.0000011243   0.0000009403  -0.0000560643   0.0000731101
 6 17  -0.0000227297
 7  1   0.0127013256  -0.0050010544   0.0059610541  -0.1198391503  -0.0217791210
 7  2  -0.0412224482   0.7420262737   0.0206234808   0.3468426988  -0.1414485727
 7  3   0.0614259657  -0.0381133689  -0.0509728588   0.0128751244  -0.0199566937
 7  4  -0.0020985585   0.0102266805   0.0035272091   0.0053106004  -0.0314713593
 7  5  -0.0023099886  -0.4631828404  -0.0639656727  -0.2609194858   0.0103973888
 7  6  -0.0081006495   0.0008528233  -0.0000083772   0.0018726598   0.0012614256
 7  7   0.0002650106   0.0006801758  -0.0023859581   0.0000580161   0.0006872726
 7  8   0.0001330558  -0.0015758003   0.0006538101  -0.0042184215   0.0113378663
 7  9   0.0229660241   0.0128072932  -0.0018698177   0.0002792788  -0.0011255284
 7 10   0.0028640005  -0.0010831418   0.0016050380  -0.0036634097   0.0043586667
 7 11  -0.0014442536   0.0048039395  -0.0066189521   0.0015636593  -0.0004949461
 7 12   0.0020487244   0.0001283091   0.0014653677  -0.0008371090   0.0007561669
 7 13  -0.0016978345   0.0004939631  -0.0009915292  -0.0015795107   0.0060178677
 7 14   0.0003155650  -0.0025053696  -0.0062784638  -0.0028036125  -0.0000425851
 7 15   0.0001709041  -0.0000074064  -0.0000354551  -0.0001302922  -0.0000569605
 7 16  -0.0000477218   0.0000113272  -0.0000322335   0.0001578965  -0.0002125350
 7 17   0.0000447703
 8  1   0.0025516376  -0.0232687460  -0.0038028721   0.0216354994  -0.2443811990
 8  2  -0.0259946957   0.0206234808   0.5818567377   0.0948651914   0.0648078136
 8  3  -0.2045152720   0.0078153037   0.0443258355   0.0535744881   0.0431862898
 8  4   0.0147778680  -0.0481192490  -0.0002577654  -0.0767901571   0.0081002274
 8  5  -0.0464681335  -0.0742177032  -0.1061646189  -0.0515613947  -0.0149738496
 8  6  -0.0017906839  -0.0112614166   0.0001023209  -0.0008866179   0.0001567933
 8  7   0.0003885618   0.0025021468  -0.0001315086  -0.0000747331  -0.0031159003
 8  8  -0.0007544905   0.0037375396   0.0029554104   0.0018690248  -0.0056116497
 8  9  -0.0189816991  -0.0075276646   0.0000775181   0.0006344982   0.0001898843
 8 10   0.0002775179  -0.0009390390  -0.0000195103  -0.0000357147   0.0006594694
 8 11   0.0000991459  -0.0016884971   0.0006988304  -0.0009426898   0.0002573912
 8 12   0.0000944532   0.0001835203   0.0000362385   0.0000679518   0.0000389823
 8 13   0.0000870201   0.0006112076   0.0001849837   0.0004782160  -0.0010608832
 8 14   0.0000705887  -0.0004151015   0.0006125569  -0.0000610670  -0.0001786180
 8 15   0.0000743384  -0.0001039312   0.0000087872   0.0000782858   0.0000204674
 8 16  -0.0000005789  -0.0000205967  -0.0000066624   0.0000991146  -0.0001104109
 8 17   0.0000354486
 9  1   0.0076124388  -0.0086388038   0.0045417564  -0.0316381534  -0.0534450874
 9  2  -0.0917565932   0.3468426988   0.0948651914   0.4362257161  -0.0373368001
 9  3   0.0057621781  -0.0848333572  -0.0130568126   0.0233605358  -0.0181818139
 9  4   0.0045331773  -0.0031413401  -0.0019235544  -0.0123090949  -0.0177317689
 9  5  -0.0136036519  -0.2632662201  -0.0450478164  -0.2442085824  -0.0006831340
 9  6  -0.0068888635   0.0043028567   0.0008585054   0.0012876650  -0.0005034187
 9  7  -0.0024494910   0.0000511808   0.0027132872  -0.0000333961  -0.0002649697
 9  8  -0.0000007229  -0.0035194452  -0.0000957822   0.0030205968   0.0065244592
 9  9   0.0105794574   0.0055688894  -0.0011636118   0.0003170458  -0.0006748096
 9 10   0.0018929770  -0.0008849565   0.0009822531  -0.0024008918   0.0028825099
 9 11  -0.0007877179   0.0026191514  -0.0040556914   0.0008700309  -0.0002596962
 9 12   0.0013153389   0.0001258354   0.0009432809  -0.0005104368   0.0004719098
 9 13  -0.0010695949   0.0004395440  -0.0005617125  -0.0008911180   0.0035793131
 9 14   0.0002122549  -0.0014982801  -0.0037750829  -0.0020734518  -0.0000846016
 9 15   0.0001188910   0.0000017879  -0.0000261780  -0.0000678093  -0.0000231537
 9 16  -0.0000343443   0.0000012287  -0.0000159202   0.0001121642  -0.0001618302
 9 17   0.0000506956
10  1  -0.0283593911  -0.0178665629  -0.0123929721   0.0295583424   0.0299055012
10  2   0.0184750054  -0.1414485727   0.0648078136  -0.0373368001   0.5560842825
10  3  -0.0691417453   0.2940805754  -0.2720419052  -0.0315211405  -0.1437079557
10  4  -0.0035365510  -0.0386213908  -0.0200304228  -0.0349089270   0.0069983322
10  5  -0.0194550964  -0.0579258466   0.0436733939  -0.0382338830  -0.0572945634
10  6   0.0165331996  -0.0388491482  -0.0014183453  -0.0056266477  -0.0002436191
10  7   0.0021860102   0.0043263968   0.0002075122   0.0022051645  -0.0015758437
10  8  -0.0015248733  -0.0000143713   0.0005531545   0.0009460616   0.0010981816
10  9  -0.0005630488  -0.0020766238   0.0013119518  -0.0006587891   0.0009441515
10 10  -0.0040472561   0.0010424138  -0.0024392773   0.0068013195  -0.0055837718
10 11   0.0001461884  -0.0011946693   0.0032259328  -0.0003067043   0.0002001034
10 12  -0.0011047361   0.0001700868  -0.0008388413   0.0004233562  -0.0004825393
10 13   0.0019611677   0.0001688848   0.0010106240   0.0006686544  -0.0021557721
10 14  -0.0002661279   0.0009459098   0.0023687699   0.0012940084   0.0000630188
10 15  -0.0001186106   0.0000460868   0.0000023340   0.0000439761   0.0000461481
10 16   0.0000474995   0.0000141655  -0.0000067583  -0.0002171773   0.0000833759
10 17  -0.0000925187
11  1  -0.0237699954  -0.0796641222  -0.0292815039   0.0179071658  -0.0529516240
11  2  -0.0025173277   0.0614259657  -0.2045152720   0.0057621781  -0.0691417453
11  3   0.4558371281   0.0412398660  -0.0368420882  -0.1493761602  -0.0424114845
11  4  -0.0339423726   0.0126599701  -0.0219194743   0.0178845684  -0.0034509890
11  5   0.0109543524   0.0235271685   0.0156774782   0.0144491293   0.0430900045
11  6   0.0151210069   0.0285590955  -0.0011897468   0.0027858884   0.0005003554
11  7   0.0024396268  -0.0046119702  -0.0001956164   0.0001598042  -0.0057692550
11  8  -0.0020742705  -0.0003272755   0.0003808549   0.0001554169  -0.0029061583
11  9  -0.0056605154  -0.0039892164  -0.0010354084  -0.0000424570  -0.0005813694
11 10   0.0022693410  -0.0008796284   0.0012255490   0.0009506355   0.0062932633
11 11   0.0009693152   0.0011006121  -0.0019427131   0.0001926367  -0.0001539445
11 12   0.0006749301   0.0001459265   0.0005045650  -0.0003814221   0.0002222553
11 13  -0.0012900900  -0.0002823373  -0.0009786489  -0.0003807469   0.0016237015
11 14   0.0000372616  -0.0003162849  -0.0013374540  -0.0004397815   0.0000410965
11 15  -0.0000301832   0.0000304938   0.0000199415  -0.0000190730   0.0000203186
11 16  -0.0000220956   0.0000130975  -0.0000250405   0.0000633331   0.0000544950
11 17   0.0000621124
12  1  -0.0137188331  -0.0255245017  -0.0289675870   0.0159966702   0.0051447390
12  2   0.0218018508  -0.0381133689   0.0078153037  -0.0848333572   0.2940805754
12  3   0.0412398660   0.2633397954  -0.1449620496  -0.0389608534  -0.1536993062
12  4  -0.0189012837  -0.0249727633  -0.0029926743  -0.0171896597   0.0040519717
12  5  -0.0116763952  -0.0428864331   0.0273410397  -0.0035237932  -0.0329690834
12  6   0.0115615466  -0.0087432778   0.0007430467  -0.0022939031  -0.0030286814
12  7  -0.0002075786   0.0010006493   0.0034625294  -0.0011481816  -0.0031631799
12  8   0.0026272090   0.0007380353   0.0007198602  -0.0006637629  -0.0025953820
12  9  -0.0024937550   0.0019747066   0.0008634105  -0.0003432965   0.0000767926
12 10  -0.0021659151   0.0004419592  -0.0011553984   0.0015790123  -0.0032033662
12 11   0.0049750016  -0.0007657772   0.0015384714   0.0002301514   0.0003762532
12 12  -0.0004582402  -0.0003024129  -0.0004658957   0.0001714698  -0.0001928204
12 13   0.0006916912  -0.0000465608   0.0008591163   0.0001215996  -0.0010877883
12 14   0.0001848365   0.0007033442   0.0012686388   0.0004620028   0.0000816823
12 15  -0.0000714976  -0.0000139074   0.0000413056   0.0000360502  -0.0000207532
12 16  -0.0000150779  -0.0000021121   0.0000538747  -0.0000975416   0.0000734991
12 17  -0.0000873421
13  1  -0.0020514607  -0.0106827177  -0.0036565484  -0.0203815745  -0.0250131452
13  2  -0.0156223708  -0.0509728588   0.0443258355  -0.0130568126  -0.2720419052
13  3  -0.0368420882  -0.1449620496   0.6229982981  -0.1071036614   0.2584033926
13  4  -0.1148137200  -0.0203603582  -0.0316090792   0.0385752667   0.0178056553
13  5   0.0270801999   0.0108863457  -0.0042834242   0.0009818500  -0.2029524819
13  6   0.1455721324  -0.0706252964   0.0104493815  -0.0037784340   0.0077807641
13  7  -0.0159100651   0.0217212779  -0.0013103664  -0.0015528594  -0.0236643639
13  8  -0.0055301797  -0.0004568199   0.0036410218  -0.0061601915  -0.0002762733
13  9  -0.0023435899  -0.0006789626  -0.0009598810   0.0005586767  -0.0004542111
13 10   0.0027047915  -0.0022594154   0.0011649034  -0.0011108121   0.0016581729
13 11  -0.0005161688  -0.0007499018  -0.0007673492  -0.0006452426   0.0000343952
13 12   0.0008854914   0.0002144512   0.0008009032  -0.0003093500   0.0004441188
13 13  -0.0016270452   0.0013050550  -0.0007179938   0.0000795411   0.0006774814
13 14   0.0002397106  -0.0008176845  -0.0010265988  -0.0007626960  -0.0001439197
13 15   0.0001238012  -0.0000802690   0.0000196856   0.0000635952   0.0000233433
13 16  -0.0000212354  -0.0000199317  -0.0000215869   0.0002127103  -0.0001720818
13 17   0.0000886769
14  1  -0.0066723386   0.0032115758  -0.0035342793  -0.0360715159  -0.0219493655
14  2  -0.0267190246   0.0128751244   0.0535744881   0.0233605358  -0.0315211405
14  3  -0.1493761602  -0.0389608534  -0.1071036614   0.7693319003   0.0611383179
14  4  -0.0516554268  -0.2543941417  -0.0725424764   0.0433423368  -0.0494633868
14  5   0.0160768696   0.0092454395  -0.0111200984   0.0016443993   0.1442720483
14  6  -0.3176590217   0.0295151621   0.0183675016  -0.0262222981   0.0064954820
14  7  -0.0035238699   0.0103795909   0.0015185087   0.0022200118   0.0014541558
14  8   0.0019385332   0.0041906332  -0.0020514354  -0.0000728032   0.0012394682
14  9  -0.0039006632  -0.0000652586   0.0008110369   0.0000410372   0.0005371569
14 10  -0.0023323876   0.0008425800  -0.0013234581   0.0015914311  -0.0022906649
14 11   0.0004513760  -0.0002978409   0.0007141152  -0.0000334488   0.0001449424
14 12  -0.0003079639   0.0000259136  -0.0004114111   0.0002023306  -0.0002160651
14 13   0.0014001562  -0.0003953830   0.0008142028   0.0003365020  -0.0005581616
14 14   0.0001054261   0.0000358447   0.0003441167   0.0000931997  -0.0000500287
14 15   0.0000638697  -0.0000233259  -0.0000191305   0.0000075417  -0.0000117615
14 16   0.0000085865   0.0000010138   0.0000050999  -0.0000974790  -0.0000115720
14 17  -0.0000673287
15  1  -0.0027631664  -0.0060714360  -0.0030708603  -0.0181369009  -0.0197329103
15  2  -0.0202325313  -0.0199566937   0.0431862898  -0.0181818139  -0.1437079557
15  3  -0.0424114845  -0.1536993062   0.2584033926   0.0611383179   0.3551841819
15  4  -0.0385684406  -0.0525294216  -0.1058687385   0.0326734851  -0.0000745196
15  5   0.0228883768   0.0039326034  -0.0069145359   0.0088515903  -0.0710262121
15  6   0.0305089470  -0.0837011620   0.0126059361  -0.0074845815   0.0032901916
15  7  -0.0067950820   0.0174978807  -0.0069740074   0.0001783264  -0.0144606815
15  8  -0.0041189260  -0.0060052975  -0.0004589576   0.0065569043   0.0001069058
15  9  -0.0023417550  -0.0004575248  -0.0003996804   0.0003741641  -0.0002215822
15 10   0.0011431093  -0.0012712019   0.0005493093  -0.0005296510   0.0004927050
15 11   0.0000390182  -0.0005392888  -0.0003283066  -0.0004206525   0.0000530167
15 12   0.0004943555   0.0001406033   0.0004212360  -0.0001502810   0.0002321619
15 13  -0.0006962183   0.0007511514  -0.0003260222   0.0001633209   0.0003196255
15 14   0.0001147061  -0.0005270116  -0.0005814876  -0.0004387560  -0.0001187843
15 15   0.0000869495  -0.0000313307   0.0000061963   0.0000410502   0.0000158357
15 16  -0.0000152008  -0.0000135044  -0.0000063953   0.0001052761  -0.0001141662
15 17   0.0000547939
16  1  -0.0001471453   0.0022550636  -0.0010407089  -0.0408473894   0.0211739322
16  2  -0.0280030572  -0.0020985585   0.0147778680   0.0045331773  -0.0035365510
16  3  -0.0339423726  -0.0189012837  -0.1148137200  -0.0516554268  -0.0385684406
16  4   0.6292089095  -0.1147533526   0.3113819353  -0.2322305522   0.1796965492
16  5  -0.0747876892  -0.0015088235  -0.0034501382  -0.0009597597   0.0108970316
16  6   0.0314423189   0.0073452255  -0.0015150351   0.0033392208  -0.0039780157
16  7   0.0006118583   0.0008174905   0.0021570227  -0.2530135817  -0.0411560219
16  8  -0.1551495795   0.0088310694  -0.0051701207  -0.0000455356  -0.0004782012
16  9  -0.0033628538  -0.0043233831   0.0002183252  -0.0000880332   0.0000941549
16 10  -0.0004968746   0.0003005520  -0.0002242213   0.0003780281  -0.0005657939
16 11   0.0003750056  -0.0001795789   0.0004396407  -0.0000096067   0.0000254950
16 12  -0.0001708304  -0.0000285729  -0.0001301696   0.0000708729  -0.0000744527
16 13   0.0002541644  -0.0001913262   0.0001491037   0.0000893960  -0.0003693030
16 14  -0.0000159919   0.0001647357   0.0003754629   0.0001914975   0.0000086414
16 15  -0.0000125451   0.0000047404  -0.0000027053   0.0000023848  -0.0000053072
16 16   0.0000013468   0.0000003614   0.0000070388  -0.0000328728   0.0000215484
16 17  -0.0000157571
17  1   0.0010596577   0.0004575284   0.0002793876   0.0371104890   0.0328528417
17  2   0.0282921689   0.0102266805  -0.0481192490  -0.0031413401  -0.0386213908
17  3   0.0126599701  -0.0249727633  -0.0203603582  -0.2543941417  -0.0525294216
17  4  -0.1147533526   0.6896434483   0.0565117270   0.1501303350  -0.3147127086
17  5   0.0359065619  -0.0067327623   0.0090914951  -0.0020167505   0.0064402408
17  6  -0.0560795589  -0.0104415021   0.0035765939   0.0014807345   0.0013062396
17  7  -0.0025778553  -0.0001700358  -0.0011342436  -0.0393569398  -0.0647946029
17  8  -0.0324377047   0.0183704141  -0.0114004333   0.0075734532  -0.0043093319
17  9   0.0037400917  -0.0030566770  -0.0003337417  -0.0002321542  -0.0002728705
17 10   0.0006869138   0.0000049712   0.0004463049  -0.0004920044   0.0004713141
17 11  -0.0001219353   0.0006888912  -0.0005028754   0.0003330753  -0.0001084251
17 12   0.0000223738  -0.0000658424   0.0001134016  -0.0000629677   0.0000546082
17 13  -0.0004921288  -0.0000440887  -0.0003112737  -0.0003449640   0.0004895313
17 14  -0.0001104024   0.0001189912  -0.0002094662   0.0000304770   0.0000781179
17 15  -0.0000778157   0.0000337342   0.0000067110  -0.0000248744  -0.0000028698
17 16  -0.0000043448   0.0000034223   0.0000003299   0.0000052015   0.0000339128
17 17   0.0000104899
18  1  -0.0013012359   0.0010368417   0.0016627431  -0.0246304998   0.0183352804
18  2  -0.0008576666   0.0035272091  -0.0002577654  -0.0019235544  -0.0200304228
18  3  -0.0219194743  -0.0029926743  -0.0316090792  -0.0725424764  -0.1058687385
18  4   0.3113819353   0.0565117270   0.3085602667  -0.0811446577   0.0544822013
18  5  -0.0954625694  -0.0016899720   0.0000612108  -0.0022502555   0.0017720066
18  6   0.0053843130   0.0126074573  -0.0039168707   0.0011527317   0.0036540455
18  7   0.0014299660   0.0010246473  -0.0013822244  -0.1545397655  -0.0335822890
18  8  -0.1266043565   0.0051329020  -0.0073791268   0.0088148928  -0.0045378059
18  9  -0.0024644148   0.0017566874   0.0000400044  -0.0001153096   0.0000391529
18 10  -0.0001393463   0.0002013805  -0.0000816990   0.0003920598  -0.0001654013
18 11  -0.0001966623   0.0000432424   0.0001724782   0.0000526936  -0.0000153291
18 12  -0.0001057819  -0.0000187090  -0.0000651289   0.0000289872  -0.0000251388
18 13   0.0000831392  -0.0001217617  -0.0000214952  -0.0000105990  -0.0001253989
18 14  -0.0000470669   0.0001345062   0.0001944470   0.0001239989   0.0000248348
18 15  -0.0000242981   0.0000077719  -0.0000041985  -0.0000056272   0.0000022973
18 16   0.0000058398   0.0000032022  -0.0000048559  -0.0000190910   0.0000214445
18 17  -0.0000081551
19  1   0.0005808444  -0.0006989909   0.0003825740  -0.2652821348   0.0005037695
19  2  -0.1416432026   0.0053106004  -0.0767901571  -0.0123090949  -0.0349089270
19  3   0.0178845684  -0.0171896597   0.0385752667   0.0433423368   0.0326734851
19  4  -0.2322305522   0.1501303350  -0.0811446577   0.5768712557  -0.1124781331
19  5   0.2536471673  -0.0020344490   0.0155726847  -0.0009626631   0.0000932571
19  6  -0.0146314405  -0.0053255085   0.0021089195   0.0007552285   0.0002808463
19  7  -0.0015642285  -0.0003180875  -0.0004161639  -0.0114503553   0.0193446991
19  8  -0.0020095857  -0.0600719048  -0.0358888807  -0.0176491303  -0.0156903435
19  9  -0.0064581936  -0.0078339031  -0.0004752752  -0.0000608753  -0.0003157696
19 10   0.0008164138  -0.0002570428   0.0004602914  -0.0007098380   0.0006039053
19 11  -0.0003551288   0.0009488623  -0.0011382612   0.0003644860  -0.0000960752
19 12   0.0003061080  -0.0000046163   0.0003022646  -0.0001455612   0.0001653783
19 13  -0.0005306316   0.0001400622  -0.0003102089  -0.0004568868   0.0010966607
19 14  -0.0000262718  -0.0001189956  -0.0008838800  -0.0003405361   0.0000413282
19 15  -0.0000618856   0.0000085933   0.0000000398  -0.0000270053  -0.0000043707
19 16  -0.0000074605  -0.0000006448  -0.0000064085   0.0000362119  -0.0000338098
19 17   0.0000152602
20  1  -0.0001693098  -0.0002457385  -0.0001045436  -0.0383003240  -0.1478816732
20  2  -0.0462080589  -0.0314713593   0.0081002274  -0.0177317689   0.0069983322
20  3  -0.0034509890   0.0040519717   0.0178056553  -0.0494633868  -0.0000745196
20  4   0.1796965492  -0.3147127086   0.0544822013  -0.1124781331   0.8339982345
20  5   0.0815961228   0.0001930104  -0.0071944154  -0.0025331203  -0.0060135545
20  6   0.0019477542  -0.0041324400   0.0007952434  -0.0011623515  -0.0001743061
20  7   0.0000161267   0.0001657143   0.0002776431  -0.0071367921   0.0086215626
20  8  -0.0022474244  -0.0304323901  -0.3408450153  -0.0839818259   0.0202563284
20  9   0.0118982141   0.0167245358   0.0000550466   0.0000023637   0.0000354739
20 10  -0.0001558036   0.0001328761  -0.0000695280   0.0000127588  -0.0001674620
20 11  -0.0000400249  -0.0000387581   0.0000798843  -0.0000043502   0.0000147386
20 12  -0.0000472194  -0.0000041178  -0.0000267677   0.0000183294  -0.0000105706
20 13   0.0000978571  -0.0000620181   0.0000464750   0.0000120073  -0.0001001698
20 14  -0.0000055891   0.0001018901   0.0001514839   0.0000743503  -0.0000032805
20 15  -0.0000210707  -0.0000083752  -0.0000055983   0.0000009264  -0.0000031283
20 16   0.0000018507   0.0000001544   0.0000006173  -0.0000079468   0.0000001611
20 17  -0.0000050576
21  1   0.0004902883  -0.0004422162  -0.0000389293  -0.1501815326  -0.0217113888
21  2  -0.1393572762  -0.0023099886  -0.0464681335  -0.0136036519  -0.0194550964
21  3   0.0109543524  -0.0116763952   0.0270801999   0.0160768696   0.0228883768
21  4  -0.0747876892   0.0359065619  -0.0954625694   0.2536471673   0.0815961228
21  5   0.3149564401  -0.0043216284   0.0072139653   0.0037212321  -0.0034511419
21  6  -0.0095582458  -0.0008729547   0.0002905331  -0.0002035919   0.0020651133
21  7  -0.0003287884   0.0000558228  -0.0012328982  -0.0078435421   0.0145514178
21  8  -0.0033581308  -0.0165181996  -0.0872804390  -0.0713552212  -0.0019110708
21  9  -0.0002235214  -0.0069431499  -0.0002877586  -0.0000376486  -0.0001920659
21 10   0.0004805027  -0.0001335935   0.0002765362  -0.0004815253   0.0003321319
21 11  -0.0001795864   0.0006017545  -0.0007003096   0.0002171018  -0.0000677615
21 12   0.0001795895   0.0000108023   0.0001906998  -0.0000860924   0.0000946786
21 13  -0.0003182547   0.0000753144  -0.0001778364  -0.0002617110   0.0006819437
21 14  -0.0000558186  -0.0001230139  -0.0005516893  -0.0000918817   0.0000208399
21 15  -0.0000452165   0.0000108157   0.0000003543  -0.0000164858  -0.0000057529
21 16  -0.0000057334  -0.0000005228  -0.0000018519   0.0000208222  -0.0000218089
21 17   0.0000088649
22  1  -0.0052100069   0.0017207329  -0.0017878073  -0.0165459364  -0.0303347452
22  2  -0.0298597950  -0.4631828404  -0.0742177032  -0.2632662201  -0.0579258466
22  3   0.0235271685  -0.0428864331   0.0108863457   0.0092454395   0.0039326034
22  4  -0.0015088235  -0.0067327623  -0.0016899720  -0.0020344490   0.0001930104
22  5  -0.0043216284   0.5441541432   0.0742927667   0.3409892847  -0.0046256918
22  6   0.0010647613  -0.0022587059  -0.0002417771  -0.0011005041  -0.0005725044
22  7   0.0002196787   0.0003005654   0.0007222174   0.0001687709   0.0000215326
22  8   0.0004627611  -0.0012073519   0.0000924664  -0.0005680947  -0.0036747863
22  9  -0.0000110321  -0.0003169305   0.0013267683  -0.0001723787   0.0008328138
22 10  -0.0019070450   0.0008912842  -0.0010125754   0.0026001880  -0.0019489486
22 11   0.0007621261  -0.0039457780   0.0049662884  -0.0013533910   0.0003678335
22 12  -0.0016539520  -0.0000321378  -0.0011438987   0.0006097971  -0.0005910474
22 13   0.0011992356  -0.0002538196   0.0007305866   0.0014588154  -0.0050178193
22 14  -0.0007331470   0.0010650575   0.0048343717   0.0027690210  -0.0000623385
22 15  -0.0002139294   0.0000307516   0.0000235071   0.0001044258   0.0000564711
22 16   0.0000443511  -0.0000136982   0.0000173969  -0.0000957112   0.0001837921
22 17  -0.0000141617
23  1  -0.0010944209  -0.0015124580  -0.0005997856  -0.0621669493  -0.0205718385
23  2  -0.0483309433  -0.0639656727  -0.1061646189  -0.0450478164   0.0436733939
23  3   0.0156774782   0.0273410397  -0.0042834242  -0.0111200984  -0.0069145359
23  4  -0.0034501382   0.0090914951   0.0000612108   0.0155726847  -0.0071944154
23  5   0.0072139653   0.0742927667   0.1193002711   0.0636984406   0.0024151795
23  6   0.0021362407   0.0021490652  -0.0006434910  -0.0003124980  -0.0005367162
23  7   0.0000568573  -0.0005753933   0.0000860292  -0.0000133396   0.0010447906
23  8   0.0003449535  -0.0017839676  -0.0002361802  -0.0011274105   0.0004006502
23  9   0.0042241756   0.0018695202   0.0000770599  -0.0007143954  -0.0000984980
23 10  -0.0001907015   0.0008909125   0.0000716925   0.0004091329  -0.0019722997
23 11  -0.0003372315   0.0004988901  -0.0000199952   0.0003389286  -0.0001547681
23 12  -0.0003877913  -0.0001500720  -0.0001463601   0.0000074305  -0.0000891929
23 13  -0.0001118524  -0.0011509835  -0.0003147957  -0.0003311984   0.0002987148
23 14  -0.0003391596   0.0007510258  -0.0001533183   0.0007951033   0.0001637376
23 15  -0.0004776960   0.0000407225  -0.0000187994  -0.0000404078  -0.0000146684
23 16   0.0000121336   0.0000046914   0.0000060039  -0.0001205099   0.0001165734
23 17  -0.0000492870
24  1  -0.0023740990   0.0011555275  -0.0030924954  -0.0368314422  -0.0281738426
24  2  -0.0096426515  -0.2609194858  -0.0515613947  -0.2442085824  -0.0382338830
24  3   0.0144491293  -0.0035237932   0.0009818500   0.0016443993   0.0088515903
24  4  -0.0009597597  -0.0020167505  -0.0022502555  -0.0009626631  -0.0025331203
24  5   0.0037212321   0.3409892847   0.0636984406   0.2560422211  -0.0019593416
24  6   0.0012949081  -0.0016367085  -0.0004678049  -0.0008261314  -0.0002087042
24  7   0.0006651469   0.0002387947  -0.0003271346   0.0004540639   0.0003629775
24  8  -0.0001794935  -0.0009825854   0.0000668436  -0.0008875712  -0.0002106577
24  9   0.0016433433  -0.0029727087   0.0008870464  -0.0002573419   0.0004663292
24 10  -0.0012502406   0.0007658081  -0.0006333977   0.0012769600  -0.0018309501
24 11   0.0011462125  -0.0023242655   0.0031827137  -0.0009120789   0.0002945355
24 12  -0.0011044797  -0.0002017009  -0.0007569663   0.0003893114  -0.0003977140
24 13   0.0007600740  -0.0004066602   0.0003603183   0.0002908387  -0.0033219802
24 14   0.0003487257   0.0018686543   0.0033974700   0.0003304766   0.0001151882
24 15  -0.0002011968  -0.0001575517   0.0000296311   0.0000640491   0.0000032333
24 16   0.0000227500  -0.0000106864   0.0000248963  -0.0000805466   0.0001450314
24 17  -0.0000302804
25  1  -0.0013617449   0.0029984262   0.0007404286  -0.0027335019   0.0078233371
25  2   0.0004279029   0.0103973888  -0.0149738496  -0.0006831340  -0.0572945634
25  3   0.0430900045  -0.0329690834  -0.2029524819   0.1442720483  -0.0710262121
25  4   0.0108970316   0.0064402408   0.0017720066   0.0000932571  -0.0060135545
25  5  -0.0034511419  -0.0046256918   0.0024151795  -0.0019593416   0.6367866109
25  6  -0.0703070130   0.3752724044  -0.0730347973  -0.0739732984  -0.0577496199
25  7  -0.3191866190  -0.0399565148  -0.2132014526   0.0001527148  -0.0001372881
25  8   0.0009652073   0.0006891280  -0.0007348699   0.0007950738   0.0006571799
25  9  -0.0004731848   0.0006563414   0.0006210320  -0.0002064105   0.0003597819
25 10  -0.0016189745   0.0011582815  -0.0007113912   0.0008030629  -0.0007549448
25 11   0.0001148658   0.0000261106   0.0007413510   0.0002110133   0.0000115815
25 12  -0.0005359861  -0.0000968705  -0.0005053103   0.0002277566  -0.0002685603
25 13   0.0010939755  -0.0006264390   0.0003836247   0.0000757949  -0.0006316760
25 14  -0.0001532380   0.0004364801   0.0006000503   0.0004370143   0.0000381118
25 15  -0.0000551454   0.0000303532  -0.0000123291  -0.0000274015  -0.0000059223
25 16   0.0000116963   0.0000082311   0.0000114192  -0.0001216277   0.0000782193
25 17  -0.0000340180
26  1  -0.0013833141  -0.0033889380  -0.0012890345   0.0110992871   0.0000235696
26  2   0.0071739931  -0.0081006495  -0.0017906839  -0.0068888635   0.0165331996
26  3   0.0151210069   0.0115615466   0.1455721324  -0.3176590217   0.0305089470
26  4   0.0314423189  -0.0560795589   0.0053843130  -0.0146314405   0.0019477542
26  5  -0.0095582458   0.0010647613   0.0021362407   0.0012949081  -0.0703070130
26  6   0.8295059532   0.1316027840  -0.0724444266  -0.3941907918  -0.1306084715
26  7  -0.0382623835  -0.0793844796  -0.0401232488   0.0003054647   0.0016045957
26  8   0.0008646083   0.0007122739  -0.0004828091   0.0005224944  -0.0010466284
26  9   0.0017300270  -0.0001669551  -0.0007332525   0.0000092853  -0.0004612144
26 10   0.0018501410  -0.0010097939   0.0009801472  -0.0007973730   0.0010825452
26 11  -0.0003530499   0.0002561834  -0.0007522322   0.0000106853  -0.0000900025
26 12   0.0004529604   0.0000449225   0.0005058910  -0.0002254050   0.0002734154
26 13  -0.0011803053   0.0005794944  -0.0006845440  -0.0002628763   0.0007546562
26 14  -0.0000239037  -0.0002322783  -0.0006676890  -0.0002852265  -0.0000022440
26 15  -0.0000302285  -0.0000015483   0.0000112005   0.0000088641   0.0000120103
26 16  -0.0000123095  -0.0000053686  -0.0000084876   0.0000964999  -0.0000473361
26 17   0.0000600309
27  1  -0.0002045240   0.0014908927  -0.0012943277   0.0011305664   0.0051179580
27  2   0.0011695949   0.0008528233  -0.0112614166   0.0043028567  -0.0388491482
27  3   0.0285590955  -0.0087432778  -0.0706252964   0.0295151621  -0.0837011620
27  4   0.0073452255  -0.0104415021   0.0126074573  -0.0053255085  -0.0041324400
27  5  -0.0008729547  -0.0022587059   0.0021490652  -0.0016367085   0.3752724044
27  6   0.1316027840   0.2833408360  -0.0572717026  -0.1313922906  -0.0682263413
27  7  -0.2125482816  -0.0410499319  -0.1372254338   0.0010527470   0.0005806578
27  8  -0.0006140904   0.0011087155  -0.0003930848  -0.0001965739   0.0005324063
27  9   0.0001991627  -0.0001635486   0.0002431733  -0.0001249462   0.0001120902
27 10  -0.0005546492   0.0005355364  -0.0003400382   0.0001005734  -0.0003227649
27 11   0.0003589149   0.0001059992   0.0003158400   0.0000866254  -0.0000009282
27 12  -0.0002366271  -0.0000704414  -0.0002066895   0.0000958531  -0.0001151624
27 13   0.0002597769  -0.0003290647   0.0003682331  -0.0000717313  -0.0002565185
27 14  -0.0000046293   0.0002513275   0.0002427662   0.0001720297   0.0000420007
27 15  -0.0000348201  -0.0000097533   0.0000025400  -0.0000127518  -0.0000134053
27 16   0.0000066976   0.0000048527   0.0000022783  -0.0000292734   0.0000485896
27 17  -0.0000502420
28  1  -0.0006339213   0.0014012009  -0.0006534217  -0.0006140146  -0.0006194501
28  2  -0.0006139595  -0.0000083772   0.0001023209   0.0008585054  -0.0014183453
28  3  -0.0011897468   0.0007430467   0.0104493815   0.0183675016   0.0126059361
28  4  -0.0015150351   0.0035765939  -0.0039168707   0.0021089195   0.0007952434
28  5   0.0002905331  -0.0002417771  -0.0006434910  -0.0004678049  -0.0730347973
28  6  -0.0724444266  -0.0572717026   0.0657523187   0.0750447355   0.0512770315
28  7  -0.0000202794  -0.0248031112  -0.0036531447  -0.0001407127   0.0000743773
28  8   0.0003691739  -0.0004332179   0.0000924212   0.0002419989   0.0000057902
28  9  -0.0001765328  -0.0000162686   0.0000009765   0.0001892543   0.0000252256
28 10   0.0001211531  -0.0003973529  -0.0000692467   0.0002067907  -0.0001005654
28 11   0.0002557803  -0.0004278610   0.0001077106  -0.0002745756   0.0000821754
28 12   0.0001246543   0.0000759373   0.0000967827  -0.0000300979   0.0000459767
28 13  -0.0001478350   0.0002760512   0.0002276445   0.0002038847  -0.0001299771
28 14   0.0001467480  -0.0001810592   0.0001317901  -0.0000964567  -0.0000291969
28 15   0.0000623598  -0.0000180458   0.0000064102   0.0000303637   0.0000054765
28 16   0.0000023903  -0.0000063585  -0.0000028845   0.0000534340  -0.0000404869
28 17  -0.0000009438
29  1   0.0005608579   0.0017080849   0.0005369694  -0.0013331196   0.0005459072
29  2  -0.0007523314   0.0018726598  -0.0008866179   0.0012876650  -0.0056266477
29  3   0.0027858884  -0.0022939031  -0.0037784340  -0.0262222981  -0.0074845815
29  4   0.0033392208   0.0014807345   0.0011527317   0.0007552285  -0.0011623515
29  5  -0.0002035919  -0.0011005041  -0.0003124980  -0.0008261314  -0.0739732984
29  6  -0.3941907918  -0.1313922906   0.0750447355   0.4115792239   0.1351673936
29  7   0.0034350654   0.0046940156   0.0038701935  -0.0001414741   0.0001365788
29  8   0.0000940119   0.0001797905  -0.0001687896   0.0002489615   0.0001286475
29  9  -0.0001139611   0.0000616928   0.0006631887   0.0002294332   0.0004668227
29 10  -0.0016692793   0.0005640628  -0.0009602844   0.0008081786  -0.0006015639
29 11   0.0004356446  -0.0003983279   0.0004420267  -0.0001665916   0.0001170874
29 12  -0.0001715582   0.0000365014  -0.0003012397   0.0001420394  -0.0001636244
29 13   0.0012099633  -0.0001346878   0.0008296905   0.0001977715  -0.0004214176
29 14   0.0000493854   0.0000788588   0.0002282299   0.0000969116  -0.0000272374
29 15   0.0000128504  -0.0000190047  -0.0000048146  -0.0000013128  -0.0000050216
29 16   0.0000177237  -0.0000041406   0.0000093082  -0.0000329833  -0.0000325926
29 17  -0.0000371011
30  1  -0.0008329262   0.0010759297   0.0005747760  -0.0007754993  -0.0003017062
30  2  -0.0004177997   0.0012614256   0.0001567933  -0.0005034187  -0.0002436191
30  3   0.0005003554  -0.0030286814   0.0077807641   0.0064954820   0.0032901916
30  4  -0.0039780157   0.0013062396   0.0036540455   0.0002808463  -0.0001743061
30  5   0.0020651133  -0.0005725044  -0.0005367162  -0.0002087042  -0.0577496199
30  6  -0.1306084715  -0.0682263413   0.0512770315   0.1351673936   0.0685262357
30  7   0.0026089412  -0.0141226373  -0.0043866056   0.0003239383   0.0002312158
30  8  -0.0004421704   0.0002598277   0.0001940224  -0.0005738746   0.0000508316
30  9  -0.0001314940  -0.0000245721   0.0001278423   0.0001642895   0.0001446998
30 10  -0.0003468169  -0.0001504685  -0.0001605556   0.0004555807  -0.0001441382
30 11   0.0000307682  -0.0003869480   0.0001557573  -0.0001729535   0.0000740936
30 12   0.0000406081   0.0000621313  -0.0000138423   0.0000087041   0.0000076709
30 13   0.0004306553   0.0002354479  -0.0000850811   0.0002191080  -0.0001591127
30 14   0.0000331030  -0.0001084119   0.0001301284  -0.0000225203  -0.0000379959
30 15   0.0000377787   0.0000053085  -0.0000026917   0.0000169763   0.0000109198
30 16   0.0000026711  -0.0000059645   0.0000040789   0.0000005116  -0.0000415082
30 17   0.0000327614
31  1  -0.0003788764  -0.0002383943  -0.0003361425   0.0010886036  -0.0000219851
31  2   0.0006814631   0.0002650106   0.0003885618  -0.0024494910   0.0021860102
31  3   0.0024396268  -0.0002075786  -0.0159100651  -0.0035238699  -0.0067950820
31  4   0.0006118583  -0.0025778553   0.0014299660  -0.0015642285   0.0000161267
31  5  -0.0003287884   0.0002196787   0.0000568573   0.0006651469  -0.3191866190
31  6  -0.0382623835  -0.2125482816  -0.0000202794   0.0034350654   0.0026089412
31  7   0.3325620068   0.0378351105   0.2174439078   0.0005832455   0.0002466879
31  8  -0.0001948528   0.0001057358  -0.0000052184  -0.0000601359  -0.0001223200
31  9   0.0002031155   0.0000182818  -0.0000210697   0.0000980518   0.0000101866
31 10   0.0000597605  -0.0001978728  -0.0000222817   0.0000291235   0.0000807470
31 11   0.0000659837  -0.0001245510  -0.0000704729  -0.0001039241   0.0000233136
31 12   0.0000983946   0.0000367677   0.0000653797  -0.0000320799   0.0000324473
31 13  -0.0000472553   0.0001330488   0.0000507785   0.0000309086   0.0000546230
31 14   0.0000479590  -0.0000761326  -0.0000738811  -0.0000770452  -0.0000151103
31 15   0.0000119881  -0.0000133774   0.0000029092   0.0000087821   0.0000002901
31 16   0.0000015343  -0.0000032768  -0.0000022069   0.0000264870  -0.0000282243
31 17  -0.0000019804
32  1  -0.0000244183  -0.0006323898  -0.0001670855  -0.0002964195  -0.0006168684
32  2  -0.0003264086   0.0006801758   0.0025021468   0.0000511808   0.0043263968
32  3  -0.0046119702   0.0010006493   0.0217212779   0.0103795909   0.0174978807
32  4   0.0008174905  -0.0001700358   0.0010246473  -0.0003180875   0.0001657143
32  5   0.0000558228   0.0003005654  -0.0005753933   0.0002387947  -0.0399565148
32  6  -0.0793844796  -0.0410499319  -0.0248031112   0.0046940156  -0.0141226373
32  7   0.0378351105   0.0697603834   0.0365440334  -0.0002200413  -0.0012106413
32  8  -0.0006160724  -0.0000449893   0.0000142021  -0.0000681364  -0.0000952888
32  9  -0.0000246087  -0.0000481499   0.0000270117  -0.0000271421   0.0000118977
32 10  -0.0000664164   0.0000935440  -0.0000276445  -0.0000580364   0.0000239694
32 11  -0.0000215640   0.0000565235   0.0000088416   0.0000349839  -0.0000148766
32 12  -0.0000332619  -0.0000163931  -0.0000404837   0.0000135619  -0.0000231857
32 13   0.0000346996  -0.0000784895   0.0000226150  -0.0000407994  -0.0000067144
32 14  -0.0000214841   0.0000400555  -0.0000316487   0.0000141493   0.0000022635
32 15  -0.0000099321  -0.0000027918  -0.0000011769  -0.0000068576  -0.0000034917
32 16  -0.0000004136   0.0000014782  -0.0000006785  -0.0000123727   0.0000126930
32 17  -0.0000094102
33  1  -0.0002880545  -0.0003079266  -0.0001847025   0.0006289136  -0.0001499569
33  2   0.0003682727  -0.0023859581  -0.0001315086   0.0027132872   0.0002075122
33  3  -0.0001956164   0.0034625294  -0.0013103664   0.0015185087  -0.0069740074
33  4   0.0021570227  -0.0011342436  -0.0013822244  -0.0004161639   0.0002776431
33  5  -0.0012328982   0.0007222174   0.0000860292  -0.0003271346  -0.2132014526
33  6  -0.0401232488  -0.1372254338  -0.0036531447   0.0038701935  -0.0043866056
33  7   0.2174439078   0.0365440334   0.1448615506  -0.0002952455  -0.0003240547
33  8   0.0007137467  -0.0000675174  -0.0000435717   0.0001446465  -0.0000478374
33  9   0.0001419921  -0.0000794987  -0.0000063699   0.0000568115   0.0000055119
33 10   0.0000079514  -0.0001117774   0.0000079783   0.0000345799   0.0000681959
33 11  -0.0000097176  -0.0000752347  -0.0000467118  -0.0000446702   0.0000120944
33 12   0.0000558800   0.0000186016   0.0000312525  -0.0000179363   0.0000189971
33 13   0.0000282381   0.0000852644  -0.0000450670   0.0000263216   0.0000394902
33 14  -0.0000001327  -0.0000519153  -0.0000582992  -0.0000260024  -0.0000154017
33 15   0.0000030985   0.0000007254  -0.0000018157   0.0000028611   0.0000048852
33 16  -0.0000014845  -0.0000026983   0.0000020916   0.0000015564  -0.0000195756
33 17   0.0000164364
34  1   0.0000985607   0.0000396282  -0.0000471059   0.0023028076   0.0043075620
34  2  -0.0029012957   0.0000580161  -0.0000747331  -0.0000333961   0.0022051645
34  3   0.0001598042  -0.0011481816  -0.0015528594   0.0022200118   0.0001783264
34  4  -0.2530135817  -0.0393569398  -0.1545397655  -0.0114503553  -0.0071367921
34  5  -0.0078435421   0.0001687709  -0.0000133396   0.0004540639   0.0001527148
34  6   0.0003054647   0.0010527470  -0.0001407127  -0.0001414741   0.0003239383
34  7   0.0005832455  -0.0002200413  -0.0002952455   0.2615771677   0.0409426632
34  8   0.1633053415  -0.0008225869  -0.0006498885   0.0024067686   0.0001643587
34  9  -0.0003065389  -0.0010187063  -0.0000038169   0.0000065449  -0.0000022450
34 10   0.0000105953  -0.0000168814  -0.0000040922  -0.0000066683   0.0000216390
34 11   0.0000376899   0.0000057409  -0.0000283257  -0.0000087733  -0.0000007660
34 12   0.0000176655   0.0000006116   0.0000089586  -0.0000092423   0.0000055531
34 13  -0.0000129263   0.0000044465   0.0000036680  -0.0000048154   0.0000190536
34 14   0.0000081680  -0.0000075373  -0.0000137087  -0.0000106252   0.0000013282
34 15   0.0000014192  -0.0000035501   0.0000004490   0.0000004519  -0.0000006096
34 16   0.0000003771   0.0000001205  -0.0000008623   0.0000026827  -0.0000014517
34 17  -0.0000022951
35  1  -0.0000864039   0.0004260727  -0.0000022136   0.0048704444  -0.0033386230
35  2   0.0005340763   0.0006872726  -0.0031159003  -0.0002649697  -0.0015758437
35  3  -0.0057692550  -0.0031631799  -0.0236643639   0.0014541558  -0.0144606815
35  4  -0.0411560219  -0.0647946029  -0.0335822890   0.0193446991   0.0086215626
35  5   0.0145514178   0.0000215326   0.0010447906   0.0003629775  -0.0001372881
35  6   0.0016045957   0.0005806578   0.0000743773   0.0001365788   0.0002312158
35  7   0.0002466879  -0.0012106413  -0.0003240547   0.0409426632   0.0638750301
35  8   0.0343814719  -0.0007937655   0.0005905811   0.0006685351   0.0009811610
35  9   0.0006638544   0.0004029696   0.0000059855  -0.0000346668  -0.0000042023
35 10  -0.0000669246   0.0000764600  -0.0000288664   0.0000391251  -0.0000653257
35 11   0.0000235428   0.0001122711  -0.0000629228   0.0000557838  -0.0000108117
35 12  -0.0000033787  -0.0000085105  -0.0000044803  -0.0000030673  -0.0000026898
35 13   0.0000278317  -0.0000524106   0.0000100762  -0.0000452286   0.0000689804
35 14  -0.0000113739   0.0000244762  -0.0000481824   0.0000039796   0.0000077278
35 15  -0.0000110913   0.0000008183  -0.0000012314  -0.0000047619  -0.0000021239
35 16  -0.0000001616   0.0000010576  -0.0000001645  -0.0000073395   0.0000038563
35 17  -0.0000050899
36  1  -0.0000744734   0.0000781597   0.0001551255  -0.0027563717   0.0001752149
36  2   0.0066253017   0.0001330558  -0.0007544905  -0.0000007229  -0.0015248733
36  3  -0.0020742705   0.0026272090  -0.0055301797   0.0019385332  -0.0041189260
36  4  -0.1551495795  -0.0324377047  -0.1266043565  -0.0020095857  -0.0022474244
36  5  -0.0033581308   0.0004627611   0.0003449535  -0.0001794935   0.0009652073
36  6   0.0008646083  -0.0006140904   0.0003691739   0.0000940119  -0.0004421704
36  7  -0.0001948528  -0.0006160724   0.0007137467   0.1633053415   0.0343814719
36  8   0.1276862651   0.0023458273   0.0007888803  -0.0031525577  -0.0007352843
36  9  -0.0004189210   0.0011047705  -0.0000022968  -0.0000038205  -0.0000006372
36 10  -0.0000153101   0.0000037666   0.0000032407   0.0000415029   0.0000118717
36 11  -0.0000291645   0.0000228173  -0.0000340564   0.0000164729  -0.0000054028
36 12   0.0000100811   0.0000028237   0.0000068415  -0.0000061923  -0.0000001857
36 13   0.0000092021  -0.0000040093  -0.0000129826  -0.0000064056   0.0000306549
36 14  -0.0000086108  -0.0000020999  -0.0000203436  -0.0000013206  -0.0000021726
36 15  -0.0000033156   0.0000051622  -0.0000009176  -0.0000010077   0.0000007011
36 16  -0.0000008232  -0.0000001018   0.0000012085  -0.0000035563  -0.0000013578
36 17   0.0000030740
37  1  -0.0001300031   0.0000115576   0.0001147189  -0.0037211193  -0.0308634312
37  2  -0.0115955661  -0.0015758003   0.0037375396  -0.0035194452  -0.0000143713
37  3  -0.0003272755   0.0007380353  -0.0004568199   0.0041906332  -0.0060052975
37  4   0.0088310694   0.0183704141   0.0051329020  -0.0600719048  -0.0304323901
37  5  -0.0165181996  -0.0012073519  -0.0017839676  -0.0009825854   0.0006891280
37  6   0.0007122739   0.0011087155  -0.0004332179   0.0001797905   0.0002598277
37  7   0.0001057358  -0.0000449893  -0.0000675174  -0.0008225869  -0.0007937655
37  8   0.0023458273   0.0588268881   0.0375977624   0.0275617203   0.0000690069
37  9  -0.0007494662   0.0014561168   0.0000132098  -0.0000047407   0.0000123228
37 10  -0.0000251332   0.0000151550  -0.0000167655   0.0000413585  -0.0000276140
37 11  -0.0000242859  -0.0000390938   0.0000473135  -0.0000181880   0.0000009735
37 12  -0.0000206849   0.0000035957  -0.0000112917   0.0000058448  -0.0000074144
37 13   0.0000159103  -0.0000071470   0.0000091481   0.0000072703  -0.0000518627
37 14  -0.0000065857   0.0000400075   0.0000808172   0.0000407532   0.0000053675
37 15  -0.0000098897  -0.0000021930   0.0000008143   0.0000005492  -0.0000006721
37 16   0.0000014066  -0.0000002297  -0.0000005454  -0.0000003934   0.0000013382
37 17  -0.0000016751
38  1  -0.0000551442  -0.0000489399   0.0000221493   0.0003624116   0.0002713960
38  2  -0.0005657956   0.0006538101   0.0029554104  -0.0000957822   0.0005531545
38  3   0.0003808549   0.0007198602   0.0036410218  -0.0020514354  -0.0004589576
38  4  -0.0051701207  -0.0114004333  -0.0073791268  -0.0358888807  -0.3408450153
38  5  -0.0872804390   0.0000924664  -0.0002361802   0.0000668436  -0.0007348699
38  6  -0.0004828091  -0.0003930848   0.0000924212  -0.0001687896   0.0001940224
38  7  -0.0000052184   0.0000142021  -0.0000435717  -0.0006498885   0.0005905811
38  8   0.0007888803   0.0375977624   0.3506011009   0.0940604095  -0.0004075465
38  9   0.0005052186   0.0004083426   0.0000070868   0.0000122446   0.0000090117
38 10  -0.0000092592  -0.0000214901  -0.0000123671   0.0000251094   0.0000006543
38 11   0.0000007312  -0.0000339554   0.0000115389  -0.0000209082   0.0000037164
38 12   0.0000031620   0.0000054194  -0.0000019583   0.0000016921  -0.0000017870
38 13   0.0000075758   0.0000113502   0.0000078826   0.0000136604  -0.0000112393
38 14   0.0000060327  -0.0000078778   0.0000028014  -0.0000055030  -0.0000029932
38 15   0.0000028185  -0.0000023926   0.0000004361   0.0000013156  -0.0000000178
38 16   0.0000001476  -0.0000002858  -0.0000003133   0.0000011572  -0.0000019473
38 17  -0.0000003060
39  1   0.0001009457   0.0000647170  -0.0002303496  -0.0048187562  -0.0204457050
39  2  -0.0036079875  -0.0042184215   0.0018690248   0.0030205968   0.0009460616
39  3   0.0001554169  -0.0006637629  -0.0061601915  -0.0000728032   0.0065569043
39  4  -0.0000455356   0.0075734532   0.0088148928  -0.0176491303  -0.0839818259
39  5  -0.0713552212  -0.0005680947  -0.0011274105  -0.0008875712   0.0007950738
39  6   0.0005224944  -0.0001965739   0.0002419989   0.0002489615  -0.0005738746
39  7  -0.0000601359  -0.0000681364   0.0001446465   0.0024067686   0.0006685351
39  8  -0.0031525577   0.0275617203   0.0940604095   0.0638686890   0.0015555648
39  9   0.0001953635  -0.0014811958   0.0000149893   0.0000013534   0.0000021025
39 10  -0.0000222708   0.0000041727  -0.0000073468  -0.0000128436  -0.0000324919
39 11   0.0000554237  -0.0000358417   0.0000315546  -0.0000108225   0.0000089734
39 12  -0.0000098757  -0.0000081692  -0.0000091015   0.0000034395  -0.0000031548
39 13   0.0000126397  -0.0000017586   0.0000066448   0.0000074655  -0.0000354898
39 14  -0.0000034191   0.0000208283   0.0000506634   0.0000284396  -0.0000007466
39 15  -0.0000069389   0.0000034375  -0.0000006290   0.0000002979   0.0000014686
39 16  -0.0000004804  -0.0000006478   0.0000019293  -0.0000017190  -0.0000002850
39 17   0.0000015528
40  1   0.0003053311   0.0001207394   0.0001406092  -0.1938300691   0.1828913748
40  2  -0.0770986458   0.0113378663  -0.0056116497   0.0065244592   0.0010981816
40  3  -0.0029061583  -0.0025953820  -0.0002762733   0.0012394682   0.0001069058
40  4  -0.0004782012  -0.0043093319  -0.0045378059  -0.0156903435   0.0202563284
40  5  -0.0019110708  -0.0036747863   0.0004006502  -0.0002106577   0.0006571799
40  6  -0.0010466284   0.0005324063   0.0000057902   0.0001286475   0.0000508316
40  7  -0.0001223200  -0.0000952888  -0.0000478374   0.0001643587   0.0009811610
40  8  -0.0007352843   0.0000690069  -0.0004075465   0.0015555648   0.2009072726
40  9  -0.1911944280   0.0783391441  -0.0000845772  -0.0000655548  -0.0000673165
40 10   0.0001455129   0.0000677786   0.0000979446  -0.0001742247   0.0000838710
40 11  -0.0000637293   0.0002374794  -0.0001889324   0.0000994999  -0.0000310174
40 12   0.0000126340  -0.0000151407   0.0000387096  -0.0000245144   0.0000190877
40 13  -0.0001042361  -0.0000786367  -0.0000707252  -0.0001389489   0.0001644971
40 14  -0.0000044961   0.0001203494  -0.0000017869   0.0000356539   0.0000434672
40 15  -0.0000530662  -0.0000128920   0.0000015852  -0.0000100691  -0.0000070682
40 16   0.0000007112   0.0000006465  -0.0000014302   0.0000002137   0.0000070001
40 17  -0.0000039411
41  1   0.0003872816  -0.0003751074   0.0001366070   0.1823184522  -0.2702360833
41  2   0.0555201071   0.0229660241  -0.0189816991   0.0105794574  -0.0005630488
41  3  -0.0056605154  -0.0024937550  -0.0023435899  -0.0039006632  -0.0023417550
41  4  -0.0033628538   0.0037400917  -0.0024644148  -0.0064581936   0.0118982141
41  5  -0.0002235214  -0.0000110321   0.0042241756   0.0016433433  -0.0004731848
41  6   0.0017300270   0.0001991627  -0.0001765328  -0.0001139611  -0.0001314940
41  7   0.0002031155  -0.0000246087   0.0001419921  -0.0003065389   0.0006638544
41  8  -0.0004189210  -0.0007494662   0.0005052186   0.0001953635  -0.1911944280
41  9   0.2770863807  -0.0603192857  -0.0000040927   0.0000829758   0.0000162655
41 10   0.0000000157  -0.0001135575  -0.0000283062  -0.0000027323   0.0001789493
41 11   0.0000479629  -0.0000127472  -0.0001472878  -0.0000438794   0.0000077117
41 12   0.0000919902   0.0000256029   0.0000317903  -0.0000216164   0.0000155644
41 13   0.0000248167   0.0000544725   0.0000323355   0.0000122421   0.0001251099
41 14   0.0000515300  -0.0001255129  -0.0002254088  -0.0001438138  -0.0000251334
41 15   0.0000340877  -0.0000187214  -0.0000002451   0.0000035970  -0.0000016719
41 16  -0.0000019735  -0.0000006369  -0.0000021520   0.0000091710  -0.0000175425
41 17   0.0000002123
42  1   0.0001990751  -0.0000316306   0.0002442476  -0.0773359872   0.0559764308
42  2  -0.0508485387   0.0128072932  -0.0075276646   0.0055688894  -0.0020766238
42  3  -0.0039892164   0.0019747066  -0.0006789626  -0.0000652586  -0.0004575248
42  4  -0.0043233831  -0.0030566770   0.0017566874  -0.0078339031   0.0167245358
42  5  -0.0069431499  -0.0003169305   0.0018695202  -0.0029727087   0.0006563414
42  6  -0.0001669551  -0.0001635486  -0.0000162686   0.0000616928  -0.0000245721
42  7   0.0000182818  -0.0000481499  -0.0000794987  -0.0010187063   0.0004029696
42  8   0.0011047705   0.0014561168   0.0004083426  -0.0014811958   0.0783391441
42  9  -0.0603192857   0.0525105131  -0.0000538201  -0.0000229113  -0.0000406750
42 10   0.0000833186   0.0000151974   0.0000706886  -0.0000827009   0.0001023616
42 11  -0.0000750511   0.0001375850  -0.0001566470   0.0000701415  -0.0000161830
42 12   0.0000290696  -0.0000062799   0.0000314932  -0.0000206166   0.0000160494
42 13  -0.0000481294  -0.0000333753  -0.0000579472  -0.0000380172   0.0001486114
42 14  -0.0000668290   0.0000085451  -0.0000643766   0.0000544159  -0.0000069891
42 15  -0.0000363039   0.0000331339  -0.0000051120  -0.0000075750   0.0000044252
42 16  -0.0000020216  -0.0000003936   0.0000017298  -0.0000035285  -0.0000013774
42 17   0.0000063334
43  1  -0.0024211141   0.0033317726  -0.0021604627   0.0007305544   0.0003445293
43  2   0.0005180562  -0.0018698177   0.0000775181  -0.0011636118   0.0013119518
43  3  -0.0010354084   0.0008634105  -0.0009598810   0.0008110369  -0.0003996804
43  4   0.0002183252  -0.0003337417   0.0000400044  -0.0004752752   0.0000550466
43  5  -0.0002877586   0.0013267683   0.0000770599   0.0008870464   0.0006210320
43  6  -0.0007332525   0.0002431733   0.0000009765   0.0006631887   0.0001278423
43  7  -0.0000210697   0.0000270117  -0.0000063699  -0.0000038169   0.0000059855
43  8  -0.0000022968   0.0000132098   0.0000070868   0.0000149893  -0.0000845772
43  9  -0.0000040927  -0.0000538201   0.5923064743  -0.1581223156   0.3044865248
43 10  -0.1249032382   0.0041780429  -0.0406073410   0.0371804870  -0.0066030941
43 11   0.0158725122  -0.0361114630  -0.0295824722  -0.0268312915  -0.0238171510
43 12   0.0543127743  -0.0102456043  -0.2808948658   0.0137115637  -0.1482272792
43 13  -0.0395152571  -0.0515364461  -0.0494145200   0.0023860879   0.0103375641
43 14   0.0041437479  -0.0012869309  -0.0012048728  -0.0011575549   0.0009413430
43 15  -0.0007843360   0.0004151704   0.0039378563   0.0033393515  -0.0019981516
43 16  -0.0113921166   0.0044452717  -0.0089855120  -0.1182942387   0.1542433295
43 17  -0.0364680300
44  1   0.0017361310   0.0012036104   0.0009187625  -0.0000392009  -0.0004402822
44  2  -0.0001285378   0.0002792788   0.0006344982   0.0003170458  -0.0006587891
44  3  -0.0000424570  -0.0003432965   0.0005586767   0.0000410372   0.0003741641
44  4  -0.0000880332  -0.0002321542  -0.0001153096  -0.0000608753   0.0000023637
44  5  -0.0000376486  -0.0001723787  -0.0007143954  -0.0002573419  -0.0002064105
44  6   0.0000092853  -0.0001249462   0.0001892543   0.0002294332   0.0001642895
44  7   0.0000980518  -0.0000271421   0.0000568115   0.0000065449  -0.0000346668
44  8  -0.0000038205  -0.0000047407   0.0000122446   0.0000013534  -0.0000655548
44  9   0.0000829758  -0.0000229113  -0.1581223156   0.7786806551   0.0557661727
44 10  -0.0391568850  -0.2111254720  -0.0584255829   0.0044802828  -0.0562278472
44 11  -0.0115423578  -0.0176370741  -0.0019488821  -0.0107040750   0.0385778473
44 12   0.0057130446   0.0234732043   0.0526283830  -0.1466955358   0.0105377314
44 13  -0.0195892298   0.0100777534  -0.0146672550   0.0068486653  -0.0060293128
44 14   0.0031926164  -0.0000507790   0.0010422237   0.0001724845  -0.0004510005
44 15  -0.0003353319  -0.0003696963   0.0028332077  -0.0051860628  -0.0011097090
44 16  -0.0266738599   0.0093029349  -0.0158763110   0.1548545933  -0.3785444438
44 17   0.0187993288
45  1  -0.0024953694   0.0019290530   0.0009181161   0.0004363776   0.0001156932
45  2   0.0003326511  -0.0011255284   0.0001898843  -0.0006748096   0.0009441515
45  3  -0.0005813694   0.0000767926  -0.0004542111   0.0005371569  -0.0002215822
45  4   0.0000941549  -0.0002728705   0.0000391529  -0.0003157696   0.0000354739
45  5  -0.0001920659   0.0008328138  -0.0000984980   0.0004663292   0.0003597819
45  6  -0.0004612144   0.0001120902   0.0000252256   0.0004668227   0.0001446998
45  7   0.0000101866   0.0000118977   0.0000055119  -0.0000022450  -0.0000042023
45  8  -0.0000006372   0.0000123228   0.0000090117   0.0000021025  -0.0000673165
45  9   0.0000162655  -0.0000406750   0.3044865248   0.0557661727   0.2685039811
45 10  -0.0502251274  -0.0307772847  -0.0973596562   0.0181531847  -0.0186132490
45 11   0.0177388203  -0.0241073742  -0.0182826478  -0.0236812285  -0.0135817893
45 12   0.0333097434   0.0092793511  -0.1398027956  -0.0141076464  -0.1305460675
45 13  -0.0424951559  -0.0350171079  -0.0143394909   0.0034074031   0.0053621159
45 14   0.0027438476  -0.0009021442  -0.0005605354  -0.0005831309   0.0004794288
45 15  -0.0005814474   0.0002100536  -0.0021339214  -0.0007847884   0.0067025621
45 16  -0.0157252621   0.0039850627  -0.0050824315  -0.0363469277   0.0185282261
45 17  -0.0346790678
46  1   0.0134574426  -0.0118158269   0.0052485110  -0.0013026107  -0.0005299399
46  2  -0.0009354801   0.0028640005   0.0002775179   0.0018929770  -0.0040472561
46  3   0.0022693410  -0.0021659151   0.0027047915  -0.0023323876   0.0011431093
46  4  -0.0004968746   0.0006869138  -0.0001393463   0.0008164138  -0.0001558036
46  5   0.0004805027  -0.0019070450  -0.0001907015  -0.0012502406  -0.0016189745
46  6   0.0018501410  -0.0005546492   0.0001211531  -0.0016692793  -0.0003468169
46  7   0.0000597605  -0.0000664164   0.0000079514   0.0000105953  -0.0000669246
46  8  -0.0000153101  -0.0000251332  -0.0000092592  -0.0000222708   0.0001455129
46  9   0.0000000157   0.0000833186  -0.1249032382  -0.0391568850  -0.0502251274
46 10   0.7807692264  -0.0816516192   0.3501986284  -0.1201206827   0.0475878942
46 11  -0.0292850499  -0.0302248464   0.0346005295  -0.0019319906   0.0009079135
46 12  -0.0028567691   0.0027002077  -0.0205715043  -0.0219924118  -0.0166460236
46 13  -0.5149647170   0.0660229777  -0.2634824521   0.0037812923  -0.0092021878
46 14  -0.0035522838   0.0008125822   0.0016615337   0.0016782228   0.0005747118
46 15   0.0014104694  -0.0020436450   0.0000431647  -0.0001205859  -0.0000386063
46 16  -0.0004325968   0.0020017113  -0.0032228270   0.0141265254   0.0136023624
46 17   0.0125608875
47  1  -0.0050766487  -0.0151911776  -0.0068150196   0.0004780863   0.0008761615
47  2   0.0004965923  -0.0010831418  -0.0009390390  -0.0008849565   0.0010424138
47  3  -0.0008796284   0.0004419592  -0.0022594154   0.0008425800  -0.0012712019
47  4   0.0003005520   0.0000049712   0.0002013805  -0.0002570428   0.0001328761
47  5  -0.0001335935   0.0008912842   0.0008909125   0.0007658081   0.0011582815
47  6  -0.0010097939   0.0005355364  -0.0003973529   0.0005640628  -0.0001504685
47  7  -0.0001978728   0.0000935440  -0.0001117774  -0.0000168814   0.0000764600
47  8   0.0000037666   0.0000151550  -0.0000214901   0.0000041727   0.0000677786
47  9  -0.0001135575   0.0000151974   0.0041780429  -0.2111254720  -0.0307772847
47 10  -0.0816516192   0.5655339462   0.0279979734   0.0502828552  -0.2395981168
47 11  -0.0067130963   0.0656394529   0.0228020962   0.0500742853   0.0019528590
47 12  -0.0488589292  -0.0084482438  -0.0670079015   0.0415029382  -0.0331030772
47 13   0.0581784788  -0.1021723404   0.0305920799  -0.0163173643   0.0068673752
47 14  -0.0102559068  -0.0005568989  -0.0016430605  -0.0004519200   0.0010763842
47 15   0.0020951622   0.0002277017  -0.0008594945  -0.0028286921  -0.0011870233
47 16   0.0052272899   0.0011694028   0.0024459334  -0.0151218401  -0.0198990385
47 17  -0.0138489211
48  1   0.0067140965  -0.0111268631   0.0030873615  -0.0007187436  -0.0001442010
48  2  -0.0004949650   0.0016050380  -0.0000195103   0.0009822531  -0.0024392773
48  3   0.0012255490  -0.0011553984   0.0011649034  -0.0013234581   0.0005493093
48  4  -0.0002242213   0.0004463049  -0.0000816990   0.0004602914  -0.0000695280
48  5   0.0002765362  -0.0010125754   0.0000716925  -0.0006333977  -0.0007113912
48  6   0.0009801472  -0.0003400382  -0.0000692467  -0.0009602844  -0.0001605556
48  7  -0.0000222817  -0.0000276445   0.0000079783  -0.0000040922  -0.0000288664
48  8   0.0000032407  -0.0000167655  -0.0000123671  -0.0000073468   0.0000979446
48  9  -0.0000283062   0.0000706886  -0.0406073410  -0.0584255829  -0.0973596562
48 10   0.3501986284   0.0279979734   0.4226934979  -0.0285692543  -0.0084624484
48 11  -0.0819464044   0.0047966781   0.0303737790  -0.0055926478   0.0037392040
48 12  -0.0115144144  -0.0043864786  -0.0264901163  -0.0044537814  -0.0198313001
48 13  -0.2651506193   0.0355695797  -0.2280008579  -0.0051063242  -0.0056867981
48 14   0.0017155648   0.0011793466   0.0009784752  -0.0002758874  -0.0021143070
48 15   0.0004252203   0.0029993320  -0.0001984774  -0.0007047517  -0.0002242719
48 16  -0.0025122388   0.0003717629   0.0037898696   0.0062874158   0.0045194521
48 17   0.0041292448
49  1  -0.0345051397  -0.0308907079  -0.0195954563   0.0010647349   0.0003359162
49  2   0.0010409936  -0.0036634097  -0.0000357147  -0.0024008918   0.0068013195
49  3   0.0009506355   0.0015790123  -0.0011108121   0.0015914311  -0.0005296510
49  4   0.0003780281  -0.0004920044   0.0003920598  -0.0007098380   0.0000127588
49  5  -0.0004815253   0.0026001880   0.0004091329   0.0012769600   0.0008030629
49  6  -0.0007973730   0.0001005734   0.0002067907   0.0008081786   0.0004555807
49  7   0.0000291235  -0.0000580364   0.0000345799  -0.0000066683   0.0000391251
49  8   0.0000415029   0.0000413585   0.0000251094  -0.0000128436  -0.0001742247
49  9  -0.0000027323  -0.0000827009   0.0371804870   0.0044802828   0.0181531847
49 10  -0.1201206827   0.0502828552  -0.0285692543   0.5307786722  -0.1318523124
49 11   0.2665065012  -0.2919135194   0.0235057986  -0.1436962602  -0.0213877933
49 12  -0.0269542380  -0.0289695510  -0.0281023091   0.0157393292  -0.0134510210
49 13  -0.0394113985   0.0644792579  -0.0226703802  -0.0401317275   0.0347053017
49 14  -0.0239612345  -0.0031369832  -0.0048590570  -0.0011351867   0.0033874910
49 15   0.0024425838   0.0005045677   0.0012247167  -0.0031451923  -0.0024810174
49 16   0.0001532377   0.0004880865   0.0010237310  -0.0004331993  -0.0014743254
49 17  -0.0031376508
50  1  -0.0258422525  -0.0740401954  -0.0295044427  -0.0014357824  -0.0006171733
50  2  -0.0009428118   0.0043586667   0.0006594694   0.0028825099  -0.0055837718
50  3   0.0062932633  -0.0032033662   0.0016581729  -0.0022906649   0.0004927050
50  4  -0.0005657939   0.0004713141  -0.0001654013   0.0006039053  -0.0001674620
50  5   0.0003321319  -0.0019489486  -0.0019722997  -0.0018309501  -0.0007549448
50  6   0.0010825452  -0.0003227649  -0.0001005654  -0.0006015639  -0.0001441382
50  7   0.0000807470   0.0000239694   0.0000681959   0.0000216390  -0.0000653257
50  8   0.0000118717  -0.0000276140   0.0000006543  -0.0000324919   0.0000838710
50  9   0.0001789493   0.0001023616  -0.0066030941  -0.0562278472  -0.0186132490
50 10   0.0475878942  -0.2395981168  -0.0084624484  -0.1318523124   0.5227675331
50 11   0.0152659888   0.0191316481  -0.1397467394  -0.0064064449  -0.0224364751
50 12   0.0324635689  -0.0103642146   0.0254362709  -0.0144612418   0.0133606155
50 13   0.0422641157  -0.0137802658   0.0197687583   0.0609091794  -0.0107686060
50 14   0.0344091265   0.0003415563   0.0043353865   0.0018142790   0.0005656313
50 15  -0.0059060315  -0.0016661121  -0.0014391516  -0.0041078242  -0.0027152733
50 16  -0.0004031939   0.0002499346   0.0000743750  -0.0038550088  -0.0036487136
50 17  -0.0041164100
51  1  -0.0185123701  -0.0327659017  -0.0330761744   0.0006567331   0.0001786731
51  2  -0.0000043301  -0.0014442536   0.0000991459  -0.0007877179   0.0001461884
51  3   0.0009693152   0.0049750016  -0.0005161688   0.0004513760   0.0000390182
51  4   0.0003750056  -0.0001219353  -0.0001966623  -0.0003551288  -0.0000400249
51  5  -0.0001795864   0.0007621261  -0.0003372315   0.0011462125   0.0001148658
51  6  -0.0003530499   0.0003589149   0.0002557803   0.0004356446   0.0000307682
51  7   0.0000659837  -0.0000215640  -0.0000097176   0.0000376899   0.0000235428
51  8  -0.0000291645  -0.0000242859   0.0000007312   0.0000554237  -0.0000637293
51  9   0.0000479629  -0.0000750511   0.0158725122  -0.0115423578   0.0177388203
51 10  -0.0292850499  -0.0067130963  -0.0819464044   0.2665065012   0.0152659888
51 11   0.2386388435  -0.1447234782  -0.0034828812  -0.1452483707  -0.0279280513
51 12  -0.0133192280  -0.0060028666  -0.0114453976   0.0072185366  -0.0071887660
51 13  -0.0277015619   0.0340948928   0.0081123528  -0.0181271997   0.0175481991
51 14   0.0014125974  -0.0000072466  -0.0014802064  -0.0033378749   0.0000915256
51 15  -0.0004837683   0.0033907052  -0.0021153756  -0.0037901844   0.0018458313
51 16   0.0008198860   0.0006459272  -0.0006016114  -0.0036653160  -0.0025914223
51 17   0.0010815451
52  1  -0.0059764791  -0.0090172591  -0.0057962253  -0.0015028148  -0.0004367390
52  2  -0.0010469921   0.0048039395  -0.0016884971   0.0026191514  -0.0011946693
52  3   0.0011006121  -0.0007657772  -0.0007499018  -0.0002978409  -0.0005392888
52  4  -0.0001795789   0.0006888912   0.0000432424   0.0009488623  -0.0000387581
52  5   0.0006017545  -0.0039457780   0.0004988901  -0.0023242655   0.0000261106
52  6   0.0002561834   0.0001059992  -0.0004278610  -0.0003983279  -0.0003869480
52  7  -0.0001245510   0.0000565235  -0.0000752347   0.0000057409   0.0001122711
52  8   0.0000228173  -0.0000390938  -0.0000339554  -0.0000358417   0.0002374794
52  9  -0.0000127472   0.0001375850  -0.0361114630  -0.0176370741  -0.0241073742
52 10  -0.0302248464   0.0656394529   0.0047966781  -0.2919135194   0.0191316481
52 11  -0.1447234782   0.5981617952  -0.1006388962   0.2446659233  -0.1395816699
52 12  -0.0398318808  -0.0529550608   0.0493448699  -0.0115159564   0.0276942597
52 13   0.0098690329  -0.0104678724  -0.0009366608  -0.1472744501   0.1093313976
52 14  -0.0436988682   0.0132087129  -0.0122530902   0.0081156518  -0.0105635817
52 15   0.0277899315   0.0033380920  -0.0068085550  -0.0209922086  -0.0082390295
52 16   0.0009366152   0.0037648141  -0.0052519688  -0.0007136953  -0.0031776620
52 17  -0.0011660938
53  1  -0.0058787546   0.0067248330  -0.0022600680   0.0019927838   0.0013024731
53  2   0.0015480649  -0.0066189521   0.0006988304  -0.0040556914   0.0032259328
53  3  -0.0019427131   0.0015384714  -0.0007673492   0.0007141152  -0.0003283066
53  4   0.0004396407  -0.0005028754   0.0001724782  -0.0011382612   0.0000798843
53  5  -0.0007003096   0.0049662884  -0.0000199952   0.0031827137   0.0007413510
53  6  -0.0007522322   0.0003158400   0.0001077106   0.0004420267   0.0001557573
53  7  -0.0000704729   0.0000088416  -0.0000467118  -0.0000283257  -0.0000629228
53  8  -0.0000340564   0.0000473135   0.0000115389   0.0000315546  -0.0001889324
53  9  -0.0001472878  -0.0001566470  -0.0295824722  -0.0019488821  -0.0182826478
53 10   0.0346005295   0.0228020962   0.0303737790   0.0235057986  -0.1397467394
53 11  -0.0034828812  -0.1006388962   0.8000068537   0.0706335703  -0.0710857512
53 12  -0.2037499316  -0.0748900695   0.0141430168  -0.0567404751  -0.0039405313
53 13   0.0039098079  -0.0092589202  -0.0012626927   0.1104941514  -0.3932274355
53 14  -0.0048930900   0.0066504875  -0.0260345787  -0.0006825888   0.0016827139
53 15   0.0011412048   0.0027813379   0.0048595134   0.0075541852   0.0050295826
53 16   0.0042468447  -0.0039079978  -0.0004151751   0.0005539343  -0.0030640817
53 17  -0.0003229557
54  1  -0.0050947442  -0.0042687675  -0.0041709879  -0.0005219954   0.0000065816
54  2  -0.0003294630   0.0015636593  -0.0009426898   0.0008700309  -0.0003067043
54  3   0.0001926367   0.0002301514  -0.0006452426  -0.0000334488  -0.0004206525
54  4  -0.0000096067   0.0003330753   0.0000526936   0.0003644860  -0.0000043502
54  5   0.0002171018  -0.0013533910   0.0003389286  -0.0009120789   0.0002110133
54  6   0.0000106853   0.0000866254  -0.0002745756  -0.0001665916  -0.0001729535
54  7  -0.0001039241   0.0000349839  -0.0000446702  -0.0000087733   0.0000557838
54  8   0.0000164729  -0.0000181880  -0.0000209082  -0.0000108225   0.0000994999
54  9  -0.0000438794   0.0000701415  -0.0268312915  -0.0107040750  -0.0236812285
54 10  -0.0019319906   0.0500742853  -0.0055926478  -0.1436962602  -0.0064064449
54 11  -0.1452483707   0.2446659233   0.0706335703   0.3492009358  -0.0598214982
54 12  -0.0548170744  -0.1193266439   0.0333368293  -0.0202271915   0.0188955192
54 13   0.0022009255  -0.0104032513   0.0068574183  -0.0436598932  -0.0052986346
54 14  -0.0750724832   0.0122590491  -0.0127532163   0.0014362489  -0.0022717938
54 15   0.0193516705  -0.0037209196  -0.0025173728  -0.0114321025  -0.0052850806
54 16  -0.0051278756  -0.0007399168   0.0069941339  -0.0003486540  -0.0027052933
54 17  -0.0007870694
55  1   0.0004872980   0.0020492200  -0.0007155319   0.0001908362  -0.0000092257
55  2   0.0000906751  -0.0004949461   0.0002573912  -0.0002596962   0.0002001034
55  3  -0.0001539445   0.0003762532   0.0000343952   0.0001449424   0.0000530167
55  4   0.0000254950  -0.0001084251  -0.0000153291  -0.0000960752   0.0000147386
55  5  -0.0000677615   0.0003678335  -0.0001547681   0.0002945355   0.0000115815
55  6  -0.0000900025  -0.0000009282   0.0000821754   0.0001170874   0.0000740936
55  7   0.0000233136  -0.0000148766   0.0000120944  -0.0000007660  -0.0000108117
55  8  -0.0000054028   0.0000009735   0.0000037164   0.0000089734  -0.0000310174
55  9   0.0000077117  -0.0000161830  -0.0238171510   0.0385778473  -0.0135817893
55 10   0.0009079135   0.0019528590   0.0037392040  -0.0213877933  -0.0224364751
55 11  -0.0279280513  -0.1395816699  -0.0710857512  -0.0598214982   0.5983477840
55 12  -0.1369536404   0.2895293783  -0.1649835859   0.1519180399  -0.0392661233
55 13  -0.0030413557  -0.0000313015  -0.0011973259   0.0161628630   0.0131088688
55 14   0.0065980297  -0.0001553450   0.0037792604  -0.0030154226   0.0002753943
55 15   0.0004297763   0.0019144625  -0.2724092507   0.0311360117  -0.1516794508
55 16   0.0108547243  -0.0112340339   0.0000205479  -0.0022961447  -0.0012053023
55 17  -0.0050525416
56  1   0.0015963164  -0.0005840973   0.0003883380  -0.0006789784  -0.0006904598
56  2  -0.0005916119   0.0020487244   0.0000944532   0.0013153389  -0.0011047361
56  3   0.0006749301  -0.0004582402   0.0008854914  -0.0003079639   0.0004943555
56  4  -0.0001708304   0.0000223738  -0.0001057819   0.0003061080  -0.0000472194
56  5   0.0001795895  -0.0016539520  -0.0003877913  -0.0011044797  -0.0005359861
56  6   0.0004529604  -0.0002366271   0.0001246543  -0.0001715582   0.0000406081
56  7   0.0000983946  -0.0000332619   0.0000558800   0.0000176655  -0.0000033787
56  8   0.0000100811  -0.0000206849   0.0000031620  -0.0000098757   0.0000126340
56  9   0.0000919902   0.0000290696   0.0543127743   0.0057130446   0.0333097434
56 10  -0.0028567691  -0.0488589292  -0.0115144144  -0.0269542380   0.0324635689
56 11  -0.0133192280  -0.0398318808  -0.2037499316  -0.0548170744  -0.1369536404
56 12   0.7349025539   0.0510727228   0.1221176833  -0.4059914269   0.0017995624
56 13  -0.0032305580   0.0108988149   0.0005725428  -0.0123552343  -0.0579892994
56 14  -0.0227922586   0.0047681974   0.0000398129   0.0017733699  -0.0028972909
56 15   0.0003254545  -0.0012238053   0.0328342555  -0.0597977725   0.0131051197
56 16   0.0123367477  -0.0128115907   0.0035315270  -0.0021881561   0.0058177943
56 17  -0.0012700807
57  1  -0.0008139307   0.0006780600   0.0019360999  -0.0000543994  -0.0001660187
57  2  -0.0000277749   0.0001283091   0.0001835203   0.0001258354   0.0001700868
57  3   0.0001459265  -0.0003024129   0.0002144512   0.0000259136   0.0001406033
57  4  -0.0000285729  -0.0000658424  -0.0000187090  -0.0000046163  -0.0000041178
57  5   0.0000108023  -0.0000321378  -0.0001500720  -0.0002017009  -0.0000968705
57  6   0.0000449225  -0.0000704414   0.0000759373   0.0000365014   0.0000621313
57  7   0.0000367677  -0.0000163931   0.0000186016   0.0000006116  -0.0000085105
57  8   0.0000028237   0.0000035957   0.0000054194  -0.0000081692  -0.0000151407
57  9   0.0000256029  -0.0000062799  -0.0102456043   0.0234732043   0.0092793511
57 10   0.0027002077  -0.0084482438  -0.0043864786  -0.0289695510  -0.0103642146
57 11  -0.0060028666  -0.0529550608  -0.0748900695  -0.1193266439   0.2895293783
57 12   0.0510727228   0.2936530624  -0.0456306272   0.0205153708  -0.0814504857
57 13  -0.0019085738   0.0026093311  -0.0018200208   0.0009662238  -0.0066134516
57 14   0.0096718357  -0.0027969269   0.0011441087   0.0043205315   0.0011991086
57 15   0.0009104352  -0.0016158182  -0.1510074021   0.0119655459  -0.1139394887
57 16   0.0051515806  -0.0115496211   0.0078641154  -0.0052750294  -0.0006551002
57 17   0.0017244910
58  1   0.0007593163  -0.0009545505   0.0004603768  -0.0005520705  -0.0004403770
58  2  -0.0004502099   0.0014653677   0.0000362385   0.0009432809  -0.0008388413
58  3   0.0005045650  -0.0004658957   0.0008009032  -0.0004114111   0.0004212360
58  4  -0.0001301696   0.0001134016  -0.0000651289   0.0003022646  -0.0000267677
58  5   0.0001906998  -0.0011438987  -0.0001463601  -0.0007569663  -0.0005053103
58  6   0.0005058910  -0.0002066895   0.0000967827  -0.0003012397  -0.0000138423
58  7   0.0000653797  -0.0000404837   0.0000312525   0.0000089586  -0.0000044803
58  8   0.0000068415  -0.0000112917  -0.0000019583  -0.0000091015   0.0000387096
58  9   0.0000317903   0.0000314932  -0.2808948658   0.0526283830  -0.1398027956
58 10  -0.0205715043  -0.0670079015  -0.0264901163  -0.0281023091   0.0254362709
58 11  -0.0114453976   0.0493448699   0.0141430168   0.0333368293  -0.1649835859
58 12   0.1221176833  -0.0456306272   0.5577580192  -0.0810990576   0.2496922229
58 13   0.0010267451   0.0138167644   0.0005975736  -0.0053073068  -0.0121506024
58 14  -0.0081570354   0.0025667106   0.0003350532   0.0004418477  -0.0015357566
58 15   0.0001762936  -0.0002670511  -0.0077196371   0.0240000378   0.0014944883
58 16  -0.0909237555  -0.0910886755  -0.0503510741  -0.0110807708  -0.0003573407
58 17  -0.0033836806
59  1  -0.0006483799   0.0002873339  -0.0002897062   0.0002832274   0.0002147485
59  2   0.0002254231  -0.0008371090   0.0000679518  -0.0005104368   0.0004233562
59  3  -0.0003814221   0.0001714698  -0.0003093500   0.0002023306  -0.0001502810
59  4   0.0000708729  -0.0000629677   0.0000289872  -0.0001455612   0.0000183294
59  5  -0.0000860924   0.0006097971   0.0000074305   0.0003893114   0.0002277566
59  6  -0.0002254050   0.0000958531  -0.0000300979   0.0001420394   0.0000087041
59  7  -0.0000320799   0.0000135619  -0.0000179363  -0.0000092423  -0.0000030673
59  8  -0.0000061923   0.0000058448   0.0000016921   0.0000034395  -0.0000245144
59  9  -0.0000216164  -0.0000206166   0.0137115637  -0.1466955358  -0.0141076464
59 10  -0.0219924118   0.0415029382  -0.0044537814   0.0157393292  -0.0144612418
59 11   0.0072185366  -0.0115159564  -0.0567404751  -0.0202271915   0.1519180399
59 12  -0.4059914269   0.0205153708  -0.0810990576   0.8513317744   0.1038429500
59 13  -0.0017720037  -0.0114082303  -0.0046588526  -0.0032040509   0.0079386616
59 14  -0.0010492240  -0.0001902400  -0.0012954337  -0.0008294725   0.0004572964
59 15   0.0000152380   0.0005317951  -0.0026594554   0.0022426768  -0.0007572047
59 16  -0.0858006707  -0.2707948058  -0.1050103158   0.0265613489   0.0039212394
59 17   0.0190382146
60  1   0.0005178265  -0.0004846766  -0.0000512498  -0.0002921333  -0.0002335038
60  2  -0.0002307529   0.0007561669   0.0000389823   0.0004719098  -0.0004825393
60  3   0.0002222553  -0.0001928204   0.0004441188  -0.0002160651   0.0002321619
60  4  -0.0000744527   0.0000546082  -0.0000251388   0.0001653783  -0.0000105706
60  5   0.0000946786  -0.0005910474  -0.0000891929  -0.0003977140  -0.0002685603
60  6   0.0002734154  -0.0001151624   0.0000459767  -0.0001636244   0.0000076709
60  7   0.0000324473  -0.0000231857   0.0000189971   0.0000055531  -0.0000026898
60  8  -0.0000001857  -0.0000074144  -0.0000017870  -0.0000031548   0.0000190877
60  9   0.0000155644   0.0000160494  -0.1482272792   0.0105377314  -0.1305460675
60 10  -0.0166460236  -0.0331030772  -0.0198313001  -0.0134510210   0.0133606155
60 11  -0.0071887660   0.0276942597  -0.0039405313   0.0188955192  -0.0392661233
60 12   0.0017995624  -0.0814504857   0.2496922229   0.1038429500   0.3175471778
60 13  -0.0027959900   0.0052430956   0.0041880442  -0.0062216633  -0.0066916641
60 14  -0.0020991194   0.0003337005  -0.0005068671   0.0020676664  -0.0001955612
60 15   0.0003477440  -0.0011187023  -0.0043084583   0.0161998159  -0.0010638310
60 16  -0.0492372065  -0.1082804390  -0.0957261561   0.0024864010   0.0019208418
60 17  -0.0039433221
61  1  -0.0063058072   0.0025772605  -0.0021674487   0.0007900787   0.0002699384
61  2   0.0005757108  -0.0016978345   0.0000870201  -0.0010695949   0.0019611677
61  3  -0.0012900900   0.0006916912  -0.0016270452   0.0014001562  -0.0006962183
61  4   0.0002541644  -0.0004921288   0.0000831392  -0.0005306316   0.0000978571
61  5  -0.0003182547   0.0011992356  -0.0001118524   0.0007600740   0.0010939755
61  6  -0.0011803053   0.0002597769  -0.0001478350   0.0012099633   0.0004306553
61  7  -0.0000472553   0.0000346996   0.0000282381  -0.0000129263   0.0000278317
61  8   0.0000092021   0.0000159103   0.0000075758   0.0000126397  -0.0001042361
61  9   0.0000248167  -0.0000481294  -0.0395152571  -0.0195892298  -0.0424951559
61 10  -0.5149647170   0.0581784788  -0.2651506193  -0.0394113985   0.0422641157
61 11  -0.0277015619   0.0098690329   0.0039098079   0.0022009255  -0.0030413557
61 12  -0.0032305580  -0.0019085738   0.0010267451  -0.0017720037  -0.0027959900
61 13   0.5994853660  -0.0860547627   0.3404639947  -0.0032060640   0.0025094762
61 14  -0.0010570906  -0.0008500312  -0.0011114363  -0.0009547318   0.0002219598
61 15   0.0000377733   0.0006817525   0.0002219915   0.0001474365   0.0005023431
61 16  -0.0016110473   0.0005074227  -0.0007010504  -0.0029546759   0.0014928986
61 17   0.0004235620
62  1  -0.0021665547   0.0011319877  -0.0006692806  -0.0001585273  -0.0006136394
62  2  -0.0002307805   0.0004939631   0.0006112076   0.0004395440   0.0001688848
62  3  -0.0002823373  -0.0000465608   0.0013050550  -0.0003953830   0.0007511514
62  4  -0.0001913262  -0.0000440887  -0.0001217617   0.0001400622  -0.0000620181
62  5   0.0000753144  -0.0002538196  -0.0011509835  -0.0004066602  -0.0006264390
62  6   0.0005794944  -0.0003290647   0.0002760512  -0.0001346878   0.0002354479
62  7   0.0001330488  -0.0000784895   0.0000852644   0.0000044465  -0.0000524106
62  8  -0.0000040093  -0.0000071470   0.0000113502  -0.0000017586  -0.0000786367
62  9   0.0000544725  -0.0000333753  -0.0515364461   0.0100777534  -0.0350171079
62 10   0.0660229777  -0.1021723404   0.0355695797   0.0644792579  -0.0137802658
62 11   0.0340948928  -0.0104678724  -0.0092589202  -0.0104032513  -0.0000313015
62 12   0.0108988149   0.0026093311   0.0138167644  -0.0114082303   0.0052430956
62 13  -0.0860547627   0.1124813901  -0.0366469455   0.0042322433  -0.0001250231
62 14   0.0028161064  -0.0003231662   0.0003762341  -0.0001809371  -0.0002496381
62 15  -0.0006544081  -0.0001220014   0.0001280583   0.0009063332   0.0003944556
62 16  -0.0013601783   0.0001707529  -0.0007627297   0.0022876327   0.0029568993
62 17   0.0027753887
63  1  -0.0031807836   0.0023415848  -0.0035593577   0.0004842306   0.0000433918
63  2   0.0002903917  -0.0009915292   0.0001849837  -0.0005617125   0.0010106240
63  3  -0.0009786489   0.0008591163  -0.0007179938   0.0008142028  -0.0003260222
63  4   0.0001491037  -0.0003112737  -0.0000214952  -0.0003102089   0.0000464750
63  5  -0.0001778364   0.0007305866  -0.0003147957   0.0003603183   0.0003836247
63  6  -0.0006845440   0.0003682331   0.0002276445   0.0008296905  -0.0000850811
63  7   0.0000507785   0.0000226150  -0.0000450670   0.0000036680   0.0000100762
63  8  -0.0000129826   0.0000091481   0.0000078826   0.0000066448  -0.0000707252
63  9   0.0000323355  -0.0000579472  -0.0494145200  -0.0146672550  -0.0143394909
63 10  -0.2634824521   0.0305920799  -0.2280008579  -0.0226703802   0.0197687583
63 11   0.0081123528  -0.0009366608  -0.0012626927   0.0068574183  -0.0011973259
63 12   0.0005725428  -0.0018200208   0.0005975736  -0.0046588526   0.0041880442
63 13   0.3404639947  -0.0366469455   0.2328788049  -0.0006765976   0.0017117301
63 14  -0.0007277633  -0.0007808215  -0.0006822163  -0.0003831363   0.0006171859
63 15   0.0000596037  -0.0004180641   0.0004993081   0.0004035158  -0.0001053834
63 16  -0.0011052705   0.0004317346  -0.0009487842   0.0006063485   0.0022965204
63 17  -0.0022321368
64  1  -0.0022064849   0.0022306378  -0.0000422454   0.0005270899   0.0001509488
64  2   0.0004409753  -0.0015795107   0.0004782160  -0.0008911180   0.0006686544
64  3  -0.0003807469   0.0001215996   0.0000795411   0.0003365020   0.0001633209
64  4   0.0000893960  -0.0003449640  -0.0000105990  -0.0004568868   0.0000120073
64  5  -0.0002617110   0.0014588154  -0.0003311984   0.0002908387   0.0000757949
64  6  -0.0002628763  -0.0000717313   0.0002038847   0.0001977715   0.0002191080
64  7   0.0000309086  -0.0000407994   0.0000263216  -0.0000048154  -0.0000452286
64  8  -0.0000064056   0.0000072703   0.0000136604   0.0000074655  -0.0001389489
64  9   0.0000122421  -0.0000380172   0.0023860879   0.0068486653   0.0034074031
64 10   0.0037812923  -0.0163173643  -0.0051063242  -0.0401317275   0.0609091794
64 11  -0.0181271997  -0.1472744501   0.1104941514  -0.0436598932   0.0161628630
64 12  -0.0123552343   0.0009662238  -0.0053073068  -0.0032040509  -0.0062216633
64 13  -0.0032060640   0.0042322433  -0.0006765976   0.6329768246  -0.0805791257
64 14   0.3720075127  -0.1215138054  -0.1196276531  -0.1000722956  -0.3389055018
64 15   0.0491786764  -0.2050887505   0.0003578761   0.0000483984   0.0011494544
64 16   0.0006788101  -0.0011603656   0.0007009580   0.0003585693  -0.0001698191
64 17   0.0005565389
65  1  -0.0014506192  -0.0043578515  -0.0015757325  -0.0019001359  -0.0012181447
65  2  -0.0014463885   0.0060178677  -0.0010608832   0.0035793131  -0.0021557721
65  3   0.0016237015  -0.0010877883   0.0006774814  -0.0005581616   0.0003196255
65  4  -0.0003693030   0.0004895313  -0.0001253989   0.0010966607  -0.0001001698
65  5   0.0006819437  -0.0050178193   0.0002987148  -0.0033219802  -0.0006316760
65  6   0.0007546562  -0.0002565185  -0.0001299771  -0.0004214176  -0.0001591127
65  7   0.0000546230  -0.0000067144   0.0000394902   0.0000190536   0.0000689804
65  8   0.0000306549  -0.0000518627  -0.0000112393  -0.0000354898   0.0001644971
65  9   0.0001251099   0.0001486114   0.0103375641  -0.0060293128   0.0053621159
65 10  -0.0092021878   0.0068673752  -0.0056867981   0.0347053017  -0.0107686060
65 11   0.0175481991   0.1093313976  -0.3932274355  -0.0052986346   0.0131088688
65 12  -0.0579892994  -0.0066134516  -0.0121506024   0.0079386616  -0.0066916641
65 13   0.0025094762  -0.0001250231   0.0017117301  -0.0805791257   0.8161003133
65 14   0.1222258044  -0.1163392673  -0.2848503996  -0.1361135171   0.0518897371
65 15  -0.0774446859   0.0154039601   0.0004421606   0.0013848665   0.0009009027
65 16   0.0003062227  -0.0004175613   0.0002845422  -0.0007867211   0.0020182968
65 17   0.0000626457
66  1  -0.0008450732   0.0007736843  -0.0017252143  -0.0000062935  -0.0001447978
66  2  -0.0001541757   0.0003155650   0.0000705887   0.0002122549  -0.0002661279
66  3   0.0000372616   0.0001848365   0.0002397106   0.0001054261   0.0001147061
66  4  -0.0000159919  -0.0001104024  -0.0000470669  -0.0000262718  -0.0000055891
66  5  -0.0000558186  -0.0007331470  -0.0003391596   0.0003487257  -0.0001532380
66  6  -0.0000239037  -0.0000046293   0.0001467480   0.0000493854   0.0000331030
66  7   0.0000479590  -0.0000214841  -0.0000001327   0.0000081680  -0.0000113739
66  8  -0.0000086108  -0.0000065857   0.0000060327  -0.0000034191  -0.0000044961
66  9   0.0000515300  -0.0000668290   0.0041437479   0.0031926164   0.0027438476
66 10  -0.0035522838  -0.0102559068   0.0017155648  -0.0239612345   0.0344091265
66 11   0.0014125974  -0.0436988682  -0.0048930900  -0.0750724832   0.0065980297
66 12  -0.0227922586   0.0096718357  -0.0081570354  -0.0010492240  -0.0020991194
66 13  -0.0010570906   0.0028161064  -0.0007277633   0.3720075127   0.1222258044
66 14   0.2817049912  -0.0992292040  -0.1380085373  -0.0969412121  -0.2041790314
66 15   0.0137918074  -0.1210513009   0.0012290273   0.0006397435  -0.0004912749
66 16   0.0010224391  -0.0006541099  -0.0003098744   0.0004226908   0.0004566118
66 17  -0.0002020784
67  1  -0.0011573508   0.0026034879  -0.0009301741   0.0007489167   0.0008494202
67  2   0.0005330520  -0.0025053696  -0.0004151015  -0.0014982801   0.0009459098
67  3  -0.0003162849   0.0007033442  -0.0008176845   0.0000358447  -0.0005270116
67  4   0.0001647357   0.0001189912   0.0001345062  -0.0001189956   0.0001018901
67  5  -0.0001230139   0.0010650575   0.0007510258   0.0018686543   0.0004364801
67  6  -0.0002322783   0.0002513275  -0.0001810592   0.0000788588  -0.0001084119
67  7  -0.0000761326   0.0000400555  -0.0000519153  -0.0000075373   0.0000244762
67  8  -0.0000020999   0.0000400075  -0.0000078778   0.0000208283   0.0001203494
67  9  -0.0001255129   0.0000085451  -0.0012869309  -0.0000507790  -0.0009021442
67 10   0.0008125822  -0.0005568989   0.0011793466  -0.0031369832   0.0003415563
67 11  -0.0000072466   0.0132087129   0.0066504875   0.0122590491  -0.0001553450
67 12   0.0047681974  -0.0027969269   0.0025667106  -0.0001902400   0.0003337005
67 13  -0.0008500312  -0.0003231662  -0.0007808215  -0.1215138054  -0.1163392673
67 14  -0.0992292040   0.1174007602   0.1236952945   0.0953013496  -0.0048930081
67 15  -0.0216861898  -0.0062495246  -0.0001171592   0.0000768644   0.0003814636
67 16  -0.0003612357   0.0001191359   0.0002996135   0.0000037004  -0.0002434172
67 17  -0.0000245038
68  1   0.0013435760   0.0016431102   0.0009525112   0.0020129991   0.0016766077
68  2   0.0015987637  -0.0062784638   0.0006125569  -0.0037750829   0.0023687699
68  3  -0.0013374540   0.0012686388  -0.0010265988   0.0003441167  -0.0005814876
68  4   0.0003754629  -0.0002094662   0.0001944470  -0.0008838800   0.0001514839
68  5  -0.0005516893   0.0048343717  -0.0001533183   0.0033974700   0.0006000503
68  6  -0.0006676890   0.0002427662   0.0001317901   0.0002282299   0.0001301284
68  7  -0.0000738811  -0.0000316487  -0.0000582992  -0.0000137087  -0.0000481824
68  8  -0.0000203436   0.0000808172   0.0000028014   0.0000506634  -0.0000017869
68  9  -0.0002254088  -0.0000643766  -0.0012048728   0.0010422237  -0.0005605354
68 10   0.0016615337  -0.0016430605   0.0009784752  -0.0048590570   0.0043353865
68 11  -0.0014802064  -0.0122530902  -0.0260345787  -0.0127532163   0.0037792604
68 12   0.0000398129   0.0011441087   0.0003350532  -0.0012954337  -0.0005068671
68 13  -0.0011114363   0.0003762341  -0.0006822163  -0.1196276531  -0.2848503996
68 14  -0.1380085373   0.1236952945   0.2956235262   0.1418935160   0.0059376052
68 15   0.0111993644   0.0068847288  -0.0001466946   0.0000290519   0.0000637687
68 16   0.0001503449  -0.0002743853   0.0002074878   0.0001136655  -0.0001535346
68 17   0.0000471296
69  1  -0.0012082919   0.0017554092   0.0008037772   0.0007957576   0.0008682678
69  2   0.0008951086  -0.0028036125  -0.0000610670  -0.0020734518   0.0012940084
69  3  -0.0004397815   0.0004620028  -0.0007626960   0.0000931997  -0.0004387560
69  4   0.0001914975   0.0000304770   0.0001239989  -0.0003405361   0.0000743503
69  5  -0.0000918817   0.0027690210   0.0007951033   0.0003304766   0.0004370143
69  6  -0.0002852265   0.0001720297  -0.0000964567   0.0000969116  -0.0000225203
69  7  -0.0000770452   0.0000141493  -0.0000260024  -0.0000106252   0.0000039796
69  8  -0.0000013206   0.0000407532  -0.0000055030   0.0000284396   0.0000356539
69  9  -0.0001438138   0.0000544159  -0.0011575549   0.0001724845  -0.0005831309
69 10   0.0016782228  -0.0004519200  -0.0002758874  -0.0011351867   0.0018142790
69 11  -0.0033378749   0.0081156518  -0.0006825888   0.0014362489  -0.0030154226
69 12   0.0017733699   0.0043205315   0.0004418477  -0.0008294725   0.0020676664
69 13  -0.0009547318  -0.0001809371  -0.0003831363  -0.1000722956  -0.1361135171
69 14  -0.0969412121   0.0953013496   0.1418935160   0.0999408414  -0.0000988418
69 15  -0.0107722224  -0.0051595787   0.0003352358   0.0002055021  -0.0004308825
69 16   0.0003061794   0.0001889620  -0.0005512453   0.0000530589  -0.0001798837
69 17  -0.0000453661
70  1  -0.0005692793  -0.0002903220  -0.0004777825   0.0000040261   0.0001159830
70  2   0.0000322571  -0.0000425851  -0.0001786180  -0.0000846016   0.0000630188
70  3   0.0000410965   0.0000816823  -0.0001439197  -0.0000500287  -0.0001187843
70  4   0.0000086414   0.0000781179   0.0000248348   0.0000413282  -0.0000032805
70  5   0.0000208399  -0.0000623385   0.0001637376   0.0001151882   0.0000381118
70  6  -0.0000022440   0.0000420007  -0.0000291969  -0.0000272374  -0.0000379959
70  7  -0.0000151103   0.0000022635  -0.0000154017   0.0000013282   0.0000077278
70  8  -0.0000021726   0.0000053675  -0.0000029932  -0.0000007466   0.0000434672
70  9  -0.0000251334  -0.0000069891   0.0009413430  -0.0004510005   0.0004794288
70 10   0.0005747118   0.0010763842  -0.0021143070   0.0033874910   0.0005656313
70 11   0.0000915256  -0.0105635817   0.0016827139  -0.0022717938   0.0002753943
70 12  -0.0028972909   0.0011991086  -0.0015357566   0.0004572964  -0.0001955612
70 13   0.0002219598  -0.0002496381   0.0006171859  -0.3389055018   0.0518897371
70 14  -0.2041790314  -0.0048930081   0.0059376052  -0.0000988418   0.3509830903
70 15  -0.0579562833   0.2072943362   0.0004537107  -0.0001001126  -0.0003563234
70 16   0.0000806582  -0.0000157596  -0.0000793218  -0.0000822527   0.0002159609
70 17   0.0000398547
71  1   0.0000278463  -0.0005067632  -0.0001090332  -0.0000570524  -0.0001356470
71  2  -0.0000646411   0.0001709041   0.0000743384   0.0001188910  -0.0001186106
71  3  -0.0000301832  -0.0000714976   0.0001238012   0.0000638697   0.0000869495
71  4  -0.0000125451  -0.0000778157  -0.0000242981  -0.0000618856  -0.0000210707
71  5  -0.0000452165  -0.0002139294  -0.0004776960  -0.0002011968  -0.0000551454
71  6  -0.0000302285  -0.0000348201   0.0000623598   0.0000128504   0.0000377787
71  7   0.0000119881  -0.0000099321   0.0000030985   0.0000014192  -0.0000110913
71  8  -0.0000033156  -0.0000098897   0.0000028185  -0.0000069389  -0.0000530662
71  9   0.0000340877  -0.0000363039  -0.0007843360  -0.0003353319  -0.0005814474
71 10   0.0014104694   0.0020951622   0.0004252203   0.0024425838  -0.0059060315
71 11  -0.0004837683   0.0277899315   0.0011412048   0.0193516705   0.0004297763
71 12   0.0003254545   0.0009104352   0.0001762936   0.0000152380   0.0003477440
71 13   0.0000377733  -0.0006544081   0.0000596037   0.0491786764  -0.0774446859
71 14   0.0137918074  -0.0216861898   0.0111993644  -0.0107722224  -0.0579562833
71 15   0.0718436341  -0.0217235329  -0.0006064375  -0.0009459724  -0.0008065152
71 16  -0.0000515474   0.0000497319  -0.0000647135  -0.0000820945  -0.0000747450
71 17  -0.0000532527
72  1  -0.0004081479  -0.0003153742  -0.0002491886  -0.0000057278   0.0000459267
72  2  -0.0000009116  -0.0000074064  -0.0001039312   0.0000017879   0.0000460868
72  3   0.0000304938  -0.0000139074  -0.0000802690  -0.0000233259  -0.0000313307
72  4   0.0000047404   0.0000337342   0.0000077719   0.0000085933  -0.0000083752
72  5   0.0000108157   0.0000307516   0.0000407225  -0.0001575517   0.0000303532
72  6  -0.0000015483  -0.0000097533  -0.0000180458  -0.0000190047   0.0000053085
72  7  -0.0000133774  -0.0000027918   0.0000007254  -0.0000035501   0.0000008183
72  8   0.0000051622  -0.0000021930  -0.0000023926   0.0000034375  -0.0000128920
72  9  -0.0000187214   0.0000331339   0.0004151704  -0.0003696963   0.0002100536
72 10  -0.0020436450   0.0002277017   0.0029993320   0.0005045677  -0.0016661121
72 11   0.0033907052   0.0033380920   0.0027813379  -0.0037209196   0.0019144625
72 12  -0.0012238053  -0.0016158182  -0.0002670511   0.0005317951  -0.0011187023
72 13   0.0006817525  -0.0001220014  -0.0004180641  -0.2050887505   0.0154039601
72 14  -0.1210513009  -0.0062495246   0.0068847288  -0.0051595787   0.2072943362
72 15  -0.0217235329   0.1265921143  -0.0004671631  -0.0004879989   0.0005748361
72 16  -0.0000861489  -0.0000431930   0.0001339417  -0.0000249794   0.0001375959
72 17  -0.0000569327
73  1   0.0001240609   0.0001236807  -0.0000245877   0.0000101746   0.0000039544
73  2   0.0000043406  -0.0000354551   0.0000087872  -0.0000261780   0.0000023340
73  3   0.0000199415   0.0000413056   0.0000196856  -0.0000191305   0.0000061963
73  4  -0.0000027053   0.0000067110  -0.0000041985   0.0000000398  -0.0000055983
73  5   0.0000003543   0.0000235071  -0.0000187994   0.0000296311  -0.0000123291
73  6   0.0000112005   0.0000025400   0.0000064102  -0.0000048146  -0.0000026917
73  7   0.0000029092  -0.0000011769  -0.0000018157   0.0000004490  -0.0000012314
73  8  -0.0000009176   0.0000008143   0.0000004361  -0.0000006290   0.0000015852
73  9  -0.0000002451  -0.0000051120   0.0039378563   0.0028332077  -0.0021339214
73 10   0.0000431647  -0.0008594945  -0.0001984774   0.0012247167  -0.0014391516
73 11  -0.0021153756  -0.0068085550   0.0048595134  -0.0025173728  -0.2724092507
73 12   0.0328342555  -0.1510074021  -0.0077196371  -0.0026594554  -0.0043084583
73 13   0.0002219915   0.0001280583   0.0004993081   0.0003578761   0.0004421606
73 14   0.0012290273  -0.0001171592  -0.0001466946   0.0003352358   0.0004537107
73 15  -0.0006064375  -0.0004671631   0.2815198074  -0.0348867581   0.1591896257
73 16  -0.0009284083  -0.0005797800   0.0023480680   0.0003045670  -0.0000975568
73 17  -0.0009172381
74  1  -0.0000045365   0.0003207966   0.0000217526   0.0000369968  -0.0000115487
74  2   0.0000197926  -0.0001302922   0.0000782858  -0.0000678093   0.0000439761
74  3  -0.0000190730   0.0000360502   0.0000635952   0.0000075417   0.0000410502
74  4   0.0000023848  -0.0000248744  -0.0000056272  -0.0000270053   0.0000009264
74  5  -0.0000164858   0.0001044258  -0.0000404078   0.0000640491  -0.0000274015
74  6   0.0000088641  -0.0000127518   0.0000303637  -0.0000013128   0.0000169763
74  7   0.0000087821  -0.0000068576   0.0000028611   0.0000004519  -0.0000047619
74  8  -0.0000010077   0.0000005492   0.0000013156   0.0000002979  -0.0000100691
74  9   0.0000035970  -0.0000075750   0.0033393515  -0.0051860628  -0.0007847884
74 10  -0.0001205859  -0.0028286921  -0.0007047517  -0.0031451923  -0.0041078242
74 11  -0.0037901844  -0.0209922086   0.0075541852  -0.0114321025   0.0311360117
74 12  -0.0597977725   0.0119655459   0.0240000378   0.0022426768   0.0161998159
74 13   0.0001474365   0.0009063332   0.0004035158   0.0000483984   0.0013848665
74 14   0.0006397435   0.0000768644   0.0000290519   0.0002055021  -0.0001001126
74 15  -0.0009459724  -0.0004879989  -0.0348867581   0.0593109848  -0.0135202141
74 16  -0.0007507181   0.0007102592   0.0007081455   0.0011938792   0.0004276190
74 17   0.0004823312
75  1  -0.0000520064   0.0001036939   0.0001926696   0.0000119620  -0.0000007366
75  2   0.0000115147  -0.0000569605   0.0000204674  -0.0000231537   0.0000461481
75  3   0.0000203186  -0.0000207532   0.0000233433  -0.0000117615   0.0000158357
75  4  -0.0000053072  -0.0000028698   0.0000022973  -0.0000043707  -0.0000031283
75  5  -0.0000057529   0.0000564711  -0.0000146684   0.0000032333  -0.0000059223
75  6   0.0000120103  -0.0000134053   0.0000054765  -0.0000050216   0.0000109198
75  7   0.0000002901  -0.0000034917   0.0000048852  -0.0000006096  -0.0000021239
75  8   0.0000007011  -0.0000006721  -0.0000000178   0.0000014686  -0.0000070682
75  9  -0.0000016719   0.0000044252  -0.0019981516  -0.0011097090   0.0067025621
75 10  -0.0000386063  -0.0011870233  -0.0002242719  -0.0024810174  -0.0027152733
75 11   0.0018458313  -0.0082390295   0.0050295826  -0.0052850806  -0.1516794508
75 12   0.0131051197  -0.1139394887   0.0014944883  -0.0007572047  -0.0010638310
75 13   0.0005023431   0.0003944556  -0.0001053834   0.0011494544   0.0009009027
75 14  -0.0004912749   0.0003814636   0.0000637687  -0.0004308825  -0.0003563234
75 15  -0.0008065152   0.0005748361   0.1591896257  -0.0135202141   0.1145266932
75 16   0.0022864886   0.0008418278  -0.0031414708  -0.0006335053  -0.0003441496
75 17   0.0012269210
76  1  -0.0001547298   0.0000316654   0.0000938928   0.0000150138   0.0000119919
76  2   0.0000196368  -0.0000477218  -0.0000005789  -0.0000343443   0.0000474995
76  3  -0.0000220956  -0.0000150779  -0.0000212354   0.0000085865  -0.0000152008
76  4   0.0000013468  -0.0000043448   0.0000058398  -0.0000074605   0.0000018507
76  5  -0.0000057334   0.0000443511   0.0000121336   0.0000227500   0.0000116963
76  6  -0.0000123095   0.0000066976   0.0000023903   0.0000177237   0.0000026711
76  7   0.0000015343  -0.0000004136  -0.0000014845   0.0000003771  -0.0000001616
76  8  -0.0000008232   0.0000014066   0.0000001476  -0.0000004804   0.0000007112
76  9  -0.0000019735  -0.0000020216  -0.0113921166  -0.0266738599  -0.0157252621
76 10  -0.0004325968   0.0052272899  -0.0025122388   0.0001532377  -0.0004031939
76 11   0.0008198860   0.0009366152   0.0042468447  -0.0051278756   0.0108547243
76 12   0.0123367477   0.0051515806  -0.0909237555  -0.0858006707  -0.0492372065
76 13  -0.0016110473  -0.0013601783  -0.0011052705   0.0006788101   0.0003062227
76 14   0.0010224391  -0.0003612357   0.0001503449   0.0003061794   0.0000806582
76 15  -0.0000515474  -0.0000861489  -0.0009284083  -0.0007507181   0.0022864886
76 16   0.0934289036   0.0933122686   0.0627282392  -0.0000962885  -0.0007898045
76 17   0.0013930916
77  1  -0.0000332330  -0.0000486067   0.0000321272  -0.0000037206   0.0000044552
77  2   0.0000011243   0.0000113272  -0.0000205967   0.0000012287   0.0000141655
77  3   0.0000130975  -0.0000021121  -0.0000199317   0.0000010138  -0.0000135044
77  4   0.0000003614   0.0000034223   0.0000032022  -0.0000006448   0.0000001544
77  5  -0.0000005228  -0.0000136982   0.0000046914  -0.0000106864   0.0000082311
77  6  -0.0000053686   0.0000048527  -0.0000063585  -0.0000041406  -0.0000059645
77  7  -0.0000032768   0.0000014782  -0.0000026983   0.0000001205   0.0000010576
77  8  -0.0000001018  -0.0000002297  -0.0000002858  -0.0000006478   0.0000006465
77  9  -0.0000006369  -0.0000003936   0.0044452717   0.0093029349   0.0039850627
77 10   0.0020017113   0.0011694028   0.0003717629   0.0004880865   0.0002499346
77 11   0.0006459272   0.0037648141  -0.0039079978  -0.0007399168  -0.0112340339
77 12  -0.0128115907  -0.0115496211  -0.0910886755  -0.2707948058  -0.1082804390
77 13   0.0005074227   0.0001707529   0.0004317346  -0.0011603656  -0.0004175613
77 14  -0.0006541099   0.0001191359  -0.0002743853   0.0001889620  -0.0000157596
77 15   0.0000497319  -0.0000431930  -0.0005797800   0.0007102592   0.0008418278
77 16   0.0933122686   0.2762377287   0.1143542843  -0.0004702560   0.0007055999
77 17   0.0004196427
78  1   0.0000798351   0.0000737084  -0.0002259933   0.0000164275   0.0000109880
78  2   0.0000009403  -0.0000322335  -0.0000066624  -0.0000159202  -0.0000067583
78  3  -0.0000250405   0.0000538747  -0.0000215869   0.0000050999  -0.0000063953
78  4   0.0000070388   0.0000003299  -0.0000048559  -0.0000064085   0.0000006173
78  5  -0.0000018519   0.0000173969   0.0000060039   0.0000248963   0.0000114192
78  6  -0.0000084876   0.0000022783  -0.0000028845   0.0000093082   0.0000040789
78  7  -0.0000022069  -0.0000006785   0.0000020916  -0.0000008623  -0.0000001645
78  8   0.0000012085  -0.0000005454  -0.0000003133   0.0000019293  -0.0000014302
78  9  -0.0000021520   0.0000017298  -0.0089855120  -0.0158763110  -0.0050824315
78 10  -0.0032228270   0.0024459334   0.0037898696   0.0010237310   0.0000743750
78 11  -0.0006016114  -0.0052519688  -0.0004151751   0.0069941339   0.0000205479
78 12   0.0035315270   0.0078641154  -0.0503510741  -0.1050103158  -0.0957261561
78 13  -0.0007010504  -0.0007627297  -0.0009487842   0.0007009580   0.0002845422
78 14  -0.0003098744   0.0002996135   0.0002074878  -0.0005512453  -0.0000793218
78 15  -0.0000647135   0.0001339417   0.0023480680   0.0007081455  -0.0031414708
78 16   0.0627282392   0.1143542843   0.0897152259   0.0014794435   0.0002180395
78 17  -0.0015729337
79  1   0.0004490379  -0.0001113157   0.0001842209  -0.0000633573  -0.0000812742
79  2  -0.0000560643   0.0001578965   0.0000991146   0.0001121642  -0.0002171773
79  3   0.0000633331  -0.0000975416   0.0002127103  -0.0000974790   0.0001052761
79  4  -0.0000328728   0.0000052015  -0.0000190910   0.0000362119  -0.0000079468
79  5   0.0000208222  -0.0000957112  -0.0001205099  -0.0000805466  -0.0001216277
79  6   0.0000964999  -0.0000292734   0.0000534340  -0.0000329833   0.0000005116
79  7   0.0000264870  -0.0000123727   0.0000015564   0.0000026827  -0.0000073395
79  8  -0.0000035563  -0.0000003934   0.0000011572  -0.0000017190   0.0000002137
79  9   0.0000091710  -0.0000035285  -0.1182942387   0.1548545933  -0.0363469277
79 10   0.0141265254  -0.0151218401   0.0062874158  -0.0004331993  -0.0038550088
79 11  -0.0036653160  -0.0007136953   0.0005539343  -0.0003486540  -0.0022961447
79 12  -0.0021881561  -0.0052750294  -0.0110807708   0.0265613489   0.0024864010
79 13  -0.0029546759   0.0022876327   0.0006063485   0.0003585693  -0.0007867211
79 14   0.0004226908   0.0000037004   0.0001136655   0.0000530589  -0.0000822527
79 15  -0.0000820945  -0.0000249794   0.0003045670   0.0011938792  -0.0006335053
79 16  -0.0000962885  -0.0004702560   0.0014794435   0.1211658645  -0.1623099472
79 17   0.0349380817
80  1   0.0002871908  -0.0003961099   0.0000709385   0.0000682782   0.0001329546
80  2   0.0000731101  -0.0002125350  -0.0001104109  -0.0001618302   0.0000833759
80  3   0.0000544950   0.0000734991  -0.0001720818  -0.0000115720  -0.0001141662
80  4   0.0000215484   0.0000339128   0.0000214445  -0.0000338098   0.0000001611
80  5  -0.0000218089   0.0001837921   0.0001165734   0.0001450314   0.0000782193
80  6  -0.0000473361   0.0000485896  -0.0000404869  -0.0000325926  -0.0000415082
80  7  -0.0000282243   0.0000126930  -0.0000195756  -0.0000014517   0.0000038563
80  8  -0.0000013578   0.0000013382  -0.0000019473  -0.0000002850   0.0000070001
80  9  -0.0000175425  -0.0000013774   0.1542433295  -0.3785444438   0.0185282261
80 10   0.0136023624  -0.0198990385   0.0045194521  -0.0014743254  -0.0036487136
80 11  -0.0025914223  -0.0031776620  -0.0030640817  -0.0027052933  -0.0012053023
80 12   0.0058177943  -0.0006551002  -0.0003573407   0.0039212394   0.0019208418
80 13   0.0014928986   0.0029568993   0.0022965204  -0.0001698191   0.0020182968
80 14   0.0004566118  -0.0002434172  -0.0001535346  -0.0001798837   0.0002159609
80 15  -0.0000747450   0.0001375959  -0.0000975568   0.0004276190  -0.0003441496
80 16  -0.0007898045   0.0007055999   0.0002180395  -0.1623099472   0.3900524539
80 17  -0.0216590600
81  1   0.0002704766  -0.0001840267   0.0002545702  -0.0000235208  -0.0000222712
81  2  -0.0000227297   0.0000447703   0.0000354486   0.0000506956  -0.0000925187
81  3   0.0000621124  -0.0000873421   0.0000886769  -0.0000673287   0.0000547939
81  4  -0.0000157571   0.0000104899  -0.0000081551   0.0000152602  -0.0000050576
81  5   0.0000088649  -0.0000141617  -0.0000492870  -0.0000302804  -0.0000340180
81  6   0.0000600309  -0.0000502420  -0.0000009438  -0.0000371011   0.0000327614
81  7  -0.0000019804  -0.0000094102   0.0000164364  -0.0000022951  -0.0000050899
81  8   0.0000030740  -0.0000016751  -0.0000003060   0.0000015528  -0.0000039411
81  9   0.0000002123   0.0000063334  -0.0364680300   0.0187993288  -0.0346790678
81 10   0.0125608875  -0.0138489211   0.0041292448  -0.0031376508  -0.0041164100
81 11   0.0010815451  -0.0011660938  -0.0003229557  -0.0007870694  -0.0050525416
81 12  -0.0012700807   0.0017244910  -0.0033836806   0.0190382146  -0.0039433221
81 13   0.0004235620   0.0027753887  -0.0022321368   0.0005565389   0.0000626457
81 14  -0.0002020784  -0.0000245038   0.0000471296  -0.0000453661   0.0000398547
81 15  -0.0000532527  -0.0000569327  -0.0009172381   0.0004823312   0.0012269210
81 16   0.0013930916   0.0004196427  -0.0015729337   0.0349380817  -0.0216590600
81 17   0.0352312058
$hessian (projected)
 1  1   0.0646528233   0.0641723838   0.0408367104  -0.0016940194   0.0007653890
 1  2  -0.0023853186   0.0126152390   0.0023699298   0.0073336745  -0.0283031339
 1  3  -0.0237135483  -0.0135411212  -0.0021005511  -0.0068860297  -0.0028408975
 1  4  -0.0000030975   0.0011063782  -0.0012857781   0.0005274737  -0.0002164672
 1  5   0.0003221629  -0.0052559167  -0.0009916839  -0.0023370643  -0.0011572233
 1  6  -0.0013097448  -0.0001477640  -0.0007191712   0.0005527132  -0.0008396472
 1  7  -0.0004842712  -0.0000021483  -0.0002135194   0.0000243292  -0.0000516829
 1  8  -0.0000361857  -0.0001612997  -0.0000804756   0.0000816693   0.0000719575
 1  9   0.0002590828   0.0002237676  -0.0021448277   0.0017062675  -0.0024570535
 1 10   0.0133001866  -0.0050014973   0.0069106562  -0.0345170809  -0.0258725549
 1 11  -0.0186282545  -0.0059520398  -0.0059488810  -0.0050292914   0.0005625448
 1 12   0.0016188865  -0.0011096341   0.0008378815  -0.0005694862   0.0006359842
 1 13  -0.0064252545  -0.0021414140  -0.0035018152  -0.0019092420  -0.0013549041
 1 14  -0.0011553382  -0.0012706717   0.0013765964  -0.0012742927  -0.0006643330
 1 15  -0.0000230764  -0.0001126893   0.0000383791  -0.0000195174   0.0001794280
 1 16  -0.0002447651  -0.0000417397   0.0000590790   0.0003760841   0.0002972246
 1 17   0.0003125331
 2  1   0.0641723838   0.1847771448   0.0762987023   0.0018838605   0.0027603673
 2  2   0.0012528873  -0.0049706258  -0.0230511808  -0.0086260203  -0.0177264360
 2  3  -0.0797139774  -0.0254333513  -0.0106404482   0.0030053888  -0.0060556322
 2  4   0.0023424599   0.0004398935   0.0011239455  -0.0006918219  -0.0002246167
 2  5  -0.0005229753   0.0015977875  -0.0015846094   0.0010921928   0.0028661750
 2  6  -0.0031215266   0.0013654939   0.0014807721   0.0016784593   0.0012658908
 2  7  -0.0002510563  -0.0007362140  -0.0003574050   0.0000296778   0.0003942766
 2  8   0.0000249343   0.0000767974  -0.0000902152   0.0001749754  -0.0000446542
 2  9  -0.0006203444  -0.0001034767   0.0033134036   0.0013468774   0.0018816319
 2 10  -0.0118513088  -0.0149340951  -0.0110329557  -0.0308500250  -0.0742275602
 2 11  -0.0328028799  -0.0089535806   0.0065645767  -0.0042707071   0.0020248134
 2 12  -0.0006249285   0.0006577561  -0.0008479097   0.0003069613  -0.0004756469
 2 13   0.0025515666   0.0010896198   0.0022801255   0.0021262660  -0.0040814952
 2 14   0.0006177695   0.0026450242   0.0015344834   0.0018296736  -0.0002820655
 2 15  -0.0005683901  -0.0002657783   0.0001362457   0.0003201780   0.0001376745
 2 16   0.0001069097  -0.0001549991   0.0001610935  -0.0002442111  -0.0004840743
 2 17  -0.0002179183
 3  1   0.0408367104   0.0762987023   0.0646741030  -0.0022227775   0.0002997807
 3  2   0.0007214877   0.0058737801  -0.0036137181   0.0049434657  -0.0123651285
 3  3  -0.0294288997  -0.0292268062  -0.0035704812  -0.0034272491  -0.0029627250
 3  4  -0.0010753066   0.0000874055   0.0016090407   0.0003514089   0.0000659800
 3  5   0.0002701465  -0.0018163287  -0.0006965407  -0.0033706516   0.0008283658
 3  6  -0.0013300292  -0.0013639948  -0.0006602411   0.0005437834   0.0005160868
 3  7  -0.0003533532  -0.0001345445  -0.0001585677  -0.0000612894   0.0000322013
 3  8   0.0001474300   0.0000993175  -0.0000049780  -0.0003406608   0.0001601877
 3  9   0.0002395581   0.0001953734  -0.0019213939   0.0008792461   0.0012233397
 3 10   0.0051374883  -0.0066291836   0.0026689205  -0.0195244554  -0.0295817097
 3 11  -0.0328310452  -0.0059675410  -0.0022374437  -0.0044444010  -0.0007306945
 3 12   0.0002779835   0.0023520084   0.0003348946  -0.0002470738  -0.0001848810
 3 13  -0.0021083895  -0.0007573138  -0.0032428867   0.0000133393  -0.0016401404
 3 14  -0.0010945824  -0.0009878355   0.0009487680   0.0007408941  -0.0004656010
 3 15  -0.0000884966  -0.0005699341   0.0000086335   0.0000449945  -0.0000806864
 3 16   0.0001004216   0.0000390167  -0.0003474611   0.0000862694   0.0000599009
 3 17   0.0001569871
 4  1  -0.0016940194   0.0018838605  -0.0022227775   0.6312651203  -0.1395643664
 4  2   0.3305802325  -0.1198244790   0.0216911360  -0.0315829467   0.0295149783
 4  3   0.0177948821   0.0160447128  -0.0201975147  -0.0360060380  -0.0181448026
 4  4  -0.0409167634   0.0369798748  -0.0246654204  -0.2651108841  -0.0382017771
 4  5  -0.1501162234  -0.0165761594  -0.0622079227  -0.0367362824  -0.0027463626
 4  6   0.0109864715   0.0010654462  -0.0006355690  -0.0013545470  -0.0008478933
 4  7   0.0010585435  -0.0002475654   0.0006659721   0.0022552537   0.0049026791
 4  8  -0.0027021099  -0.0037675552   0.0003630063  -0.0048154401  -0.1937447946
 4  9   0.1824240996  -0.0772896728   0.0008736923  -0.0000141018   0.0004488017
 4 10  -0.0012999689   0.0004739707  -0.0009222168   0.0012457814  -0.0014661133
 4 11   0.0007652009  -0.0015881237   0.0020278475  -0.0005671720   0.0003115238
 4 12  -0.0007105877   0.0000793814  -0.0006343161   0.0003305652  -0.0003979208
 4 13   0.0009685804  -0.0001453783   0.0005416125   0.0006090194  -0.0019267229
 4 14   0.0001551248   0.0008236798   0.0019784251   0.0008639442  -0.0000153050
 4 15  -0.0000766558  -0.0000670778   0.0000191142   0.0000228493  -0.0000553292
 4 16   0.0000010226  -0.0000178542  -0.0000040984  -0.0001944946   0.0000799630
 4 17  -0.0000730450
 5  1   0.0007653890   0.0027603673   0.0002997807  -0.1395643664   0.7246193942
 5  2   0.0582169625  -0.0218131806  -0.2443226863  -0.0532799007   0.0299422066
 5  3  -0.0529451909   0.0051209715  -0.0249278095  -0.0218988853  -0.0197642129
 5  4   0.0212313328   0.0328589468   0.0182485251   0.0004915510  -0.1478243184
 5  5  -0.0216548332  -0.0304732567  -0.0206042337  -0.0280154645   0.0079419637
 5  6   0.0001153796   0.0048420581  -0.0005806129   0.0005605682  -0.0002685341
 5  7  -0.0000138643  -0.0006265148  -0.0001485752   0.0043066239  -0.0033396075
 5  8   0.0001851480  -0.0308616355   0.0002552229  -0.0204249639   0.1828610897
 5  9  -0.2702576530   0.0559879145   0.0004457059  -0.0003872684   0.0001000326
 5 10  -0.0004772446   0.0009735837  -0.0003067809   0.0003624723  -0.0006231712
 5 11   0.0002306168  -0.0004975042   0.0012930413   0.0000372493  -0.0000524289
 5 12  -0.0007050134   0.0000007021  -0.0004326332   0.0002350499  -0.0002745789
 5 13   0.0004318626  -0.0005528342  -0.0001184131   0.0000381618  -0.0012299362
 5 14   0.0001181915   0.0008265497   0.0016689023   0.0008704822   0.0001100593
 5 15  -0.0001353578   0.0000374283   0.0000029186  -0.0000065401  -0.0000127238
 5 16   0.0000296510  -0.0000045837   0.0000298530  -0.0000930011   0.0001233384
 5 17  -0.0000569351
 6  1  -0.0023853186   0.0012528873   0.0007214877   0.3305802325   0.0582169625
 6  2   0.2858247423  -0.0412603501  -0.0261300786  -0.0918510805   0.0185753425
 6  3  -0.0024853240   0.0218952816  -0.0155779585  -0.0269095504  -0.0204781533
 6  4  -0.0278366047   0.0283434691  -0.0007232402  -0.1415917647  -0.0464312808
 6  5  -0.1393350478  -0.0299060392  -0.0483390208  -0.0091872996   0.0006980391
 6  6   0.0072096630   0.0011641714  -0.0006677934  -0.0008024748  -0.0005316178
 6  7   0.0007165628  -0.0003240742   0.0002338425  -0.0028524198   0.0005318516
 6  8   0.0064997636  -0.0115655972  -0.0005297521  -0.0036147709  -0.0771181768
 6  9   0.0554598418  -0.0508586250   0.0003898328  -0.0000361739  -0.0000688457
 6 10  -0.0008895994   0.0004627351  -0.0002556923   0.0009593384  -0.0008934168
 6 11  -0.0001898189  -0.0010507224   0.0015357529   0.0000246738  -0.0000968497
 6 12  -0.0005131734  -0.0001509032  -0.0004878341   0.0002880865   0.0000113356
 6 13   0.0006394710  -0.0001597669  -0.0002467058   0.0002276149  -0.0013068268
 6 14  -0.0001424714   0.0005829672   0.0015746738   0.0009821422  -0.0000000180
 6 15  -0.0001016468   0.0001457554  -0.0000317957   0.0000036398   0.0001365659
 6 16  -0.0000173995  -0.0000023808  -0.0000380248  -0.0000331593   0.0000853778
 6 17   0.0000325350
 7  1   0.0126152390  -0.0049706258   0.0058737801  -0.1198244790  -0.0218131806
 7  2  -0.0412603501   0.7420279433   0.0206833023   0.3468186939  -0.1414933142
 7  3   0.0613731880  -0.0381537908  -0.0508817684   0.0129395765  -0.0199930845
 7  4  -0.0021425694   0.0101679473   0.0034189460   0.0054191484  -0.0313706088
 7  5  -0.0023628357  -0.4631994699  -0.0639664821  -0.2610004334   0.0103561017
 7  6  -0.0081535523   0.0007779098  -0.0000267115   0.0018615328   0.0012175859
 7  7   0.0002368276   0.0007137898  -0.0023471290   0.0000228120   0.0007118295
 7  8   0.0001718419  -0.0016030150   0.0006557604  -0.0042283455   0.0113878395
 7  9   0.0230349508   0.0128253664  -0.0018551812   0.0002754639  -0.0010137707
 7 10   0.0027878150  -0.0010847036   0.0015020495  -0.0036087531   0.0043338651
 7 11  -0.0013409845   0.0047037404  -0.0066012094   0.0015222339  -0.0004691553
 7 12   0.0020196236   0.0002419313   0.0013469208  -0.0008200181   0.0007306952
 7 13  -0.0016888293   0.0004895602  -0.0008520125  -0.0015480342   0.0060022026
 7 14   0.0003896037  -0.0024693975  -0.0062975683  -0.0027651294  -0.0000576084
 7 15   0.0001607936  -0.0000547694  -0.0000352792  -0.0001388773  -0.0001002010
 7 16  -0.0000657554   0.0000007403  -0.0000383745   0.0000649334  -0.0002073002
 7 17   0.0000205732
 8  1   0.0023699298  -0.0230511808  -0.0036137181   0.0216911360  -0.2443226863
 8  2  -0.0261300786   0.0206833023   0.5819514668   0.0948389781   0.0648060743
 8  3  -0.2045076739   0.0078291811   0.0442945558   0.0535811453   0.0433012123
 8  4   0.0147451611  -0.0481374584  -0.0002043927  -0.0767533362   0.0081612428
 8  5  -0.0464766289  -0.0741112376  -0.1060876683  -0.0517790662  -0.0151287690
 8  6  -0.0017988213  -0.0111075582   0.0001078208  -0.0008866871   0.0002003369
 8  7   0.0003709432   0.0024897949  -0.0000991345  -0.0000880600  -0.0031186495
 8  8  -0.0007318186   0.0037444342   0.0029486528   0.0018781695  -0.0056122866
 8  9  -0.0189886806  -0.0075442525   0.0000142051   0.0006743238   0.0003040167
 8 10   0.0001941053  -0.0008813386   0.0000040734  -0.0000347069   0.0006780901
 8 11   0.0001297513  -0.0016605574   0.0007513152  -0.0010671058   0.0003059255
 8 12   0.0001520728   0.0001300077   0.0000200705   0.0001201721  -0.0000181915
 8 13  -0.0000665181   0.0005940702   0.0004318562   0.0005845082  -0.0009511819
 8 14  -0.0000819041  -0.0004079057   0.0006082518  -0.0000699568  -0.0001641556
 8 15   0.0000811156  -0.0001443593   0.0000212087   0.0000882119  -0.0000126539
 8 16   0.0000090605  -0.0000275900   0.0000035332   0.0000650919  -0.0001203092
 8 17   0.0000297036
 9  1   0.0073336745  -0.0086260203   0.0049434657  -0.0315829467  -0.0532799007
 9  2  -0.0918510805   0.3468186939   0.0948389781   0.4358764070  -0.0374412167
 9  3   0.0058444629  -0.0846973213  -0.0133409902   0.0232868599  -0.0180570561
 9  4   0.0042874947  -0.0030159590  -0.0015853173  -0.0124892463  -0.0177742523
 9  5  -0.0136732137  -0.2630984676  -0.0449699497  -0.2445422420  -0.0010290611
 9  6  -0.0068152040   0.0050108406   0.0007905732   0.0012582886  -0.0005180957
 9  7  -0.0024707737   0.0000531678   0.0026754701  -0.0000390685  -0.0002602958
 9  8  -0.0000568762  -0.0035203946  -0.0000639465   0.0030027028   0.0065093042
 9  9   0.0105431840   0.0055155718  -0.0011409508   0.0002803548  -0.0007283316
 9 10   0.0019241862  -0.0009608923   0.0013969135  -0.0023372807   0.0028801577
 9 11  -0.0009769956   0.0029008071  -0.0040962298   0.0007712678  -0.0000114771
 9 12   0.0013038838  -0.0003378993   0.0011889558  -0.0005544640   0.0005374081
 9 13  -0.0012518173   0.0004144894  -0.0002720729  -0.0005922807   0.0036623413
 9 14  -0.0004699415  -0.0014413713  -0.0037875038  -0.0020774223  -0.0000635243
 9 15   0.0000925348   0.0000387539  -0.0000065916  -0.0000831256   0.0000105306
 9 16  -0.0000287099  -0.0000086581  -0.0000536271   0.0001324795  -0.0001623013
 9 17   0.0001181612
10  1  -0.0283031339  -0.0177264360  -0.0123651285   0.0295149783   0.0299422066
10  2   0.0185753425  -0.1414933142   0.0648060743  -0.0374412167   0.5560210280
10  3  -0.0691220206   0.2941635673  -0.2720330632  -0.0314938024  -0.1437537091
10  4  -0.0036261899  -0.0385859622  -0.0199995106  -0.0349227980   0.0070470595
10  5  -0.0195015138  -0.0580015754   0.0436847148  -0.0381472903  -0.0573411389
10  6   0.0165846452  -0.0387865175  -0.0014397840  -0.0056340307  -0.0002692026
10  7   0.0021707393   0.0043484253   0.0001889212   0.0021829435  -0.0015584704
10  8  -0.0015294885  -0.0000436402   0.0005574070   0.0009463079   0.0010947823
10  9  -0.0005491056  -0.0020596539   0.0014309866  -0.0006480932   0.0009024691
10 10  -0.0040080515   0.0010405464  -0.0023923279   0.0068865649  -0.0055871060
10 11   0.0001102286  -0.0011782780   0.0032129159  -0.0002822334   0.0002940098
10 12  -0.0011398950   0.0001305529  -0.0007976411   0.0004259045  -0.0004543406
10 13   0.0020516770   0.0002235486   0.0009427192   0.0007353812  -0.0021694355
10 14  -0.0003228624   0.0009769794   0.0023564473   0.0013037680   0.0000455013
10 15  -0.0001423712   0.0000885955  -0.0000006649   0.0000300189   0.0000676666
10 16   0.0000416073   0.0000058784  -0.0000182970  -0.0002579055   0.0000909362
10 17  -0.0000968459
11  1  -0.0237135483  -0.0797139774  -0.0294288997   0.0177948821  -0.0529451909
11  2  -0.0024853240   0.0613731880  -0.2045076739   0.0058444629  -0.0691220206
11  3   0.4558467790   0.0412268041  -0.0368223443  -0.1493727684  -0.0424599677
11  4  -0.0339068898   0.0126891574  -0.0219825039   0.0178152270  -0.0034408553
11  5   0.0109540585   0.0233819562   0.0156202496   0.0145767030   0.0431723266
11  6   0.0152243305   0.0283531798  -0.0011559169   0.0027992448   0.0005440308
11  7   0.0024504454  -0.0046310570  -0.0002141269   0.0001653715  -0.0057763999
11  8  -0.0020858644  -0.0003211825   0.0003656017   0.0001731928  -0.0029601844
11  9  -0.0057114472  -0.0039896646  -0.0009563211  -0.0000389342  -0.0006070885
11 10   0.0023242555  -0.0008252690   0.0011672093   0.0009456419   0.0062527257
11 11   0.0009711219   0.0010754568  -0.0020044254   0.0002431960  -0.0001999900
11 12   0.0006207722   0.0002422248   0.0005466813  -0.0004146040   0.0002352038
11 13  -0.0011758747  -0.0002584044  -0.0011530920  -0.0004890441   0.0015786869
11 14   0.0001943789  -0.0003457111  -0.0013435058  -0.0004525556   0.0000358543
11 15  -0.0000365355   0.0000552134   0.0000156885  -0.0000187710   0.0000370681
11 16  -0.0000033368   0.0000014300  -0.0000043432   0.0000753893   0.0000408414
11 17   0.0000453822
12  1  -0.0135411212  -0.0254333513  -0.0292268062   0.0160447128   0.0051209715
12  2   0.0218952816  -0.0381537908   0.0078291811  -0.0846973213   0.2941635673
12  3   0.0412268041   0.2632115786  -0.1448371291  -0.0389427685  -0.1538544985
12  4  -0.0187534185  -0.0249750666  -0.0031421194  -0.0171232301   0.0040487806
12  5  -0.0116403847  -0.0429664903   0.0272957577  -0.0033799586  -0.0327034878
12  6   0.0115957722  -0.0090625825   0.0007339338  -0.0023074193  -0.0031034684
12  7  -0.0001965929   0.0010202516   0.0034535111  -0.0011349616  -0.0031492666
12  8   0.0026062923   0.0007515568   0.0007327722  -0.0006839213  -0.0025789177
12  9  -0.0024748816   0.0019734044   0.0008424889  -0.0003083561   0.0000455963
12 10  -0.0021775972   0.0004766808  -0.0012703032   0.0015391372  -0.0032028950
12 11   0.0050633115  -0.0008981209   0.0015296283   0.0003840368   0.0002106377
12 12  -0.0004630215  -0.0000901427  -0.0005780874   0.0001948330  -0.0001105226
12 13   0.0008096346  -0.0000067564   0.0006962188  -0.0000825547  -0.0010895803
12 14   0.0005222396   0.0007014542   0.0012540016   0.0005251996   0.0000621957
12 15  -0.0000757973  -0.0000363041   0.0000241382   0.0000327502  -0.0000262713
12 16  -0.0000381675  -0.0000057527   0.0000392565  -0.0001197894   0.0000767282
12 17  -0.0000913221
13  1  -0.0021005511  -0.0106404482  -0.0035704812  -0.0201975147  -0.0249278095
13  2  -0.0155779585  -0.0508817684   0.0442945558  -0.0133409902  -0.2720330632
13  3  -0.0368223443  -0.1448371291   0.6230406487  -0.1071901759   0.2583063872
13  4  -0.1147876313  -0.0203587776  -0.0315442180   0.0387342439   0.0177715160
13  5   0.0269024490   0.0109855769  -0.0041879826   0.0010499009  -0.2030216977
13  6   0.1455284500  -0.0704240418   0.0104208232  -0.0037970545   0.0077674097
13  7  -0.0159120813   0.0217214867  -0.0013799267  -0.0015503340  -0.0236637520
13  8  -0.0055775045  -0.0004643210   0.0036449150  -0.0061651517  -0.0002790544
13  9  -0.0023568955  -0.0006763840  -0.0010853344   0.0005850261  -0.0004916809
13 10   0.0026324533  -0.0022926515   0.0014162514  -0.0011222297   0.0016927115
13 11  -0.0006248689  -0.0007351455  -0.0007230318  -0.0005682942   0.0000335333
13 12   0.0009404094   0.0000938570   0.0007079471  -0.0002595600   0.0005986256
13 13  -0.0017712065   0.0013068392  -0.0007840078   0.0001737464   0.0007936575
13 14   0.0000216339  -0.0007708647  -0.0010303860  -0.0007748879  -0.0001593675
13 15   0.0001008713   0.0000159473   0.0000069651   0.0000560622   0.0000853129
13 16  -0.0000404336  -0.0000214505  -0.0000294923   0.0001766609  -0.0001641809
13 17   0.0001092427
14  1  -0.0068860297   0.0030053888  -0.0034272491  -0.0360060380  -0.0218988853
14  2  -0.0269095504   0.0129395765   0.0535811453   0.0232868599  -0.0314938024
14  3  -0.1493727684  -0.0389427685  -0.1071901759   0.7692571287   0.0612378792
14  4  -0.0516417953  -0.2544044835  -0.0724896541   0.0433145532  -0.0494876895
14  5   0.0160100359   0.0093482854  -0.0110892592   0.0014387774   0.1441457513
14  6  -0.3176648436   0.0296675831   0.0183918512  -0.0262083660   0.0065901211
14  7  -0.0035274197   0.0103376388   0.0015236319   0.0022259697   0.0014315635
14  8   0.0019359851   0.0042110879  -0.0020730015  -0.0000636341   0.0011792756
14  9  -0.0039696468  -0.0000941147   0.0007401651   0.0000047820   0.0006450927
14 10  -0.0023963839   0.0008632734  -0.0012135719   0.0015346696  -0.0023200563
14 11   0.0004099808  -0.0002254754   0.0006965652  -0.0001408491   0.0001612513
14 12  -0.0002984519  -0.0000789797  -0.0003753163   0.0001817308  -0.0002226102
14 13   0.0012028719  -0.0004777923   0.0009580565   0.0004384902  -0.0005123488
14 14  -0.0000992324  -0.0000028155   0.0003581288   0.0000246910  -0.0000318554
14 15   0.0000727735  -0.0000105313  -0.0000134086   0.0000200947  -0.0000025694
14 16   0.0000278374  -0.0000020024   0.0000267217  -0.0000711201  -0.0000306178
14 17  -0.0000601013
15  1  -0.0028408975  -0.0060556322  -0.0029627250  -0.0181448026  -0.0197642129
15  2  -0.0204781533  -0.0199930845   0.0433012123  -0.0180570561  -0.1437537091
15  3  -0.0424599677  -0.1538544985   0.2583063872   0.0612378792   0.3553953302
15  4  -0.0387089508  -0.0525666168  -0.1058583995   0.0325829985   0.0000431579
15  5   0.0230186135   0.0040546181  -0.0069366048   0.0083229521  -0.0711763192
15  6   0.0304802192  -0.0835436796   0.0125762067  -0.0074950698   0.0032546940
15  7  -0.0068435543   0.0175296052  -0.0068380395   0.0001362777  -0.0144350517
15  8  -0.0040383997  -0.0060090262  -0.0004444047   0.0065315302   0.0001629843
15  9  -0.0022695726  -0.0004871264  -0.0002917009   0.0003278451  -0.0000028250
15 10   0.0010929278  -0.0012577548   0.0003767185  -0.0004400185   0.0004428155
15 11   0.0002065144  -0.0004870161  -0.0003384641  -0.0006801753   0.0002187173
15 12   0.0004533779   0.0001160735   0.0005083013  -0.0001718241   0.0000331467
15 13  -0.0007398041   0.0006858769   0.0002301049   0.0003360312   0.0002907140
15 14   0.0000025703  -0.0005216605  -0.0005971415  -0.0003895534  -0.0000951025
15 15   0.0001015287  -0.0002107519   0.0000348298   0.0000425325  -0.0001058740
15 16  -0.0000165482  -0.0000239558  -0.0000298477   0.0000519150  -0.0001204909
15 17   0.0000488569
16  1  -0.0000030975   0.0023424599  -0.0010753066  -0.0409167634   0.0212313328
16  2  -0.0278366047  -0.0021425694   0.0147451611   0.0042874947  -0.0036261899
16  3  -0.0339068898  -0.0187534185  -0.1147876313  -0.0516417953  -0.0387089508
16  4   0.6290818289  -0.1146830918   0.3114384074  -0.2322228580   0.1797297585
16  5  -0.0749263408  -0.0016212594  -0.0034444404  -0.0007470648   0.0108227932
16  6   0.0315234195   0.0074626432  -0.0015432238   0.0033244425  -0.0040169670
16  7   0.0006099008   0.0008423011   0.0020725677  -0.2530283248  -0.0411378658
16  8  -0.1551969747   0.0087909401  -0.0051600835  -0.0000442928  -0.0004762524
16  9  -0.0033533068  -0.0043017441   0.0003456645  -0.0000828643  -0.0000327546
16 10  -0.0004045910   0.0002583156  -0.0000570974   0.0004982643  -0.0005758900
16 11   0.0002579328  -0.0001368273   0.0004033032   0.0000916644   0.0001444601
16 12  -0.0002406292  -0.0001044868  -0.0000752543   0.0000470604   0.0000454998
16 13   0.0003987035  -0.0001146751  -0.0000447025   0.0001558320  -0.0003997307
16 14  -0.0001320808   0.0002332810   0.0003526510   0.0002016856  -0.0000147224
16 15  -0.0000557369   0.0000978600  -0.0000057135  -0.0000232082   0.0000456855
16 16  -0.0000005917  -0.0000127763  -0.0000087022  -0.0000757983   0.0000327783
16 17  -0.0000139520
17  1   0.0011063782   0.0004398935   0.0000874055   0.0369798748   0.0328589468
17  2   0.0283434691   0.0101679473  -0.0481374584  -0.0030159590  -0.0385859622
17  3   0.0126891574  -0.0249750666  -0.0203587776  -0.2544044835  -0.0525666168
17  4  -0.1146830918   0.6896813886   0.0564513035   0.1500180733  -0.3147278432
17  5   0.0359299849  -0.0069064809   0.0090393057  -0.0018194647   0.0065652614
17  6  -0.0559615034  -0.0106952799   0.0036289077   0.0015101241   0.0013839724
17  7  -0.0025569845  -0.0002048806  -0.0011615368  -0.0393404266  -0.0648128715
17  8  -0.0324532905   0.0183816588  -0.0114275831   0.0075947735  -0.0043988158
17  9   0.0036611875  -0.0030544980  -0.0002414648  -0.0002266695  -0.0003245002
17 10   0.0007578368   0.0000822759   0.0003687848  -0.0005341323   0.0004483208
17 11  -0.0001544850   0.0006664842  -0.0005588069   0.0003825425  -0.0001868914
17 12  -0.0000158937   0.0000279969   0.0001751521  -0.0000912708   0.0000529651
17 13  -0.0003785258  -0.0000116725  -0.0005971551  -0.0004769513   0.0004358400
17 14   0.0000918472   0.0000510826  -0.0001963767  -0.0000247301   0.0000740195
17 15  -0.0000741643   0.0000818369  -0.0000021061  -0.0000163239   0.0000295608
17 16   0.0000210723   0.0000019509   0.0000260990   0.0000568622   0.0000194108
17 17  -0.0000099595
18  1  -0.0012857781   0.0011239455   0.0016090407  -0.0246654204   0.0182485251
18  2  -0.0007232402   0.0034189460  -0.0002043927  -0.0015853173  -0.0199995106
18  3  -0.0219825039  -0.0031421194  -0.0315442180  -0.0724896541  -0.1058583995
18  4   0.3114384074   0.0564513035   0.3084806750  -0.0811693182   0.0545015276
18  5  -0.0952141685  -0.0017844644  -0.0000192392  -0.0022239132   0.0019788580
18  6   0.0053693289   0.0123265693  -0.0039395462   0.0011314385   0.0035547736
18  7   0.0014135082   0.0010609807  -0.0013008055  -0.1545538846  -0.0335578431
18  8  -0.1265604728   0.0051411175  -0.0073599176   0.0088030889  -0.0044898261
18  9  -0.0024056642   0.0017606227   0.0000869597  -0.0000635757   0.0000166417
18 10  -0.0001647147   0.0002571911  -0.0003838897   0.0003870260  -0.0001728773
18 11  -0.0000157757  -0.0000940329   0.0001787288   0.0000881734  -0.0001183036
18 12  -0.0000931251   0.0001738322  -0.0001314980   0.0000785828  -0.0001325428
18 13   0.0002246817  -0.0000919176  -0.0000013470  -0.0001951148  -0.0001292274
18 14   0.0003084648   0.0001327987   0.0001701554   0.0002378637   0.0000122414
18 15  -0.0000173223  -0.0001022104  -0.0000106187  -0.0000058645  -0.0000618244
18 16  -0.0000200688  -0.0000034486  -0.0000297616  -0.0000682266   0.0000248653
18 17  -0.0000239582
19  1   0.0005274737  -0.0006918219   0.0003514089  -0.2651108841   0.0004915510
19  2  -0.1415917647   0.0054191484  -0.0767533362  -0.0124892463  -0.0349227980
19  3   0.0178152270  -0.0171232301   0.0387342439   0.0433145532   0.0325829985
19  4  -0.2322228580   0.1500180733  -0.0811693182   0.5771548624  -0.1124425106
19  5   0.2535247067  -0.0019403944   0.0156422802  -0.0009286344   0.0000122136
19  6  -0.0147840512  -0.0052547410   0.0020772907   0.0007265633   0.0002259169
19  7  -0.0015818678  -0.0002920461  -0.0004398603  -0.0114726671   0.0193609236
19  8  -0.0020093219  -0.0600973548  -0.0358856585  -0.0176553285  -0.0156194663
19  9  -0.0063907093  -0.0078097251  -0.0006154187  -0.0000148050  -0.0002982599
19 10   0.0006816318  -0.0002822075   0.0004987133  -0.0006749467   0.0006261936
19 11  -0.0003475614   0.0008452939  -0.0010476674   0.0003734659  -0.0001034996
19 12   0.0003646028   0.0000215016   0.0000730646  -0.0000556768   0.0002110006
19 13  -0.0006409716   0.0001256027  -0.0002641867  -0.0003856269   0.0012067705
19 14  -0.0000764315  -0.0000367426  -0.0009063526  -0.0003041022   0.0000216780
19 15  -0.0000813460   0.0000141843  -0.0000048601  -0.0000350621  -0.0000190487
19 16  -0.0000360772  -0.0000073647  -0.0000211978  -0.0000804672  -0.0000217253
19 17  -0.0000019379
20  1  -0.0002164672  -0.0002246167   0.0000659800  -0.0382017771  -0.1478243184
20  2  -0.0464312808  -0.0313706088   0.0081612428  -0.0177742523   0.0070470595
20  3  -0.0034408553   0.0040487806   0.0177715160  -0.0494876895   0.0000431579
20  4   0.1797297585  -0.3147278432   0.0545015276  -0.1124425106   0.8340320724
20  5   0.0815357595   0.0003401819  -0.0071303285  -0.0027828090  -0.0061290189
20  6   0.0019406431  -0.0040030135   0.0008223583  -0.0011468216  -0.0000846334
20  7   0.0000082091   0.0001324467   0.0003034858  -0.0071369607   0.0086055644
20  8  -0.0022316355  -0.0304139855  -0.3408657052  -0.0839748362   0.0202191422
20  9   0.0118556892   0.0166994119  -0.0000066587  -0.0000071205   0.0002122959
20 10  -0.0002305125   0.0001818249  -0.0000049957  -0.0000121288  -0.0001733585
20 11  -0.0000209959   0.0000195967   0.0001011920  -0.0001344798   0.0000498873
20 12  -0.0000143314  -0.0000459237  -0.0000163312   0.0000293692  -0.0000324323
20 13  -0.0000852419  -0.0001238790   0.0002847568   0.0001437128  -0.0000287099
20 14  -0.0001578614   0.0000709352   0.0001643170   0.0000150070   0.0000175499
20 15  -0.0000065968  -0.0000281633   0.0000050906   0.0000166527  -0.0000197419
20 16   0.0000204612  -0.0000020376   0.0000240604  -0.0000032574  -0.0000168019
20 17  -0.0000071688
21  1   0.0003221629  -0.0005229753   0.0002701465  -0.1501162234  -0.0216548332
21  2  -0.1393350478  -0.0023628357  -0.0464766289  -0.0136732137  -0.0195015138
21  3   0.0109540585  -0.0116403847   0.0269024490   0.0160100359   0.0230186135
21  4  -0.0749263408   0.0359299849  -0.0952141685   0.2535247067   0.0815357595
21  5   0.3150716258  -0.0041972962   0.0072243147   0.0034692191  -0.0036047637
21  6  -0.0095670979  -0.0004518399   0.0002217234  -0.0002444977   0.0019952860
21  7  -0.0003570787   0.0000745138  -0.0012050583  -0.0078560650   0.0145648237
21  8  -0.0033681833  -0.0165094995  -0.0872448089  -0.0713696092  -0.0018877296
21  9  -0.0002188503  -0.0069801957  -0.0002752824  -0.0000351299  -0.0002756065
21 10   0.0004756304  -0.0001767471   0.0004182132  -0.0004381185   0.0003243736
21 11  -0.0002338774   0.0007524639  -0.0007181855   0.0001451359   0.0000684057
21 12   0.0002026217  -0.0002832030   0.0003360351  -0.0000791656   0.0000508034
21 13  -0.0004097634   0.0000458967   0.0000661089  -0.0001166342   0.0007670142
21 14  -0.0004293704  -0.0000744688  -0.0005759981  -0.0000204285   0.0000319045
21 15  -0.0000596245  -0.0000220109   0.0000115600  -0.0000270613  -0.0000134543
21 16  -0.0000195888  -0.0000115386  -0.0000445936   0.0000061607  -0.0000202544
21 17   0.0000550935
22  1  -0.0052559167   0.0015977875  -0.0018163287  -0.0165761594  -0.0304732567
22  2  -0.0299060392  -0.4631994699  -0.0741112376  -0.2630984676  -0.0580015754
22  3   0.0233819562  -0.0429664903   0.0109855769   0.0093482854   0.0040546181
22  4  -0.0016212594  -0.0069064809  -0.0017844644  -0.0019403944   0.0003401819
22  5  -0.0041972962   0.5441583813   0.0742433711   0.3407561028  -0.0047206819
22  6   0.0009090557  -0.0023434488  -0.0002624023  -0.0011134930  -0.0006274576
22  7   0.0001607296   0.0003509279   0.0008582377   0.0000991417   0.0000570766
22  8   0.0005804242  -0.0012482550   0.0000876766  -0.0005735456  -0.0035865252
22  9   0.0001135698  -0.0002859166   0.0014436012  -0.0001847547   0.0010058499
22 10  -0.0020072523   0.0009094452  -0.0013685297   0.0027294433  -0.0020057185
22 11   0.0009731027  -0.0040671139   0.0050024923  -0.0015721072   0.0004859757
22 12  -0.0016870037   0.0001104257  -0.0012470429   0.0006480979  -0.0008422738
22 13   0.0012460574  -0.0003034741   0.0010727652   0.0015686993  -0.0050634531
22 14  -0.0006003721   0.0010986423   0.0048082180   0.0028344970  -0.0000701517
22 15  -0.0002109130  -0.0001234774   0.0000385417   0.0001008999  -0.0000697732
22 16   0.0000266422  -0.0000270015   0.0000010784  -0.0002372321   0.0001877446
22 17  -0.0000711132
23  1  -0.0009916839  -0.0015846094  -0.0006965407  -0.0622079227  -0.0206042337
23  2  -0.0483390208  -0.0639664821  -0.1060876683  -0.0449699497   0.0436847148
23  3   0.0156202496   0.0272957577  -0.0041879826  -0.0110892592  -0.0069366048
23  4  -0.0034444404   0.0090393057  -0.0000192392   0.0156422802  -0.0071303285
23  5   0.0072243147   0.0742433711   0.1192523340   0.0636820306   0.0024266441
23  6   0.0021404435   0.0019931903  -0.0006331791  -0.0003229553  -0.0005445689
23  7   0.0000465440  -0.0005684230   0.0001080557  -0.0000309997   0.0010546256
23  8   0.0003659421  -0.0017871476  -0.0002394401  -0.0011142082   0.0004247335
23  9   0.0042428439   0.0018730400   0.0001051112  -0.0006925035  -0.0000555808
23 10  -0.0002060345   0.0009294418  -0.0000560571   0.0004642739  -0.0020222848
23 11  -0.0002451142   0.0004318392  -0.0000391900   0.0003263720  -0.0001575237
23 12  -0.0004234772  -0.0000160897  -0.0001976050   0.0000121085  -0.0001310995
23 13  -0.0000326279  -0.0011565922  -0.0002591340  -0.0003808245   0.0003004445
23 14  -0.0002049084   0.0007810458  -0.0001856046   0.0008476249   0.0001599675
23 15  -0.0004883400  -0.0000106259  -0.0000122932  -0.0000450525  -0.0000566952
23 16   0.0000177997  -0.0000177821   0.0000166146  -0.0001915783   0.0001059470
23 17  -0.0000775054
24  1  -0.0023370643   0.0010921928  -0.0033706516  -0.0367362824  -0.0280154645
24  2  -0.0091872996  -0.2610004334  -0.0517790662  -0.2445422420  -0.0381472903
24  3   0.0145767030  -0.0033799586   0.0010499009   0.0014387774   0.0083229521
24  4  -0.0007470648  -0.0018194647  -0.0022239132  -0.0009286344  -0.0027828090
24  5   0.0034692191   0.3407561028   0.0636820306   0.2568248306  -0.0015958638
24  6   0.0014956075  -0.0017826574  -0.0005066586  -0.0008640181  -0.0003051916
24  7   0.0007419730   0.0002267448  -0.0006071402   0.0005384671   0.0003526420
24  8  -0.0004099446  -0.0009570969   0.0001006200  -0.0009019438  -0.0002927208
24  9   0.0015186281  -0.0029821497   0.0007115266  -0.0002021609   0.0000075990
24 10  -0.0011442550   0.0006932866  -0.0001198577   0.0011163616  -0.0017951903
24 11   0.0008450970  -0.0023704121   0.0030858086  -0.0002844399  -0.0000281792
24 12  -0.0011196472  -0.0002343565  -0.0008377205   0.0003643282   0.0001724275
24 13   0.0008830406  -0.0002740446  -0.0005541291  -0.0000913325  -0.0032619401
24 14   0.0004535356   0.0019140915   0.0033784580   0.0003661859   0.0000593976
24 15  -0.0002666797   0.0001407446  -0.0000300940   0.0000326830   0.0002352056
24 16  -0.0000106668  -0.0000161301   0.0000026075  -0.0000090919   0.0001581045
24 17   0.0000454713
25  1  -0.0011572233   0.0028661750   0.0008283658  -0.0027463626   0.0079419637
25  2   0.0006980391   0.0103561017  -0.0151287690  -0.0010290611  -0.0573411389
25  3   0.0431723266  -0.0327034878  -0.2030216977   0.1441457513  -0.0711763192
25  4   0.0108227932   0.0065652614   0.0019788580   0.0000122136  -0.0061290189
25  5  -0.0036047637  -0.0047206819   0.0024266441  -0.0015958638   0.6367513462
25  6  -0.0701887719   0.3755435991  -0.0730620039  -0.0739851267  -0.0577486598
25  7  -0.3191681405  -0.0399662870  -0.2133515608   0.0001689166  -0.0001430573
25  8   0.0008595919   0.0006691737  -0.0007294827   0.0008051312   0.0005782416
25  9  -0.0005586674   0.0006644601   0.0007383887  -0.0002163336   0.0000781373
25 10  -0.0014672790   0.0010899386  -0.0003260208   0.0008672180  -0.0007575586
25 11  -0.0001746841   0.0001873018   0.0006638530   0.0004006108   0.0001170718
25 12  -0.0005853722  -0.0003709720  -0.0003318517   0.0001826661  -0.0000551293
25 13   0.0011942964  -0.0005612151  -0.0000516365   0.0001610590  -0.0006331200
25 14  -0.0004492793   0.0004733936   0.0005963847   0.0003957844   0.0000143677
25 15  -0.0001053146   0.0002443722  -0.0000285707  -0.0000517021   0.0001401548
25 16   0.0000152579   0.0000024899  -0.0000038843  -0.0000821913   0.0000863428
25 17   0.0000042179
26  1  -0.0013097448  -0.0031215266  -0.0013300292   0.0109864715   0.0001153796
26  2   0.0072096630  -0.0081535523  -0.0017988213  -0.0068152040   0.0165846452
26  3   0.0152243305   0.0115957722   0.1455284500  -0.3176648436   0.0304802192
26  4   0.0315234195  -0.0559615034   0.0053693289  -0.0147840512   0.0019406431
26  5  -0.0095670979   0.0009090557   0.0021404435   0.0014956075  -0.0701887719
26  6   0.8297094041   0.1314288568  -0.0723890482  -0.3941546850  -0.1305059771
26  7  -0.0382354898  -0.0794298524  -0.0401701940   0.0003321696   0.0015817705
26  8   0.0008285771   0.0007323808  -0.0005081126   0.0005458029  -0.0011686124
26  9   0.0016161162  -0.0001759889  -0.0006387123   0.0000400708  -0.0005053471
26 10   0.0019437399  -0.0009034173   0.0010189378  -0.0008537660   0.0010957853
26 11  -0.0004208101   0.0002916109  -0.0007993131   0.0000931364  -0.0001576266
26 12   0.0004410275   0.0000861304   0.0006265684  -0.0002426650   0.0003364849
26 13  -0.0010915305   0.0006539439  -0.0009786793  -0.0003699076   0.0007451906
26 14   0.0001003969  -0.0003127583  -0.0006457367  -0.0003622307  -0.0000030005
26 15  -0.0000265473   0.0000853177   0.0000005372   0.0000201881   0.0000769645
26 16   0.0000191120  -0.0000042335   0.0000237408   0.0001784118  -0.0000630359
26 17   0.0000566213
27  1  -0.0001477640   0.0013654939  -0.0013639948   0.0010654462   0.0048420581
27  2   0.0011641714   0.0007779098  -0.0111075582   0.0050108406  -0.0387865175
27  3   0.0283531798  -0.0090625825  -0.0704240418   0.0296675831  -0.0835436796
27  4   0.0074626432  -0.0106952799   0.0123265693  -0.0052547410  -0.0040030135
27  5  -0.0004518399  -0.0023434488   0.0019931903  -0.0017826574   0.3755435991
27  6   0.1314288568   0.2827366154  -0.0572518362  -0.1313904076  -0.0683009088
27  7  -0.2125872833  -0.0410051007  -0.1370079336   0.0010082293   0.0006108647
27  8  -0.0004539031   0.0011103422  -0.0004043644  -0.0002108080   0.0006293297
27  9   0.0003394680  -0.0001376937   0.0003272479  -0.0001070624   0.0003622438
27 10  -0.0006841593   0.0006535516  -0.0010875307   0.0001058214  -0.0003808680
27 11   0.0008179343  -0.0002067700   0.0003614843  -0.0000715105  -0.0001480204
27 12  -0.0002422576   0.0004552888  -0.0004249861   0.0001638741  -0.0004585892
27 13   0.0004200906  -0.0003880900   0.0006713362  -0.0002856172  -0.0003480402
27 14   0.0007669045   0.0001984424   0.0002266795   0.0002821919   0.0000391853
27 15   0.0000114502  -0.0002981094   0.0000094697   0.0000074276  -0.0002169672
27 16  -0.0000161721   0.0000029883  -0.0000095176  -0.0001363990   0.0000438921
27 17  -0.0001358702
28  1  -0.0007191712   0.0014807721  -0.0006602411  -0.0006355690  -0.0005806129
28  2  -0.0006677934  -0.0000267115   0.0001078208   0.0007905732  -0.0014397840
28  3  -0.0011559169   0.0007339338   0.0104208232   0.0183918512   0.0125762067
28  4  -0.0015432238   0.0036289077  -0.0039395462   0.0020772907   0.0008223583
28  5   0.0002217234  -0.0002624023  -0.0006331791  -0.0005066586  -0.0730620039
28  6  -0.0723890482  -0.0572518362   0.0657489841   0.0750470895   0.0512792818
28  7  -0.0000209848  -0.0248004456  -0.0036632633  -0.0001414714   0.0000778898
28  8   0.0003584660  -0.0004360985   0.0000961733   0.0002365749  -0.0000029250
28  9  -0.0001825030  -0.0000226549   0.0000084313   0.0001730047   0.0000632942
28 10   0.0001272962  -0.0004047205  -0.0000028007   0.0002040399  -0.0001065044
28 11   0.0002519267  -0.0004153373   0.0000855821  -0.0002552348   0.0000924716
28 12   0.0000956667   0.0000731186   0.0001148725  -0.0000577837   0.0001021442
28 13  -0.0001537399   0.0002894843   0.0002573200   0.0002090991  -0.0001499358
28 14   0.0001054891  -0.0001803180   0.0001312830  -0.0001025188  -0.0000304940
28 15   0.0000570081  -0.0000039134   0.0000056406   0.0000259686   0.0000178393
28 16   0.0000032996  -0.0000091611   0.0000006239   0.0000579861  -0.0000410489
28 17   0.0000079457
29  1   0.0005527132   0.0016784593   0.0005437834  -0.0013545470   0.0005605682
29  2  -0.0008024748   0.0018615328  -0.0008866871   0.0012582886  -0.0056340307
29  3   0.0027992448  -0.0023074193  -0.0037970545  -0.0262083660  -0.0074950698
29  4   0.0033244425   0.0015101241   0.0011314385   0.0007265633  -0.0011468216
29  5  -0.0002444977  -0.0011134930  -0.0003229553  -0.0008640181  -0.0739851267
29  6  -0.3941546850  -0.1313904076   0.0750470895   0.4115826489   0.1351756969
29  7   0.0034351073   0.0046931496   0.0038679497  -0.0001417069   0.0001374722
29  8   0.0000898019   0.0001794176  -0.0001686063   0.0002463017   0.0001194696
29  9  -0.0001216406   0.0000559434   0.0006843575   0.0002040164   0.0005073781
29 10  -0.0016555945   0.0005553353  -0.0009254198   0.0008129096  -0.0006211856
29 11   0.0004432095  -0.0003828006   0.0004119938  -0.0001601269   0.0001311085
29 12  -0.0002070888   0.0000463114  -0.0002742507   0.0001078705  -0.0001310724
29 13   0.0012189740  -0.0001394019   0.0008635032   0.0002048142  -0.0004539103
29 14   0.0000342896   0.0000745048   0.0002276571   0.0000900532  -0.0000259791
29 15   0.0000099821  -0.0000149341  -0.0000036637  -0.0000041975  -0.0000002351
29 16   0.0000216879  -0.0000074381   0.0000143589  -0.0000264450  -0.0000355384
29 17  -0.0000326325
30  1  -0.0008396472   0.0012658908   0.0005160868  -0.0008478933  -0.0002685341
30  2  -0.0005316178   0.0012175859   0.0002003369  -0.0005180957  -0.0002692026
30  3   0.0005440308  -0.0031034684   0.0077674097   0.0065901211   0.0032546940
30  4  -0.0040169670   0.0013839724   0.0035547736   0.0002259169  -0.0000846334
30  5   0.0019952860  -0.0006274576  -0.0005445689  -0.0003051916  -0.0577486598
30  6  -0.1305059771  -0.0683009088   0.0512792818   0.1351756969   0.0685220782
30  7   0.0026047050  -0.0141093459  -0.0043726802   0.0003163115   0.0002435362
30  8  -0.0004365350   0.0002533180   0.0001998560  -0.0005851272   0.0000520305
30  9  -0.0001182871  -0.0000317729   0.0001952872   0.0001358144   0.0002569728
30 10  -0.0003197866  -0.0001430399  -0.0001627730   0.0004796146  -0.0001639091
30 11   0.0000966647  -0.0003925073   0.0001155993  -0.0001646076   0.0000975817
30 12  -0.0000274883   0.0001497205   0.0000196043  -0.0000429571   0.0000550371
30 13   0.0004934955   0.0002654370   0.0000169399   0.0002063126  -0.0002287400
30 14   0.0000859698  -0.0001139040   0.0001263522  -0.0000181483  -0.0000380314
30 15   0.0000351665  -0.0000172924   0.0000007680   0.0000109933  -0.0000013227
30 16   0.0000067573  -0.0000119518   0.0000114637  -0.0000019239  -0.0000433712
30 17   0.0000338547
31  1  -0.0004842712  -0.0002510563  -0.0003533532   0.0010585435  -0.0000138643
31  2   0.0007165628   0.0002368276   0.0003709432  -0.0024707737   0.0021707393
31  3   0.0024504454  -0.0001965929  -0.0159120813  -0.0035274197  -0.0068435543
31  4   0.0006099008  -0.0025569845   0.0014135082  -0.0015818678   0.0000082091
31  5  -0.0003570787   0.0001607296   0.0000465440   0.0007419730  -0.3191681405
31  6  -0.0382354898  -0.2125872833  -0.0000209848   0.0034351073   0.0026047050
31  7   0.3325666633   0.0378354579   0.2174231880   0.0005865328   0.0002470670
31  8  -0.0002097373   0.0001031629  -0.0000043753  -0.0000602439  -0.0001324183
31  9   0.0001944429   0.0000210027  -0.0000298025   0.0000943207  -0.0000111770
31 10   0.0000640365  -0.0002043854   0.0000095004   0.0000080075   0.0000757913
31 11   0.0000536266  -0.0001480756  -0.0000882136  -0.0000477369  -0.0000115872
31 12   0.0000807867   0.0000587338   0.0000495563  -0.0000454343   0.0000829137
31 13  -0.0000323625   0.0001469849  -0.0000271459  -0.0000205313   0.0000375981
31 14   0.0000834909  -0.0000764600  -0.0000752701  -0.0000769864  -0.0000223028
31 15   0.0000058074   0.0000125552  -0.0000032560   0.0000050423   0.0000194878
31 16  -0.0000007964  -0.0000046083  -0.0000005745   0.0000302381  -0.0000274463
31 17   0.0000009896
32  1  -0.0000021483  -0.0007362140  -0.0001345445  -0.0002475654  -0.0006265148
32  2  -0.0003240742   0.0007137898   0.0024897949   0.0000531678   0.0043484253
32  3  -0.0046310570   0.0010202516   0.0217214867   0.0103376388   0.0175296052
32  4   0.0008423011  -0.0002048806   0.0010609807  -0.0002920461   0.0001324467
32  5   0.0000745138   0.0003509279  -0.0005684230   0.0002267448  -0.0399662870
32  6  -0.0794298524  -0.0410051007  -0.0248004456   0.0046931496  -0.0141093459
32  7   0.0378354579   0.0697506969   0.0365453291  -0.0002166970  -0.0012177396
32  8  -0.0006148554  -0.0000389071   0.0000090816  -0.0000645739  -0.0001006698
32  9  -0.0000351538  -0.0000500837  -0.0000039666  -0.0000248818  -0.0000011973
32 10  -0.0000859484   0.0000930855  -0.0000214888  -0.0000696618   0.0000263397
32 11  -0.0000420204   0.0000705781   0.0000230737   0.0000089102  -0.0000167629
32 12  -0.0000065714  -0.0000565782  -0.0000476144   0.0000296703  -0.0000469718
32 13  -0.0000143991  -0.0001058392   0.0000248089  -0.0000122739   0.0000232629
32 14  -0.0000641377   0.0000354993  -0.0000275300   0.0000033001   0.0000059614
32 15  -0.0000060264   0.0000000873  -0.0000007934  -0.0000022678  -0.0000025099
32 16   0.0000002396   0.0000038845  -0.0000008958  -0.0000084801   0.0000108265
32 17  -0.0000093213
33  1  -0.0002135194  -0.0003574050  -0.0001585677   0.0006659721  -0.0001485752
33  2   0.0002338425  -0.0023471290  -0.0000991345   0.0026754701   0.0001889212
33  3  -0.0002141269   0.0034535111  -0.0013799267   0.0015236319  -0.0068380395
33  4   0.0020725677  -0.0011615368  -0.0013008055  -0.0004398603   0.0003034858
33  5  -0.0012050583   0.0008582377   0.0001080557  -0.0006071402  -0.2133515608
33  6  -0.0401701940  -0.1370079336  -0.0036632633   0.0038679497  -0.0043726802
33  7   0.2174231880   0.0365453291   0.1449090391  -0.0003121553  -0.0003222544
33  8   0.0007454079  -0.0000698800  -0.0000430674   0.0001410068  -0.0000313543
33  9   0.0001582862  -0.0000939966   0.0000418728   0.0000339760   0.0000618543
33 10   0.0000002192  -0.0001210256  -0.0000062269   0.0001012962   0.0000576781
33 11  -0.0000208859   0.0000269097  -0.0000331283  -0.0002270269   0.0001597145
33 12   0.0000634708  -0.0001260859   0.0001211175  -0.0000190947  -0.0001072266
33 13  -0.0000417559   0.0000363779   0.0002057536   0.0002142244   0.0000585662
33 14  -0.0002334402  -0.0000437055  -0.0000576399  -0.0000360748   0.0000040973
33 15   0.0000104526  -0.0000559300   0.0000174376   0.0000063597  -0.0000385279
33 16   0.0000070850  -0.0000036838  -0.0000072915  -0.0000087504  -0.0000227533
33 17   0.0000170529
34  1   0.0000243292   0.0000296778  -0.0000612894   0.0022552537   0.0043066239
34  2  -0.0028524198   0.0000228120  -0.0000880600  -0.0000390685   0.0021829435
34  3   0.0001653715  -0.0011349616  -0.0015503340   0.0022259697   0.0001362777
34  4  -0.2530283248  -0.0393404266  -0.1545538846  -0.0114726671  -0.0071369607
34  5  -0.0078560650   0.0000991417  -0.0000309997   0.0005384671   0.0001689166
34  6   0.0003321696   0.0010082293  -0.0001414714  -0.0001417069   0.0003163115
34  7   0.0005865328  -0.0002166970  -0.0003121553   0.2615774151   0.0409449680
34  8   0.1632950213  -0.0008283892  -0.0006489058   0.0024077545   0.0001589900
34  9  -0.0003087626  -0.0010130976   0.0000096892   0.0000041299  -0.0000285179
34 10   0.0000253508  -0.0000219891   0.0000056809  -0.0000118819   0.0000140325
34 11   0.0000318144  -0.0000179165  -0.0000469571   0.0000400445  -0.0000215799
34 12  -0.0000056706   0.0000296141   0.0000014677  -0.0000229330   0.0000399048
34 13   0.0000262755   0.0000224313  -0.0000725941  -0.0000530507  -0.0000063887
34 14   0.0000579132  -0.0000045963  -0.0000172185  -0.0000062973  -0.0000059434
34 15  -0.0000053753   0.0000152340  -0.0000038909  -0.0000041170   0.0000119932
34 16  -0.0000007469  -0.0000020303  -0.0000006620   0.0000016750  -0.0000001753
34 17  -0.0000032476
35  1  -0.0000516829   0.0003942766   0.0000322013   0.0049026791  -0.0033396075
35  2   0.0005318516   0.0007118295  -0.0031186495  -0.0002602958  -0.0015584704
35  3  -0.0057763999  -0.0031492666  -0.0236637520   0.0014315635  -0.0144350517
35  4  -0.0411378658  -0.0648128715  -0.0335578431   0.0193609236   0.0086055644
35  5   0.0145648237   0.0000570766   0.0010546256   0.0003526420  -0.0001430573
35  6   0.0015817705   0.0006108647   0.0000778898   0.0001374722   0.0002435362
35  7   0.0002470670  -0.0012177396  -0.0003222544   0.0409449680   0.0638702050
35  8   0.0343831344  -0.0007893862   0.0005865719   0.0006713892   0.0009756667
35  9   0.0006556094   0.0004014157  -0.0000087784  -0.0000295834  -0.0000067660
35 10  -0.0000769111   0.0000823462  -0.0000250204   0.0000341787  -0.0000600995
35 11   0.0000123099   0.0001253229  -0.0000505604   0.0000359512  -0.0000081632
35 12   0.0000169262  -0.0000326519  -0.0000038795   0.0000102944  -0.0000191713
35 13  -0.0000020402  -0.0000658606   0.0000162332  -0.0000217282   0.0000919636
35 14  -0.0000377027   0.0000195984  -0.0000445113  -0.0000056916   0.0000108971
35 15  -0.0000076853   0.0000022517  -0.0000004280  -0.0000009555  -0.0000019881
35 16   0.0000015400   0.0000029556   0.0000006868  -0.0000034941   0.0000023788
35 17  -0.0000055881
36  1  -0.0000361857   0.0000249343   0.0001474300  -0.0027021099   0.0001851480
36  2   0.0064997636   0.0001718419  -0.0007318186  -0.0000568762  -0.0015294885
36  3  -0.0020858644   0.0026062923  -0.0055775045   0.0019359851  -0.0040383997
36  4  -0.1551969747  -0.0324532905  -0.1265604728  -0.0020093219  -0.0022316355
36  5  -0.0033681833   0.0005804242   0.0003659421  -0.0004099446   0.0008595919
36  6   0.0008285771  -0.0004539031   0.0003584660   0.0000898019  -0.0004365350
36  7  -0.0002097373  -0.0006148554   0.0007454079   0.1632950213   0.0343831344
36  8   0.1277041626   0.0023471643   0.0007916212  -0.0031587692  -0.0007211426
36  9  -0.0004080256   0.0010899449   0.0000053154  -0.0000258695   0.0000543666
36 10  -0.0000353422  -0.0000109837   0.0000187323   0.0000787774   0.0000017728
36 11  -0.0000363490   0.0000942110  -0.0000269282  -0.0001053694   0.0000887502
36 12   0.0000152348  -0.0001031718   0.0000563651  -0.0000110635  -0.0000670001
36 13  -0.0000655377  -0.0000472042   0.0001866219   0.0001282284   0.0000506785
36 14  -0.0001963041   0.0000067740  -0.0000209727  -0.0000052767   0.0000115853
36 15   0.0000008681  -0.0000333196   0.0000114972   0.0000006196  -0.0000266355
36 16   0.0000021562  -0.0000017870  -0.0000050248  -0.0000128246  -0.0000040190
36 17   0.0000088127
37  1  -0.0001612997   0.0000767974   0.0000993175  -0.0037675552  -0.0308616355
37  2  -0.0115655972  -0.0016030150   0.0037444342  -0.0035203946  -0.0000436402
37  3  -0.0003211825   0.0007515568  -0.0004643210   0.0042110879  -0.0060090262
37  4   0.0087909401   0.0183816588   0.0051411175  -0.0600973548  -0.0304139855
37  5  -0.0165094995  -0.0012482550  -0.0017871476  -0.0009570969   0.0006691737
37  6   0.0007323808   0.0011103422  -0.0004360985   0.0001794176   0.0002533180
37  7   0.0001031629  -0.0000389071  -0.0000698800  -0.0008283892  -0.0007893862
37  8   0.0023471643   0.0588185776   0.0375993033   0.0275632595   0.0000717516
37  9  -0.0007420409   0.0014610104   0.0000494797   0.0000025389  -0.0000090912
37 10  -0.0000076361   0.0000196082  -0.0000315955   0.0000620574  -0.0000261213
37 11  -0.0000303701  -0.0000404074   0.0000451658  -0.0000210558   0.0000230855
37 12  -0.0000313195   0.0000007251   0.0000041247   0.0000058688  -0.0000205152
37 13   0.0000522622   0.0000140155  -0.0000110012   0.0000061614  -0.0000626251
37 14  -0.0000025712   0.0000473426   0.0000770891   0.0000457230   0.0000027191
37 15  -0.0000139279  -0.0000023415   0.0000022186  -0.0000023534  -0.0000036654
37 16   0.0000028513  -0.0000019281  -0.0000037419  -0.0000079364   0.0000031943
37 17  -0.0000060910
38  1  -0.0000804756  -0.0000902152  -0.0000049780   0.0003630063   0.0002552229
38  2  -0.0005297521   0.0006557604   0.0029486528  -0.0000639465   0.0005574070
38  3   0.0003656017   0.0007327722   0.0036449150  -0.0020730015  -0.0004444047
38  4  -0.0051600835  -0.0114275831  -0.0073599176  -0.0358856585  -0.3408657052
38  5  -0.0872448089   0.0000876766  -0.0002394401   0.0001006200  -0.0007294827
38  6  -0.0005081126  -0.0004043644   0.0000961733  -0.0001686063   0.0001998560
38  7  -0.0000043753   0.0000090816  -0.0000430674  -0.0006489058   0.0005865719
38  8   0.0007916212   0.0375993033   0.3505967498   0.0940654492  -0.0004118571
38  9   0.0005002359   0.0004116952  -0.0000025027   0.0000248981  -0.0000280196
38 10  -0.0000171456  -0.0000115928  -0.0000460997   0.0000148788   0.0000057504
38 11  -0.0000144477  -0.0000436104   0.0000237494  -0.0000343716  -0.0000102649
38 12   0.0000226824  -0.0000070278  -0.0000128022   0.0000198920  -0.0000368647
38 13  -0.0000008766   0.0000063542  -0.0000381309   0.0000026561   0.0000052416
38 14   0.0000183515  -0.0000125152   0.0000045260  -0.0000089122  -0.0000032131
38 15   0.0000054046  -0.0000018978  -0.0000005193   0.0000045829  -0.0000017569
38 16   0.0000007841   0.0000014872  -0.0000015735   0.0000017275  -0.0000024286
38 17  -0.0000060232
39  1   0.0000816693   0.0001749754  -0.0003406608  -0.0048154401  -0.0204249639
39  2  -0.0036147709  -0.0042283455   0.0018781695   0.0030027028   0.0009463079
39  3   0.0001731928  -0.0006839213  -0.0061651517  -0.0000636341   0.0065315302
39  4  -0.0000442928   0.0075947735   0.0088030889  -0.0176553285  -0.0839748362
39  5  -0.0713696092  -0.0005735456  -0.0011142082  -0.0009019438   0.0008051312
39  6   0.0005458029  -0.0002108080   0.0002365749   0.0002463017  -0.0005851272
39  7  -0.0000602439  -0.0000645739   0.0001410068   0.0024077545   0.0006713892
39  8  -0.0031587692   0.0275632595   0.0940654492   0.0638654684   0.0015566498
39  9   0.0001957494  -0.0014848282   0.0000091367   0.0000161078  -0.0000206815
39 10  -0.0000225078   0.0000123602  -0.0000053813  -0.0000177068  -0.0000198420
39 11   0.0000414178  -0.0000372218   0.0000373000  -0.0000044120   0.0000001858
39 12  -0.0000004941  -0.0000230201  -0.0000091845   0.0000128762   0.0000013736
39 13   0.0000148965   0.0000177557  -0.0000141301  -0.0000062328  -0.0000193342
39 14  -0.0000196968   0.0000244259   0.0000487311   0.0000371664  -0.0000024490
39 15  -0.0000084515   0.0000050787  -0.0000022981  -0.0000006135   0.0000049490
39 16  -0.0000034745  -0.0000010984  -0.0000013840  -0.0000025686   0.0000011155
39 17   0.0000053619
40  1   0.0000719575  -0.0000446542   0.0001601877  -0.1937447946   0.1828610897
40  2  -0.0771181768   0.0113878395  -0.0056122866   0.0065093042   0.0010947823
40  3  -0.0029601844  -0.0025789177  -0.0002790544   0.0011792756   0.0001629843
40  4  -0.0004762524  -0.0043988158  -0.0044898261  -0.0156194663   0.0202191422
40  5  -0.0018877296  -0.0035865252   0.0004247335  -0.0002927208   0.0005782416
40  6  -0.0011686124   0.0006293297  -0.0000029250   0.0001194696   0.0000520305
40  7  -0.0001324183  -0.0001006698  -0.0000313543   0.0001589900   0.0009756667
40  8  -0.0007211426   0.0000717516  -0.0004118571   0.0015566498   0.2009255270
40  9  -0.1911829696   0.0783385140  -0.0001979394  -0.0000565437  -0.0000671900
40 10   0.0000494016   0.0000572402   0.0000823700  -0.0002123908   0.0000917394
40 11  -0.0000758578   0.0002129354  -0.0001412498   0.0000243423  -0.0000502468
40 12   0.0000707320  -0.0000803575  -0.0000468222   0.0000206938  -0.0000443236
40 13  -0.0002533065  -0.0001353300   0.0000094405  -0.0000962278   0.0002333665
40 14  -0.0000982992   0.0001298832  -0.0000006695   0.0000351915   0.0000468947
40 15  -0.0000465990  -0.0000333980   0.0000024490  -0.0000035370  -0.0000257243
40 16  -0.0000081143   0.0000037222  -0.0000078235  -0.0000241692   0.0000071075
40 17  -0.0000075026
41  1   0.0002590828  -0.0006203444   0.0002395581   0.1824240996  -0.2702576530
41  2   0.0554598418   0.0230349508  -0.0189886806   0.0105431840  -0.0005491056
41  3  -0.0057114472  -0.0024748816  -0.0023568955  -0.0039696468  -0.0022695726
41  4  -0.0033533068   0.0036611875  -0.0024056642  -0.0063907093   0.0118556892
41  5  -0.0002188503   0.0001135698   0.0042428439   0.0015186281  -0.0005586674
41  6   0.0016161162   0.0003394680  -0.0001825030  -0.0001216406  -0.0001182871
41  7   0.0001944429  -0.0000351538   0.0001582862  -0.0003087626   0.0006556094
41  8  -0.0004080256  -0.0007420409   0.0005002359   0.0001957494  -0.1911829696
41  9   0.2770870371  -0.0603270444  -0.0001054022   0.0000698094   0.0000512325
41 10  -0.0000812434  -0.0001359211   0.0000014715  -0.0000293147   0.0001713763
41 11   0.0000386385   0.0000003472  -0.0001190558  -0.0001216867   0.0000139089
41 12   0.0001330342  -0.0000526976  -0.0000181305  -0.0000000058  -0.0000251048
41 13  -0.0001292454  -0.0000216037   0.0001635589   0.0000908384   0.0001814435
41 14  -0.0000815269  -0.0001191199  -0.0002232200  -0.0001525053  -0.0000164996
41 15   0.0000403093  -0.0000364359   0.0000036208   0.0000096694  -0.0000161812
41 16  -0.0000060826   0.0000008168  -0.0000044503  -0.0000048624  -0.0000208053
41 17   0.0000032973
42  1   0.0002237676  -0.0001034767   0.0001953734  -0.0772896728   0.0559879145
42  2  -0.0508586250   0.0128253664  -0.0075442525   0.0055155718  -0.0020596539
42  3  -0.0039896646   0.0019734044  -0.0006763840  -0.0000941147  -0.0004871264
42  4  -0.0043017441  -0.0030544980   0.0017606227  -0.0078097251   0.0166994119
42  5  -0.0069801957  -0.0002859166   0.0018730400  -0.0029821497   0.0006644601
42  6  -0.0001759889  -0.0001376937  -0.0000226549   0.0000559434  -0.0000317729
42  7   0.0000210027  -0.0000500837  -0.0000939966  -0.0010130976   0.0004014157
42  8   0.0010899449   0.0014610104   0.0004116952  -0.0014848282   0.0783385140
42  9  -0.0603270444   0.0525046614  -0.0000870673  -0.0000291828  -0.0000582772
42 10   0.0000754146  -0.0000019593   0.0001227153  -0.0000929649   0.0000989368
42 11  -0.0001014352   0.0001489989  -0.0001626661   0.0000910832  -0.0000275522
42 12   0.0000317633  -0.0000371974   0.0000231500  -0.0000248582   0.0000512921
42 13  -0.0000747984  -0.0000461710  -0.0000742342  -0.0000329716   0.0001627674
42 14  -0.0001155673   0.0000156611  -0.0000662109   0.0000573419  -0.0000078404
42 15  -0.0000402675   0.0000483239  -0.0000076989  -0.0000095305   0.0000177513
42 16  -0.0000059499  -0.0000014446  -0.0000006139  -0.0000016534  -0.0000014739
42 17   0.0000156271
43  1  -0.0021448277   0.0033134036  -0.0019213939   0.0008736923   0.0004457059
43  2   0.0003898328  -0.0018551812   0.0000142051  -0.0011409508   0.0014309866
43  3  -0.0009563211   0.0008424889  -0.0010853344   0.0007401651  -0.0002917009
43  4   0.0003456645  -0.0002414648   0.0000869597  -0.0006154187  -0.0000066587
43  5  -0.0002752824   0.0014436012   0.0001051112   0.0007115266   0.0007383887
43  6  -0.0006387123   0.0003272479   0.0000084313   0.0006843575   0.0001952872
43  7  -0.0000298025  -0.0000039666   0.0000418728   0.0000096892  -0.0000087784
43  8   0.0000053154   0.0000494797  -0.0000025027   0.0000091367  -0.0001979394
43  9  -0.0001054022  -0.0000870673   0.5923970618  -0.1581741946   0.3045882905
43 10  -0.1248756957   0.0042106460  -0.0404827473   0.0371321478  -0.0066100779
43 11   0.0158542920  -0.0359576234  -0.0296401704  -0.0268493471  -0.0237837393
43 12   0.0543241362  -0.0103816138  -0.2806962153   0.0136753878  -0.1481901423
43 13  -0.0395853112  -0.0515692788  -0.0493548107   0.0025054039   0.0103432072
43 14   0.0039892441  -0.0013884750  -0.0011671050  -0.0012227318   0.0009492629
43 15  -0.0007690525   0.0004780024   0.0039246265   0.0033514431  -0.0019263130
43 16  -0.0113916528   0.0044539713  -0.0089707385  -0.1182012197   0.1542319461
43 17  -0.0364246574
44  1   0.0017062675   0.0013468774   0.0008792461  -0.0000141018  -0.0003872684
44  2  -0.0000361739   0.0002754639   0.0006743238   0.0002803548  -0.0006480932
44  3  -0.0000389342  -0.0003083561   0.0005850261   0.0000047820   0.0003278451
44  4  -0.0000828643  -0.0002266695  -0.0000635757  -0.0000148050  -0.0000071205
44  5  -0.0000351299  -0.0001847547  -0.0006925035  -0.0002021609  -0.0002163336
44  6   0.0000400708  -0.0001070624   0.0001730047   0.0002040164   0.0001358144
44  7   0.0000943207  -0.0000248818   0.0000339760   0.0000041299  -0.0000295834
44  8  -0.0000258695   0.0000025389   0.0000248981   0.0000161078  -0.0000565437
44  9   0.0000698094  -0.0000291828  -0.1581741946   0.7787597757   0.0556546598
44 10  -0.0391728959  -0.2110923776  -0.0583862576   0.0044919019  -0.0562138723
44 11  -0.0115758211  -0.0176442554  -0.0019325964  -0.0106495784   0.0385575301
44 12   0.0057578887   0.0234228270   0.0526042177  -0.1466398901   0.0105564324
44 13  -0.0195871926   0.0101174608  -0.0147329705   0.0068023546  -0.0059169822
44 14   0.0031302363  -0.0000024542   0.0010117487   0.0002356836  -0.0004585134
44 15  -0.0003542429  -0.0003522253   0.0028304338  -0.0051923241  -0.0010945434
44 16  -0.0266787732   0.0092854140  -0.0158789224   0.1548085860  -0.3785478189
44 17   0.0188046465
45  1  -0.0024570535   0.0018816319   0.0012233397   0.0004488017   0.0001000326
45  2  -0.0000688457  -0.0010137707   0.0003040167  -0.0007283316   0.0009024691
45  3  -0.0006070885   0.0000455963  -0.0004916809   0.0006450927  -0.0000028250
45  4  -0.0000327546  -0.0003245002   0.0000166417  -0.0002982599   0.0002122959
45  5  -0.0002756065   0.0010058499  -0.0000555808   0.0000075990   0.0000781373
45  6  -0.0005053471   0.0003622438   0.0000632942   0.0005073781   0.0002569728
45  7  -0.0000111770  -0.0000011973   0.0000618543  -0.0000285179  -0.0000067660
45  8   0.0000543666  -0.0000090912  -0.0000280196  -0.0000206815  -0.0000671900
45  9   0.0000512325  -0.0000582772   0.3045882905   0.0556546598   0.2689274682
45 10  -0.0502809168  -0.0307527125  -0.0973784354   0.0182455385  -0.0186653831
45 11   0.0178523518  -0.0240313075  -0.0182695747  -0.0240011609  -0.0133730214
45 12   0.0332293175   0.0093459524  -0.1397614171  -0.0141675742  -0.1306362658
45 13  -0.0426417211  -0.0351291147  -0.0137853515   0.0037339540   0.0052796713
45 14   0.0026409225  -0.0009393502  -0.0005337464  -0.0007150196   0.0005166592
45 15  -0.0005560475   0.0000857551  -0.0020943768  -0.0007683035   0.0065844816
45 16  -0.0156871496   0.0039914067  -0.0050753461  -0.0363642382   0.0185142206
45 17  -0.0347193987
46  1   0.0133001866  -0.0118513088   0.0051374883  -0.0012999689  -0.0004772446
46  2  -0.0008895994   0.0027878150   0.0001941053   0.0019241862  -0.0040080515
46  3   0.0023242555  -0.0021775972   0.0026324533  -0.0023963839   0.0010929278
46  4  -0.0004045910   0.0007578368  -0.0001647147   0.0006816318  -0.0002305125
46  5   0.0004756304  -0.0020072523  -0.0002060345  -0.0011442550  -0.0014672790
46  6   0.0019437399  -0.0006841593   0.0001272962  -0.0016555945  -0.0003197866
46  7   0.0000640365  -0.0000859484   0.0000002192   0.0000253508  -0.0000769111
46  8  -0.0000353422  -0.0000076361  -0.0000171456  -0.0000225078   0.0000494016
46  9  -0.0000812434   0.0000754146  -0.1248756957  -0.0391728959  -0.0502809168
46 10   0.7807794471  -0.0816239697   0.3502444313  -0.1202234107   0.0475844068
46 11  -0.0293419350  -0.0302253876   0.0345437327  -0.0018382902   0.0008065058
46 12  -0.0028617197   0.0026652322  -0.0205153490  -0.0220143668  -0.0165806632
46 13  -0.5149677114   0.0660418427  -0.2637233279   0.0036861929  -0.0092221093
46 14  -0.0035129249   0.0007376557   0.0016840377   0.0016422903   0.0005589819
46 15   0.0014110039  -0.0019536119   0.0000164383  -0.0001172074   0.0000428140
46 16  -0.0004414723   0.0020073295  -0.0032142597   0.0141904121   0.0135983055
46 17   0.0125832574
47  1  -0.0050014973  -0.0149340951  -0.0066291836   0.0004739707   0.0009735837
47  2   0.0004627351  -0.0010847036  -0.0008813386  -0.0009608923   0.0010405464
47  3  -0.0008252690   0.0004766808  -0.0022926515   0.0008632734  -0.0012577548
47  4   0.0002583156   0.0000822759   0.0002571911  -0.0002822075   0.0001818249
47  5  -0.0001767471   0.0009094452   0.0009294418   0.0006932866   0.0010899386
47  6  -0.0009034173   0.0006535516  -0.0004047205   0.0005553353  -0.0001430399
47  7  -0.0002043854   0.0000930855  -0.0001210256  -0.0000219891   0.0000823462
47  8  -0.0000109837   0.0000196082  -0.0000115928   0.0000123602   0.0000572402
47  9  -0.0001359211  -0.0000019593   0.0042106460  -0.2110923776  -0.0307527125
47 10  -0.0816239697   0.5655651465   0.0281153613   0.0503311208  -0.2395958911
47 11  -0.0067163214   0.0657119413   0.0227878172   0.0500895129   0.0020228840
47 12  -0.0488628943  -0.0085025728  -0.0669287138   0.0415048900  -0.0330486346
47 13   0.0581882073  -0.1021323144   0.0306916315  -0.0162643359   0.0069240892
47 14  -0.0103858497  -0.0005295650  -0.0016616094  -0.0004277708   0.0010805124
47 15   0.0020807218   0.0002397156  -0.0008526770  -0.0028347083  -0.0011744017
47 16   0.0052365983   0.0011535207   0.0024528388  -0.0151395585  -0.0199059234
47 17  -0.0138350158
48  1   0.0069106562  -0.0110329557   0.0026689205  -0.0009222168  -0.0003067809
48  2  -0.0002556923   0.0015020495   0.0000040734   0.0013969135  -0.0023923279
48  3   0.0011672093  -0.0012703032   0.0014162514  -0.0012135719   0.0003767185
48  4  -0.0000570974   0.0003687848  -0.0003838897   0.0004987133  -0.0000049957
48  5   0.0004182132  -0.0013685297  -0.0000560571  -0.0001198577  -0.0003260208
48  6   0.0010189378  -0.0010875307  -0.0000028007  -0.0009254198  -0.0001627730
48  7   0.0000095004  -0.0000214888  -0.0000062269   0.0000056809  -0.0000250204
48  8   0.0000187323  -0.0000315955  -0.0000460997  -0.0000053813   0.0000823700
48  9   0.0000014715   0.0001227153  -0.0404827473  -0.0583862576  -0.0973784354
48 10   0.3502444313   0.0281153613   0.4222537140  -0.0286080496  -0.0084735530
48 11  -0.0817837353   0.0044946524   0.0303715662  -0.0054418777   0.0034885190
48 12  -0.0115738977  -0.0038521842  -0.0266789611  -0.0044324619  -0.0198583147
48 13  -0.2648198480   0.0356534589  -0.2284701124  -0.0054791841  -0.0058360668
48 14   0.0025776806   0.0011108682   0.0009870407  -0.0002906966  -0.0021447847
48 15   0.0004390830   0.0029604118  -0.0002174775  -0.0006945636  -0.0002706581
48 16  -0.0025081174   0.0003811137   0.0037978873   0.0062760657   0.0045210900
48 17   0.0040457624
49  1  -0.0345170809  -0.0308500250  -0.0195244554   0.0012457814   0.0003624723
49  2   0.0009593384  -0.0036087531  -0.0000347069  -0.0023372807   0.0068865649
49  3   0.0009456419   0.0015391372  -0.0011222297   0.0015346696  -0.0004400185
49  4   0.0004982643  -0.0005341323   0.0003870260  -0.0006749467  -0.0000121288
49  5  -0.0004381185   0.0027294433   0.0004642739   0.0011163616   0.0008672180
49  6  -0.0008537660   0.0001058214   0.0002040399   0.0008129096   0.0004796146
49  7   0.0000080075  -0.0000696618   0.0001012962  -0.0000118819   0.0000341787
49  8   0.0000787774   0.0000620574   0.0000148788  -0.0000177068  -0.0002123908
49  9  -0.0000293147  -0.0000929649   0.0371321478   0.0044919019   0.0182455385
49 10  -0.1202234107   0.0503311208  -0.0286080496   0.5307143532  -0.1318287758
49 11   0.2665451677  -0.2919140426   0.0235480642  -0.1437687734  -0.0214248148
49 12  -0.0268703420  -0.0290159279  -0.0281289438   0.0157997525  -0.0135074749
49 13  -0.0395621393   0.0644384302  -0.0225703600  -0.0400619784   0.0347913145
49 14  -0.0240117632  -0.0031916793  -0.0048371978  -0.0011565620   0.0033867686
49 15   0.0024611546   0.0005031259   0.0012124203  -0.0031295958  -0.0024702315
49 16   0.0001356429   0.0004965555   0.0010271655  -0.0004284174  -0.0014776724
49 17  -0.0031286831
50  1  -0.0258725549  -0.0742275602  -0.0295817097  -0.0014661133  -0.0006231712
50  2  -0.0008934168   0.0043338651   0.0006780901   0.0028801577  -0.0055871060
50  3   0.0062527257  -0.0032028950   0.0016927115  -0.0023200563   0.0004428155
50  4  -0.0005758900   0.0004483208  -0.0001728773   0.0006261936  -0.0001733585
50  5   0.0003243736  -0.0020057185  -0.0020222848  -0.0017951903  -0.0007575586
50  6   0.0010957853  -0.0003808680  -0.0001065044  -0.0006211856  -0.0001639091
50  7   0.0000757913   0.0000263397   0.0000576781   0.0000140325  -0.0000600995
50  8   0.0000017728  -0.0000261213   0.0000057504  -0.0000198420   0.0000917394
50  9   0.0001713763   0.0000989368  -0.0066100779  -0.0562138723  -0.0186653831
50 10   0.0475844068  -0.2395958911  -0.0084735530  -0.1318287758   0.5227187079
50 11   0.0152756483   0.0191033774  -0.1397881401  -0.0063645558  -0.0224514100
50 12   0.0324311726  -0.0103415346   0.0254167064  -0.0144705260   0.0133725507
50 13   0.0423093741  -0.0137884524   0.0197335668   0.0608476980  -0.0107536391
50 14   0.0344252884   0.0003785015   0.0043028589   0.0018695805   0.0005583125
50 15  -0.0059258254  -0.0016675504  -0.0014394546  -0.0041177505  -0.0027155528
50 16  -0.0004029392   0.0002279213   0.0000777208  -0.0039024854  -0.0036572361
50 17  -0.0041212521
51  1  -0.0186282545  -0.0328028799  -0.0328310452   0.0007652009   0.0002306168
51  2  -0.0001898189  -0.0013409845   0.0001297513  -0.0009769956   0.0001102286
51  3   0.0009711219   0.0050633115  -0.0006248689   0.0004099808   0.0002065144
51  4   0.0002579328  -0.0001544850  -0.0000157757  -0.0003475614  -0.0000209959
51  5  -0.0002338774   0.0009731027  -0.0002451142   0.0008450970  -0.0001746841
51  6  -0.0004208101   0.0008179343   0.0002519267   0.0004432095   0.0000966647
51  7   0.0000536266  -0.0000420204  -0.0000208859   0.0000318144   0.0000123099
51  8  -0.0000363490  -0.0000303701  -0.0000144477   0.0000414178  -0.0000758578
51  9   0.0000386385  -0.0001014352   0.0158542920  -0.0115758211   0.0178523518
51 10  -0.0293419350  -0.0067163214  -0.0817837353   0.2665451677   0.0152756483
51 11   0.2385478672  -0.1445802563  -0.0034348983  -0.1454730929  -0.0277582531
51 12  -0.0132907001  -0.0062190241  -0.0113835798   0.0072318352  -0.0072388879
51 13  -0.0279322735   0.0340155888   0.0084069740  -0.0178254122   0.0176203255
51 14   0.0010430156  -0.0000040025  -0.0014624073  -0.0034311051   0.0001194064
51 15  -0.0004762774   0.0033624950  -0.0020905487  -0.0037790571   0.0018060722
51 16   0.0008397531   0.0006538841  -0.0006196927  -0.0036636097  -0.0025966746
51 17   0.0010820055
52  1  -0.0059520398  -0.0089535806  -0.0059675410  -0.0015881237  -0.0004975042
52  2  -0.0010507224   0.0047037404  -0.0016605574   0.0029008071  -0.0011782780
52  3   0.0010754568  -0.0008981209  -0.0007351455  -0.0002254754  -0.0004870161
52  4  -0.0001368273   0.0006664842  -0.0000940329   0.0008452939   0.0000195967
52  5   0.0007524639  -0.0040671139   0.0004318392  -0.0023704121   0.0001873018
52  6   0.0002916109  -0.0002067700  -0.0004153373  -0.0003828006  -0.0003925073
52  7  -0.0001480756   0.0000705781   0.0000269097  -0.0000179165   0.0001253229
52  8   0.0000942110  -0.0000404074  -0.0000436104  -0.0000372218   0.0002129354
52  9   0.0000003472   0.0001489989  -0.0359576234  -0.0176442554  -0.0240313075
52 10  -0.0302253876   0.0657119413   0.0044946524  -0.2919140426   0.0191033774
52 11  -0.1445802563   0.5980760419  -0.1006671775   0.2446087626  -0.1396151035
52 12  -0.0398623977  -0.0527993167   0.0493687521  -0.0115165187   0.0275474220
52 13   0.0099966827  -0.0104512213  -0.0009340104  -0.1473563729   0.1092504220
52 14  -0.0434231511   0.0131416122  -0.0122460061   0.0081333414  -0.0105741110
52 15   0.0278060771   0.0032771835  -0.0068170824  -0.0209856187  -0.0082731239
52 16   0.0009283841   0.0037646542  -0.0052475384  -0.0007217562  -0.0031809840
52 17  -0.0011917037
53  1  -0.0059488810   0.0065645767  -0.0022374437   0.0020278475   0.0012930413
53  2   0.0015357529  -0.0066012094   0.0007513152  -0.0040962298   0.0032129159
53  3  -0.0020044254   0.0015296283  -0.0007230318   0.0006965652  -0.0003384641
53  4   0.0004033032  -0.0005588069   0.0001787288  -0.0010476674   0.0001011920
53  5  -0.0007181855   0.0050024923  -0.0000391900   0.0030858086   0.0006638530
53  6  -0.0007993131   0.0003614843   0.0000855821   0.0004119938   0.0001155993
53  7  -0.0000882136   0.0000230737  -0.0000331283  -0.0000469571  -0.0000505604
53  8  -0.0000269282   0.0000451658   0.0000237494   0.0000373000  -0.0001412498
53  9  -0.0001190558  -0.0001626661  -0.0296401704  -0.0019325964  -0.0182695747
53 10   0.0345437327   0.0227878172   0.0303715662   0.0235480642  -0.1397881401
53 11  -0.0034348983  -0.1006671775   0.7999998939   0.0706212469  -0.0710647479
53 12  -0.2037590910  -0.0748870222   0.0140794716  -0.0567282458  -0.0039489238
53 13   0.0038804791  -0.0092909600  -0.0011170094   0.1105037702  -0.3931755724
53 14  -0.0049576206   0.0067143183  -0.0260734556  -0.0006072348   0.0016802323
53 15   0.0011231618   0.0027417537   0.0048660058   0.0075438126   0.0050007509
53 16   0.0042391375  -0.0039311616  -0.0004182677   0.0004729345  -0.0030696185
53 17  -0.0003260226
54  1  -0.0050292914  -0.0042707071  -0.0044444010  -0.0005671720   0.0000372493
54  2   0.0000246738   0.0015222339  -0.0010671058   0.0007712678  -0.0002822334
54  3   0.0002431960   0.0003840368  -0.0005682942  -0.0001408491  -0.0006801753
54  4   0.0000916644   0.0003825425   0.0000881734   0.0003734659  -0.0001344798
54  5   0.0001451359  -0.0015721072   0.0003263720  -0.0002844399   0.0004006108
54  6   0.0000931364  -0.0000715105  -0.0002552348  -0.0001601269  -0.0001646076
54  7  -0.0000477369   0.0000089102  -0.0002270269   0.0000400445   0.0000359512
54  8  -0.0001053694  -0.0000210558  -0.0000343716  -0.0000044120   0.0000243423
54  9  -0.0001216867   0.0000910832  -0.0268493471  -0.0106495784  -0.0240011609
54 10  -0.0018382902   0.0500895129  -0.0054418777  -0.1437687734  -0.0063645558
54 11  -0.1454730929   0.2446087626   0.0706212469   0.3494770719  -0.0599925010
54 12  -0.0548107459  -0.1192997613   0.0332840699  -0.0202059424   0.0191048484
54 13   0.0023294132  -0.0103105652   0.0061437781  -0.0438696957  -0.0052875745
54 14  -0.0748737181   0.0122515386  -0.0127427618   0.0013775499  -0.0023016524
54 15   0.0193266204  -0.0035496411  -0.0025455925  -0.0114364888  -0.0051778865
54 16  -0.0051237013  -0.0007294097   0.0069823498  -0.0002934669  -0.0026977880
54 17  -0.0007908879
55  1   0.0005625448   0.0020248134  -0.0007306945   0.0003115238  -0.0000524289
55  2  -0.0000968497  -0.0004691553   0.0003059255  -0.0000114771   0.0002940098
55  3  -0.0001999900   0.0002106377   0.0000335333   0.0001612513   0.0002187173
55  4   0.0001444601  -0.0001868914  -0.0001183036  -0.0001034996   0.0000498873
55  5   0.0000684057   0.0004859757  -0.0001575237  -0.0000281792   0.0001170718
55  6  -0.0001576266  -0.0001480204   0.0000924716   0.0001311085   0.0000975817
55  7  -0.0000115872  -0.0000167629   0.0001597145  -0.0000215799  -0.0000081632
55  8   0.0000887502   0.0000230855  -0.0000102649   0.0000001858  -0.0000502468
55  9   0.0000139089  -0.0000275522  -0.0237837393   0.0385575301  -0.0133730214
55 10   0.0008065058   0.0020228840   0.0034885190  -0.0214248148  -0.0224514100
55 11  -0.0277582531  -0.1396151035  -0.0710647479  -0.0599925010   0.5983297521
55 12  -0.1369105924   0.2896001198  -0.1649894619   0.1519509413  -0.0394475907
55 13  -0.0031261815  -0.0001008082  -0.0009280125   0.0162204510   0.0131188924
55 14   0.0066943407  -0.0002376028   0.0038004134  -0.0030191620   0.0002834171
55 15   0.0004651315   0.0018187474  -0.2724121200   0.0311565749  -0.1517318607
55 16   0.0108414503  -0.0112277655   0.0000292633  -0.0023011601  -0.0012142866
55 17  -0.0050635051
56  1   0.0016188865  -0.0006249285   0.0002779835  -0.0007105877  -0.0007050134
56  2  -0.0005131734   0.0020196236   0.0001520728   0.0013038838  -0.0011398950
56  3   0.0006207722  -0.0004630215   0.0009404094  -0.0002984519   0.0004533779
56  4  -0.0002406292  -0.0000158937  -0.0000931251   0.0003646028  -0.0000143314
56  5   0.0002026217  -0.0016870037  -0.0004234772  -0.0011196472  -0.0005853722
56  6   0.0004410275  -0.0002422576   0.0000956667  -0.0002070888  -0.0000274883
56  7   0.0000807867  -0.0000065714   0.0000634708  -0.0000056706   0.0000169262
56  8   0.0000152348  -0.0000313195   0.0000226824  -0.0000004941   0.0000707320
56  9   0.0001330342   0.0000317633   0.0543241362   0.0057578887   0.0332293175
56 10  -0.0028617197  -0.0488628943  -0.0115738977  -0.0268703420   0.0324311726
56 11  -0.0132907001  -0.0398623977  -0.2037590910  -0.0548107459  -0.1369105924
56 12   0.7348869739   0.0510712939   0.1220881741  -0.4059688636   0.0017576899
56 13  -0.0031528646   0.0109145610   0.0006184700  -0.0123788725  -0.0579466870
56 14  -0.0228180763   0.0048484565  -0.0000090946   0.0018762014  -0.0029056782
56 15   0.0003001490  -0.0012638120   0.0328412102  -0.0598136534   0.0130745520
56 16   0.0123289014  -0.0128378924   0.0035196814  -0.0022786412   0.0058166721
56 17  -0.0012791028
57  1  -0.0011096341   0.0006577561   0.0023520084   0.0000793814   0.0000007021
57  2  -0.0001509032   0.0002419313   0.0001300077  -0.0003378993   0.0001305529
57  3   0.0002422248  -0.0000901427   0.0000938570  -0.0000789797   0.0001160735
57  4  -0.0001044868   0.0000279969   0.0001738322   0.0000215016  -0.0000459237
57  5  -0.0002832030   0.0001104257  -0.0000160897  -0.0002343565  -0.0003709720
57  6   0.0000861304   0.0004552888   0.0000731186   0.0000463114   0.0001497205
57  7   0.0000587338  -0.0000565782  -0.0001260859   0.0000296141  -0.0000326519
57  8  -0.0001031718   0.0000007251  -0.0000070278  -0.0000230201  -0.0000803575
57  9  -0.0000526976  -0.0000371974  -0.0103816138   0.0234228270   0.0093459524
57 10   0.0026652322  -0.0085025728  -0.0038521842  -0.0290159279  -0.0103415346
57 11  -0.0062190241  -0.0527993167  -0.0748870222  -0.1192997613   0.2896001198
57 12   0.0510712939   0.2934194050  -0.0456048094   0.0204788369  -0.0811748240
57 13  -0.0021923994   0.0025694192  -0.0017755111   0.0011855828  -0.0065377579
57 14   0.0092345205  -0.0027826789   0.0011682275   0.0041833650   0.0012110678
57 15   0.0008921926  -0.0014845570  -0.1510032189   0.0119648073  -0.1138631342
57 16   0.0051706011  -0.0115415415   0.0078620397  -0.0052270297  -0.0006583563
57 17   0.0017627696
58  1   0.0008378815  -0.0008479097   0.0003348946  -0.0006343161  -0.0004326332
58  2  -0.0004878341   0.0013469208   0.0000200705   0.0011889558  -0.0007976411
58  3   0.0005466813  -0.0005780874   0.0007079471  -0.0003753163   0.0005083013
58  4  -0.0000752543   0.0001751521  -0.0001314980   0.0000730646  -0.0000163312
58  5   0.0003360351  -0.0012470429  -0.0001976050  -0.0008377205  -0.0003318517
58  6   0.0006265684  -0.0004249861   0.0001148725  -0.0002742507   0.0000196043
58  7   0.0000495563  -0.0000476144   0.0001211175   0.0000014677  -0.0000038795
58  8   0.0000563651   0.0000041247  -0.0000128022  -0.0000091845  -0.0000468222
58  9  -0.0000181305   0.0000231500  -0.2806962153   0.0526042177  -0.1397614171
58 10  -0.0205153490  -0.0669287138  -0.0266789611  -0.0281289438   0.0254167064
58 11  -0.0113835798   0.0493687521   0.0140794716   0.0332840699  -0.1649894619
58 12   0.1220881741  -0.0456048094   0.5579223355  -0.0811293359   0.2495740936
58 13   0.0011369251   0.0138412532   0.0005480990  -0.0053497596  -0.0122315648
58 14  -0.0080204788   0.0024591964   0.0003601974   0.0004188853  -0.0015382605
58 15   0.0001961312  -0.0002777294  -0.0077309795   0.0240104473   0.0015072143
58 16  -0.0909216872  -0.0910834313  -0.0503417651  -0.0110194591  -0.0003655527
58 17  -0.0033827348
59  1  -0.0005694862   0.0003069613  -0.0002470738   0.0003305652   0.0002350499
59  2   0.0002880865  -0.0008200181   0.0001201721  -0.0005544640   0.0004259045
59  3  -0.0004146040   0.0001948330  -0.0002595600   0.0001817308  -0.0001718241
59  4   0.0000470604  -0.0000912708   0.0000785828  -0.0000556768   0.0000293692
59  5  -0.0000791656   0.0006480979   0.0000121085   0.0003643282   0.0001826661
59  6  -0.0002426650   0.0001638741  -0.0000577837   0.0001078705  -0.0000429571
59  7  -0.0000454343   0.0000296703  -0.0000190947  -0.0000229330   0.0000102944
59  8  -0.0000110635   0.0000058688   0.0000198920   0.0000128762   0.0000206938
59  9  -0.0000000058  -0.0000248582   0.0136753878  -0.1466398901  -0.0141675742
59 10  -0.0220143668   0.0415048900  -0.0044324619   0.0157997525  -0.0144705260
59 11   0.0072318352  -0.0115165187  -0.0567282458  -0.0202059424   0.1519509413
59 12  -0.4059688636   0.0204788369  -0.0811293359   0.8513736842   0.1038425293
59 13  -0.0017599812  -0.0113981601  -0.0045904065  -0.0031940797   0.0080298063
59 14  -0.0011317396  -0.0001174949  -0.0013357247  -0.0007432206   0.0004527551
59 15  -0.0000061154   0.0005131762  -0.0026546502   0.0022316584  -0.0007695506
59 16  -0.0858092292  -0.2708165854  -0.1050185777   0.0264868555   0.0039194989
59 17   0.0190410162
60  1   0.0006359842  -0.0004756469  -0.0001848810  -0.0003979208  -0.0002745789
60  2   0.0000113356   0.0007306952  -0.0000181915   0.0005374081  -0.0004543406
60  3   0.0002352038  -0.0001105226   0.0005986256  -0.0002226102   0.0000331467
60  4   0.0000454998   0.0000529651  -0.0001325428   0.0002110006  -0.0000324323
60  5   0.0000508034  -0.0008422738  -0.0001310995   0.0001724275  -0.0000551293
60  6   0.0003364849  -0.0004585892   0.0001021442  -0.0001310724   0.0000550371
60  7   0.0000829137  -0.0000469718  -0.0001072266   0.0000399048  -0.0000191713
60  8  -0.0000670001  -0.0000205152  -0.0000368647   0.0000013736  -0.0000443236
60  9  -0.0000251048   0.0000512921  -0.1481901423   0.0105564324  -0.1306362658
60 10  -0.0165806632  -0.0330486346  -0.0198583147  -0.0135074749   0.0133725507
60 11  -0.0072388879   0.0275474220  -0.0039489238   0.0191048484  -0.0394475907
60 12   0.0017576899  -0.0811748240   0.2495740936   0.1038425293   0.3177063604
60 13  -0.0026268078   0.0053110871   0.0036468195  -0.0064424147  -0.0067700939
60 14  -0.0016288067   0.0002897284  -0.0004860997   0.0019786443  -0.0002201477
60 15   0.0003420211  -0.0010251174  -0.0043282113   0.0162048263  -0.0010219791
60 16  -0.0492219601  -0.1082671129  -0.0957183080   0.0025219038   0.0019228188
60 17  -0.0039862305
61  1  -0.0064252545   0.0025515666  -0.0021083895   0.0009685804   0.0004318626
61  2   0.0006394710  -0.0016888293  -0.0000665181  -0.0012518173   0.0020516770
61  3  -0.0011758747   0.0008096346  -0.0017712065   0.0012028719  -0.0007398041
61  4   0.0003987035  -0.0003785258   0.0002246817  -0.0006409716  -0.0000852419
61  5  -0.0004097634   0.0012460574  -0.0000326279   0.0008830406   0.0011942964
61  6  -0.0010915305   0.0004200906  -0.0001537399   0.0012189740   0.0004934955
61  7  -0.0000323625  -0.0000143991  -0.0000417559   0.0000262755  -0.0000020402
61  8  -0.0000655377   0.0000522622  -0.0000008766   0.0000148965  -0.0002533065
61  9  -0.0001292454  -0.0000747984  -0.0395853112  -0.0195871926  -0.0426417211
61 10  -0.5149677114   0.0581882073  -0.2648198480  -0.0395621393   0.0423093741
61 11  -0.0279322735   0.0099966827   0.0038804791   0.0023294132  -0.0031261815
61 12  -0.0031528646  -0.0021923994   0.0011369251  -0.0017599812  -0.0026268078
61 13   0.5993136292  -0.0860486209   0.3401342822  -0.0031821878   0.0026142716
61 14  -0.0013381631  -0.0009283623  -0.0010708784  -0.0010419193   0.0002101371
61 15   0.0000325947   0.0008799782   0.0001866231   0.0001551669   0.0006654397
61 16  -0.0016217231   0.0005216988  -0.0006954247  -0.0028425620   0.0014893505
61 17   0.0004859994
62  1  -0.0021414140   0.0010896198  -0.0007573138  -0.0001453783  -0.0005528342
62  2  -0.0001597669   0.0004895602   0.0005940702   0.0004144894   0.0002235486
62  3  -0.0002584044  -0.0000067564   0.0013068392  -0.0004777923   0.0006858769
62  4  -0.0001146751  -0.0000116725  -0.0000919176   0.0001256027  -0.0001238790
62  5   0.0000458967  -0.0003034741  -0.0011565922  -0.0002740446  -0.0005612151
62  6   0.0006539439  -0.0003880900   0.0002894843  -0.0001394019   0.0002654370
62  7   0.0001469849  -0.0001058392   0.0000363779   0.0000224313  -0.0000658606
62  8  -0.0000472042   0.0000140155   0.0000063542   0.0000177557  -0.0001353300
62  9  -0.0000216037  -0.0000461710  -0.0515692788   0.0101174608  -0.0351291147
62 10   0.0660418427  -0.1021323144   0.0356534589   0.0644384302  -0.0137884524
62 11   0.0340155888  -0.0104512213  -0.0092909600  -0.0103105652  -0.0001008082
62 12   0.0109145610   0.0025694192   0.0138412532  -0.0113981601   0.0053110871
62 13  -0.0860486209   0.1124995585  -0.0368574459   0.0041487233  -0.0000601890
62 14   0.0027985817  -0.0003292365   0.0003662113  -0.0001782316  -0.0002554649
62 15  -0.0006677735  -0.0000526843   0.0001174927   0.0009063299   0.0004495416
62 16  -0.0013520611   0.0001587258  -0.0007489416   0.0023019696   0.0029448939
62 17   0.0027847370
63  1  -0.0035018152   0.0022801255  -0.0032428867   0.0005416125  -0.0001184131
63  2  -0.0002467058  -0.0008520125   0.0004318562  -0.0002720729   0.0009427192
63  3  -0.0011530920   0.0006962188  -0.0007840078   0.0009580565   0.0002301049
63  4  -0.0000447025  -0.0005971551  -0.0000013470  -0.0002641867   0.0002847568
63  5   0.0000661089   0.0010727652  -0.0002591340  -0.0005541291  -0.0000516365
63  6  -0.0009786793   0.0006713362   0.0002573200   0.0008635032   0.0000169399
63  7  -0.0000271459   0.0000248089   0.0002057536  -0.0000725941   0.0000162332
63  8   0.0001866219  -0.0000110012  -0.0000381309  -0.0000141301   0.0000094405
63  9   0.0001635589  -0.0000742342  -0.0493548107  -0.0147329705  -0.0137853515
63 10  -0.2637233279   0.0306916315  -0.2284701124  -0.0225703600   0.0197335668
63 11   0.0084069740  -0.0009340104  -0.0011170094   0.0061437781  -0.0009280125
63 12   0.0006184700  -0.0017755111   0.0005480990  -0.0045904065   0.0036468195
63 13   0.3401342822  -0.0368574459   0.2339160435  -0.0002275680   0.0017276425
63 14  -0.0008379648  -0.0008342693  -0.0006550278  -0.0004706082   0.0006796499
63 15   0.0001315707  -0.0007695036   0.0005637433   0.0004471499  -0.0003907579
63 16  -0.0010770967   0.0004448826  -0.0009616062   0.0005089262   0.0022796515
63 17  -0.0023197774
64  1  -0.0019092420   0.0021262660   0.0000133393   0.0006090194   0.0000381618
64  2   0.0002276149  -0.0015480342   0.0005845082  -0.0005922807   0.0007353812
64  3  -0.0004890441  -0.0000825547   0.0001737464   0.0004384902   0.0003360312
64  4   0.0001558320  -0.0004769513  -0.0001951148  -0.0003856269   0.0001437128
64  5  -0.0001166342   0.0015686993  -0.0003808245  -0.0000913325   0.0001610590
64  6  -0.0003699076  -0.0002856172   0.0002090991   0.0002048142   0.0002063126
64  7  -0.0000205313  -0.0000122739   0.0002142244  -0.0000530507  -0.0000217282
64  8   0.0001282284   0.0000061614   0.0000026561  -0.0000062328  -0.0000962278
64  9   0.0000908384  -0.0000329716   0.0025054039   0.0068023546   0.0037339540
64 10   0.0036861929  -0.0162643359  -0.0054791841  -0.0400619784   0.0608476980
64 11  -0.0178254122  -0.1473563729   0.1105037702  -0.0438696957   0.0162204510
64 12  -0.0123788725   0.0011855828  -0.0053497596  -0.0031940797  -0.0064424147
64 13  -0.0031821878   0.0041487233  -0.0002275680   0.6330743099  -0.0806406192
64 14   0.3722330494  -0.1215578420  -0.1196283529  -0.1000334869  -0.3388997077
64 15   0.0492077144  -0.2052587158   0.0003674946   0.0000597037   0.0010347116
64 16   0.0006638997  -0.0011655663   0.0007070744   0.0002838114  -0.0001768556
64 17   0.0005190928
65  1  -0.0013549041  -0.0040814952  -0.0016401404  -0.0019267229  -0.0012299362
65  2  -0.0013068268   0.0060022026  -0.0009511819   0.0036623413  -0.0021694355
65  3   0.0015786869  -0.0010895803   0.0007936575  -0.0005123488   0.0002907140
65  4  -0.0003997307   0.0004358400  -0.0001292274   0.0012067705  -0.0000287099
65  5   0.0007670142  -0.0050634531   0.0003004445  -0.0032619401  -0.0006331200
65  6   0.0007451906  -0.0003480402  -0.0001499358  -0.0004539103  -0.0002287400
65  7   0.0000375981   0.0000232629   0.0000585662  -0.0000063887   0.0000919636
65  8   0.0000506785  -0.0000626251   0.0000052416  -0.0000193342   0.0002333665
65  9   0.0001814435   0.0001627674   0.0103432072  -0.0059169822   0.0052796713
65 10  -0.0092221093   0.0069240892  -0.0058360668   0.0347913145  -0.0107536391
65 11   0.0176203255   0.1092504220  -0.3931755724  -0.0052875745   0.0131188924
65 12  -0.0579466870  -0.0065377579  -0.0122315648   0.0080298063  -0.0067700939
65 13   0.0026142716  -0.0000601890   0.0017276425  -0.0806406192   0.8161998504
65 14   0.1223263396  -0.1162597806  -0.2848986730  -0.1360001153   0.0518785885
65 15  -0.0774625495   0.0153452399   0.0004482746   0.0013762107   0.0008528898
65 16   0.0002971634  -0.0004403369   0.0002744070  -0.0008953395   0.0020201814
65 17   0.0000368404
66  1  -0.0011553382   0.0006177695  -0.0010945824   0.0001551248   0.0001181915
66  2  -0.0001424714   0.0003896037  -0.0000819041  -0.0004699415  -0.0003228624
66  3   0.0001943789   0.0005222396   0.0000216339  -0.0000992324   0.0000025703
66  4  -0.0001320808   0.0000918472   0.0003084648  -0.0000764315  -0.0001578614
66  5  -0.0004293704  -0.0006003721  -0.0002049084   0.0004535356  -0.0004492793
66  6   0.0001003969   0.0007669045   0.0001054891   0.0000342896   0.0000859698
66  7   0.0000834909  -0.0000641377  -0.0002334402   0.0000579132  -0.0000377027
66  8  -0.0001963041  -0.0000025712   0.0000183515  -0.0000196968  -0.0000982992
66  9  -0.0000815269  -0.0001155673   0.0039892441   0.0031302363   0.0026409225
66 10  -0.0035129249  -0.0103858497   0.0025776806  -0.0240117632   0.0344252884
66 11   0.0010430156  -0.0434231511  -0.0049576206  -0.0748737181   0.0066943407
66 12  -0.0228180763   0.0092345205  -0.0080204788  -0.0011317396  -0.0016288067
66 13  -0.0013381631   0.0027985817  -0.0008379648   0.3722330494   0.1223263396
66 14   0.2810189912  -0.0991746326  -0.1379982828  -0.0970553915  -0.2041754162
66 15   0.0137410643  -0.1208036930   0.0012231412   0.0006198431  -0.0003192770
66 16   0.0010348849  -0.0006544587  -0.0003256284   0.0005058485   0.0004567226
66 17  -0.0001089613
67  1  -0.0012706717   0.0026450242  -0.0009878355   0.0008236798   0.0008265497
67  2   0.0005829672  -0.0024693975  -0.0004079057  -0.0014413713   0.0009769794
67  3  -0.0003457111   0.0007014542  -0.0007708647  -0.0000028155  -0.0005216605
67  4   0.0002332810   0.0000510826   0.0001327987  -0.0000367426   0.0000709352
67  5  -0.0000744688   0.0010986423   0.0007810458   0.0019140915   0.0004733936
67  6  -0.0003127583   0.0001984424  -0.0001803180   0.0000745048  -0.0001139040
67  7  -0.0000764600   0.0000354993  -0.0000437055  -0.0000045963   0.0000195984
67  8   0.0000067740   0.0000473426  -0.0000125152   0.0000244259   0.0001298832
67  9  -0.0001191199   0.0000156611  -0.0013884750  -0.0000024542  -0.0009393502
67 10   0.0007376557  -0.0005295650   0.0011108682  -0.0031916793   0.0003785015
67 11  -0.0000040025   0.0131416122   0.0067143183   0.0122515386  -0.0002376028
67 12   0.0048484565  -0.0027826789   0.0024591964  -0.0001174949   0.0002897284
67 13  -0.0009283623  -0.0003292365  -0.0008342693  -0.1215578420  -0.1162597806
67 14  -0.0991746326   0.1173970821   0.1236996345   0.0953079025  -0.0048970383
67 15  -0.0216769236  -0.0062567630  -0.0001243312   0.0000861251   0.0003747122
67 16  -0.0003727301   0.0001257165   0.0002966436  -0.0000116364  -0.0002407120
67 17  -0.0000333664
68  1   0.0013765964   0.0015344834   0.0009487680   0.0019784251   0.0016689023
68  2   0.0015746738  -0.0062975683   0.0006082518  -0.0037875038   0.0023564473
68  3  -0.0013435058   0.0012540016  -0.0010303860   0.0003581288  -0.0005971415
68  4   0.0003526510  -0.0001963767   0.0001701554  -0.0009063526   0.0001643170
68  5  -0.0005759981   0.0048082180  -0.0001856046   0.0033784580   0.0005963847
68  6  -0.0006457367   0.0002266795   0.0001312830   0.0002276571   0.0001263522
68  7  -0.0000752701  -0.0000275300  -0.0000576399  -0.0000172185  -0.0000445113
68  8  -0.0000209727   0.0000770891   0.0000045260   0.0000487311  -0.0000006695
68  9  -0.0002232200  -0.0000662109  -0.0011671050   0.0010117487  -0.0005337464
68 10   0.0016840377  -0.0016616094   0.0009870407  -0.0048371978   0.0043028589
68 11  -0.0014624073  -0.0122460061  -0.0260734556  -0.0127427618   0.0038004134
68 12  -0.0000090946   0.0011682275   0.0003601974  -0.0013357247  -0.0004860997
68 13  -0.0010708784   0.0003662113  -0.0006550278  -0.1196283529  -0.2848986730
68 14  -0.1379982828   0.1236996345   0.2956171772   0.1418999844   0.0059370870
68 15   0.0111935739   0.0068809305  -0.0001446303   0.0000233833   0.0000620100
68 16   0.0001530917  -0.0002802538   0.0002098301   0.0001100794  -0.0001559236
68 17   0.0000479500
69  1  -0.0012742927   0.0018296736   0.0007408941   0.0008639442   0.0008704822
69  2   0.0009821422  -0.0027651294  -0.0000699568  -0.0020774223   0.0013037680
69  3  -0.0004525556   0.0005251996  -0.0007748879   0.0000246910  -0.0003895534
69  4   0.0002016856  -0.0000247301   0.0002378637  -0.0003041022   0.0000150070
69  5  -0.0000204285   0.0028344970   0.0008476249   0.0003661859   0.0003957844
69  6  -0.0003622307   0.0002821919  -0.0001025188   0.0000900532  -0.0000181483
69  7  -0.0000769864   0.0000033001  -0.0000360748  -0.0000062973  -0.0000056916
69  8  -0.0000052767   0.0000457230  -0.0000089122   0.0000371664   0.0000351915
69  9  -0.0001525053   0.0000573419  -0.0012227318   0.0002356836  -0.0007150196
69 10   0.0016422903  -0.0004277708  -0.0002906966  -0.0011565620   0.0018695805
69 11  -0.0034311051   0.0081333414  -0.0006072348   0.0013775499  -0.0030191620
69 12   0.0018762014   0.0041833650   0.0004188853  -0.0007432206   0.0019786443
69 13  -0.0010419193  -0.0001782316  -0.0004706082  -0.1000334869  -0.1360001153
69 14  -0.0970553915   0.0953079025   0.1418999844   0.0999318762  -0.0000960413
69 15  -0.0107661484  -0.0051485951   0.0003348136   0.0002150012  -0.0004288848
69 16   0.0003031824   0.0001978156  -0.0005649335   0.0000531089  -0.0001757949
69 17  -0.0000482827
70  1  -0.0006643330  -0.0002820655  -0.0004656010  -0.0000153050   0.0001100593
70  2  -0.0000000180  -0.0000576084  -0.0001641556  -0.0000635243   0.0000455013
70  3   0.0000358543   0.0000621957  -0.0001593675  -0.0000318554  -0.0000951025
70  4  -0.0000147224   0.0000740195   0.0000122414   0.0000216780   0.0000175499
70  5   0.0000319045  -0.0000701517   0.0001599675   0.0000593976   0.0000143677
70  6  -0.0000030005   0.0000391853  -0.0000304940  -0.0000259791  -0.0000380314
70  7  -0.0000223028   0.0000059614   0.0000040973  -0.0000059434   0.0000108971
70  8   0.0000115853   0.0000027191  -0.0000032131  -0.0000024490   0.0000468947
70  9  -0.0000164996  -0.0000078404   0.0009492629  -0.0004585134   0.0005166592
70 10   0.0005589819   0.0010805124  -0.0021447847   0.0033867686   0.0005583125
70 11   0.0001194064  -0.0105741110   0.0016802323  -0.0023016524   0.0002834171
70 12  -0.0029056782   0.0012110678  -0.0015382605   0.0004527551  -0.0002201477
70 13   0.0002101371  -0.0002554649   0.0006796499  -0.3388997077   0.0518785885
70 14  -0.2041754162  -0.0048970383   0.0059370870  -0.0000960413   0.3509839919
70 15  -0.0579539134   0.2072749901   0.0004554642  -0.0000997013  -0.0003697042
70 16   0.0000799611  -0.0000168522  -0.0000789692  -0.0000897999   0.0002150956
70 17   0.0000369019
71  1  -0.0000230764  -0.0005683901  -0.0000884966  -0.0000766558  -0.0001353578
71  2  -0.0001016468   0.0001607936   0.0000811156   0.0000925348  -0.0001423712
71  3  -0.0000365355  -0.0000757973   0.0001008713   0.0000727735   0.0001015287
71  4  -0.0000557369  -0.0000741643  -0.0000173223  -0.0000813460  -0.0000065968
71  5  -0.0000596245  -0.0002109130  -0.0004883400  -0.0002666797  -0.0001053146
71  6  -0.0000265473   0.0000114502   0.0000570081   0.0000099821   0.0000351665
71  7   0.0000058074  -0.0000060264   0.0000104526  -0.0000053753  -0.0000076853
71  8   0.0000008681  -0.0000139279   0.0000054046  -0.0000084515  -0.0000465990
71  9   0.0000403093  -0.0000402675  -0.0007690525  -0.0003542429  -0.0005560475
71 10   0.0014110039   0.0020807218   0.0004390830   0.0024611546  -0.0059258254
71 11  -0.0004762774   0.0278060771   0.0011231618   0.0193266204   0.0004651315
71 12   0.0003001490   0.0008921926   0.0001961312  -0.0000061154   0.0003420211
71 13   0.0000325947  -0.0006677735   0.0001315707   0.0492077144  -0.0774625495
71 14   0.0137410643  -0.0216769236   0.0111935739  -0.0107661484  -0.0579539134
71 15   0.0718399541  -0.0217354732  -0.0006019670  -0.0009495776  -0.0008152180
71 16  -0.0000497069   0.0000450167  -0.0000655412  -0.0000914080  -0.0000764348
71 17  -0.0000515611
72  1  -0.0001126893  -0.0002657783  -0.0005699341  -0.0000670778   0.0000374283
72  2   0.0001457554  -0.0000547694  -0.0001443593   0.0000387539   0.0000885955
72  3   0.0000552134  -0.0000363041   0.0000159473  -0.0000105313  -0.0002107519
72  4   0.0000978600   0.0000818369  -0.0001022104   0.0000141843  -0.0000281633
72  5  -0.0000220109  -0.0001234774  -0.0000106259   0.0001407446   0.0002443722
72  6   0.0000853177  -0.0002981094  -0.0000039134  -0.0000149341  -0.0000172924
72  7   0.0000125552   0.0000000873  -0.0000559300   0.0000152340   0.0000022517
72  8  -0.0000333196  -0.0000023415  -0.0000018978   0.0000050787  -0.0000333980
72  9  -0.0000364359   0.0000483239   0.0004780024  -0.0003522253   0.0000857551
72 10  -0.0019536119   0.0002397156   0.0029604118   0.0005031259  -0.0016675504
72 11   0.0033624950   0.0032771835   0.0027417537  -0.0035496411   0.0018187474
72 12  -0.0012638120  -0.0014845570  -0.0002777294   0.0005131762  -0.0010251174
72 13   0.0008799782  -0.0000526843  -0.0007695036  -0.2052587158   0.0153452399
72 14  -0.1208036930  -0.0062567630   0.0068809305  -0.0051485951   0.2072749901
72 15  -0.0217354732   0.1266491314  -0.0004828642  -0.0004952846   0.0006169026
72 16  -0.0000875235  -0.0000442603   0.0001372499  -0.0000059013   0.0001410648
72 17  -0.0000636324
73  1   0.0000383791   0.0001362457   0.0000086335   0.0000191142   0.0000029186
73  2  -0.0000317957  -0.0000352792   0.0000212087  -0.0000065916  -0.0000006649
73  3   0.0000156885   0.0000241382   0.0000069651  -0.0000134086   0.0000348298
73  4  -0.0000057135  -0.0000021061  -0.0000106187  -0.0000048601   0.0000050906
73  5   0.0000115600   0.0000385417  -0.0000122932  -0.0000300940  -0.0000285707
73  6   0.0000005372   0.0000094697   0.0000056406  -0.0000036637   0.0000007680
73  7  -0.0000032560  -0.0000007934   0.0000174376  -0.0000038909  -0.0000004280
73  8   0.0000114972   0.0000022186  -0.0000005193  -0.0000022981   0.0000024490
73  9   0.0000036208  -0.0000076989   0.0039246265   0.0028304338  -0.0020943768
73 10   0.0000164383  -0.0008526770  -0.0002174775   0.0012124203  -0.0014394546
73 11  -0.0020905487  -0.0068170824   0.0048660058  -0.0025455925  -0.2724121200
73 12   0.0328412102  -0.1510032189  -0.0077309795  -0.0026546502  -0.0043282113
73 13   0.0001866231   0.0001174927   0.0005637433   0.0003674946   0.0004482746
73 14   0.0012231412  -0.0001243312  -0.0001446303   0.0003348136   0.0004554642
73 15  -0.0006019670  -0.0004828642   0.2815203400  -0.0348842559   0.1591799156
73 16  -0.0009304061  -0.0005792482   0.0023491648   0.0003004392  -0.0000986319
73 17  -0.0009177257
74  1  -0.0000195174   0.0003201780   0.0000449945   0.0000228493  -0.0000065401
74  2   0.0000036398  -0.0001388773   0.0000882119  -0.0000831256   0.0000300189
74  3  -0.0000187710   0.0000327502   0.0000560622   0.0000200947   0.0000425325
74  4  -0.0000232082  -0.0000163239  -0.0000058645  -0.0000350621   0.0000166527
74  5  -0.0000270613   0.0001008999  -0.0000450525   0.0000326830  -0.0000517021
74  6   0.0000201881   0.0000074276   0.0000259686  -0.0000041975   0.0000109933
74  7   0.0000050423  -0.0000022678   0.0000063597  -0.0000041170  -0.0000009555
74  8   0.0000006196  -0.0000023534   0.0000045829  -0.0000006135  -0.0000035370
74  9   0.0000096694  -0.0000095305   0.0033514431  -0.0051923241  -0.0007683035
74 10  -0.0001172074  -0.0028347083  -0.0006945636  -0.0031295958  -0.0041177505
74 11  -0.0037790571  -0.0209856187   0.0075438126  -0.0114364888   0.0311565749
74 12  -0.0598136534   0.0119648073   0.0240104473   0.0022316584   0.0162048263
74 13   0.0001551669   0.0009063299   0.0004471499   0.0000597037   0.0013762107
74 14   0.0006198431   0.0000861251   0.0000233833   0.0002150012  -0.0000997013
74 15  -0.0009495776  -0.0004952846  -0.0348842559   0.0593078320  -0.0135251264
74 16  -0.0007502427   0.0007063144   0.0007077653   0.0011846939   0.0004270033
74 17   0.0004836264
75  1   0.0001794280   0.0001376745  -0.0000806864  -0.0000553292  -0.0000127238
75  2   0.0001365659  -0.0001002010  -0.0000126539   0.0000105306   0.0000676666
75  3   0.0000370681  -0.0000262713   0.0000853129  -0.0000025694  -0.0001058740
75  4   0.0000456855   0.0000295608  -0.0000618244  -0.0000190487  -0.0000197419
75  5  -0.0000134543  -0.0000697732  -0.0000566952   0.0002352056   0.0001401548
75  6   0.0000769645  -0.0002169672   0.0000178393  -0.0000002351  -0.0000013227
75  7   0.0000194878  -0.0000025099  -0.0000385279   0.0000119932  -0.0000019881
75  8  -0.0000266355  -0.0000036654  -0.0000017569   0.0000049490  -0.0000257243
75  9  -0.0000161812   0.0000177513  -0.0019263130  -0.0010945434   0.0065844816
75 10   0.0000428140  -0.0011744017  -0.0002706581  -0.0024702315  -0.0027155528
75 11   0.0018060722  -0.0082731239   0.0050007509  -0.0051778865  -0.1517318607
75 12   0.0130745520  -0.1138631342   0.0015072143  -0.0007695506  -0.0010219791
75 13   0.0006654397   0.0004495416  -0.0003907579   0.0010347116   0.0008528898
75 14  -0.0003192770   0.0003747122   0.0000620100  -0.0004288848  -0.0003697042
75 15  -0.0008152180   0.0006169026   0.1591799156  -0.0135251264   0.1145550987
75 16   0.0022889981   0.0008418418  -0.0031413415  -0.0006163987  -0.0003414057
75 17   0.0012179256
76  1  -0.0002447651   0.0001069097   0.0001004216   0.0000010226   0.0000296510
76  2  -0.0000173995  -0.0000657554   0.0000090605  -0.0000287099   0.0000416073
76  3  -0.0000033368  -0.0000381675  -0.0000404336   0.0000278374  -0.0000165482
76  4  -0.0000005917   0.0000210723  -0.0000200688  -0.0000360772   0.0000204612
76  5  -0.0000195888   0.0000266422   0.0000177997  -0.0000106668   0.0000152579
76  6   0.0000191120  -0.0000161721   0.0000032996   0.0000216879   0.0000067573
76  7  -0.0000007964   0.0000002396   0.0000070850  -0.0000007469   0.0000015400
76  8   0.0000021562   0.0000028513   0.0000007841  -0.0000034745  -0.0000081143
76  9  -0.0000060826  -0.0000059499  -0.0113916528  -0.0266787732  -0.0156871496
76 10  -0.0004414723   0.0052365983  -0.0025081174   0.0001356429  -0.0004029392
76 11   0.0008397531   0.0009283841   0.0042391375  -0.0051237013   0.0108414503
76 12   0.0123289014   0.0051706011  -0.0909216872  -0.0858092292  -0.0492219601
76 13  -0.0016217231  -0.0013520611  -0.0010770967   0.0006638997   0.0002971634
76 14   0.0010348849  -0.0003727301   0.0001530917   0.0003031824   0.0000799611
76 15  -0.0000497069  -0.0000875235  -0.0009304061  -0.0007502427   0.0022889981
76 16   0.0934279683   0.0933121923   0.0627320285  -0.0000910350  -0.0007908684
76 17   0.0013964266
77  1  -0.0000417397  -0.0001549991   0.0000390167  -0.0000178542  -0.0000045837
77  2  -0.0000023808   0.0000007403  -0.0000275900  -0.0000086581   0.0000058784
77  3   0.0000014300  -0.0000057527  -0.0000214505  -0.0000020024  -0.0000239558
77  4  -0.0000127763   0.0000019509  -0.0000034486  -0.0000073647  -0.0000020376
77  5  -0.0000115386  -0.0000270015  -0.0000177821  -0.0000161301   0.0000024899
77  6  -0.0000042335   0.0000029883  -0.0000091611  -0.0000074381  -0.0000119518
77  7  -0.0000046083   0.0000038845  -0.0000036838  -0.0000020303   0.0000029556
77  8  -0.0000017870  -0.0000019281   0.0000014872  -0.0000010984   0.0000037222
77  9   0.0000008168  -0.0000014446   0.0044539713   0.0092854140   0.0039914067
77 10   0.0020073295   0.0011535207   0.0003811137   0.0004965555   0.0002279213
77 11   0.0006538841   0.0037646542  -0.0039311616  -0.0007294097  -0.0112277655
77 12  -0.0128378924  -0.0115415415  -0.0910834313  -0.2708165854  -0.1082671129
77 13   0.0005216988   0.0001587258   0.0004448826  -0.0011655663  -0.0004403369
77 14  -0.0006544587   0.0001257165  -0.0002802538   0.0001978156  -0.0000168522
77 15   0.0000450167  -0.0000442603  -0.0005792482   0.0007063144   0.0008418418
77 16   0.0933121923   0.2762333401   0.1143546325  -0.0004761708   0.0007041184
77 17   0.0004210315
78  1   0.0000590790   0.0001610935  -0.0003474611  -0.0000040984   0.0000298530
78  2  -0.0000380248  -0.0000383745   0.0000035332  -0.0000536271  -0.0000182970
78  3  -0.0000043432   0.0000392565  -0.0000294923   0.0000267217  -0.0000298477
78  4  -0.0000087022   0.0000260990  -0.0000297616  -0.0000211978   0.0000240604
78  5  -0.0000445936   0.0000010784   0.0000166146   0.0000026075  -0.0000038843
78  6   0.0000237408  -0.0000095176   0.0000006239   0.0000143589   0.0000114637
78  7  -0.0000005745  -0.0000008958  -0.0000072915  -0.0000006620   0.0000006868
78  8  -0.0000050248  -0.0000037419  -0.0000015735  -0.0000013840  -0.0000078235
78  9  -0.0000044503  -0.0000006139  -0.0089707385  -0.0158789224  -0.0050753461
78 10  -0.0032142597   0.0024528388   0.0037978873   0.0010271655   0.0000777208
78 11  -0.0006196927  -0.0052475384  -0.0004182677   0.0069823498   0.0000292633
78 12   0.0035196814   0.0078620397  -0.0503417651  -0.1050185777  -0.0957183080
78 13  -0.0006954247  -0.0007489416  -0.0009616062   0.0007070744   0.0002744070
78 14  -0.0003256284   0.0002966436   0.0002098301  -0.0005649335  -0.0000789692
78 15  -0.0000655412   0.0001372499   0.0023491648   0.0007077653  -0.0031413415
78 16   0.0627320285   0.1143546325   0.0897159967   0.0014834228   0.0002178756
78 17  -0.0015748471
79  1   0.0003760841  -0.0002442111   0.0000862694  -0.0001944946  -0.0000930011
79  2  -0.0000331593   0.0000649334   0.0000650919   0.0001324795  -0.0002579055
79  3   0.0000753893  -0.0001197894   0.0001766609  -0.0000711201   0.0000519150
79  4  -0.0000757983   0.0000568622  -0.0000682266  -0.0000804672  -0.0000032574
79  5   0.0000061607  -0.0002372321  -0.0001915783  -0.0000090919  -0.0000821913
79  6   0.0001784118  -0.0001363990   0.0000579861  -0.0000264450  -0.0000019239
79  7   0.0000302381  -0.0000084801  -0.0000087504   0.0000016750  -0.0000034941
79  8  -0.0000128246  -0.0000079364   0.0000017275  -0.0000025686  -0.0000241692
79  9  -0.0000048624  -0.0000016534  -0.1182012197   0.1548085860  -0.0363642382
79 10   0.0141904121  -0.0151395585   0.0062760657  -0.0004284174  -0.0039024854
79 11  -0.0036636097  -0.0007217562   0.0004729345  -0.0002934669  -0.0023011601
79 12  -0.0022786412  -0.0052270297  -0.0110194591   0.0264868555   0.0025219038
79 13  -0.0028425620   0.0023019696   0.0005089262   0.0002838114  -0.0008953395
79 14   0.0005058485  -0.0000116364   0.0001100794   0.0000531089  -0.0000897999
79 15  -0.0000914080  -0.0000059013   0.0003004392   0.0011846939  -0.0006163987
79 16  -0.0000910350  -0.0004761708   0.0014834228   0.1211850003  -0.1623125485
79 17   0.0349389311
80  1   0.0002972246  -0.0004840743   0.0000599009   0.0000799630   0.0001233384
80  2   0.0000853778  -0.0002073002  -0.0001203092  -0.0001623013   0.0000909362
80  3   0.0000408414   0.0000767282  -0.0001641809  -0.0000306178  -0.0001204909
80  4   0.0000327783   0.0000194108   0.0000248653  -0.0000217253  -0.0000168019
80  5  -0.0000202544   0.0001877446   0.0001059470   0.0001581045   0.0000863428
80  6  -0.0000630359   0.0000438921  -0.0000410489  -0.0000355384  -0.0000433712
80  7  -0.0000274463   0.0000108265  -0.0000227533  -0.0000001753   0.0000023788
80  8  -0.0000040190   0.0000031943  -0.0000024286   0.0000011155   0.0000071075
80  9  -0.0000208053  -0.0000014739   0.1542319461  -0.3785478189   0.0185142206
80 10   0.0135983055  -0.0199059234   0.0045210900  -0.0014776724  -0.0036572361
80 11  -0.0025966746  -0.0031809840  -0.0030696185  -0.0026977880  -0.0012142866
80 12   0.0058166721  -0.0006583563  -0.0003655527   0.0039194989   0.0019228188
80 13   0.0014893505   0.0029448939   0.0022796515  -0.0001768556   0.0020201814
80 14   0.0004567226  -0.0002407120  -0.0001559236  -0.0001757949   0.0002150956
80 15  -0.0000764348   0.0001410648  -0.0000986319   0.0004270033  -0.0003414057
80 16  -0.0007908684   0.0007041184   0.0002178756  -0.1623125485   0.3900514558
80 17  -0.0216587445
81  1   0.0003125331  -0.0002179183   0.0001569871  -0.0000730450  -0.0000569351
81  2   0.0000325350   0.0000205732   0.0000297036   0.0001181612  -0.0000968459
81  3   0.0000453822  -0.0000913221   0.0001092427  -0.0000601013   0.0000488569
81  4  -0.0000139520  -0.0000099595  -0.0000239582  -0.0000019379  -0.0000071688
81  5   0.0000550935  -0.0000711132  -0.0000775054   0.0000454713   0.0000042179
81  6   0.0000566213  -0.0001358702   0.0000079457  -0.0000326325   0.0000338547
81  7   0.0000009896  -0.0000093213   0.0000170529  -0.0000032476  -0.0000055881
81  8   0.0000088127  -0.0000060910  -0.0000060232   0.0000053619  -0.0000075026
81  9   0.0000032973   0.0000156271  -0.0364246574   0.0188046465  -0.0347193987
81 10   0.0125832574  -0.0138350158   0.0040457624  -0.0031286831  -0.0041212521
81 11   0.0010820055  -0.0011917037  -0.0003260226  -0.0007908879  -0.0050635051
81 12  -0.0012791028   0.0017627696  -0.0033827348   0.0190410162  -0.0039862305
81 13   0.0004859994   0.0027847370  -0.0023197774   0.0005190928   0.0000368404
81 14  -0.0001089613  -0.0000333664   0.0000479500  -0.0000482827   0.0000369019
81 15  -0.0000515611  -0.0000636324  -0.0009177257   0.0004836264   0.0012179256
81 16   0.0013964266   0.0004210315  -0.0015748471   0.0349389311  -0.0216587445
81 17   0.0352168909
$end
