 operating system is UNIX !

 force (vap-workplace) : TURBOMOLE rev. V7-6 19 Oct 2021 at 10:10:11 compiled Oct 19th 2021
 Copyright (C) 2021 TURBOMOLE GmbH, Karlsruhe


    2023-12-06 17:16:44.484 



                             T U R B O M O L E   

                          a o f o r c e - program

                        using direct algorithms for

                       SCF level calculations of
                         * harmonic force constants
                         * hyperpolarizabilities
                         * IR and RAMAN intensities
                         * VCD intensities

                       DFT level calculations of
                         * harmonic force constants
                         * IR intensities
                                                   
       Stephan Boecker, Peter Deglmann, Filipp Furche and Marco Haeser
                          Quantum Chemistry Group
                          Universitaet  Karlsruhe
                                   Germany

 
 
 
 
     References :
 
       RI-J implementation:
         Peter Deglmann, Klaus May, Filipp Furche, Reinhart Ahlrichs
                 Chem. Phys. Lett. 384:103 (2004)
 
       Efficiency, technical details:
         Peter Deglmann, Filipp Furche, Reinhart Ahlrichs
                 Chem. Phys. Lett. 362:511 (2002)
 
       Search of lowest eigenvalues by iterative diagonalization:
         Peter Deglmann, Filipp Furche
                 J. Chem. Phys. 117:9535 (2002)
 
       Vibrational circular dichroism implementation:
        Kevin Reiter, Michael Kuehn, Florian Weigend
                 J. Chem. Phys. 146:054102 (2017)  
 
 


              +--------------------------------------------------+
              | Atomic coordinate, charge and isotop information |
              +--------------------------------------------------+

                    atomic coordinates            atom    charge  isotop
         -1.77861969   -6.54732469    1.36740016    ag    47.000     0
         -4.19258797    2.04313977   -0.28018591    ag    47.000     0
         -7.46369257   -3.19278868   -2.86949244    n      7.000     0
         -5.40672946   -3.70161256   -1.33110230    c      6.000     0
         -4.86300045   -6.23069918   -0.95227646    n      7.000     0
         -6.23625687   -8.06362960   -2.00831968    c      6.000     0
         -8.34062755   -7.49323277   -3.58801545    c      6.000     0
         -8.88374240   -5.01918442   -3.96451504    c      6.000     0
         -4.15897731   -2.01329911   -0.37324359    o      8.000     0
         -5.59484036  -10.45900109   -1.55268214    n      7.000     0
         -6.58987943  -11.89306323   -2.31416051    h      1.000     0
         -4.10440201  -10.86934756   -0.42615025    h      1.000     0
         -9.46217056   -8.96315436   -4.45347223    h      1.000     0
        -10.44179703   -4.38708615   -5.13128676    h      1.000     0
         -7.85825794   -1.33761430   -3.13990469    h      1.000     0
          4.04414432   -9.38409463    5.85531265    n      7.000     0
          1.98862306   -9.10628599    4.25285134    c      6.000     0
          1.29806989   -6.64365159    3.70907887    n      7.000     0
          2.52870490   -4.66276695    4.67101183    c      6.000     0
          4.62826622   -4.99949347    6.32307656    c      6.000     0
          5.31838476   -7.40655481    6.86198299    c      6.000     0
          0.86799279  -10.92276256    3.38397605    o      8.000     0
          1.75014340   -2.34506132    4.05208684    n      7.000     0
          2.63686716   -0.81033157    4.74940334    h      1.000     0
          0.25649253   -2.09311169    2.88006924    h      1.000     0
          5.63423926   -3.41125614    7.11843394    h      1.000     0
          6.88584456   -7.86350760    8.09620281    h      1.000     0
          4.54855002  -11.18963158    6.24967770    h      1.000     0
 
       center of nuclear mass  :   -2.37492178   -4.33380444    0.98038480
       center of nuclear charge:   -2.32235069   -4.51669966    1.01814169

   *************************************************************************
   Cyt2Ag2frq                                                               
   *************************************************************************



              +--------------------------------------------------+
              |               basis set information              |
              +--------------------------------------------------+

              we will work with the 1s 3p 5d 7f 9g ... basis set
              ...i.e. with spherical basis functions...

   type   atoms  prim   cont   basis
   ---------------------------------------------------------------------------
    o        2     46     31   def2-TZVP   [5s3p2d1f|11s6p2d1f]
    ag       2     81     56   def2-TZVPP   [6s4p3d2f1g|7s7p6d2f1g]
    n        6     46     31   def2-TZVP   [5s3p2d1f|11s6p2d1f]
    h       10      7      5   def2-SVP   [2s1p|4s1p]
    c        8     46     31   def2-TZVP   [5s3p2d1f|11s6p2d1f]
   ---------------------------------------------------------------------------
   total:   28    968    658
   ---------------------------------------------------------------------------

   total number of primitive shells          :   88
   total number of contracted shells         :  238
   total number of cartesian basis functions :  768
   total number of SCF-basis functions       :  658

 number of unique ecp types :                     1

 symmetry group of the molecule :   c1 

 the group has the following generators :
   c1(z)

    1 symmetry operations found

 there are 1 real representations :   a   

 maximum number of shells which are related by symmetry :  1


 determining totally symmetric integral contributions 
    - equivalent to irreducible tensor elements - 
 which can be formed within each triple of representations :

             representation triple      contributions

              a     a     a               1

 reading cartesian hessian from $hessian,
 file=<hessian>


 actual cartesian coordinates & gradients will be read from $grad 

            ----------------------------
            actual cartesian coordinates
            ----------------------------
    1 ag     -1.77861968587735     -6.54732468756629      1.36740016132702
    2 ag     -4.19258797469264      2.04313977065138     -0.28018591442424
    3 n      -7.46369257415352     -3.19278867929278     -2.86949244257540
    4 c      -5.40672945683250     -3.70161255866015     -1.33110230174666
    5 n      -4.86300044604548     -6.23069918410165     -0.95227646258400
    6 c      -6.23625686866151     -8.06362959906790     -2.00831967690775
    7 c      -8.34062754550421     -7.49323277307898     -3.58801545157174
    8 c      -8.88374239529771     -5.01918442128793     -3.96451503786355
    9 o      -4.15897730567471     -2.01329910527063     -0.37324358816305
   10 n      -5.59484035510756    -10.45900109299927     -1.55268213957959
   11 h      -6.58987943037606    -11.89306323342649     -2.31416051332610
   12 h      -4.10440201492707    -10.86934756407573     -0.42615025073445
   13 h      -9.46217055735580     -8.96315435662349     -4.45347222638500
   14 h     -10.44179702627605     -4.38708614730035     -5.13128675500441
   15 h      -7.85825794228561     -1.33761429800415     -3.13990469343500
   16 n       4.04414431769472     -9.38409463240671      5.85531264650273
   17 c       1.98862306141389     -9.10628599345895      4.25285134110338
   18 n       1.29806988892571     -6.64365158751679      3.70907886661528
   19 c       2.52870490076245     -4.66276695462131      4.67101182974361
   20 c       4.62826622459431     -4.99949347497247      6.32307655643226
   21 c       5.31838476007169     -7.40655481476828      6.86198298612552
   22 o       0.86799278728498    -10.92276256297715      3.38397605171387
   23 n       1.75014340276529     -2.34506131506798      4.05208683663559
   24 h       2.63686715548970     -0.81033157376064      4.74940333895707
   25 h       0.25649252815713     -2.09311168853679      2.88006923974696
   26 h       5.63423925527368     -3.41125613818315      7.11843394030770
   27 h       6.88584455801854     -7.86350760148564      8.09620280843830
   28 h       4.54855001736098    -11.18963157733564      6.24967770366462

              --------------------------
              actual cartesian gradients
              --------------------------
    1 ag     -0.00560098604776      0.00530443984873     -0.00411489510287
    2 ag      0.00000020874288      0.00000042811751      0.00000029609719
    3 n      -0.01970920226282     -0.00642489001539     -0.01489111187410
    4 c       0.04214427341319      0.05512377603664      0.03216411929954
    5 n      -0.00764212805789     -0.03611564291854     -0.00604845619194
    6 c       0.00523106514028      0.01898020983617      0.00417014385427
    7 c      -0.00143686470630     -0.00476806543195     -0.00110346631426
    8 c       0.00648910149604      0.00916984164035      0.00500713925737
    9 o      -0.02476905813422     -0.03352247247097     -0.01911494133922
   10 n       0.00135063759437     -0.01388999307728      0.00077062485810
   11 h       0.00123748755159      0.00227407944262      0.00098418287545
   12 h      -0.00126604526178      0.00170459862391     -0.00088354491450
   13 h       0.00053692094025      0.00012387454065      0.00039720513125
   14 h       0.00021286477091     -0.00027890595004      0.00011767926669
   15 h       0.00399705381796      0.00234670136662      0.00317465705210
   16 n       0.00082784664449     -0.00403681628411      0.00055484548569
   17 c      -0.00245227644038      0.00578017771238     -0.00184074223011
   18 n       0.00205567967481     -0.00474931017559      0.00139079889949
   19 c      -0.00580661865541      0.00789236257635     -0.00452818176872
   20 c       0.00377755572326     -0.00321943985449      0.00301499730067
   21 c       0.00069474206130      0.00409921062571      0.00056257128964
   22 o       0.00182686279616     -0.00314142110676      0.00138227667483
   23 n       0.00389632965899     -0.00780879565998      0.00276069353651
   24 h      -0.00103938160072      0.00039662183153     -0.00068508531727
   25 h      -0.00366858524613      0.00336688977096     -0.00268844945310
   26 h      -0.00012313728137     -0.00002338714252     -0.00002050895814
   27 h      -0.00027411842990      0.00005883217219     -0.00012447579474
   28 h      -0.00049022763017      0.00135709573693     -0.00040837140222

 dipole moment read from <control>

                -----------------------
                permanent dipole moment
                -----------------------
             x              y             z
        -15.6294382    -16.8551197      2.4822030      (debyes)

 dipole derivatives read from <dipgrad>

        ----------------------------------------------------
        cartesian dipole derivative matrix (debyes/angstrom)
        ----------------------------------------------------

  atom       1 ag                             2 ag
            x          y          z          x          y          z
 
  x      3.511042  -0.669116   1.448136   3.585018   0.086799  -0.054323
  y     -0.752889   1.619842  -0.566348   0.215655   6.845574   0.224075
  z      1.453472  -0.500625   2.704700  -0.053892   0.151217   3.629452

  atom       3 n                              4 c 
            x          y          z          x          y          z
 
  x     -3.218395  -2.458669  -1.834463   5.583364   3.980007   3.293137
  y      1.043689  -3.454420   0.753041   1.480084   9.550714   1.234353
  z     -1.768092  -1.872330  -2.209464   3.207882   3.068620   3.772793

  atom       5 n                              6 c 
            x          y          z          x          y          z
 
  x     -2.263467  -1.430588  -0.995227   3.718413  -1.022507   1.964972
  y     -1.528645  -7.614416  -1.247968   0.485968   9.149911   0.472582
  z     -0.996366  -1.149635  -1.741123   1.971697  -0.672012   2.582264

  atom       7 c                              8 c 
            x          y          z          x          y          z
 
  x     -1.840523   1.585791  -1.017702   0.828619   1.525837   0.509251
  y      0.728989  -1.932463   0.531217  -0.357884   4.015384  -0.218798
  z     -1.027218   1.173046  -1.228663   0.481791   1.196827   0.562672

  atom       9 o                             10 n 
            x          y          z          x          y          z
 
  x     -4.049455  -3.357397  -1.984439  -1.946196   1.478548  -0.037616
  y     -2.395468  -8.704105  -1.924905   0.532805  -6.749767   0.334480
  z     -1.947454  -2.636636  -3.011351  -0.045864   1.037009  -1.887512

  atom      11 h                             12 h 
            x          y          z          x          y          z
 
  x      1.102582   0.551727  -0.280660   1.621468  -0.448673   0.232423
  y      0.308595   2.057415   0.241633  -0.103408   1.228016  -0.077367
  z     -0.283675   0.432346   1.273671   0.236244  -0.333130   1.480643

  atom      13 h                             14 h 
            x          y          z          x          y          z
 
  x      0.604196   0.182652  -0.123781   0.740731  -0.089467   0.002304
  y      0.161373   0.490748   0.118572  -0.037223   0.474324  -0.032027
  z     -0.124897   0.135599   0.679414   0.001315  -0.070841   0.737736

  atom      15 h                             16 n 
            x          y          z          x          y          z
 
  x      1.090748  -0.373748  -0.181199  -2.896984  -2.641911  -1.604259
  y     -0.309139   1.260900  -0.234786   1.090088  -4.011309   0.845064
  z     -0.179129  -0.282393   1.187961  -1.593185  -2.071917  -2.081527

  atom      17 c                             18 n 
            x          y          z          x          y          z
 
  x      4.572548   2.129041   2.546365  -2.578448  -0.410606  -1.173418
  y      1.277758   7.529000   0.991568  -1.629636  -6.349310  -1.254040
  z      2.523427   1.634991   3.252841  -1.168370  -0.299717  -1.972557

  atom      19 c                             20 c 
            x          y          z          x          y          z
 
  x      4.408596  -2.047311   2.655041  -2.557211   1.959560  -1.393464
  y      0.575740   7.855386   0.396525   0.995210  -2.414747   0.780608
  z      2.674412  -1.648974   3.099955  -1.405297   1.535289  -1.861634

  atom      21 c                             22 o 
            x          y          z          x          y          z
 
  x      0.667683   1.316512   0.332231  -3.390312  -1.374527  -1.397695
  y     -0.997487   5.212990  -0.771271  -1.451433  -4.911101  -1.133689
  z      0.320209   1.041755   0.509932  -1.395837  -1.070760  -2.658207

  atom      23 n                             24 h 
            x          y          z          x          y          z
 
  x     -2.197877   1.801317  -0.041797   1.048396   0.325446  -0.331308
  y      0.935761  -6.300301   0.757964   0.223445   1.649843   0.169449
  z     -0.029236   1.434067  -2.161529  -0.332788   0.250714   1.204375

  atom      25 h                             26 h 
            x          y          z          x          y          z
 
  x      1.348036  -0.114081   0.101666   0.525662   0.105432  -0.229126
  y     -0.045761   0.854103  -0.041833   0.079207   0.338804   0.060469
  z      0.094941  -0.104499   1.266187  -0.234300   0.086773   0.634805

  atom      27 h                             28 h 
            x          y          z          x          y          z
 
  x      0.640990  -0.064498  -0.050760   1.145914  -0.458886  -0.220343
  y     -0.032941   0.510453  -0.025641  -0.517440   1.807648  -0.400633
  z     -0.053464  -0.049908   0.663602  -0.221228  -0.354868   1.251499
 

             -----------------------------------
             rotational and vibrational analysis
             -----------------------------------


            ==============================================================
            ATOMIC WEIGHTS (average over the natural occurance of isotops)
            ==============================================================
            ('*' denotes special isotop !)
              1     ag              107.87000
              2     ag              107.87000
              3     n                14.00670
              4     c                12.01115
              5     n                14.00670
              6     c                12.01115
              7     c                12.01115
              8     c                12.01115
              9     o                15.99940
             10     n                14.00670
             11     h                 1.00797
             12     h                 1.00797
             13     h                 1.00797
             14     h                 1.00797
             15     h                 1.00797
             16     n                14.00670
             17     c                12.01115
             18     n                14.00670
             19     c                12.01115
             20     c                12.01115
             21     c                12.01115
             22     o                15.99940
             23     n                14.00670
             24     h                 1.00797
             25     h                 1.00797
             26     h                 1.00797
             27     h                 1.00797
             28     h                 1.00797

          -------------------------------------------------
          CARTESIAN FORCE CONSTANT MATRIX (hartree/bohr**2)
         (translational & rotational space projected out)
          -------------------------------------------------

   ATOM              1 ag                          2 ag
                  dx        dy        dz        dx        dy        dz
   1 ag    dx  0.1713463
           dy -0.0204460 0.0453006
           dz  0.1125567-0.0152586 0.1066234
   2 ag    dx  0.0003778-0.0001761 0.0002792 0.0022768
           dy  0.0015574-0.0012592 0.0011316 0.0000376 0.0666634
           dz  0.0003138-0.0001845 0.0001634 0.0018003 0.0019630 0.0015242
   3 n     dx  0.0017413-0.0015503 0.0001174 0.0005299 0.0060410 0.0001688
           dy -0.0009096-0.0026837-0.0007795-0.0008505 0.0007271-0.0005030
           dz  0.0001908-0.0011983 0.0016187-0.0001453 0.0044887 0.0007270
   4 c     dx -0.0058078 0.0161688-0.0068023-0.0041449-0.0144046 0.0013285
           dy  0.0105931 0.0054028 0.0080608-0.0017602-0.0193409-0.0019436
           dz -0.0069597 0.0121197-0.0015868 0.0018784-0.0108674-0.0054771
   5 n     dx -0.0711731 0.0062380-0.0415399 0.0025591 0.0028284-0.0009661
           dy  0.0089669-0.0241425 0.0065731 0.0003948 0.0097734 0.0007172
           dz -0.0413345 0.0046080-0.0467149-0.0011327 0.0021179 0.0031756
   6 c     dx -0.0051664-0.0043907-0.0046877-0.0005948-0.0023238 0.0005254
           dy -0.0067939 0.0077051-0.0050215-0.0004516-0.0038345-0.0005042
           dz -0.0047523-0.0032373-0.0025850 0.0007147-0.0017535-0.0010812
   7 c     dx  0.0014307-0.0004616-0.0002710 0.0002741 0.0009568-0.0006138
           dy  0.0007362-0.0018704 0.0005065 0.0005548 0.0005594 0.0004642
           dz -0.0001631-0.0003729 0.0015720-0.0007638 0.0006652 0.0006899
   8 c     dx -0.0000189 0.0003864-0.0003174-0.0015447-0.0008975-0.0002867
           dy -0.0002399 0.0004351-0.0001846-0.0007723-0.0008718-0.0006404
           dz -0.0004360 0.0002727 0.0001797-0.0001527-0.0006318-0.0014723
   9 o     dx -0.0041205-0.0022497-0.0010396 0.0011156 0.0074700-0.0002733
           dy -0.0010782-0.0042234-0.0009390 0.0018364-0.0572745 0.0000002
           dz -0.0010212-0.0016540-0.0034895-0.0005590 0.0038247 0.0014873
  10 n     dx -0.0017664-0.0010730-0.0000724 0.0008110 0.0000689-0.0005575
           dy  0.0022773-0.0026341 0.0016813 0.0007254 0.0027088 0.0007134
           dz -0.0001098-0.0008210-0.0016909-0.0006722 0.0000362 0.0010632
  11 h     dx -0.0004727 0.0002038-0.0004619-0.0005782-0.0003036-0.0001053
           dy -0.0003414-0.0004984-0.0002310 0.0001258-0.0004499-0.0000620
           dz -0.0004704 0.0001416-0.0002215-0.0000596-0.0002020-0.0004249
  12 h     dx  0.0014664-0.0013850 0.0003573 0.0001369 0.0003243 0.0001908
           dy -0.0006330-0.0015538-0.0004936-0.0000945-0.0004217-0.0000400
           dz  0.0004497-0.0010563 0.0012492 0.0002451 0.0002314 0.0000205
  13 h     dx  0.0001591-0.0001314 0.0000421-0.0003599-0.0001316-0.0000811
           dy -0.0001425 0.0001036-0.0000931 0.0001342-0.0001875-0.0000095
           dz  0.0000281-0.0001051 0.0001145-0.0000471-0.0000762-0.0002570
  14 h     dx -0.0002943-0.0000097 0.0001646-0.0000036 0.0000228-0.0001519
           dy -0.0000444-0.0000802 0.0000109-0.0000318 0.0003219-0.0000743
           dz  0.0002384 0.0000040-0.0003969-0.0002068-0.0000052 0.0001087
  15 h     dx  0.0001501 0.0004518-0.0001421-0.0004940-0.0011592-0.0011378
           dy  0.0001210 0.0000360 0.0000787-0.0009242 0.0017320-0.0006714
           dz -0.0001641 0.0003424 0.0002784-0.0011102-0.0008675 0.0000046
  16 n     dx  0.0021162-0.0025896-0.0002033-0.0004759-0.0004187-0.0002274
           dy -0.0008598-0.0041037-0.0005965-0.0005321 0.0001701-0.0005310
           dz -0.0001095-0.0020192 0.0021682-0.0001540-0.0003144-0.0004133
  17 c     dx -0.0083077 0.0166493-0.0075746 0.0006758 0.0006299 0.0005335
           dy  0.0084602 0.0135788 0.0064135 0.0006294 0.0000904 0.0006953
           dz -0.0075637 0.0128328-0.0041785 0.0004298 0.0004429 0.0003317
  18 n     dx -0.0739784 0.0071888-0.0446719-0.0003379-0.0005781-0.0002262
           dy  0.0053556-0.0244781 0.0041663-0.0008980-0.0004376-0.0008677
           dz -0.0450546 0.0054330-0.0483959-0.0001730-0.0004150-0.0001990
  19 c     dx -0.0057561-0.0054485-0.0045434-0.0007280 0.0003485-0.0001474
           dy -0.0089231 0.0053370-0.0069289 0.0020975 0.0013188 0.0016870
           dz -0.0044528-0.0041955-0.0034283-0.0002677 0.0002677-0.0006443
  20 c     dx  0.0020286-0.0000129-0.0004759 0.0003935-0.0002797 0.0004055
           dy  0.0006291-0.0020147 0.0004688-0.0004292 0.0001203-0.0003936
           dz -0.0003939-0.0000054 0.0022591 0.0005308-0.0001965 0.0001598
  21 c     dx -0.0000435 0.0004934-0.0000460 0.0002096 0.0000098 0.0000943
           dy  0.0001133 0.0015215 0.0000646 0.0008221 0.0000592 0.0007017
           dz -0.0000830 0.0003879 0.0000072-0.0000050-0.0000107 0.0001506
  22 o     dx -0.0020805-0.0060559 0.0000934-0.0007859-0.0008172-0.0004722
           dy -0.0012449-0.0046788-0.0008142 0.0000401-0.0000363-0.0002504
           dz  0.0000577-0.0046904-0.0021601-0.0003673-0.0005822-0.0004941
  23 n     dx -0.0023871-0.0015396-0.0007010 0.0009139 0.0000237 0.0007647
           dy  0.0028497-0.0026294 0.0022651-0.0017271-0.0006643-0.0014575
           dz -0.0008373-0.0012264-0.0020146 0.0006956 0.0000577 0.0005297
  24 h     dx -0.0008138-0.0000057-0.0005906 0.0001284 0.0001074-0.0002724
           dy -0.0001301-0.0005922-0.0001556 0.0001752 0.0004612 0.0002562
           dz -0.0005772 0.0000062-0.0004504-0.0002590 0.0000601 0.0002288
  25 h     dx  0.0015377-0.0006733 0.0004677-0.0003222 0.0007967-0.0005344
           dy -0.0000850-0.0019555-0.0000275 0.0008188 0.0001348 0.0005789
           dz  0.0005468-0.0004508 0.0012666-0.0004707 0.0005697 0.0000933
  26 h     dx  0.0001073-0.0000906-0.0000181 0.0001599 0.0001079-0.0000354
           dy -0.0000565 0.0000375-0.0000893 0.0000147-0.0000258 0.0000945
           dz -0.0000027-0.0000621 0.0001323-0.0000539 0.0000625 0.0001306
  27 h     dx -0.0002889-0.0000538 0.0001398-0.0000577 0.0000470 0.0000782
           dy  0.0000060-0.0001095 0.0000013-0.0000106-0.0000009 0.0000335
           dz  0.0001649-0.0000465-0.0003581 0.0001419 0.0000442-0.0001014
  28 h     dx  0.0000145 0.0005631-0.0000591-0.0001346-0.0000642-0.0001149
           dy  0.0002627 0.0000497 0.0001906 0.0002515-0.0000360 0.0002281
           dz -0.0000610 0.0004359 0.0000387-0.0001157-0.0000411-0.0000239

   ATOM              3 n                           4 c 
                  dx        dy        dz        dx        dy        dz
   3 n     dx  0.4570279
           dy  0.0101563 0.9086638
           dz  0.2913779 0.0190889 0.2873216
   4 c     dx -0.1665782 0.0444217-0.0762049 0.5491806
           dy -0.0006619-0.1615312-0.0025449 0.1886259 0.8160834
           dz -0.0765562 0.0314236-0.1189976 0.2714519 0.1486061 0.3948788
   5 n     dx -0.0010534 0.0350103-0.0101631-0.1169119 0.0330654-0.0360747
           dy  0.0535257-0.0132306 0.0398882 0.0377163-0.2238368 0.0264315
           dz -0.0099251 0.0259129 0.0059419-0.0361828 0.0230856-0.0956375
   6 c     dx -0.0435313-0.0178392-0.0285964 0.0312195-0.0447394 0.0343908
           dy -0.0128902 0.0076571-0.0094766-0.0137378-0.0683660-0.0109393
           dz -0.0284949-0.0132928-0.0274724 0.0348337-0.0342147 0.0104909
   7 c     dx  0.0293843-0.0129254 0.0154505-0.0139328 0.0198102-0.0091222
           dy -0.0260293-0.0595953-0.0204780 0.0212142-0.0208511 0.0157089
           dz  0.0152776-0.0107586 0.0200738-0.0091292 0.0147303-0.0081640
   8 c     dx -0.1671905-0.1078570-0.0978503-0.0367726-0.0020132-0.0275524
           dy -0.0719076-0.2557011-0.0563455-0.0430686 0.0564611-0.0315634
           dz -0.0973769-0.0834086-0.1138798-0.0280404-0.0006471-0.0214719
   9 o     dx -0.0441916-0.0403750-0.0464095-0.2334867-0.2322034-0.1420291
           dy -0.0132393 0.0179812-0.0097812-0.2370350-0.3892098-0.1807558
           dz -0.0461497-0.0302338-0.0180112-0.1417791-0.1768742-0.1572604
  10 n     dx  0.0067999 0.0048998 0.0060108-0.0050170 0.0024019-0.0089509
           dy  0.0005694-0.0137293 0.0002064-0.0024719 0.0190526-0.0017466
           dz  0.0058960 0.0034319 0.0034888-0.0090563 0.0020707 0.0001583
  11 h     dx -0.0001484 0.0009126-0.0000236 0.0025826-0.0014210-0.0013603
           dy  0.0007432 0.0012734 0.0005921-0.0012164-0.0013378-0.0009644
           dz -0.0000148 0.0007266-0.0001068-0.0013502-0.0011468 0.0033205
  12 h     dx -0.0007764-0.0017223-0.0006445 0.0002500 0.0022458 0.0011969
           dy -0.0007260 0.0004248-0.0005111 0.0000811-0.0011075 0.0000678
           dz -0.0005769-0.0012859-0.0004858 0.0011915 0.0016873-0.0004134
  13 h     dx  0.0042954 0.0035248-0.0035439-0.0013827 0.0015768-0.0013307
           dy  0.0025222-0.0042528 0.0017250 0.0005394-0.0011133 0.0003902
           dz -0.0035298 0.0024870 0.0064135-0.0013553 0.0011935-0.0005873
  14 h     dx -0.0115886 0.0044355-0.0109616 0.0033194-0.0031515-0.0009506
           dy -0.0254661 0.0089900-0.0190921-0.0002592-0.0041250-0.0003442
           dz -0.0114025 0.0034298-0.0054357-0.0009030-0.0024786 0.0037809
  15 h     dx -0.0653167 0.0786061-0.0382197-0.0017712 0.0297621 0.0005591
           dy  0.0788871-0.4363734 0.0533503 0.0028189-0.0037751 0.0020762
           dz -0.0381958 0.0531601-0.0417362 0.0002220 0.0222914-0.0015936
  16 n     dx  0.0002001 0.0005670 0.0000476-0.0003376-0.0017510-0.0001264
           dy  0.0004949 0.0004648 0.0004034-0.0007359-0.0016455-0.0005656
           dz  0.0000318 0.0004718 0.0001057-0.0000547-0.0013992-0.0002992
  17 c     dx -0.0001054-0.0006744-0.0000975 0.0009020 0.0018470 0.0006146
           dy -0.0012619-0.0009450-0.0009919 0.0022768 0.0022821 0.0017042
           dz -0.0001623-0.0005267-0.0000322 0.0006194 0.0014053 0.0006158
  18 n     dx -0.0003305-0.0000736-0.0000526 0.0002599 0.0000286 0.0002712
           dy  0.0008294 0.0015373 0.0006725-0.0030868-0.0052092-0.0023767
           dz -0.0000729-0.0000227-0.0003167 0.0002970-0.0000172 0.0000838
  19 c     dx  0.0005023-0.0000569 0.0002644-0.0009436-0.0001235-0.0003570
           dy -0.0009605-0.0013210-0.0007544 0.0029821 0.0077233 0.0022986
           dz  0.0002185-0.0000163 0.0003731-0.0003762-0.0001636-0.0007226
  20 c     dx -0.0002161-0.0000307-0.0004305 0.0002767 0.0004469 0.0008440
           dy  0.0003395 0.0004451 0.0002795-0.0004430-0.0018131-0.0003471
           dz -0.0004603 0.0000213-0.0000511 0.0009261 0.0003003-0.0001636
  21 c     dx -0.0000369-0.0000879-0.0002277 0.0001626 0.0002959 0.0005673
           dy -0.0006091-0.0001658-0.0004780 0.0013702 0.0012165 0.0010247
           dz -0.0003062-0.0000415 0.0000707 0.0006073 0.0001798-0.0001041
  22 o     dx -0.0000855 0.0006622-0.0000009 0.0002358-0.0017917-0.0003746
           dy  0.0007185 0.0006833 0.0005820-0.0009234-0.0017150-0.0007095
           dz -0.0000402 0.0005223-0.0000877-0.0003207-0.0013492 0.0004118
  23 n     dx -0.0001730-0.0001739-0.0002895 0.0002609 0.0013464 0.0010040
           dy  0.0007867 0.0010865 0.0006321-0.0018426-0.0054876-0.0014432
           dz -0.0002777-0.0000797-0.0000722 0.0010099 0.0009177-0.0003267
  24 h     dx  0.0000282 0.0000514 0.0000313-0.0001595-0.0000523-0.0000576
           dy  0.0000984-0.0000696 0.0000616-0.0000350 0.0001755-0.0000328
           dz  0.0000181 0.0000313 0.0000087-0.0000403-0.0000244-0.0001084
  25 h     dx  0.0007875 0.0003039 0.0004650-0.0012638-0.0022556-0.0009929
           dy -0.0002485-0.0003799-0.0002037 0.0007133 0.0020146 0.0005535
           dz  0.0004127 0.0002127 0.0005511-0.0009340-0.0016184-0.0006803
  26 h     dx  0.0000100 0.0000522-0.0000114-0.0000743-0.0000949 0.0000126
           dy  0.0000069-0.0000146-0.0000024 0.0000329 0.0000535 0.0000210
           dz -0.0000201 0.0000377 0.0000139 0.0000194-0.0000808-0.0000771
  27 h     dx  0.0000112 0.0000118 0.0000307-0.0000649-0.0000134 0.0000156
           dy -0.0000129 0.0000314 0.0000029 0.0000244-0.0000869 0.0000237
           dz  0.0000430 0.0000162-0.0000238 0.0000301-0.0000145-0.0000776
  28 h     dx  0.0000044-0.0000392 0.0000037-0.0000006-0.0000128-0.0000113
           dy -0.0001558 0.0000274-0.0001156 0.0002742 0.0000863 0.0002063
           dz  0.0000004-0.0000248 0.0000008-0.0000076-0.0000114 0.0000086

   ATOM              5 n                           6 c 
                  dx        dy        dz        dx        dy        dz
   5 n     dx  0.3599781
           dy  0.0908367 0.6801511
           dz  0.2146018 0.0745825 0.2390242
   6 c     dx -0.1842385-0.0980657-0.1009616 0.5324968
           dy -0.1027258-0.2460907-0.0786608-0.0148103 0.8464051
           dz -0.1009960-0.0751502-0.1288995 0.2652435-0.0038880 0.3790931
   7 c     dx -0.0180990-0.0267230-0.0232804-0.2077577 0.0323654-0.1031787
           dy -0.0256942 0.0281002-0.0191055 0.0078256-0.1178890 0.0046234
           dz -0.0232968-0.0199113-0.0053599-0.1035725 0.0232270-0.1461381
   8 c     dx -0.0015043-0.0182931 0.0007569 0.0093320 0.0394135 0.0052650
           dy -0.0007891-0.0438999-0.0011045 0.0589652-0.0049119 0.0443366
           dz  0.0009866-0.0143276-0.0022478 0.0054332 0.0296473 0.0075083
   9 o     dx  0.0164861-0.0169440 0.0038351 0.0020252 0.0053370-0.0039498
           dy -0.0340967-0.0965120-0.0269380 0.0181937 0.0089292 0.0136672
           dz  0.0035256-0.0140619 0.0136755-0.0038050 0.0040154 0.0045725
  10 n     dx  0.0154527-0.0350966 0.0052501-0.1297901 0.0789585-0.0594238
           dy -0.0101426-0.0816926-0.0086553 0.0765932-0.4045492 0.0535248
           dz  0.0054423-0.0275901 0.0118230-0.0595652 0.0559733-0.0947002
  11 h     dx  0.0018025 0.0053918-0.0016172 0.0072134 0.0058950 0.0101326
           dy  0.0027015-0.0015633 0.0020011-0.0174094-0.0215516-0.0131980
           dz -0.0016256 0.0040144 0.0028384 0.0098978 0.0040889 0.0013329
  12 h     dx -0.0025678-0.0052435 0.0005623-0.0049295 0.0081447-0.0014968
           dy -0.0003425 0.0030702-0.0001773 0.0284291-0.0032525 0.0215411
           dz  0.0006691-0.0038619-0.0029739-0.0011686 0.0060241-0.0037268
  13 h     dx -0.0021828 0.0008937-0.0045188-0.0075951-0.0177779-0.0060983
           dy  0.0032160 0.0006795 0.0023836 0.0060824 0.0101810 0.0047534
           dz -0.0044956 0.0006248 0.0004589-0.0057393-0.0132557-0.0043654
  14 h     dx -0.0000005 0.0006770 0.0010350 0.0036427 0.0001142-0.0054583
           dy -0.0001582 0.0002522-0.0001017 0.0007016-0.0066056 0.0002990
           dz  0.0010267 0.0005004-0.0005743-0.0054053-0.0001510 0.0067933
  15 h     dx -0.0030073 0.0020416-0.0060334-0.0024193-0.0006439-0.0018209
           dy  0.0002457 0.0022698 0.0001370 0.0015711-0.0010446 0.0011680
           dz -0.0060658 0.0015145 0.0005337-0.0017974-0.0005043-0.0013578
  16 n     dx -0.0003296 0.0012432 0.0001538 0.0003069-0.0011410 0.0001304
           dy  0.0000794 0.0019299 0.0000930 0.0000437-0.0017260 0.0000322
           dz  0.0001190 0.0009829-0.0004257 0.0002241-0.0009140 0.0002031
  17 c     dx -0.0006692-0.0029504-0.0005323-0.0003588 0.0016252-0.0004612
           dy -0.0007115-0.0052352-0.0006146-0.0000364 0.0059546-0.0000194
           dz -0.0005566-0.0022834-0.0003665-0.0004783 0.0012303-0.0000243
  18 n     dx  0.0049911-0.0012918-0.0000200-0.0000168 0.0003808-0.0002666
           dy  0.0012646 0.0100893 0.0009982 0.0010840-0.0036309 0.0007896
           dz  0.0001667-0.0009505 0.0048737-0.0002159 0.0002496 0.0001413
  19 c     dx  0.0001909 0.0011423-0.0002908-0.0002670-0.0009611-0.0001992
           dy -0.0004102-0.0035751-0.0003183-0.0003771 0.0002616-0.0003149
           dz -0.0003336 0.0009088 0.0004116-0.0001932-0.0007986-0.0001181
  20 c     dx -0.0000257-0.0004383 0.0000489 0.0001679 0.0006676 0.0001663
           dy -0.0001218 0.0012024-0.0000562 0.0000854-0.0008271 0.0000693
           dz  0.0000543-0.0003172-0.0000970 0.0002269 0.0004888 0.0000813
  21 c     dx -0.0000542-0.0003368-0.0002508 0.0000893 0.0004687 0.0000364
           dy -0.0003825-0.0012110-0.0003291 0.0002404 0.0014150 0.0001571
           dz -0.0002775-0.0002461 0.0000719 0.0000685 0.0003206 0.0001188
  22 o     dx -0.0001776 0.0022285-0.0001714 0.0005350-0.0012463 0.0001604
           dy  0.0001354 0.0019898 0.0001703 0.0000219-0.0035668 0.0000182
           dz -0.0001983 0.0017043-0.0000488 0.0002072-0.0009635 0.0004285
  23 n     dx  0.0003655-0.0006994-0.0003089-0.0000404 0.0003811 0.0002078
           dy  0.0000420 0.0022979 0.0000788 0.0002825-0.0008492 0.0002307
           dz -0.0002864-0.0004631 0.0004930 0.0002466 0.0002391-0.0001862
  24 h     dx -0.0000200 0.0000543 0.0000225-0.0000688-0.0000081-0.0000205
           dy  0.0000799-0.0000061 0.0000447-0.0000965-0.0001124-0.0000964
           dz  0.0000119 0.0000265-0.0000230-0.0000203-0.0000069-0.0000436
  25 h     dx  0.0002072 0.0010155 0.0002604-0.0001554-0.0006888-0.0002286
           dy  0.0000108-0.0006122-0.0000099-0.0001152-0.0000046-0.0000997
           dz  0.0002355 0.0007245 0.0000912-0.0002340-0.0005109 0.0000088
  26 h     dx -0.0000095 0.0000654 0.0000363-0.0000258 0.0000835 0.0000081
           dy  0.0000001-0.0000457-0.0000103-0.0000176-0.0000318-0.0000293
           dz  0.0000313 0.0000487-0.0000241 0.0000115 0.0000611-0.0000205
  27 h     dx  0.0000202 0.0000397-0.0000250-0.0000384-0.0000444-0.0000066
           dy -0.0000438 0.0000377-0.0000269 0.0000126-0.0000131 0.0000158
           dz -0.0000135 0.0000357 0.0000236 0.0000105-0.0000378-0.0000455
  28 h     dx -0.0000287-0.0001510 0.0000225-0.0000347 0.0000860-0.0000466
           dy -0.0001351-0.0001900-0.0001051 0.0000892 0.0003486 0.0000677
           dz  0.0000185-0.0001149-0.0000430-0.0000455 0.0000677-0.0000082

   ATOM              7 c                           8 c 
                  dx        dy        dz        dx        dy        dz
   7 c     dx  0.4716082
           dy  0.0208434 0.8609470
           dz  0.2736914 0.0251758 0.3146007
   8 c     dx -0.1206909 0.0865636-0.0471449 0.5334057
           dy  0.0611164-0.4540258 0.0409539-0.0599505 0.8266769
           dz -0.0474053 0.0599227-0.0920474 0.3024139-0.0356490 0.3575697
   9 o     dx -0.0019952-0.0019911 0.0001964 0.0018265 0.0078511-0.0022386
           dy -0.0088734 0.0052404-0.0066505-0.0034271-0.0140980-0.0028662
           dz  0.0001364-0.0014379-0.0021994-0.0023848 0.0056453 0.0032893
  10 n     dx -0.0101087 0.0441507-0.0149539-0.0065242-0.0105235-0.0079648
           dy  0.0214552-0.0231093 0.0156812-0.0012349 0.0132450-0.0008536
           dz -0.0152212 0.0327917-0.0004738-0.0079111-0.0077099-0.0020713
  11 h     dx -0.0012634 0.0022609 0.0010552-0.0006849-0.0013672 0.0001090
           dy -0.0013460 0.0018662-0.0009436-0.0007265-0.0012085-0.0005333
           dz  0.0010007 0.0017863-0.0018716 0.0001254-0.0010454-0.0007906
  12 h     dx  0.0045085-0.0013046-0.0015012 0.0011234 0.0019632-0.0004235
           dy -0.0004433-0.0053267-0.0004367 0.0015401 0.0007233 0.0011799
           dz -0.0014325-0.0011209 0.0052437-0.0003716 0.0014435 0.0013404
  13 h     dx -0.1364382-0.1246483-0.0833051 0.0063867 0.0072087 0.0054694
           dy -0.1227698-0.2147180-0.0941007-0.0176304-0.0141067-0.0134608
           dz -0.0833133-0.0955843-0.0926217 0.0051428 0.0052336 0.0032180
  14 h     dx  0.0035722-0.0009207-0.0030181-0.2241094 0.0718062-0.1391954
           dy  0.0217269-0.0019632 0.0162263 0.0776884-0.0900306 0.0567689
           dz -0.0027429-0.0007728 0.0054961-0.1392650 0.0523692-0.1407105
  15 h     dx -0.0002934-0.0036439-0.0038181 0.0068802-0.0201732 0.0088769
           dy -0.0045455 0.0020639-0.0034692 0.0059663-0.0182906 0.0043306
           dz -0.0038357-0.0027671 0.0017876 0.0092209-0.0153861 0.0014846
  16 n     dx -0.0002512 0.0002867-0.0001169-0.0001008-0.0003755-0.0001127
           dy -0.0000745 0.0002849-0.0000009-0.0000874-0.0003944-0.0000553
           dz -0.0001365 0.0002569-0.0002556-0.0000364-0.0003242-0.0000987
  17 c     dx  0.0002357-0.0004063 0.0002518 0.0002595 0.0004160 0.0001276
           dy  0.0003520-0.0010887 0.0001966 0.0004630 0.0011335 0.0003004
           dz  0.0001943-0.0003142 0.0001426 0.0001107 0.0002838 0.0002526
  18 n     dx -0.0000373-0.0000464 0.0002508 0.0000063 0.0000670-0.0001048
           dy -0.0002077 0.0009394-0.0000918-0.0003155-0.0007703-0.0002294
           dz  0.0002275 0.0000010-0.0002044-0.0000680 0.0000294 0.0000395
  19 c     dx  0.0001354 0.0000614 0.0001090-0.0000727-0.0001082 0.0000155
           dy  0.0002659-0.0004527 0.0001675 0.0005291 0.0006299 0.0003654
           dz  0.0000492 0.0000694 0.0001057-0.0000073-0.0001285-0.0000377
  20 c     dx -0.0000531-0.0000497-0.0000493 0.0000194 0.0001255 0.0000888
           dy -0.0000698 0.0001469-0.0000112-0.0000278-0.0002352-0.0000151
           dz -0.0000598 0.0000008-0.0000942 0.0001450 0.0000640-0.0000644
  21 c     dx  0.0000241-0.0000832 0.0000488 0.0000629 0.0000980 0.0000817
           dy  0.0000033-0.0001997-0.0000232 0.0002517 0.0002959 0.0001471
           dz -0.0000144-0.0000386-0.0000031 0.0000884 0.0000254 0.0000448
  22 o     dx -0.0002904 0.0002274-0.0001374 0.0000638-0.0003886-0.0002338
           dy -0.0003297 0.0007082-0.0001704-0.0002482-0.0007063-0.0001608
           dz -0.0001903 0.0002039-0.0002206-0.0001925-0.0002946 0.0001699
  23 n     dx -0.0000311-0.0000488 0.0000458-0.0000023 0.0001742 0.0002064
           dy -0.0002678 0.0004042-0.0001432-0.0003274-0.0006235-0.0002309
           dz  0.0000641 0.0000052-0.0001465 0.0002515 0.0001033-0.0001792
  24 h     dx -0.0000371 0.0000520 0.0000122-0.0000548 0.0000410 0.0000068
           dy  0.0000778-0.0000364 0.0000332 0.0000447 0.0000332 0.0000131
           dz  0.0000068 0.0000325-0.0000318 0.0000047 0.0000224-0.0000463
  25 h     dx  0.0001399 0.0000972-0.0000211-0.0000430-0.0002173-0.0001579
           dy  0.0001063-0.0001208 0.0000632 0.0001400 0.0001611 0.0000882
           dz -0.0000591 0.0000667 0.0002030-0.0001859-0.0001620 0.0001009
  26 h     dx -0.0000218 0.0000276 0.0000022-0.0000274 0.0000427 0.0000103
           dy  0.0000141-0.0000160-0.0000051 0.0000157 0.0000058-0.0000023
           dz -0.0000024 0.0000178-0.0000190 0.0000098 0.0000228-0.0000284
  27 h     dx -0.0000232 0.0000111 0.0000304-0.0000255 0.0000040 0.0000191
           dy -0.0000187 0.0000084-0.0000012-0.0000015-0.0000052 0.0000099
           dz  0.0000422 0.0000160-0.0000603 0.0000389 0.0000017-0.0000535
  28 h     dx  0.0000112-0.0000467 0.0000198 0.0000007 0.0000024-0.0000027
           dy -0.0000374-0.0000058-0.0000297 0.0000353 0.0000791 0.0000256
           dz  0.0000165-0.0000304-0.0000038 0.0000003 0.0000034 0.0000023

   ATOM              9 o                          10 n 
                  dx        dy        dz        dx        dy        dz
   9 o     dx  0.2623549
           dy  0.2802595 0.5372348
           dz  0.1895443 0.2161493 0.1595095
  10 n     dx  0.0005535-0.0028192 0.0013035 0.5590662
           dy -0.0021551-0.0067574-0.0017192 0.0171869 0.8638160
           dz  0.0012747-0.0022760-0.0002346 0.4001035 0.0205594 0.3304331
  11 h     dx -0.0001716 0.0009252 0.0004765-0.1539000-0.1586152-0.1158188
           dy  0.0006537 0.0006080 0.0005027-0.1566168-0.2843423-0.1190025
           dz  0.0004743 0.0007090-0.0004131-0.1157328-0.1202672-0.0909279
  12 h     dx -0.0011008-0.0011355-0.0009041-0.2768204 0.0569038-0.2074266
           dy -0.0001131 0.0007383-0.0000642 0.0584422-0.0859359 0.0423500
           dz -0.0008662-0.0008523-0.0006121-0.2078559 0.0413400-0.1560674
  13 h     dx  0.0003880 0.0000221 0.0009024 0.0007999-0.0005245 0.0015317
           dy  0.0000498 0.0007326 0.0000513 0.0000544 0.0003301 0.0000731
           dz  0.0009055 0.0000306-0.0001249 0.0015217-0.0003691-0.0000841
  14 h     dx -0.0007502 0.0001864-0.0006610-0.0001221-0.0002203 0.0005893
           dy -0.0019628-0.0005858-0.0014850 0.0013428 0.0007938 0.0010352
           dz -0.0007002 0.0001163-0.0003778 0.0006209-0.0001466-0.0004401
  15 h     dx  0.0006154-0.0025525 0.0028743 0.0004956-0.0004614 0.0006590
           dy -0.0030393-0.0023837-0.0022861-0.0006295 0.0017738-0.0004452
           dz  0.0028550-0.0019214-0.0011374 0.0006576-0.0003150 0.0001121
  16 n     dx  0.0002740 0.0015464 0.0001093-0.0003614 0.0007992-0.0000838
           dy  0.0006120 0.0012202 0.0004840-0.0002339 0.0010247-0.0001193
           dz  0.0001008 0.0012309 0.0002442-0.0001086 0.0006618-0.0003859
  17 c     dx -0.0005466-0.0014764-0.0004227 0.0003275-0.0010326 0.0003913
           dy -0.0016440-0.0017947-0.0012471 0.0008092-0.0035816 0.0005136
           dz -0.0004290-0.0011475-0.0003251 0.0003688-0.0007914 0.0001380
  18 n     dx -0.0001524 0.0009449-0.0007070 0.0002423-0.0001762-0.0000517
           dy  0.0023604 0.0029389 0.0018059-0.0006202 0.0017695-0.0004014
           dz -0.0006907 0.0007255 0.0002781-0.0000516-0.0001062 0.0002112
  19 c     dx  0.0004761 0.0001806 0.0000806 0.0000864 0.0005216 0.0001172
           dy -0.0029304-0.0069355-0.0022802 0.0002505-0.0006098 0.0001499
           dz  0.0000681 0.0001969 0.0004737 0.0000545 0.0004480 0.0000361
  20 c     dx -0.0002779-0.0004245-0.0006436-0.0000197-0.0004417 0.0000339
           dy  0.0004330 0.0016077 0.0003554-0.0001668 0.0005503-0.0000832
           dz -0.0006489-0.0002815 0.0000476 0.0000184-0.0002924-0.0001324
  21 c     dx -0.0001119-0.0002983-0.0004860 0.0000478-0.0003412 0.0001362
           dy -0.0011194-0.0011419-0.0008548 0.0000672-0.0009775 0.0000074
           dz -0.0005079-0.0002062 0.0001518 0.0000839-0.0002248-0.0000552
  22 o     dx -0.0003998 0.0017617 0.0000388-0.0001603 0.0006830-0.0003431
           dy  0.0008880 0.0011180 0.0006903-0.0006775 0.0022914-0.0004097
           dz -0.0000041 0.0013382-0.0003620-0.0003720 0.0005413 0.0000096
  23 n     dx  0.0001257-0.0013515-0.0008792 0.0000274-0.0003261 0.0000293
           dy  0.0018293 0.0050330 0.0014582-0.0003845 0.0007908-0.0002254
           dz -0.0008099-0.0009385 0.0005950 0.0000323-0.0001857-0.0001029
  24 h     dx  0.0000318 0.0001792 0.0000914-0.0000828 0.0000538 0.0000046
           dy  0.0000861-0.0003481 0.0000574 0.0000696 0.0000147 0.0000211
           dz  0.0000666 0.0001132-0.0000214-0.0000001 0.0000359-0.0000693
  25 h     dx  0.0009692 0.0015950 0.0013166 0.0000406 0.0004322-0.0000444
           dy -0.0008336-0.0020899-0.0006504 0.0001748-0.0000650 0.0001172
           dz  0.0012690 0.0011324 0.0001812-0.0000759 0.0003135 0.0001134
  26 h     dx  0.0000504 0.0001335 0.0000045-0.0000463-0.0000106 0.0000169
           dy -0.0000351-0.0000692-0.0000251 0.0000078 0.0000034-0.0000156
           dz -0.0000013 0.0001043 0.0000468 0.0000126-0.0000098-0.0000499
  27 h     dx  0.0000283 0.0000172 0.0000005-0.0000314 0.0000314 0.0000247
           dy -0.0000194 0.0000688-0.0000080-0.0000233 0.0000079-0.0000096
           dz  0.0000117 0.0000182 0.0000248 0.0000316 0.0000315-0.0000649
  28 h     dx -0.0000154 0.0000258-0.0000023-0.0000000-0.0000779 0.0000536
           dy -0.0002144-0.0000271-0.0001581-0.0000205-0.0001887-0.0000218
           dz -0.0000034 0.0000221-0.0000081 0.0000500-0.0000555-0.0000362

   ATOM             11 h                          12 h 
                  dx        dy        dz        dx        dy        dz
  11 h     dx  0.1518102
           dy  0.1649496 0.2953190
           dz  0.1115030 0.1254144 0.0913801
  12 h     dx -0.0058467 0.0073156-0.0029176 0.2842738
           dy -0.0195123 0.0121086-0.0146538-0.0666757 0.0813416
           dz -0.0030878 0.0056473-0.0042721 0.2117410-0.0486370 0.1607593
  13 h     dx -0.0002694 0.0007769-0.0009169-0.0001553 0.0000808 0.0004339
           dy  0.0005257 0.0001684 0.0003932-0.0001190 0.0000116-0.0000770
           dz -0.0009173 0.0005824 0.0002625 0.0004280 0.0000722-0.0004036
  14 h     dx  0.0000952 0.0000603-0.0001140-0.0003404-0.0000182 0.0004360
           dy -0.0000241 0.0000952-0.0000210 0.0000512-0.0004203 0.0000451
           dz -0.0001168 0.0000482 0.0001623 0.0004345-0.0000064-0.0005874
  15 h     dx -0.0000063 0.0001356 0.0000501-0.0001146-0.0001071-0.0000486
           dy -0.0001859-0.0001487-0.0001436 0.0001987 0.0000030 0.0001485
           dz  0.0000447 0.0001014-0.0000324-0.0000508-0.0000769-0.0000854
  16 n     dx  0.0000297 0.0000538 0.0000431 0.0009049-0.0002987 0.0004915
           dy  0.0000438-0.0001523 0.0000252 0.0004400-0.0004151 0.0003356
           dz  0.0000515 0.0000325 0.0000003 0.0005382-0.0002616 0.0006758
  17 c     dx -0.0000117-0.0001188-0.0000338-0.0010736 0.0003288-0.0009321
           dy  0.0000813 0.0002004 0.0000492-0.0021470 0.0015475-0.0016438
           dz -0.0000294-0.0000938 0.0000061-0.0009289 0.0002388-0.0005479
  18 n     dx  0.0000035 0.0001223 0.0000571 0.0001240 0.0001262 0.0002079
           dy -0.0000157-0.0000045-0.0000130 0.0013409-0.0003940 0.0010219
           dz  0.0000610 0.0000860-0.0000298 0.0002216 0.0000837 0.0000291
  19 c     dx -0.0000672-0.0001833-0.0000273-0.0001060-0.0002599-0.0002304
           dy  0.0000306-0.0001422 0.0000092-0.0008103-0.0000821-0.0006180
           dz -0.0000263-0.0001624-0.0000462-0.0002048-0.0002249 0.0000518
  20 c     dx -0.0000109 0.0001369 0.0000452 0.0001118 0.0002013-0.0000830
           dy  0.0000426-0.0000996 0.0000246 0.0002110-0.0001694 0.0001600
           dz  0.0000516 0.0000830-0.0000306-0.0000425 0.0001268 0.0001967
  21 c     dx -0.0000142 0.0000439 0.0000237-0.0000272 0.0001424-0.0002239
           dy  0.0000845 0.0001016 0.0000499-0.0003616 0.0003981-0.0002804
           dz  0.0000289 0.0000148-0.0000228-0.0001864 0.0000789 0.0001331
  22 o     dx  0.0000115 0.0001249 0.0000613 0.0009381-0.0002609 0.0012075
           dy  0.0000229-0.0001968 0.0000160 0.0013513-0.0010960 0.0010363
           dz  0.0000618 0.0001080-0.0000312 0.0012146-0.0002116 0.0003028
  23 n     dx -0.0000645 0.0000940 0.0000412-0.0000261 0.0001598-0.0000893
           dy  0.0000266-0.0000098 0.0000186 0.0005784-0.0000007 0.0004431
           dz  0.0000451 0.0000437-0.0000826-0.0000654 0.0000982 0.0000560
  24 h     dx -0.0000158 0.0000004-0.0000098 0.0000014 0.0000242-0.0000237
           dy -0.0000003-0.0000339-0.0000044-0.0000708-0.0000552-0.0000564
           dz -0.0000090-0.0000022-0.0000076-0.0000223 0.0000163 0.0000171
  25 h     dx -0.0000167-0.0000781-0.0000343 0.0000730-0.0001195 0.0000304
           dy  0.0000252-0.0000630 0.0000169-0.0001620-0.0002038-0.0001242
           dz -0.0000349-0.0000591 0.0000070 0.0000321-0.0000886 0.0000584
  26 h     dx -0.0000072 0.0000119-0.0000009 0.0000054 0.0000281-0.0000198
           dy  0.0000058-0.0000118 0.0000014-0.0000137-0.0000176-0.0000120
           dz -0.0000004 0.0000067-0.0000048-0.0000160 0.0000195 0.0000201
  27 h     dx -0.0000049-0.0000053-0.0000001 0.0000086-0.0000117-0.0000120
           dy  0.0000062 0.0000043 0.0000044 0.0000291-0.0000033 0.0000222
           dz  0.0000018-0.0000058-0.0000062-0.0000063-0.0000125 0.0000181
  28 h     dx  0.0000059-0.0000083-0.0000149-0.0000414 0.0000323-0.0000813
           dy  0.0000111 0.0000695 0.0000076 0.0000529 0.0000884 0.0000398
           dz -0.0000136-0.0000064 0.0000127-0.0000796 0.0000229 0.0000037

   ATOM             13 h                          14 h 
                  dx        dy        dz        dx        dy        dz
  13 h     dx  0.1369072
           dy  0.1284461 0.2219184
           dz  0.0889605 0.0986606 0.0899280
  14 h     dx -0.0014550-0.0001181 0.0027031 0.2286366
           dy -0.0001282 0.0009218-0.0000192-0.0730763 0.0912500
           dz  0.0026978-0.0000094-0.0029947 0.1542380-0.0531645 0.1366557
  15 h     dx  0.0009516-0.0008288-0.0003605-0.0004719-0.0002581 0.0012040
           dy  0.0004853-0.0004198 0.0003392 0.0002168 0.0012394 0.0002063
           dz -0.0003448-0.0006473 0.0011488 0.0012227-0.0001503-0.0011625
  16 n     dx  0.0000117 0.0000072 0.0000130-0.0000037-0.0000176 0.0000777
           dy  0.0000495-0.0000622 0.0000317-0.0000035 0.0000001 0.0000106
           dz  0.0000230 0.0000015-0.0000076 0.0000561 0.0000111-0.0000555
  17 c     dx -0.0000155-0.0000115-0.0000253-0.0000601-0.0000131 0.0000019
           dy -0.0000446 0.0000838-0.0000455-0.0000029-0.0000345-0.0000020
           dz -0.0000250-0.0000114-0.0000003-0.0000215 0.0000031-0.0000552
  18 n     dx  0.0000058 0.0000346 0.0000438 0.0000262-0.0000247 0.0000174
           dy  0.0000800-0.0000757 0.0000588 0.0000351 0.0000126 0.0000346
           dz  0.0000485 0.0000217-0.0000212 0.0000047-0.0000046 0.0000112
  19 c     dx -0.0000140-0.0000504 0.0000008-0.0000501-0.0000044-0.0000029
           dy  0.0000958-0.0000612 0.0000615-0.0000610-0.0000340-0.0000425
           dz -0.0000004-0.0000512-0.0000080-0.0000230 0.0000097-0.0000471
  20 c     dx -0.0000086 0.0000370 0.0000107-0.0000056-0.0000199 0.0000497
           dy  0.0000241-0.0000409 0.0000114 0.0000001-0.0000004 0.0000119
           dz  0.0000174 0.0000148-0.0000191 0.0000347 0.0000044-0.0000455
  21 c     dx -0.0000095 0.0000095 0.0000086-0.0000226-0.0000195 0.0000419
           dy  0.0000414 0.0000135 0.0000176 0.0000052-0.0000181 0.0000105
           dz  0.0000111-0.0000044-0.0000135 0.0000163 0.0000064-0.0000496
  22 o     dx  0.0000293-0.0000046 0.0000146 0.0000080-0.0000242 0.0000708
           dy  0.0000589-0.0000764 0.0000449 0.0000043 0.0000134 0.0000138
           dz  0.0000208 0.0000058 0.0000099 0.0000471 0.0000019-0.0000279
  23 n     dx -0.0000236 0.0000259 0.0000279-0.0000147-0.0000121 0.0000295
           dy -0.0000230 0.0000001-0.0000188 0.0000317 0.0000139 0.0000347
           dz  0.0000317 0.0000033-0.0000408 0.0000215 0.0000050-0.0000450
  24 h     dx -0.0000085 0.0000063-0.0000033-0.0000038 0.0000048-0.0000012
           dy  0.0000086-0.0000130 0.0000030-0.0000056 0.0000053-0.0000056
           dz -0.0000033 0.0000025-0.0000045-0.0000025 0.0000035-0.0000031
  25 h     dx -0.0000067-0.0000191-0.0000180 0.0000069 0.0000295-0.0000103
           dy  0.0000280-0.0000272 0.0000188-0.0000140-0.0000115-0.0000126
           dz -0.0000206-0.0000154 0.0000093-0.0000145 0.0000209 0.0000184
  26 h     dx -0.0000065 0.0000063-0.0000009-0.0000013 0.0000025 0.0000031
           dy  0.0000048-0.0000039 0.0000009-0.0000011-0.0000004-0.0000012
           dz -0.0000008 0.0000028-0.0000051 0.0000014 0.0000028-0.0000036
  27 h     dx -0.0000025-0.0000004 0.0000017-0.0000043 0.0000001 0.0000042
           dy  0.0000026-0.0000006 0.0000021 0.0000004 0.0000001 0.0000026
           dz  0.0000037-0.0000011-0.0000053 0.0000037 0.0000027-0.0000092
  28 h     dx -0.0000009-0.0000022-0.0000051-0.0000048-0.0000030 0.0000005
           dy  0.0000005 0.0000147-0.0000007 0.0000068-0.0000001 0.0000058
           dz -0.0000044-0.0000014 0.0000010-0.0000016 0.0000000-0.0000051

   ATOM             15 h                          16 n 
                  dx        dy        dz        dx        dy        dz
  15 h     dx  0.0649546
           dy -0.0811459 0.4531964
           dz  0.0372116-0.0548017 0.0419490
  16 n     dx -0.0000232-0.0000975 0.0000037 0.4469983
           dy -0.0000475-0.0000162-0.0000275-0.0084632 0.9077166
           dz  0.0000098-0.0000747-0.0000216 0.2953616-0.0056253 0.2992239
  17 c     dx  0.0000192 0.0001478 0.0000081-0.1673249 0.0449775-0.0837886
           dy  0.0000668 0.0001030 0.0000532 0.0019256-0.1538089 0.0009155
           dz  0.0000063 0.0001123 0.0000271-0.0834600 0.0348296-0.1225114
  18 n     dx  0.0000342-0.0000760 0.0000841-0.0037482 0.0363238-0.0104404
           dy -0.0001654-0.0001353-0.0001205 0.0477180 0.0040852 0.0373649
           dz  0.0000876-0.0000561-0.0000129-0.0103276 0.0281761 0.0014821
  19 c     dx -0.0000794 0.0000611-0.0000244-0.0397373-0.0272096-0.0282051
           dy  0.0001916 0.0002498 0.0001495-0.0144374 0.0002766-0.0112666
           dz -0.0000293 0.0000491-0.0000629-0.0281342-0.0214676-0.0260159
  20 c     dx  0.0000056-0.0000256 0.0000597 0.0344269-0.0041745 0.0188245
           dy -0.0000484-0.0000176-0.0000290-0.0223455-0.0661697-0.0176822
           dz  0.0000634-0.0000165-0.0000286 0.0187785-0.0035478 0.0252777
  21 c     dx -0.0000158 0.0000111 0.0000312-0.1559449-0.1023320-0.0878016
           dy  0.0000601 0.0000359 0.0000519-0.0618649-0.2800021-0.0485338
           dz  0.0000307 0.0000109-0.0000273-0.0878639-0.0804064-0.1139688
  22 o     dx -0.0000121-0.0001298-0.0000264-0.0411541-0.0486292-0.0479622
           dy -0.0000120-0.0000477-0.0000049-0.0173392 0.0127352-0.0132938
           dz -0.0000189-0.0001004 0.0000129-0.0479612-0.0377235-0.0168649
  23 n     dx -0.0000078 0.0000191 0.0000959 0.0061057 0.0061893 0.0051848
           dy -0.0001471-0.0001570-0.0001064 0.0015370-0.0109474 0.0011399
           dz  0.0000948 0.0000199-0.0000701 0.0051385 0.0048571 0.0036532
  24 h     dx -0.0000054-0.0000025-0.0000170-0.0001626 0.0004315-0.0001676
           dy  0.0000007 0.0000468 0.0000007 0.0007475 0.0010714 0.0005907
           dz -0.0000156-0.0000017 0.0000042-0.0001559 0.0003444-0.0000629
  25 h     dx -0.0000556 0.0000442-0.0000762-0.0004450-0.0011981-0.0003542
           dy  0.0000642 0.0000639 0.0000478-0.0007700 0.0001253-0.0005813
           dz -0.0000758 0.0000333-0.0000064-0.0002938-0.0009480-0.0003228
  26 h     dx -0.0000047-0.0000009-0.0000025 0.0035254 0.0036234-0.0035435
           dy  0.0000014 0.0000061 0.0000015 0.0029686-0.0036765 0.0023129
           dz -0.0000024-0.0000011-0.0000036-0.0034781 0.0028466 0.0052888
  27 h     dx -0.0000055 0.0000034 0.0000010-0.0093610 0.0028015-0.0109634
           dy -0.0000006-0.0000012 0.0000013-0.0263290 0.0072928-0.0206681
           dz  0.0000022 0.0000031-0.0000067-0.0110735 0.0022415-0.0040467
  28 h     dx -0.0000024 0.0000053-0.0000071-0.0751383 0.0984708-0.0466987
           dy  0.0000126-0.0000090 0.0000101 0.0988384-0.4152779 0.0769850
           dz -0.0000066 0.0000041 0.0000026-0.0467299 0.0769038-0.0525669

   ATOM             17 c                          18 n 
                  dx        dy        dz        dx        dy        dz
  17 c     dx  0.5274196
           dy  0.1645671 0.8376648
           dz  0.2540590 0.1262176 0.3969275
  18 n     dx -0.1176751 0.0396151-0.0446906 0.3400175
           dy  0.0404738-0.2346807 0.0318271 0.0669636 0.7216500
           dz -0.0448869 0.0313379-0.0957329 0.2094873 0.0510189 0.2333300
  19 c     dx  0.0391802-0.0367886 0.0421062-0.1703235-0.0873130-0.0884048
           dy -0.0043127-0.0620137-0.0033807-0.0950972-0.2745426-0.0737596
           dz  0.0422689-0.0285785 0.0184176-0.0885026-0.0674490-0.1266521
  20 c     dx -0.0230232 0.0208406-0.0146830-0.0158360-0.0347394-0.0240162
           dy  0.0254862-0.0200671 0.0199881-0.0266663 0.0260236-0.0207196
           dz -0.0147538 0.0162637-0.0157756-0.0239860-0.0270911-0.0040802
  21 c     dx -0.0305364-0.0115460-0.0225011-0.0015754-0.0119473 0.0000695
           dy -0.0576225 0.0533238-0.0450436-0.0042242-0.0512248-0.0033397
           dz -0.0224318-0.0088055-0.0197516 0.0001253-0.0094796-0.0016485
  22 o     dx -0.2161141-0.2159722-0.1087378 0.0252192-0.0031918 0.0057259
           dy -0.2264039-0.4476015-0.1740884-0.0242804-0.0914311-0.0187687
           dz -0.1087433-0.1662138-0.1609264 0.0056841-0.0020821 0.0223759
  23 n     dx -0.0056982 0.0014839-0.0093794 0.0187241-0.0279537 0.0077347
           dy -0.0044903 0.0166309-0.0034908-0.0023485-0.0836405-0.0014124
           dz -0.0094643 0.0011836-0.0010413 0.0076705-0.0218443 0.0149937
  24 h     dx  0.0026379-0.0007670-0.0010959 0.0007524 0.0044840-0.0017807
           dy -0.0012939-0.0002921-0.0009885 0.0028455-0.0024412 0.0022345
           dz -0.0010765-0.0005527 0.0031707-0.0017668 0.0035224 0.0015672
  25 h     dx -0.0001318 0.0014953 0.0009335-0.0013207-0.0045524 0.0012607
           dy  0.0003459-0.0005700 0.0002696-0.0009081 0.0023316-0.0006900
           dz  0.0009600 0.0011521-0.0006407 0.0012838-0.0035696-0.0019050
  26 h     dx -0.0015561 0.0012717-0.0011604-0.0020826 0.0007752-0.0050891
           dy  0.0007883-0.0007359 0.0006131 0.0024983 0.0011429 0.0019360
           dz -0.0012124 0.0010190-0.0010065-0.0051119 0.0006140 0.0004205
  27 h     dx  0.0041065-0.0026129-0.0012790 0.0000417 0.0006615 0.0009903
           dy  0.0001684-0.0041475 0.0000483-0.0003111 0.0001139-0.0002496
           dz -0.0012160-0.0020549 0.0046934 0.0009866 0.0004741-0.0004230
  28 h     dx -0.0025553 0.0291972-0.0016460-0.0030335 0.0015807-0.0055509
           dy  0.0023554 0.0040035 0.0018178-0.0010367 0.0004623-0.0008210
           dz -0.0015635 0.0227544-0.0018066-0.0055707 0.0012471-0.0002157

   ATOM             19 c                          20 c 
                  dx        dy        dz        dx        dy        dz
  19 c     dx  0.5121064
           dy -0.0220595 0.8396927
           dz  0.2624356-0.0188263 0.3828615
  20 c     dx -0.1976642 0.0228195-0.1004390 0.4485030
           dy -0.0100043-0.1173171-0.0083551 0.0142682 0.8647352
           dz -0.1007232 0.0174427-0.1471539 0.2724089 0.0120419 0.3160710
  21 c     dx  0.0010762 0.0375999-0.0006225-0.1275062 0.1049874-0.0559473
           dy  0.0665330 0.0085852 0.0523302 0.0731895-0.4309230 0.0570469
           dz -0.0006186 0.0295899 0.0014532-0.0559488 0.0817832-0.1003995
  22 o     dx -0.0022926 0.0007472-0.0076756 0.0022811-0.0053696 0.0027692
           dy  0.0141115 0.0042815 0.0110341-0.0076273 0.0041099-0.0059986
           dz -0.0076762 0.0005522 0.0014081 0.0027969-0.0042191 0.0009464
  23 n     dx -0.1272059 0.0890486-0.0678970-0.0135820 0.0428290-0.0192546
           dy  0.0870034-0.3843205 0.0689915 0.0197211-0.0157566 0.0155454
           dz -0.0678662 0.0708347-0.0950717-0.0192483 0.0336517-0.0042725
  24 h     dx  0.0076916 0.0075365 0.0108718-0.0012225 0.0019854 0.0008432
           dy -0.0161650-0.0214695-0.0127464-0.0013172 0.0019093-0.0010140
           dz  0.0109045 0.0060745 0.0024503 0.0008566 0.0015605-0.0016194
  25 h     dx -0.0097036 0.0057569-0.0045832 0.0041668 0.0002279-0.0007885
           dy  0.0276397 0.0036282 0.0216402-0.0001260-0.0057898-0.0000663
           dz -0.0047108 0.0045078-0.0075722-0.0007347 0.0002221 0.0044880
  26 h     dx -0.0073486-0.0191088-0.0048655-0.1161355-0.1205167-0.0718980
           dy  0.0050964 0.0076338 0.0040458-0.1187032-0.2425497-0.0931406
           dz -0.0047484-0.0150270-0.0049891-0.0719493-0.0946074-0.0825116
  27 h     dx  0.0036884 0.0004626-0.0051479 0.0022213-0.0010863-0.0043174
           dy  0.0014683-0.0062285 0.0011363 0.0209827 0.0008018 0.0164811
           dz -0.0050788 0.0003550 0.0062234-0.0043242-0.0007768 0.0043123
  28 h     dx -0.0027741-0.0009265-0.0021849 0.0009847-0.0042535-0.0035940
           dy  0.0025684-0.0005129 0.0020361-0.0050264 0.0021383-0.0039580
           dz -0.0021789-0.0007279-0.0016959-0.0036137-0.0033328 0.0026996

   ATOM             21 c                          22 o 
                  dx        dy        dz        dx        dy        dz
  21 c     dx  0.5308830
           dy -0.0616309 0.8130019
           dz  0.3080732-0.0470776 0.3805807
  22 o     dx  0.0020025 0.0140350-0.0021210 0.2314395
           dy -0.0017979-0.0110485-0.0014649 0.2682516 0.5421139
           dz -0.0021470 0.0109216 0.0031886 0.1532787 0.2063081 0.1535625
  23 n     dx -0.0047028-0.0123432-0.0065961 0.0013477-0.0023279 0.0016680
           dy -0.0029278 0.0097649-0.0023024-0.0007476-0.0050522-0.0005772
           dz -0.0066359-0.0097216-0.0014585 0.0016319-0.0018911 0.0005253
  24 h     dx -0.0006200-0.0010179 0.0003274-0.0004121 0.0005694 0.0002786
           dy -0.0004883-0.0012758-0.0003761 0.0003491-0.0000177 0.0002534
           dz  0.0003323-0.0007909-0.0007772 0.0002772 0.0004355-0.0005385
  25 h     dx  0.0005647 0.0012939-0.0010672-0.0005934-0.0005647-0.0006245
           dy  0.0015599 0.0012017 0.0012576-0.0004243 0.0002382-0.0003179
           dz -0.0010265 0.0010239 0.0009987-0.0005883-0.0004340-0.0002778
  26 h     dx  0.0063791 0.0085622 0.0062021 0.0004706-0.0000547 0.0008019
           dy -0.0163897-0.0157497-0.0129190-0.0001604 0.0004398-0.0001392
           dz  0.0061563 0.0066637 0.0033863 0.0008268-0.0000314 0.0000958
  27 h     dx -0.2271101 0.0524632-0.1472637-0.0010003 0.0000253-0.0004236
           dy  0.0577254-0.0773187 0.0446092-0.0018475-0.0005652-0.0014259
           dz -0.1474155 0.0404642-0.1541997-0.0004545-0.0000035-0.0007840
  28 h     dx  0.0068297-0.0179600 0.0096284 0.0009765-0.0023676 0.0031628
           dy  0.0067818-0.0196782 0.0053390-0.0020087-0.0028864-0.0015703
           dz  0.0096304-0.0142103 0.0021229 0.0031425-0.0018552-0.0006240

   ATOM             23 n                          24 h 
                  dx        dy        dz        dx        dy        dz
  23 n     dx  0.5217394
           dy  0.0189950 0.8730080
           dz  0.4008288 0.0134781 0.3250727
  24 h     dx -0.1283592-0.1503334-0.1017519 0.1269753
           dy -0.1489697-0.3220180-0.1160022 0.1565017 0.3348738
           dz -0.1019164-0.1173293-0.0798000 0.0963817 0.1220338 0.0809377
  25 h     dx -0.2680957 0.0329379-0.2135039-0.0059719 0.0066435-0.0019178
           dy  0.0345491-0.0803053 0.0265223-0.0199484 0.0100279-0.0156566
           dz -0.2135219 0.0252036-0.1603793-0.0019925 0.0052132-0.0050522
  26 h     dx  0.0006165-0.0004864 0.0016998-0.0002806 0.0006773-0.0010194
           dy  0.0000907 0.0007253 0.0000829 0.0002278 0.0002332 0.0001799
           dz  0.0016845-0.0003566-0.0002084-0.0010243 0.0005338 0.0001973
  27 h     dx -0.0002873-0.0001517 0.0004712 0.0000681 0.0000269-0.0001065
           dy  0.0012015 0.0008660 0.0009334-0.0000217 0.0000846-0.0000181
           dz  0.0004706-0.0001163-0.0004952-0.0001091 0.0000210 0.0001203
  28 h     dx  0.0004749-0.0004160 0.0008133-0.0000159 0.0001398 0.0000484
           dy -0.0008654 0.0018402-0.0006844-0.0001541-0.0001558-0.0001186
           dz  0.0008093-0.0003095 0.0000752 0.0000465 0.0001070-0.0000425

   ATOM             25 h                          26 h 
                  dx        dy        dz        dx        dy        dz
  25 h     dx  0.2801538
           dy -0.0425051 0.0726379
           dz  0.2193824-0.0327095 0.1695721
  26 h     dx -0.0001565 0.0000807 0.0004769 0.1168975
           dy -0.0001111 0.0000517-0.0000836 0.1246067 0.2520930
           dz  0.0004696 0.0000656-0.0003795 0.0762986 0.0978855 0.0810367
  27 h     dx -0.0002807 0.0000069 0.0004000-0.0014526-0.0000812 0.0025593
           dy  0.0001597-0.0004387 0.0001315-0.0001719 0.0008729-0.0001297
           dz  0.0003967 0.0000039-0.0004743 0.0025502-0.0000562-0.0026770
  28 h     dx -0.0000849-0.0001233-0.0000249 0.0010151-0.0008113-0.0004568
           dy  0.0001540 0.0000203 0.0001220 0.0003768-0.0003505 0.0002910
           dz -0.0000257-0.0000940-0.0000709-0.0004584-0.0006441 0.0012393

   ATOM             27 h                          28 h 
                  dx        dy        dz        dx        dy        dz
  27 h     dx  0.2306055
           dy -0.0527051 0.0775324
           dz  0.1632144-0.0407199 0.1500021
  28 h     dx -0.0007607-0.0002703 0.0015469 0.0743084
           dy  0.0001527 0.0011962 0.0001169-0.1025697 0.4288939
           dz  0.0015639-0.0002023-0.0015055 0.0452016-0.0799061 0.0524489
 

   *** projected hessian written onto $hessian (projected), file=<hessian> ***

 dipole moment in principle axis system (a.u.) :
     0.7406784126    -7.8201443076     4.5863788758
 norm :   9.09605038985625     

 rotational constants b for rotations around axis of inertia
 and optical intensities for (1 <-- 0) transition

   b   :     0.0108174910     0.0054745994     0.0036351468   (cm**(-1))
   b   :         324.3002         164.1244         108.9790     (MHz)
  int. :     0.5486045109    61.1546569911    21.0348711928     (a.u.)

   x   :     0.6265824881     0.4904152649    -0.6057121870
   y   :    -0.6239385033     0.7813685896    -0.0128012218
   z   :     0.4670065627     0.3859481769     0.7955808414

   ***  normal modes written onto $vibrational normal modes, file=<control>  ***

  Keyword $vibrational reduced masses missing in file <control>


   ***  vibrational spectroscopic data written onto$vibrational spectrum   
        file=<control>  ***

          ---------------------------------------------------
          NORMAL MODES and VIBRATIONAL FREQUENCIES (cm**(-1))
          ---------------------------------------------------

 imaginary wave numbers indicate a negative curvature of the energy surface.
 zero frequency modes have no physical meaning except being generators of
 translations and rotations. each vibrational normal mode - given in terms of
 cartesian displacement vectors of all atoms - has been normalized to unity.
 to obtain mass-weigthed normal coordinates in a.u. divide the tabulated
 modes by sqrt(reduced mass * 1822.88853).
 band intensities or cross sections refer to independent non-degenerate normal
 modes, that is, the intensities of degenerate modes have yet to be added.
 dDIP/dQ is the normal mode derivative of the dipole moment.

 WARNING: values of IR intensities are questionable for saddle point structures


       mode               1        2        3        4        5        6

     frequency        i311.20  i109.54   i43.26   i35.07    i8.08     0.00

     symmetry            a        a        a        a        a            

        IR               YES      YES      YES      YES      YES       - 
|dDIP/dQ|   (a.u.)     0.0000   0.0000   0.0000   0.0000   0.0000   0.0000
intensity (km/mol)       0.00     0.00     0.00     0.00     0.00     0.00
intensity (  %   )       0.00     0.00     0.00     0.00     0.00     0.00
 
       RAMAN             YES      YES      YES      YES      YES       - 
 
  1   ag          x   0.00048  0.01317 -0.02732  0.02379 -0.04173 -0.09782
                  y  -0.00015  0.00021 -0.08355 -0.02856  0.00246  0.12180
                  z  -0.00065 -0.01766 -0.00612 -0.04604  0.05936  0.03545
  2   ag          x   0.00069  0.00015  0.05487 -0.03717 -0.03598  0.01589
                  y   0.00015 -0.00135 -0.02684 -0.01633 -0.00737  0.14636
                  z  -0.00127  0.00045  0.01374  0.07964  0.03489 -0.00309
  3   n           x   0.00273 -0.00103  0.04418  0.04569  0.11647 -0.09368
                  y   0.00016  0.00103  0.07973  0.03105  0.00870  0.17692
                  z  -0.00352  0.00265  0.03511 -0.02335 -0.14498  0.07353
  4   c           x  -0.00055  0.04852  0.02586  0.04983  0.11732 -0.08427
                  y  -0.00003  0.00101  0.01077  0.00383  0.00392  0.15702
                  z   0.00077 -0.06417  0.03305 -0.03959 -0.14828  0.05437
  5   n           x   0.00038  0.06803 -0.03276  0.02006  0.05172 -0.11894
                  y   0.00010  0.00105 -0.00948 -0.00415  0.00181  0.15154
                  z  -0.00056 -0.09214  0.00376 -0.04183 -0.06725  0.06759
  6   c           x   0.00200 -0.00232 -0.07608 -0.01576  0.00197 -0.15897
                  y   0.00011  0.00082  0.04152  0.01578  0.00441  0.16461
                  z  -0.00284 -0.00102 -0.02969 -0.03007 -0.00659  0.09696
  7   c           x   0.00282 -0.12817 -0.05049 -0.01730  0.00824 -0.16789
                  y   0.00019 -0.00055  0.11391  0.04420  0.00923  0.18492
                  z  -0.00390  0.16755 -0.03893 -0.01833 -0.01365  0.11619
  8   c           x   0.00367 -0.10968  0.00760  0.01156  0.05973 -0.13405
                  y   0.00023  0.00031  0.13086  0.05095  0.01106  0.19041
                  z  -0.00491  0.14526 -0.00518 -0.01313 -0.07531  0.10338
  9   o           x  -0.00807  0.08627  0.07276  0.09505  0.21486 -0.04756
                  y   0.00002  0.00082 -0.03634 -0.01465  0.00163  0.14513
                  z   0.01087 -0.11290  0.05999 -0.06413 -0.27134  0.02750
 10   n           x   0.00178  0.02194 -0.14164 -0.04637 -0.04209 -0.19071
                  y   0.00013  0.00202  0.01791  0.00621  0.00192  0.15822
                  z  -0.00260 -0.02918 -0.06328 -0.03779  0.04255  0.10806
 11   h           x   0.00470  0.06068 -0.19076 -0.09735 -0.11785 -0.22131
                  y   0.00011 -0.00311  0.06018  0.02367  0.00634  0.16771
                  z  -0.00644 -0.06988 -0.07963 -0.00426  0.13347  0.13016
 12   h           x   0.00217  0.47732 -0.18614 -0.08105 -0.08426 -0.18441
                  y   0.00005  0.01945 -0.04262 -0.01876 -0.00453  0.14389
                  z  -0.00314 -0.63056 -0.02743 -0.00114  0.09643  0.09450
 13   h           x   0.00343 -0.20529 -0.07977 -0.04629 -0.03737 -0.20020
                  y   0.00023 -0.00022  0.15370  0.05984  0.01158  0.19557
                  z  -0.00477  0.26719 -0.06917 -0.00750  0.04158  0.13997
 14   h           x   0.00525 -0.17185  0.03225  0.01045  0.06497 -0.13739
                  y   0.00036 -0.00047  0.18694  0.07268  0.01459  0.20547
                  z  -0.00697  0.22834 -0.00787  0.00017 -0.08038  0.11601
 15   h           x   0.00317 -0.00020  0.08775  0.07847  0.18876 -0.06817
                  y   0.00017  0.00123  0.09197  0.03622  0.01085  0.18092
                  z  -0.00407  0.00277  0.05623 -0.03541 -0.23534  0.06379
 16   n           x  -0.00147 -0.02355  0.12559 -0.11345  0.10195 -0.09118
                  y  -0.00011  0.00060  0.14022  0.05178 -0.00478  0.06648
                  z   0.00196  0.03195  0.00280  0.19943 -0.13506 -0.00813
 17   c           x  -0.00656 -0.00036  0.10155 -0.06862 -0.03948 -0.10486
                  y   0.00030  0.00000  0.01899  0.01271  0.00180  0.08587
                  z   0.00854  0.00172  0.00714  0.13342  0.04931  0.01278
 18   n           x  -0.01988 -0.01408 -0.02338  0.01451 -0.07166 -0.07307
                  y   0.00044 -0.00013 -0.01788  0.00017  0.00385  0.09234
                  z   0.02682  0.01862 -0.01135 -0.03186  0.09930  0.00171
 19   c           x  -0.00509 -0.02761 -0.12658  0.07458 -0.01388 -0.03181
                  y   0.00026  0.00016  0.05176  0.02295 -0.00002  0.08075
                  z   0.00934  0.03560 -0.02246 -0.15589  0.03259 -0.02720
 20   c           x   0.01887 -0.03928 -0.10940  0.03773  0.11327 -0.01848
                  y  -0.00018  0.00067  0.17320  0.06328 -0.00676  0.06106
                  z  -0.02211  0.05052 -0.02253 -0.10111 -0.13094 -0.04815
 21   c           x   0.00893 -0.03972  0.02087 -0.06161  0.18046 -0.04948
                  y  -0.00053  0.00081  0.21213  0.07597 -0.00875  0.05456
                  z  -0.01056  0.05183 -0.01078  0.08446 -0.22617 -0.03751
 22   o           x  -0.00122  0.03010  0.19694 -0.10028 -0.11630 -0.14254
                  y   0.00039 -0.00067 -0.04784 -0.00837  0.00649  0.09648
                  z   0.00126 -0.03611  0.03239  0.22108  0.13828  0.03920
 23   n           x   0.05270 -0.02467 -0.25325  0.18024 -0.08438 -0.00309
                  y  -0.00097 -0.00013  0.00805  0.00785  0.00307  0.08801
                  z  -0.06866  0.03071 -0.03623 -0.34857  0.13312 -0.03617
 24   h           x  -0.23582 -0.06837 -0.34169  0.20106  0.06604  0.02833
                  y   0.00534  0.00092  0.06013  0.02489 -0.00279  0.07969
                  z   0.28528  0.08413 -0.03974 -0.41314 -0.04570 -0.05782
 25   h           x  -0.56881 -0.05328 -0.25383  0.13493 -0.05767 -0.01234
                  y  -0.01104 -0.00133 -0.07732 -0.02083  0.01027  0.10204
                  z   0.72663  0.06711 -0.05423 -0.29657  0.10046 -0.02136
 26   h           x   0.01971 -0.05129 -0.19768  0.08263  0.17497  0.01486
                  y  -0.00039  0.00102  0.23372  0.08305 -0.01074  0.05166
                  z  -0.02281  0.06501 -0.03295 -0.19798 -0.20109 -0.07155
 27   h           x   0.00054 -0.05385  0.05033 -0.11038  0.31428 -0.04268
                  y  -0.00118  0.00105  0.30295  0.10570 -0.01244  0.03987
                  z  -0.00009  0.06994 -0.01490  0.15767 -0.39838 -0.05158
 28   h           x  -0.00243 -0.01945  0.22225 -0.18004  0.14395 -0.11454
                  y  -0.00023  0.00070  0.16893  0.06093 -0.00614  0.06173
                  z   0.00267  0.02718  0.01376  0.32762 -0.19528  0.00000

reduced mass(g/mol)     1.138    2.672    6.610    7.241    7.424   12.494


       mode               7        8        9       10       11       12

     frequency           0.00     0.00     0.00     0.00     0.00    34.86

     symmetry                                                         a   

        IR                -        -        -        -        -       YES
|dDIP/dQ|   (a.u.)     0.0000   0.0000   0.0000   0.0000   0.0000   0.0047
intensity (km/mol)       0.00     0.00     0.00     0.00     0.00    38.56
intensity (  %   )       0.00     0.00     0.00     0.00     0.00     2.94
 
       RAMAN              -        -        -        -        -       YES
 
  1   ag          x   0.04012  0.07091  0.02201  0.01453  0.12494 -0.04307
                  y  -0.02975  0.08344 -0.03560 -0.00462  0.06027 -0.00110
                  z   0.13335 -0.01708 -0.00987 -0.11947  0.00516  0.03988
  2   ag          x  -0.00492 -0.04215  0.23678 -0.04468  0.11244  0.04005
                  y  -0.02672  0.08006  0.03335  0.01546  0.03351 -0.00475
                  z   0.21519  0.13096  0.03497  0.07199 -0.11605 -0.00424
  3   n           x  -0.04123  0.09622  0.13027 -0.07855  0.06950 -0.03729
                  y  -0.02098  0.08356  0.12933  0.04867 -0.00920 -0.01382
                  z   0.24946 -0.05094 -0.02456  0.04762  0.02455  0.02496
  4   c           x  -0.01300  0.07507  0.10777 -0.04699  0.09051 -0.03164
                  y  -0.02418  0.08340  0.06962  0.02930  0.01604 -0.00952
                  z   0.21065 -0.02271 -0.01422 -0.00098  0.00480  0.01887
  5   n           x  -0.00162  0.11041  0.04526 -0.03163  0.09270  0.03367
                  y  -0.02490  0.08398  0.05403  0.02464  0.02221 -0.00727
                  z   0.18952 -0.06952 -0.02856 -0.05410  0.04284 -0.06239
  6   c           x  -0.01698  0.16174  0.00899 -0.04640  0.07556  0.07640
                  y  -0.02263  0.08475  0.09410  0.03806  0.00484 -0.01015
                  z   0.20556 -0.13760 -0.05094 -0.05819  0.09527 -0.11356
  7   c           x  -0.04607  0.18265  0.03323 -0.07895  0.05404  0.00047
                  y  -0.01933  0.08506  0.15523  0.05798 -0.02108 -0.01591
                  z   0.24549 -0.16535 -0.06116 -0.00763  0.11457 -0.01322
  8   c           x  -0.05730  0.14819  0.09442 -0.09410  0.05182 -0.04450
                  y  -0.01862  0.08443  0.17079  0.06260 -0.02721 -0.01728
                  z   0.26636 -0.11978 -0.04722  0.04455  0.07752  0.04035
  9   o           x   0.00089  0.02807  0.14127 -0.03368  0.10608 -0.12445
                  y  -0.02623  0.08274  0.03322  0.01713  0.03179 -0.00825
                  z   0.19618  0.03967  0.00628  0.00312 -0.04325  0.13763
 10   n           x  -0.00449  0.19334 -0.05087 -0.02996  0.07899  0.15839
                  y  -0.02352  0.08525  0.07565  0.03243  0.01227 -0.00636
                  z   0.18331 -0.17949 -0.06366 -0.11096  0.12952 -0.20920
 11   h           x  -0.01536  0.23225 -0.07969 -0.04026  0.06650  0.26086
                  y  -0.02189  0.08572  0.10466  0.04209 -0.00025 -0.01397
                  z   0.19445 -0.23123 -0.08064 -0.11570  0.16942 -0.32882
 12   h           x   0.01625  0.17849 -0.06824 -0.00674  0.09433  0.40349
                  y  -0.02589  0.08486  0.03230  0.01819  0.03077  0.00940
                  z   0.15500 -0.15999 -0.05647 -0.14687  0.11596 -0.53050
 13   h           x  -0.05872  0.22417  0.00427 -0.09116  0.04004  0.00086
                  y  -0.01747  0.08575  0.18798  0.06899 -0.03532 -0.01799
                  z   0.25872 -0.22034 -0.07926 -0.01052  0.15691 -0.01011
 14   h           x  -0.07917  0.16008  0.11732 -0.11880  0.03619 -0.09034
                  y  -0.01619  0.08459  0.21603  0.07730 -0.04635 -0.02206
                  z   0.29688 -0.13556 -0.05329  0.08550  0.08803  0.09933
 15   h           x  -0.04944  0.07015  0.17607 -0.08967  0.06800 -0.10080
                  y  -0.02048  0.08304  0.14061  0.05197 -0.01359 -0.01558
                  z   0.26488 -0.01652 -0.01402  0.08649 -0.00341  0.10482
 16   n           x   0.12498  0.03202 -0.07569  0.11085  0.18456  0.01332
                  y  -0.03941  0.07995 -0.20558 -0.06171  0.13411  0.02316
                  z   0.01715  0.03117  0.00944 -0.28052 -0.02552 -0.01538
 17   c           x   0.09603  0.05831 -0.05823  0.07878  0.16236 -0.04060
                  y  -0.03592  0.08160 -0.14544 -0.04125  0.10771  0.01241
                  z   0.05488 -0.00226 -0.00253 -0.23583 -0.00162  0.05218
 18   n           x   0.08185  0.02728  0.00382  0.06041  0.15777 -0.04168
                  y  -0.03472  0.08227 -0.12520 -0.03429  0.09875  0.00913
                  z   0.07832  0.04020  0.01033 -0.18098 -0.03639  0.03728
 19   c           x   0.09528 -0.02473  0.04424  0.07288  0.17376  0.00380
                  y  -0.03683  0.08123 -0.16122 -0.04658  0.11460  0.01510
                  z   0.06548  0.10888  0.03280 -0.17162 -0.08948 -0.03396
 20   c           x   0.12521 -0.05098  0.02504  0.10611  0.19659  0.06078
                  y  -0.04046  0.07920 -0.22275 -0.06773  0.14183  0.02616
                  z   0.02669  0.14183  0.04466 -0.21816 -0.11294 -0.10478
 21   c           x   0.13920 -0.02079 -0.03566  0.12420  0.20118  0.06733
                  y  -0.04164  0.07863 -0.24295 -0.07461  0.15071  0.02965
                  z   0.00352  0.10062  0.03219 -0.27207 -0.07917 -0.09708
 22   o           x   0.08396  0.10575 -0.09538  0.06760  0.14787 -0.07680
                  y  -0.03404  0.08238 -0.11269 -0.03018  0.09341  0.00700
                  z   0.06652 -0.06509 -0.02309 -0.24457  0.04696  0.11095
 23   n           x   0.08003 -0.05186  0.10337  0.05351  0.16794 -0.01414
                  y  -0.03545  0.08212 -0.13836 -0.03863  0.10438  0.01159
                  z   0.08982  0.14636  0.04404 -0.11749 -0.12040 -0.02586
 24   h           x   0.08958 -0.09123  0.13500  0.06224  0.17965  0.10157
                  y  -0.03698  0.08128 -0.16434 -0.04755  0.11588  0.01391
                  z   0.08105  0.19829  0.06100 -0.10894 -0.16060 -0.17865
 25   h           x   0.05877 -0.03346  0.11730  0.02990  0.15176  0.03983
                  y  -0.03288  0.08349 -0.09461 -0.02363  0.08507  0.00540
                  z   0.11746  0.12320  0.03569 -0.08418 -0.10393 -0.09618
 26   h           x   0.13640 -0.09314  0.05728  0.11657  0.20975  0.10505
                  y  -0.04222  0.07815 -0.25226 -0.07792  0.15495  0.03111
                  z   0.01605  0.19727  0.06281 -0.21103 -0.15578 -0.17086
 27   h           x   0.16194 -0.03694 -0.05487  0.14967  0.21798  0.12252
                  y  -0.04436  0.07710 -0.28889 -0.09041  0.17105  0.03840
                  z  -0.02637  0.12056  0.03957 -0.31027 -0.09297 -0.16431
 28   h           x   0.13530  0.05486 -0.12116  0.12423  0.18786  0.01822
                  y  -0.04028  0.07952 -0.22034 -0.06674  0.14060  0.02574
                  z   0.00000  0.00000  0.00000 -0.32070  0.00000 -0.00947

reduced mass(g/mol)    14.572   10.453   12.934    9.920   12.120    4.069


       mode              13       14       15       16       17       18

     frequency          45.50    70.55    78.40    89.66   120.40   144.27

     symmetry            a        a        a        a        a        a   

        IR               YES      YES      YES      YES      YES      YES
|dDIP/dQ|   (a.u.)     0.0015   0.0009   0.0013   0.0028   0.0016   0.0009
intensity (km/mol)       4.01     1.50     3.09    13.69     4.37     1.51
intensity (  %   )       0.31     0.11     0.24     1.04     0.33     0.12
 
       RAMAN             YES      YES      YES      YES      YES      YES
 
  1   ag          x  -0.04702 -0.01515  0.07801  0.06367  0.01713  0.00456
                  y   0.09023 -0.04626 -0.00411 -0.00524  0.28558  0.01570
                  z  -0.05744 -0.00419 -0.10498 -0.08374  0.00691 -0.00475
  2   ag          x   0.18154  0.01829  0.01025 -0.00683 -0.01215  0.00701
                  y  -0.08257  0.16596  0.00802  0.00476 -0.14525  0.03776
                  z   0.15029  0.02899 -0.01023  0.01071 -0.01127  0.00568
  3   n           x  -0.11397 -0.05082 -0.18679  0.19973  0.00927 -0.14346
                  y  -0.16309 -0.10084 -0.00640 -0.00022  0.05419 -0.03481
                  z  -0.11426 -0.08511  0.24544 -0.26485 -0.00629 -0.09140
  4   c           x  -0.10592 -0.03367 -0.05876  0.03200 -0.01179 -0.12971
                  y  -0.09560  0.02106  0.00208 -0.00511  0.02887 -0.03504
                  z  -0.10477 -0.05632  0.07619 -0.03993 -0.00508 -0.09598
  5   n           x  -0.07903  0.02870 -0.01762  0.05941 -0.00241 -0.09872
                  y  -0.07501  0.04176  0.00303 -0.00493  0.04922 -0.03873
                  z  -0.02926  0.01328  0.02916 -0.07977 -0.00488 -0.08175
  6   c           x  -0.04425  0.08785  0.01956 -0.06062  0.00929 -0.13758
                  y  -0.13135 -0.03830 -0.00045 -0.00389  0.03481 -0.01049
                  z   0.02819  0.07545 -0.01166  0.07306  0.01099 -0.10440
  7   c           x  -0.02518  0.07318  0.05504 -0.13270  0.00596 -0.13621
                  y  -0.20390 -0.15558 -0.00523 -0.00341  0.04215 -0.00868
                  z  -0.02227  0.05966 -0.06074  0.16993  0.01351 -0.11561
  8   c           x  -0.06285  0.00675 -0.08344  0.05214  0.00980 -0.14874
                  y  -0.21979 -0.18102 -0.00905  0.00040  0.04246 -0.01433
                  z  -0.08613 -0.02105  0.11482 -0.07211  0.00142 -0.11274
  9   o           x  -0.10055 -0.11158  0.05118 -0.23686  0.02500 -0.15633
                  y  -0.05869  0.11239  0.00642 -0.00542 -0.02664 -0.00468
                  z  -0.18116 -0.12460 -0.07560  0.31190  0.05212 -0.11996
 10   n           x  -0.01168  0.16475  0.04219 -0.12074  0.02633 -0.19749
                  y  -0.10583 -0.00471  0.00012 -0.00549  0.04743 -0.03298
                  z   0.11943  0.15608 -0.03886  0.14971  0.02880 -0.13688
 11   h           x   0.00609  0.22290 -0.03151 -0.16220  0.04968 -0.24691
                  y  -0.15348 -0.06617  0.00307 -0.00599  0.02726  0.01014
                  z   0.18750  0.19642  0.05186  0.20527  0.03566 -0.15316
 12   h           x  -0.08334  0.19140 -0.32572  0.17316  0.04908 -0.22321
                  y  -0.03811  0.07529 -0.01252  0.00251  0.07758 -0.09380
                  z   0.24027  0.15021  0.44758 -0.23981  0.01136 -0.12825
 13   h           x   0.01007  0.11870  0.13294 -0.26728 -0.00061 -0.12028
                  y  -0.24342 -0.21870 -0.00769 -0.00331  0.04460 -0.01968
                  z  -0.00023  0.10903 -0.15778  0.34471  0.01696 -0.11727
 14   h           x  -0.05956 -0.01078 -0.13969  0.10239  0.01159 -0.14545
                  y  -0.27829 -0.26750 -0.01494  0.00397  0.03633 -0.00522
                  z  -0.12223 -0.04461  0.18716 -0.13768 -0.00417 -0.11239
 15   h           x  -0.12395 -0.10015 -0.25422  0.22165  0.00441 -0.12872
                  y  -0.17310 -0.11985 -0.00885  0.00096  0.05353 -0.02896
                  z  -0.17391 -0.14608  0.32672 -0.28835 -0.00846 -0.07068
 16   n           x  -0.07734  0.04457  0.01622  0.01972  0.07961  0.08874
                  y   0.10849 -0.01729  0.00070  0.00189 -0.07094 -0.00548
                  z  -0.05747  0.03613 -0.01608 -0.02647  0.06404  0.17870
 17   c           x  -0.06039  0.03499 -0.07804 -0.04398  0.04855  0.12356
                  y   0.13268 -0.12198 -0.00537  0.00471 -0.23127 -0.02385
                  z  -0.07285  0.02338  0.10459  0.05686  0.04980  0.11304
 18   n           x  -0.04874 -0.03286 -0.04373 -0.01231 -0.03985  0.06626
                  y   0.13903 -0.14857 -0.00706  0.00513 -0.25182 -0.02986
                  z  -0.05234 -0.02863  0.05243  0.01907 -0.02519  0.09776
 19   c           x  -0.05335 -0.08786 -0.06727 -0.02744 -0.10419  0.11861
                  y   0.12474 -0.09038 -0.00322  0.00394 -0.18433 -0.04579
                  z  -0.01960 -0.07858  0.07380  0.04024 -0.07976  0.08550
 20   c           x  -0.07056 -0.08206 -0.01719  0.01004 -0.09238  0.17329
                  y   0.10231  0.01143  0.00269  0.00132 -0.03995 -0.02662
                  z  -0.00294 -0.07072  0.01074 -0.00779 -0.07955  0.02849
 21   c           x  -0.08328 -0.01509  0.04466  0.04787  0.00506  0.15257
                  y   0.09426  0.04298  0.00462  0.00071  0.00349 -0.01304
                  z  -0.02184 -0.01115 -0.05949 -0.05922 -0.00504  0.10210
 22   o           x  -0.06149  0.10084 -0.17237 -0.11535  0.16547  0.21311
                  y   0.14553 -0.17910 -0.00706  0.00744 -0.33364 -0.06303
                  z  -0.10216  0.06816  0.23050  0.14290  0.14813  0.09053
 23   n           x  -0.03965 -0.15383 -0.14278 -0.08958 -0.19547  0.12216
                  y   0.13255 -0.12770 -0.00522  0.00537 -0.22741 -0.02640
                  z  -0.00952 -0.14428  0.16068  0.12416 -0.14820  0.15446
 24   h           x  -0.07434 -0.20610 -0.09184 -0.00772 -0.24669  0.21487
                  y   0.12593 -0.08444 -0.00367  0.00240 -0.17648 -0.05166
                  z   0.04935 -0.17373  0.09222  0.02631 -0.19509  0.09177
 25   h           x  -0.06439 -0.16516 -0.12384 -0.01740 -0.19768  0.14315
                  y   0.13464 -0.19318 -0.00863  0.00890 -0.29114  0.01938
                  z   0.02459 -0.14502  0.13555  0.03236 -0.15930  0.13962
 26   h           x  -0.07365 -0.13131 -0.00880  0.02077 -0.16180  0.20042
                  y   0.08936  0.06188  0.00528 -0.00012  0.03265 -0.00560
                  z   0.02723 -0.11035 -0.00512 -0.01844 -0.13930 -0.04860
 27   h           x  -0.10016 -0.00322  0.12134  0.10272  0.02977  0.16517
                  y   0.07643  0.11834  0.00995 -0.00043  0.10487 -0.00498
                  z  -0.00679  0.00156 -0.15545 -0.12970  0.00116  0.08914
 28   h           x  -0.08691  0.10089  0.02937  0.02210  0.15470  0.07147
                  y   0.10285  0.00722  0.00237  0.00141 -0.03884 -0.00878
                  z  -0.07107  0.07988 -0.02504 -0.03182  0.12008  0.18419

reduced mass(g/mol)    14.920    9.284    6.967    8.262   18.598    7.919


       mode              19       20       21       22       23       24

     frequency         146.45   203.77   206.09   217.57   231.18   252.79

     symmetry            a        a        a        a        a        a   

        IR               YES      YES      YES      YES      YES      YES
|dDIP/dQ|   (a.u.)     0.0007   0.0008   0.0022   0.0076   0.0052   0.0024
intensity (km/mol)       0.86     1.18     8.50   102.12    48.97    10.35
intensity (  %   )       0.07     0.09     0.65     7.79     3.74     0.79
 
       RAMAN             YES      YES      YES      YES      YES      YES
 
  1   ag          x   0.00867  0.00586  0.03910 -0.00611 -0.01702 -0.21202
                  y  -0.00365  0.00745  0.05730 -0.00477 -0.00330  0.03460
                  z  -0.01384 -0.00258  0.03842  0.00036  0.03683 -0.15363
  2   ag          x  -0.00069  0.00124 -0.00106  0.00179 -0.00004 -0.00385
                  y  -0.00622  0.01258  0.10168 -0.01010 -0.00649  0.04067
                  z  -0.00166 -0.00199  0.00104 -0.00144  0.00081 -0.00163
  3   n           x   0.01186 -0.01927  0.12831  0.05187 -0.05527  0.14593
                  y   0.00629 -0.01543 -0.11388  0.01108  0.00342 -0.00902
                  z   0.03586  0.06332  0.04305 -0.09194  0.05147  0.11234
  4   c           x   0.01811  0.05513  0.09371  0.00754  0.06320  0.13246
                  y   0.00646 -0.02163 -0.17917  0.01856  0.01093 -0.04327
                  z   0.02491 -0.04061  0.06198 -0.02939 -0.10393  0.08073
  5   n           x   0.02036  0.14242  0.00023 -0.01127  0.20094  0.01613
                  y   0.00704 -0.02619 -0.22488  0.02301  0.01629 -0.07499
                  z   0.01120 -0.17706  0.03834  0.01567 -0.26603 -0.03029
  6   c           x   0.02122  0.03816 -0.05416  0.01585  0.07348  0.05934
                  y   0.00183 -0.02030 -0.15927  0.01613  0.01350 -0.11741
                  z   0.02374 -0.05376 -0.04111 -0.00231 -0.09391  0.02548
  7   c           x   0.03783  0.03073 -0.06199 -0.05186  0.05559  0.07660
                  y   0.00197 -0.00705 -0.05325  0.00283  0.00505 -0.05288
                  z   0.00342 -0.03906  0.00267  0.08384 -0.07354  0.04719
  8   c           x   0.03392 -0.02189  0.02425 -0.05626 -0.05449  0.14155
                  y   0.00294 -0.00555 -0.03174 -0.00033  0.00013 -0.01888
                  z   0.01160  0.05150  0.05177  0.06746  0.05628  0.12041
  9   o           x   0.02310 -0.02890  0.10360 -0.02060 -0.05623  0.21357
                  y   0.00073 -0.02223 -0.17049  0.01968  0.01427 -0.13514
                  z   0.02941  0.07334  0.05832  0.00229  0.04367  0.16534
 10   n           x   0.01293 -0.07536 -0.14684  0.13174 -0.07634  0.11066
                  y   0.00562 -0.03082 -0.22174  0.02038  0.01075 -0.09533
                  z   0.05503  0.05440 -0.22202 -0.14117  0.10209  0.09312
 11   h           x   0.02445 -0.28317 -0.35999 -0.15401 -0.29555  0.14036
                  y  -0.00221 -0.00916 -0.09363  0.02324  0.01591 -0.15036
                  z   0.05466  0.28547 -0.18676  0.22755  0.37975  0.15686
 12   h           x   0.01232 -0.26369 -0.36724 -0.49149 -0.19090  0.09518
                  y   0.01652 -0.06239 -0.39125  0.00189  0.00159 -0.01396
                  z   0.06045  0.29407  0.00913  0.68392  0.25138  0.14700
 13   h           x   0.04963  0.00514 -0.14397 -0.14808  0.03600  0.00492
                  y   0.00418  0.00077  0.00502 -0.00479 -0.00131  0.02057
                  z  -0.01575 -0.01920  0.00927  0.22189 -0.03712  0.01383
 14   h           x   0.04212 -0.09508  0.02338 -0.15025 -0.17762  0.13126
                  y   0.00170  0.00238  0.05315 -0.01422 -0.00949  0.01179
                  z  -0.00007  0.15425  0.09938  0.18621  0.21651  0.15151
 15   h           x   0.00182 -0.12308  0.19921  0.04998 -0.21821  0.11029
                  y   0.00506 -0.01598 -0.09799  0.00944 -0.00039 -0.01532
                  z   0.04173  0.21234  0.06218 -0.10188  0.26203  0.12036
 16   n           x  -0.23741  0.01902 -0.05439 -0.00618 -0.01094  0.08071
                  y   0.00181 -0.00049 -0.01400  0.00101 -0.00156  0.04026
                  z   0.25312 -0.04115 -0.01924  0.01511  0.01246  0.05966
 17   c           x  -0.05162 -0.05000 -0.02876  0.00717  0.04587  0.07135
                  y   0.00483 -0.00127 -0.01703  0.00138 -0.00035  0.02346
                  z   0.01693  0.04850 -0.04902 -0.00234 -0.05977  0.03687
 18   n           x  -0.07675 -0.20933  0.03485  0.00272  0.15500 -0.00276
                  y   0.00559  0.00019 -0.00888  0.00061 -0.00055  0.01074
                  z   0.06469  0.25910 -0.08149 -0.00073 -0.19467 -0.06413
 19   c           x  -0.00156 -0.07689 -0.01867  0.00292  0.06039  0.06717
                  y   0.00811  0.00079  0.00099 -0.00024  0.00143 -0.04540
                  z  -0.04017  0.08526 -0.05249  0.00255 -0.07843  0.02640
 20   c           x   0.18293 -0.05374 -0.02901  0.00262  0.02774  0.06962
                  y   0.00582  0.00030  0.00065 -0.00025  0.00105 -0.03176
                  z  -0.27802  0.05435 -0.04701  0.00357 -0.03703  0.04556
 21   c           x   0.00180  0.01852 -0.06163 -0.00540 -0.03885  0.09794
                  y   0.00335 -0.00044 -0.00627  0.00032  0.00012 -0.00175
                  z  -0.05356 -0.04088 -0.02429  0.01537  0.04588  0.09205
 22   o           x   0.09839  0.07549 -0.06689  0.01660 -0.04665  0.15917
                  y   0.00849 -0.00167 -0.00533  0.00025  0.00397 -0.07413
                  z  -0.18666 -0.11273 -0.02130 -0.01259  0.05017  0.14386
 23   n           x  -0.15522  0.09595 -0.09891  0.00127 -0.06321  0.19355
                  y   0.00595 -0.00059 -0.01538  0.00122 -0.00112  0.03325
                  z   0.14433 -0.13874 -0.02155  0.01097  0.06796  0.17166
 24   h           x   0.07466  0.23154 -0.16441  0.00039 -0.19205  0.30294
                  y   0.00516 -0.00159  0.00898 -0.00083  0.00503 -0.07992
                  z  -0.14701 -0.30940  0.00724  0.01672  0.21858  0.28377
 25   h           x  -0.10287  0.13661 -0.11549 -0.00158 -0.09660  0.19670
                  y   0.00252 -0.00104 -0.05904  0.00497 -0.00955  0.21874
                  z   0.07624 -0.19108 -0.01103  0.01555  0.10882  0.21124
 26   h           x   0.37164 -0.01132 -0.03014  0.00227 -0.01655  0.01448
                  y   0.00134 -0.00149 -0.00821  0.00052  0.00051  0.00936
                  z  -0.50816  0.00414 -0.02802  0.00249  0.02023  0.03216
 27   h           x   0.03618  0.11709 -0.09075 -0.01364 -0.14148  0.07354
                  y   0.00338  0.00015 -0.00543  0.00011 -0.00067 -0.00576
                  z  -0.09749 -0.16659  0.01312  0.02581  0.17667  0.12197
 28   h           x  -0.28816  0.14869 -0.07940 -0.00885 -0.11046  0.02083
                  y   0.00205  0.00026 -0.01028  0.00066 -0.00141  0.02370
                  z   0.31945 -0.20376  0.03048  0.01683  0.14079  0.05489

reduced mass(g/mol)     5.436    4.573    7.533    1.914    4.713   14.222


       mode              25       26       27       28       29       30

     frequency         380.04   383.76   387.09   409.25   444.23   462.16

     symmetry            a        a        a        a        a        a   

        IR               YES      YES      YES      YES      YES      YES
|dDIP/dQ|   (a.u.)     0.0008   0.0029   0.0008   0.0030   0.0026   0.0030
intensity (km/mol)       1.08    15.26     1.21    16.49    11.57    16.03
intensity (  %   )       0.08     1.17     0.09     1.26     0.88     1.22
 
       RAMAN             YES      YES      YES      YES      YES      YES
 
  1   ag          x  -0.00790  0.00421 -0.01742  0.02837 -0.00303  0.00347
                  y   0.00229  0.00016  0.00538 -0.00507  0.00031 -0.00027
                  z  -0.00484 -0.00082 -0.01360  0.02318  0.00223 -0.00241
  2   ag          x  -0.00061 -0.00075  0.00010 -0.00005  0.00011 -0.00021
                  y   0.00267  0.00330  0.00450  0.01999  0.00016  0.00095
                  z   0.00032  0.00078 -0.00060  0.00011 -0.00008  0.00034
  3   n           x   0.01396  0.05110 -0.02806 -0.05400  0.00428  0.04565
                  y   0.00463  0.00435  0.00858  0.02045  0.00082  0.00321
                  z  -0.02233 -0.07497  0.02919  0.00034 -0.00718 -0.06958
  4   c           x   0.00230  0.00892 -0.01176 -0.03382  0.00359  0.01052
                  y  -0.00373 -0.00828 -0.00373 -0.04598  0.00052  0.00056
                  z  -0.00833 -0.01879  0.00427 -0.01872 -0.00613 -0.02018
  5   n           x  -0.02058 -0.04445 -0.01445 -0.08342 -0.00871 -0.08131
                  y  -0.00425 -0.00849 -0.00413 -0.03823  0.00038 -0.00016
                  z  -0.00379  0.02493 -0.03765 -0.10127  0.00867  0.09655
  6   c           x   0.00170  0.02505 -0.03893 -0.12889  0.00348  0.02141
                  y  -0.00630 -0.00531 -0.01146 -0.02205 -0.00028  0.00030
                  z  -0.02777 -0.07355  0.01303 -0.06606 -0.00533 -0.03470
  7   c           x   0.00214  0.02848 -0.04355 -0.15330  0.00947  0.07230
                  y  -0.00148  0.00166 -0.00536 -0.00105 -0.00031  0.00007
                  z  -0.02954 -0.08069  0.01640 -0.06984 -0.01355 -0.10525
  8   c           x  -0.02257 -0.07655  0.02471 -0.04543 -0.00987 -0.06887
                  y   0.00368  0.00698  0.00502  0.04136 -0.00042 -0.00130
                  z   0.02239  0.08306 -0.04327 -0.08277  0.01240  0.08268
  9   o           x   0.01259  0.01025  0.03123  0.09732  0.00187  0.00230
                  y  -0.02212 -0.02649 -0.03931 -0.17829 -0.00203 -0.01131
                  z   0.01445  0.01567  0.01796  0.06779  0.00108  0.01293
 10   n           x   0.00317 -0.03754  0.05812  0.16475  0.00147  0.00613
                  y   0.00583  0.01049  0.00975  0.08665  0.00019  0.00381
                  z   0.03375  0.09283 -0.00841  0.08173  0.00063  0.00696
 11   h           x   0.16363  0.51488 -0.09237  0.31708 -0.08547 -0.45669
                  y  -0.02928 -0.04189 -0.04339 -0.21070 -0.00040 -0.00290
                  z  -0.10950 -0.53120  0.29054  0.45271  0.11577  0.62704
 12   h           x  -0.00924 -0.08331  0.08011  0.18826  0.03828  0.26153
                  y   0.05351  0.07924  0.08491  0.49967  0.00242  0.02242
                  z   0.06820  0.17956 -0.00948  0.20350 -0.04768 -0.32722
 13   h           x  -0.03513 -0.08869 -0.01102 -0.16661  0.01733  0.11917
                  y   0.00630  0.01036  0.00774  0.04157  0.00005  0.00089
                  z   0.00517  0.05629 -0.04916 -0.12918 -0.02445 -0.16787
 14   h           x  -0.07741 -0.26930  0.11222  0.03355 -0.02785 -0.20171
                  y   0.00715  0.01022  0.01482  0.09977 -0.00139 -0.00612
                  z   0.09771  0.34345 -0.15599 -0.16033  0.03602  0.25842
 15   h           x  -0.00900 -0.01820  0.00149 -0.01294 -0.01066 -0.04508
                  y   0.00409  0.00399  0.00825  0.02597  0.00032  0.00088
                  z   0.00668  0.02320 -0.01787 -0.02435  0.01089  0.04579
 16   n           x  -0.03407  0.02521  0.08390 -0.02362 -0.06094  0.01011
                  y  -0.01398 -0.00328 -0.03211  0.00586 -0.00181 -0.00005
                  z   0.08171 -0.02527 -0.01464 -0.00967  0.08592 -0.01451
 17   c           x   0.00798  0.00592  0.04878 -0.01626 -0.01644  0.00037
                  y   0.01305  0.00133  0.02895 -0.01725  0.00101 -0.00067
                  z   0.02401 -0.00071  0.02137 -0.01180  0.02682 -0.00150
 18   n           x   0.05822 -0.00542  0.05412 -0.01419  0.08354 -0.01451
                  y   0.00514  0.00013  0.00895 -0.00559 -0.00114 -0.00006
                  z  -0.00546  0.02272  0.08978 -0.01919 -0.09943  0.01825
 19   c           x  -0.00319  0.01921  0.10222 -0.03011 -0.02891  0.00311
                  y   0.00021  0.00024 -0.00303  0.00667 -0.00140  0.00047
                  z   0.07373 -0.01334  0.02317 -0.01885  0.04159 -0.00513
 20   c           x   0.00573  0.01951  0.11766 -0.03828 -0.07879  0.01182
                  y  -0.00401  0.00018 -0.00800  0.00669 -0.00039  0.00026
                  z   0.07346 -0.01140  0.03336 -0.02342  0.10753 -0.01683
 21   c           x   0.08713 -0.02038  0.01826 -0.02706  0.08193 -0.01122
                  y  -0.01660 -0.00234 -0.03560  0.01347 -0.00052  0.00018
                  z  -0.05556  0.03421  0.10680 -0.02933 -0.09520  0.01180
 22   o           x  -0.01964 -0.00777 -0.06595  0.01408  0.00921 -0.00188
                  y   0.05385  0.01105  0.12888 -0.04708  0.00853 -0.00155
                  z  -0.02744 -0.00388 -0.04298  0.01030 -0.02213  0.00317
 23   n           x  -0.01866 -0.02675 -0.14681  0.03902 -0.00558  0.00096
                  y  -0.04760 -0.00909 -0.11267  0.04393 -0.00645  0.00143
                  z  -0.08298  0.00931 -0.06752  0.02577 -0.00630  0.00068
 24   h           x  -0.58471  0.16550 -0.06681  0.08596  0.44894 -0.04928
                  y   0.04154  0.00321  0.06967 -0.02035 -0.00601  0.00072
                  z   0.43806 -0.26376 -0.58134  0.11128 -0.58735  0.06641
 25   h           x   0.15351 -0.10455 -0.27023  0.05225 -0.24024  0.03144
                  y  -0.18139 -0.03291 -0.41018  0.14591 -0.01637  0.00355
                  z  -0.33446  0.10392  0.02408  0.03153  0.29302 -0.03800
 26   h           x   0.13583 -0.02841  0.06081 -0.03363 -0.09814  0.01422
                  y  -0.01488 -0.00138 -0.02682  0.00814 -0.00016 -0.00003
                  z  -0.06885  0.05269  0.14528 -0.03286  0.13178 -0.01930
 27   h           x   0.26633 -0.09387 -0.11820 -0.01314  0.26798 -0.03721
                  y  -0.02562 -0.00473 -0.06121  0.02390  0.00229 -0.00002
                  z  -0.28694  0.12733  0.27359 -0.04412 -0.33167  0.04489
 28   h           x   0.02268  0.00136  0.02389 -0.00807  0.05433 -0.00447
                  y  -0.01642 -0.00328 -0.03754  0.01058 -0.00123  0.00006
                  z  -0.00151  0.00548  0.03873 -0.00767 -0.05891  0.00472

reduced mass(g/mol)     1.675    1.662    2.839    3.585    1.802    1.663


       mode              31       32       33       34       35       36

     frequency         529.23   534.53   547.25   549.44   606.40   632.77

     symmetry            a        a        a        a        a        a   

        IR               YES      YES      YES      YES      YES      YES
|dDIP/dQ|   (a.u.)     0.0025   0.0023   0.0011   0.0022   0.0007   0.0033
intensity (km/mol)      11.03     9.53     2.34     8.28     0.85    19.25
intensity (  %   )       0.84     0.73     0.18     0.63     0.06     1.47
 
       RAMAN             YES      YES      YES      YES      YES      YES
 
  1   ag          x   0.00690  0.00230 -0.01022  0.01088 -0.02124 -0.02072
                  y  -0.00376 -0.00370  0.00332 -0.00655  0.00107  0.00139
                  z   0.00523  0.00178 -0.00763  0.00822 -0.01609 -0.01553
  2   ag          x   0.00027 -0.00019  0.00064 -0.00030 -0.00003  0.00031
                  y   0.00971  0.00134 -0.00273  0.00118 -0.00246  0.01508
                  z   0.00046 -0.00011  0.00045 -0.00015 -0.00005  0.00041
  3   n           x  -0.14546 -0.02671  0.08559 -0.02707  0.02262 -0.08392
                  y   0.07908  0.01068 -0.32834  0.06243 -0.01101 -0.03768
                  z  -0.11043 -0.02038  0.05761 -0.01930  0.01662 -0.04844
  4   c           x  -0.09090 -0.01529  0.14393 -0.03226  0.02091 -0.09176
                  y   0.16671  0.03170 -0.04161  0.01629  0.02788 -0.26663
                  z  -0.06018 -0.01011  0.10492 -0.02326  0.01497 -0.06120
  5   n           x  -0.04690 -0.00633  0.09674 -0.01526 -0.02705  0.21378
                  y   0.14283  0.02742  0.05107 -0.00140  0.01250 -0.08784
                  z  -0.03977 -0.00565  0.07553 -0.01236 -0.01959  0.15348
  6   c           x   0.08034  0.01451 -0.06592  0.01711 -0.02050  0.16450
                  y   0.05401  0.01542  0.25505 -0.03622 -0.01157  0.14489
                  z   0.05828  0.01058 -0.04476  0.01191 -0.01550  0.10992
  7   c           x   0.07425  0.01270 -0.11957  0.02504 -0.02000  0.16749
                  y  -0.10294 -0.02035 -0.14532  0.02347 -0.03660  0.25498
                  z   0.06167  0.01060 -0.09148  0.01938 -0.01531  0.12451
  8   c           x  -0.03244 -0.00800 -0.08124  0.00658  0.02907 -0.17977
                  y  -0.15876 -0.03180 -0.18110  0.02440 -0.02058  0.12511
                  z  -0.03210 -0.00746 -0.05853  0.00415  0.02090 -0.12154
  9   o           x   0.21341  0.03893  0.08327 -0.00327  0.00651 -0.08680
                  y  -0.16089 -0.02642  0.03958 -0.01994  0.05196 -0.32805
                  z   0.15781  0.02886  0.06315 -0.00276  0.00570 -0.06849
 10   n           x  -0.07854 -0.01390 -0.08852  0.01294 -0.00589  0.01784
                  y  -0.00497  0.00641  0.32525 -0.05032 -0.00757  0.13017
                  z  -0.05134 -0.00904 -0.06373  0.00962 -0.00490  0.02166
 11   h           x  -0.24654 -0.04439 -0.07840  0.00208  0.00296 -0.08518
                  y   0.22436  0.04767  0.32615 -0.03870 -0.01864  0.25581
                  z  -0.26873 -0.04776 -0.06495 -0.00078  0.00388 -0.07251
 12   h           x  -0.13058 -0.02377 -0.09669  0.01147 -0.00347 -0.00550
                  y  -0.32402 -0.05315  0.33247 -0.07186  0.00832 -0.02756
                  z  -0.10119 -0.01862 -0.05838  0.00519 -0.00217 -0.00678
 13   h           x   0.14989  0.03086  0.08270 -0.00134 -0.03988  0.35372
                  y  -0.19998 -0.04287 -0.36944  0.05198 -0.01456  0.04713
                  z   0.12880  0.02549  0.03266  0.00435 -0.02868  0.25554
 14   h           x  -0.07961 -0.01616 -0.01956 -0.00748  0.03658 -0.20973
                  y  -0.33567 -0.06247  0.04529 -0.02722  0.00746 -0.00166
                  z  -0.06442 -0.01318 -0.02038 -0.00486  0.02686 -0.15339
 15   h           x  -0.34140 -0.06392  0.04889 -0.02918 -0.01371  0.31491
                  y   0.02348  0.00025 -0.34157  0.06252 -0.02087  0.04529
                  z  -0.24295 -0.04494  0.04089 -0.02164 -0.00096 -0.01317
 16   n           x   0.01915 -0.08868 -0.02866 -0.19045 -0.01278  0.00499
                  y  -0.00053 -0.08035  0.05825  0.30342 -0.10354 -0.01943
                  z   0.01501 -0.07087 -0.02230 -0.14910 -0.00933  0.00415
 17   c           x   0.00976 -0.02603 -0.03239 -0.19594 -0.03016 -0.00068
                  y  -0.02995  0.12739  0.01838  0.06499 -0.29843 -0.04061
                  z   0.00666 -0.01591 -0.02444 -0.14704 -0.02357 -0.00081
 18   n           x   0.00741 -0.00150 -0.01865 -0.05200  0.23891  0.02758
                  y  -0.03032  0.15210  0.00466  0.03032 -0.04315 -0.00425
                  z   0.00673 -0.00475 -0.01518 -0.04427  0.18230  0.02081
 19   c           x  -0.01425  0.03978  0.02543  0.15236  0.12266  0.01660
                  y  -0.02195  0.17504 -0.03129 -0.11168  0.21012  0.02883
                  z  -0.01084  0.03013  0.01932  0.11653  0.09499  0.01263
 20   c           x  -0.01448  0.02973  0.03164  0.17715  0.12566  0.01883
                  y   0.02144 -0.12991  0.01798  0.13607  0.23998  0.02895
                  z  -0.01264  0.02809  0.02509  0.14035  0.09939  0.01503
 21   c           x   0.00167 -0.05797  0.01274  0.01141 -0.14245 -0.01342
                  y   0.03637 -0.21641  0.01403  0.08156  0.09349  0.00941
                  z   0.00186 -0.04687  0.00916  0.00558 -0.10823 -0.01015
 22   o           x  -0.04347  0.21621  0.00434  0.02999 -0.12333 -0.01877
                  y   0.01998 -0.09882 -0.01863 -0.17739 -0.26886 -0.03045
                  z  -0.03379  0.16853  0.00338  0.02370 -0.09521 -0.01439
 23   n           x   0.02121 -0.11231  0.00811  0.04157 -0.01537 -0.00319
                  y  -0.00625  0.13633 -0.05325 -0.22468  0.20425  0.03031
                  z   0.01578 -0.08548  0.00699  0.03606 -0.01111 -0.00231
 24   h           x   0.05965 -0.26971 -0.01707 -0.10326 -0.10090 -0.01820
                  y  -0.04745  0.30623 -0.02896 -0.08335  0.29935  0.04659
                  z   0.05838 -0.26027 -0.01749 -0.10589 -0.10268 -0.01814
 25   h           x   0.02896 -0.14706  0.00496  0.01993 -0.03328 -0.00643
                  y   0.05535 -0.13370 -0.09087 -0.45949  0.07411  0.00428
                  z   0.02021 -0.10425  0.00315  0.01475 -0.01968 -0.00376
 26   h           x  -0.03653  0.20175  0.00790  0.10382  0.33490  0.04770
                  y   0.04397 -0.30062  0.03979  0.20058  0.04347  0.00205
                  z  -0.03035  0.15662  0.01050  0.10123  0.24766  0.03547
 27   h           x   0.00594 -0.06943  0.00184 -0.05225 -0.14820 -0.01307
                  y   0.06144 -0.28442 -0.04385 -0.25316  0.04305  0.00721
                  z   0.00532 -0.05735  0.00221 -0.03544 -0.12030 -0.01117
 28   h           x   0.05982 -0.28174 -0.04124 -0.22324  0.29566  0.04658
                  y   0.01720 -0.16345  0.05325  0.29149  0.02072 -0.00308
                  z   0.04542 -0.21024 -0.03299 -0.18048  0.19775  0.03120

reduced mass(g/mol)     4.638    4.788    6.804    6.518    7.668    7.842


       mode              37       38       39       40       41       42

     frequency         643.40   677.76   704.85   724.32   742.55   759.02

     symmetry            a        a        a        a        a        a   

        IR               YES      YES      YES      YES      YES      YES
|dDIP/dQ|   (a.u.)     0.0055   0.0042   0.0046   0.0058   0.0015   0.0038
intensity (km/mol)      53.16    30.94    37.79    59.08     4.19    26.02
intensity (  %   )       4.06     2.36     2.88     4.51     0.32     1.99
 
       RAMAN             YES      YES      YES      YES      YES      YES
 
  1   ag          x   0.00066  0.00006 -0.00020 -0.00015 -0.00186  0.00151
                  y  -0.00006 -0.00002  0.00003  0.00001  0.00001 -0.00007
                  z   0.00037  0.00008 -0.00003  0.00022  0.00220 -0.00141
  2   ag          x   0.00039 -0.00006  0.00015  0.00006  0.00166 -0.00000
                  y  -0.00041 -0.00001  0.00012  0.00000 -0.00016  0.00002
                  z  -0.00049  0.00005 -0.00017 -0.00008 -0.00212  0.00008
  3   n           x  -0.04129  0.00010  0.01267 -0.00082  0.15034 -0.00549
                  y  -0.00005  0.00002 -0.00178 -0.00001  0.00264  0.00011
                  z   0.05910 -0.00021 -0.01552  0.00109 -0.20130  0.00702
  4   c           x  -0.02197 -0.00074 -0.12452  0.00128 -0.35574  0.01275
                  y   0.00796  0.00004 -0.00643  0.00004 -0.00243  0.00037
                  z   0.03416  0.00098  0.16671 -0.00175  0.48159 -0.01719
  5   n           x  -0.00182  0.00007 -0.01581 -0.00032  0.16830 -0.00795
                  y   0.00372 -0.00001 -0.00169  0.00002  0.00109 -0.00009
                  z  -0.01145 -0.00010  0.02511  0.00039 -0.22107  0.01058
  6   c           x   0.05353  0.00066  0.15121  0.00022 -0.11200  0.00271
                  y  -0.00279 -0.00004  0.00449  0.00001 -0.00472  0.00012
                  z  -0.08077 -0.00090 -0.20181 -0.00033  0.14710 -0.00369
  7   c           x   0.00451 -0.00002 -0.03734 -0.00030  0.05692 -0.00022
                  y  -0.00870 -0.00007  0.00039 -0.00001  0.00026 -0.00002
                  z  -0.01640 -0.00001  0.05101  0.00038 -0.08221  0.00037
  8   c           x  -0.01221  0.00034  0.09077  0.00030 -0.11388  0.00440
                  y  -0.00521 -0.00005  0.00207 -0.00000 -0.00110  0.00002
                  z   0.02673 -0.00045 -0.11848 -0.00036  0.14567 -0.00579
  9   o           x  -0.00109  0.00018  0.02887 -0.00024  0.06286 -0.00228
                  y   0.00935  0.00004 -0.00178 -0.00001  0.00833 -0.00011
                  z   0.00822 -0.00018 -0.04416  0.00029 -0.08170  0.00332
 10   n           x  -0.01633 -0.00017 -0.03218 -0.00030  0.01571 -0.00081
                  y  -0.00320 -0.00005  0.00393  0.00002 -0.00501  0.00008
                  z   0.02016  0.00025  0.04304  0.00035 -0.01850  0.00080
 11   h           x  -0.05070  0.00027 -0.15428  0.00068  0.00159  0.00101
                  y  -0.00604 -0.00011  0.00401 -0.00001 -0.00737 -0.00004
                  z   0.07042 -0.00022  0.20346 -0.00088  0.00406 -0.00133
 12   h           x   0.00079  0.00133  0.02734  0.00094  0.00625  0.00911
                  y   0.00123  0.00006  0.00777  0.00005 -0.00327  0.00053
                  z  -0.00107 -0.00171 -0.03524 -0.00130 -0.00501 -0.01229
 13   h           x  -0.06218 -0.00170 -0.46332 -0.00186  0.36870 -0.01791
                  y  -0.00279 -0.00004  0.00167  0.00000 -0.00070  0.00007
                  z   0.05959  0.00213  0.60285  0.00239 -0.48637  0.02322
 14   h           x  -0.01490 -0.00042 -0.11975 -0.00035  0.07819 -0.00824
                  y  -0.00186 -0.00011 -0.00585 -0.00003  0.00971 -0.00076
                  z   0.03231  0.00055  0.16033  0.00050 -0.10705  0.01079
 15   h           x   0.58922 -0.00041 -0.24949  0.00122  0.08213  0.00008
                  y   0.01082 -0.00001 -0.00657  0.00003  0.00106  0.00019
                  z  -0.78604  0.00033  0.33464 -0.00160 -0.11375 -0.00064
 16   n           x  -0.00010 -0.03817  0.00076 -0.00266 -0.00503 -0.16773
                  y   0.00044 -0.00029 -0.00004  0.00093  0.00001  0.00150
                  z  -0.00027  0.04902 -0.00085  0.00231  0.00648  0.21403
 17   c           x  -0.00020 -0.06110  0.00065  0.03801  0.01421  0.45109
                  y   0.00090  0.00081 -0.00012  0.00235 -0.00010 -0.00083
                  z   0.00022  0.07876 -0.00084 -0.04864 -0.01850 -0.58620
 18   n           x  -0.00052 -0.00925  0.00030  0.03793 -0.00142 -0.15842
                  y   0.00007  0.00084  0.00000  0.00020  0.00002  0.00242
                  z  -0.00046  0.01016 -0.00041 -0.05034  0.00148  0.19715
 19   c           x  -0.00042  0.10798 -0.00011 -0.10616  0.00308  0.07678
                  y  -0.00065 -0.00007  0.00005 -0.00122  0.00004  0.00118
                  z  -0.00019 -0.13922  0.00021  0.13651 -0.00391 -0.09721
 20   c           x  -0.00060 -0.00313  0.00064  0.03883 -0.00121 -0.05795
                  y  -0.00065 -0.00219  0.00006 -0.00026  0.00000 -0.00101
                  z  -0.00012  0.00282 -0.00071 -0.05066  0.00165  0.07664
 21   c           x   0.00029 -0.00629  0.00055 -0.09069  0.00183  0.06950
                  y  -0.00023 -0.00132  0.00002 -0.00050 -0.00002 -0.00135
                  z   0.00008  0.01013 -0.00064  0.11203 -0.00225 -0.08464
 22   o           x   0.00058  0.01223 -0.00027 -0.01637 -0.00525 -0.12707
                  y   0.00062  0.00064 -0.00007  0.00193 -0.00019 -0.00373
                  z   0.00012 -0.01524  0.00024  0.02472  0.00679  0.16728
 23   n           x  -0.00021 -0.02232  0.00076  0.01590  0.00190 -0.00762
                  y  -0.00070  0.00111  0.00004 -0.00317 -0.00001  0.00209
                  z   0.00043  0.02820 -0.00101 -0.01943 -0.00259  0.00759
 24   h           x   0.00112 -0.09091  0.00071  0.09324  0.00558  0.05551
                  y  -0.00110  0.00176  0.00012 -0.00399  0.00007  0.00259
                  z  -0.00040  0.11424 -0.00112 -0.11648 -0.00744 -0.07389
 25   h           x   0.00142 -0.00346 -0.00105 -0.01549 -0.00515 -0.03436
                  y  -0.00005  0.00118 -0.00006 -0.00377 -0.00019 -0.00002
                  z  -0.00153  0.00398  0.00129  0.02088  0.00642  0.04143
 26   h           x  -0.00198 -0.15881  0.00333  0.40912  0.00876 -0.17679
                  y  -0.00007  0.00038 -0.00000 -0.00578 -0.00015  0.00085
                  z   0.00040  0.19493 -0.00399 -0.50926 -0.01067  0.22368
 27   h           x  -0.00002 -0.00190  0.00125  0.08512  0.00758  0.00696
                  y  -0.00025 -0.00088  0.00005  0.00264  0.00001 -0.00579
                  z   0.00046  0.00472 -0.00153 -0.11152 -0.00957 -0.00617
 28   h           x  -0.00232  0.57818 -0.00322  0.42251  0.00965  0.23086
                  y   0.00007  0.00181 -0.00003  0.00225  0.00007  0.00235
                  z   0.00074 -0.73091  0.00434 -0.53661 -0.01203 -0.29307

reduced mass(g/mol)     1.225    1.536    2.570    1.726    7.818    9.896


       mode              43       44       45       46       47       48

     frequency         779.95   790.84   801.23   808.27   930.45   932.63

     symmetry            a        a        a        a        a        a   

        IR               YES      YES      YES      YES      YES      YES
|dDIP/dQ|   (a.u.)     0.0034   0.0038   0.0006   0.0020   0.0002   0.0003
intensity (km/mol)      20.83    25.93     0.66     7.28     0.07     0.15
intensity (  %   )       1.59     1.98     0.05     0.56     0.01     0.01
 
       RAMAN             YES      YES      YES      YES      YES      YES
 
  1   ag          x  -0.00005 -0.00001 -0.00716  0.00817  0.00006  0.00003
                  y   0.00003 -0.00002  0.00181 -0.00217 -0.00006 -0.00003
                  z  -0.00010  0.00014 -0.00543  0.00615  0.00011  0.00003
  2   ag          x  -0.00000  0.00019 -0.00009 -0.00029  0.00009 -0.00007
                  y   0.00001  0.00012  0.00096  0.00605  0.00010 -0.00001
                  z   0.00003 -0.00022 -0.00003 -0.00006 -0.00008  0.00006
  3   n           x  -0.00045 -0.02275  0.01672  0.08718  0.00765 -0.00029
                  y  -0.00001 -0.00007  0.00860  0.09421 -0.00490  0.00022
                  z   0.00073  0.03238  0.01110  0.05837 -0.00377  0.00006
  4   c           x   0.00091 -0.00458 -0.01844 -0.12632  0.00641 -0.00009
                  y  -0.00007 -0.00273 -0.02338 -0.13008  0.00074  0.00004
                  z  -0.00132  0.00220 -0.01310 -0.09182 -0.01594  0.00031
  5   n           x  -0.00064  0.02372 -0.02358 -0.14862 -0.00816  0.00016
                  y   0.00004  0.00107  0.00677  0.03248  0.00598 -0.00026
                  z   0.00072 -0.03457 -0.01761 -0.11192  0.00540  0.00008
  6   c           x  -0.00034 -0.12516 -0.00624 -0.05899  0.00752 -0.00021
                  y   0.00005  0.00081  0.01433  0.08561  0.00119 -0.00002
                  z   0.00042  0.16443 -0.00686 -0.05265 -0.00098  0.00002
  7   c           x   0.00011  0.09644  0.01641  0.09824  0.05851 -0.00079
                  y   0.00002 -0.00081 -0.01315 -0.10796  0.00021 -0.00006
                  z  -0.00005 -0.12496  0.01476  0.08449 -0.08487  0.00123
  8   c           x   0.00028  0.06091  0.05572  0.38013 -0.07854  0.00097
                  y   0.00001 -0.00203 -0.01204 -0.09186 -0.00050 -0.00007
                  z  -0.00013 -0.06627  0.04428  0.29782  0.10383 -0.00117
  9   o           x  -0.00024 -0.00470 -0.02506 -0.15324 -0.00212  0.00000
                  y  -0.00008 -0.00381 -0.03154 -0.20035 -0.00364  0.00009
                  z   0.00017  0.00107 -0.01945 -0.11859  0.00024  0.00005
 10   n           x  -0.00015  0.02654 -0.01162 -0.08018  0.00520 -0.00018
                  y   0.00012  0.00675  0.03782  0.24489 -0.00063  0.00007
                  z   0.00010 -0.03837 -0.00763 -0.05513  0.00281 -0.00003
 11   h           x  -0.00006 -0.01346 -0.01648 -0.08198 -0.02782  0.00053
                  y   0.00017  0.00954  0.04579  0.26235  0.02208 -0.00059
                  z  -0.00011  0.00919 -0.01329 -0.06477  0.00258  0.00031
 12   h           x   0.00052  0.07211 -0.01391 -0.08783  0.00363 -0.00022
                  y   0.00007  0.00569  0.03483  0.27680 -0.03093  0.00093
                  z  -0.00080 -0.09994 -0.00771 -0.04942 -0.00603  0.00032
 13   h           x  -0.00156 -0.45408  0.00861  0.01486 -0.37275  0.00478
                  y   0.00006  0.00525  0.01076  0.07082  0.00983 -0.00024
                  z   0.00205  0.58086 -0.01199 -0.08840  0.45845 -0.00569
 14   h           x  -0.00117 -0.34674  0.06089  0.39554  0.47545 -0.00612
                  y  -0.00005 -0.02163 -0.02715 -0.22330  0.03529 -0.00085
                  z   0.00180  0.47192  0.03466  0.24290 -0.62170  0.00794
 15   h           x   0.00066  0.07666  0.00921  0.00775 -0.04376  0.00016
                  y   0.00002  0.00144  0.00524  0.06277 -0.00592  0.00019
                  z  -0.00067 -0.10089  0.00886  0.01159  0.06615 -0.00083
 16   n           x   0.02927  0.00021 -0.08664  0.01080 -0.00011  0.01394
                  y  -0.00019 -0.00007 -0.10712  0.02084  0.00019 -0.00211
                  z  -0.03945 -0.00049 -0.05939  0.00737 -0.00023 -0.01508
 17   c           x  -0.00029 -0.00095  0.11458 -0.01832  0.00004  0.01167
                  y   0.00188  0.00012  0.10942 -0.01390  0.00006  0.00046
                  z   0.00386  0.00142  0.08641 -0.01423 -0.00009 -0.01905
 18   n           x  -0.02343  0.00077  0.15858 -0.02312  0.00000 -0.00776
                  y  -0.00116 -0.00005 -0.03563  0.00501 -0.00022  0.00299
                  z   0.03345 -0.00067  0.12310 -0.01783  0.00035  0.00802
 19   c           x   0.11877 -0.00021  0.06717 -0.01235 -0.00000  0.01194
                  y  -0.00254 -0.00011 -0.07498  0.00942 -0.00002  0.00092
                  z  -0.15010  0.00038  0.05956 -0.01062 -0.00023 -0.01050
 20   c           x  -0.10508  0.00038 -0.09009  0.01064  0.00061  0.05159
                  y   0.00233  0.00008  0.12458 -0.02211 -0.00018 -0.00061
                  z   0.13068 -0.00073 -0.08205  0.00979 -0.00081 -0.06837
 21   c           x  -0.04871 -0.00020 -0.39048  0.06087 -0.00105 -0.08931
                  y   0.00210  0.00003  0.05936 -0.00985 -0.00013 -0.00021
                  z   0.04919 -0.00052 -0.31610  0.04896  0.00166  0.11440
 22   o           x   0.00525  0.00034  0.14179 -0.02013 -0.00018 -0.00278
                  y   0.00304  0.00018  0.17522 -0.02547 -0.00003 -0.00190
                  z  -0.00286 -0.00012  0.11041 -0.01560  0.00016  0.00260
 23   n           x  -0.02341  0.00038  0.09356 -0.01413 -0.00006  0.00150
                  y  -0.00499 -0.00023 -0.22761  0.03436  0.00013 -0.00015
                  z   0.03309 -0.00029  0.07190 -0.01099 -0.00006  0.00173
 24   h           x   0.02073 -0.00006  0.10878 -0.01316  0.00013 -0.01535
                  y  -0.00845 -0.00028 -0.25439  0.03508 -0.00015  0.00835
                  z  -0.01590  0.00035  0.09310 -0.01113  0.00032  0.00396
 25   h           x  -0.07016  0.00023  0.10159 -0.01506 -0.00001 -0.00222
                  y  -0.00252 -0.00024 -0.23927  0.03851  0.00046 -0.01335
                  z   0.09398 -0.00007  0.07030 -0.01044 -0.00007  0.00355
 26   h           x   0.51937 -0.00135  0.01158 -0.00937 -0.00392 -0.30874
                  y  -0.00867 -0.00003 -0.04543  0.00734 -0.00002  0.00829
                  z  -0.63936  0.00164  0.10738 -0.02102  0.00462  0.37014
 27   h           x   0.26063 -0.00090 -0.40643  0.06255  0.00668  0.52572
                  y   0.00983  0.00010  0.16836 -0.02814 -0.00034  0.01692
                  z  -0.34376  0.00036 -0.28831  0.04511 -0.00829 -0.66520
 28   h           x  -0.13185 -0.00082  0.01218 -0.00821 -0.00169 -0.08287
                  y  -0.00006 -0.00006 -0.06246  0.01221  0.00009 -0.00301
                  z   0.16706  0.00088 -0.00036 -0.00560  0.00126  0.10565

reduced mass(g/mol)     1.849    1.914    7.456    7.535    1.319    1.336


       mode              49       50       51       52       53       54

     frequency         960.66   978.09  1015.55  1022.64  1117.74  1119.54

     symmetry            a        a        a        a        a        a   

        IR               YES      YES      YES      YES      YES      YES
|dDIP/dQ|   (a.u.)     0.0010   0.0012   0.0008   0.0014   0.0006   0.0034
intensity (km/mol)       1.74     2.35     1.21     3.34     0.75    20.23
intensity (  %   )       0.13     0.18     0.09     0.25     0.06     1.54
 
       RAMAN             YES      YES      YES      YES      YES      YES
 
  1   ag          x   0.00243  0.00278 -0.00403  0.00932 -0.00012  0.00215
                  y  -0.00095 -0.00114  0.00099 -0.00160  0.00024  0.00059
                  z   0.00181  0.00208 -0.00300  0.00703 -0.00009  0.00162
  2   ag          x   0.00007 -0.00011  0.00010  0.00008  0.00001  0.00003
                  y   0.00125  0.00011  0.00019  0.00002 -0.00077 -0.00095
                  z   0.00006 -0.00006  0.00005  0.00004 -0.00002 -0.00002
  3   n           x   0.08013  0.00443 -0.05449  0.02204 -0.03077 -0.04624
                  y  -0.09143 -0.00004  0.23109 -0.08278  0.02996  0.02517
                  z   0.05884  0.00330 -0.03773  0.01536 -0.02241 -0.03398
  4   c           x  -0.04964 -0.00405  0.00781 -0.00894  0.07304  0.09580
                  y   0.00060  0.00310 -0.01246  0.00722 -0.06099 -0.07757
                  z  -0.03448 -0.00293  0.00398 -0.00598  0.05379  0.07059
  5   n           x  -0.08097 -0.00094  0.21305 -0.07704 -0.06370 -0.08251
                  y   0.11256  0.00439 -0.11015  0.04404 -0.06641 -0.08458
                  z  -0.06086 -0.00071  0.15960 -0.05766 -0.04867 -0.06298
  6   c           x   0.06266  0.00529  0.02920 -0.00844 -0.03146 -0.04311
                  y   0.01614  0.00262  0.01020 -0.00266 -0.02161 -0.02998
                  z   0.04763  0.00393  0.02057 -0.00589 -0.02410 -0.03303
  7   c           x  -0.08149 -0.01263 -0.20917  0.06678  0.04016  0.05494
                  y  -0.00130 -0.00571 -0.17627  0.05940  0.01016  0.02486
                  z  -0.05084 -0.00896 -0.15695  0.05037  0.02984  0.04142
  8   c           x  -0.01448  0.00157  0.05242 -0.01532 -0.02204 -0.02258
                  y   0.04501  0.00224 -0.03165  0.01199  0.00114  0.00003
                  z  -0.02351  0.00050  0.03881 -0.01159 -0.01546 -0.01552
  9   o           x  -0.02209 -0.00253 -0.02266  0.00671  0.01045  0.01563
                  y  -0.05087 -0.00504 -0.02001  0.00280  0.04559  0.05977
                  z  -0.01747 -0.00196 -0.01710  0.00501  0.00828  0.01231
 10   n           x   0.09559  0.01002  0.05847 -0.01610  0.03803  0.05059
                  y  -0.02640  0.00033  0.05672 -0.02058  0.05598  0.07336
                  z   0.07491  0.00783  0.04662 -0.01289  0.03034  0.04039
 11   h           x  -0.29660 -0.02987 -0.21109  0.06002 -0.16125 -0.21359
                  y   0.40877  0.04476  0.35761 -0.10573  0.28006  0.37036
                  z  -0.24602 -0.02464 -0.17051  0.04834 -0.12760 -0.16900
 12   h           x   0.00328 -0.00009 -0.00477  0.00149 -0.00431 -0.00518
                  y  -0.62428 -0.06188 -0.34717  0.09333 -0.19256 -0.25163
                  z  -0.01679 -0.00200 -0.01382  0.00399 -0.00929 -0.01157
 13   h           x  -0.13087 -0.02339 -0.39113  0.12062  0.04874  0.01523
                  y   0.08733  0.00802  0.02061  0.00290  0.00290  0.07946
                  z  -0.15702 -0.02139 -0.31323  0.09546  0.03900  0.01240
 14   h           x   0.01072  0.00482  0.04628 -0.00991 -0.08076 -0.10401
                  y   0.32563  0.02511 -0.03448  0.02919 -0.23928 -0.33611
                  z   0.09306  0.00842  0.04053 -0.00734 -0.07254 -0.09370
 15   h           x   0.15785  0.00729 -0.09417  0.03456  0.00287 -0.02287
                  y  -0.07278  0.00067  0.22642 -0.08188  0.04361  0.03566
                  z   0.11315  0.00520 -0.06886  0.02511  0.00366 -0.01602
 16   n           x  -0.00855  0.09029  0.01387  0.06593 -0.02158  0.02681
                  y   0.01078 -0.08312 -0.06381 -0.23394 -0.11111  0.08942
                  z  -0.00670  0.07028  0.01082  0.05120 -0.01706  0.02105
 17   c           x   0.00341 -0.05821  0.00670 -0.00047 -0.04330  0.02203
                  y   0.00138  0.00885 -0.00143  0.00591  0.04474 -0.02701
                  z   0.00236 -0.04350  0.00560  0.00109 -0.03385  0.01729
 18   n           x   0.01020 -0.08302 -0.06792 -0.24981  0.06032 -0.04079
                  y  -0.01100  0.11705  0.01190  0.07067  0.05165 -0.02361
                  z   0.00809 -0.06528 -0.05289 -0.19443  0.04674 -0.03162
 19   c           x  -0.00597  0.07210 -0.01535 -0.04128  0.00860 -0.00326
                  y  -0.00172  0.03170 -0.00779 -0.01957  0.00253  0.00322
                  z  -0.00478  0.05657 -0.01190 -0.03204  0.00680 -0.00253
 20   c           x   0.00229 -0.08219  0.07060  0.21920 -0.01541  0.00622
                  y  -0.00397 -0.01059  0.06670  0.22228  0.07592 -0.06843
                  z   0.00129 -0.06005  0.05472  0.17040 -0.00976  0.00287
 21   c           x   0.00462 -0.02071 -0.01818 -0.05609  0.06065 -0.04778
                  y  -0.00365  0.03801  0.00607  0.02767 -0.00282  0.00420
                  z   0.00442 -0.02291 -0.01389 -0.04377  0.04692 -0.03708
 22   o           x   0.00078 -0.02059  0.00711  0.02045  0.00846 -0.00901
                  y   0.00266 -0.05363  0.01233  0.02624 -0.02646  0.01203
                  z   0.00069 -0.01603  0.00547  0.01564  0.00683 -0.00713
 23   n           x  -0.00591  0.09003 -0.01789 -0.04365 -0.01686  0.00467
                  y   0.00445 -0.03025 -0.01253 -0.05137 -0.03182  0.01000
                  z  -0.00480  0.07273 -0.01444 -0.03522 -0.01351  0.00373
 24   h           x   0.02048 -0.30688  0.07439  0.19624  0.10274 -0.03575
                  y  -0.02006  0.33896 -0.09902 -0.27700 -0.14546  0.04872
                  z   0.01744 -0.26142  0.06313  0.16645  0.08499 -0.02922
 25   h           x  -0.00221  0.02780 -0.00361 -0.00668  0.00347 -0.00331
                  y   0.04184 -0.62929  0.12540  0.30945  0.13869 -0.05676
                  z  -0.00167  0.01826 -0.00203 -0.00368  0.00371 -0.00339
 26   h           x   0.00191 -0.14915  0.13674  0.41204 -0.39088  0.34337
                  y  -0.00459  0.06094  0.00619  0.04992  0.47342 -0.42543
                  z   0.00378 -0.14091  0.11317  0.33840 -0.32512  0.28564
 27   h           x   0.00323  0.01231 -0.02099 -0.05452  0.06921 -0.04490
                  y  -0.02688  0.35314 -0.02507  0.00002  0.01968  0.04396
                  z  -0.00220  0.04992 -0.02008 -0.04894  0.06029 -0.03894
 28   h           x  -0.01832  0.17668  0.02540  0.10699 -0.23514  0.20651
                  y   0.00720 -0.05152 -0.06119 -0.22602 -0.21674  0.17760
                  z  -0.01397  0.13511  0.01977  0.08275 -0.18988  0.16644

reduced mass(g/mol)     2.049    2.143    4.459    5.159    1.976    2.085


       mode              55       56       57       58       59       60

     frequency        1122.97  1130.59  1229.73  1242.12  1289.02  1301.23

     symmetry            a        a        a        a        a        a   

        IR               YES      YES      YES      YES      YES      YES
|dDIP/dQ|   (a.u.)     0.0022   0.0019   0.0057   0.0064   0.0046   0.0020
intensity (km/mol)       8.47     6.19    57.40    72.38    38.25     7.32
intensity (  %   )       0.65     0.47     4.38     5.52     2.92     0.56
 
       RAMAN             YES      YES      YES      YES      YES      YES
 
  1   ag          x   0.00079 -0.00128 -0.00018  0.00019 -0.00091  0.00081
                  y  -0.00006 -0.00074  0.00030 -0.00028 -0.00031  0.00044
                  z   0.00059 -0.00096 -0.00013  0.00014 -0.00070  0.00061
  2   ag          x  -0.00017  0.00002  0.00003 -0.00009 -0.00009 -0.00004
                  y   0.00007  0.00009  0.00004  0.00012  0.00102 -0.00013
                  z  -0.00012  0.00001  0.00002 -0.00007 -0.00002 -0.00002
  3   n           x   0.05533  0.00317  0.00042  0.05688 -0.17218  0.01302
                  y   0.10825 -0.00861  0.00110  0.04083  0.03434 -0.00286
                  z   0.04297  0.00221  0.00033  0.04249 -0.12759  0.00962
  4   c           x   0.00515 -0.01419  0.00093 -0.00734  0.29366 -0.02337
                  y  -0.01952  0.01182 -0.00179 -0.00886 -0.36323  0.02839
                  z   0.00378 -0.01046  0.00068 -0.00535  0.21501 -0.01715
  5   n           x  -0.03775  0.01375  0.00033 -0.00731  0.03223 -0.00209
                  y  -0.00960  0.01065  0.00229  0.05787  0.47044 -0.04291
                  z  -0.02842  0.01044  0.00028 -0.00489  0.02936 -0.00202
  6   c           x   0.00385  0.00653 -0.00012  0.03022 -0.08343  0.00430
                  y   0.01204  0.00390 -0.00057 -0.00045  0.08753 -0.01322
                  z   0.00348  0.00497 -0.00009  0.02270 -0.06123  0.00300
  7   c           x  -0.00969 -0.00706 -0.00004  0.00053 -0.04681  0.00452
                  y  -0.09273  0.00161 -0.00065 -0.03150 -0.08146  0.00783
                  z  -0.01184 -0.00507 -0.00002  0.00080 -0.03719  0.00348
  8   c           x  -0.05544  0.00577 -0.00088 -0.05853  0.07621 -0.00580
                  y   0.02030 -0.00146 -0.00063 -0.05439  0.13430 -0.01005
                  z  -0.04127  0.00412 -0.00063 -0.04358  0.05998 -0.00464
  9   o           x  -0.01725 -0.00105 -0.00007 -0.00432 -0.04724  0.00420
                  y  -0.00102 -0.00760  0.00002 -0.00352 -0.07160  0.00820
                  z  -0.01304 -0.00085 -0.00006 -0.00336 -0.03679  0.00330
 10   n           x  -0.00343 -0.00626 -0.00072 -0.02349 -0.00418  0.00091
                  y  -0.00512 -0.00879 -0.00001 -0.00506 -0.17320  0.01783
                  z  -0.00283 -0.00498 -0.00054 -0.01810 -0.00561  0.00089
 11   h           x   0.01080  0.02709  0.00174  0.04972  0.16646 -0.01992
                  y  -0.02038 -0.04638 -0.00292 -0.08776 -0.38980  0.04318
                  z   0.00919  0.02139  0.00139  0.03908  0.12749 -0.01532
 12   h           x  -0.00549  0.00081 -0.00008 -0.00310 -0.00246  0.00066
                  y  -0.01857  0.03280  0.00165  0.11308 -0.21825  0.01849
                  z  -0.00547  0.00165 -0.00005  0.00098 -0.00509  0.00063
 13   h           x   0.45505 -0.02769 -0.00397 -0.23984  0.01684  0.00640
                  y  -0.67373  0.02655  0.00393  0.25093 -0.16788  0.00655
                  z   0.36155 -0.02198 -0.00304 -0.18499  0.01387  0.00476
 14   h           x  -0.01927  0.01526 -0.00374 -0.18506 -0.01508  0.00324
                  y   0.19289  0.03638 -0.01211 -0.56208 -0.21556  0.02511
                  z  -0.01372  0.01354 -0.00320 -0.15644 -0.02188  0.00342
 15   h           x   0.24842 -0.01155  0.00813  0.49471 -0.16289  0.00205
                  y   0.17615 -0.01398  0.00361  0.18389  0.03514 -0.00613
                  z   0.19386 -0.00923  0.00629  0.38116 -0.12187  0.00128
 16   n           x   0.00419  0.06626 -0.04631  0.00161  0.01653  0.15503
                  y   0.00667  0.01016 -0.03160  0.00030 -0.00088 -0.00873
                  z   0.00328  0.05126 -0.03556  0.00123  0.01284  0.12015
 17   c           x  -0.00134 -0.10056  0.01989 -0.00161 -0.02830 -0.28941
                  y   0.00014  0.07031 -0.00441  0.00179  0.03138  0.29113
                  z  -0.00102 -0.07812  0.01515 -0.00125 -0.02196 -0.22477
 18   n           x  -0.00210  0.06273  0.00610 -0.00071 -0.00293 -0.00265
                  y   0.00172  0.10858 -0.04482 -0.00064 -0.04069 -0.45405
                  z  -0.00162  0.04865  0.00482 -0.00055 -0.00212 -0.00111
 19   c           x   0.00042  0.03513 -0.02855  0.00115  0.01410  0.12550
                  y   0.00136  0.03912 -0.00064  0.00062 -0.00092 -0.09016
                  z   0.00036  0.02788 -0.02234  0.00089  0.01103  0.09793
 20   c           x  -0.00054 -0.04794 -0.00337  0.00012  0.00071  0.01374
                  y  -0.00638 -0.05690  0.01835 -0.00005  0.00926  0.09631
                  z  -0.00059 -0.03880 -0.00344  0.00010  0.00072  0.01136
 21   c           x  -0.00357  0.00292  0.04489 -0.00100 -0.00540 -0.05667
                  y   0.00082  0.00710  0.06711 -0.00162 -0.01397 -0.13860
                  z  -0.00278  0.00136  0.03451 -0.00078 -0.00427 -0.04567
 22   o           x  -0.00111 -0.01643 -0.00128  0.00008  0.00380  0.04080
                  y  -0.00087 -0.06361 -0.00145 -0.00009  0.00401  0.06727
                  z  -0.00087 -0.01237 -0.00095  0.00006  0.00296  0.03187
 23   n           x  -0.00132 -0.05935  0.02392 -0.00019 -0.00153 -0.01819
                  y  -0.00200 -0.09572  0.00502  0.00008  0.01265  0.17290
                  z  -0.00104 -0.04772  0.01902 -0.00016 -0.00112 -0.01445
 24   h           x   0.00663  0.31648 -0.06230  0.00001 -0.01307 -0.17327
                  y  -0.00951 -0.45130  0.08588 -0.00000  0.02569  0.34000
                  z   0.00562  0.26359 -0.05162 -0.00000 -0.01047 -0.14050
 25   h           x  -0.00048 -0.00491  0.00693 -0.00007 -0.00090 -0.01343
                  y   0.00542  0.35281 -0.13500  0.00278  0.02763  0.28547
                  z  -0.00044 -0.00308  0.00482 -0.00012 -0.00089 -0.00955
 26   h           x   0.03326  0.21278  0.27063 -0.00495 -0.00543  0.00663
                  y  -0.04213 -0.33461 -0.25770  0.00509  0.01611  0.10926
                  z   0.02769  0.17763  0.21978 -0.00403 -0.00426  0.00533
 27   h           x  -0.00120  0.07637  0.13030 -0.00215  0.00269  0.04088
                  y   0.01654  0.44104  0.55841 -0.00840  0.02907  0.39209
                  z  -0.00097  0.06742  0.10994 -0.00180  0.00293  0.04038
 28   h           x   0.01953  0.11423 -0.47505  0.01022  0.01487  0.02745
                  y   0.01408  0.03051 -0.22860  0.00423 -0.00255 -0.07384
                  z   0.01569  0.09037 -0.37839  0.00812  0.01162  0.01950

reduced mass(g/mol)     1.425    1.964    1.215    1.272    8.631    7.902


       mode              61       62       63       64       65       66

     frequency        1383.00  1383.60  1457.84  1474.35  1542.53  1543.66

     symmetry            a        a        a        a        a        a   

        IR               YES      YES      YES      YES      YES      YES
|dDIP/dQ|   (a.u.)     0.0020   0.0027   0.0057   0.0024   0.0005   0.0066
intensity (km/mol)       6.87    13.17    58.20    10.10     0.51    76.78
intensity (  %   )       0.52     1.01     4.44     0.77     0.04     5.86
 
       RAMAN             YES      YES      YES      YES      YES      YES
 
  1   ag          x   0.00026 -0.00018 -0.00052  0.00048 -0.00009  0.00007
                  y  -0.00021  0.00012  0.00018 -0.00005 -0.00009  0.00073
                  z   0.00019 -0.00014 -0.00039  0.00035 -0.00008  0.00005
  2   ag          x  -0.00000  0.00002 -0.00001  0.00010  0.00004 -0.00003
                  y  -0.00004  0.00013 -0.00003  0.00020  0.00014 -0.00010
                  z  -0.00000  0.00003  0.00000  0.00009  0.00004 -0.00002
  3   n           x  -0.00974  0.05615 -0.00111  0.12278 -0.00053  0.00288
                  y   0.00500 -0.02931 -0.00032  0.08484 -0.02832  0.02466
                  z  -0.00723  0.04174 -0.00085  0.09392 -0.00075  0.00247
  4   c           x   0.00627 -0.03490 -0.00012  0.07646 -0.01570  0.01032
                  y  -0.00978  0.05521 -0.00011 -0.03149 -0.00146 -0.00059
                  z   0.00457 -0.02540 -0.00010  0.05721 -0.01180  0.00775
  5   n           x  -0.00505  0.02687  0.00169 -0.05986  0.02365 -0.01897
                  y   0.00289 -0.01339  0.00049 -0.00367  0.05793 -0.04875
                  z  -0.00380  0.02025  0.00127 -0.04521  0.01831 -0.01467
  6   c           x   0.01041 -0.05918 -0.00156  0.12525  0.02412 -0.02142
                  y  -0.01034  0.06482 -0.00258  0.01079 -0.16329  0.13218
                  z   0.00782 -0.04436 -0.00121  0.09437  0.01647 -0.01476
  7   c           x   0.01445 -0.08511  0.00101 -0.02281 -0.03234  0.02758
                  y  -0.02063  0.11922 -0.00059 -0.00395  0.00272 -0.00148
                  z   0.01083 -0.06379  0.00074 -0.01684 -0.02442  0.02084
  8   c           x  -0.00912  0.05365  0.00003 -0.08274  0.01469 -0.01351
                  y  -0.00250  0.01545  0.00022 -0.02723  0.07381 -0.06265
                  z  -0.00717  0.04222  0.00000 -0.06268  0.01231 -0.01122
  9   o           x   0.00155 -0.00965  0.00023 -0.04858  0.00605 -0.00405
                  y   0.00345 -0.02173  0.00052 -0.03446 -0.00001  0.00159
                  z   0.00120 -0.00743  0.00017 -0.03690  0.00454 -0.00302
 10   n           x  -0.00595  0.03574 -0.00038 -0.03003 -0.00786  0.00596
                  y   0.00752 -0.04834  0.00244  0.00502  0.01293 -0.00785
                  z  -0.00444  0.02664 -0.00028 -0.02291 -0.00559  0.00425
 11   h           x  -0.00682  0.03550  0.00487  0.03357 -0.28442  0.24046
                  y   0.00951 -0.05390 -0.00369 -0.06218  0.32246 -0.27022
                  z  -0.00514  0.02660  0.00379  0.02599 -0.21809  0.18444
 12   h           x  -0.00089  0.00638 -0.00192  0.00023  0.07261 -0.06220
                  y   0.04399 -0.25329 -0.00769  0.19073  0.51778 -0.43868
                  z   0.00026 -0.00034 -0.00166  0.00417  0.06426 -0.05497
 13   h           x  -0.04503  0.26112 -0.00039 -0.10975  0.08266 -0.06788
                  y   0.04920 -0.28730  0.00108  0.08826 -0.14932  0.12488
                  z  -0.03511  0.20364 -0.00033 -0.08344  0.06277 -0.05153
 14   h           x   0.02098 -0.12273  0.00105 -0.11384 -0.04612  0.03747
                  y   0.12916 -0.75582  0.00475 -0.09555 -0.16833  0.14075
                  z   0.01974 -0.11540  0.00090 -0.08682 -0.03968  0.03239
 15   h           x   0.02796 -0.16184  0.00468 -0.70144 -0.02627  0.01329
                  y   0.01774 -0.10315  0.00164 -0.17476 -0.04093  0.03164
                  z   0.02159 -0.12494  0.00359 -0.53721 -0.02047  0.01048
 16   n           x  -0.07117 -0.01264 -0.11540 -0.00069 -0.00443 -0.00178
                  y   0.00771  0.00104 -0.11253 -0.00089  0.02396  0.03054
                  z  -0.05559 -0.00989 -0.09104 -0.00054 -0.00343 -0.00133
 17   c           x   0.03037  0.00463 -0.09335 -0.00091  0.01056  0.00928
                  y  -0.04723 -0.00819  0.04903  0.00026 -0.00308 -0.00582
                  z   0.02356  0.00358 -0.07302 -0.00071  0.00820  0.00723
 18   n           x  -0.01986 -0.00240  0.06466 -0.00010 -0.01878 -0.01989
                  y   0.01997  0.00366 -0.01245  0.00008 -0.05961 -0.07008
                  z  -0.01566 -0.00191  0.05060 -0.00007 -0.01451 -0.01536
 19   c           x   0.04539  0.00713 -0.13225 -0.00100 -0.02048 -0.02778
                  y  -0.06060 -0.01221 -0.01530 -0.00040  0.14751  0.16779
                  z   0.03614  0.00568 -0.10366 -0.00078 -0.01635 -0.02209
 20   c           x   0.09184  0.01631  0.00769 -0.00013  0.02187  0.02824
                  y  -0.11155 -0.01939  0.02879  0.00070  0.00329  0.00444
                  z   0.07306  0.01295  0.00558 -0.00009  0.01726  0.02230
 21   c           x  -0.04018 -0.00692  0.09496  0.00091 -0.00467 -0.00788
                  y  -0.00912 -0.00161  0.03878  0.00043 -0.06759 -0.08223
                  z  -0.03274 -0.00566  0.07491  0.00072 -0.00397 -0.00655
 22   o           x   0.01360  0.00253  0.05046  0.00064 -0.00286 -0.00258
                  y   0.02409  0.00450  0.03588  0.00042  0.00427  0.00696
                  z   0.01046  0.00194  0.03926  0.00048 -0.00226 -0.00204
 23   n           x  -0.03312 -0.00610  0.03803  0.00046  0.00729  0.00767
                  y   0.03975  0.00805 -0.00268 -0.00051 -0.01779 -0.01607
                  z  -0.02625 -0.00485  0.03014  0.00037  0.00565  0.00592
 24   h           x  -0.04211 -0.00517 -0.04693 -0.00380  0.23467  0.28675
                  y   0.05372  0.00804  0.07296  0.00356 -0.23342 -0.28061
                  z  -0.03358 -0.00409 -0.03894 -0.00306  0.18884  0.23082
 25   h           x  -0.01653 -0.00337  0.00952  0.00083 -0.02872 -0.03694
                  y   0.22780  0.03728 -0.24699  0.00224 -0.38589 -0.47537
                  z  -0.01201 -0.00241  0.00698  0.00073 -0.02460 -0.03139
 26   h           x  -0.26476 -0.04555  0.16844  0.00252 -0.07694 -0.09088
                  y   0.24391  0.04228 -0.11979 -0.00183  0.11576  0.13999
                  z  -0.21664 -0.03730  0.13515  0.00204 -0.06212 -0.07337
 27   h           x   0.08260  0.01463  0.11208  0.00095  0.03627  0.04135
                  y   0.76145  0.13350  0.04115 -0.00046  0.15743  0.19010
                  z   0.07509  0.01325  0.08692  0.00073  0.03058  0.03503
 28   h           x   0.20979  0.03803  0.64770  0.00479  0.02320  0.01745
                  y   0.13972  0.02489  0.22943  0.00141  0.03996  0.04353
                  z   0.16679  0.03021  0.51359  0.00379  0.01847  0.01394

reduced mass(g/mol)     1.641    1.680    2.337    2.097    1.843    1.823


       mode              67       68       69       70       71       72

     frequency        1588.36  1603.01  1641.07  1653.72  1715.83  1724.29

     symmetry            a        a        a        a        a        a   

        IR               YES      YES      YES      YES      YES      YES
|dDIP/dQ|   (a.u.)     0.0119   0.0093   0.0135   0.0084   0.0099   0.0182
intensity (km/mol)     251.68   155.05   325.47   123.98   174.05   590.04
intensity (  %   )      19.21    11.84    24.84     9.46    13.29    45.04
 
       RAMAN             YES      YES      YES      YES      YES      YES
 
  1   ag          x   0.00085  0.00079  0.00003  0.00006 -0.00000 -0.00001
                  y  -0.00018  0.00001  0.00015 -0.00006 -0.00019  0.00038
                  z   0.00063  0.00059  0.00002  0.00005 -0.00001 -0.00001
  2   ag          x   0.00001 -0.00009 -0.00002 -0.00011  0.00006  0.00015
                  y   0.00003 -0.00087 -0.00023 -0.00009  0.00031 -0.00002
                  z   0.00000 -0.00009 -0.00003 -0.00009  0.00006  0.00012
  3   n           x  -0.00506 -0.16559 -0.02359 -0.00491  0.00569  0.00547
                  y  -0.00043 -0.08083  0.03136 -0.00255  0.09737 -0.01962
                  z  -0.00378 -0.12554 -0.01733 -0.00371  0.00544  0.00384
  4   c           x  -0.00176  0.01436  0.03835  0.00943  0.04384 -0.03809
                  y  -0.00610 -0.10445 -0.00178  0.00916 -0.06888 -0.01840
                  z  -0.00137  0.00944  0.02861  0.00717  0.03202 -0.02876
  5   n           x  -0.00789 -0.14807 -0.02842 -0.00337  0.02479 -0.00539
                  y  -0.00896 -0.12648 -0.04242 -0.00280  0.12532 -0.03514
                  z  -0.00597 -0.11285 -0.02175 -0.00256  0.01994 -0.00441
  6   c           x   0.01033  0.36665 -0.00793  0.00566 -0.00601 -0.00227
                  y   0.01753  0.06976  0.19723  0.00438 -0.25334  0.08582
                  z   0.00799  0.27619 -0.00377  0.00432 -0.00764 -0.00072
  7   c           x  -0.00686 -0.20968 -0.02262 -0.00252 -0.10515  0.02921
                  y   0.00633  0.09016  0.07792 -0.00063  0.34629 -0.09127
                  z  -0.00503 -0.15675 -0.01601 -0.00188 -0.07494  0.02082
  8   c           x   0.00503  0.14145  0.01497  0.00210 -0.00178 -0.00031
                  y  -0.00598  0.06922 -0.13950  0.00308 -0.41826  0.10429
                  z   0.00377  0.10779  0.00935  0.00164 -0.00722  0.00119
  9   o           x   0.00303  0.05455 -0.01152 -0.00409 -0.00865  0.01683
                  y   0.00473  0.09198 -0.00702 -0.00458 -0.00105  0.02105
                  z   0.00234  0.04193 -0.00872 -0.00311 -0.00659  0.01287
 10   n           x  -0.00001 -0.07109  0.04405  0.00010 -0.01014  0.00522
                  y  -0.00728  0.05110 -0.18233 -0.00443  0.10152 -0.03820
                  z  -0.00005 -0.05378  0.03161  0.00005 -0.00675  0.00354
 11   h           x   0.00116  0.27140 -0.39636 -0.01397  0.11910 -0.04613
                  y  -0.00805 -0.31455  0.29228  0.01115 -0.04563  0.01746
                  z   0.00079  0.20869 -0.30658 -0.01075  0.09319 -0.03604
 12   h           x   0.00326 -0.07284  0.18570  0.00539 -0.06226  0.02711
                  y   0.00737  0.04509  0.65451  0.03500 -0.26763  0.08900
                  z   0.00269 -0.05358  0.15170  0.00472 -0.05161  0.02186
 13   h           x   0.00140  0.06315  0.01720 -0.00145  0.26365 -0.07301
                  y  -0.00267 -0.25897  0.05146 -0.00253 -0.02805  0.01355
                  z   0.00125  0.04974  0.01393 -0.00108  0.20301 -0.05622
 14   h           x   0.00867  0.09676  0.09909  0.00052  0.23736 -0.06051
                  y   0.00169 -0.22099  0.14610 -0.00354  0.39400 -0.09978
                  z   0.00666  0.06634  0.07882  0.00030  0.19003 -0.04845
 15   h           x   0.01336  0.32502  0.11292  0.01276  0.11584 -0.05792
                  y   0.00490  0.06277  0.07848  0.00336  0.13202 -0.03976
                  z   0.01029  0.24887  0.08699  0.00976  0.08989 -0.04457
 16   n           x  -0.17503  0.00528  0.00231  0.01185 -0.00123  0.01147
                  y  -0.09706  0.00455  0.00445 -0.03488 -0.03196 -0.09092
                  z  -0.13713  0.00419  0.00180  0.00920 -0.00095  0.00885
 17   c           x   0.03797 -0.00221 -0.00446 -0.03162 -0.00204 -0.06957
                  y  -0.14598  0.00300 -0.00575 -0.00131  0.04472  0.05179
                  z   0.02979 -0.00169 -0.00345 -0.02448 -0.00170 -0.05422
 18   n           x  -0.14602  0.00356  0.00298  0.00887 -0.00758 -0.01631
                  y  -0.11957  0.00100  0.00185  0.02269 -0.04186 -0.13767
                  z  -0.11378  0.00281  0.00231  0.00683 -0.00581 -0.01256
 19   c           x   0.35918 -0.01411 -0.00898  0.04164  0.00487 -0.00473
                  y   0.13136  0.00358  0.00243 -0.15024  0.06801  0.25989
                  z   0.28088 -0.01103 -0.00707  0.03316  0.00381 -0.00402
 20   c           x  -0.22762  0.00710  0.00157  0.01484  0.03177  0.11248
                  y   0.09011  0.00041  0.00666 -0.07140 -0.09335 -0.30919
                  z  -0.17879  0.00564  0.00122  0.01159  0.02496  0.08817
 21   c           x   0.14946 -0.00381 -0.00046 -0.01349 -0.00690 -0.02412
                  y   0.06608 -0.00778 -0.01291  0.13639  0.12112  0.38709
                  z   0.11789 -0.00297 -0.00041 -0.01031 -0.00507 -0.01806
 22   o           x   0.05102 -0.00068  0.00209  0.01222 -0.00517  0.01722
                  y   0.10488 -0.00172  0.00291  0.01131 -0.01353  0.01282
                  z   0.03924 -0.00051  0.00162  0.00949 -0.00395  0.01341
 23   n           x  -0.06512  0.00429  0.00304 -0.05344  0.00282  0.01823
                  y  -0.00195 -0.00609 -0.00503  0.16178 -0.02497 -0.10940
                  z  -0.05163  0.00345  0.00239 -0.04266  0.00234  0.01464
 24   h           x   0.18074 -0.01911 -0.01256  0.43298 -0.03396 -0.15904
                  y  -0.22126  0.01540  0.00889 -0.27996  0.01047  0.05543
                  z   0.14694 -0.01536 -0.01010  0.34747 -0.02708 -0.12699
 25   h           x  -0.02520  0.00571  0.00514 -0.14268  0.01162  0.06203
                  y   0.28973  0.00629  0.00443 -0.66382  0.08596  0.33799
                  z  -0.02011  0.00469  0.00431 -0.11556  0.00927  0.05032
 26   h           x   0.10879 -0.00213  0.00431 -0.02008 -0.07172 -0.24196
                  y  -0.26731  0.01139  0.00598 -0.05535 -0.00494 -0.00344
                  z   0.09112 -0.00175  0.00341 -0.01614 -0.05761 -0.19452
 27   h           x   0.13372 -0.00023  0.00573 -0.07667 -0.06137 -0.19826
                  y  -0.18344  0.01421  0.01765 -0.16374 -0.13025 -0.41478
                  z   0.10264  0.00006  0.00469 -0.06222 -0.04977 -0.16095
 28   h           x   0.28894 -0.00580 -0.00147 -0.06212 -0.01088 -0.09813
                  y   0.09737 -0.00018  0.00261 -0.07304 -0.03716 -0.14356
                  z   0.22978 -0.00456 -0.00115 -0.04946 -0.00889 -0.07853

reduced mass(g/mol)     6.929    6.395    2.299    2.012    6.106    5.727


       mode              73       74       75       76       77       78

     frequency        1786.01  1804.82  3255.71  3258.78  3275.41  3281.49

     symmetry            a        a        a        a        a        a   

        IR               YES      YES      YES      YES      YES      YES
|dDIP/dQ|   (a.u.)     0.0126   0.0272   0.0026   0.0020   0.0040   0.0028
intensity (km/mol)     281.39  1310.05    11.61     6.94    27.87    14.15
intensity (  %   )      21.48   100.00     0.89     0.53     2.13     1.08
 
       RAMAN             YES      YES      YES      YES      YES      YES
 
  1   ag          x   0.00024 -0.00053  0.00000 -0.00000 -0.00000 -0.00000
                  y   0.00147 -0.00158  0.00000 -0.00000  0.00000  0.00000
                  z   0.00018 -0.00041  0.00000 -0.00000 -0.00000 -0.00000
  2   ag          x   0.00011  0.00021 -0.00000  0.00000 -0.00000  0.00000
                  y   0.00010  0.00042 -0.00000  0.00000 -0.00001  0.00000
                  z   0.00011  0.00019 -0.00000 -0.00000 -0.00000  0.00000
  3   n           x   0.01981  0.10156 -0.00135  0.00001  0.00102  0.00000
                  y   0.01066  0.07762 -0.00011  0.00000  0.00075  0.00001
                  z   0.01501  0.07724 -0.00103  0.00000  0.00078 -0.00000
  4   c           x  -0.08060 -0.36190 -0.00112 -0.00001  0.00001 -0.00001
                  y  -0.10965 -0.52957  0.00016 -0.00001  0.00002  0.00001
                  z  -0.06164 -0.27721 -0.00084 -0.00001  0.00001 -0.00001
  5   n           x   0.00238  0.03515  0.00002  0.00001  0.00043  0.00000
                  y  -0.00492  0.06747 -0.00022  0.00001  0.00027 -0.00000
                  z   0.00178  0.02727  0.00001  0.00000  0.00033  0.00000
  6   c           x  -0.00658 -0.03446  0.00105 -0.00000  0.00251 -0.00002
                  y   0.05427  0.06742  0.00014 -0.00002 -0.00079  0.00001
                  z  -0.00435 -0.02517  0.00080 -0.00001  0.00187 -0.00001
  7   c           x   0.00898  0.00677 -0.01890 -0.00001 -0.04384  0.00005
                  y  -0.02182  0.00866 -0.01887 -0.00002 -0.06422  0.00007
                  z   0.00647  0.00517 -0.01445 -0.00001 -0.03379  0.00004
  8   c           x  -0.00263 -0.01915  0.06295 -0.00002 -0.02518  0.00004
                  y   0.01319 -0.05566 -0.02606  0.00000  0.01564 -0.00001
                  z  -0.00180 -0.01519  0.04680 -0.00002 -0.01865  0.00003
  9   o           x   0.04478  0.20349  0.00016  0.00001  0.00011  0.00000
                  y   0.06518  0.29782  0.00009  0.00000  0.00015 -0.00000
                  z   0.03430  0.15586  0.00012  0.00000  0.00009  0.00000
 10   n           x   0.00390  0.01277 -0.00008  0.00001 -0.00017 -0.00003
                  y  -0.02870 -0.04536  0.00003 -0.00000  0.00037  0.00001
                  z   0.00264  0.00915 -0.00006  0.00000 -0.00012 -0.00002
 11   h           x  -0.03602 -0.05636 -0.00096  0.00008 -0.00323 -0.00001
                  y   0.01009  0.01427 -0.00043  0.00009 -0.00164 -0.00002
                  z  -0.02791 -0.04335 -0.00073  0.00006 -0.00244 -0.00001
 12   h           x   0.02939  0.03640  0.00038 -0.00019  0.00157  0.00031
                  y   0.05873  0.04178  0.00061 -0.00000  0.00131 -0.00011
                  z   0.02273  0.02825  0.00029 -0.00015  0.00121  0.00023
 13   h           x  -0.02529 -0.01695  0.19733  0.00017  0.50766 -0.00059
                  y   0.01509  0.03722  0.25780  0.00021  0.67503 -0.00078
                  z  -0.01933 -0.01271  0.15169  0.00012  0.39052 -0.00046
 14   h           x  -0.01209  0.00024 -0.70959  0.00017  0.26981 -0.00048
                  y  -0.01773  0.01859  0.28570 -0.00007 -0.11213  0.00020
                  z  -0.00953  0.00103 -0.52778  0.00012  0.20064 -0.00036
 15   h           x  -0.08916 -0.38773  0.00605 -0.00000 -0.00236  0.00002
                  y  -0.02418 -0.07684 -0.00886 -0.00001  0.00428 -0.00008
                  z  -0.06793 -0.29493  0.00439 -0.00001 -0.00171  0.00001
 16   n           x  -0.09647  0.02316 -0.00001  0.00129  0.00000  0.00095
                  y  -0.07932  0.02555 -0.00000  0.00031  0.00001  0.00080
                  z  -0.07533  0.01809 -0.00000  0.00102  0.00000  0.00075
 17   c           x   0.32960 -0.06819  0.00001  0.00100 -0.00001  0.00005
                  y   0.55492 -0.12767  0.00001  0.00004  0.00001  0.00010
                  z   0.25453 -0.05262  0.00001  0.00078 -0.00001  0.00004
 18   n           x  -0.03814  0.01219 -0.00001  0.00001  0.00001  0.00038
                  y  -0.08885  0.04383 -0.00001  0.00007 -0.00000  0.00036
                  z  -0.02957  0.00946 -0.00000  0.00001  0.00001  0.00029
 19   c           x   0.05427 -0.00968  0.00000 -0.00081 -0.00001  0.00257
                  y  -0.05037 -0.04213  0.00003 -0.00011 -0.00000 -0.00073
                  z   0.04278 -0.00752  0.00001 -0.00064 -0.00001  0.00201
 20   c           x  -0.01868 -0.00689  0.00001  0.01591 -0.00004 -0.03910
                  y   0.00620  0.02782  0.00001  0.01865 -0.00010 -0.06928
                  z  -0.01470 -0.00540  0.00001  0.01253 -0.00004 -0.03083
 21   c           x   0.01767 -0.00378 -0.00000 -0.06392 -0.00001 -0.02385
                  y   0.03562 -0.04024  0.00001  0.01952  0.00002  0.01201
                  z   0.01407 -0.00308  0.00000 -0.05001 -0.00001 -0.01865
 22   o           x  -0.18410  0.03938 -0.00001 -0.00016  0.00001  0.00006
                  y  -0.31362  0.06741 -0.00000 -0.00010 -0.00000  0.00007
                  z  -0.14225  0.03040 -0.00000 -0.00013  0.00000  0.00005
 23   n           x  -0.01677 -0.00068 -0.00001  0.00012 -0.00003 -0.00030
                  y   0.04689  0.01901 -0.00000 -0.00004  0.00001  0.00030
                  z  -0.01335 -0.00051 -0.00000  0.00010 -0.00003 -0.00023
 24   h           x   0.07896  0.03165 -0.00007  0.00096 -0.00000 -0.00249
                  y  -0.03053 -0.01076 -0.00009  0.00043 -0.00001 -0.00048
                  z   0.06325  0.02486 -0.00005  0.00076 -0.00001 -0.00197
 25   h           x  -0.03744 -0.01918  0.00017 -0.00127  0.00038  0.00170
                  y  -0.06996 -0.08885  0.00004 -0.00046 -0.00010  0.00156
                  z  -0.03030 -0.01684  0.00013 -0.00098  0.00030  0.00134
 26   h           x   0.02118  0.02260 -0.00012 -0.16274  0.00063  0.45822
                  y  -0.03369  0.00230 -0.00017 -0.25683  0.00101  0.73835
                  z   0.01690  0.01810 -0.00009 -0.12826  0.00049  0.36132
 27   h           x   0.01093  0.01130  0.00002  0.72174  0.00005  0.24933
                  y  -0.00473  0.03152 -0.00001 -0.20801 -0.00002 -0.07535
                  z   0.00839  0.00931  0.00002  0.56487  0.00004  0.19512
 28   h           x   0.37518 -0.07707 -0.00000 -0.00606  0.00005 -0.00264
                  y   0.12870 -0.01758  0.00002  0.00765 -0.00016  0.00387
                  z   0.29566 -0.06066  0.00000 -0.00470  0.00003 -0.00206

reduced mass(g/mol)     9.561    9.680    1.093    1.093    1.101    1.100


       mode              79       80       81       82       83       84

     frequency        3545.99  3551.33  3654.54  3664.42  3698.80  3701.09

     symmetry            a        a        a        a        a        a   

        IR               YES      YES      YES      YES      YES      YES
|dDIP/dQ|   (a.u.)     0.0066   0.0126   0.0111   0.0077   0.0116   0.0076
intensity (km/mol)      76.96   282.85   218.33   105.50   237.96   101.75
intensity (  %   )       5.87    21.59    16.67     8.05    18.16     7.77
 
       RAMAN             YES      YES      YES      YES      YES      YES
 
  1   ag          x  -0.00003  0.00004 -0.00001  0.00000  0.00001  0.00000
                  y   0.00000 -0.00002  0.00000 -0.00000 -0.00001 -0.00001
                  z  -0.00002  0.00003 -0.00001  0.00000  0.00000  0.00000
  2   ag          x   0.00002  0.00001 -0.00001 -0.00001 -0.00000 -0.00000
                  y  -0.00001  0.00002 -0.00000  0.00004 -0.00000  0.00002
                  z   0.00001  0.00000 -0.00000 -0.00001 -0.00000 -0.00000
  3   n           x  -0.00021 -0.00055 -0.00008  0.01449 -0.00027  0.00022
                  y  -0.00002  0.00102  0.00050 -0.07171  0.00090 -0.00056
                  z  -0.00017 -0.00041 -0.00005  0.00990 -0.00019  0.00016
  4   c           x   0.00040  0.00023 -0.00005 -0.00060  0.00019 -0.00022
                  y   0.00084  0.00099 -0.00002 -0.00023 -0.00028 -0.00023
                  z   0.00031  0.00019 -0.00004 -0.00044  0.00014 -0.00017
  5   n           x  -0.00013 -0.00059  0.00002 -0.00015  0.00006  0.00003
                  y  -0.00047 -0.00164  0.00003  0.00055  0.00082  0.00001
                  z  -0.00011 -0.00047  0.00002 -0.00011  0.00005  0.00002
  6   c           x   0.00010  0.00046 -0.00003  0.00053 -0.00048  0.00001
                  y  -0.00001 -0.00119 -0.00006 -0.00040  0.00070 -0.00019
                  z   0.00007  0.00031 -0.00002  0.00040 -0.00034  0.00001
  7   c           x   0.00013  0.00104  0.00002 -0.00047  0.00012  0.00001
                  y  -0.00019 -0.00090 -0.00000  0.00126 -0.00031  0.00007
                  z   0.00008  0.00075  0.00001 -0.00034  0.00008  0.00001
  8   c           x   0.00007  0.00016 -0.00002  0.00191  0.00001  0.00000
                  y   0.00022  0.00094 -0.00002  0.00069  0.00000 -0.00002
                  z   0.00004  0.00012 -0.00001  0.00144  0.00000  0.00000
  9   o           x  -0.00029 -0.00023  0.00003 -0.00020 -0.00001  0.00013
                  y  -0.00044 -0.00030  0.00001 -0.00039  0.00010  0.00012
                  z  -0.00022 -0.00018  0.00002 -0.00016 -0.00001  0.00010
 10   n           x  -0.00378 -0.02602 -0.00046 -0.00152 -0.06144  0.00782
                  y   0.00635  0.04490 -0.00029  0.00091 -0.03760  0.00490
                  z  -0.00280 -0.01918 -0.00035 -0.00113 -0.04647  0.00592
 11   h           x  -0.04150 -0.29074  0.00357 -0.00097  0.43007 -0.05525
                  y  -0.05894 -0.41358  0.00500 -0.00111  0.62409 -0.08026
                  z  -0.03164 -0.22160  0.00272 -0.00075  0.32802 -0.04214
 12   h           x   0.09241  0.64142  0.00274  0.01974  0.42371 -0.05359
                  y  -0.02449 -0.17114 -0.00102 -0.00515 -0.11735  0.01460
                  z   0.06922  0.48053  0.00205  0.01479  0.31760 -0.04017
 13   h           x  -0.00000 -0.00181 -0.00004  0.00019  0.00092 -0.00023
                  y  -0.00013 -0.00318 -0.00010  0.00001  0.00198 -0.00042
                  z  -0.00001 -0.00140 -0.00003  0.00014  0.00071 -0.00017
 14   h           x  -0.00010 -0.00031 -0.00001 -0.00725  0.00024 -0.00015
                  y  -0.00003  0.00024 -0.00000  0.00247 -0.00012  0.00011
                  z  -0.00009 -0.00023 -0.00001 -0.00541  0.00018 -0.00011
 15   h           x   0.00069  0.00430  0.00138 -0.20241  0.00238 -0.00179
                  y  -0.00206 -0.02139 -0.00675  0.96617 -0.01159  0.00801
                  z   0.00048  0.00292  0.00095 -0.13878  0.00162 -0.00123
 16   n           x   0.00056  0.00007 -0.01915 -0.00015  0.00021 -0.00031
                  y  -0.00091  0.00029  0.07015  0.00047 -0.00037  0.00094
                  z   0.00045  0.00006 -0.01494 -0.00011  0.00017 -0.00025
 17   c           x  -0.00022 -0.00026  0.00078  0.00003 -0.00017  0.00019
                  y  -0.00077 -0.00054 -0.00043  0.00001 -0.00031 -0.00011
                  z  -0.00017 -0.00020  0.00059  0.00003 -0.00013  0.00015
 18   n           x   0.00031 -0.00002  0.00029 -0.00001  0.00005  0.00010
                  y   0.00132  0.00010 -0.00009 -0.00003  0.00025  0.00069
                  z   0.00024 -0.00001  0.00023 -0.00001  0.00004  0.00007
 19   c           x   0.00007 -0.00002 -0.00085  0.00002 -0.00019 -0.00111
                  y   0.00158 -0.00041  0.00019  0.00004 -0.00006  0.00056
                  z   0.00004 -0.00001 -0.00067  0.00002 -0.00015 -0.00087
 20   c           x  -0.00108  0.00015  0.00058 -0.00001  0.00005  0.00018
                  y   0.00057  0.00001 -0.00144 -0.00002  0.00004 -0.00006
                  z  -0.00084  0.00013  0.00046 -0.00000  0.00004  0.00014
 21   c           x   0.00007 -0.00006 -0.00154 -0.00001 -0.00001 -0.00003
                  y  -0.00077 -0.00003 -0.00107 -0.00000 -0.00004 -0.00007
                  z   0.00007 -0.00004 -0.00121 -0.00001 -0.00000 -0.00003
 22   o           x   0.00017  0.00018  0.00011 -0.00002  0.00013 -0.00005
                  y   0.00021  0.00029  0.00041 -0.00000  0.00015  0.00003
                  z   0.00014  0.00014  0.00009 -0.00001  0.00010 -0.00004
 23   n           x   0.03181 -0.00452  0.00149  0.00036 -0.00712 -0.05509
                  y  -0.03953  0.00580 -0.00060  0.00032 -0.00590 -0.04662
                  z   0.02474 -0.00351  0.00117  0.00028 -0.00556 -0.04304
 24   h           x   0.23283 -0.03361 -0.00026 -0.00293  0.05065  0.39523
                  y   0.39905 -0.05777 -0.00067 -0.00504  0.08955  0.69963
                  z   0.18229 -0.02631 -0.00021 -0.00230  0.03971  0.30989
 25   h           x  -0.66765  0.09535 -0.01755 -0.00192  0.04917  0.37849
                  y   0.11504 -0.01669  0.00287  0.00052 -0.00919 -0.06843
                  z  -0.52015  0.07428 -0.01368 -0.00150  0.03831  0.29487
 26   h           x   0.00129 -0.00037  0.00033  0.00001 -0.00003  0.00037
                  y   0.00280 -0.00068 -0.00003  0.00004 -0.00004  0.00090
                  z   0.00100 -0.00028  0.00026  0.00001 -0.00002  0.00028
 27   h           x  -0.00053  0.00018  0.00707  0.00008 -0.00006  0.00027
                  y  -0.00026  0.00009 -0.00129 -0.00002  0.00008  0.00002
                  z  -0.00042  0.00016  0.00556  0.00006 -0.00004  0.00021
 28   h           x  -0.00499  0.00062  0.26351  0.00180 -0.00173  0.00346
                  y   0.01793 -0.00311 -0.93915 -0.00640  0.00582 -0.01228
                  z  -0.00390  0.00049  0.20574  0.00141 -0.00135  0.00269

reduced mass(g/mol)     1.050    1.049    1.080    1.079    1.105    1.101
 

 <geterg> : there is no data group $energy 


         **************************************************************
         *                                                            *
         *  zero point VIBRATIONAL energy  :      0.1998464  Hartree  *
         *                                                            *
         **************************************************************




 time elapsed for vibrational analysis     0.05 sec


    ------------------------------------------------------------------------
         total  cpu-time :   0.08 seconds
         total wall-time :   0.10 seconds
    ------------------------------------------------------------------------

   ****  force : all done  ****


    2023-12-06 17:16:44.572 

