$grad          cartesian gradients
  cycle =      1 MP2 energy =     -934.4687302628 |dE/dxyz| =  0.080452
    7.70258479970140     -3.59490314050247     -3.75274577372610      ag
    7.99179052436148      3.94502622232455     -1.73020292945221      n
    7.37368659647166      1.58084307086360     -2.66045382325284      c
    9.08720724471156     -0.33084353833460     -2.17044854537436      n
   11.21016012019352      0.09111642044240     -0.87474321973742      c
   11.80819466899175      2.54191261434190      0.06579041473053      c
   10.13388747453355      4.41929985895048     -0.41058090105201      c
    5.42022284220135      1.22264033078539     -3.84521618294346      o
   12.77598396899816     -1.84225286484244     -0.47316082792827      n
   13.55167141653330     -2.78674994665298     -1.93398911545677      h
   13.20680946265916     -2.38704808746012      1.30744507160967      h
   13.52216860772913      2.89879837215204      1.11561157914669      h
   10.41046070691099      6.34649194130835      0.22027134043520      h
    6.72759697349195      5.33744347772205     -2.09629223368047      h
    5.75864106428485    -10.73082213091225     -6.60387035040035      n
    6.98997993674551     -8.73815340206140     -5.42177429034976      c
    5.76999434236594     -6.42928576030284     -5.53634766019457      n
    3.55333601203399     -6.13207060149949     -6.70589817615167      c
    2.33033305792131     -8.21098764808613     -7.90440089518874      c
    3.51163991731577    -10.48152876768559     -7.80204664570396      c
    9.01158244951571     -9.01391143304083     -4.35619287989656      o
    2.49910380352260     -3.84092037245815     -6.73181485545095      n
    3.41837752387568     -2.37477557477791     -7.52762484574300      h
    0.76941422573358     -3.53112189015643     -5.95871714908097      h
    0.53764778894012     -7.99764573685249     -8.85701144434568      h
    2.73841382106252    -12.17489277872968     -8.65292663625853      h
    6.65257232697034    -12.42288434741720     -6.52006350591725      h
  0.54325502197727D-03  -.54067369628275D-03  -.77930275274629D-03
  -.68950576817697D-02  0.30153277332801D-05  -.40696340840161D-02
  0.42483699660627D-02  -.48311247232302D-02  0.71840780106753D-02
  -.91157432640827D-02  -.77627650101637D-02  -.39340036923474D-03
  0.19856485947519D-01  -.24356595594338D-01  0.21850907370675D-02
  0.55303092491332D-02  0.90441546957467D-02  -.36103111185515D-02
  0.96057426756291D-02  -.56243883009834D-02  0.41013732277140D-03
  -.23427517601959D-02  -.16422498688469D-02  -.19240598526533D-02
  -.23779437884560D-01  0.27759915808145D-01  -.78318457539188D-02
  0.84867017835499D-02  0.65094533627454D-02  -.13155265011546D-02
  -.71136937196359D-02  -.73662927879004D-02  0.49359400932305D-02
  -.98554118906691D-04  0.17089048740784D-02  0.19005915538153D-02
  -.36537470489373D-04  -.26975746151425D-03  0.10612665429286D-02
  0.19986724960219D-03  -.35149792344225D-03  -.27201470966798D-04
  0.56045666745697D-02  -.29058322412912D-02  0.23315352783411D-02
  -.46071940273609D-02  0.31563311799303D-02  0.41635657534043D-02
  0.44333264153491D-02  0.33105107576550D-02  0.98759297109361D-02
  -.85476002662901D-02  0.31471902487815D-01  -.13828763910988D-02
  -.29024452339321D-03  -.47422121203815D-02  -.10355360051580D-01
  -.48095360372002D-02  0.88771929963549D-02  -.40512070737195D-02
  0.33830308280614D-03  0.11344901794512D-02  -.45030017089864D-03
  0.19141983959218D-01  -.31785332909814D-01  0.84164787117347D-03
  -.33051121807648D-02  -.31637548289787D-02  -.11788388445947D-01
  -.43446274478978D-02  0.37044739854668D-02  0.12294111879886D-01
  -.16546646733717D-02  -.19406643283855D-02  0.11678909820034D-03
  -.93812465470755D-03  0.16977000257157D-04  0.62329957204366D-03
  -.11003264468101D-03  0.58581913827016D-03  0.55430453994157D-04
  cycle =      2 MP2 energy =     -934.4749547229 |dE/dxyz| =  0.038186
    7.61489153748710     -3.54180234135393     -3.74422332526670      ag
    8.03179047782234      4.03018678355654     -1.68999270169820      n
    7.35993105130619      1.69489323074461     -2.65896379692620      c
    9.02917225186914     -0.27038171862867     -2.17747835719006      n
   11.16280470871602      0.08337208880991     -0.88694618723811      c
   11.80516531028709      2.50522333786482      0.07762204803032      c
   10.17281335978984      4.43653249905997     -0.36251849498443      c
    5.40815596404940      1.40612485985276     -3.86015816315729      o
   12.73187424007355     -1.91130894493580     -0.54513030232101      n
   13.42086874937496     -2.87512284380747     -2.03423204185040      h
   13.22916790040830     -2.46099960697727      1.20859616233882      h
   13.54135763853498      2.80860995739991      1.10378900812750      h
   10.49761680595360      6.34895396711156      0.28958188492578      h
    6.80019707206228      5.45700819540178     -2.03714015900017      h
    5.79855522904809    -10.74332815970922     -6.57295498496208      n
    6.99609726994393     -8.73099082381649     -5.39099100614020      c
    5.74011450971112     -6.43386093845899     -5.51985861272281      n
    3.53457064715554     -6.16575491627692     -6.70681574025694      c
    2.36368268791488     -8.26339849071521     -7.90747269549500      c
    3.56552632886824    -10.52999833897784     -7.78692407425505      c
    9.01030049006084     -8.98147677718814     -4.30526455816543      o
    2.44298590404764     -3.84995987613606     -6.75523951177871      n
    3.38256102222706     -2.35679793862029     -7.46992111751044      h
    0.68988803445222     -3.57279799909014     -6.06054169521154      h
    0.59454273720007     -8.06268860965796     -8.90184429595567      h
    2.82634198594511    -12.23271696241071     -8.64900183939423      h
    6.71248776346732    -12.42474534592297     -6.47337992330556      h
  0.53740289307136D-03  -.10088081199480D-02  -.58296456385643D-03
  -.32189360507586D-02  0.18123859293695D-03  -.25111862886914D-02
  0.17201307157690D-02  -.22461667067031D-02  0.54690778125814D-02
  -.57264818935774D-02  -.56622908664741D-02  0.14597623180717D-02
  0.69607762598860D-02  -.93531894047305D-02  0.14322515682794D-02
  0.33945818619738D-02  0.58063219232078D-02  -.50718341306917D-02
  0.46002532093476D-02  -.21669581066153D-02  -.73803211333967D-03
  -.21224117046899D-02  -.23295999704409D-03  -.15183693439340D-02
  -.75454516653206D-02  0.90917422536947D-02  -.25623595661726D-02
  0.84568831967591D-02  0.56458204268059D-02  -.46027033007334D-03
  -.70308890325395D-02  -.65235190224890D-02  0.17427386768327D-02
  -.35751444762688D-03  0.97114505863471D-03  0.93319006008663D-03
  -.39552200440429D-03  -.12271620772886D-04  0.74594460445443D-03
  0.23332382846064D-03  -.78714340953745D-04  0.14622644456708D-03
  0.27768984721257D-02  -.14131357705569D-02  0.86108829578979D-03
  -.34803959860112D-02  0.63727562835059D-03  0.27774866930419D-02
  0.81165193250321D-03  0.24702348983137D-02  0.72284972555652D-02
  -.27447813125185D-02  0.13116213568436D-01  -.92896595885872D-03
  0.22436247408528D-02  -.25797353654502D-02  -.76132758768552D-02
  -.16471360081534D-02  0.37792138259167D-02  -.24982257588606D-02
  0.72907246275378D-03  0.35147787966672D-03  0.14791974362538D-03
  0.57845411849726D-02  -.10289856969726D-01  0.24901290045367D-02
  -.38273455280291D-02  -.24032790922988D-02  -.10786402417837D-01
  0.10262097220020D-02  0.31846911501940D-02  0.92480843453835D-02
  -.57349362748838D-03  -.11975982677977D-02  0.14204406310236D-03
  -.42982859069474D-03  -.29351557417723D-03  0.53075479794407D-03
  -.17516288913422D-03  0.22662397925099D-03  -.83309431940987D-04
  cycle =      3 MP2 energy =     -934.4826507544 |dE/dxyz| =  0.026471
    7.49679410858873     -3.46534110117397     -3.73441679028160      ag
    8.10255333467656      4.14033060421915     -1.64710490575537      n
    7.34791989234701      1.84509815126767     -2.65940299319932      c
    8.94930728339709     -0.18445045997759     -2.18933055264157      n
   11.09465044397506      0.08454425028663     -0.91250343350316      c
   11.82792803322796      2.46015083158709      0.07016396568781      c
   10.25569097101354      4.45732517317621     -0.32402143617366      c
    5.39713837606081      1.64204738573617     -3.87154108642053      o
   12.60117993411156     -1.99140879538458     -0.59692158673193      n
   13.10867676769613     -3.05697047304612     -2.08762208651924      h
   13.21020238267461     -2.48765566252059      1.13246536799795      h
   13.59788505652341      2.68646441325304      1.05601185169229      h
   10.66061405372596      6.35198230790819      0.33337794362776      h
    6.91551927506947      5.61204236150356     -1.96449311292297      h
    5.86504770369362    -10.74398816552804     -6.56073947659280      n
    7.02663628575039     -8.70861208532163     -5.37998987061090      c
    5.71284397400254     -6.43890518517789     -5.50159486409430      n
    3.51508402998046     -6.22119988568837     -6.69904726644188      c
    2.39797652304727     -8.32669899260000     -7.91015937040054      c
    3.63748540804986    -10.57828164848643     -7.78214701916637      c
    9.04736602066857     -8.91916121735928     -4.30010523895556      o
    2.37599602324151     -3.90326232184267     -6.75297607310217      n
    3.35062740820312     -2.35601335443092     -7.27871701491153      h
    0.57021572067496     -3.69519297248954     -6.20645609296692      h
    0.64516662791594     -8.14156930165140     -8.93423347668450      h
    2.94498766702785    -12.28893436541667     -8.66563172977168      h
    6.80796837243286    -12.40956520372420     -6.45026813252113      h
  0.38364950568681D-03  -.10403559235623D-02  -.43214342184217D-03
  0.54244711544582D-03  -.15292165266700D-03  -.10846999927301D-02
  -.22860287336801D-02  -.46218625373129D-04  0.32235535016785D-02
  -.51186314887097D-03  -.38126165484469D-02  0.48277747677190D-02
  -.22831115618356D-02  0.48850549186228D-02  -.67857391769888D-03
  0.20598503724569D-02  0.37414870875097D-03  -.62687213804740D-02
  0.26699346156001D-03  0.10379123772264D-02  -.50776101196170D-03
  -.45038236474682D-03  0.43253489124062D-03  -.54055892697313D-03
  0.18118310186175D-02  -.40982896360005D-02  0.47509368915755D-03
  0.82641167953303D-02  0.53315677967429D-02  -.39934165838229D-03
  -.75414549515953D-02  -.56402372985640D-02  0.36050266919041D-03
  -.18062501699223D-03  0.23363411615374D-03  0.80036335551092D-04
  -.25750578655459D-03  0.81373016953101D-04  0.12000885520047D-03
  0.57274113984818D-05  0.89949299310277D-04  0.23202118920707D-03
  0.82520047012036D-04  0.41743958600193D-03  -.74672875702109D-03
  -.13365755529828D-02  -.18311230403487D-02  0.25869432729277D-02
  -.41636945119765D-02  0.20094366201959D-02  0.42076168218235D-02
  0.21374284954572D-02  -.38397648588667D-02  -.12593725791881D-02
  0.43328798393851D-02  0.22267285225048D-02  -.47483162229658D-02
  0.72011097585900D-03  -.69387344080774D-03  -.94941299483153D-03
  0.47136926603031D-03  0.11559589451160D-03  0.10470834010157D-03
  -.23479416924008D-02  0.41638586903190D-02  0.30748164167358D-02
  -.36135327855651D-02  -.19391370660093D-02  -.10236429039362D-01
  0.40368155563071D-02  0.23867925227707D-02  0.80862632991119D-02
  -.18096668713774D-04  -.31759038791455D-03  0.18401433191118D-03
  0.29171003092632D-04  -.20917844705437D-03  0.21570997288789D-03
  -.15409843842162D-03  -.16472017263158D-03  0.72996213040077D-04
  cycle =      4 MP2 energy =     -934.4894582512 |dE/dxyz| =  0.033605
    7.40667913735579     -3.40996956027082     -3.72014467121015      ag
    8.15957310567854      4.20865894563079     -1.62062267368018      n
    7.35406056661494      1.94348625408471     -2.66631606267493      c
    8.89717310004014     -0.12802805543618     -2.19285955551223      n
   11.04955312293721      0.08136799689069     -0.91950455827893      c
   11.83922191779259      2.42299732965185      0.09047952895230      c
   10.31033400639206      4.45977556432959     -0.28155342655614      c
    5.41125394682427      1.79810773328676     -3.89474226790286      o
   12.52624218820941     -2.02612396517797     -0.65886670350298      n
   12.86222116037941     -3.15978056807995     -2.14845298611243      h
   13.27307715991292     -2.47681539648700      1.02780600699987      h
   13.61715403748733      2.59344273985432      1.07283277359562      h
   10.75668690415267      6.33633881493276      0.39946158776576      h
    7.01270605167289      5.71300778446277     -1.93377009756429      h
    5.90758555943781    -10.73681685545158     -6.54142842956151      n
    7.04107048905020     -8.68181765741354     -5.36568531840501      c
    5.68696676282190     -6.43662672936282     -5.48405755278083      n
    3.49478306447232     -6.25723155960962     -6.69677467539171      c
    2.41306962524089     -8.37333136274732     -7.91270566307027      c
    3.68053546310700    -10.60923933589075     -7.76641800880627      c
    9.06555277973086     -8.86070827914976     -4.28903187153094      o
    2.32787370651965     -3.95181092831134     -6.77428650439099      n
    3.32719743316508     -2.36726346999319     -7.11320173958958      h
    0.47627303141832     -3.79626606100623     -6.38993650865909      h
    0.67389782547829     -8.20400258547246     -8.96215615128646      h
    3.01503297112087    -12.33183537169150     -8.64658101109937      h
    6.87768656076350    -12.38674113445439     -6.42888794111023      h
  -.17070008691000D-05  -.75106209279463D-03  -.90288997367960D-04
  0.23946171617988D-02  -.40733589870356D-03  -.18091671621923D-04
  -.39166069928238D-02  0.85542969857233D-03  0.86568239118767D-03
  0.68621829632676D-03  -.20702036420928D-02  0.60852629633046D-02
  -.62041624139599D-02  0.10425158108972D-01  0.46983945327561D-03
  0.22519390177802D-02  -.21263877287914D-02  -.69049517504531D-02
  -.16177325175288D-02  0.25411218662512D-02  -.76445351598942D-03
  0.88232773340735D-03  0.43078693717646D-03  0.39376422761173D-03
  0.54237241562856D-02  -.89327093931848D-02  0.40904205313907D-03
  0.80488641536096D-02  0.51399359849951D-02  -.12554216340712D-02
  -.75835606144983D-02  -.49504220801224D-02  0.77292778747484D-03
  -.11669457520558D-03  -.29937903432287D-03  -.17176501779925D-03
  -.30479215387702D-03  0.60727975270680D-05  0.11192810062433D-03
  -.12952317161563D-03  0.17137277190482D-03  0.95526143814029D-04
  -.11450051498434D-02  0.12640294901232D-02  -.15134582195224D-02
  0.44412855657727D-03  -.25937969626346D-02  0.25017319677358D-02
  -.53395089952630D-02  0.76223511582407D-03  0.31497355031251D-02
  0.35294008823819D-02  -.11005631131592D-01  -.11582646114832D-02
  0.45683299433072D-02  0.45639770978911D-02  -.37346172425927D-02
  0.17233845852278D-02  -.24548350618740D-02  -.87137836010776D-04
  -.35354357978434D-03  0.23941324137411D-04  -.14638113970378D-03
  -.47547203895792D-02  0.92371845205541D-02  0.26088447004380D-02
  -.25669250627161D-02  -.14124232183814D-02  -.10014085913244D-01
  0.37395323944747D-02  0.17296546612107D-02  0.81040112674609D-02
  0.28526093868209D-03  0.26482641557984D-03  -.33700898358191D-04
  0.37807292107672D-04  -.14514046630865D-03  0.31485777983553D-03
  0.18947461618346D-04  -.26639992769972D-03  0.94641148378760D-05
  cycle =      5 MP2 energy =     -934.4961481592 |dE/dxyz| =  0.032996
    7.33364197033959     -3.36349994572844     -3.70838805358977      ag
    8.21351566441179      4.25468966341827     -1.60683355893728      n
    7.36379649563217      2.00753435146280     -2.65820229688425      c
    8.86226738642305     -0.09141102428637     -2.18583888243740      n
   11.02653002614566      0.07422184176924     -0.92218404995807      c
   11.87413207637277      2.40137128964631      0.07986626731947      c
   10.37785793768773      4.46284361944338     -0.28049697598380      c
    5.41638057389981      1.89854116801991     -3.88182536733670      o
   12.44492084099919     -2.05833246764923     -0.64852779361307      n
   12.60602669600434     -3.29611709316780     -2.08518867246605      h
   13.31349057611924     -2.43285773620477      0.99911198133538      h
   13.66873171363068      2.53921442230748      1.03695026866603      h
   10.87161186115588      6.33268983343740      0.38571575772295      h
    7.09128446815012      5.77947965352478     -1.90864288145460      h
    5.95523247014656    -10.71350544916593     -6.54442092375965      n
    7.05554430925879     -8.63850785543665     -5.37190925941229      c
    5.65967562501162     -6.42241845045790     -5.47698254998350      n
    3.46569566325964     -6.28047146062973     -6.69705737916507      c
    2.42016780868925     -8.41235687299555     -7.92112738628397      c
    3.72733907438107    -10.62324514197192     -7.77304372075001      c
    9.08810542653836     -8.78260188330503     -4.30544922905013      o
    2.26158457443928     -4.00668349616010     -6.78337300242288      n
    3.25299167003581     -2.38575997222279     -6.92954865131751      h
    0.37851701933511     -3.91220199809195     -6.55691843809131      h
    0.67972921886429     -8.26990726036908     -8.97269885080638      h
    3.10281608339026    -12.35104921456124     -8.67247016109527      h
    6.95187444745479    -12.34688423350726     -6.42792067160869      h
  -.17564655286550D-03  -.44108598939196D-03  0.96175013437616D-04
  0.29597921413038D-02  -.42283467020532D-03  0.21860765824622D-03
  -.43323894440834D-02  0.11740787095196D-02  -.16561146137306D-03
  0.13611827807081D-03  -.50013217507638D-03  0.61592299269524D-02
  -.52437105301841D-02  0.10829597153955D-01  -.61475905058828D-03
  0.24716105644034D-02  -.24099778431657D-02  -.60910218278591D-02
  -.24708206090098D-02  0.24207185732195D-02  -.26273580594705D-04
  0.16668268750237D-02  0.22847717111674D-03  0.92747103014545D-03
  0.48788761270693D-02  -.93073295844661D-02  0.11241636431318D-02
  0.73965301012757D-02  0.48223039988162D-02  -.24418090091212D-02
  -.72324165855546D-02  -.42758389651123D-02  0.18823514867874D-02
  0.82630598700284D-04  -.48869266559404D-03  -.49267580019396D-03
  -.59324096167046D-04  0.16337234820085D-04  -.26134642426623D-03
  -.28046592818409D-03  0.12061157143428D-03  0.12187513378237D-03
  -.16569679089904D-02  0.13552703591735D-02  -.18342384011845D-02
  0.15310945994780D-02  -.22778834904003D-02  0.23596696251524D-02
  -.45239839977622D-02  -.99488195253472D-03  0.32506645525783D-02
  0.33984969729204D-02  -.11463078901930D-01  -.15289497324149D-02
  0.39031383007000D-02  0.50358324030237D-02  -.37377517559225D-02
  0.18049568580532D-02  -.28126198095322D-02  0.79231435262450D-03
  -.10959605825889D-02  -.76456171653305D-04  -.57083374485245D-03
  -.48515858440581D-02  0.89986981686572D-02  0.21344944843245D-02
  -.11806764431581D-02  -.77921607329490D-03  -.95717925737653D-02
  0.24144544415350D-02  0.98768450708264D-03  0.80334655263270D-02
  0.18214820022955D-03  0.50482499656246D-03  0.14182653097716D-03
  0.30411327665281D-03  0.67385659776598D-04  -.16152224082111D-03
  -.26838635962534D-04  -.31179226608469D-03  0.25627670820227D-03
  cycle =      6 MP2 energy =     -934.5025929688 |dE/dxyz| =  0.022859
    7.27723516031039     -3.32681915625818     -3.69986887344610      ag
    8.25849901653538      4.27182263568834     -1.60253467933334      n
    7.39046157002348      2.03338913708263     -2.65537045031074      c
    8.85267308439282     -0.07997164473369     -2.17287248642605      n
   11.02570250662853      0.05796225977760     -0.91081768614326      c
   11.89754642082465      2.38094220129604      0.09978901361610      c
   10.42219985436502      4.45150638402455     -0.26554294755519      c
    5.44457844228174      1.94363192089908     -3.88635322152224      o
   12.42300379638979     -2.06176857886735     -0.65770467359529      n
   12.43142263661905     -3.37482736993452     -2.03868976950406      h
   13.42582043696969     -2.37068702622121      0.92844553022689      h
   13.68577929453897      2.50096072367297      1.07197154532424      h
   10.93059742054146      6.31375183023737      0.41124980698472      h
    7.16070326652958      5.81072649889070     -1.91779279789039      h
    5.98852858558673    -10.67955012335106     -6.53452846385197      n
    7.05215951072006     -8.57943123727870     -5.37500714322339      c
    5.62097324307769     -6.39318285870154     -5.47765005800859      n
    3.42581424729569     -6.28680653094008     -6.70913177410599      c
    2.41498945677022     -8.44584833734752     -7.93171846855341      c
    3.75365771069464    -10.63076212263771     -7.75933648931849      c
    9.09207222617310     -8.68375535048806     -4.31461236105540      o
    2.19247818739327     -4.05722968819400     -6.82103332643106      n
    3.15658078197218     -2.41086946471861     -6.78466300644476      h
    0.29175916754290     -4.01523842133882     -6.75819211043167      h
    0.68411222472444     -8.33494576168469     -9.00351924407930      h
    3.14378229705704    -12.37977385353621     -8.62748553619939      h
    7.02033113181835    -12.29045177821950     -6.42443481008570      h
  -.39390436827158D-03  -.12376990832030D-03  0.50321160120603D-03
  0.22254309722678D-02  -.88761902386381D-04  0.29599399660474D-03
  -.25017495840198D-02  0.42385029497893D-03  -.62341660862320D-03
  -.23281948716138D-02  0.11064534535929D-02  0.51731056724167D-02
  -.18093231579552D-02  0.40655168603219D-02  0.50897495728375D-03
  0.32400502764940D-02  -.67008695283710D-03  -.53123300962650D-02
  -.17468477009395D-02  0.10987888341987D-02  0.96914371168211D-05
  0.14380801468086D-02  -.51907002216467D-04  0.89716879593205D-03
  0.16555281263564D-02  -.36618379149846D-02  0.33176301420212D-03
  0.65574481719026D-02  0.44003827335857D-02  -.37958552891979D-02
  -.63478197800517D-02  -.34844396529963D-02  0.31759768905433D-02
  0.10713809709273D-03  -.54664737604548D-03  -.32356875647688D-03
  -.57391684256780D-04  -.21125705170100D-04  -.70863994021231D-04
  -.23676061407141D-03  0.42838401189016D-04  -.30956817300698D-04
  -.89890867819076D-03  0.82720653274393D-03  -.17367275247693D-02
  0.11294770603465D-02  -.96324412646087D-03  0.19928193461984D-02
  -.20636109369301D-02  -.28795334312115D-02  0.37682961151133D-02
  0.42191900113231D-03  -.45739233992976D-02  -.76586212582530D-03
  0.26673116767491D-02  0.31972933402837D-02  -.44056795042793D-02
  0.95440658759838D-03  -.13620956661278D-02  0.83376089616838D-03
  -.13526618789754D-02  -.15013384776985D-03  -.62835309854670D-03
  -.17908710431911D-02  0.28665958565695D-02  0.15681913938854D-02
  0.35761846259508D-03  -.19242411632181D-03  -.88953686212284D-02
  0.31749650263002D-03  0.20792364838274D-03  0.76481877213985D-02
  0.43825531826425D-03  0.66940916959718D-03  -.46702555869027D-03
  -.15275636650403D-03  -.62165446413687D-04  0.37299458249151D-03
  0.17064027274039D-03  -.74162835048242D-04  -.24128435848175D-04
  cycle =      7 MP2 energy =     -934.5082238155 |dE/dxyz| =  0.019157
    7.24367609958363     -3.30564845922323     -3.69423976072998      ag
    8.29173257728571      4.26824509773783     -1.61983412155317      n
    7.40991970638195      2.02273024902133     -2.64110306730295      c
    8.85831007630751     -0.09225792501336     -2.14898450716829      n
   11.03994550152733      0.03843186882124     -0.89421074415993      c
   11.93380737790016      2.37605285251929      0.08157083582798      c
   10.47086402093644      4.44718731638813     -0.30343464662562      c
    5.45149098738621      1.92898025567258     -3.85681106572332      o
   12.40109333420351     -2.07743796311430     -0.59246084851053      n
   12.25765857674187     -3.49832981381084     -1.85703638003053      h
   13.51965224838072     -2.29399550142626      0.93141822840944      h
   13.72359484598693      2.50075028309141      1.05104018200214      h
   11.00004608078092      6.31456675348910      0.34304271369915      h
    7.20078157181779      5.80924366037704     -1.94395496402923      h
    6.02588975107022    -10.63563384362937     -6.54923190841348      n
    7.04818720615735     -8.51609559182619     -5.39189715067647      c
    5.58155670522019     -6.35839994692439     -5.48560925913384      n
    3.38275865706738     -6.28267056944403     -6.71750634447928      c
    2.40592290304062     -8.46747921423183     -7.93797161936515      c
    3.79266454970627    -10.61922812033708     -7.78333473592369      c
    9.09504803900426     -8.58241765960511     -4.33596916093755      o
    2.11755479440941     -4.09107308057852     -6.83681231578003      n
    3.03433476550453     -2.42959846544144     -6.61898536372461      h
    0.21647245806776     -4.09321942744540     -6.92779661540464      h
    0.64399909896413     -8.40548201386589     -8.96279364561555      h
    3.23594380894455    -12.36430833188244     -8.69434580046602      h
    7.08055593539954    -12.23013812220044     -6.43015241554868      h
  -.32889695403260D-03  0.53829670399574D-04  0.62574160784568D-03
  0.12678857472661D-02  0.27051277654522D-03  0.13267748291823D-03
  -.95011376862875D-03  -.65545716549487D-04  -.36252332408848D-03
  -.34509301816921D-02  0.18312547553534D-02  0.44697216722205D-02
  0.14585713319146D-02  -.71951034398676D-03  -.65600831420998D-03
  0.28344930966204D-02  0.89346346956409D-03  -.42404017853892D-02
  -.11318475529567D-02  -.33926600082168D-04  0.45666660729093D-03
  0.78816646583135D-03  -.13306499645083D-03  0.64209817188043D-03
  -.69791569003108D-03  -.16913790164175D-03  0.87277678684927D-03
  0.54437260582222D-02  0.35065083397825D-02  -.43565823571976D-02
  -.53338044990978D-02  -.26727134297873D-02  0.37047997274406D-02
  0.90853994409557D-04  -.46206896471834D-03  -.20791582330570D-03
  0.10689043480228D-03  0.61127957580176D-04  -.27266376274415D-03
  -.21190144385663D-03  -.56199963742287D-04  0.46998150727617D-04
  -.75977780345804D-03  0.22235307088891D-04  -.10752916980232D-02
  0.46005696599227D-03  0.28790393140721D-03  0.10375463207195D-02
  -.10897589351457D-02  -.39832018914554D-02  0.40974950943693D-02
  -.65346195657234D-03  0.92412467918512D-03  -.11967504718875D-02
  0.23277724323556D-02  0.17965469374388D-02  -.48331200229708D-02
  0.21419160454883D-03  -.64095966451383D-03  0.12128720121591D-02
  -.76868778335637D-03  -.20459241637916D-03  -.54434787167423D-03
  -.36275668235675D-03  -.96767386156671D-03  0.10439698153553D-02
  0.12511246400018D-02  0.31891662557015D-03  -.76523128962368D-02
  -.56937850315286D-03  -.34225590105913D-03  0.66828791850403D-02
  -.33792969674984D-03  0.31920732005747D-03  0.69421852797769D-03
  0.55337365429819D-03  0.28399087448605D-03  -.86415714160948D-03
  -.14994536420954D-03  -.11877104646540D-03  0.54161413852222D-03
  cycle =      8 MP2 energy =     -934.5128752456 |dE/dxyz| =  0.015870
    7.23266301142183     -3.29457607727897     -3.70053603839390      ag
    8.30664355580572      4.25008407123152     -1.63655940298441      n
    7.42747563869198      1.99459896832040     -2.63292001404017      c
    8.87544491909245     -0.11562587614141     -2.12976681173656      n
   11.05905927213078      0.02187620170391     -0.87764215833682      c
   11.95430244376497      2.37380072264971      0.07407802139911      c
   10.49226253964794      4.43898262049673     -0.32873895993353      c
    5.46460314371203      1.88914102861652     -3.84506772376813      o
   12.40990100789056     -2.08619176309680     -0.54510090880218      n
   12.13295304277075     -3.59414072729517     -1.68238983559312      h
   13.64343133157487     -2.22221519954723      0.89731404459078      h
   13.74214368260347      2.51247534167255      1.04593437069949      h
   11.02029444592053      6.31006747078324      0.30789583838736      h
    7.21760382659882      5.78845020557837     -1.97597470777247      h
    6.05182181890937    -10.59630504576904     -6.56109523237827      n
    7.04397503115257     -8.46036572020060     -5.41296123868949      c
    5.54997328441814     -6.32386054354061     -5.50214903392893      n
    3.35077646174392     -6.27190061785303     -6.73359014870263      c
    2.40500446518692     -8.47460102601832     -7.95698954159854      c
    3.80643117557904    -10.61192609009430     -7.77771297602356      c
    9.09692581529879     -8.49429047729902     -4.36158112617062      o
    2.05653867937562     -4.10563658014278     -6.84467221384815      n
    2.91484601970707     -2.44586495249266     -6.44277027675796      h
    0.16896519976115     -4.13460610370608     -7.08552213796925      h
    0.66954315996358     -8.42885141372105     -9.02746358584022      h
    3.22640948430793    -12.38865498253135     -8.60959246574933      h
    7.14346922074611    -12.16708914720673     -6.47183021742230      h
  -.24080208733201D-03  0.19685323993412D-03  0.56888506066866D-03
  0.54777392641858D-03  0.43540988520085D-03  -.80068657163590D-04
  -.40783575212977D-04  -.26894261143173D-03  -.11996616703591D-03
  -.30302025272659D-02  0.14878911720690D-02  0.39673507736149D-02
  0.17988481531788D-02  -.17388602357720D-02  -.12152466081421D-02
  0.19537966978795D-02  0.15208818697352D-02  -.34028260297969D-02
  -.57748390067225D-03  -.45714682424247D-03  0.57826141570239D-03
  0.23454179492433D-03  -.11662983247263D-03  0.25095698607913D-03
  -.87217631907599D-03  0.35561826883512D-03  0.11645977576773D-02
  0.42490314500011D-02  0.24034471507806D-02  -.41425900099901D-02
  -.41549348402370D-02  -.19673122336175D-02  0.34762766672412D-02
  0.14237429918040D-03  -.31222343477144D-03  -.25174117399818D-03
  0.70678703485871D-04  0.62899836428265D-04  -.15139025474253D-03
  -.10677608243181D-03  -.79017941685855D-04  0.23409323603563D-04
  0.26250642370496D-03  -.92248590178201D-04  -.11143671806157D-02
  -.40039291613025D-03  0.38993741319970D-03  0.58762880621854D-03
  -.10865452379281D-02  -.34633291621633D-02  0.29308773658543D-02
  -.75217932031535D-03  0.21906531972080D-02  0.26295317800251D-03
  0.17841703171175D-02  0.87804137767655D-04  -.36648439267739D-02
  -.15023504614664D-03  0.19429478581046D-03  0.43666897651917D-03
  -.20512270765849D-03  -.16882002696050D-03  -.21739250751551D-04
  -.57562169008030D-03  -.14539992580760D-02  0.84455387963001D-03
  0.15285624813197D-02  0.66851917919308D-03  -.59578510132353D-02
  -.76288692699578D-03  -.46923598219362D-03  0.53530331220123D-02
  0.66044789382680D-03  0.67646289789791D-03  -.97978454364611D-03
  -.58334032829999D-03  -.31473388488568D-03  0.10067657857893D-02
  0.30675113345957D-03  0.23182674814137D-03  -.34980444458943D-03
  cycle =      9 MP2 energy =     -934.5164807131 |dE/dxyz| =  0.012257
    7.23153942967573     -3.28874543757382     -3.71077247911311      ag
    8.31135631753291      4.22843728010303     -1.64699249759630      n
    7.44750217654590      1.96668982613146     -2.63832535781518      c
    8.89581982973180     -0.13874172875564     -2.12010208271608      n
   11.07333548160202      0.01013309815507     -0.85931258992666      c
   11.94668486908523      2.36646206043924      0.10667119689981      c
   10.48506591687245      4.42554291616069     -0.31793655409317      c
    5.49346372215910      1.85242897049630     -3.86732547095244      o
   12.46226277205147     -2.07468485110158     -0.57321965226349      n
   12.08476528752507     -3.63317047845597     -1.61118768278231      h
   13.81888797936340     -2.15264844183720      0.75856766749159      h
   13.70963524910073      2.51279222078258      1.12245044780488      h
   10.99324521066296      6.29573680249089      0.33681542768262      h
    7.22925020285378      5.76524263536533     -2.01277765859935      h
    6.05091172991054    -10.57389577403821     -6.53714977942195      n
    7.02074834499151     -8.42711521635548     -5.39501474493168      c
    5.51833283095382     -6.29834201416055     -5.50431506020278      n
    3.32365419003560     -6.26487467567761     -6.74226239810557      c
    2.38700188478399     -8.48555191041656     -7.94421946453420      c
    3.81818613739675    -10.60250425383276     -7.78017434993309      c
    9.06836022730423     -8.44221482629844     -4.32857005181102      o
    2.03436416145384     -4.10197730230191     -6.88938501964025      n
    2.84317350197737     -2.46014197290183     -6.33537909225619      h
    0.17366373340058     -4.12456675132175     -7.28743615898241      h
    0.61204302250569     -8.48295047845837     -8.94953830303912      h
    3.28822279161570    -12.36571827379671     -8.67174128053474      h
    7.14198467668475    -12.14284713572241     -6.41877149199160      h
  -.31074809240483D-03  0.25528160581101D-03  0.63846054471739D-03
  -.25627715900978D-04  0.26937387918835D-03  0.11149563218993D-03
  0.91456882393626D-03  -.29563805162613D-03  -.61723062868024D-03
  -.20372565327462D-02  0.55451420716279D-03  0.31115664636490D-02
  -.45117786252291D-03  -.13380319454908D-02  0.12015145396793D-02
  0.16437719829021D-02  0.12260874691457D-02  -.33596619530982D-02
  0.15011557897182D-04  -.32728556924511D-03  -.19371971332838D-04
  -.22377350766689D-03  -.10982811604343D-03  -.10705718785253D-03
  0.25479956313212D-03  0.43032769958717D-03  0.16878426229994D-03
  0.30816306982078D-02  0.14030534563982D-02  -.35860561787038D-02
  -.28122912235737D-02  -.13144604766397D-02  0.26547227437641D-02
  -.21371253317248D-04  -.24794876810175D-03  0.99625423740868D-04
  -.62957450672529D-04  -.84436197056448D-05  0.14071078238898D-03
  0.15868224884308D-04  -.35493653467888D-04  -.67029351463965D-04
  0.25816112927401D-05  -.30513068673699D-03  0.17505978058052D-03
  -.18688480492468D-03  0.65058444712385D-03  -.90696745921459D-03
  -.18166689627486D-02  -.22551634625407D-02  0.26813239131469D-02
  0.52107223528886D-03  0.13264473723624D-02  -.97466807417845D-04
  0.18326411249490D-02  0.16740601699183D-03  -.32045602339528D-02
  -.55546384329208D-03  0.11289675399162D-03  0.64681369295450D-03
  0.33312640047356D-03  -.17630067732810D-04  0.28886138963102D-03
  -.77612059301657D-03  -.81326420948624D-03  0.39053237195219D-05
  0.15223459700970D-02  0.78354198785391D-03  -.41819261800107D-02
  -.77039521122124D-03  -.40754794222503D-03  0.39374514368153D-02
  -.46032158434706D-03  0.42815173560640D-04  0.74268065711403D-03
  0.50473691067965D-03  0.28410137406443D-03  -.88450849761346D-03
  -.13109654812826D-03  -.30565098972701D-04  0.42885976775636D-03
  cycle =     10 MP2 energy =     -934.5189901478 |dE/dxyz| =  0.008168
    7.24721620114118     -3.28141747827219     -3.74027500450307      ag
    8.31199141157416      4.21387778754445     -1.64599601526080      n
    7.43762810294880      1.94245215171044     -2.60205809320046      c
    8.90733806986425     -0.15476815138148     -2.10957024058703      n
   11.09126008345389      0.00675675169061     -0.86148297632314      c
   11.98277462776463      2.37589313350146      0.05900937921487      c
   10.51605033138130      4.42942372718430     -0.36926206102167      c
    5.45486799982724      1.81325687260071     -3.78444225796056      o
   12.43943190026508     -2.08797210406702     -0.49359591852753      n
   11.92474006344665     -3.72416182571219     -1.33543913380885      h
   13.88602439142781     -2.09759160479685      0.74229564404067      h
   13.76153691701606      2.53882521579457      1.04440673928792      h
   11.04485852786753      6.30991420829075      0.23743333632972      h
    7.21448563178246      5.74336367440064     -1.99516109854124      h
    6.06982505715821    -10.55012623327279     -6.56226173209490      n
    7.02824885590909     -8.39708331827390     -5.42574880802852      c
    5.51432610555040     -6.27599445853211     -5.53116900269371      n
    3.31354828971104     -6.25874733672604     -6.75870904450058      c
    2.38724747994757     -8.48604044404857     -7.95809001441878      c
    3.82813607751512    -10.59511408914222     -7.78985229071548      c
    9.08205613140210     -8.39707895625227     -4.36896248370889      o
    2.00947698150461     -4.10688703752046     -6.89176571303436      n
    2.74646769785055     -2.49404969584606     -6.17434333615337      h
    0.18330142079761     -4.12648371886734     -7.42551432359633      h
    0.61897253677754     -8.49495140164158     -8.97521995894467      h
    3.28333048652511    -12.37455904745126     -8.63891569193048      h
    7.17832029736692    -12.10796233379581     -6.46271438068256      h
  -.11271937173762D-04  0.22588221249098D-03  0.25705770530449D-03
  -.50154623835041D-03  -.62513634231820D-04  -.80655385288342D-04
  0.98731446527189D-03  0.24266460921663D-03  -.58043392516538D-03
  -.10342051231782D-02  -.83173708909934D-03  0.26137816988956D-02
  0.55860335389823D-03  0.16581265302573D-04  -.17296421882067D-02
  0.76457381611661D-03  0.73136971236920D-03  -.16903163307456D-02
  -.14734100620917D-03  -.39607473000736D-03  0.90383083877565D-03
  -.51418411479531D-03  -.95669768990447D-04  0.37398429917346D-04
  -.32246440821737D-03  0.17520615692401D-03  0.11017115319127D-02
  0.16933098203911D-02  0.46975023609264D-03  -.23027988721349D-02
  -.17837008514725D-02  -.77379537784605D-03  0.19677846387411D-02
  0.26602983544066D-04  0.12109999462329D-04  0.18869797191456D-05
  0.29440812948200D-03  0.47209873112131D-04  -.46324780132467D-03
  -.11194294570416D-04  -.27455953684807D-04  0.11209394609013D-03
  0.43560107256013D-03  0.55405521147023D-04  0.22082921986666D-03
  -.27788672451390D-03  0.69655327343376D-04  -.11140313632119D-02
  -.17574635695436D-02  -.55994496931389D-03  0.18477276721409D-02
  0.54818162149139D-03  0.34178027011400D-03  0.57378242124795D-03
  0.11499242355608D-02  -.51596443215729D-04  -.19451530639341D-02
  -.56679519825575D-03  0.23413823862128D-03  0.35026129967086D-03
  0.54935150497215D-03  0.97633263665742D-04  0.31082218516865D-03
  -.86953929100098D-03  -.55037611260644D-03  -.37666490864474D-03
  0.12236395212757D-02  0.70160609929548D-03  -.23169925071698D-02
  -.50011204709577D-03  -.25980056707775D-03  0.24595276621304D-02
  0.58694743236387D-04  0.10730360983935D-03  -.14721671902906D-03
  -.33552690919425D-04  0.19137237675437D-04  0.20274381113961D-04
  0.41052272467645D-04  0.61530713065139D-04  -.31617600026873D-04
  cycle =     11 MP2 energy =     -934.5202786108 |dE/dxyz| =  0.005120
    7.27752795831520     -3.27165002130975     -3.78872181073380      ag
    8.28900048415798      4.20039990636302     -1.60619243616739      n
    7.44235946970136      1.93515716083712     -2.60014479941902      c
    8.93330319311409     -0.15416170176727     -2.13967392183014      n
   11.11857571911772      0.01547476449490     -0.89368540136205      c
   11.97059249006889      2.37490237723512      0.08912447786855      c
   10.47644605043929      4.41575570947139     -0.30057848903824      c
    5.47099415963689      1.80687867305430     -3.80180085780848      o
   12.51747704845282     -2.05512093828319     -0.61313848542186      n
   11.93489990587941     -3.71617560451403     -1.35638538668766      h
   14.07045623037495     -2.02717093043379      0.48620506908825      h
   13.74103948991812      2.54362829290710      1.08850162991964      h
   10.94395333669292      6.27715549746357      0.40678890634315      h
    7.18862274346007      5.72765978412179     -1.95549221037409      h
    6.02878413899621    -10.56649429214954     -6.49355208032511      n
    6.98717068515923     -8.41206202247663     -5.36028801657525      c
    5.51247751239570     -6.26848620202919     -5.53966329442729      n
    3.32711725851757     -6.24755626250800     -6.79616353578078      c
    2.39201308737511     -8.48161687114365     -7.97633036924917      c
    3.81170249224038    -10.60084224255278     -7.76554118025336      c
    9.01034299164811     -8.42843508018514     -4.24592520148558      o
    2.03971806599520     -4.09085867297197     -6.95462977001168      n
    2.70507253544585     -2.51613624436961     -6.09620879795587      h
    0.26555995310615     -4.08337314259170     -7.64311673038995      h
    0.63160007144303     -8.49284264523908     -9.00704210989026      h
    3.25796234146920    -12.38661674952034     -8.59520856097605      h
    7.11869226465548    -12.13463825478490     -6.35854111842033      h
  0.49832521743842D-04  0.19143707022251D-03  0.10844441913771D-03
  -.50784508917756D-03  -.17506623978925D-03  -.32383522391055D-03
  0.77153801710761D-03  0.32759705156593D-03  -.24817918106024D-03
  -.37505652851699D-03  -.13837466827749D-02  0.11917389497840D-02
  -.54146482176876D-03  -.76308316578011D-03  0.86038269320099D-03
  0.48141146134029D-03  0.38805565594768D-03  -.67717129923572D-03
  0.55191117053521D-03  -.11445038144764D-03  -.24058402343297D-03
  -.20802471772186D-03  -.19809871782073D-04  -.30764072103118D-03
  -.33362816338212D-03  0.10109433453049D-02  -.22307506471098D-03
  0.60611023406931D-03  0.19862651031932D-03  -.10633124338999D-02
  -.51099784937048D-03  -.27066970789574D-03  0.72877905623958D-03
  0.31231425884926D-03  0.26677665947861D-03  -.56372702707197D-03
  -.46504596758568D-03  -.26534399444245D-03  0.91779040598849D-03
  0.31296961761207D-03  0.86724472907029D-04  -.38534918518773D-03
  0.31865458368463D-03  0.11363832480349D-03  0.78799565291421D-03
  0.12588431082206D-03  -.14152630056063D-03  -.14906137265309D-02
  -.13615806770868D-02  0.63156603279779D-03  0.14722169353329D-02
  0.59384242290683D-03  0.57290570204449D-03  -.30935718598712D-03
  0.37499262766616D-03  -.10116891155709D-03  -.76199899108165D-03
  -.43149179109214D-03  0.28908799976612D-03  -.60582926168173D-04
  0.18012137676138D-03  0.17132173082857D-04  0.62759797824974D-03
  -.21776806355867D-03  -.10134291844652D-02  -.26280716080684D-03
  0.66477729305570D-03  0.24261649349544D-03  -.62273712985483D-03
  -.42053493977345D-03  -.82872485057450D-04  0.10916492592199D-02
  0.32250957986868D-04  -.86530014384412D-04  -.88963196663183D-04
  -.63745138447313D-04  0.22262517624050D-04  0.59562699541882D-04
  0.60572996464892D-04  0.58326665167918D-04  -.21622358983375D-03
  cycle =     12 MP2 energy =     -934.5200223607 |dE/dxyz| =  0.007679
    7.29631953793195     -3.25789810344379     -3.83045879836711      ag
    8.22209220983059      4.18085571935901     -1.47179522755707      n
    7.36483495168860      1.91820649389047     -2.46473321093388      c
    8.92027014945210     -0.14833457309937     -2.13016967682576      n
   11.13524337681016      0.02839043264892     -0.93822942940677      c
   11.97013465712822      2.37334655353902      0.08906441216794      c
   10.47143647523215      4.41566605447173     -0.28182707875500      c
    5.33485146541325      1.77412920455647     -3.56065584396017      o
   12.58000843769037     -2.02500253179278     -0.75471845576001      n
   11.94150285109638     -3.70727525516616     -1.39704018161520      h
   14.22535915637268     -1.96276926298023      0.19850233793785      h
   13.69570942244037      2.51775816814157      1.16731642652549      h
   11.01262848906845      6.30190105404568      0.29520481186775      h
    7.06260103532947      5.68639551874542     -1.70587195476741      h
    5.97710821749860    -10.59724837019400     -6.40271564690432      n
    6.96963763989018     -8.43015795763582     -5.32227105223068      c
    5.53623713855127     -6.26536110093016     -5.57152333723842      n
    3.36847052726978     -6.23659973019647     -6.85903721388167      c
    2.38942901289128     -8.48754547607806     -7.96533627924190      c
    3.76718576094381    -10.62748171930651     -7.68492704244413      c
    8.99217467714570     -8.45126763029456     -4.20831391621637      o
    2.15676662506758     -4.04583708880169     -7.14112567480203      n
    2.78583387934842     -2.48198586936505     -6.23747099077310      h
    0.45109901946803     -3.99845423752490     -7.98268049207912      h
    0.62901104183379     -8.49812137930812     -8.99576507791342      h
    3.17441712814286    -12.42973983582248     -8.44937863087384      h
    7.03309879424087    -12.18279479034039     -6.21144725731546      h
  0.46039270717779D-04  0.13631503023315D-03  0.31233839189238D-04
  -.11099608973795D-02  -.69670153064116D-03  0.20868910485641D-02
  0.10944610501649D-02  0.98526159753298D-03  -.21909597877294D-02
  -.42181822037524D-03  -.11946442834776D-02  0.14649052614100D-02
  0.12187084623072D-03  0.12697623783340D-02  -.13874469261772D-02
  0.43966203681833D-03  -.18787665775299D-03  -.64496568607186D-03
  0.54839344212354D-05  0.27419281541441D-03  0.22956321394041D-04
  -.10367198251515D-03  -.37029596359872D-04  0.34862240293343D-03
  0.92367030535456D-03  -.24920901308256D-03  -.35271392613456D-03
  -.91548689155951D-04  0.17571964286311D-04  0.66830585841338D-04
  -.46275858228029D-04  -.54431505949526D-04  -.26835838398753D-03
  -.18391062346996D-02  -.60340501093048D-03  0.28849180129016D-02
  0.15420770208516D-02  0.44049450302008D-03  -.31155360372526D-02
  -.54590865862014D-03  -.23640565261296D-03  0.11830694656059D-02
  -.11162780069629D-04  0.29701652811909D-03  0.52340831369380D-03
  0.35809052187696D-03  -.41477196459905D-03  -.10669585027756D-02
  -.86577942978661D-03  0.75938318282542D-03  0.72003428380274D-03
  -.13844032932298D-03  -.15414435584162D-02  0.11950487774701D-02
  -.46465645800353D-04  0.39286299420271D-03  0.18006371828250D-03
  0.35760715530486D-03  -.67386284124282D-04  -.56976457933100D-03
  0.23514726580132D-03  0.83540554941308D-04  -.84062225310433D-04
  -.30344353350564D-03  0.75390999792546D-03  -.11384072174669D-02
  0.14410941467102D-03  -.11199916327520D-03  0.13339271603208D-03
  0.37779942620375D-03  0.14473773195900D-03  -.14961702625271D-03
  0.62198428686600D-04  -.85594556362811D-04  -.22761421785145D-04
  -.16194870169706D-03  -.32378279948730D-04  0.28168803730289D-03
  -.22685684595736D-04  -.41772493355019D-04  -.13151114248522D-03
  cycle =     13 MP2 energy =     -934.5205552239 |dE/dxyz| =  0.004270
    7.30271315543188     -3.25851729045037     -3.83698167532389      ag
    8.22447313584589      4.18215999628029     -1.48122981091056      n
    7.37119156644147      1.92004335478742     -2.47937624395218      c
    8.92625311267083     -0.14568872283391     -2.14159977510019      n
   11.14037025351127      0.03087750291875     -0.94754163647702      c
   11.97860550817284      2.37859000111232      0.07148816271337      c
   10.46551962144162      4.41467699599504     -0.27500909908076      c
    5.34615919032079      1.77670028358462     -3.58462645954363      o
   12.57092335825610     -2.02909234981490     -0.73530612238475      n
   11.92603042077467     -3.71390965362853     -1.36458047219056      h
   14.21045756155259     -1.96736961265212      0.22831302732741      h
   13.74224063207552      2.53908036020449      1.08405311694903      h
   10.96758642306395      6.28743999618914      0.37676074745643      h
    7.07511836725818      5.69194592923383     -1.73698345350634      h
    5.97600070998118    -10.59917260753318     -6.40524699497117      n
    6.96837805805969     -8.43428284429085     -5.31932981200613      c
    5.53980855102801     -6.26743331096669     -5.57288014030389      n
    3.37217221571355     -6.23484660543815     -6.86094333107580      c
    2.39477601017611     -8.48322907976603     -7.97470457522669      c
    3.77057651981145    -10.62455082510652     -7.69535810588469      c
    8.98639313674528     -8.45979629444871     -4.19753351561987      o
    2.14889396263968     -4.04832292739251     -7.11951546511844      n
    2.77279131985755     -2.48864065164846     -6.20520923536057      h
    0.43934530825772     -4.00313652087321     -7.95400077833772      h
    0.63656315998184     -8.49046526621603     -9.00902621604181      h
    3.18237834179775    -12.42331215830197     -8.47161590788765      h
    7.02774207690949    -12.18697341182600     -6.20942070950574      h
  0.83143680935205D-04  0.15263983757763D-03  -.54204491793164D-04
  -.72890836374917D-03  -.50053274016193D-03  0.12292750121579D-02
  0.57570583204969D-03  0.60151324486934D-03  -.13033545740009D-02
  -.37335332838362D-03  -.83377254471229D-03  0.97554846925418D-03
  0.15834855683927D-03  0.85233823593178D-03  -.12159478907678D-02
  -.18489707080960D-04  -.44862125467482D-03  0.39999047177108D-03
  0.26067395531548D-03  0.41069640516511D-03  -.67235161507551D-03
  -.92016249492843D-04  -.49820809667978D-04  0.27348649529380D-03
  0.47920793040923D-03  -.19022991986706D-03  0.64014426236270D-04
  -.12551835767538D-03  -.24166375291124D-04  0.10872031393627D-03
  0.42748130520742D-04  -.22539091197704D-04  -.20228046684068D-03
  -.63731767161102D-03  -.18981956483888D-03  0.11258010144144D-02
  0.57707023577480D-03  0.21787675432261D-03  -.10544420002527D-02
  -.15994541848308D-03  -.50136911903920D-04  0.39079294063193D-03
  -.35460579409730D-04  0.19057185376781D-03  0.47510975523846D-03
  0.32914646470816D-03  -.21947072372441D-03  -.84229802580849D-03
  -.77072740218487D-03  0.37114061150145D-03  0.87439539771239D-03
  0.29076376850590D-03  -.81459592592337D-03  0.14051548485750D-03
  -.14857958758618D-03  0.22245370831797D-03  0.31707112030599D-03
  0.17960452649035D-03  -.82112607517004D-04  -.34720701684154D-03
  0.17919336919192D-03  0.78828228133432D-04  -.92474332674897D-04
  -.25627057215161D-03  0.47429057849246D-03  -.66224566376949D-03
  0.72955517716800D-04  -.13492696939821D-03  0.16564721492918D-03
  0.18514360534461D-03  0.11136449057558D-03  -.12394122770498D-03
  0.16824005260041D-04  -.77149208717819D-04  0.19846001834800D-04
  -.44851322183792D-04  -.30575078024953D-05  0.76388665882554D-04
  -.39090978757983D-04  -.42762047112177D-04  -.65855546051097D-04
  cycle =     14 MP2 energy =     -934.5206495913 |dE/dxyz| =  0.002687
    7.30778263889631     -3.26596197469844     -3.83039849693275      ag
    8.22094075056769      4.17979445369148     -1.48651681081128      n
    7.38270526846419      1.92057456285399     -2.50410593066434      c
    8.93773062757059     -0.14300876437282     -2.15909041104338      n
   11.15137513007841      0.03612841317080     -0.96434429530313      c
   11.98722209870100      2.38720472294469      0.05000013300970      c
   10.45384998740836      4.41251725252299     -0.26525738563954      c
    5.37367365055909      1.77997122226578     -3.63880441674488      o
   12.58109214095260     -2.02204649454764     -0.74584122063036      n
   11.94790737511582     -3.70421332761300     -1.39369952080513      h
   14.20874639069210     -1.96264288465779      0.23833268954698      h
   13.77636767825690      2.56211940529869      1.01428901991076      h
   10.93069442183159      6.27701140263857      0.42772329604367      h
    7.06709920817481      5.68656773221636     -1.73963689697491      h
    5.96349859190537    -10.60669953597117     -6.39556580869448      n
    6.93653519704202     -8.45572737812154     -5.26421748379066      c
    5.53340768695599     -6.27731239333666     -5.55054888214410      n
    3.37737340284980     -6.23174263603120     -6.85782478399254      c
    2.42294556876739     -8.46499330406203     -8.02227095879818      c
    3.78852334094288    -10.61179851590540     -7.73689044699033      c
    8.91335941033113     -8.50509276011435     -4.07231937538634      o
    2.13005677847724     -4.05511425024304     -7.06510119291301      n
    2.74255603766682     -2.50555784700418     -6.12604376727164      h
    0.41453098259032     -4.01326064126316     -7.88837717335552      h
    0.68920971433256     -8.45563776103354     -9.09727659369517      h
    3.21882448849945    -12.39862971370037     -8.55357376582588      h
    7.00545311014647    -12.19967469780927     -6.19004400146737      h
  0.23067457273296D-03  0.18128813259233D-03  -.26352972255472D-03
  -.15694275381239D-03  -.10105237004865D-03  0.22965428215627D-03
  0.82025600788072D-04  0.92659136015527D-04  -.14979231747603D-03
  -.34865643261339D-03  -.30950139493280D-03  0.66153755824461D-03
  0.36581044057016D-03  -.71255726036057D-04  -.58741551220454D-03
  -.24582442830656D-03  -.12024044960013D-03  0.51729917752574D-03
  0.15846826674526D-03  0.35615390727273D-04  -.19562976507093D-03
  0.19300204620976D-03  0.57700506092218D-04  -.30350081291353D-03
  -.18678570455855D-03  0.20988209992545D-03  0.85021925149142D-04
  0.19061256377739D-04  0.37011598074344D-04  -.14475749171527D-03
  0.58762869047158D-04  0.51578692503718D-05  -.16902764382820D-04
  0.28492360404364D-04  0.51554033753787D-04  -.76742154280218D-04
  0.98430346634704D-04  0.29811992372508D-04  -.18334272221177D-03
  -.52268441288916D-04  -.18111692644318D-04  0.12388330221835D-03
  -.90237978483287D-04  -.15071826126700D-04  0.49668959667892D-03
  0.43087014179255D-03  0.13831630131733D-03  -.87521891991571D-03
  -.60736872500433D-03  -.88663780273723D-04  0.81689480802494D-03
  0.73048237373463D-03  0.42599432987345D-03  -.10976171845272D-02
  -.92354140662110D-04  -.43757734951022D-05  0.11197846692124D-03
  -.19957027538631D-03  -.27543860902313D-04  0.98279488096154D-04
  -.26026527496370D-03  -.10339951101912D-03  0.57075997934675D-03
  -.20599825803380D-03  -.36538812180265D-03  0.28783576047964D-03
  0.76176844552078D-04  -.64935404838096D-04  0.10036497630539D-03
  -.19837855988047D-03  -.14864139383119D-04  0.15862422952084D-03
  0.39449517408308D-04  -.13830510644519D-04  -.85835010812385D-04
  0.51352560773488D-04  0.23955426093458D-04  -.84283033506605D-04
  0.81591729236941D-04  0.29287441613235D-04  -.19425625806402D-03
  cycle =     15 MP2 energy =     -934.5206910961 |dE/dxyz| =  0.001656
    7.31586324615285     -3.26615341110383     -3.83927789823161      ag
    8.21458574461450      4.17734835737759     -1.48056609233505      n
    7.37513404920409      1.91613600340537     -2.49290573770077      c
    8.93711826971447     -0.14389872377498     -2.15761442359626      n
   11.15011090154195      0.03675014920755     -0.96200195034602      c
   11.98340430319197      2.38810286704996      0.05330942724945      c
   10.44642605673378      4.41144364152189     -0.25791913736916      c
    5.35818025952612      1.77044432488225     -3.61268075675631      o
   12.58168768134962     -2.02089325790273     -0.74340126420333      n
   11.94696966987316     -3.70481097486699     -1.38499238342411      h
   14.21094549083619     -1.95914392759353      0.23779588577541      h
   13.77160562458273      2.56386515505545      1.01915742057822      h
   10.91715097305376      6.27415338639129      0.44398407787568      h
    7.06313903676544      5.68482125462768     -1.74044782068421      h
    5.96177932636965    -10.60944258212279     -6.39772747308026      n
    6.95282324983847     -8.45347210467205     -5.29147710217424      c
    5.54547416667616     -6.27617969270921     -5.56596167155557      n
    3.38135627545519     -6.23109419725511     -6.85974496435836      c
    2.40694315602318     -8.47009706423734     -7.99580004746334      c
    3.77007985591476    -10.61871256381081     -7.71116440975746      c
    8.95141955434387     -8.49643979149345     -4.13639518916376      o
    2.15475936836780     -4.04501442254995     -7.09645327967244      n
    2.78217878103246     -2.48819238522545     -6.17966095409317      h
    0.44118829794969     -3.99739322383189     -7.92306993943330      h
    0.65929158232799     -8.46413611183749     -9.04801169718846      h
    3.18267392991453    -12.41116139700651     -8.50260463963587      h
    7.00117282642252    -12.20405502040715     -6.19177246061951      h
  0.13900612872075D-03  0.18260556536664D-03  -.16859530884850D-03
  -.12176466199332D-03  -.90839065531867D-04  0.32680579702760D-03
  0.84878944530242D-04  0.15192806594033D-03  -.36561621304809D-03
  -.22693545762653D-03  -.24367321349983D-03  0.55343467736901D-03
  0.13842454009350D-03  0.15420204562666D-03  -.43485746024885D-03
  -.18618204824428D-03  -.13237513784725D-03  0.32459869157009D-03
  0.75224780664129D-04  0.77449093277338D-04  -.18270706385692D-03
  0.70296141547743D-04  -.30488894058323D-05  0.51726232561222D-04
  0.95767278551762D-06  -.87387048151477D-04  0.14312957459950D-03
  -.65610859139031D-05  0.26898268310482D-04  -.46676510080168D-04
  0.36344069005878D-04  0.25944600924865D-05  -.65758502668878D-04
  0.48316329888110D-04  0.49359721821407D-04  -.13028705426477D-03
  -.16681352942971D-04  -.16241505294445D-04  0.20708616006004D-04
  0.73894097819327D-04  0.39335258139594D-04  -.11528711238928D-03
  -.82715807691258D-04  0.10464451381864D-04  0.32006277265206D-03
  0.26551948017817D-03  0.48662119463749D-04  -.53895221806277D-03
  -.54308245428603D-03  -.90198988696777D-04  0.63458888581192D-03
  0.25873235106921D-03  -.96158766838439D-04  -.19375008709943D-03
  -.29056284731155D-04  0.61835901791651D-04  0.84840503706829D-04
  0.68468369399888D-04  -.69463062217778D-05  -.20049539452316D-03
  -.10399140855100D-05  -.11700449867647D-04  0.12150249437326D-03
  -.87505809899469D-04  0.76710532296964D-04  -.15223030538358D-03
  0.70117924630519D-04  -.87485687167543D-04  0.24841611845794D-04
  -.28308227051355D-04  0.17241238873700D-04  0.35000906831062D-04
  0.90874121703166D-05  -.13643717374001D-04  -.18567318269103D-04
  -.26152826388959D-04  -.14128444401074D-04  0.54822849125724D-04
  0.16717614989226D-04  -.54597192189476D-05  -.82283172603059D-04
  cycle =     16 MP2 energy =     -934.5206953832 |dE/dxyz| =  0.001489
    7.32129238819192     -3.26759070594356     -3.84320604127327      ag
    8.21636275265482      4.17721508749957     -1.48909612724257      n
    7.37773474369778      1.91448734900782     -2.49864290528626      c
    8.93986048899323     -0.14489123414012     -2.15987834556541      n
   11.14965300407751      0.03658303621243     -0.95839065094623      c
   11.98248017382868      2.38960904678242      0.05338013858517      c
   10.44664581681661      4.41294228919729     -0.26388073540431      c
    5.36118825336536      1.76698883615224     -3.61900743200884      o
   12.57891949953613     -2.02182050693089     -0.73090012494630      n
   11.94276313030235     -3.70755762807965     -1.36628904655664      h
   14.20625510469825     -1.95855183542162      0.25334277488082      h
   13.76664702364338      2.56533575936786      1.02669947253567      h
   10.91673736417468      6.27669549004778      0.43572726320102      h
    7.06349333447614      5.68356856801415     -1.74916949932934      h
    5.96351836687133    -10.60917709669685     -6.40549070263584      n
    6.95846598958366     -8.45344953572224     -5.30228009741379      c
    5.55002945743508     -6.27613821087310     -5.57113616627982      n
    3.38125307055391     -6.23077815798962     -6.85713749043010      c
    2.40353002433989     -8.46929119935989     -7.99127192274131      c
    3.76764295332033    -10.61798653477143     -7.71186129067859      c
    8.96231167520686     -8.49615279031385     -4.15635781388333      o
    2.15317420439628     -4.04474189292734     -7.08785876461808      n
    2.78153192347511     -2.48894272538188     -6.16993281030208      h
    0.43838792139052     -3.99639970769169     -7.91180846072136      h
    0.65266968895641     -8.46300614831753     -9.03811529472611      h
    3.17878240463648    -12.40969589863563     -8.50389287808627      h
    7.00213091915423    -12.20447936596688     -6.20094952949062      h
  0.11551632313922D-03  0.18507577840277D-03  -.15108635780303D-03
  -.14286286596654D-03  -.97126363895583D-04  0.33535023508469D-03
  0.88215568365690D-04  0.15534395743977D-03  -.37699513070066D-03
  -.22240056254552D-03  -.24839881290628D-03  0.47632601395198D-03
  0.11230385871386D-03  0.18367341034242D-03  -.40187936585490D-03
  -.11334047920109D-03  -.13376549100119D-03  0.22293936927120D-03
  0.89839916898704D-04  0.10380191867476D-03  -.22481668739172D-03
  0.57803670276968D-04  -.53277518983208D-05  0.66174530434893D-04
  0.43275621784744D-04  -.10466076175053D-03  0.16495673467753D-03
  -.22918465697241D-04  0.15787980851556D-05  -.41837477278150D-05
  0.30176784548530D-04  0.68584404006033D-06  -.78095952454227D-04
  0.37383603368468D-05  0.27650528682921D-04  -.29875364064846D-04
  -.21866750896660D-05  -.44906879201889D-05  0.19124674865978D-05
  0.47446592065903D-04  0.27606410073489D-04  -.66005461133445D-04
  -.47998675336114D-04  0.33771514292624D-04  0.25612961777899D-03
  0.16906949155349D-03  -.21812798731702D-05  -.40307286142527D-03
  -.47503681476746D-03  -.49702210984659D-04  0.55920425754463D-03
  0.27436557295069D-03  -.15898179280205D-03  -.20938305450358D-03
  -.38653045445258D-04  0.54311347346014D-04  0.11921213683852D-03
  0.39424602751303D-04  -.24302012812782D-04  -.13705708185707D-03
  0.68192003489287D-04  0.14274366193945D-04  0.15900266879143D-04
  -.11605839551265D-03  0.14201760540988D-03  -.16926217790836D-03
  0.32483753455548D-04  -.93359758875700D-04  0.62611708013804D-04
  0.31298361626853D-05  0.28839345316944D-04  0.18394445456593D-04
  0.11901313751395D-04  -.17251095939308D-04  -.15660194223610D-04
  0.80218326381498D-05  -.52233471858898D-06  -.91493043941071D-06
  -.13449196574200D-04  -.18560703683335D-04  -.30823536575797D-04
  cycle =     17 MP2 energy =     -934.5207087011 |dE/dxyz| =  0.000833
    7.34512006511878     -3.27675030205934     -3.85553741544641      ag
    8.20691881364018      4.16940851704766     -1.49777153583496      n
    7.38051955176730      1.90334474294164     -2.50978495583810      c
    8.95309227491101     -0.14805554224677     -2.17261645162670      n
   11.15601530281142      0.04084042481641     -0.95954010366482      c
   11.97702636762001      2.39755832431685      0.05340366995111      c
   10.43085496385720      4.41323540361749     -0.26251311458982      c
    5.36549354468180      1.74680313451973     -3.63203112866407      o
   12.59115126280927     -2.01252103660752     -0.72435898762073      n
   11.96188706315397     -3.70173022851947     -1.35725638066053      h
   14.21157010454270     -1.94339797543336      0.27087767162203      h
   13.75478342024454      2.57883618533467      1.03747789717146      h
   10.88779635261018      6.27724979563305      0.44517943194504      h
    7.04319622497816      5.66853456835745     -1.75118564287081      h
    5.95440809102663    -10.61661305897371     -6.41394545622595      n
    6.96281089989017     -8.46565841266299     -5.31301760538855      c
    5.56726916485723     -6.28057197784079     -5.58384629782179      n
    3.39020382106117     -6.22632970706028     -6.85564418810019      c
    2.39492930629250     -8.46178346786319     -7.98064226026253      c
    3.75040276983879    -10.61660245780449     -7.70632113805091      c
    8.96826536277072     -8.51860791160152     -4.17070875848673      o
    2.17139066010184     -4.03472320688677     -7.08220812029913      n
    2.81123087662285     -2.47917991138635     -6.17157373508346      h
    0.45492023160025     -3.97900084949740     -7.90209687831551      h
    0.63627532323947     -8.44897405757439     -9.01426964977683      h
    3.14955396690930    -12.40591311309417     -8.49479013853800      h
    6.98637589081949    -12.21662359235468     -6.21268320888689      h
  0.53816810373419D-04  0.19255511937577D-03  -.11379585643723D-03
  -.50186889999804D-04  -.56025750101441D-05  0.16507852649150D-03
  0.20269206317813D-05  0.56114381717265D-04  -.23824314988818D-03
  -.17776231558697D-03  -.79464965192066D-04  0.23052559568204D-03
  0.68028709383938D-04  0.36707022489146D-04  -.11308176177494D-03
  0.69135970923284D-04  -.17696810854950D-04  -.11380158745489D-03
  0.24988587198571D-04  0.47547437510786D-04  -.89146174423682D-04
  0.65244639262829D-04  -.65563917051037D-05  0.70324936881860D-04
  -.11998200870167D-04  -.84039678941217D-04  0.14712383084259D-03
  -.37958645224823D-05  -.26307178585760D-04  0.12112282206100D-04
  0.16968326807643D-04  0.12203765903940D-04  -.62894690207926D-04
  -.76597015166158D-05  -.49449076353625D-05  0.33377039617477D-04
  -.30594800258132D-04  -.51360974984149D-05  0.64220575779039D-04
  0.12524271236103D-04  0.48832076249283D-05  -.26569115682218D-04
  -.50372181624958D-04  0.69948493734984D-05  0.14160573375754D-03
  0.42078427936687D-04  0.17490154062827D-04  -.17651224627535D-03
  -.23852613742159D-03  -.12750285173135D-03  0.30214661012007D-03
  0.14510644673038D-03  -.14241734531151D-03  -.12309545284150D-03
  0.43511795468021D-04  0.28533222667160D-04  -.51984754270151D-05
  -.49172222021276D-04  -.37129173982464D-04  0.69026446640308D-04
  0.73661259772706D-04  0.88418248331834D-05  -.15612200941817D-04
  -.49802900097262D-04  0.16613168915836D-03  -.13585188920917D-03
  -.26671728269090D-04  -.65828417102232D-04  0.54045975860006D-04
  0.29085474142043D-04  0.19047733179844D-04  0.58822799027247D-05
  -.16178658140298D-04  -.10267422812626D-04  0.34670247813118D-04
  0.43488760340882D-04  0.11177701178866D-04  -.56085787962790D-04
  0.23055110419890D-04  0.46654863599116D-05  -.60251816871304D-04
  cycle =     18 MP2 energy =     -934.5207229257 |dE/dxyz| =  0.001097
    7.39387105166815     -3.29922782841027     -3.87462563950734      ag
    8.18549817064158      4.15029542043604     -1.51640085864111      n
    7.38661324983483      1.87654890987848     -2.53260706296952      c
    8.98076954775894     -0.15762203269174     -2.19500803909804      n
   11.16977987229486      0.04945636871769     -0.95981681029434      c
   11.95772595896680      2.41162820315755      0.06701172103604      c
   10.39279887911191      4.41172298902210     -0.25490716310543      c
    5.37606013390629      1.69968530725803     -3.66076192681414      o
   12.62627796101999     -1.98812246972849     -0.72272190194523      n
   12.01967260922113     -3.68227718717404     -1.36408499861060      h
   14.23180749499141     -1.90693575669587      0.29565966731315      h
   13.72035866754388      2.60565791149248      1.07566381967173      h
   10.82528120347571      6.27874619688996      0.46026827105797      h
    7.00388396629703      5.63577214031132     -1.76737428956249      h
    5.93055455889723    -10.63284437529366     -6.42536259931749      n
    6.96883100572289     -8.49182180507716     -5.33180111790729      c
    5.60012528856723     -6.29059052335543     -5.60556484242648      n
    3.40902507694711     -6.21608260477727     -6.85236589214832      c
    2.38109583323607     -8.44265031076787     -7.96597911187654      c
    3.71558917561381    -10.61133607158043     -7.69844037974262      c
    8.97808709621282     -8.56626910182913     -4.19806367579759      o
    2.20804217301416     -4.01384371191907     -7.06617039425018      n
    2.87239589594310     -2.46021113912951     -6.16936834096415      h
    0.48695264241830     -3.94242053375272     -7.87520860909202      h
    0.61435671909797     -8.41248003847945     -8.98537283838569      h
    3.08792668288163    -12.39582016293309     -8.47694747974000      h
    6.94008076249211    -12.24618350645066     -6.21705398824608      h
  -.78547184801270D-04  0.19960832384158D-03  0.76989502246771D-05
  0.73973771818725D-04  0.10981858685177D-03  -.52344254213077D-04
  -.42888538729802D-04  -.52976176355024D-04  -.13952059626243D-03
  -.91175409313804D-04  0.99449509502136D-04  -.91768292222127D-04
  0.27310579628903D-04  -.28492816419146D-03  0.31094901213358D-03
  0.30653571483441D-03  0.18793395059502D-03  -.52040185925684D-03
  -.17608074415243D-03  -.11389301324627D-03  0.31883811089983D-03
  0.60909741158355D-04  -.25443901066069D-04  0.10516369619573D-03
  -.15865519251612D-03  0.69847527041311D-04  -.35822336596159D-04
  0.51345100137379D-04  -.45828126706837D-04  -.49960719397113D-05
  0.11837234562329D-04  0.33128882673567D-04  -.14329066202023D-04
  -.65409664705030D-04  -.62796108866614D-04  0.17925486745973D-03
  0.35737623171883D-04  0.34244201063238D-04  -.47103763487044D-04
  -.17326752060676D-04  -.24190980285610D-04  -.69917835299194D-06
  0.11600922891652D-04  -.12247726491665D-04  -.10198239137393D-03
  -.18525034031613D-03  0.41006948153566D-04  0.23405841957791D-03
  0.12797003855258D-03  -.17316053587324D-03  -.13827617522888D-03
  -.10112771330562D-03  -.27752937525882D-05  0.63878473497425D-04
  0.52011875792957D-04  -.56163331649484D-04  -.50971838786218D-04
  -.33686970744462D-04  0.38789702808018D-04  0.71891846611827D-04
  0.13106986834188D-03  0.13372816646040D-04  -.11618046310780D-03
  0.13847034994008D-03  0.27054067174959D-04  -.16537821528217D-04
  -.94206887126136D-04  -.25766563291896D-04  0.11722026916683D-04
  -.50373359261613D-06  -.27758985918780D-05  0.20402844405076D-05
  0.53742079320074D-06  0.20418653084553D-04  -.14592745976039D-05
  0.21668908610550D-04  0.26147416800626D-05  -.24266816366580D-04
  -.61201275478595D-05  0.56576588320922D-05  0.51164376382418D-04
  cycle =     19 MP2 energy =     -934.5207300692 |dE/dxyz| =  0.001203
    7.42781462859254     -3.31862719376588     -3.88205051867469      ag
    8.16989840157110      4.13520072663315     -1.53250797869814      n
    7.39166245111962      1.85520591983280     -2.55007743246910      c
    8.99962410669431     -0.16700595263950     -2.20645568426615      n
   11.17882660531160      0.05515708643217     -0.95671942592323      c
   11.94362556327001      2.42268040603648      0.07524606493140      c
   10.36702941686319      4.41188395570383     -0.25659278871849      c
    5.38712798168595      1.66368382652295     -3.68719069875916      o
   12.64852149087152     -1.97197187422230     -0.71105616578269      n
   12.05640507494161     -3.67068142333586     -1.35357508243298      h
   14.24326779988761     -1.88095468658402      0.32337078151420      h
   13.70062794810575      2.62985938369345      1.09104192707319      h
   10.78195029647447      6.28183770705071      0.46125561742205      h
    6.97499643231831      5.61016497333094     -1.78269639340034      h
    5.91660970086805    -10.64277298370824     -6.44175349460637      n
    6.97287477147122     -8.51127967234733     -5.34619999889755      c
    5.62076501203252     -6.29935886047386     -5.61571058312148      n
    3.42059079350962     -6.20918455593973     -6.84552343723565      c
    2.36878563140402     -8.42840610973056     -7.95158386006389      c
    3.69189078162437    -10.60568717606074     -7.69725517937811      c
    8.98229953310403     -8.60287340766152     -4.21448160003401      o
    2.23429420825376     -3.99830807934403     -7.05134553133327      n
    2.91777874287983     -2.44696562650601     -6.16456110184089      h
    0.51016531129399     -3.91403252056141     -7.85265242330019      h
    0.59295889854755     -8.38641365487126     -8.95463628221610      h
    3.04640619844705    -12.38536771987140     -8.47220332953484      h
    6.91666389663334    -12.26300820049501     -6.24148988161731      h
  -.15332225948583D-03  0.20687570022515D-03  0.76310319544359D-04
  0.19845984612399D-03  0.16451593746858D-03  -.19345841707752D-03
  -.16882582782740D-03  -.10684034219466D-03  0.54379283919381D-04
  0.18857810125228D-04  0.12729552935253D-03  -.27262891240576D-03
  -.13371487057157D-04  -.28756774166272D-03  0.36352665402539D-03
  0.23886060844802D-03  0.18458388698983D-03  -.41130909083442D-03
  -.19366331380333D-03  -.12259050786412D-03  0.29867781248250D-03
  0.12133788775870D-03  -.62742968331975D-05  0.29945577109558D-04
  -.16195332802837D-03  0.40250120432184D-04  -.61644492543422D-04
  0.73737886650882D-04  -.53424272494773D-04  -.30411678868525D-05
  0.90003716390896D-06  0.31045767160814D-04  0.59519475472669D-05
  -.34974001480670D-04  -.50626618932181D-04  0.10480822440861D-03
  0.29617192695897D-04  0.25921199916290D-04  -.41373557113200D-04
  -.63649763628604D-04  -.47599799676945D-04  0.78207306650979D-04
  -.18184150321510D-04  -.29542934365523D-04  -.94524743610602D-04
  -.14040306691498D-03  0.75758637216872D-04  0.17976487684690D-03
  0.23342418566052D-03  -.11751640985258D-03  -.31012512657869D-03
  -.20158423730621D-03  -.54877193886416D-04  0.24658988217929D-03
  0.80825631979309D-04  -.42608216369033D-04  -.12111450378427D-03
  -.20265785666496D-04  0.40264418961655D-04  0.71268294187909D-04
  0.73656504611108D-04  -.20320729465340D-04  -.44296922858678D-05
  0.20547161231121D-03  0.31638026686487D-04  -.28190653464044D-04
  -.10934513519745D-03  -.18150634574887D-04  -.18451764549621D-04
  -.84589031414950D-05  -.55382392885051D-05  0.37107553585436D-05
  -.24656231423670D-04  0.17350129025928D-04  0.41761588600142D-04
  0.31753126767953D-05  -.36850983482495D-05  0.63979175823903D-06
  0.34332799711656D-04  0.21663414999651D-04  0.47496360149335D-05
  cycle =     20 MP2 energy =     -934.5207416469 |dE/dxyz| =  0.001206
    7.48162322499529     -3.35549106300916     -3.88402537277557      ag
    8.13944071452748      4.10655563557392     -1.55446132964140      n
    7.39262078726012      1.81368986229647     -2.56539289889686      c
    9.02721247563751     -0.18615798252332     -2.21615643012362      n
   11.19560953090506      0.06573134306245     -0.95356932118906      c
   11.92129989031852      2.44285053581455      0.08430708454631      c
   10.32416586147547      4.41261091161103     -0.26403294743761      c
    5.39147432378163      1.59304303392417     -3.70435523009359      o
   12.69205309878457     -1.94098185589628     -0.70021711541228      n
   12.12428844796266     -3.64773537792615     -1.34278958768296      h
   14.27382344877720     -1.83090852063931      0.35218446255653      h
   13.67232188182252      2.67507250201699      1.10488549888623      h
   10.71070861266452      6.28853195702116      0.45390351581039      h
    6.92620379474727      5.56527399747282     -1.81184217656998      h
    5.88578664698598    -10.66186662225177     -6.45926328525731      n
    6.97212058220166     -8.54774518233532     -5.35861714290652      c
    5.65096519737774     -6.31667766313391     -5.62390546495876      n
    3.44292206941473     -6.19626183058702     -6.83713527897790      c
    2.35629687797034     -8.39960448126430     -7.94137500844922      c
    3.65410729835700    -10.59373145864993     -7.70098609053165      c
    8.97904978448304     -8.67001821952615     -4.22614568618865      o
    2.28099510835196     -3.97103202315072     -7.02619934959900      n
    2.99243628259400     -2.42737001424823     -6.14713020036273      h
    0.55476003172485     -3.86303778109913     -7.82006855209766      h
    0.57605109378308     -8.33257861168066     -8.93518342353176      h
    2.98225020886568    -12.36293996028354     -8.47751743607819      h
    6.86287440200707    -12.29644684347084     -6.26231571440097      h
  -.22036816065185D-03  0.23095796386774D-03  0.12560607985446D-03
  0.29904951821980D-03  0.18733756968103D-03  -.23624774394482D-03
  -.28124656013384D-03  -.10358898707530D-03  0.17147745119761D-03
  0.17369947996859D-03  0.80942414384833D-04  -.42219441432811D-03
  -.53287878150954D-04  -.18739875928997D-03  0.27166186027294D-03
  0.40668446121828D-04  0.10443065977683D-03  -.93208652866217D-04
  -.15685992589143D-03  -.92471771026226D-04  0.15154207811019D-03
  0.13671888895317D-03  -.18146808967501D-04  0.75704054189885D-04
  -.11966666513175D-03  -.38502301614507D-04  -.56965389307884D-04
  0.95223384600329D-04  -.44724947359853D-04  -.22597429907734D-04
  -.18904574434764D-04  0.20050125115717D-04  0.31323326775912D-04
  0.14899813098879D-04  -.19005749701151D-04  -.38243158287266D-04
  -.65713186225835D-05  -.79546036033662D-05  0.11518633006524D-04
  -.55028573225258D-04  -.37093484293926D-04  0.60304719316728D-04
  0.57696672564056D-05  -.95540686615436D-05  -.14607706756187D-03
  -.89852415739777D-04  0.71289201537539D-04  0.13831510412166D-03
  0.31101163605163D-03  0.17231419088493D-04  -.46961498060449D-03
  -.15522057205963D-03  -.12363660508896D-03  0.26364947879642D-03
  0.30314318303581D-04  -.17347508278975D-04  -.72138589791493D-04
  -.41886682141445D-04  -.18823390846023D-05  0.12801548968522D-03
  0.82331608197705D-05  -.50599731666878D-04  0.11451577335464D-03
  0.16086788213343D-03  0.16773481826604D-04  0.45779863738993D-04
  -.88765111464051D-04  -.19421808063136D-04  -.63285129880075D-04
  -.25977769986696D-04  -.53962889288162D-05  0.23062877873681D-04
  -.12990750777320D-05  0.28952297731033D-04  0.15426983845934D-05
  0.49792183243191D-05  0.15556746335577D-05  -.14917541297343D-04
  0.33499552377858D-04  0.17204801535442D-04  0.21470380748068D-04
  cycle =     21 MP2 energy =     -934.5207651082 |dE/dxyz| =  0.001925
    7.59265376675584     -3.43842875294613     -3.87735861098974      ag
    8.07576806638473      4.04166754391554     -1.60663677746629      n
    7.39736636479405      1.72200167537629     -2.60160900183384      c
    9.08216598978424     -0.23148123431507     -2.22769316017687      n
   11.22723539829494      0.08591118577135     -0.94063647411366      c
   11.87256939460386      2.48485037934250      0.09969070136599      c
   10.23455457106198      4.41265152253266     -0.28954055645131      c
    5.41040177962569      1.44098413009267     -3.75465710741150      o
   12.77733503136971     -1.87672693123223     -0.66387234782378      n
   12.25865674210163     -3.60128667756182     -1.29911364435815      h
   14.33338412407961     -1.72402121384868      0.42114567681517      h
   13.60918918871418      2.77167382933917      1.13079158152969      h
   10.56365927348478      6.30268487966586      0.41966961405866      h
    6.82670010468449      5.46584635250384     -1.88563760219820      h
    5.82329673039839    -10.69755780812404     -6.50339631018597      n
    6.97238950534861     -8.62242348422275     -5.39103302659427      c
    5.71014197861023     -6.35471775198964     -5.63267839910349      n
    3.48809805553502     -6.16878506247269     -6.81210322050827      c
    2.33064620498648     -8.33559864110123     -7.91699182350395      c
    3.57703993184354    -10.56314078862495     -7.71308707665503      c
    8.98006765368962     -8.80728670519600     -4.26990733497669      o
    2.37838768584097     -3.91424601212262     -6.96301270121231      n
    3.14735302921611     -2.39068332432016     -6.09530681005946      h
    0.64887349377736     -3.75465717321538     -7.74075003060773      h
    0.53998603508435     -8.21605586885067     -8.88685763635425      h
    2.84980777773960    -12.30852606358977     -8.49365493136202      h
    6.75573379996692    -12.35987371768824     -6.32316747118650      h
  -.37941103617189D-03  0.29614791577348D-03  0.25113081817718D-03
  0.41462584135976D-03  0.20572446155676D-03  -.29722088499362D-03
  -.60995953101828D-03  -.89351561863182D-04  0.45872333548536D-03
  0.47943572487319D-03  -.18906200846347D-03  -.65749846090002D-03
  -.98281881527384D-04  0.19370602961644D-05  -.11746568122639D-04
  -.35539495224945D-03  -.11575737754077D-03  0.56709999156546D-03
  -.11036849401069D-04  0.90543866502202D-05  -.17789084848197D-03
  0.26753076289765D-03  -.23286105287568D-04  0.26518688875043D-04
  0.15482267912148D-06  -.11087010907307D-03  -.57703513050011D-04
  0.89986672353826D-04  -.59229192519439D-05  -.19501763255159D-04
  -.46354747880173D-04  -.13479179709716D-04  0.58269460056160D-04
  0.91366370635448D-04  0.53386213836992D-04  -.26069843815524D-03
  -.34454319478350D-04  -.50017591211926D-04  0.62047502049190D-04
  -.59249991590349D-04  -.29099274445166D-04  0.85910847574144D-04
  0.85782602618156D-04  0.65237265397755D-04  -.20385979946846D-03
  -.56736848127681D-04  -.53782762833521D-04  0.16638186927009D-03
  0.37059587777000D-03  0.41039441714763D-03  -.65859754778219D-03
  -.20871013184376D-06  -.27301363552645D-03  0.32273498613655D-03
  -.54475258526310D-04  0.50862551087605D-04  0.27359694592555D-04
  -.16384515598489D-04  -.59657122932322D-04  0.74089124339594D-04
  -.51320097327334D-04  -.51425735538402D-04  0.20412102490397D-03
  0.17982844886077D-04  0.34976565919109D-04  0.78384228419104D-04
  -.19276912986310D-04  -.10845677115245D-03  -.13119853160282D-03
  -.37297178963058D-04  0.23823083750818D-04  0.66685750349293D-04
  0.22704614626612D-04  0.19366904513762D-04  -.39556315540423D-04
  -.24409806944625D-04  0.68077416592871D-07  0.18174490895362D-04
  0.14086125670776D-04  0.22030083703939D-05  0.47840584873504D-04
  cycle =     22 MP2 energy =     -934.5207056872 |dE/dxyz| =  0.005625
    7.89724055291767     -3.67298187035680     -3.84825161589739      ag
    7.89765693423792      3.83772709451390     -1.75651421103585      n
    7.40831942666048      1.45163219441185     -2.69534700274268      c
    9.22503820283633     -0.36496094809423     -2.25171385598566      n
   11.30074656401416      0.13539123131584     -0.91089244911679      c
   11.72820545576383      2.58815525700807      0.11504772899485      c
    9.98136723738939      4.39074128442516     -0.38251333738557      c
    5.46411451767911      1.00131264749858     -3.87475183792005      o
   12.99127066804666     -1.69668617292611     -0.56535473396585      n
   12.60520976514303     -3.46644295937451     -1.16658391516823      h
   14.47575095695042     -1.42436109898074      0.59419028064288      h
   13.41786336465438      3.02602916891333      1.17055002052423      h
   10.15396814517820      6.31433055465957      0.29023376748010      h
    6.55646164586088      5.16089919968272     -2.09910276599866      h
    5.64964027442124    -10.77344563573307     -6.62131008286247      n
    6.96605243074766     -8.81867747881461     -5.47340171545273      c
    5.87092705231272     -6.45907123885015     -5.64216870189243      n
    3.62479820156754     -6.08675022145944     -6.73002793360334      c
    2.28061595889976     -8.13869921268236     -7.84368951256759      c
    3.37770340306078    -10.45071775904486     -7.74456681399016      c
    8.96706671925200     -9.17852690066287     -4.38742946185614      o
    2.66680355135861     -3.75919099149165     -6.77204309845189      n
    3.58606370660474     -2.30333920748930     -5.92824892470060      h
    0.93899748408813     -3.45480566291492     -7.50886828617357      h
    0.47160355603246     -7.87048627203111     -8.74748284286471      h
    2.50375136210004    -12.11931230343393     -8.54243547894568      h
    6.45622453999879    -12.50498841097055     -6.49472770042781      h
  -.10121021471070D-02  0.84085021060698D-03  0.40108693879470D-03
  0.82608618729330D-03  0.38448014771930D-03  -.22599140787827D-03
  -.20624969581255D-02  -.15366182596743D-03  0.56256647314301D-03
  0.15698097706555D-02  -.11772823808034D-02  -.11082949820138D-02
  -.44125136892781D-03  0.38707293827578D-03  -.71484569006763D-03
  -.12096781686246D-02  -.70363068534363D-03  0.19842161737920D-02
  0.24486760855691D-03  0.26895793011761D-03  -.92062040734664D-03
  0.69980197866926D-03  -.54523548782281D-03  0.44156181324695D-04
  0.48992699260708D-03  -.28077745079091D-03  -.61280535098351D-04
  0.68523459441083D-05  0.21959060116927D-03  0.59695446005703D-04
  -.14728109364626D-03  -.12855416042812D-03  0.11089653072105D-03
  0.23667001615024D-03  0.21265698377793D-03  -.72943677603021D-03
  -.67888912280822D-04  -.13716496563099D-03  0.16645667657356D-03
  -.37009722955617D-04  -.17108197524429D-04  0.93887418341820D-04
  0.90198835299482D-04  0.29311596959580D-03  -.42632557620292D-03
  0.37281278471468D-03  -.57012206355811D-03  0.35493508647599D-03
  0.39593049029696D-03  0.16218737496230D-02  -.10168527536825D-02
  0.85000735555418D-03  -.10229409264264D-02  0.67191800547040D-03
  -.24550455644601D-03  0.43520779887321D-03  0.25249838280850D-03
  0.15112704793019D-03  -.27869230986077D-03  0.35999389720764D-04
  -.44492452764899D-03  0.58722994529248D-04  0.32026949797093D-03
  -.42285321320001D-03  0.84437708408203D-03  0.34410229904935D-03
  0.19800599991893D-03  -.72752553859878D-03  -.46005295409568D-03
  0.56137348058982D-05  0.21458833926369D-03  0.21521184668361D-03
  0.66986973314975D-04  -.20223209477754D-04  -.12682857365043D-03
  -.86206138714573D-04  0.14523135242861D-04  0.75431171354445D-04
  -.27501600010194D-04  -.33098640714435D-04  0.97202006126007D-04
  cycle =     23 MP2 energy =     -934.5207731640 |dE/dxyz| =  0.000885
    7.51774983468221     -3.40752091839811     -3.84176613554260      ag
    8.11032238784020      4.07762261266403     -1.57762198153147      n
    7.38657877361709      1.76775173975778     -2.56399724349371      c
    9.03669974884241     -0.21513508550233     -2.18909533471345      n
   11.20704251253497      0.07505426628435     -0.93793875986371      c
   11.91115632742631      2.47030453692319      0.07231069123608      c
   10.29768263423178      4.42194030586960     -0.30097099826943      c
    5.38846678166481      1.51911413480071     -3.70430570444431      o
   12.72473286957789     -1.91342260135935     -0.66645121156795      n
   12.16893794997934     -3.63249578727231     -1.28601954012740      h
   14.30943841505769     -1.77670211345334      0.37836167014235      h
   13.66421358426195      2.73282749238878      1.08201499876544      h
   10.66929246421190      6.31077811508605      0.39037994356329      h
    6.88989150262710      5.52519084357979     -1.86276065439984      h
    5.85983712336338    -10.67887390824682     -6.48976933976021      n
    6.96506456772244     -8.58740527152037     -5.36513149484803      c
    5.65939252457282     -6.34312966980646     -5.59612275953583      n
    3.45565631456507     -6.18721845446800     -6.81420733798105      c
    2.35209037354586     -8.36733483395687     -7.94772457720830      c
    3.63088350116157    -10.57535661553639     -7.73422232912718      c
    8.97368462418560     -8.73914087971397     -4.23957202657019      o
    2.31291764287811     -3.94986917627735     -6.97645866168489      n
    3.03841997802064     -2.42264476435720     -6.07813618283600      h
    0.59031290977622     -3.81607325588985     -7.77412553028288      h
    0.57399581642301     -8.27313646940430     -8.94317066104166      h
    2.94434122880658    -12.32886116670763     -8.53316773108220      h
    6.82465928619999    -12.32348878836584     -6.31773558915866      h
  -.61232008731427D-04  0.86859781054383D-04  0.82337992120873D-04
  -.68736896534194D-04  -.72220501021292D-04  -.82587058779726D-04
  0.91143895203594D-04  0.14889155221809D-03  0.24931788990212D-03
  0.10159579716440D-03  -.27035756501670D-03  -.20862935162524D-03
  -.26164903026427D-04  0.13538190070594D-03  -.90998140443332D-04
  -.15695815005401D-03  -.85751745124263D-04  0.27275204249122D-03
  0.94134622635966D-04  0.39898962734597D-04  -.14269551558233D-03
  -.44807630136035D-04  0.12535260601432D-03  -.47788460619813D-05
  0.31154262563504D-04  -.23471235027550D-04  0.52093505129136D-04
  -.16567180858296D-04  -.71569763178125D-04  -.53533221458180D-04
  0.31260628539087D-05  -.34255075681000D-05  -.16925115993160D-05
  0.27317206920507D-04  0.38953908340966D-04  -.68164752283550D-04
  -.92091679226858D-05  -.18243404139362D-04  0.20529630028854D-04
  0.90602313038701D-05  0.30456127785961D-04  0.77113738243817D-05
  0.12266028690355D-03  0.45311030449469D-04  0.52224688424252D-04
  -.11019589686834D-03  -.55754392028540D-04  -.10627514064954D-03
  0.22990162897996D-03  0.20803156542537D-03  -.42169205720199D-04
  -.78922446649088D-04  -.11017866386975D-03  0.12567563267396D-04
  0.99090822232029D-05  0.10132232610705D-05  0.15809987275794D-04
  -.44814752609312D-04  -.21089870395841D-04  -.39661182284156D-04
  0.48831013106820D-04  -.67845577907732D-04  0.14203012469594D-03
  -.21179925066761D-03  -.13997857828230D-03  -.19235806738127D-03
  0.76754262693379D-04  0.10193906527345D-03  0.10042164523316D-03
  -.10319523572555D-04  0.94594362733957D-05  0.29319371840142D-04
  0.45529855432491D-05  -.13337267270874D-04  0.23150568613239D-05
  -.53615828612408D-05  -.39017933755048D-05  0.15204534159263D-04
  -.50523339067965D-05  -.14423689513876D-04  -.21092725693395D-04
  cycle =     24 MP2 energy =     -934.5208086774 |dE/dxyz| =  0.001379
    7.60478247702566     -3.47453232507965     -3.83334905823154      ag
    8.05596969253516      4.02347102325793     -1.61116141817440      n
    7.38826003738658      1.69386580749807     -2.58837660057257      c
    9.07795702149317     -0.25157835833220     -2.19507488116889      n
   11.23231932517251      0.09141114704772     -0.92969618172223      c
   11.87637851872154      2.50518810055379      0.07639263803845      c
   10.22566934177106      4.42067253695605     -0.31950220539384      c
    5.40255410197955      1.39820394110028     -3.74115006966723      o
   12.79222958247267     -1.86149164932921     -0.64069569976634      n
   12.27418725582716     -3.59515641064624     -1.25114026357618      h
   14.35974011778909     -1.68909755127619      0.42469687803311      h
   13.61954120596896      2.81155363102397      1.09081130269296      h
   10.55132432584958      6.32010964204202      0.36581107054288      h
    6.80392365932602      5.44169793120341     -1.90666355239395      h
    5.80577301338927    -10.70807137115737     -6.51708327018050      n
    6.96281741311596     -8.64708374495798     -5.38717076142845      c
    5.70500309998654     -6.37409424763897     -5.60033925996413      n
    3.49350647836644     -6.16478205595074     -6.79653730896425      c
    2.33463392821371     -8.31524503772583     -7.93195085191352      c
    3.56854798286880    -10.55075066807366     -7.74094472284185      c
    8.97376774165766     -8.84763071252256     -4.27460967326736      o
    2.39528341314663     -3.90393220976597     -6.93322658215877      n
    3.16429408425100     -2.39270951490769     -6.04259442719116      h
    0.67272094936141     -3.72882856373249     -7.72295583206954      h
    0.55194866421956     -8.17798109153209     -8.91411369939774      h
    2.83820449073965    -12.28496631608947     -8.54317645957215      h
    6.73212375514162    -12.37546764484712     -6.35360359105460      h
  -.16812705586844D-03  0.10513458815664D-03  0.18111800034948D-03
  0.50386769884891D-04  -.33163399438152D-04  -.20036055932038D-03
  -.16106828541096D-03  0.95095852279847D-04  0.47413708000965D-03
  0.20951108655276D-03  -.33117003364902D-03  -.41216113090359D-03
  -.32420116472309D-04  0.10233905175649D-03  -.13995771041753D-03
  -.31982589652735D-03  -.16253894163532D-03  0.55362945564852D-03
  0.14891339765777D-03  0.70753681804092D-04  -.25143807864225D-03
  0.10853488511131D-03  0.12708620403945D-03  -.77019675517320D-04
  0.59307837217304D-04  -.10324690155272D-04  0.23994829414509D-04
  -.12370070569312D-04  -.21217446592559D-04  -.40118382923060D-04
  -.58699704093002D-05  -.20157077737032D-04  0.20670326770222D-04
  0.78265175670111D-04  0.78679774908608D-04  -.20623022516508D-03
  -.27489320175489D-04  -.38295426808332D-04  0.55418762288983D-04
  -.19749771927202D-04  0.10524825641234D-04  0.72810181126481D-04
  0.20586753649154D-03  0.85525890698435D-04  -.77998418865022D-04
  -.15942473688257D-03  -.11639990804557D-03  0.63069488943857D-04
  0.29819045429402D-03  0.39518804737093D-03  -.21076297946943D-03
  -.36103621733119D-04  -.80507139855968D-04  0.92585338370199D-04
  -.49537022668744D-04  0.14136575822721D-04  0.91544198858706D-04
  -.64479789843475D-04  -.37098781390910D-04  -.28905304176874D-04
  0.48426332853069D-04  -.27076389757852D-04  0.81491866167127D-04
  -.18389953352305D-03  -.18562508326259D-03  -.12750748954016D-03
  0.87154577156801D-04  -.55317773925978D-05  0.15651103268066D-04
  -.26915476192713D-04  0.20526477181315D-04  0.37059379690785D-04
  0.33163511335310D-04  -.81768270280558D-05  -.58332771985192D-04
  -.12870026607548D-04  -.97676342392106D-06  0.14746780524266D-04
  -.47571215651576D-04  -.26731572760674D-04  0.52865664793011D-04
  cycle =     25 MP2 energy =     -934.5188439295 |dE/dxyz| =  0.013225
    8.23290231600764     -3.95994320734061     -3.77150645084342      ag
    7.68382466143297      3.55815380080928     -1.91574932482448      n
    7.41879652669384      1.11610547383440     -2.78867252651995      c
    9.36093547148268     -0.53458547779928     -2.24671845523395      n
   11.35972407385476      0.18127084263335     -0.88567048594123      c
   11.56316032489245      2.69236950827754      0.06478235361574      c
    9.68467209796302      4.32726405819508     -0.52133463986409      c
    5.54684701481005      0.48117196575633     -4.00809741483398      o
   13.19093353039246     -1.48880132422365     -0.45172594665863      n
   12.94722988628808     -3.30467299031494     -0.98095488251606      h
   14.60308136201744     -1.06937126549123      0.75379979618979      h
   13.19631731613651      3.30588094055834      1.12173529135552      h
    9.68084578892873      6.27776556029252      0.09317880348640      h
    6.24234565158148      4.75165613298993     -2.32180703338432      h
    5.43885746218330    -10.82238344737599     -6.72833790388968      n
    6.94274586447171     -9.02259783698498     -5.55335988493023      c
    6.03822984362270     -6.57980715546175     -5.61201675230854      n
    3.80075390018229     -5.98373833388757     -6.61737368493774      c
    2.26523963090888     -7.87989840178964     -7.76182652156515      c
    3.17091652328727    -10.27547182186668     -7.77029379108570      c
    8.93808472761454     -9.57728906841742     -4.54609030631867      o
    3.03123376822744     -3.58995456928970     -6.54000137936119      n
    4.09840838064166     -2.22752782637203     -5.70709860904026      h
    1.32853970480972     -3.12123952448777     -7.24866273621052      h
    0.46514002102729     -7.43347570332694     -8.61153037038123      h
    2.14143159888754    -11.83769540729342     -8.59759152920958      h
    6.09226422943051    -12.62041063450535     -6.66448009615263      h
  -.20160327619880D-02  0.20245740469402D-02  0.42471059458160D-03
  0.15960565121729D-02  0.12422566975392D-02  0.10401142479577D-04
  -.52305608297130D-02  -.14760180772013D-02  -.60132046787165D-03
  0.27190525408720D-02  -.21140423440817D-02  -.10229112306801D-02
  -.84711934835902D-03  -.98888302923150D-04  -.99814308605417D-03
  -.12604916161303D-02  -.87050746752571D-03  0.24334742237322D-02
  0.64134824430795D-04  0.29288436715724D-03  -.11972723877136D-02
  -.70632783035762D-05  -.48553303315675D-02  -.20676336816106D-02
  0.97540191143430D-03  -.26993767280725D-03  -.19121987311710D-03
  -.15982537331038D-03  0.82130907917755D-03  0.26345308750653D-03
  -.23680029810347D-03  -.25600754107780D-03  0.18009932501073D-03
  0.32970266182542D-03  0.29508724302252D-03  -.10477175312982D-02
  -.93114428539265D-04  -.17367574252525D-03  0.28174144119308D-03
  -.44731098928885D-04  -.17847731221643D-03  0.22883880174795D-03
  -.30425406488865D-03  0.55329068648113D-03  -.11505042642352D-02
  0.11437265410148D-02  -.14172884505461D-02  0.13870087626655D-02
  -.17484726258221D-03  0.27314674606519D-02  -.11959316655107D-02
  0.32222578061969D-02  -.23258287888646D-02  0.15420848650693D-02
  -.52113104342588D-03  0.13737611037432D-02  0.56242061826950D-03
  0.61667911270469D-03  -.58622092886829D-03  0.27868496504002D-03
  -.11224083610557D-02  0.71476148606209D-03  -.43708690575706D-03
  0.89154691718107D-03  0.52187207006469D-02  0.24398466601081D-02
  0.44632612646911D-03  -.13401986169104D-02  -.63789058627961D-03
  0.18280220024902D-03  0.76309556905407D-03  0.45611336433726D-03
  0.11907147133794D-03  -.39832486777414D-04  -.33941648803060D-03
  -.12193997063248D-03  0.65809790090299D-04  0.54726420533502D-04
  -.16643892864998D-03  -.94764038085948D-04  0.34344391129475D-03
  cycle =     26 MP2 energy =     -934.5208193264 |dE/dxyz| =  0.001206
    7.62055251280499     -3.48950057473724     -3.82757047231831      ag
    8.04218476877685      4.01069092168208     -1.61243446771095      n
    7.38520541982579      1.67671266718112     -2.58629489558826      c
    9.08387940819380     -0.26017029319037     -2.19108083667577      n
   11.23798899624201      0.09510405019559     -0.92852945823564      c
   11.87231174632634      2.51381303617424      0.07182972568655      c
   10.21150253302229      4.42053304203739     -0.32407812657770      c
    5.40006036272804      1.37022311614353     -3.73742293883236      o
   12.80720316054549     -1.84988302583091     -0.63715055125766      n
   12.29546221321071     -3.58725655963426     -1.24179937200979      h
   14.37426321026068     -1.66842346207644      0.42739347170685      h
   13.61479700054618      2.82978956390776      1.08445303162326      h
   10.52900913663818      6.32273875830756      0.35738353021804      h
    6.78301799106190      5.42237423824026     -1.90892890930974      h
    5.79274901235217    -10.71441881277062     -6.51992053467945      n
    6.96011101618093     -8.65980199318407     -5.38868466495210      c
    5.71183976790131     -6.38137091752012     -5.59785631382879      n
    3.50171516130837     -6.16011271259959     -6.79423964337753      c
    2.33250949782814     -8.30396002307938     -7.93161655590068      c
    3.55586413456169    -10.54544502402402     -7.74279622210735      c
    8.97139359121193     -8.87004813239412     -4.27882748173637      o
    2.41472432319700     -3.89396127471618     -6.92920158341223      n
    3.19141908962257     -2.38631049042214     -6.03936076864195      h
    0.69420356949543     -3.70978882491314     -7.72130064529440      h
    0.55046914080865     -8.15726377017425     -8.91360235613764      h
    2.81743355756166    -12.27532240422301     -8.54699468235830      h
    6.71159135556386    -12.38616681126186     -6.35877275965551      h
  -.16665668806581D-03  0.10158313413422D-03  0.16024729784569D-03
  0.91135917167584D-04  -.16083658959332D-04  -.17139718528458D-03
  -.21752167525135D-03  0.36033638978417D-04  0.37586858277239D-03
  0.11807807064379D-03  -.24391124022394D-03  -.40162143630873D-03
  -.10607308439603D-04  0.45643581227495D-04  -.12778026101934D-03
  -.27355246868943D-03  -.15531310305050D-03  0.48013369993161D-03
  0.10404250895268D-03  0.67824665073601D-04  -.19165676971955D-03
  0.18934248482694D-03  0.10178381585479D-03  0.12744579471757D-05
  0.58612717547035D-04  -.17101262356434D-04  0.27551708855711D-04
  -.28568677093999D-05  0.32925958331376D-04  -.17459129195263D-04
  -.89094569855064D-05  -.22944630092475D-04  0.15867427521243D-04
  0.65028616973883D-04  0.68554322931957D-04  -.18795471608746D-03
  -.15613508886680D-04  -.28566253419626D-04  0.35013505045534D-04
  -.16851600197931D-04  -.15211082304845D-05  0.71076356058963D-04
  0.17870055194136D-03  0.90615692656115D-04  -.12023879010359D-03
  -.12372487204981D-03  -.10502635145482D-03  0.10944896048937D-03
  0.21437479727693D-03  0.36812201659697D-03  -.20841670981664D-03
  -.15682453263111D-04  -.40308097857711D-04  0.11860167128752D-03
  -.48324895091767D-04  0.29662777490447D-04  0.94489700599887D-04
  -.70049973530217D-04  -.43775138818702D-04  0.10256193687219D-04
  0.22910205981219D-04  0.12292666282221D-04  0.34007235178990D-04
  -.76577025103219D-04  -.16999376161397D-03  -.58805213972946D-04
  0.48705085629486D-04  -.10239352008590D-03  -.70382310752404D-04
  -.20115721906855D-04  0.13262296628458D-04  0.26271945612777D-04
  0.32936743860290D-04  -.47742886225277D-05  -.64823947637294D-04
  -.69024831130804D-05  0.33574562099403D-05  0.55292145528796D-06
  -.49921036709311D-04  -.19949853894197D-04  0.59874546818939D-04
  cycle =     27 MP2 energy =     -934.5208244423 |dE/dxyz| =  0.001205
    7.62797325722492     -3.49632847526760     -3.82511512559306      ag
    8.03938956342761      4.00661606775056     -1.61953460410304      n
    7.38710705753274      1.67058884921352     -2.59149044910021      c
    9.08729485679442     -0.26375709145268     -2.19062198664975      n
   11.23933416390010      0.09619530235406     -0.92587462782334      c
   11.86910782966311      2.51710133707474      0.07202775994765      c
   10.20619803975013      4.42102278155729     -0.32840720817403      c
    5.40440824247851      1.36039569454717     -3.74602731104307      o
   12.81087258933771     -1.84623317260478     -0.62997173905455      n
   12.30203604310579     -3.58508251171468     -1.23270931259393      h
   14.37576255839901     -1.66151956437292      0.43721138577530      h
   13.60977536586851      2.83670748267287      1.08663810908481      h
   10.51980838523233      6.32437243941404      0.35165483701392      h
    6.77915274565785      5.41640945933638     -1.92046365426531      h
    5.78964072765770    -10.71625267622775     -6.52604392901797      n
    6.96102596088986     -8.66485712063668     -5.39298697927329      c
    5.71512465302996     -6.38467172356653     -5.59677112026392      n
    3.50379110563257     -6.15862521821010     -6.79004623582873      c
    2.33077303824405     -8.29915304932915     -7.92981984053270      c
    3.55161573816686    -10.54244028536231     -7.74613345467221      c
    8.97354663658074     -8.87922732416338     -4.28627192386625      o
    2.41897651931379     -3.89109965461527     -6.91911883784311      n
    3.19877304419529     -2.38544775002938     -6.02847206614043      h
    0.69787222645134     -3.70365369518297     -7.70917986315153      h
    0.54768875374663     -8.14870132163163     -8.90934294827313      h
    2.80989970269992    -12.27015650283477     -8.55195886500154      h
    6.70651287279553    -12.38942798960024     -6.36857449092035      h
  -.17093790029588D-03  0.92194072783602D-04  0.16598184340166D-03
  0.10046717680590D-03  -.99312014096853D-05  -.16977757625436D-03
  -.23947757946474D-03  0.23131917659569D-04  0.38673484389395D-03
  0.12601212919217D-03  -.23558539165913D-03  -.38511306120315D-03
  -.16774888715432D-04  0.44791106349251D-04  -.12798306687056D-03
  -.27641900228481D-03  -.14826449549377D-03  0.46891452694542D-03
  0.10555916097088D-03  0.68844189668127D-04  -.19431623810817D-03
  0.21349325474773D-03  0.10680796103646D-03  -.22095028457514D-04
  0.63224278719076D-04  -.23218006425019D-04  0.20925336456479D-04
  -.91243118838236D-06  0.38167628819252D-04  -.13862901073303D-04
  -.11596638618272D-04  -.24730687545105D-04  0.20356058519688D-04
  0.66556306957288D-04  0.68594406444245D-04  -.19091991492770D-03
  -.25690548876023D-04  -.32246249093149D-04  0.49432438563812D-04
  -.12646590257681D-04  -.11592297255447D-06  0.60628158011999D-04
  0.16875056388987D-03  0.85537847960282D-04  -.12589321520773D-03
  -.11831297243470D-03  -.10464224051088D-03  0.13266511872256D-03
  0.20030393461434D-03  0.36711246321941D-03  -.21526714214981D-03
  0.23190052562683D-05  -.35029959041033D-04  0.10707581943059D-03
  -.48662338395289D-04  0.26603575025763D-04  0.96730320160887D-04
  -.54246915331291D-04  -.38581603790888D-04  -.11590458853128D-04
  0.23698821078000D-04  0.15129898930155D-04  0.17836336976274D-04
  -.73388970520227D-04  -.15690859035011D-03  -.48722704450554D-04
  0.35935375521046D-04  -.11645881208366D-03  -.67669106611490D-04
  -.24447314521225D-04  0.12588829870763D-04  0.34722495768857D-04
  0.30506084368831D-04  -.46639901259971D-05  -.61307164826996D-04
  -.12368796443063D-04  0.11719257750897D-05  0.96716763606786D-05
  -.50943528643987D-04  -.20298811013397D-04  0.62842387380135D-04
  cycle =     28 MP2 energy =     -934.5208492173 |dE/dxyz| =  0.001089
    7.66682703820525     -3.53269250823367     -3.81129229858964      ag
    8.01167296779528      3.97867642847226     -1.63331798096336      n
    7.38460305681031      1.63234909659347     -2.59624099102623      c
    9.10272021957285     -0.28351129564135     -2.18439164165258      n
   11.25089396384783      0.10455849029368     -0.92137182677985      c
   11.85685233434014      2.53664568482600      0.06378695177324      c
   10.17426299662685      4.42149032749239     -0.34443824351776      c
    5.40605725870620      1.29837124752224     -3.75229259917093      o
   12.84178442662202     -1.82050882191334     -0.61554001288110      n
   12.34763987181944     -3.56785828455672     -1.20530225354292      h
   14.40300668274460     -1.61556237382034      0.45335120929501      h
   13.59377539299499      2.87818911748969      1.07768915516518      h
   10.46795219962246      6.33095983250759      0.32728778361736      h
    6.73736920446032      5.37419902882539     -1.94157771926208      h
    5.76175284062984    -10.73040863078109     -6.53866631949299      n
    6.95564898879985     -8.69606293537408     -5.39775414987859      c
    5.73207050598790     -6.40292986055366     -5.58924006586241      n
    3.52211549651764     -6.14816405030035     -6.77950033708314      c
    2.32694631930707     -8.27128877506006     -7.92904104163883      c
    3.52502644726540    -10.52775221349067     -7.75658177336187      c
    8.96727738880560     -8.93542715358751     -4.29511243404668      o
    2.45926661821326     -3.86954085827430     -6.89471392889574      n
    3.25503206713485     -2.37410406089636     -6.00006179843313      h
    0.74197485724402     -3.66093866166283     -7.68772900793234      h
    0.54459164563129     -8.09822991133343     -8.90615534366155      h
    2.76484084601606    -12.24407884809565     -8.56951902532217      h
    6.66150004205568    -12.41360572332950     -6.38967878821866      h
  -.15444518605623D-03  0.72502244609751D-04  0.12525988714529D-03
  0.12604305580233D-03  0.13914032995999D-04  -.11432010258217D-03
  -.28361358481477D-03  -.11785824510113D-04  0.29902767211443D-03
  0.14124320397513D-03  -.19001986641110D-03  -.30671638557145D-03
  -.49195252554313D-04  0.56707698620428D-04  -.12893610135389D-03
  -.23629446631368D-03  -.15251302001307D-03  0.40487887534901D-03
  0.89145859546669D-04  0.77822539964245D-04  -.19391062453522D-03
  0.24010456315438D-03  0.10852626253133D-03  0.12888810234202D-04
  0.91024780660476D-04  -.31076080825976D-04  0.18865615836638D-04
  -.12329643691911D-04  0.51233592778033D-04  -.17741616442635D-05
  -.11584565595690D-04  -.25879216943636D-04  0.12061294313526D-04
  0.59732629011933D-04  0.55100486909820D-04  -.17281719239115D-03
  -.29906627850185D-04  -.32500279004033D-04  0.55072001954315D-04
  -.20486255842833D-04  -.58451973643514D-05  0.62339728263305D-04
  0.12300140259347D-03  0.77112988988048D-04  -.13538902579580D-03
  -.51795394595100D-04  -.11391315988885D-03  0.15869218903619D-03
  0.12120633541368D-03  0.34236424067680D-03  -.19965425709678D-03
  0.61696974285042D-04  -.58466836547755D-04  0.81117713845558D-04
  -.57334909199014D-04  0.29327640287569D-04  0.92446327685458D-04
  -.13235482009932D-04  -.41640990398051D-04  -.25986039321246D-04
  -.12857136752586D-04  0.35248268098087D-04  -.39315098909753D-06
  -.91152545932616D-04  -.10088082617976D-03  -.12351941356847D-04
  0.25104199209203D-04  -.14282073226912D-03  -.93755215742508D-04
  -.13731566549602D-04  0.93435020751542D-05  0.24795028485958D-04
  0.29838990622366D-04  -.83190034657482D-06  -.57729618961222D-04
  -.16897135519223D-04  -.11037192946262D-05  0.20296531239250D-04
  -.53282655544606D-04  -.19926120384817D-04  0.75991832451217D-04
  cycle =     29 MP2 energy =     -934.5177165787 |dE/dxyz| =  0.016202
    8.25892158051100     -4.08276660451257     -3.60821892783108      ag
    7.60706773306392      3.47824233882368     -1.89144772549948      n
    7.36884185563060      1.00965320918641     -2.69808142229396      c
    9.32528721597544     -0.60336325925078     -2.10818120767026      n
   11.37203428135170      0.20158705053306     -0.87343848916755      c
   11.60576698417506      2.76823281628064     -0.09579958420554      c
    9.66197863009051      4.34157503467473     -0.63807646442067      c
    5.48581965169921      0.32030776754490     -3.87227790495839      o
   13.22513980595121     -1.43492427769716     -0.40707647461458      n
   12.96249211859931     -3.28385098334265     -0.79334464531984      h
   14.69685379194159     -0.92848233179575      0.68871346956379      h
   13.25340892997590      3.43513605713690      0.90559097990506      h
    9.65219843872442      6.31730427176594     -0.10944082037021      h
    6.14753463235359      4.64049597248430     -2.32335385225593      h
    5.35610949807973    -10.84847945252336     -6.72958009183123      n
    6.87518897516412     -9.10716560864393     -5.48559884038168      c
    6.00061226036082     -6.65460019792792     -5.46873269731477      n
    3.83654422370924     -5.96972637337319     -6.57426203763494      c
    2.31907798131414     -7.79551428649917     -7.85143968983559      c
    3.16205735244187    -10.21392927162803     -7.87307758310260      c
    8.85115385282301     -9.72112191670927     -4.47571335336199      o
    3.11813343074440     -3.56071078299349     -6.46349862445905      n
    4.15340208481676     -2.24222626868736     -5.52224419823299      h
    1.47738177167657     -3.03612091820860     -7.27199534477431      h
    0.56636632239542     -7.28363635653260     -8.76111682789664      h
    2.13345697029398    -11.72879829395002     -8.78527372505716      h
    5.99063130391347    -12.65434304703691     -6.73043839834215      h
  -.90052045283961D-03  0.17589430581717D-02  -.43807448033517D-03
  0.12602589652575D-02  0.16089459207365D-02  0.14154593248218D-02
  -.48625941212186D-02  -.21609364196040D-02  -.34384834704562D-02
  0.21997184613024D-02  -.10340324465954D-02  0.14104135050671D-02
  -.12642929156588D-02  -.21777250529276D-03  -.43560641197438D-03
  0.54577924490395D-03  -.12224487130608D-03  -.38506268037075D-03
  -.62000754361136D-03  0.22413141888222D-04  -.37167008705996D-03
  -.15528340472173D-02  -.71200796993445D-02  -.32152562682146D-02
  0.94750628458229D-03  -.25265339539970D-03  -.11452086435337D-03
  -.24543984291339D-03  0.74184722083626D-03  0.31460071234579D-03
  -.12429606068576D-03  -.11754142098264D-03  -.27734097832521D-04
  -.51224871355338D-04  -.16703396712359D-03  0.13347064340952D-03
  -.19064567488847D-04  -.13511183900583D-04  0.79264129410728D-04
  -.40430020362692D-04  -.24690460143528D-03  -.56646176977981D-05
  -.14066827128932D-02  0.27701381739931D-03  -.78291865381352D-03
  0.22561091016535D-02  -.13680196993819D-02  0.10247340673684D-02
  -.18760970020777D-02  0.11838481733474D-02  -.22871904540445D-03
  0.40433662819268D-02  -.29934164187564D-02  0.11021839628800D-02
  -.47795204735834D-03  0.14914841539040D-02  0.15189424512307D-03
  0.12593426701244D-02  -.57433786873240D-03  0.26603345073095D-03
  -.15746474285301D-02  0.98512378202464D-03  -.77169305814451D-03
  0.17813910113222D-02  0.80863522506576D-02  0.39252765811382D-02
  0.40165036123430D-03  -.51182742007505D-03  -.17026099313666D-03
  0.43375827531111D-03  0.80326447936407D-03  0.29250903773104D-03
  -.61623977822833D-05  0.82757211381512D-05  -.12871145681714D-04
  -.10033186972658D-03  0.38438426819276D-04  0.94429907307791D-04
  -.63026851262471D-05  -.10563811565856D-03  0.18826636408986D-03
  cycle =     30 MP2 energy =     -934.5208602815 |dE/dxyz| =  0.000840
    7.67949062175684     -3.54725696619649     -3.80260606683112      ag
    8.00358871780000      3.96943891483612     -1.64191480589168      n
    7.38392943027510      1.61842712600835     -2.59786732000734      c
    9.10682082693175     -0.29136891933345     -2.17886292202510      n
   11.25397603913859      0.10721323749916     -0.91729360721216      c
   11.85371438554305      2.54465729213860      0.05842457861663      c
   10.16518082720522      4.42301617006650     -0.35503794860999      c
    5.40611535907173      1.27544603269061     -3.75296783912641      o
   12.85023974537030     -1.81224189608068     -0.60483372276513      n
   12.36018880476879     -3.56324218327434     -1.18701967921371      h
   14.41061452115938     -1.59924343898845      0.46375049607115      h
   13.58892284541381      2.89406697658161      1.07261537944925      h
   10.45371594638816      6.33580086463608      0.30947623641608      h
    6.72611430184858      5.36062123338296     -1.95663278646755      h
    5.75345840125753    -10.73487564704683     -6.54752347250711      n
    6.95441175329440     -8.70748405221056     -5.40141298672402      c
    5.73651824389677     -6.41069500562734     -5.58351471849169      n
    3.52693869557821     -6.14521006174613     -6.77227516267488      c
    2.32519667545905     -8.26115561152435     -7.92834903064977      c
    3.51679058198065    -10.52162496867360     -7.76370390148969      c
    8.96675700039494     -8.95583173712225     -4.30222123545490      o
    2.47078827746404     -3.86318676749510     -6.87956090437333      n
    3.27107709193549     -2.37201103227898     -5.98136211646155      h
    0.75483676507787     -3.64713935356297     -7.67351111881257      h
    0.54259088659185     -8.07986963699812     -8.90351615549192      h
    2.75159413315543    -12.23291048722012     -8.58255972117430      h
    6.64989079901947    -12.42056579534246     -6.40712394946091      h
  -.12940636846537D-03  0.54148676912114D-04  0.87708894532801D-04
  0.98814478494802D-04  0.15750873810561D-04  -.69828578868059D-04
  -.21300109755140D-03  -.14245041284333D-04  0.18046588845833D-03
  0.10782003057408D-03  -.13502815526767D-03  -.24254867274909D-03
  -.43213152107313D-04  0.16025697842537D-04  -.76306618051802D-04
  -.17297885311685D-03  -.11042890257107D-03  0.29885273993191D-03
  0.52949829707938D-04  0.50983769439128D-04  -.12285380704036D-03
  0.21460523370465D-03  0.10785496498400D-03  0.68767227869415D-04
  0.72761632573304D-04  -.50485408804590D-05  0.21901709614802D-05
  -.14578511796537D-04  0.45094514916855D-04  0.90249901774087D-07
  -.10312437247251D-04  -.22331768378514D-04  0.13389969151234D-04
  0.44872371526061D-04  0.39574573108769D-04  -.13189782079515D-03
  -.17643668668743D-04  -.21506504181090D-04  0.31166753022394D-04
  -.11764452797713D-04  -.39269206490999D-05  0.37821209596833D-04
  0.96175805490928D-04  0.63429220261924D-04  -.11837472337417D-03
  -.28997403934916D-04  -.93651886402313D-04  0.13644686590952D-03
  0.78442318719230D-04  0.28313774800526D-03  -.17501422311272D-03
  0.45742506003421D-04  -.21880570145072D-04  0.65749673194837D-04
  -.42147191825492D-04  0.17546319673184D-04  0.60948918756409D-04
  -.31798210837763D-04  -.36555208954070D-04  0.17992100186603D-04
  -.18068350428280D-04  0.34875069340856D-04  0.26698127264524D-05
  -.62292121084440D-04  -.12592571828307D-03  -.11369376285764D-04
  0.17674955765656D-04  -.12910814442701D-03  -.84244604336980D-04
  -.13528646028327D-04  0.21576577895477D-05  0.15683319809945D-04
  0.23685666786122D-04  0.15920732646460D-06  -.46402418686586D-04
  -.69003737497297D-05  0.12520682259876D-05  0.43032291672240D-05
  -.36914388485521D-04  -.12353165388390D-04  0.54593546859216D-04
  cycle =     31 MP2 energy =     -934.5208743584 |dE/dxyz| =  0.000633
    7.69666440393733     -3.56722089833694     -3.79036043376089      ag
    7.99215784459615      3.95670314678358     -1.65315627930457      n
    7.38310763655169      1.59972118747096     -2.60064621494199      c
    9.11230928752039     -0.30195098933440     -2.17172210493589      n
   11.25799005600763      0.11089773719914     -0.91214068222858      c
   11.84889960053807      2.55530738556366      0.05143530902164      c
   10.15237310284416      4.42485322065350     -0.36910560300215      c
    5.40741122419526      1.24516084411462     -3.75653504928125      o
   12.86144753280844     -1.80104449170334     -0.59054705514583      n
   12.37718343723257     -3.55682275772349     -1.16300040299075      h
   14.42058221717896     -1.57723881418656      0.47766616269476      h
   13.58210887420848      2.91557830178278      1.06528226416597      h
   10.43310290021701      6.34165026713817      0.28715303918823      h
    6.70972213500382      5.34163674795807     -1.97525187845701      h
    5.74172326709406    -10.74116061657533     -6.55872208228492      n
    6.95228931433909     -8.72345724135992     -5.40536203623097      c
    5.74278792678518     -6.42144425924834     -5.57535723213103      n
    3.53422129017040     -6.14102384105825     -6.76287956479708      c
    2.32382230051635     -8.24687312765226     -7.92848824803848      c
    3.50609138663442    -10.51295697387028     -7.77405281232963      c
    8.96509008806937     -8.98446144312917     -4.31011641973650      o
    2.48750013308559     -3.85419276107604     -6.85968088186051      n
    3.29385421144160     -2.36898813608797     -5.95627143058007      h
    0.77367722598353     -3.62773068639681     -7.65532614076200      h
    0.54144540575928     -8.05405482756115     -8.90186085567366      h
    2.73354087486393    -12.21741538317209     -8.60022172780442      h
    6.63235800019424    -12.43069730307436     -6.42813612015615      h
  -.97434266940866D-04  0.30847263922773D-04  0.51646912694547D-04
  0.66992154824419D-04  0.75043774661054D-05  -.34144308786122D-04
  -.14440214577194D-03  -.89864054091393D-05  0.13365204768023D-03
  0.86223131348540D-04  -.83788853276534D-04  -.15631282739337D-03
  -.51017267459486D-04  0.29105191427625D-04  -.56692417127024D-04
  -.12619967199790D-03  -.80002639645915D-04  0.21474846268177D-03
  0.48211937847764D-04  0.44213925955106D-04  -.11498068783578D-03
  0.18140943215172D-03  0.12011766295039D-03  0.69710316957128D-04
  0.78399361088444D-04  -.10277131993419D-04  -.21458910404171D-05
  -.18682224495858D-04  0.28494417620095D-04  0.28842225585635D-06
  -.10561638306150D-04  -.18867819510993D-04  0.13989332938280D-04
  0.33291186082529D-04  0.25595255511490D-04  -.95567483185288D-04
  -.17854842946807D-04  -.16990517575977D-04  0.28720485002687D-04
  -.12558116257999D-04  -.39463073990831D-05  0.29790583818912D-04
  0.69004937373496D-04  0.46367097164435D-04  -.80211353725268D-04
  -.15481935608186D-04  -.76219978528691D-04  0.97153162083252D-04
  0.40307294478126D-04  0.21173719857770D-03  -.13201178492461D-03
  0.24879263472499D-04  -.26898367506689D-04  0.53958151412736D-04
  -.27631248137538D-04  0.48229858797544D-05  0.39863297303100D-04
  -.12122178824292D-04  -.20125413193739D-04  -.89507655358645D-05
  -.11408406820124D-04  0.23212697833230D-04  0.57753755982048D-05
  -.72792864564519D-04  -.11643201346523D-03  -.32553469826446D-04
  0.18315977145633D-04  -.96293790823765D-04  -.58048336502026D-04
  -.80047654362758D-05  -.31671788938148D-05  0.90114987112422D-05
  0.16502022463172D-04  0.11284291509192D-05  -.30639159030788D-04
  -.87373588435469D-05  -.10001026797823D-05  0.10649003123309D-04
  -.28648153806987D-04  -.10150132768061D-04  0.43301168271226D-04
  cycle =     32 MP2 energy =     -934.5209052373 |dE/dxyz| =  0.000278
    7.74693941637970     -3.62260609202900     -3.75932148235916      ag
    7.95911283480971      3.91914643984908     -1.68420648624108      n
    7.38107303723275      1.54611072067652     -2.60928412697811      c
    9.12893902740737     -0.33168505454919     -2.15429767979415      n
   11.26929680503909      0.12098780221982     -0.89904600777771      c
   11.83292165194826      2.58359288974495      0.03401476461408      c
   10.11350669703370      4.42763297032071     -0.40543911438923      c
    5.41154538462081      1.15859938654789     -3.76696930106710      o
   12.89408670660396     -1.76858690529405     -0.55392225439003      n
   12.42773299935058     -3.53704768131002     -1.10125320925271      h
   14.44898576838651     -1.51460336397334      0.51380290557675      h
   13.55912444127072      2.97407924929524      1.04873224812826      h
   10.37113630734446      6.35494981779070      0.22916823660699      h
    6.66274755543262      5.28609216567071     -2.02691190072024      h
    5.70761275209088    -10.75798882284292     -6.58775774425637      n
    6.94673210069772     -8.76726995079261     -5.41712318619133      c
    5.76246100322246     -6.45050059524837     -5.55540463398653      n
    3.55655125674410     -6.12821371389088     -6.73807832393284      c
    2.31962007572801     -8.20613128538966     -7.92625776839648      c
    3.47406533962129    -10.48816582425630     -7.79827305324966      c
    8.96088280070645     -9.06359820541607     -4.33393988237610      o
    2.53772712289037     -3.82792639432667     -6.80730430557112      n
    3.36248917656791     -2.35907111923820     -5.89191244346935      h
    0.82976696501039     -3.57213821377317     -7.60668902820161      h
    0.53775605773052     -7.98103958465971     -8.89363259338623      h
    2.67970926895899    -12.17353524042031     -8.64275717023924      h
    6.58093912494768    -12.45830910758737     -6.48334094006341      h
  -.29850165892853D-04  -.16405488693749D-04  -.34132786028263D-04
  -.23614307651521D-05  0.28183470952570D-05  0.62463463847751D-04
  0.40723323002645D-06  -.80238928417131D-05  -.45460073066383D-04
  0.24301182735775D-04  0.35766763943013D-04  0.51935796308467D-04
  -.43461597952543D-04  0.16567008906065D-04  0.28113760324189D-05
  0.14673782944286D-04  0.53282536773835D-05  -.34810084626358D-04
  -.17637794500480D-05  0.33500922569374D-05  -.12640748963122D-04
  0.95797862616820D-04  0.11658855299057D-03  0.96961839048504D-04
  0.65390677319144D-04  0.36429811309802D-05  -.32749050554060D-04
  -.23717716977512D-04  0.34087955960160D-05  0.10752786185231D-04
  -.90163767971774D-05  -.84455866297128D-05  0.14630384105985D-04
  -.24910589155880D-05  -.11743733102865D-04  0.10697501664492D-04
  -.53135771618251D-05  0.28715050870431D-06  0.26976816909219D-05
  -.28057803111992D-05  -.22822701950531D-05  -.10939088450179D-04
  -.89407774808148D-05  0.54886074387639D-05  -.13027389769604D-04
  0.29565397794862D-04  -.27241499380715D-04  0.36215896547898D-04
  -.47350995030282D-04  0.19362750879770D-04  -.27605895204452D-04
  0.11010479941120D-04  -.30862682049992D-05  -.90402862475969D-05
  0.16090889047859D-05  -.19577865182417D-04  -.12763097373636D-04
  0.52009909641271D-05  0.51685899293830D-06  0.34244458628763D-05
  -.14101896560703D-04  0.13671696169837D-04  -.72681981375666D-05
  -.62409442445954D-04  -.69349715493772D-04  -.43890019760795D-04
  0.22745228802634D-05  -.51408144146947D-04  -.14822440992379D-04
  0.53361552723175D-05  -.10891784673284D-04  -.90603825046998D-05
  0.71527211975564D-06  0.37679712387162D-05  0.35101375885915D-05
  -.13945630423784D-05  -.23405382361119D-05  0.43609268560729D-05
  -.13040123492125D-05  0.23077810951122D-06  0.77469508016070D-05
  cycle =     33 MP2 energy =     -934.5209099861 |dE/dxyz| =  0.000285
    7.75750371452355     -3.63371407623327     -3.75356394987326      ag
    7.95226579795843      3.91122119120819     -1.69047980057921      n
    7.38060859557784      1.53503301482008     -2.61108813569411      c
    9.13250025936033     -0.33772273821228     -2.15134357800337      n
   11.27150062587864      0.12292280868765     -0.89661730782774      c
   11.82923816065058      2.58898725672148      0.03080166396912      c
   10.10527933957714      4.42781979389808     -0.41257201511497      c
    5.41231596339150      1.14075244387989     -3.76897028359445      o
   12.90068306552651     -1.76197783889942     -0.54690726896990      n
   12.43830295263892     -3.53283884076914     -1.08972887999110      h
   14.45462741322735     -1.50194119454200      0.52076538106467      h
   13.55424028425183      2.98576584689448      1.04513194168505      h
   10.35805036854081      6.35712682546469      0.21792605825189      h
    6.65272452856557      5.27429233701335     -2.03660676161017      h
    5.70064925891155    -10.76116393640307     -6.59335562425991      n
    6.94563943533536     -8.77594473350651     -5.41945436067259      c
    5.76689716734471     -6.45610591634887     -5.55190390434517      n
    3.56142024850002     -6.12539865826807     -6.73324240527978      c
    2.31889716087388     -8.19766835560790     -7.92554504680652      c
    3.46754085626377    -10.48291777839616     -7.80276178644090      c
    8.95979973702864     -9.07951356184158     -4.33840137575684      o
    2.54836344298232     -3.82244849981708     -6.79704550648049      n
    3.37716319739691     -2.35676679551312     -5.87982888007427      h
    0.84149365235967     -3.56076900309187     -7.59686580091862      h
    0.53726369935948     -7.96600753268351     -8.89179806999533      h
    2.66857191223720    -12.16442996582652     -8.65058083625549      h
    6.56992083951450    -12.46381780550974     -6.49336794779025      h
  -.17977167983574D-04  -.21448458404905D-04  -.47299394447364D-04
  -.82813720672092D-05  0.31570205099030D-05  0.70137001414672D-04
  0.17755594767133D-04  -.72071845913513D-05  -.70311712160986D-04
  0.15720952101783D-04  0.49494794228000D-04  0.74915672678921D-04
  -.45333411387460D-04  0.10663281958756D-04  0.17802679427525D-04
  0.28305952012531D-04  0.11900435693324D-04  -.57786122646064D-04
  -.45602160554381D-05  0.13089287218548D-05  -.37114016784301D-05
  0.80537551149007D-04  0.10522675930957D-03  0.97580617756776D-04
  0.60658923048962D-04  0.82799705829473D-05  -.38231431977120D-04
  -.23812436757198D-04  0.14650789994519D-05  0.13447431921110D-04
  -.89020857263478D-05  -.65735212452234D-05  0.13994351220070D-04
  -.36566288619255D-05  -.13890762693647D-04  0.15878048382323D-04
  -.45026179900098D-05  0.16972397069992D-05  0.11921978577689D-05
  -.31511417590835D-05  -.29922900646184D-05  -.12154448713275D-04
  -.21793294111339D-04  -.14318788537082D-05  -.43774432962884D-05
  0.39692571746297D-04  -.16458229159078D-04  0.25228258644816D-04
  -.54033922928909D-04  -.75852486989270D-05  -.93482712979487D-05
  0.75063598306002D-05  0.25027628254293D-05  -.12564479867194D-04
  0.27634744750316D-05  -.19623387569168D-04  -.14544101364145D-04
  0.13873077781668D-04  0.35600456111951D-05  -.45633298242365D-05
  -.18265678797036D-04  0.11385397021613D-04  -.93579350330941D-05
  -.56038961560034D-04  -.60065610524518D-04  -.40634731373501D-04
  0.15724109614368D-06  -.45240302628535D-04  -.11922613900595D-04
  0.56893196163088D-05  -.10805646396994D-04  -.10931650837431D-04
  -.57674297249122D-06  0.43213108608386D-05  0.57384650768988D-05
  -.15985302357358D-05  -.23462403930807D-05  0.50993155209511D-05
  -.17734731816432D-06  0.70565377274789D-06  0.67246930708365D-05
  cycle =     34 MP2 energy =     -934.5209239005 |dE/dxyz| =  0.000504
    7.82744263314994     -3.70386839314240     -3.72057453838830      ag
    7.90835622756782      3.85895181280754     -1.73167846261603      n
    7.37906960371136      1.46387011219147     -2.62611469955960      c
    9.15696094594222     -0.37591115054115     -2.13694830328854      n
   11.28533249446966      0.13492082955123     -0.88321913746360      c
   11.80210693369120      2.62101094932689      0.01369676223722      c
   10.04963323133730      4.42617722341110     -0.45507613591841      c
    5.42050739746367      1.02688476441166     -3.78765840236113      o
   12.94302121573083     -1.71933210151294     -0.50564392453635      n
   12.50835209932812     -3.50427388388489     -1.02401686412631      h
   14.48946380026434     -1.42152631750032      0.56313063552030      h
   13.51662789344830      3.05691173564762      1.02980832026215      h
   10.26915105188506      6.36673251890123      0.15291365111314      h
    6.58843203794575      5.19676479127974     -2.09881911860565      h
    5.65596000014854    -10.77985963066390     -6.62752393352907      n
    6.93949935652221     -8.82981129940998     -5.43538533828817      c
    5.79754534263263     -6.49045237280560     -5.53255870409840      n
    3.59427473454223     -6.10638362844161     -6.70290305952808      c
    2.31386322445171     -8.14298235243214     -7.91702231381679      c
    3.42446324282132    -10.44850631038848     -7.82642668272528      c
    8.95353073119318     -9.17939624916985     -4.36872954388662      o
    2.61928725367502     -3.78654479678513     -6.73350190249081      n
    3.47580140259255     -2.34044832847580     -5.80815816487492      h
    0.91901128073124     -3.48739679930834     -7.53426978222065      h
    0.53291990478276     -7.86988901026141     -8.87370542627843      h
    2.59441093688817    -12.10562341768969     -8.69224873963605      h
    6.49843670085987    -12.49724440799705     -6.55477067225933      h
  0.29362291521728D-04  -.35889789528731D-04  -.96420559821730D-04
  -.11541287591399D-04  0.21349341521315D-04  0.11056249785979D-03
  0.11896446723281D-04  -.29770716515110D-04  -.15989256561277D-03
  -.55206955440479D-06  0.95497783255905D-04  0.21211904160223D-03
  -.55305221751567D-04  0.41696363714649D-04  0.16010290814883D-04
  0.10055043220980D-03  0.26445603192204D-04  -.16840275248775D-03
  -.12426965914081D-04  0.68682665794739D-05  0.99460896221260D-05
  -.15317113255975D-04  -.17756745164910D-04  0.23472691131232D-04
  0.64125257352998D-04  -.16240180163329D-04  -.59651109673542D-04
  -.20571750302789D-04  -.56424395555865D-06  0.30152698547337D-04
  -.12182435591868D-04  -.39346655106298D-05  0.11631189221539D-04
  -.25463086590349D-04  -.34146469453766D-04  0.73663966882798D-04
  -.16171822490030D-05  0.49228321232775D-05  0.30871888667683D-05
  -.65034199581149D-05  -.67432826718061D-05  -.11321943008680D-04
  -.97118084434245D-04  -.29927865856649D-04  0.25018306192948D-04
  0.11020068081180D-03  0.13256882688495D-04  -.12215017356709D-04
  -.11168832250918D-03  -.12054274104245D-03  0.70775715086402D-04
  0.59991328445363D-04  -.39049090558407D-04  -.21633343616045D-04
  0.18374152919165D-05  0.56655710117259D-05  -.24017097288720D-04
  0.71227415809005D-04  -.48123231231045D-05  -.26667443486339D-04
  -.54847286953930D-04  0.20929677663872D-04  -.24225537545775D-04
  -.26927431298063D-04  0.10965016850228D-03  0.40245482697543D-05
  -.16968662559957D-04  -.14230484012501D-04  -.66414212676058D-05
  0.18518639300247D-04  -.26826146659609D-06  -.83929557828100D-05
  -.72241861523992D-05  0.53699960989584D-05  0.19266373123106D-04
  -.43195393497619D-05  -.52185145165140D-05  0.14787071504596D-04
  0.12864006181612D-04  0.74429938994314D-05  -.50359873108030D-05
  cycle =     35 MP2 energy =     -934.5209235340 |dE/dxyz| =  0.000214
    7.80739200407785     -3.68080066574896     -3.73440796122574      ag
    7.92260836094204      3.87574629500076     -1.71969360539536      n
    7.38034551947878      1.48685759945528     -2.62340113097043      c
    9.15071017903752     -0.36322860243222     -2.14495068965528      n
   11.28097218985321      0.13087016061424     -0.88777964090689      c
   11.80868066156971      2.60973417697601      0.02278040260949      c
   10.06584488478883      4.42597401866409     -0.43910073060537      c
    5.41885628022340      1.06356574549472     -3.78431258948899      o
   12.92985238167289     -1.73300521798145     -0.51935812481365      n
   12.48838116414390     -3.51288466712223     -1.04946130738790      h
   14.47825450974691     -1.44768195152925      0.54995499837703      h
   13.52633491720573      3.03323989108859      1.03879723757766      h
   10.29512863980917      6.36261048031578      0.17769025639932      h
    6.60853018923608      5.22142486375527     -2.07889262616670      h
    5.67034772668818    -10.77383883560603     -6.61631588991108      n
    6.94246878369724     -8.81210758960591     -5.43149453350617      c
    5.78995324065104     -6.47834555081317     -5.54199980843725      n
    3.58449917308421     -6.11187957047132     -6.71356442059659      c
    2.31446642454659     -8.16067417864154     -7.91786209374515      c
    3.43695254721461    -10.45994640282734     -7.81647703840503      c
    8.95656852676667     -9.14705688656854     -4.36000044537180      o
    2.59734134613551     -3.79742094633098     -6.75493863883362      n
    3.44659857328512     -2.34405402468055     -5.83503811222713      h
    0.89395618863752     -3.51070082266741     -7.55366697351316      h
    0.53266347365277     -7.90108969358601     -8.87670311998489      h
    2.61571879446185    -12.12535678740264     -8.67475037761920      h
    6.52003499716967    -12.48717655023141     -6.53245751755984      h
  0.13589382442447D-04  -.40808026776418D-04  -.55601507679359D-04
  0.60237349357450D-05  0.93855014426936D-05  0.35607082170430D-04
  0.15235473017183D-04  -.11811435171261D-04  -.55805182881397D-04
  -.23530638423308D-05  0.55728949626577D-04  0.80207239926411D-04
  -.31426530776812D-04  0.10716639857300D-04  0.15662066116029D-04
  0.26474151338718D-04  -.65395062209817D-06  -.48479337965368D-04
  -.10900698923955D-04  0.26769761785062D-05  0.11518779841069D-04
  0.18802934803830D-04  0.32337806604943D-04  0.42252123565234D-04
  0.46610758460019D-04  0.76312793817479D-05  -.50997858984658D-04
  -.20655340629783D-04  0.99879590731433D-06  0.24036642068070D-04
  -.83963988917191D-05  -.63630512469048D-05  0.11185857374585D-04
  -.10527294609375D-05  -.10218924941796D-04  0.90511226540357D-05
  -.25090039215137D-05  -.69219840703738D-06  0.22497885687756D-05
  -.52651393351866D-05  -.12050110393957D-05  0.85883578937462D-06
  -.36476327338164D-04  -.10216079475711D-04  -.40761770612185D-05
  0.48870046717830D-04  0.24660219466455D-06  0.16064760336221D-04
  -.49235061499342D-04  -.26581087818167D-04  0.24505621276205D-04
  0.19632566427674D-04  0.94805149561950D-05  -.29291925288000D-04
  -.64352831010694D-05  -.72872457531348D-05  -.19791001237834D-05
  0.28543028293804D-04  -.15267260380369D-05  -.15019285857676D-04
  -.23520436329250D-04  0.13997243733854D-04  -.10744150424458D-04
  -.18199411904618D-04  -.18310139495270D-04  -.24131793452398D-05
  -.89369716467225D-05  -.13375967204965D-05  -.15221657058806D-04
  0.37566952348911D-05  -.79201437939158D-05  -.50230687085318D-05
  0.72122618899328D-06  0.33115384468763D-05  0.15180632999545D-05
  -.24587887526017D-05  -.26816620462000D-05  0.80143816312273D-05
  -.43910906954991D-06  0.11014316756430D-05  0.11919884654127D-04
  cycle =     36 MP2 energy =     -934.5209256857 |dE/dxyz| =  0.000168
    7.82217322245543     -3.69433084446969     -3.72933734936537      ag
    7.91469294670295      3.86542491263540     -1.72993046655676      n
    7.38095285170430      1.47287015685544     -2.62844894537445      c
    9.15648077510189     -0.37064284219681     -2.14424342834902      n
   11.28331755928737      0.13284489794162     -0.88487291956970      c
   11.80159194929914      2.61511342245299      0.02181435570349      c
   10.05409796887640      4.42505782363361     -0.44695867224899      c
    5.42180881410030      1.04122898666561     -3.79069956761092      o
   12.93761986419650     -1.72489878743395     -0.51029791656057      n
   12.50334501957100     -3.50700814749500     -1.03866497076077      h
   14.48415123684218     -1.43233607784472      0.55977211833045      h
   13.51662141506948      3.04630572075970      1.03902777223705      h
   10.27639972695776      6.36371757306062      0.16599405969128      h
    6.59659080374380      5.20605724957673     -2.09324865716347      h
    5.66221699282943    -10.77687923548242     -6.62396156932943      n
    6.94214831177826     -8.82208238753495     -5.43596749197390      c
    5.79727698131218     -6.48434895674166     -5.54002333505425      n
    3.59115367211567     -6.10788040494521     -6.70730850790198      c
    2.31274488391184     -8.14989014913192     -7.91437949075995      c
    3.42800970690060    -10.45296485044168     -7.82000029364925      c
    8.95625179671079     -9.16610285801186     -4.36743479268525      o
    2.61127044278565     -3.79031821852795     -6.74145570485464      n
    3.46715434505273     -2.34045407196445     -5.82171773443510      h
    0.90848966204644     -3.49640427598651     -7.53887984077670      h
    0.53051723669609     -7.88237598845434     -8.87025775449690      h
    2.60022765690265    -12.11365996347767     -8.68111631784981      h
    6.50615583482616    -12.49326839632313     -6.54480705999884      h
  0.11820810852825D-04  -.34543329479497D-04  -.39231949544138D-04
  0.23774557147860D-04  0.10273207930567D-04  0.12758636156907D-04
  -.21172557613358D-04  -.15473261710142D-04  -.36987302988400D-04
  -.59203713308476D-05  0.37643015241784D-04  0.50388194992923D-04
  -.29562334480815D-04  0.75861221668916D-05  0.81693533111604D-05
  0.68534124419983D-05  -.12946049574136D-04  -.14327815083703D-04
  -.12115774875365D-04  0.75412690616616D-05  -.76278160410226D-06
  0.21551499603589D-04  0.10204090923338D-05  0.24047098641233D-04
  0.48893005608619D-04  0.35344617863586D-05  -.48393998818952D-04
  -.16598638401089D-04  0.59376380265874D-05  0.26132440745119D-04
  -.75807057173805D-05  -.74586072557059D-05  0.11417965658289D-04
  0.29718993745931D-05  -.26374893584702D-05  -.53853629351508D-05
  -.30278421150332D-05  -.13570844368260D-05  0.29731190029914D-05
  -.48791195315090D-05  -.19468571883507D-05  0.82105788159481D-05
  -.25086468497637D-04  -.53064547014259D-05  -.13906360791793D-04
  0.39253722012855D-04  -.26123147680579D-05  0.18051321083234D-04
  -.49974628293370D-04  0.93462253309973D-05  0.10596207800084D-04
  0.30103366029266D-04  -.20325400935661D-05  -.17509106138291D-04
  -.10302696475506D-04  0.13492196509757D-05  0.44107576773200D-05
  0.18529839709736D-04  -.33478707361922D-05  -.75258698952752D-05
  -.19862653644509D-04  0.11864819180474D-04  -.67382901782764D-05
  0.16347152355323D-04  0.25182932574808D-05  0.25710389707001D-04
  -.14279804486872D-04  -.76400992714554D-05  -.22811600568051D-04
  0.11867267479815D-05  -.43997988254940D-05  -.66652375263487D-06
  0.28491171120137D-05  0.27650824850900D-05  -.52893011988076D-05
  -.19115355018862D-05  0.24629534856047D-06  0.37280786413518D-05
  -.18600862849993D-05  0.75771741769870D-07  0.12942071499503D-04
  cycle =     37 MP2 energy =     -934.5209257381 |dE/dxyz| =  0.000164
    7.82634570549746     -3.69677162669590     -3.72998847814701      ag
    7.91376429214125      3.86346127668799     -1.73413634140731      n
    7.38241595713765      1.47034309614208     -2.63245042975313      c
    9.15878325690523     -0.37187669679494     -2.14633479957193      n
   11.28356782150304      0.13306951137160     -0.88405847033171      c
   11.79844275328259      2.61547797249800      0.02419051445344      c
   10.05070176095629      4.42439187904712     -0.44759052463109      c
    5.42471893307157      1.03726800100569     -3.79671450570230      o
   12.93873865940603     -1.72345328426470     -0.50745850611419      n
   12.50777551032314     -3.50545791765225     -1.03882640789845      h
   14.48437771998664     -1.42968805550884      0.56355567253145      h
   13.51138633575937      3.04770695604948      1.04447044222425      h
   10.27072651079572      6.36313797558622      0.16590256711343      h
    6.59511837543804      5.20314220950597     -2.09898414618017      h
    5.66108847152571    -10.77719084021010     -6.62647954368623      n
    6.94329442677190     -8.82370734247125     -5.43881214077904      c
    5.80003234033250     -6.48512584144516     -5.54132571617356      n
    3.59259471230998     -6.10692128642515     -6.70559219426489      c
    2.31119994073073     -8.14790722901899     -7.91123718299895      c
    3.42525445464552    -10.45166426196954     -7.81906497021538      c
    8.95802124975667     -9.16945136073694     -4.37200874168458      o
    2.61431966861599     -3.78863092863521     -6.73803602651163      n
    3.47290914718162     -2.33913943481781     -5.82013607671945      h
    0.91103692150112     -3.49324674190461     -7.53383341572502      h
    0.52771086681217     -7.87914914908603     -8.86440808042455      h
    2.59523525020642    -12.11165014212711     -8.67939893751389      h
    6.50390063518264    -12.49419245101180     -6.54864804125188      h
  -.18483907426869D-05  -.21355950977409D-04  -.10014004315551D-04
  0.31049549016338D-04  0.16339910873242D-04  0.19244107328786D-05
  -.58528558364745D-04  -.23446449125331D-04  -.71843924343007D-05
  0.11078480151361D-04  0.11373424997796D-04  0.23524952950993D-04
  -.27850622334569D-04  0.21860289836084D-04  -.16401184941728D-04
  -.30895663680752D-05  -.21746971509362D-04  0.62975956751643D-05
  -.50552463126685D-05  0.14038678527228D-04  -.15383827103754D-04
  0.29192696000990D-04  -.29692857115293D-05  0.50964963804745D-06
  0.54069268959012D-04  -.78230970297355D-05  -.42105264095760D-04
  -.10403612944021D-04  0.70308816386699D-05  0.19922919361592D-04
  -.11061443728089D-04  -.97520325240685D-05  0.14659864245203D-04
  -.31612082560528D-05  -.25383458384098D-05  0.25968564116852D-05
  -.43702710468274D-05  -.31202853909562D-05  0.71806531387608D-05
  -.45329502995628D-05  -.26194076774289D-05  0.10533638580945D-04
  -.10316768728869D-04  0.46473507957501D-05  -.19013097871223D-04
  0.22358943304379D-04  -.14941597869189D-04  0.22392864192256D-04
  -.33974965226502D-04  0.35391925400807D-04  -.16649073538488D-04
  0.34591730605271D-04  -.32984618285159D-04  -.17434391867965D-05
  -.80106507329702D-05  0.72096471887273D-05  0.43424931250868D-05
  0.12337754875524D-04  -.91088527085503D-05  0.61475831802937D-06
  -.12387407053893D-04  0.12989010805597D-04  -.49871977108040D-05
  0.15692048105365D-04  0.37539721462920D-04  0.25048086740753D-04
  -.13920884059271D-04  -.13551467511697D-04  -.24541106018017D-04
  0.17648905341616D-05  -.21420112685799D-05  0.46802391548972D-05
  0.16018408581786D-05  0.94249542470504D-06  -.24105140816744D-05
  -.41686851179890D-05  -.11066744765031D-05  0.66596690704301D-05
  -.10560799279524D-05  -.15621503202112D-06  0.95443938085138D-05
  cycle =     38 MP2 energy =     -934.5209259269 |dE/dxyz| =  0.000143
    7.82715713994902     -3.69853045072089     -3.72806280471070      ag
    7.91359593776217      3.86259807380410     -1.73670580650779      n
    7.38265485963692      1.46878724332738     -2.63331696627154      c
    9.15908491793010     -0.37293740606040     -2.14558447251154      n
   11.28333585162553      0.13300378959873     -0.88277229262760      c
   11.79779169969259      2.61614205704884      0.02377716660542      c
   10.05019645931472      4.42463757133553     -0.45006132775472      c
    5.42515606391445      1.03472166154965     -3.79761668431502      o
   12.93832609059251     -1.72315966598815     -0.50401616543421      n
   12.50843212581846     -3.50535058425478     -1.03561560475488      h
   14.48421278396839     -1.42833986751257      0.56634803510770      h
   13.51082814833054      3.04946716443192      1.04343380834374      h
   10.27011052771453      6.36393794203854      0.16171379081109      h
    6.59500203716434      5.20193824750995     -2.10298906451647      h
    5.66103243989495    -10.77714085147507     -6.62884326474908      n
    6.94346485767602     -8.82471538731442     -5.43970146532219      c
    5.80041792955802     -6.48595621556576     -5.54032472255822      n
    3.59269214478711     -6.10670071419613     -6.70376127275407      c
    2.31106334444753     -8.14663581830328     -7.91095516792086      c
    3.42508461646432    -10.45048660733421     -7.82093800186449      c
    8.95822823061884     -9.17147665129163     -4.37328777671248      o
    2.61452282528160     -3.78836720670100     -6.73406919322774      n
    3.47362996873182     -2.33956484336953     -5.81549051201925      h
    0.91125283592223     -3.49213401009568     -7.52959311960488      h
    0.52753467411099     -7.87699920405569     -8.86380551744614      h
    2.59499579716629    -12.10966873848209     -8.68275678965750      h
    6.50365736970304    -12.49429524080552     -6.55240928899035      h
  -.50003327851655D-05  -.72045315970826D-05  -.15294240096608D-05
  0.28383666053955D-04  0.17214009139010D-04  0.10433051433889D-06
  -.56543461039116D-04  -.21585348704889D-04  -.11463254739219D-04
  0.14636416832081D-04  -.16955244768191D-05  0.11618516674972D-04
  -.24748664092300D-04  0.76946149620838D-05  -.60020408323425D-05
  -.11498938787824D-04  -.20894811065375D-04  0.22889687204319D-04
  -.16270422062981D-05  0.93879822156140D-05  -.14851387404313D-04
  0.23380207384349D-04  -.75036709237253D-05  0.24736139820902D-05
  0.43703921907223D-04  0.15382598288483D-05  -.39602141459039D-04
  -.10502918540267D-04  0.48351660568713D-05  0.17914843112754D-04
  -.86771756446780D-05  -.87944970867948D-05  0.14219453428055D-04
  0.59155573488567D-05  0.36149549349496D-05  -.16559571569097D-04
  -.22480322885432D-05  -.26490455784511D-05  0.40645328729383D-05
  -.40490973614027D-05  -.23747602959645D-05  0.96132850493369D-05
  -.29672320778218D-06  0.73077928135490D-05  -.12690941133542D-04
  0.13834977262484D-04  -.17673888972780D-04  0.13191964902237D-04
  -.24101754773742D-04  0.38524054015054D-04  -.19961113788547D-04
  0.24846124651035D-04  -.26390698744549D-04  0.11657123960340D-04
  -.72961763208923D-05  0.64751176985234D-05  0.25990010588117D-05
  0.91033947802188D-05  -.48222699380318D-05  -.32462221071228D-05
  -.10099286367193D-04  0.11873655919814D-04  0.31113356353529D-05
  0.15857118459195D-04  0.32074164273865D-04  0.17280157019961D-04
  -.10895632001962D-04  -.18173736413551D-04  -.13618698033291D-04
  -.11898227718632D-05  0.16627441823402D-06  0.36274281769444D-05
  0.36048420115620D-05  0.55085499278684D-06  -.66498153534766D-05
  -.12212986746363D-05  -.16129675906029D-06  0.12588353981435D-05
  -.32699724350493D-05  -.13327373222793D-05  0.10550455344899D-04
  cycle =     39 MP2 energy =     -934.5209261932 |dE/dxyz| =  0.000110
    7.83033601166055     -3.70110098937003     -3.72742324908071      ag
    7.91350422546930      3.86121431717655     -1.74193887245192      n
    7.38425829245639      1.46656156544219     -2.63705534571334      c
    9.16063031651789     -0.37434370453793     -2.14611505763212      n
   11.28287631558314      0.13300891903787     -0.88040965907366      c
   11.79536815257241      2.61695082783199      0.02520725892876      c
   10.04810432638398      4.42469446037276     -0.45256820908840      c
    5.42787207114234      1.03108837821604     -3.80284827715710      o
   12.93752254599766     -1.72247197186443     -0.49759119903057      n
   12.51074642773417     -3.50464566923263     -1.03173366424742      h
   14.48348840660184     -1.42593345496379      0.57216947194986      h
   13.50674033978812      3.05141332907516      1.04718085710865      h
   10.26686202366835      6.36458587263853      0.15775712950863      h
    6.59532181203039      5.20005070246400     -2.11153856107087      h
    5.66069077955994    -10.77727727217133     -6.63309508527605      n
    6.94510050311952     -8.82631681471726     -5.44366479504652      c
    5.80253832693136     -6.48717853429998     -5.54063431808900      n
    3.59335582685740     -6.10622156533530     -6.70094004442518      c
    2.30938349112569     -8.14487953040873     -7.90781523575663      c
    3.42298596402122    -10.44905096415420     -7.82146687195624      c
    8.96117812428299     -9.17464661933021     -4.38024841043974      o
    2.61600549535758     -3.78754920594750     -6.72835666328373      n
    3.47742912984878     -2.33934153792882     -5.81081680880754      h
    0.91229823377609     -3.48988467079253     -7.52241373580664      h
    0.52439124280412     -7.87406945565939     -8.85758793910169      h
    2.59129309620796    -12.10724963376416     -8.68363480917069      h
    6.50318019627785    -12.49463249065902     -6.55982238715388      h
  -.12524275383896D-04  0.16745747174696D-04  0.19501777877906D-04
  0.13134248664670D-04  0.90323404311476D-05  -.23204530055221D-05
  -.32369248796682D-04  -.58368186151014D-05  -.16104308638853D-04
  0.19383413742302D-04  -.29618298575951D-04  -.13955716803737D-04
  -.19382768268628D-04  -.82969152535028D-05  0.10728307573871D-04
  -.75013359612797D-05  -.45016029446288D-05  0.17562353554545D-04
  -.78094126818584D-05  -.40072081350928D-05  0.36094290871702D-05
  0.10708835684881D-04  -.10682792833450D-04  0.39073715889515D-05
  0.25626958052527D-04  0.12618152441135D-04  -.36217138922545D-04
  -.64850070215505D-05  -.11403065611759D-05  0.10160373465018D-04
  -.81406916194737D-05  -.58624970373788D-05  0.15749494979289D-04
  0.51525033253341D-05  0.51703064167796D-05  -.13226447583836D-04
  0.42875337258330D-06  0.33566595103451D-06  -.80926772882961D-06
  0.60090249398570D-06  0.77181501634271D-06  -.17409446024796D-05
  0.11292887546199D-04  0.89540057501836D-05  -.85141458145976D-05
  -.83463653095528D-05  -.19830250786335D-04  0.13469531389809D-04
  0.11094525175892D-04  0.30589204804921D-04  -.23890684154981D-04
  0.59540081007725D-05  -.11353153913429D-04  0.14553242982274D-04
  -.84588659632345D-06  0.26512634823117D-05  0.19228659668968D-05
  -.44083405432715D-05  0.14182026131238D-05  0.75197429740825D-05
  0.36453967169336D-05  0.60424120409408D-05  -.26108181341300D-05
  0.27151493267041D-05  0.22379138282957D-04  -.88109041573858D-05
  0.34053591853045D-05  -.15706625141831D-04  0.47282696651330D-05
  -.31659657269145D-05  0.35194030940655D-05  0.46264447073341D-05
  0.30992452337841D-06  -.19679597536570D-05  -.51910954335099D-06
  -.83018584007277D-07  0.13608480120553D-06  -.10904302518711D-05
  -.23906700570286D-05  -.15592400384179D-05  0.17711114093238D-05
  cycle =     40 MP2 energy =     -934.5209261451 |dE/dxyz| =  0.000082
    7.82819677873984     -3.69908368952534     -3.72823149362667      ag
    7.91488078967161      3.86297672992935     -1.74071317463344      n
    7.38439347723097      1.46891199748474     -2.63669525113480      c
    9.15975512652496     -0.37311608533665     -2.14628720428114      n
   11.28242873158124      0.13276482415382     -0.88070431383008      c
   11.79635153346558      2.61619040251711      0.02553275606177      c
   10.04996740294234      4.42498438449757     -0.45150703796551      c
    5.42785681369135      1.03485891759674     -3.80272546507718      o
   12.93600223059654     -1.72378487232830     -0.49835875618859      n
   12.50851723286194     -3.50551129021750     -1.03344214614935      h
   14.48261271881655     -1.42821722582847      0.57072988218013      h
   13.50770595182820      3.04926277505762      1.04812898253433      h
   10.26968888358283      6.36452560567972      0.15958949572830      h
    6.59747192971809      5.20265617308680     -2.11000742378187      h
    5.66194244204714    -10.77692139073945     -6.63220479176282      n
    6.94527649703856     -8.82495927918415     -5.44324751177775      c
    5.80141185671148     -6.48646966989865     -5.54071169852948      n
    3.59224004908103     -6.10697228099484     -6.70152489502100      c
    2.30946524627249     -8.14659286885356     -7.90801859751926      c
    3.42423330277788    -10.45017399603287     -7.82095595262814      c
    8.96152361872886     -9.17199043327184     -4.37971720287397      o
    2.61374937082500     -3.78877342227360     -6.72990325324936      n
    3.47434252645311     -2.33992649031213     -5.81262912818472      h
    0.90996734087100     -3.49218289335843     -7.52418569525210      h
    0.52445285343055     -7.87691967885143     -8.85807651729121      h
    2.59350845350398    -12.10902574021053     -8.68279839839350      h
    6.50551851878394    -12.49373621566789     -6.55873968871631      h
  -.80737997629754D-05  0.13512699432283D-04  0.14684972103662D-04
  -.22837664559461D-06  0.10877608520588D-05  0.79280423301853D-05
  -.13980795902757D-04  0.92804477791475D-06  -.30483558104422D-05
  0.10168827525026D-04  -.25900868294126D-04  -.37379509199020D-05
  -.16215802039810D-04  0.61849542909442D-05  0.15726311177744D-05
  -.14799201331073D-06  -.42804899180737D-07  0.19322187085891D-05
  0.90200412561359D-06  0.14807695158936D-06  -.86055287935594D-05
  0.48354305768328D-05  0.14736091564771D-05  0.15362696181853D-06
  0.28953064955317D-04  0.21752565224631D-05  -.34406219922012D-04
  -.68609637368100D-05  -.25020866560865D-05  0.90076605272493D-05
  -.81406106913207D-05  -.53996699418413D-05  0.14608253867010D-04
  -.19260821915168D-06  0.60202513463281D-06  -.63428792751452D-06
  -.13290067248928D-05  -.27337647079406D-06  0.30781730324669D-05
  -.15089778582222D-06  0.42958351009759D-06  -.60968064308220D-06
  0.64059167568242D-05  0.58626201564493D-05  -.14513542381245D-05
  -.50573627961015D-05  -.13270463871784D-04  0.41132838073388D-05
  0.11196801696478D-04  0.15775934810724D-04  -.13909488532082D-04
  0.57690762389484D-06  -.12042301074988D-04  0.12577687856563D-04
  0.32842388488774D-05  0.19733761539020D-05  -.46398646613710D-06
  -.34610074894914D-05  -.90912641681484D-06  0.61147359380342D-05
  0.13243408254482D-05  0.34539160989056D-05  0.23862590978752D-05
  -.93725076766304D-05  0.16180684724532D-04  -.22203019666378D-04
  0.58460977339081D-05  -.82179461164955D-05  0.92400638496137D-05
  -.11460277971054D-06  0.17964205700771D-05  0.41161900541375D-05
  0.11572182945230D-05  -.12237201151288D-05  -.19705072458187D-05
  0.53431033597562D-06  -.45604654452802D-06  -.33146190236977D-06
  -.18589306329808D-05  -.13464623194182D-05  -.14200749101634D-06
$end
