*************************************************
******************* ORCA 6.1.1 ******************
*************************************************
$Calculation_Status
   &GeometryIndex 22
   &version [&Type "String"] "6.1.1"
   &progName [&Type "String"] "ProgMP2"
   &Status [&Type "String"] "NORMAL TERMINATION"
$End
$Geometry
   &GeometryIndex 1
   &NAtoms [&Type "Integer"] 25
   &NCorelessECP [&Type "Integer"] 0
   &NGhostAtoms [&Type "Integer"] 0
   &CartesianCoordinates [&Type "Coordinates", &Dim(25,4), &Units "Bohr"] 
              Cu   -11.288607873326   14.616502522563    7.180456641749
              Cu    -6.834330623608   16.012333613575    6.594114306642
              S    -13.931673330535   11.185470400389    7.190001648452
              C    -17.103304636032   12.334595854891    7.922975393194
              H    -17.028378884548   14.292971959805    8.558369349559
              H    -17.965131246942   11.165210646507    9.380640213034
              H    -18.254060924188   12.228053095461    6.216004673684
              Cu   -11.841980156574   10.947861905488   10.635478837194
              S     -8.897561962515   11.273675257416   13.468034692756
              H    -11.522145898134   12.973087072390   16.820866168056
              H    -10.824298382769   15.338417589970   14.538292427059
              C    -10.060042111606   13.744700047392   15.592791735131
              H     -8.488252951086   14.401833413202   16.750872601782
              Cu    -7.773072867621   13.492886481143   10.098467802813
              Cu   -10.115458330483   18.316520152367    3.907974431937
              S    -13.701878853198   17.902936580423    5.726289704983
              C    -15.968382363153   16.613060544014    3.467641786567
              H    -17.842992577729   16.649078724126    4.323957956071
              H    -15.998032166194   17.758189227743    1.757675851135
              H    -15.482384485757   14.668602272076    2.991273953550
              S     -6.101608212441   18.216971269358    3.101781358409
              C     -5.788573188631   15.671801184790    0.777119636957
              H     -3.806452674844   15.119791394084    0.677704924504
              H     -6.911096968346   14.031061586822    1.310651685525
              H     -6.393680504248   16.341754452693   -1.073863331767
$End
$SCF_Mulliken_Population_Analysis
   &GeometryIndex 1
   &NAtoms [&Type "Integer"] 25
   &ATNO [&Type "ArrayOfIntegers", &Dim (25,1)] 
                                                         0

0                                                       29
1                                                       29
2                                                       16
3                                                        6
4                                                        1
5                                                        1
6                                                        1
7                                                       29
8                                                       16
9                                                        1
10                                                       1
11                                                       6
12                                                       1
13                                                      29
14                                                      29
15                                                      16
16                                                       6
17                                                       1
18                                                       1
19                                                       1
20                                                      16
21                                                       6
22                                                       1
23                                                       1
24                                                       1
   &AtomicCharges [&Type "ArrayOfDoubles", &Dim (25,1)] 
                                                         0

0                                      3.3421556375588324e-01
1                                     -5.0044010911086900e-02
2                                     -5.0962747134220621e-01
3                                     -2.7861100131683791e-01
4                                      1.1282035429868653e-01
5                                      1.0257540877673521e-01
6                                      9.6334107317250450e-02
7                                      2.9046658848971774e-01
8                                     -4.7748188753373455e-01
9                                      9.8280914201118064e-02
10                                     1.1071045605525420e-01
11                                    -2.6488388855990408e-01
12                                     1.0247520327065274e-01
13                                    -4.9146367718297057e-02
14                                     2.8990710808888664e-01
15                                    -5.0795565802986076e-01
16                                    -2.8078993403870811e-01
17                                     9.6011064754655484e-02
18                                     1.0300114646579739e-01
19                                     1.1311771505771895e-01
20                                    -4.7922029963772417e-01
21                                    -2.6202765941277217e-01
22                                     1.0216959486035471e-01
23                                     1.0972170213179178e-01
24                                     9.7981250976604373e-02
   &Method [&Type "String"] "SCF"
   &Level [&Type "String"] "Relaxed density"
   &Mult [&Type "Integer"] 1
   &State [&Type "Integer"] -1
   &Irrep [&Type "Integer"] 0
$End
$SCF_Loewdin_Population_Analysis
   &GeometryIndex 1
   &NAtoms [&Type "Integer"] 25
   &ATNO [&Type "ArrayOfIntegers", &Dim (25,1)] 
                                                         0

0                                                       29
1                                                       29
2                                                       16
3                                                        6
4                                                        1
5                                                        1
6                                                        1
7                                                       29
8                                                       16
9                                                        1
10                                                       1
11                                                       6
12                                                       1
13                                                      29
14                                                      29
15                                                      16
16                                                       6
17                                                       1
18                                                       1
19                                                       1
20                                                      16
21                                                       6
22                                                       1
23                                                       1
24                                                       1
   &AtomicCharges [&Type "ArrayOfDoubles", &Dim (25,1)] 
                                                         0

0                                     -5.6007299199632499e-01
1                                     -3.1831535962399826e-01
2                                      4.4178271678097758e-01
3                                     -4.8572725437268183e-01
4                                      9.9615326409212890e-02
5                                      8.7499126605898980e-02
6                                      8.8440613262268930e-02
7                                     -3.7382716176085751e-01
8                                      4.2995460374206118e-01
9                                      8.9240867083550279e-02
10                                     1.0322123078387191e-01
11                                    -4.7277431707037376e-01
12                                     9.1787199371317962e-02
13                                    -3.1884446483449125e-01
14                                    -3.7377963638475720e-01
15                                     4.4258255735229213e-01
16                                    -4.8693072246310987e-01
17                                     8.8421128068764121e-02
18                                     8.7464289697458453e-02
19                                     9.9348167836782353e-02
20                                     4.2808627551771039e-01
21                                    -4.7179071323569577e-01
22                                     9.1889339750440224e-02
23                                     1.0360540816461838e-01
24                                     8.9123771315083866e-02
   &Method [&Type "String"] "SCF"
   &Level [&Type "String"] "Relaxed density"
   &Mult [&Type "Integer"] 1
   &State [&Type "Integer"] -1
   &Irrep [&Type "Integer"] 0
$End
$SCF_Mayer_Population_Analysis
   &GeometryIndex 1
   &NAtoms [&Type "Integer"] 25 "Total number of atoms"
   &NBondOrdersPrint [&Type "Integer"] 27 "The number of bond orders larger than threshold"
   &bondThresh [&Type "Double"]       1.0000000000000001e-01  "The threshold for printing"
   &components [&Type "ArrayOfIntegers", &Dim (27,4)] "The indices and atomic numbers of the bonding atoms"
                                                         0                           1                           2                           3

0                                                        0                          29                           1                          29
1                                                        0                          29                           2                          16
2                                                        0                          29                          13                          29
3                                                        0                          29                          15                          16
4                                                        1                          29                          13                          29
5                                                        1                          29                          20                          16
6                                                        2                          16                           3                           6
7                                                        2                          16                           7                          29
8                                                        3                           6                           4                           1
9                                                        3                           6                           5                           1
10                                                       3                           6                           6                           1
11                                                       7                          29                           8                          16
12                                                       8                          16                          11                           6
13                                                       8                          16                          13                          29
14                                                       9                           1                          11                           6
15                                                      10                           1                          11                           6
16                                                      11                           6                          12                           1
17                                                      14                          29                          15                          16
18                                                      14                          29                          20                          16
19                                                      15                          16                          16                           6
20                                                      16                           6                          17                           1
21                                                      16                           6                          18                           1
22                                                      16                           6                          19                           1
23                                                      20                          16                          21                           6
24                                                      21                           6                          22                           1
25                                                      21                           6                          23                           1
26                                                      21                           6                          24                           1
   &BondOrders [&Type "ArrayOfDoubles", &Dim (27,1)] "The bond orders"
                                                         0

0                                      3.5740539151978212e-01
1                                      3.3110947434389193e-01
2                                      3.5733342762694842e-01
3                                      3.3050181573237436e-01
4                                      6.8704414859011642e-01
5                                      4.3147559128440255e-01
6                                      9.4686872350551154e-01
7                                      6.8407530634297586e-01
8                                      9.7669792192746363e-01
9                                      9.7929526158443048e-01
10                                     9.8131038330773201e-01
11                                     6.4891748874913324e-01
12                                     9.4433630845998384e-01
13                                     4.3342134833326740e-01
14                                     9.8006724650039745e-01
15                                     9.7378197732854443e-01
16                                     9.8154771235687577e-01
17                                     6.8280479034096020e-01
18                                     6.5033553763555929e-01
19                                     9.4810871588516277e-01
20                                     9.8120681850151825e-01
21                                     9.7941762826891132e-01
22                                     9.7664428372189005e-01
23                                     9.4386450407078049e-01
24                                     9.8182466226641385e-01
25                                     9.7362196398342349e-01
26                                     9.7988183171311083e-01
   &ATNO [&Type "ArrayOfIntegers", &Dim (25,1)] "Atomic number of the elements"
                                                         0

0                                                       29
1                                                       29
2                                                       16
3                                                        6
4                                                        1
5                                                        1
6                                                        1
7                                                       29
8                                                       16
9                                                        1
10                                                       1
11                                                       6
12                                                       1
13                                                      29
14                                                      29
15                                                      16
16                                                       6
17                                                       1
18                                                       1
19                                                       1
20                                                      16
21                                                       6
22                                                       1
23                                                       1
24                                                       1
   &NA [&Type "ArrayOfDoubles", &Dim (25,1)] "Mulliken gross atomic population"
                                                         0

0                                      2.8665784436244103e+01
1                                      2.9050044010911083e+01
2                                      1.6509627471342199e+01
3                                      6.2786110013168308e+00
4                                      8.8717964570131358e-01
5                                      8.9742459122326501e-01
6                                      9.0366589268274955e-01
7                                      2.8709533411510275e+01
8                                      1.6477481887533742e+01
9                                      9.0171908579888183e-01
10                                     8.8928954394474602e-01
11                                     6.2648838885599059e+00
12                                     8.9752479672934693e-01
13                                     2.9049146367718336e+01
14                                     2.8710092891911138e+01
15                                     1.6507955658029847e+01
16                                     6.2807899340387117e+00
17                                     9.0398893524534452e-01
18                                     8.9699885353420239e-01
19                                     8.8688228494228127e-01
20                                     1.6479220299637710e+01
21                                     6.2620276594127775e+00
22                                     8.9783040513964552e-01
23                                     8.9027829786820845e-01
24                                     9.0201874902339607e-01
   &ZA [&Type "ArrayOfDoubles", &Dim (25,1)] "Total nuclear charge"
                                                         0

0                                      2.9000000000000000e+01
1                                      2.9000000000000000e+01
2                                      1.6000000000000000e+01
3                                      6.0000000000000000e+00
4                                      1.0000000000000000e+00
5                                      1.0000000000000000e+00
6                                      1.0000000000000000e+00
7                                      2.9000000000000000e+01
8                                      1.6000000000000000e+01
9                                      1.0000000000000000e+00
10                                     1.0000000000000000e+00
11                                     6.0000000000000000e+00
12                                     1.0000000000000000e+00
13                                     2.9000000000000000e+01
14                                     2.9000000000000000e+01
15                                     1.6000000000000000e+01
16                                     6.0000000000000000e+00
17                                     1.0000000000000000e+00
18                                     1.0000000000000000e+00
19                                     1.0000000000000000e+00
20                                     1.6000000000000000e+01
21                                     6.0000000000000000e+00
22                                     1.0000000000000000e+00
23                                     1.0000000000000000e+00
24                                     1.0000000000000000e+00
   &QA [&Type "ArrayOfDoubles", &Dim (25,1)] "Mulliken gross atomic charge"
                                                         0

0                                      3.3421556375589745e-01
1                                     -5.0044010911083348e-02
2                                     -5.0962747134219910e-01
3                                     -2.7861100131683081e-01
4                                      1.1282035429868642e-01
5                                      1.0257540877673499e-01
6                                      9.6334107317250450e-02
7                                      2.9046658848972484e-01
8                                     -4.7748188753374166e-01
9                                      9.8280914201118175e-02
10                                     1.1071045605525398e-01
11                                    -2.6488388855990586e-01
12                                     1.0247520327065307e-01
13                                    -4.9146367718336137e-02
14                                     2.8990710808886178e-01
15                                    -5.0795565802984655e-01
16                                    -2.8078993403871166e-01
17                                     9.6011064754655484e-02
18                                     1.0300114646579761e-01
19                                     1.1311771505771873e-01
20                                    -4.7922029963770996e-01
21                                    -2.6202765941277750e-01
22                                     1.0216959486035448e-01
23                                     1.0972170213179155e-01
24                                     9.7981250976603929e-02
   &VA [&Type "ArrayOfDoubles", &Dim (25,1)] "Mayer's total valence"
                                                         0

0                                      1.3073719302594462e+00
1                                      1.4893226961471484e+00
2                                      1.9582168749700486e+00
3                                      3.8579803593972564e+00
4                                      9.8324399891918635e-01
5                                      9.5795281827289958e-01
6                                      9.6466535890576965e-01
7                                      1.3508435947350712e+00
8                                      2.0253350997352317e+00
9                                      9.6199526457186535e-01
10                                     9.8361609213621248e-01
11                                     3.8320952617608057e+00
12                                     9.6547850790248124e-01
13                                     1.4910990996517661e+00
14                                     1.3510259712515271e+00
15                                     1.9573742961277478e+00
16                                     3.8603312683963962e+00
17                                     9.6438899840115389e-01
18                                     9.5812122775547504e-01
19                                     9.8248732983028519e-01
20                                     2.0245746873189354e+00
21                                     3.8289965305247260e+00
22                                     9.6570734518490164e-01
23                                     9.8504856959864628e-01
24                                     9.6226644538272721e-01
   &BVA [&Type "ArrayOfDoubles", &Dim (25,1)] "Mayer's bonded valence"
                                                         0

0                                      1.3073719302593574e+00
1                                      1.4893226961472621e+00
2                                      1.9582168749701534e+00
3                                      3.8579803593972479e+00
4                                      9.8324399891916703e-01
5                                      9.5795281827291157e-01
6                                      9.6466535890575233e-01
7                                      1.3508435947351600e+00
8                                      2.0253350997352779e+00
9                                      9.6199526457186213e-01
10                                     9.8361609213621393e-01
11                                     3.8320952617607706e+00
12                                     9.6547850790247725e-01
13                                     1.4910990996517484e+00
14                                     1.3510259712514312e+00
15                                     1.9573742961278029e+00
16                                     3.8603312683963837e+00
17                                     9.6438899840113368e-01
18                                     9.5812122775547648e-01
19                                     9.8248732983029818e-01
20                                     2.0245746873189479e+00
21                                     3.8289965305246807e+00
22                                     9.6570734518490031e-01
23                                     9.8504856959865639e-01
24                                     9.6226644538271655e-01
   &FA [&Type "ArrayOfDoubles", &Dim (25,1)] "Mayer's free valence"
                                                         0

0                                      0.0000000000000000e+00
1                                      0.0000000000000000e+00
2                                      0.0000000000000000e+00
3                                      0.0000000000000000e+00
4                                      0.0000000000000000e+00
5                                      0.0000000000000000e+00
6                                      0.0000000000000000e+00
7                                      0.0000000000000000e+00
8                                      0.0000000000000000e+00
9                                      0.0000000000000000e+00
10                                     0.0000000000000000e+00
11                                     0.0000000000000000e+00
12                                     0.0000000000000000e+00
13                                     0.0000000000000000e+00
14                                     0.0000000000000000e+00
15                                     0.0000000000000000e+00
16                                     0.0000000000000000e+00
17                                     0.0000000000000000e+00
18                                     0.0000000000000000e+00
19                                     0.0000000000000000e+00
20                                     0.0000000000000000e+00
21                                     0.0000000000000000e+00
22                                     0.0000000000000000e+00
23                                     0.0000000000000000e+00
24                                     0.0000000000000000e+00
   &Method [&Type "String"] "SCF"
   &Level [&Type "String"] "Relaxed density"
   &Mult [&Type "Integer"] 1
   &State [&Type "Integer"] -1
   &Irrep [&Type "Integer"] 0
$End
$SCF_Energy
   &GeometryIndex 1
   &Method [&Type "String"] "SCF"
   &totalEnergy [&Type "ArrayOfDoubles", &Dim (1,1)] "Total energy of each state"
                                                         0

0                                     -9.9435764705891124e+03
   &Mult [&Type "ArrayOfIntegers", &Dim (1,1)] "Multiplicity of each state"
                                                         0

0                                                        1
$End
$SCF_Timings
   &GeometryIndex 1
   &TOTAL [&Type "Double"]       1.8239066500000001e+02
   &PREP [&Type "Double"]       3.9006999999999997e-01
   &FOCK [&Type "Double"]       1.7426107699999997e+02
   &DENS [&Type "Double"]       4.5268200000001002e-01
   &ETOT [&Type "Double"]       2.1530800000001094e-01
   &POP [&Type "Double"]       9.6482000000008838e-02
   &TRAFO [&Type "Double"]       1.8156399999998385e-01
   &DIIS [&Type "Double"]       2.3779569999999950e+00
   &SOSCF [&Type "Double"]       4.9331900000001738e-01
   &FOCKSTART [&Type "Double"]       6.1069000000019469e-02
   &SPLITRIJ [&Type "Double"]       1.2412172999999985e+01
   &COSX [&Type "Double"]       1.6576345299999994e+02
   &FROZCORE [&Type "Double"]       2.1433999999999287e-02
$End
$MP2_Mulliken_Population_Analysis
   &GeometryIndex 1
   &NAtoms [&Type "Integer"] 25
   &ATNO [&Type "ArrayOfIntegers", &Dim (25,1)] 
                                                         0

0                                                       29
1                                                       29
2                                                       16
3                                                        6
4                                                        1
5                                                        1
6                                                        1
7                                                       29
8                                                       16
9                                                        1
10                                                       1
11                                                       6
12                                                       1
13                                                      29
14                                                      29
15                                                      16
16                                                       6
17                                                       1
18                                                       1
19                                                       1
20                                                      16
21                                                       6
22                                                       1
23                                                       1
24                                                       1
   &AtomicCharges [&Type "ArrayOfDoubles", &Dim (25,1)] 
                                                         0

0                                      3.2480315944771831e-01
1                                     -4.5632972977116992e-02
2                                     -5.0384231571817750e-01
3                                     -2.9041311553216254e-01
4                                      1.1570511881922174e-01
5                                      1.0609080262228687e-01
6                                      9.9561656219144479e-02
7                                      2.8614679218192052e-01
8                                     -4.7392158604385770e-01
9                                      1.0135771087391865e-01
10                                     1.1356352865393315e-01
11                                    -2.7657004818326225e-01
12                                     1.0558992532003353e-01
13                                    -4.4596012809176244e-02
14                                     2.8559197226690713e-01
15                                    -5.0219584147157192e-01
16                                    -2.9255521087811864e-01
17                                     9.9244564024960846e-02
18                                     1.0650724668988210e-01
19                                     1.1599693184155013e-01
20                                    -4.7558318691751111e-01
21                                    -2.7376711368147966e-01
22                                     1.0528289593247941e-01
23                                     1.1257284999915185e-01
24                                     1.0106224931931951e-01
   &Method [&Type "String"] "MP2"
   &Level [&Type "String"] "Unrelaxed density"
   &Mult [&Type "Integer"] 1
   &State [&Type "Integer"] -1
   &Irrep [&Type "Integer"] 0
$End
$MP2_Loewdin_Population_Analysis
   &GeometryIndex 1
   &NAtoms [&Type "Integer"] 25
   &ATNO [&Type "ArrayOfIntegers", &Dim (25,1)] 
                                                         0

0                                                       29
1                                                       29
2                                                       16
3                                                        6
4                                                        1
5                                                        1
6                                                        1
7                                                       29
8                                                       16
9                                                        1
10                                                       1
11                                                       6
12                                                       1
13                                                      29
14                                                      29
15                                                      16
16                                                       6
17                                                       1
18                                                       1
19                                                       1
20                                                      16
21                                                       6
22                                                       1
23                                                       1
24                                                       1
   &AtomicCharges [&Type "ArrayOfDoubles", &Dim (25,1)] 
                                                         0

0                                     -5.4389113468706185e-01
1                                     -3.0966766165643378e-01
2                                      4.2655609356891766e-01
3                                     -4.9252368507568622e-01
4                                      1.0138747375282109e-01
5                                      8.9496394100564980e-02
6                                      9.0457505048145093e-02
7                                     -3.5698232619080983e-01
8                                      4.1390526752297596e-01
9                                      9.1215993998859712e-02
10                                     1.0496691687736437e-01
11                                    -4.7990038808905400e-01
12                                     9.3804324515299742e-02
13                                    -3.1008207626908657e-01
14                                    -3.5695583178782186e-01
15                                     4.2738210134094246e-01
16                                    -4.9368971623555336e-01
17                                     9.0438283635650540e-02
18                                     8.9461353818022449e-02
19                                     1.0112420234577624e-01
20                                     4.1210798341861121e-01
21                                    -4.7895710599439756e-01
22                                     9.3905231711868709e-02
23                                     1.0534029686934243e-01
24                                     9.1100503460822990e-02
   &Method [&Type "String"] "MP2"
   &Level [&Type "String"] "Unrelaxed density"
   &Mult [&Type "Integer"] 1
   &State [&Type "Integer"] -1
   &Irrep [&Type "Integer"] 0
$End
$MP2_Mayer_Population_Analysis
   &GeometryIndex 1
   &NAtoms [&Type "Integer"] 25 "Total number of atoms"
   &NBondOrdersPrint [&Type "Integer"] 27 "The number of bond orders larger than threshold"
   &bondThresh [&Type "Double"]       1.0000000000000001e-01  "The threshold for printing"
   &components [&Type "ArrayOfIntegers", &Dim (27,4)] "The indices and atomic numbers of the bonding atoms"
                                                         0                           1                           2                           3

0                                                        0                          29                           1                          29
1                                                        0                          29                           2                          16
2                                                        0                          29                          13                          29
3                                                        0                          29                          15                          16
4                                                        1                          29                          13                          29
5                                                        1                          29                          20                          16
6                                                        2                          16                           3                           6
7                                                        2                          16                           7                          29
8                                                        3                           6                           4                           1
9                                                        3                           6                           5                           1
10                                                       3                           6                           6                           1
11                                                       7                          29                           8                          16
12                                                       8                          16                          11                           6
13                                                       8                          16                          13                          29
14                                                       9                           1                          11                           6
15                                                      10                           1                          11                           6
16                                                      11                           6                          12                           1
17                                                      14                          29                          15                          16
18                                                      14                          29                          20                          16
19                                                      15                          16                          16                           6
20                                                      16                           6                          17                           1
21                                                      16                           6                          18                           1
22                                                      16                           6                          19                           1
23                                                      20                          16                          21                           6
24                                                      21                           6                          22                           1
25                                                      21                           6                          23                           1
26                                                      21                           6                          24                           1
   &BondOrders [&Type "ArrayOfDoubles", &Dim (27,1)] "The bond orders"
                                                         0

0                                      3.2444850944592896e-01
1                                      3.1265240302712521e-01
2                                      3.2444125701309656e-01
3                                      3.1205926327720207e-01
4                                      6.2659742378398020e-01
5                                      4.0844892798301247e-01
6                                      8.7072934398019231e-01
7                                      6.4309350729086112e-01
8                                      9.3513503633926476e-01
9                                      9.3862951303957654e-01
10                                     9.4041580089327859e-01
11                                     6.0949453993742897e-01
12                                     8.6770575786472814e-01
13                                     4.1030811769015074e-01
14                                     9.3952844342882369e-01
15                                     9.3285144328444891e-01
16                                     9.4122446897825507e-01
17                                     6.4189746828675032e-01
18                                     6.1083281469012041e-01
19                                     8.7206120322755054e-01
20                                     9.4032217730121959e-01
21                                     9.3874731969213998e-01
22                                     9.3510443431242452e-01
23                                     8.6713929270532419e-01
24                                     9.4148228861960903e-01
25                                     9.3264078584307653e-01
26                                     9.3933784909424312e-01
   &ATNO [&Type "ArrayOfIntegers", &Dim (25,1)] "Atomic number of the elements"
                                                         0

0                                                       29
1                                                       29
2                                                       16
3                                                        6
4                                                        1
5                                                        1
6                                                        1
7                                                       29
8                                                       16
9                                                        1
10                                                       1
11                                                       6
12                                                       1
13                                                      29
14                                                      29
15                                                      16
16                                                       6
17                                                       1
18                                                       1
19                                                       1
20                                                      16
21                                                       6
22                                                       1
23                                                       1
24                                                       1
   &NA [&Type "ArrayOfDoubles", &Dim (25,1)] "Mulliken gross atomic population"
                                                         0

0                                      2.8675196840552491e+01
1                                      2.9045632972977149e+01
2                                      1.6503842315717989e+01
3                                      6.2904131155321945e+00
4                                      8.8429488118077637e-01
5                                      8.9390919737771535e-01
6                                      9.0043834378085230e-01
7                                      2.8713853207818033e+01
8                                      1.6473921586044057e+01
9                                      8.9864228912608124e-01
10                                     8.8643647134606696e-01
11                                     6.2765700481832134e+00
12                                     8.9441007467996525e-01
13                                     2.9044596012809389e+01
14                                     2.8714408027733171e+01
15                                     1.6502195841471618e+01
16                                     6.2925552108781009e+00
17                                     9.0075543597503926e-01
18                                     8.9349275331011757e-01
19                                     8.8400306815845087e-01
20                                     1.6475583186917568e+01
21                                     6.2737671136814823e+00
22                                     8.9471710406751881e-01
23                                     8.8742715000084726e-01
24                                     8.9893775068067860e-01
   &ZA [&Type "ArrayOfDoubles", &Dim (25,1)] "Total nuclear charge"
                                                         0

0                                      2.9000000000000000e+01
1                                      2.9000000000000000e+01
2                                      1.6000000000000000e+01
3                                      6.0000000000000000e+00
4                                      1.0000000000000000e+00
5                                      1.0000000000000000e+00
6                                      1.0000000000000000e+00
7                                      2.9000000000000000e+01
8                                      1.6000000000000000e+01
9                                      1.0000000000000000e+00
10                                     1.0000000000000000e+00
11                                     6.0000000000000000e+00
12                                     1.0000000000000000e+00
13                                     2.9000000000000000e+01
14                                     2.9000000000000000e+01
15                                     1.6000000000000000e+01
16                                     6.0000000000000000e+00
17                                     1.0000000000000000e+00
18                                     1.0000000000000000e+00
19                                     1.0000000000000000e+00
20                                     1.6000000000000000e+01
21                                     6.0000000000000000e+00
22                                     1.0000000000000000e+00
23                                     1.0000000000000000e+00
24                                     1.0000000000000000e+00
   &QA [&Type "ArrayOfDoubles", &Dim (25,1)] "Mulliken gross atomic charge"
                                                         0

0                                      3.2480315944750870e-01
1                                     -4.5632972977148967e-02
2                                     -5.0384231571798921e-01
3                                     -2.9041311553219451e-01
4                                      1.1570511881922363e-01
5                                      1.0609080262228465e-01
6                                      9.9561656219147698e-02
7                                      2.8614679218196670e-01
8                                     -4.7392158604405665e-01
9                                      1.0135771087391876e-01
10                                     1.1356352865393304e-01
11                                    -2.7657004818321340e-01
12                                     1.0558992532003475e-01
13                                    -4.4596012809389407e-02
14                                     2.8559197226682898e-01
15                                    -5.0219584147161811e-01
16                                    -2.9255521087810088e-01
17                                     9.9244564024960735e-02
18                                     1.0650724668988243e-01
19                                     1.1599693184154913e-01
20                                    -4.7558318691756796e-01
21                                    -2.7376711368148232e-01
22                                     1.0528289593248119e-01
23                                     1.1257284999915274e-01
24                                     1.0106224931932140e-01
   &VA [&Type "ArrayOfDoubles", &Dim (25,1)] "Mayer's total valence"
                                                         0

0                                      2.2665784322239566e+00
1                                      2.4568196890509801e+00
2                                      2.4351015766114505e+00
3                                      3.9899502280493566e+00
4                                      9.9182566191133847e-01
5                                      9.6734713483637891e-01
6                                      9.7480408066194579e-01
7                                      2.3036336567152502e+00
8                                      2.4902883069570727e+00
9                                      9.7205896621717014e-01
10                                     9.9233636541212267e-01
11                                     3.9623938689256391e+00
12                                     9.7537503457383323e-01
13                                     2.4585579093357972e+00
14                                     2.3036692137555996e+00
15                                     2.4343459863987178e+00
16                                     3.9923009219597985e+00
17                                     9.7454407779427132e-01
18                                     9.6750766596690663e-01
19                                     9.9108712917617348e-01
20                                     2.4895136572849745e+00
21                                     3.9593324100413638e+00
22                                     9.7561561443454048e-01
23                                     9.9377723732314138e-01
24                                     9.7232747032938516e-01
   &BVA [&Type "ArrayOfDoubles", &Dim (25,1)] "Mayer's bonded valence"
                                                         0

0                                      1.2073869930967902e+00
1                                      1.3683551173894806e+00
2                                      1.8176988748144871e+00
3                                      3.6568341233227351e+00
4                                      9.3941972302365551e-01
5                                      9.1613927727905897e-01
6                                      9.2236540017838264e-01
7                                      1.2674462174455903e+00
8                                      1.8810051526957881e+00
9                                      9.2025504523934187e-01
10                                     9.4022034414867506e-01
11                                     3.6336511149478805e+00
12                                     9.2389461212992929e-01
13                                     1.3701141881154044e+00
14                                     1.2676394385333680e+00
15                                     1.8170521160104585e+00
16                                     3.6592476899724211e+00
17                                     9.2210739888462101e-01
18                                     9.1630128444607128e-01
19                                     9.3870747750031946e-01
20                                     1.8801411721768546e+00
21                                     3.6305463369319426e+00
22                                     9.2411993394468828e-01
23                                     9.4149584631932970e-01
24                                     9.2049805492611203e-01
   &FA [&Type "ArrayOfDoubles", &Dim (25,1)] "Mayer's free valence"
                                                         0

0                                      1.0591914391271664e+00
1                                      1.0884645716614996e+00
2                                      6.1740270179696344e-01
3                                      3.3311610472662168e-01
4                                      5.2405938887682968e-02
5                                      5.1207857557319915e-02
6                                      5.2438680483563177e-02
7                                      1.0361874392696599e+00
8                                      6.0928315426128465e-01
9                                      5.1803920977828259e-02
10                                     5.2116021263447575e-02
11                                     3.2874275397775843e-01
12                                     5.1480422443903939e-02
13                                     1.0884437212203928e+00
14                                     1.0360297752222316e+00
15                                     6.1729387038825934e-01
16                                     3.3305323198737746e-01
17                                     5.2436678909650349e-02
18                                     5.1206381520835328e-02
19                                     5.2379651675854025e-02
20                                     6.0937248510811992e-01
21                                     3.2878607310942110e-01
22                                     5.1495680489852196e-02
23                                     5.2281391003811642e-02
24                                     5.1829415403273099e-02
   &Method [&Type "String"] "MP2"
   &Level [&Type "String"] "Unrelaxed density"
   &Mult [&Type "Integer"] 1
   &State [&Type "Integer"] -1
   &Irrep [&Type "Integer"] 0
$End
$MP2_Mulliken_Population_Analysis
   &GeometryIndex 1
   &NAtoms [&Type "Integer"] 25
   &ATNO [&Type "ArrayOfIntegers", &Dim (25,1)] 
                                                         0

0                                                       29
1                                                       29
2                                                       16
3                                                        6
4                                                        1
5                                                        1
6                                                        1
7                                                       29
8                                                       16
9                                                        1
10                                                       1
11                                                       6
12                                                       1
13                                                      29
14                                                      29
15                                                      16
16                                                       6
17                                                       1
18                                                       1
19                                                       1
20                                                      16
21                                                       6
22                                                       1
23                                                       1
24                                                       1
   &AtomicCharges [&Type "ArrayOfDoubles", &Dim (25,1)] 
                                                         0

0                                      2.6987175677433939e-01
1                                     -1.3017342445624891e-01
2                                     -3.3460518674177919e-01
3                                     -3.5517616055541090e-01
4                                      1.3471616814211596e-01
5                                      1.3170343898809778e-01
6                                      1.1938873414693696e-01
7                                      4.2861141834226402e-02
8                                     -2.8701906486041295e-01
9                                      1.2276798405542610e-01
10                                     1.4278056574291487e-01
11                                    -3.4564824676253458e-01
12                                     1.2455383712276469e-01
13                                    -1.3027171643459212e-01
14                                     4.2349458113413618e-02
15                                    -3.3325502429442366e-01
16                                    -3.5779881033354410e-01
17                                     1.1928739624782114e-01
18                                     1.3217926787285483e-01
19                                     1.3495748633791460e-01
20                                    -2.8891169469152445e-01
21                                    -3.4297248004150216e-01
22                                     1.2427208021108249e-01
23                                     1.4180006673251699e-01
24                                     1.2234242684954078e-01
   &Method [&Type "String"] "MP2"
   &Level [&Type "String"] "Relaxed density"
   &Mult [&Type "Integer"] 1
   &State [&Type "Integer"] -1
   &Irrep [&Type "Integer"] 0
$End
$MP2_Loewdin_Population_Analysis
   &GeometryIndex 1
   &NAtoms [&Type "Integer"] 25
   &ATNO [&Type "ArrayOfIntegers", &Dim (25,1)] 
                                                         0

0                                                       29
1                                                       29
2                                                       16
3                                                        6
4                                                        1
5                                                        1
6                                                        1
7                                                       29
8                                                       16
9                                                        1
10                                                       1
11                                                       6
12                                                       1
13                                                      29
14                                                      29
15                                                      16
16                                                       6
17                                                       1
18                                                       1
19                                                       1
20                                                      16
21                                                       6
22                                                       1
23                                                       1
24                                                       1
   &AtomicCharges [&Type "ArrayOfDoubles", &Dim (25,1)] 
                                                         0

0                                     -5.7583212638862591e-01
1                                     -3.1114215169796111e-01
2                                      4.4989062758447140e-01
3                                     -5.1479233237402866e-01
4                                      1.0955263277273075e-01
5                                      9.9942876245222800e-02
6                                      9.8312113760864794e-02
7                                     -3.9406091362025464e-01
8                                      4.3426751607448999e-01
9                                      1.0009426529582877e-01
10                                     1.1654600127712289e-01
11                                    -5.0201922957126843e-01
12                                     1.0184835595125130e-01
13                                    -3.1119884167970469e-01
14                                    -3.9419225068153807e-01
15                                     4.5070799833466069e-01
16                                    -5.1594568641472804e-01
17                                     9.8362204148165322e-02
18                                     9.9943838086930636e-02
19                                     1.0927786635255521e-01
20                                     4.3276042298699124e-01
21                                    -5.0117086338948358e-01
22                                     1.0194626964290732e-01
23                                     1.1696984044773329e-01
24                                     9.9931566855710585e-02
   &Method [&Type "String"] "MP2"
   &Level [&Type "String"] "Relaxed density"
   &Mult [&Type "Integer"] 1
   &State [&Type "Integer"] -1
   &Irrep [&Type "Integer"] 0
$End
$MP2_Mayer_Population_Analysis
   &GeometryIndex 1
   &NAtoms [&Type "Integer"] 25 "Total number of atoms"
   &NBondOrdersPrint [&Type "Integer"] 27 "The number of bond orders larger than threshold"
   &bondThresh [&Type "Double"]       1.0000000000000001e-01  "The threshold for printing"
   &components [&Type "ArrayOfIntegers", &Dim (27,4)] "The indices and atomic numbers of the bonding atoms"
                                                         0                           1                           2                           3

0                                                        0                          29                           1                          29
1                                                        0                          29                           2                          16
2                                                        0                          29                          13                          29
3                                                        0                          29                          15                          16
4                                                        1                          29                          13                          29
5                                                        1                          29                          20                          16
6                                                        2                          16                           3                           6
7                                                        2                          16                           7                          29
8                                                        3                           6                           4                           1
9                                                        3                           6                           5                           1
10                                                       3                           6                           6                           1
11                                                       7                          29                           8                          16
12                                                       8                          16                          11                           6
13                                                       8                          16                          13                          29
14                                                       9                           1                          11                           6
15                                                      10                           1                          11                           6
16                                                      11                           6                          12                           1
17                                                      14                          29                          15                          16
18                                                      14                          29                          20                          16
19                                                      15                          16                          16                           6
20                                                      16                           6                          17                           1
21                                                      16                           6                          18                           1
22                                                      16                           6                          19                           1
23                                                      20                          16                          21                           6
24                                                      21                           6                          22                           1
25                                                      21                           6                          23                           1
26                                                      21                           6                          24                           1
   &BondOrders [&Type "ArrayOfDoubles", &Dim (27,1)] "The bond orders"
                                                         0

0                                      3.1815691462586282e-01
1                                      4.4363783700136289e-01
2                                      3.1863108243363986e-01
3                                      4.4321870205180935e-01
4                                      6.1194260282170743e-01
5                                      5.4984552488122929e-01
6                                      8.9328524171401891e-01
7                                      8.0685276688320939e-01
8                                      9.2182891204969331e-01
9                                      9.2921364290625819e-01
10                                     9.2662678926543041e-01
11                                     7.5786927239355728e-01
12                                     8.8532258235056849e-01
13                                     5.5246303545100883e-01
14                                     9.2880048062025455e-01
15                                     9.2363460643176976e-01
16                                     9.2933300674109842e-01
17                                     8.0482712711895932e-01
18                                     7.5931485361374362e-01
19                                     8.9477683417740195e-01
20                                     9.2664858445592480e-01
21                                     9.2921875244575058e-01
22                                     9.2179704096334147e-01
23                                     8.8489850073852716e-01
24                                     9.2954315602852711e-01
25                                     9.2349452779804242e-01
26                                     9.2858351390563421e-01
   &ATNO [&Type "ArrayOfIntegers", &Dim (25,1)] "Atomic number of the elements"
                                                         0

0                                                       29
1                                                       29
2                                                       16
3                                                        6
4                                                        1
5                                                        1
6                                                        1
7                                                       29
8                                                       16
9                                                        1
10                                                       1
11                                                       6
12                                                       1
13                                                      29
14                                                      29
15                                                      16
16                                                       6
17                                                       1
18                                                       1
19                                                       1
20                                                      16
21                                                       6
22                                                       1
23                                                       1
24                                                       1
   &NA [&Type "ArrayOfDoubles", &Dim (25,1)] "Mulliken gross atomic population"
                                                         0

0                                      2.8730128243225714e+01
1                                      2.9130173424456455e+01
2                                      1.6334605186741946e+01
3                                      6.3551761605554384e+00
4                                      8.6528383185788382e-01
5                                      8.6829656101190222e-01
6                                      8.8061126585306360e-01
7                                      2.8957138858165685e+01
8                                      1.6287019064860452e+01
9                                      8.7723201594457323e-01
10                                     8.5721943425708813e-01
11                                     6.3456482467625230e+00
12                                     8.7544616287723531e-01
13                                     2.9130271716434592e+01
14                                     2.8957650541886530e+01
15                                     1.6333255024294321e+01
16                                     6.3577988103335388e+00
17                                     8.8071260375217697e-01
18                                     8.6782073212714317e-01
19                                     8.6504251366208718e-01
20                                     1.6288911694691485e+01
21                                     6.3429724800415066e+00
22                                     8.7572791978891806e-01
23                                     8.5819993326748323e-01
24                                     8.7765757315045989e-01
   &ZA [&Type "ArrayOfDoubles", &Dim (25,1)] "Total nuclear charge"
                                                         0

0                                      2.9000000000000000e+01
1                                      2.9000000000000000e+01
2                                      1.6000000000000000e+01
3                                      6.0000000000000000e+00
4                                      1.0000000000000000e+00
5                                      1.0000000000000000e+00
6                                      1.0000000000000000e+00
7                                      2.9000000000000000e+01
8                                      1.6000000000000000e+01
9                                      1.0000000000000000e+00
10                                     1.0000000000000000e+00
11                                     6.0000000000000000e+00
12                                     1.0000000000000000e+00
13                                     2.9000000000000000e+01
14                                     2.9000000000000000e+01
15                                     1.6000000000000000e+01
16                                     6.0000000000000000e+00
17                                     1.0000000000000000e+00
18                                     1.0000000000000000e+00
19                                     1.0000000000000000e+00
20                                     1.6000000000000000e+01
21                                     6.0000000000000000e+00
22                                     1.0000000000000000e+00
23                                     1.0000000000000000e+00
24                                     1.0000000000000000e+00
   &QA [&Type "ArrayOfDoubles", &Dim (25,1)] "Mulliken gross atomic charge"
                                                         0

0                                      2.6987175677428610e-01
1                                     -1.3017342445645497e-01
2                                     -3.3460518674194617e-01
3                                     -3.5517616055543844e-01
4                                      1.3471616814211618e-01
5                                      1.3170343898809778e-01
6                                      1.1938873414693640e-01
7                                      4.2861141834315220e-02
8                                     -2.8701906486045203e-01
9                                      1.2276798405542677e-01
10                                     1.4278056574291187e-01
11                                    -3.4564824676252304e-01
12                                     1.2455383712276469e-01
13                                    -1.3027171643459212e-01
14                                     4.2349458113470462e-02
15                                    -3.3325502429432063e-01
16                                    -3.5779881033353877e-01
17                                     1.1928739624782303e-01
18                                     1.3217926787285683e-01
19                                     1.3495748633791282e-01
20                                    -2.8891169469148537e-01
21                                    -3.4297248004150660e-01
22                                     1.2427208021108194e-01
23                                     1.4180006673251677e-01
24                                     1.2234242684954011e-01
   &VA [&Type "ArrayOfDoubles", &Dim (25,1)] "Mayer's total valence"
                                                         0

0                                      2.4396475342776620e+00
1                                      2.5300168329372084e+00
2                                      2.7596613938838179e+00
3                                      3.9793112677240408e+00
4                                      9.8743928441739703e-01
5                                      9.6075101634202209e-01
6                                      9.6581095519803750e-01
7                                      2.5845097785100322e+00
8                                      2.8136364425871192e+00
9                                      9.6436394497896205e-01
10                                     9.8586819669857373e-01
11                                     3.9644226970505616e+00
12                                     9.6632630394999963e-01
13                                     2.5324247204601864e+00
14                                     2.5841548869661346e+00
15                                     2.7585323404038902e+00
16                                     3.9823029783737356e+00
17                                     9.6557323540290241e-01
18                                     9.6081348309327641e-01
19                                     9.8668043002437267e-01
20                                     2.8121505353363205e+00
21                                     3.9617342109916653e+00
22                                     9.6647334982319555e-01
23                                     9.8756890313784629e-01
24                                     9.6458519378488561e-01
   &BVA [&Type "ArrayOfDoubles", &Dim (25,1)] "Mayer's bonded valence"
                                                         0

0                                      1.5680355424454770e+00
1                                      1.6246075667734698e+00
2                                      2.1863411677726226e+00
3                                      3.6502706406927832e+00
4                                      9.3561150851299579e-01
5                                      9.1070043466287209e-01
6                                      9.1499032033625816e-01
7                                      1.7104545890344904e+00
8                                      2.2474352948172611e+00
9                                      9.1383392992850598e-01
10                                     9.3426319681450143e-01
11                                     3.6403786024749198e+00
12                                     9.1609033342524437e-01
13                                     1.6267977137325305e+00
14                                     1.7103256495520682e+00
15                                     2.1852248427471488e+00
16                                     3.6533511072902405e+00
17                                     9.1474598612666624e-01
18                                     9.1077350274157731e-01
19                                     9.3487937260927412e-01
20                                     2.2458526523544742e+00
21                                     3.6376724724660892e+00
22                                     9.1620045801359518e-01
23                                     9.3579736115881840e-01
24                                     9.1403088469519367e-01
   &FA [&Type "ArrayOfDoubles", &Dim (25,1)] "Mayer's free valence"
                                                         0

0                                      8.7161199183218507e-01
1                                      9.0540926616373851e-01
2                                      5.7332022611119549e-01
3                                      3.2904062703125758e-01
4                                      5.1827775904401283e-02
5                                      5.0050581679149997e-02
6                                      5.0820634861779339e-02
7                                      8.7405518947554162e-01
8                                      5.6620114776985808e-01
9                                      5.0530015050456074e-02
10                                     5.1604999884072335e-02
11                                     3.2404409457564193e-01
12                                     5.0235970524755272e-02
13                                     9.0562700672765595e-01
14                                     8.7382923741406637e-01
15                                     5.7330749765674138e-01
16                                     3.2895187108349494e-01
17                                     5.0827249276236122e-02
18                                     5.0039980351699133e-02
19                                     5.1801057415098557e-02
20                                     5.6629788298184647e-01
21                                     3.2406173852557618e-01
22                                     5.0272891809600366e-02
23                                     5.1771541979027842e-02
24                                     5.0554309089691912e-02
   &Method [&Type "String"] "MP2"
   &Level [&Type "String"] "Relaxed density"
   &Mult [&Type "Integer"] 1
   &State [&Type "Integer"] -1
   &Irrep [&Type "Integer"] 0
$End
$MP2_Energies
   &GeometryIndex 1
   &refEnergy [&Type "ArrayOfDoubles", &Dim (1,1)] "Reference energy for each state"
                                                         0

0                                     -9.9435764705891124e+03
   &corrEnergy [&Type "ArrayOfDoubles", &Dim (1,1)] "MP2 correlation energy for each state"
                                                         0

0                                     -5.0677516886965535e+00
   &Method [&Type "String"] "MP2"
   &totalEnergy [&Type "ArrayOfDoubles", &Dim (1,1)] "Total energy of each state"
                                                         0

0                                     -9.9486442222778096e+03
   &Mult [&Type "ArrayOfIntegers", &Dim (1,1)] "Multiplicity of each state"
                                                         0

0                                                        1
$End
$MP2_Nuc_Gradient
   &GeometryIndex 1
   &NAtoms [&Type "Integer"] 25
   &gradNorm [&Type "Double"]       1.1962160633696747e-02
   &grad [&Type "ArrayOfDoubles", &Dim (75,1)] 
                                                         0

0                                     -2.0989200672646060e-03
1                                     -1.8231887417037378e-04
2                                     -6.5334571191643341e-04
3                                      3.8071083710271691e-03
4                                      4.4770816121629357e-04
5                                      1.6415613968353490e-03
6                                     -5.4710568524009295e-04
7                                      4.5300014226933097e-03
8                                     -9.1345903216875479e-04
9                                     -6.8816864304714620e-04
10                                    -7.7767478773549479e-04
11                                    -3.5821438591952370e-04
12                                     1.8644631073600404e-04
13                                     9.2764497815523567e-05
14                                    -4.7138038559022682e-05
15                                     1.5851481315520312e-04
16                                    -2.7416812247049727e-05
17                                    -2.3815059829630780e-06
18                                     6.0054997407372329e-05
19                                     3.3945480749433821e-06
20                                     2.0099015644217677e-05
21                                    -2.3250669434391937e-03
22                                    -2.6237623227175566e-03
23                                     1.8792981261550844e-03
24                                     1.5171472599492634e-04
25                                     2.4304238080805982e-03
26                                    -2.4399083301789738e-03
27                                     2.8152358132950417e-05
28                                    -1.2417855581199448e-04
29                                    -3.6870333442455550e-05
30                                     1.6591457062134496e-05
31                                    -7.4145568856258393e-05
32                                    -6.8019538841872923e-05
33                                     3.7996502097592880e-05
34                                     1.2151425915193914e-05
35                                     4.7346435840160683e-04
36                                     4.1914905391460255e-05
37                                    -8.5393106013579440e-05
38                                    -5.9571732118592763e-05
39                                     4.0768640750825664e-03
40                                    -4.8828346355448467e-04
41                                     6.3611052446249129e-04
42                                    -1.6237385294340682e-04
43                                     2.6773702569550155e-03
44                                    -3.0144240168801504e-03
45                                    -1.3050842597065061e-03
46                                    -4.5437705388476782e-03
47                                     4.2968092678200703e-04
48                                    -9.5681109847272142e-04
49                                     3.8617683151895938e-04
50                                     3.7667658467360234e-04
51                                     6.3484879945546052e-05
52                                     2.1063783841128924e-04
53                                     4.3859174078536567e-06
54                                     1.2660731286082355e-04
55                                     9.3644227244969735e-05
56                                     1.0255763731534251e-04
57                                     2.2108509893118029e-04
58                                     1.1003971470385787e-05
59                                     5.3656365436036482e-05
60                                    -1.3857860014940856e-03
61                                    -2.2275992757926806e-03
62                                     2.3198756245090928e-03
63                                     2.9834117671525238e-04
64                                    -5.3621275437400542e-05
65                                    -3.2571319696229201e-04
66                                    -1.8587468437362281e-05
67                                     3.3255402645570795e-05
68                                     1.3045136912662235e-04
69                                    -3.7310553426199433e-05
70                                     4.4080687908749222e-05
71                                     1.0326983699465025e-04
72                                    -1.4224465913271686e-05
73                                     8.7921089532651611e-05
74                                     8.0236195466883153e-05
   &Method [&Type "String"] "MP2"
   &Level [&Type "String"] "Relaxed density"
   &Mult [&Type "Integer"] 1
   &State [&Type "Integer"] 0
   &Irrep [&Type "Integer"] 0
$End
$Single_Point_Data
   &GeometryIndex 1
   &FinalEnergy [&Type "Double"]      -9.9486442222778096e+03  "Final single point energy"
   &Converged [&Type "Boolean"] true
$End
$Geometry
   &GeometryIndex 2
   &NAtoms [&Type "Integer"] 25
   &NCorelessECP [&Type "Integer"] 0
   &NGhostAtoms [&Type "Integer"] 0
   &CartesianCoordinates [&Type "Coordinates", &Dim(25,4), &Units "Bohr"] 
              Cu   -11.290119745346   14.617207450272    7.180795047886
              Cu    -6.836373669011   16.006306757694    6.588255990633
              S    -13.926851547389   11.176877723134    7.191261044038
              C    -17.095776649254   12.333695926953    7.925741618026
              H    -17.017376169161   14.290865886631    8.563785882581
              H    -17.961951346834   11.165018937718    9.381637939282
              H    -18.246867905529   12.232252917508    6.218512944352
              Cu   -11.839080842584   10.948867698181   10.637165411244
              S     -8.897395391070   11.273932092144   13.472586927785
              H    -11.531496733473   12.968403985328   16.821454544124
              H    -10.831629351640   15.335884577545   14.542387445067
              C    -10.067498522021   13.742000160614   15.596792387568
              H     -8.499441063191   14.400648215245   16.759153945317
              Cu    -7.778623479451   13.503547902840   10.104676109429
              Cu   -10.114483142696   18.316447529253    3.908298880477
              S    -13.699044324930   17.912197900146    5.728618781197
              C    -15.959507973687   16.615483533156    3.466870828107
              H    -17.835108042783   16.644158144361    4.321715573300
              H    -15.992554022649   17.760128663784    1.756549587157
              H    -15.468347777928   14.672489576302    2.990338190544
              S     -6.101325827730   18.216720436328    3.096835004247
              C     -5.795685128998   15.672002721805    0.770479405570
              H     -3.814175543772   15.118631532273    0.664932408524
              H     -6.917497785589   14.031320808005    1.305749063923
              H     -6.405170187793   16.342276171467   -1.079020511403
$End
$SCF_Energy
   &GeometryIndex 2
   &Method [&Type "String"] "SCF"
   &totalEnergy [&Type "ArrayOfDoubles", &Dim (1,1)] "Total energy of each state"
                                                         0

0                                     -9.9435770553937855e+03
   &Mult [&Type "ArrayOfIntegers", &Dim (1,1)] "Multiplicity of each state"
                                                         0

0                                                        1
$End
$SCF_Timings
   &GeometryIndex 2
   &TOTAL [&Type "Double"]       6.9362244000000004e+01
   &PREP [&Type "Double"]       3.6940499999999998e-01
   &FOCK [&Type "Double"]       6.3292412000000006e+01
   &DENS [&Type "Double"]       1.5464399999999756e-01
   &ETOT [&Type "Double"]       7.5228000000009843e-02
   &TRAFO [&Type "Double"]       1.7657199999999662e-01
   &DIIS [&Type "Double"]       7.2971099999999289e-01
   &SOSCF [&Type "Double"]       2.7312799999999982e-01
   &FOCKSTART [&Type "Double"]       2.8005000000003444e-02
   &SPLITRIJ [&Type "Double"]       4.2906980000000017e+00
   &COSX [&Type "Double"]       6.3414587999999995e+01
   &FROZCORE [&Type "Double"]       2.1411000000000513e-02
$End
$MP2_Energies
   &GeometryIndex 2
   &refEnergy [&Type "ArrayOfDoubles", &Dim (1,1)] "Reference energy for each state"
                                                         0

0                                     -9.9435770553937855e+03
   &corrEnergy [&Type "ArrayOfDoubles", &Dim (1,1)] "MP2 correlation energy for each state"
                                                         0

0                                     -5.0676068362695244e+00
   &Method [&Type "String"] "MP2"
   &totalEnergy [&Type "ArrayOfDoubles", &Dim (1,1)] "Total energy of each state"
                                                         0

0                                     -9.9486446622300555e+03
   &Mult [&Type "ArrayOfIntegers", &Dim (1,1)] "Multiplicity of each state"
                                                         0

0                                                        1
$End
$MP2_Nuc_Gradient
   &GeometryIndex 2
   &NAtoms [&Type "Integer"] 25
   &gradNorm [&Type "Double"]       1.1079877568323156e-02
   &grad [&Type "ArrayOfDoubles", &Dim (75,1)] 
                                                         0

0                                     -2.0310249765874335e-03
1                                     -1.5883398395172472e-04
2                                     -6.3670369492335298e-04
3                                      3.6998825686018668e-03
4                                      2.5866599338896998e-04
5                                      1.5242035038815199e-03
6                                     -4.2718389989277600e-04
7                                      3.9550248287669645e-03
8                                     -8.6475347735776205e-04
9                                     -4.8698065526925523e-04
10                                    -6.0762199446780501e-04
11                                    -2.8690922123174832e-04
12                                     1.0898726722915770e-04
13                                     4.8856998668980745e-05
14                                    -3.7242287068795649e-05
15                                     1.0013845266680470e-04
16                                     1.0770754282386774e-06
17                                     1.6066533318280507e-05
18                                     2.7742038649964176e-05
19                                     1.8878686445424758e-06
20                                     2.4865760391290515e-06
21                                    -2.4100749976858479e-03
22                                    -2.4698580055041346e-03
23                                     1.8018350009674951e-03
24                                     1.9162500493621892e-04
25                                     2.0958252975015676e-03
26                                    -2.3114597855494155e-03
27                                     1.8736810188674929e-05
28                                    -9.8320127436815272e-05
29                                    -2.3082654338684588e-05
30                                     2.0854889779854668e-06
31                                    -4.7087580562321651e-05
32                                    -4.6361651746054666e-05
33                                     6.0629868471696012e-05
34                                    -1.5739493817275990e-05
35                                     3.3611322393388259e-04
36                                     2.2878907387103437e-05
37                                    -6.4811341895971292e-05
38                                    -4.3282902904919623e-05
39                                     3.8997527685781250e-03
40                                    -2.7076608897821756e-04
41                                     6.7196518437112780e-04
42                                    -3.6674010564203196e-04
43                                     2.5082312720793335e-03
44                                    -2.9836562986540549e-03
45                                    -1.1392646540047697e-03
46                                    -3.9913681646243510e-03
47                                     5.0152621157778521e-04
48                                    -7.1386838938889904e-04
49                                     3.6492305306262251e-04
50                                     2.9792121900172087e-04
51                                     3.4209390168966902e-05
52                                     1.4408451887725653e-04
53                                     1.8448005670530787e-05
54                                     9.0907139284587433e-05
55                                     4.8334931707375017e-05
56                                     5.8222220183378609e-05
57                                     1.2146369451096137e-04
58                                     1.6296972937781401e-05
59                                     4.2632950684827649e-05
60                                    -1.2644345664127323e-03
61                                    -1.9322046227783964e-03
62                                     2.2352774991433143e-03
63                                     2.3231283600858976e-04
64                                    -3.5249309856610206e-05
65                                    -2.0611942340934691e-04
66                                    -1.2906203292514795e-05
67                                     1.4852010078564813e-05
68                                     9.3083646817459419e-05
69                                    -3.4056876083071730e-05
70                                     1.6694188515079672e-05
71                                     7.0893644084557214e-05
72                                    -7.9541593719038156e-06
73                                     6.0518085701592381e-05
74                                     5.9750852694492179e-05
   &Method [&Type "String"] "MP2"
   &Level [&Type "String"] "Relaxed density"
   &Mult [&Type "Integer"] 1
   &State [&Type "Integer"] 0
   &Irrep [&Type "Integer"] 0
$End
$Single_Point_Data
   &GeometryIndex 2
   &FinalEnergy [&Type "Double"]      -9.9486446622300555e+03  "Final single point energy"
   &Converged [&Type "Boolean"] true
$End
$Geometry
   &GeometryIndex 3
   &NAtoms [&Type "Integer"] 25
   &NCorelessECP [&Type "Integer"] 0
   &NGhostAtoms [&Type "Integer"] 0
   &CartesianCoordinates [&Type "Coordinates", &Dim(25,4), &Units "Bohr"] 
              Cu   -11.295854370872   14.621573671032    7.184241239360
              Cu    -6.848764230971   15.969789412862    6.552901291562
              S    -13.884421464370   11.113996994197    7.194660479529
              C    -17.038874503230   12.311210420171    7.938002859432
              H    -16.941216421634   14.259960594853    8.596504551812
              H    -17.930299770901   11.141933464379    9.379372022890
              H    -18.189762896767   12.243240534776    6.228376351436
              Cu   -11.811441889401   10.950799461004   10.644130944913
              S     -8.897413709454   11.282279448286   13.507578133517
              H    -11.603052656443   12.946238315771   16.820945289947
              H    -10.889545496145   15.323999018785   14.560971614176
              C    -10.125862643259   13.733242315740   15.620313821247
              H     -8.585591049207   14.406290393159   16.811804823714
              Cu    -7.812290416940   13.570003968984   10.143050993250
              Cu   -10.104076750027   18.320581103839    3.918571759782
              S    -13.674385840265   17.979841516411    5.754536048558
              C    -15.897643583183   16.647133166866    3.471624150181
              H    -17.778354387941   16.627880908264    4.317237532065
              H    -15.951782890602   17.795274029935    1.763708321411
              H    -15.371643654670   14.715589301702    2.987593798622
              S     -6.098164189780   18.208944954974    3.058971090269
              C     -5.851936981666   15.664569415315    0.723954077437
              H     -3.876988244691   15.095765751677    0.577733818058
              H     -6.974263414301   14.029289050726    1.274042832206
              H     -6.489750717788   16.337940034979   -1.115253396399
$End
$SCF_Energy
   &GeometryIndex 3
   &Method [&Type "String"] "SCF"
   &totalEnergy [&Type "ArrayOfDoubles", &Dim (1,1)] "Total energy of each state"
                                                         0

0                                     -9.9435787773816337e+03
   &Mult [&Type "ArrayOfIntegers", &Dim (1,1)] "Multiplicity of each state"
                                                         0

0                                                        1
$End
$SCF_Timings
   &GeometryIndex 3
   &TOTAL [&Type "Double"]       9.0744892000000007e+01
   &PREP [&Type "Double"]       3.7073499999999998e-01
   &FOCK [&Type "Double"]       8.5189729999999997e+01
   &DENS [&Type "Double"]       2.0266399999999862e-01
   &ETOT [&Type "Double"]       9.9380999999993946e-02
   &TRAFO [&Type "Double"]       1.8047199999999108e-01
   &DIIS [&Type "Double"]       7.6374099999999778e-01
   &SOSCF [&Type "Double"]       4.8282500000001249e-01
   &FOCKSTART [&Type "Double"]       3.6532000000018994e-02
   &SPLITRIJ [&Type "Double"]       5.6548719999999912e+00
   &COSX [&Type "Double"]       8.3128857999999994e+01
   &FROZCORE [&Type "Double"]       2.2335999999995693e-02
$End
$MP2_Energies
   &GeometryIndex 3
   &refEnergy [&Type "ArrayOfDoubles", &Dim (1,1)] "Reference energy for each state"
                                                         0

0                                     -9.9435787773816337e+03
   &corrEnergy [&Type "ArrayOfDoubles", &Dim (1,1)] "MP2 correlation energy for each state"
                                                         0

0                                     -5.0664380344145385e+00
   &Method [&Type "String"] "MP2"
   &totalEnergy [&Type "ArrayOfDoubles", &Dim (1,1)] "Total energy of each state"
                                                         0

0                                     -9.9486452154160488e+03
   &Mult [&Type "ArrayOfIntegers", &Dim (1,1)] "Multiplicity of each state"
                                                         0

0                                                        1
$End
$MP2_Nuc_Gradient
   &GeometryIndex 3
   &NAtoms [&Type "Integer"] 25
   &gradNorm [&Type "Double"]       7.1076154546410525e-03
   &grad [&Type "ArrayOfDoubles", &Dim (75,1)] 
                                                         0

0                                     -1.5196893166184097e-03
1                                     -1.1917500722707854e-04
2                                     -5.2037480871391841e-04
3                                      2.7430936928133521e-03
4                                     -8.0987810836708786e-04
5                                      9.5952043767843533e-04
6                                      2.6103528572943638e-04
7                                      2.9878371403106209e-04
8                                     -4.1261460245063837e-04
9                                      6.0724837565090048e-04
10                                     2.2886988360885149e-04
11                                     5.8333328026299522e-05
12                                    -2.4128059410043028e-04
13                                    -2.0853096100264396e-05
14                                     2.5872196342553028e-05
15                                    -1.8408503598774453e-04
16                                     1.1534752799150991e-04
17                                     7.6891114669238453e-05
18                                    -9.3937234674714223e-05
19                                    -1.1238800301828717e-05
20                                     1.5560984081956081e-05
21                                    -2.8088606405287809e-03
22                                    -1.4700202498273258e-03
23                                     1.1815894956138159e-03
24                                     4.7575996413540527e-04
25                                     6.1066503184787485e-05
26                                    -1.3645930810648015e-03
27                                    -5.3482743395876636e-05
28                                     6.1756171618541911e-05
29                                     5.7396348585647683e-05
30                                    -5.4241467790837328e-05
31                                     3.2821519339736732e-05
32                                     1.0505534098225952e-04
33                                     1.6009362820303304e-04
34                                    -7.6620672618330291e-05
35                                    -4.2007700992048765e-04
36                                    -6.7781898073247110e-05
37                                     4.6817490192594194e-05
38                                     7.8157135310098769e-05
39                                     2.6625010805018537e-03
40                                     1.0126044467975975e-03
41                                     8.2653420399619523e-04
42                                    -1.6940900560475634e-03
43                                     1.3432459402171713e-03
44                                    -2.6138007536045714e-03
45                                    -8.3769816111328721e-05
46                                    -4.3512094365473052e-04
47                                     6.5385816056018516e-04
48                                     6.4682545115473354e-04
49                                     2.7846789945147740e-04
50                                    -3.2791661475552181e-05
51                                    -4.7704216618128792e-05
52                                    -1.6277484603684732e-04
53                                     3.2076057624841336e-05
54                                    -7.7867386884524544e-05
55                                    -1.6388425326895398e-04
56                                    -1.1282143973348827e-04
57                                    -2.8335519922324109e-04
58                                    -6.1395418845949790e-05
59                                    -1.3390071573278831e-05
60                                    -4.2108691225868980e-04
61                                    -1.4092379473129753e-04
62                                     1.4537448025472716e-03
63                                    -1.3022804521051548e-04
64                                     2.7531480321550672e-05
65                                     4.5630603893380764e-04
66                                     1.8489540230121060e-07
67                                    -8.3749412085054598e-05
68                                    -1.0373025830405296e-04
69                                     7.0661939457275502e-06
70                                    -5.3782046601485306e-05
71                                    -1.0559201874014296e-04
72                                     2.4887607792498101e-05
73                                    -8.7834048483030266e-05
74                                    -5.4848032205095931e-05
   &Method [&Type "String"] "MP2"
   &Level [&Type "String"] "Relaxed density"
   &Mult [&Type "Integer"] 1
   &State [&Type "Integer"] 0
   &Irrep [&Type "Integer"] 0
$End
$Single_Point_Data
   &GeometryIndex 3
   &FinalEnergy [&Type "Double"]      -9.9486452154160488e+03  "Final single point energy"
   &Converged [&Type "Boolean"] true
$End
$Geometry
   &GeometryIndex 4
   &NAtoms [&Type "Integer"] 25
   &NCorelessECP [&Type "Integer"] 0
   &NGhostAtoms [&Type "Integer"] 0
   &CartesianCoordinates [&Type "Coordinates", &Dim(25,4), &Units "Bohr"] 
              Cu   -11.292435890512   14.623315423789    7.186659225122
              Cu    -6.849139996052   15.956531016507    6.540952215092
              S    -13.860061232706   11.088948612031    7.192663837963
              C    -17.014954497787   12.287197321760    7.936117881081
              H    -16.915814705859   14.229839945948    8.611616124921
              H    -17.914257493113   11.107361013655    9.364062954603
              H    -18.160385216378   12.236474406258    6.222144628650
              Cu   -11.794191167466   10.950130162831   10.644744118593
              S     -8.898349755168   11.293284717796   13.525780596788
              H    -11.637054935681   12.945825672553   16.819217866386
              H    -10.918637886977   15.325624817436   14.563509130206
              C    -10.154803870647   13.739007511067   15.628874794631
              H     -8.626965084269   14.420466240763   16.831592596225
              Cu    -7.819934493691   13.591530757891   10.155926901117
              Cu   -10.094114055008   18.324099379420    3.927517518094
              S    -13.658512052661   18.008032199021    5.771301749861
              C    -15.876708729508   16.673110905737    3.482928263651
              H    -17.756191525595   16.634466272543    4.330808371719
              H    -15.942402767473   17.831862990053    1.782462681201
              H    -15.337764553979   14.748767181940    2.985319851354
              S     -6.093202760080   18.198672013730    3.040000674704
              C     -5.876167095015   15.653753940178    0.702344553632
              H     -3.904812440455   15.076857955224    0.539739194143
              H     -7.000402932501   14.022739468928    1.261066512679
              H     -6.526117035925   16.329467321628   -1.131777793442
$End
$SCF_Energy
   &GeometryIndex 4
   &Method [&Type "String"] "SCF"
   &totalEnergy [&Type "ArrayOfDoubles", &Dim (1,1)] "Total energy of each state"
                                                         0

0                                     -9.9435792590853689e+03
   &Mult [&Type "ArrayOfIntegers", &Dim (1,1)] "Multiplicity of each state"
                                                         0

0                                                        1
$End
$SCF_Timings
   &GeometryIndex 4
   &TOTAL [&Type "Double"]       8.7582782999999992e+01
   &PREP [&Type "Double"]       3.2753500000000002e-01
   &FOCK [&Type "Double"]       8.1908531999999980e+01
   &DENS [&Type "Double"]       1.9297499999998990e-01
   &ETOT [&Type "Double"]       1.0130300000001569e-01
   &TRAFO [&Type "Double"]       1.7350699999999897e-01
   &DIIS [&Type "Double"]       7.9704900000000301e-01
   &SOSCF [&Type "Double"]       4.5495800000000486e-01
   &FOCKSTART [&Type "Double"]       3.4008999999997180e-02
   &SPLITRIJ [&Type "Double"]       5.6860299999999864e+00
   &COSX [&Type "Double"]       7.9891270000000006e+01
   &FROZCORE [&Type "Double"]       2.0785000000003606e-02
$End
$MP2_Energies
   &GeometryIndex 4
   &refEnergy [&Type "ArrayOfDoubles", &Dim (1,1)] "Reference energy for each state"
                                                         0

0                                     -9.9435792590853689e+03
   &corrEnergy [&Type "ArrayOfDoubles", &Dim (1,1)] "MP2 correlation energy for each state"
                                                         0

0                                     -5.0659027054465575e+00
   &Method [&Type "String"] "MP2"
   &totalEnergy [&Type "ArrayOfDoubles", &Dim (1,1)] "Total energy of each state"
                                                         0

0                                     -9.9486451617908151e+03
   &Mult [&Type "ArrayOfIntegers", &Dim (1,1)] "Multiplicity of each state"
                                                         0

0                                                        1
$End
$MP2_Nuc_Gradient
   &GeometryIndex 4
   &NAtoms [&Type "Integer"] 25
   &gradNorm [&Type "Double"]       6.5638887336458562e-03
   &grad [&Type "ArrayOfDoubles", &Dim (75,1)] 
                                                         0

0                                     -1.2150487137489313e-03
1                                     -1.0312018428569863e-04
2                                     -4.6824406254107566e-04
3                                      2.2811949250821743e-03
4                                     -1.0341421809016826e-03
5                                      8.3134278881128593e-04
6                                      3.8253645216491244e-04
7                                     -8.2523241822167991e-04
8                                     -1.7598843583309810e-04
9                                      7.3041839834891466e-04
10                                     3.8403199260635817e-04
11                                     1.9537090401899621e-04
12                                    -2.2672913551024338e-04
13                                    -1.0577389865235043e-05
14                                     2.7022461507625328e-05
15                                    -1.9285133755848720e-04
16                                     1.2066175145333813e-04
17                                     4.8546894794405243e-05
18                                    -1.0634843418374368e-04
19                                    -2.7614052358678398e-05
20                                     1.9545649132316628e-05
21                                    -2.8145239802727677e-03
22                                    -1.1538376594473721e-03
23                                     8.8710201528691482e-04
24                                     5.2707566145800827e-04
25                                    -5.0478884654195713e-04
26                                    -9.1703109865418249e-04
27                                    -6.4480919795561337e-05
28                                     8.8043143458565662e-05
29                                     7.0652114866443655e-05
30                                    -6.0316850695723428e-05
31                                     4.2924728364271414e-05
32                                     1.1376902217481721e-04
33                                     1.3960477803815798e-04
34                                    -4.9728678727193124e-05
35                                    -4.9379275661184593e-04
36                                    -8.2792186062049383e-05
37                                     5.3837537080405479e-05
38                                     8.6640316571563042e-05
39                                     2.1993286295782688e-03
40                                     1.2880583220320693e-03
41                                     7.3442981569890597e-04
42                                    -2.0931609864842109e-03
43                                     1.0011786164654418e-03
44                                    -2.3108857651352264e-03
45                                     2.6143574054364287e-04
46                                     7.0360030761272519e-04
47                                     5.1329090844959985e-04
48                                     8.4384557772662801e-04
49                                     1.3582668542555607e-04
50                                    -9.8351100455492876e-05
51                                    -5.9653451567685811e-05
52                                    -1.5837331356784862e-04
53                                    -1.3591931025697807e-06
54                                    -9.1962284451894342e-05
55                                    -1.7066235210713016e-04
56                                    -1.0851494677855539e-04
57                                    -2.6447634148059340e-04
58                                    -8.0405116174259855e-05
59                                    -1.8955409873150364e-05
60                                    -9.2004468325574632e-05
61                                     3.3206017136279582e-04
62                                     1.0278763813822527e-03
63                                    -1.7557284127541102e-04
64                                     3.2392943061027718e-05
65                                     4.9305643136361536e-04
66                                    -7.5857102399268239e-06
67                                    -8.9377226224012472e-05
68                                    -1.1793893564536256e-04
69                                     9.9097585691612644e-06
70                                    -6.5770326840047799e-05
71                                    -1.0820661958096944e-04
72                                     2.6306719461646755e-05
73                                    -1.0423304674284095e-04
74                                    -6.9148932898489140e-05
   &Method [&Type "String"] "MP2"
   &Level [&Type "String"] "Relaxed density"
   &Mult [&Type "Integer"] 1
   &State [&Type "Integer"] 0
   &Irrep [&Type "Integer"] 0
$End
$Single_Point_Data
   &GeometryIndex 4
   &FinalEnergy [&Type "Double"]      -9.9486451617908151e+03  "Final single point energy"
   &Converged [&Type "Boolean"] true
$End
$Geometry
   &GeometryIndex 5
   &NAtoms [&Type "Integer"] 25
   &NCorelessECP [&Type "Integer"] 0
   &NGhostAtoms [&Type "Integer"] 0
   &CartesianCoordinates [&Type "Coordinates", &Dim(25,4), &Units "Bohr"] 
              Cu   -11.282254274853   14.624540866014    7.190267167412
              Cu    -6.843194459835   15.945794268143    6.532739497072
              S    -13.830223793182   11.067441895079    7.187471571798
              C    -16.993166912589   12.249672594480    7.925603631196
              H    -16.901245488745   14.183696186037    8.625855565299
              H    -17.897776209221   11.049146847714    9.332745073650
              H    -18.127122448746   12.218415645528    6.203602013597
              Cu   -11.771903321341   10.948360194202   10.643429304554
              S     -8.900221911013   11.311143136112   13.546924446027
              H    -11.672852053222   12.955916744397   16.815827651797
              H    -10.949606737499   15.334589997089   14.559954865705
              C    -10.185895111343   13.754722639273   15.635310210020
              H     -8.670429620776   14.446496031487   16.847684187529
              Cu    -7.819106414947   13.604360770365   10.165191126781
              Cu   -10.078065798286   18.328443005170    3.940855851851
              S    -13.637314713146   18.033090107694    5.793247435472
              C    -15.863791310878   16.710563155449    3.504116869707
              H    -17.738074004636   16.653971857554    4.362206971170
              H    -15.944608616353   17.888976478799    1.817728821203
              H    -15.316221408475   14.795482470863    2.981768378337
              S     -6.084104244449   18.181767189017    3.019513842361
              C     -5.898578606355   15.635745614330    0.680214938667
              H     -3.931285999765   15.049573743363    0.502740939842
              H     -7.026293069726   14.010664560200    1.249015396015
              H     -6.560045645127   16.314791250327   -1.148441308086
$End
$SCF_Energy
   &GeometryIndex 5
   &Method [&Type "String"] "SCF"
   &totalEnergy [&Type "ArrayOfDoubles", &Dim (1,1)] "Total energy of each state"
                                                         0

0                                     -9.9435798559190152e+03
   &Mult [&Type "ArrayOfIntegers", &Dim (1,1)] "Multiplicity of each state"
                                                         0

0                                                        1
$End
$SCF_Timings
   &GeometryIndex 5
   &TOTAL [&Type "Double"]       8.2741486000000009e+01
   &PREP [&Type "Double"]       3.3886799999999995e-01
   &FOCK [&Type "Double"]       7.7531090999999989e+01
   &DENS [&Type "Double"]       1.9125499999999818e-01
   &ETOT [&Type "Double"]       9.2151999999998679e-02
   &TRAFO [&Type "Double"]       1.7349000000000281e-01
   &DIIS [&Type "Double"]       7.4453400000000158e-01
   &SOSCF [&Type "Double"]       4.3539200000000022e-01
   &FOCKSTART [&Type "Double"]       3.3872000000006508e-02
   &SPLITRIJ [&Type "Double"]       5.2954900000000009e+00
   &COSX [&Type "Double"]       7.5580370999999985e+01
   &FROZCORE [&Type "Double"]       2.4979000000001861e-02
$End
$MP2_Energies
   &GeometryIndex 5
   &refEnergy [&Type "ArrayOfDoubles", &Dim (1,1)] "Reference energy for each state"
                                                         0

0                                     -9.9435798559190152e+03
   &corrEnergy [&Type "ArrayOfDoubles", &Dim (1,1)] "MP2 correlation energy for each state"
                                                         0

0                                     -5.0654029850632414e+00
   &Method [&Type "String"] "MP2"
   &totalEnergy [&Type "ArrayOfDoubles", &Dim (1,1)] "Total energy of each state"
                                                         0

0                                     -9.9486452589040782e+03
   &Mult [&Type "ArrayOfIntegers", &Dim (1,1)] "Multiplicity of each state"
                                                         0

0                                                        1
$End
$MP2_Nuc_Gradient
   &GeometryIndex 5
   &NAtoms [&Type "Integer"] 25
   &gradNorm [&Type "Double"]       5.9795432890752545e-03
   &grad [&Type "ArrayOfDoubles", &Dim (75,1)] 
                                                         0

0                                     -7.7288857084003605e-04
1                                     -8.6581489326821972e-05
2                                     -3.5004039579193246e-04
3                                      1.8169252958955022e-03
4                                     -1.0301145255625531e-03
5                                      8.4052495055218258e-04
6                                      3.5119212191533911e-04
7                                     -1.5066196578200856e-03
8                                      6.8095954853698501e-05
9                                      5.2014862908270239e-04
10                                     3.9812110072850928e-04
11                                     2.9732378992283065e-04
12                                    -1.1163832890628139e-04
13                                    -5.5713727928514978e-06
14                                    -4.5658538929630593e-06
15                                    -1.2616554451158439e-04
16                                     7.4996488530550132e-05
17                                     1.0477851893592183e-05
18                                    -9.2437583760948336e-05
19                                    -3.0634425524065072e-05
20                                     1.7773504663049638e-05
21                                    -2.5820828400157951e-03
22                                    -9.6576694020055268e-04
23                                     5.6435074988487634e-04
24                                     4.5403486711809767e-04
25                                    -7.2312106804146153e-04
26                                    -4.2680436541848825e-04
27                                    -4.9178694463924283e-05
28                                     7.3444385560884201e-05
29                                     5.8019470192554462e-05
30                                    -4.3456945579153916e-05
31                                     2.8890423554122496e-05
32                                     6.9429749502098598e-05
33                                     6.4398224953523056e-05
34                                    -4.5024526972945594e-06
35                                    -3.5157771262107722e-04
36                                    -6.6579762488111482e-05
37                                     3.3253915510544560e-05
38                                     6.1570218161652313e-05
39                                     1.8451891080115616e-03
40                                     1.2973288506999770e-03
41                                     4.7514953546736079e-04
42                                    -2.2311031240460568e-03
43                                     7.9637014690099681e-04
44                                    -1.8519262144948748e-03
45                                     4.8070290307831651e-04
46                                     1.4560046298998973e-03
47                                     2.2079835240419732e-04
48                                     6.7997016139727251e-04
49                                    -1.0922230244525457e-04
50                                    -1.3704903229522225e-04
51                                    -6.4433917625793952e-05
52                                    -5.8272704611880941e-05
53                                    -5.0180781381531023e-05
54                                    -6.3852064863926064e-05
55                                    -1.0123762095463548e-04
56                                    -6.0152857360697143e-05
57                                    -1.2461061864982304e-04
58                                    -5.0408758048348101e-05
59                                    -9.6944461761231532e-06
60                                     1.3912564011001700e-04
61                                     5.0512370569770308e-04
62                                     5.4273271545225363e-04
63                                    -1.4428480283410015e-04
64                                     5.0302636740839207e-06
65                                     3.2275301482875829e-04
66                                    -6.1046540955934925e-06
67                                    -6.8830205250396299e-05
68                                    -7.1790675504748019e-05
69                                     8.2291635564342436e-06
70                                    -5.1502220480781347e-05
71                                    -5.8564858366680350e-05
72                                     2.1640375022587491e-05
73                                    -8.5185678834160533e-05
74                                    -4.3835765772361202e-05
   &Method [&Type "String"] "MP2"
   &Level [&Type "String"] "Relaxed density"
   &Mult [&Type "Integer"] 1
   &State [&Type "Integer"] 0
   &Irrep [&Type "Integer"] 0
$End
$Single_Point_Data
   &GeometryIndex 5
   &FinalEnergy [&Type "Double"]      -9.9486452589040782e+03  "Final single point energy"
   &Converged [&Type "Boolean"] true
$End
$Geometry
   &GeometryIndex 6
   &NAtoms [&Type "Integer"] 25
   &NCorelessECP [&Type "Integer"] 0
   &NGhostAtoms [&Type "Integer"] 0
   &CartesianCoordinates [&Type "Coordinates", &Dim(25,4), &Units "Bohr"] 
              Cu   -11.261636525191   14.625336724733    7.196318797252
              Cu    -6.828298342891   15.933762257827    6.525958354050
              S    -13.786770895886   11.045488752210    7.177478785057
              C    -16.967810240887   12.189572386189    7.900669686412
              H    -16.895750006489   14.109520826381    8.640408201275
              H    -17.877187792389   10.952743982968    9.272655037518
              H    -18.079787585825   12.185525477434    6.164332840386
              Cu   -11.738485277177   10.945900052905   10.640014029419
              S     -8.903973519457   11.341032170317   13.576611807062
              H    -11.720039531663   12.980751524194   16.809067210084
              H    -10.989514211224   15.354504135177   14.548817634539
              C    -10.227017943356   13.785510796621   15.640668243444
              H     -8.727218173438   14.491804814393   16.863928336188
              Cu    -7.808720712970   13.611004684558   10.173443811955
              Cu   -10.050463178204   18.333716946288    3.962622933442
              S    -13.604427131091   18.059705983455    5.826647141303
              C    -15.856885689075   16.768396676749    3.543671771167
              H    -17.719280170969   16.689784007678    4.424886558463
              H    -15.962205365295   17.980319881866    1.882400778087
              H    -15.304834777826   14.867301191746    2.978077480899
              S     -6.067844705618   18.153179151032    2.992697877970
              C     -5.924479616371   15.605766771008    0.652060838977
              H     -3.962875308025   15.006713860887    0.456847984062
              H     -7.057998603212   13.989623451923    1.234465688591
              H     -6.599876869981   16.290400740145   -1.169177378626
$End
$SCF_Energy
   &GeometryIndex 6
   &Method [&Type "String"] "SCF"
   &totalEnergy [&Type "ArrayOfDoubles", &Dim (1,1)] "Total energy of each state"
                                                         0

0                                     -9.9435802008072551e+03
   &Mult [&Type "ArrayOfIntegers", &Dim (1,1)] "Multiplicity of each state"
                                                         0

0                                                        1
$End
$SCF_Timings
   &GeometryIndex 6
   &TOTAL [&Type "Double"]       8.0002448000000001e+01
   &PREP [&Type "Double"]       3.6586800000000003e-01
   &FOCK [&Type "Double"]       7.3519078999999977e+01
   &DENS [&Type "Double"]       1.7507500000000675e-01
   &ETOT [&Type "Double"]       8.6214999999993935e-02
   &TRAFO [&Type "Double"]       1.7640199999999950e-01
   &DIIS [&Type "Double"]       7.5945899999999789e-01
   &SOSCF [&Type "Double"]       3.6409599999999820e-01
   &FOCKSTART [&Type "Double"]       3.0557999999997421e-02
   &SPLITRIJ [&Type "Double"]       4.9425279999999976e+00
   &COSX [&Type "Double"]       7.3278188000000000e+01
   &FROZCORE [&Type "Double"]       2.5825999999995020e-02
$End
$MP2_Energies
   &GeometryIndex 6
   &refEnergy [&Type "ArrayOfDoubles", &Dim (1,1)] "Reference energy for each state"
                                                         0

0                                     -9.9435802008072551e+03
   &corrEnergy [&Type "ArrayOfDoubles", &Dim (1,1)] "MP2 correlation energy for each state"
                                                         0

0                                     -5.0648947285579515e+00
   &Method [&Type "String"] "MP2"
   &totalEnergy [&Type "ArrayOfDoubles", &Dim (1,1)] "Total energy of each state"
                                                         0

0                                     -9.9486450955358123e+03
   &Mult [&Type "ArrayOfIntegers", &Dim (1,1)] "Multiplicity of each state"
                                                         0

0                                                        1
$End
$MP2_Nuc_Gradient
   &GeometryIndex 6
   &NAtoms [&Type "Integer"] 25
   &gradNorm [&Type "Double"]       5.1031511729264139e-03
   &grad [&Type "ArrayOfDoubles", &Dim (75,1)] 
                                                         0

0                                     -6.3845052708458999e-05
1                                     -5.6561907758924130e-05
2                                     -1.5339677355641042e-04
3                                      1.1917455413858304e-03
4                                     -7.8535480028609200e-04
5                                      9.5955542852717290e-04
6                                      1.2322319870175860e-04
7                                     -1.8632941916324587e-03
8                                      3.5835534498613458e-04
9                                     -3.0938224484557131e-05
10                                     2.6104659935748901e-04
11                                     3.2917387038684971e-04
12                                     9.5806891652779318e-05
13                                     1.3977765342062382e-05
14                                    -6.0251441446454793e-05
15                                     1.2348809721054663e-05
16                                    -1.0888465063255831e-05
17                                    -3.5352041906997617e-05
18                                    -3.4936257363952367e-05
19                                    -2.1626403978261934e-05
20                                     2.4140688351798056e-06
21                                    -2.0149576852485467e-03
22                                    -8.2680864679270712e-04
23                                     1.9358275116638200e-04
24                                     1.9750758570015806e-04
25                                    -6.2634310011120894e-04
26                                     2.1104469312393723e-04
27                                    -1.3966552061355636e-05
28                                     1.2651294353717424e-05
29                                     2.1016557557308052e-05
30                                    -6.0716890797410383e-07
31                                    -1.1069373657530968e-05
32                                    -1.0501496340045019e-05
33                                    -8.1359618057325403e-05
34                                     7.4776479094420742e-05
35                                     8.8327876549467582e-06
36                                    -1.1099138628633404e-05
37                                    -1.7473477812942478e-05
38                                     8.8176328642414203e-06
39                                     1.4681238287802332e-03
40                                     9.8641825772052653e-04
41                                     2.3875795977392963e-05
42                                    -2.0570255772824875e-03
43                                     7.2530601160166516e-04
44                                    -1.1591849235983325e-03
45                                     5.6877799178977825e-04
46                                     1.9375011709265202e-03
47                                    -2.5520742178293532e-04
48                                     1.3928372104122025e-04
49                                    -4.4611952263409489e-04
50                                    -1.8122597322208812e-04
51                                    -4.9789938683125756e-05
52                                     1.1043771272480443e-04
53                                    -9.5910407983052989e-05
54                                     1.1289911853739698e-05
55                                     3.0610667440030687e-05
56                                     2.6116330830300294e-05
57                                     1.1035137099205117e-04
58                                     2.7884045168603822e-05
59                                     2.1555740241493461e-05
60                                     3.1452305829833766e-04
61                                     4.3168329604664768e-04
62                                    -1.2616037989372775e-04
63                                    -3.0193854150885845e-05
64                                    -4.9715445790141435e-05
65                                    -4.6556747320430913e-05
66                                     8.3040311355704610e-06
67                                    -1.9434595054614555e-05
68                                     3.0320186085683884e-05
69                                     3.8076293466214606e-06
70                                    -1.5641852901461528e-05
71                                     4.3526577008958303e-05
72                                     7.4528148473300415e-06
73                                    -1.5108619018171579e-05
74                                     8.9430827550848746e-06
   &Method [&Type "String"] "MP2"
   &Level [&Type "String"] "Relaxed density"
   &Mult [&Type "Integer"] 1
   &State [&Type "Integer"] 0
   &Irrep [&Type "Integer"] 0
$End
$Single_Point_Data
   &GeometryIndex 6
   &FinalEnergy [&Type "Double"]      -9.9486450955358123e+03  "Final single point energy"
   &Converged [&Type "Boolean"] true
$End
$Geometry
   &GeometryIndex 7
   &NAtoms [&Type "Integer"] 25
   &NCorelessECP [&Type "Integer"] 0
   &NGhostAtoms [&Type "Integer"] 0
   &CartesianCoordinates [&Type "Coordinates", &Dim(25,4), &Units "Bohr"] 
              Cu   -11.241105435640   14.624828407541    7.201823829573
              Cu    -6.811769910986   15.925722074586    6.524019918266
              S    -13.753131154257   11.036619867684    7.167475484225
              C    -16.951861489831   12.141606164702    7.873136090421
              H    -16.902802735903   14.048806373309    8.646846932367
              H    -17.863933607647   10.872475491503    9.213323161975
              H    -18.042719931572   12.159116247508    6.123777035995
              Cu   -11.711533709299   10.944101239406   10.635870801661
              S     -8.907081897310   11.366221858379   13.597865654773
              H    -11.753560880473   13.008380928484   16.799996882736
              H    -11.016445720558   15.374738982428   14.532869873823
              C    -10.255780211569   13.815240493756   15.639464932890
              H     -8.767191607880   14.533337265997   16.869330330753
              Cu    -7.793873300778   13.607392330702   10.176472500528
              Cu   -10.025709823951   18.336231461533    3.982038231893
              S    -13.577625334723   18.071047809053    5.854376763285
              C    -15.860084535299   16.813464102684    3.582524296040
              H    -17.709287040534   16.718682226712    4.488920583255
              H    -15.988076197076   18.054527161981    1.944426465875
              H    -15.311463735384   14.923751762107    2.977437170269
              S     -6.052888702032   18.128722972094    2.975601271220
              C     -5.939950042176   15.580307491116    0.634757862541
              H     -3.982753776698   14.971275379489    0.427930957109
              H     -7.078623594051   13.971262210244    1.226538713934
              H     -6.624127798883   16.269506945686   -1.181251296432
$End
$SCF_Energy
   &GeometryIndex 7
   &Method [&Type "String"] "SCF"
   &totalEnergy [&Type "ArrayOfDoubles", &Dim (1,1)] "Total energy of each state"
                                                         0

0                                     -9.9435807385274620e+03
   &Mult [&Type "ArrayOfIntegers", &Dim (1,1)] "Multiplicity of each state"
                                                         0

0                                                        1
$End
$SCF_Timings
   &GeometryIndex 7
   &TOTAL [&Type "Double"]       8.3562269999999998e+01
   &PREP [&Type "Double"]       3.5149600000000009e-01
   &FOCK [&Type "Double"]       7.8099134000000021e+01
   &DENS [&Type "Double"]       2.2760400000001368e-01
   &ETOT [&Type "Double"]       9.4382999999989892e-02
   &TRAFO [&Type "Double"]       1.7204499999999534e-01
   &DIIS [&Type "Double"]       7.2396100000000096e-01
   &SOSCF [&Type "Double"]       4.2336900000000810e-01
   &FOCKSTART [&Type "Double"]       3.2987000000000322e-02
   &SPLITRIJ [&Type "Double"]       5.3043989999999894e+00
   &COSX [&Type "Double"]       7.6367889000000019e+01
   &FROZCORE [&Type "Double"]       2.1111999999988029e-02
$End
$MP2_Energies
   &GeometryIndex 7
   &refEnergy [&Type "ArrayOfDoubles", &Dim (1,1)] "Reference energy for each state"
                                                         0

0                                     -9.9435807385274620e+03
   &corrEnergy [&Type "ArrayOfDoubles", &Dim (1,1)] "MP2 correlation energy for each state"
                                                         0

0                                     -5.0647782060541351e+00
   &Method [&Type "String"] "MP2"
   &totalEnergy [&Type "ArrayOfDoubles", &Dim (1,1)] "Total energy of each state"
                                                         0

0                                     -9.9486455167335153e+03
   &Mult [&Type "ArrayOfIntegers", &Dim (1,1)] "Multiplicity of each state"
                                                         0

0                                                        1
$End
$MP2_Nuc_Gradient
   &GeometryIndex 7
   &NAtoms [&Type "Integer"] 25
   &gradNorm [&Type "Double"]       4.3927137136375999e-03
   &grad [&Type "ArrayOfDoubles", &Dim (75,1)] 
                                                         0

0                                      4.7613687216959549e-04
1                                     -4.7998594082169794e-05
2                                      1.9190725307887194e-05
3                                      7.8614805576520709e-04
4                                     -4.1943945946860961e-04
5                                      1.0827606970369476e-03
6                                     -1.7428344172314147e-04
7                                     -1.6603855715223437e-03
8                                      4.8817005829115967e-04
9                                     -5.0991524151976740e-04
10                                     6.2519881309093875e-05
11                                     2.3881355530350114e-04
12                                     2.1438902720089534e-04
13                                     2.8791354854597329e-05
14                                    -8.7047808794621373e-05
15                                     1.1492680433586831e-04
16                                    -6.4496125074899047e-05
17                                    -4.9281065306348848e-05
18                                     2.4699172640741535e-05
19                                     6.7477996193281977e-06
20                                    -1.1549311148315033e-05
21                                    -1.3487090556432392e-03
22                                    -8.3252721160400429e-04
23                                    -4.3700734159071025e-06
24                                    -1.0579493727376835e-04
25                                    -2.7179263772949061e-04
26                                     5.8719265251298142e-04
27                                     1.1492876191131901e-05
28                                    -4.7975765241140000e-05
29                                    -1.8985643365797278e-05
30                                     2.8198823059747205e-05
31                                    -4.3103817589037335e-05
32                                    -7.4497862285662769e-05
33                                    -1.5042596031123248e-04
34                                     9.3501201215703128e-05
35                                     3.4637642241235056e-04
36                                     2.5031972180490636e-05
37                                    -5.1377164890986302e-05
38                                    -4.1459142391168935e-05
39                                     1.2676817044444595e-03
40                                     5.5175828777976384e-04
41                                    -3.6158049073600068e-04
42                                    -1.5864093116388219e-03
43                                     7.8349647373277638e-04
44                                    -6.0263852685531801e-04
45                                     4.0920495941120655e-04
46                                     1.7963000210477406e-03
47                                    -6.4160999919577258e-04
48                                    -3.6992911414465354e-04
49                                    -5.4779844161396973e-04
50                                    -1.8607814364565191e-04
51                                    -1.4448666114198760e-05
52                                     2.0077744691087145e-04
53                                    -7.5506385604051651e-05
54                                     7.2434236765308115e-05
55                                     1.1739852622949173e-04
56                                     8.3980134129343909e-05
57                                     2.4372537460808953e-04
58                                     7.7192737816589307e-05
59                                     4.3282442756925263e-05
60                                     3.0113511873400885e-04
61                                     1.6816926315084586e-04
62                                    -5.6617629592590688e-04
63                                     9.6948837315697159e-05
64                                    -9.2427058767632214e-05
65                                    -3.5806259865909379e-04
66                                     9.3147456604880663e-06
67                                     2.3867516887123713e-05
68                                     1.0661679733075906e-04
69                                     5.6679088474183292e-06
70                                     2.0754374093542166e-05
71                                     1.1143508691763282e-04
72                                     4.3627625576428408e-08
73                                     3.7057355158413158e-05
74                                     6.8208978560420352e-05
   &Method [&Type "String"] "MP2"
   &Level [&Type "String"] "Relaxed density"
   &Mult [&Type "Integer"] 1
   &State [&Type "Integer"] 0
   &Irrep [&Type "Integer"] 0
$End
$Single_Point_Data
   &GeometryIndex 7
   &FinalEnergy [&Type "Double"]      -9.9486455167335153e+03  "Final single point energy"
   &Converged [&Type "Boolean"] true
$End
$Geometry
   &GeometryIndex 8
   &NAtoms [&Type "Integer"] 25
   &NCorelessECP [&Type "Integer"] 0
   &NGhostAtoms [&Type "Integer"] 0
   &CartesianCoordinates [&Type "Coordinates", &Dim(25,4), &Units "Bohr"] 
              Cu   -11.227740816733   14.623315156876    7.205848575072
              Cu    -6.800093266334   15.919477976005    6.524373025639
              S    -13.736096333409   11.038780305022    7.160480055427
              C    -16.945349232642   12.119007857574    7.852880095489
              H    -16.913385633820   14.018156441214    8.647133317146
              H    -17.859798606591   10.830743361093    9.173094507722
              H    -18.022379327349   12.148770195046    6.095273926165
              Cu   -11.697012717284   10.943104020986   10.632573042254
              S     -8.908582184903   11.379287162668   13.607360090886
              H    -11.769679650978   13.029648210182   16.790641463958
              H    -11.026469977115   15.388605691675   14.517524690474
              C    -10.268310124112   13.834515413729   15.633477005603
              H     -8.785432551731   14.559095496395   16.866384206655
              Cu    -7.782698341356   13.600007158776   10.176880025506
              Cu   -10.010379106496   18.335740686917    3.995483755282
              S    -13.563186412845   18.068634232304    5.871244361816
              C    -15.865977375303   16.833831106776    3.608900582525
              H    -17.705646335747   16.729071467070    4.533154211335
              H    -16.009517755575   18.091622938491    1.984888964269
              H    -15.323362032373   14.950383249881    2.979232550600
              S     -6.043190123974   18.115061472782    2.971249608390
              C     -5.945969301693   15.567109293963    0.629701685475
              H     -3.991368652206   14.951859613099    0.417175779641
              H     -7.088481654385   13.961875353332    1.224446049488
              H     -6.633274659552   16.259663386829   -1.183827127838
$End
$SCF_Energy
   &GeometryIndex 8
   &Method [&Type "String"] "SCF"
   &totalEnergy [&Type "ArrayOfDoubles", &Dim (1,1)] "Total energy of each state"
                                                         0

0                                     -9.9435805206795685e+03
   &Mult [&Type "ArrayOfIntegers", &Dim (1,1)] "Multiplicity of each state"
                                                         0

0                                                        1
$End
$SCF_Timings
   &GeometryIndex 8
   &TOTAL [&Type "Double"]       8.1113765000000001e+01
   &PREP [&Type "Double"]       3.3214800000000000e-01
   &FOCK [&Type "Double"]       7.5739491999999984e+01
   &DENS [&Type "Double"]       2.0847400000000249e-01
   &ETOT [&Type "Double"]       9.3611999999998474e-02
   &TRAFO [&Type "Double"]       1.6821299999999617e-01
   &DIIS [&Type "Double"]       7.2788800000000009e-01
   &SOSCF [&Type "Double"]       4.2532000000000281e-01
   &FOCKSTART [&Type "Double"]       3.4557000000008720e-02
   &SPLITRIJ [&Type "Double"]       5.2138089999999897e+00
   &COSX [&Type "Double"]       7.4054831000000007e+01
   &FROZCORE [&Type "Double"]       2.2308000000009542e-02
$End
$MP2_Energies
   &GeometryIndex 8
   &refEnergy [&Type "ArrayOfDoubles", &Dim (1,1)] "Reference energy for each state"
                                                         0

0                                     -9.9435805206795685e+03
   &corrEnergy [&Type "ArrayOfDoubles", &Dim (1,1)] "MP2 correlation energy for each state"
                                                         0

0                                     -5.0650723743045081e+00
   &Method [&Type "String"] "MP2"
   &totalEnergy [&Type "ArrayOfDoubles", &Dim (1,1)] "Total energy of each state"
                                                         0

0                                     -9.9486455930538723e+03
   &Mult [&Type "ArrayOfIntegers", &Dim (1,1)] "Multiplicity of each state"
                                                         0

0                                                        1
$End
$MP2_Nuc_Gradient
   &GeometryIndex 8
   &NAtoms [&Type "Integer"] 25
   &gradNorm [&Type "Double"]       3.7241443369886947e-03
   &grad [&Type "ArrayOfDoubles", &Dim (75,1)] 
                                                         0

0                                      7.0541092089698720e-04
1                                     -2.7039829013693166e-05
2                                      1.1075275637639683e-04
3                                      6.1305139364871853e-04
4                                     -1.8057408317893094e-04
5                                      1.0733444587384209e-03
6                                     -4.4380843074903753e-04
7                                     -1.1793702082659760e-03
8                                      4.7475433921067602e-04
9                                     -6.3018250546919424e-04
10                                    -7.4292218872403816e-05
11                                     8.5479360585492305e-05
12                                     2.0018589781308719e-04
13                                     2.2159741178931491e-05
14                                    -7.0296564823081609e-05
15                                     1.2892199824456919e-04
16                                    -6.7122488907514488e-05
17                                    -3.7104035598138629e-05
18                                     6.0732978256938103e-05
19                                     2.4633227916441612e-05
20                                    -3.1659055345141518e-05
21                                    -8.5648694760144355e-04
22                                    -8.4901766791177892e-04
23                                     7.4044596498467480e-06
24                                    -3.1686631074236832e-04
25                                     4.8126375639744035e-05
26                                     6.6207213325965991e-04
27                                     2.0360208861654183e-05
28                                    -7.0575794825800467e-05
29                                    -4.1869807927918945e-05
30                                     2.7800952120328459e-05
31                                    -4.6408043628466678e-05
32                                    -8.3340882143411593e-05
33                                    -1.3035045268199388e-04
34                                     5.3022847904787840e-05
35                                     4.5909258927362070e-04
36                                     3.3409845167985813e-05
37                                    -5.3049279970039664e-05
38                                    -5.1465191323242510e-05
39                                     1.1486259276358708e-03
40                                     2.2120577866714761e-04
41                                    -4.9387764200787589e-04
42                                    -1.0476359382313480e-03
43                                     8.2617437896460779e-04
44                                    -3.2061783582738521e-04
45                                     1.3100756812219234e-04
46                                     1.3103244058131486e-03
47                                    -8.1126593454861409e-04
48                                    -5.5121976891078610e-04
49                                    -3.8771234625173488e-04
50                                    -1.3597619486978643e-04
51                                     1.6972423523976821e-05
52                                     1.6362707771002630e-04
53                                    -1.5383392079289931e-05
54                                     8.8133327068330215e-05
55                                     1.1620883743693189e-04
56                                     8.2440564722636306e-05
57                                     2.2511434311787634e-04
58                                     7.5061800679059043e-05
59                                     5.0388216278354769e-05
60                                     1.8687465458398864e-04
61                                    -4.7186427035880024e-05
62                                    -7.0859998315277867e-04
63                                     1.7030512826977408e-04
64                                    -7.8778840639349632e-05
65                                    -4.0424711442650640e-04
66                                     1.2565299861089924e-05
67                                     3.5586587525197541e-05
68                                     1.2089314994629969e-04
69                                     3.5771340948023700e-06
70                                     3.0572477372359935e-05
71                                     1.1680624448097941e-04
72                                    -4.1236982004297373e-06
73                                     5.6802251524530264e-05
74                                     7.7034866393370371e-05
   &Method [&Type "String"] "MP2"
   &Level [&Type "String"] "Relaxed density"
   &Mult [&Type "Integer"] 1
   &State [&Type "Integer"] 0
   &Irrep [&Type "Integer"] 0
$End
$Single_Point_Data
   &GeometryIndex 8
   &FinalEnergy [&Type "Double"]      -9.9486455930538723e+03  "Final single point energy"
   &Converged [&Type "Boolean"] true
$End
$Geometry
   &GeometryIndex 9
   &NAtoms [&Type "Integer"] 25
   &NCorelessECP [&Type "Integer"] 0
   &NGhostAtoms [&Type "Integer"] 0
   &CartesianCoordinates [&Type "Coordinates", &Dim(25,4), &Units "Bohr"] 
              Cu   -11.217126053054   14.621227343101    7.209888418713
              Cu    -6.790777192508   15.911181965407    6.523966799146
              S    -13.723491249574   11.045418135180    7.153647653166
              C    -16.939276507741   12.108511881482    7.835920919730
              H    -16.921676834804   14.001302366785    8.645918794388
              H    -17.856936140596   10.806829597418    9.140909985228
              H    -18.006365657575   12.147587659770    6.072533680079
              Cu   -11.685380054937   10.942195296882   10.628759011767
              S     -8.908519681160   11.386811592162   13.612337057441
              H    -11.782416142235   13.048220937036   16.777878689508
              H    -11.031443238346   15.399072567459   14.499489992449
              C    -10.276634659091   13.849105517535   15.623567685084
              H     -8.799276570904   14.579215279394   16.859879289344
              Cu    -7.774436198354   13.593988316087   10.178185613053
              Cu    -9.998363586350   18.333813755171    4.008958510588
              S    -13.553211511362   18.059986215368    5.886609099911
              C    -15.869721459058   16.843050648429    3.630963340865
              H    -17.701863114537   16.728264936375    4.568812223831
              H    -16.026648791804   18.112981124149    2.017648452749
              H    -15.333089325063   14.964334546354    2.981744981923
              S     -6.035645493774   18.106091184163    2.972581811944
              C     -5.951897204302   15.559119993678    0.629889750361
              H     -3.999854331870   14.937567145180    0.411875361379
              H     -7.098254214407   13.956884942673    1.225488357811
              H     -6.641076961102   16.254604301449   -1.181881031480
$End
$SCF_Energy
   &GeometryIndex 9
   &Method [&Type "String"] "SCF"
   &totalEnergy [&Type "ArrayOfDoubles", &Dim (1,1)] "Total energy of each state"
                                                         0

0                                     -9.9435798200500703e+03
   &Mult [&Type "ArrayOfIntegers", &Dim (1,1)] "Multiplicity of each state"
                                                         0

0                                                        1
$End
$SCF_Timings
   &GeometryIndex 9
   &TOTAL [&Type "Double"]       7.6733811000000003e+01
   &PREP [&Type "Double"]       3.4338599999999997e-01
   &FOCK [&Type "Double"]       7.1131019000000009e+01
   &DENS [&Type "Double"]       1.7091100000001092e-01
   &ETOT [&Type "Double"]       8.0954999999987010e-02
   &TRAFO [&Type "Double"]       1.6831099999999921e-01
   &DIIS [&Type "Double"]       7.3742200000000224e-01
   &SOSCF [&Type "Double"]       3.5215799999999398e-01
   &FOCKSTART [&Type "Double"]       3.2226999999996286e-02
   &SPLITRIJ [&Type "Double"]       4.8736659999999992e+00
   &COSX [&Type "Double"]       7.0144199000000000e+01
   &FROZCORE [&Type "Double"]       2.1990999999999872e-02
$End
$MP2_Energies
   &GeometryIndex 9
   &refEnergy [&Type "ArrayOfDoubles", &Dim (1,1)] "Reference energy for each state"
                                                         0

0                                     -9.9435798200500703e+03
   &corrEnergy [&Type "ArrayOfDoubles", &Dim (1,1)] "MP2 correlation energy for each state"
                                                         0

0                                     -5.0657051832559361e+00
   &Method [&Type "String"] "MP2"
   &totalEnergy [&Type "ArrayOfDoubles", &Dim (1,1)] "Total energy of each state"
                                                         0

0                                     -9.9486455252333271e+03
   &Mult [&Type "ArrayOfIntegers", &Dim (1,1)] "Multiplicity of each state"
                                                         0

0                                                        1
$End
$MP2_Nuc_Gradient
   &GeometryIndex 9
   &NAtoms [&Type "Integer"] 25
   &gradNorm [&Type "Double"]       2.9385566161407189e-03
   &grad [&Type "ArrayOfDoubles", &Dim (75,1)] 
                                                         0

0                                      7.8137416703747201e-04
1                                     -1.4677890826779363e-05
2                                      1.6649566299484740e-04
3                                      4.5905995630955362e-04
4                                     -4.6539021588148759e-05
5                                      8.9168282522875640e-04
6                                     -6.5833015679800724e-04
7                                     -5.8224556144258590e-04
8                                      3.6283896875282176e-04
9                                     -4.7092045296085079e-04
10                                    -1.5149130387538809e-04
11                                    -1.0817307673222521e-04
12                                     7.8268953441852640e-05
13                                     4.0839345098256374e-06
14                                    -2.4502275254262990e-05
15                                     7.3897187654815150e-05
16                                    -3.3848372433108176e-05
17                                    -8.3533756738626841e-06
18                                     6.7666980207716290e-05
19                                     3.1778576509047850e-05
20                                    -2.9906963136660386e-05
21                                    -3.9995019214123396e-04
22                                    -8.1991366135549058e-04
23                                     1.0651688261544348e-04
24                                    -4.4788832899399569e-04
25                                     2.4694004052146397e-04
26                                     5.8879218836026780e-04
27                                    -7.7372933537239730e-07
28                                    -5.7944522375414503e-05
29                                    -3.2176024399147712e-05
30                                     3.8466395617855337e-06
31                                    -1.8843494883961226e-05
32                                    -4.5920722360454080e-05
33                                    -3.1587302173089089e-05
34                                    -3.8828232831211208e-05
35                                     3.9549954184900718e-04
36                                     1.0860718820719650e-05
37                                    -2.7832026455228837e-05
38                                    -3.5944607014365415e-05
39                                     9.9228882971416849e-04
40                                     3.8478452987576045e-05
41                                    -4.7694702561590883e-04
42                                    -4.8215616013454329e-04
43                                     8.2375713261638884e-04
44                                    -1.9658459641861076e-04
45                                    -2.0925312093249791e-04
46                                     6.4233863888845570e-04
47                                    -8.2893508234887538e-04
48                                    -4.8349696424244797e-04
49                                    -5.3803936533872426e-05
50                                    -3.7612155240920181e-05
51                                     5.5787497904784961e-05
52                                     4.5108722178508918e-05
53                                     5.4011265315349194e-05
54                                     6.0603383912010257e-05
55                                     5.6477035683847460e-05
56                                     3.5044866840389099e-05
57                                     9.4251432327809026e-05
58                                     3.2525030801366928e-05
59                                     3.6631490026545893e-05
60                                     3.3611526843033406e-05
61                                    -1.5599245294758805e-04
62                                    -6.7857627016912336e-04
63                                     1.8880274201085994e-04
64                                    -1.6547630905545258e-05
65                                    -2.7480661481611365e-04
66                                     1.3030788531306903e-05
67                                     1.9687660554658717e-05
68                                     8.7028280581206551e-05
69                                    -3.0014286703065884e-06
70                                     1.2557450913063678e-05
71                                     7.3204468882344734e-05
72                                    -1.2677825878878307e-06
73                                     3.5831749238345034e-05
74                                     6.1711708702311130e-05
   &Method [&Type "String"] "MP2"
   &Level [&Type "String"] "Relaxed density"
   &Mult [&Type "Integer"] 1
   &State [&Type "Integer"] 0
   &Irrep [&Type "Integer"] 0
$End
$Single_Point_Data
   &GeometryIndex 9
   &FinalEnergy [&Type "Double"]      -9.9486455252333271e+03  "Final single point energy"
   &Converged [&Type "Boolean"] true
$End
$Geometry
   &GeometryIndex 10
   &NAtoms [&Type "Integer"] 25
   &NCorelessECP [&Type "Integer"] 0
   &NGhostAtoms [&Type "Integer"] 0
   &CartesianCoordinates [&Type "Coordinates", &Dim(25,4), &Units "Bohr"] 
              Cu   -11.207987953454   14.618168939344    7.215200003284
              Cu    -6.783401374339   15.897219454558    6.521334533574
              S    -13.709296725849   11.050840519799    7.146045528564
              C    -16.928342859815   12.103005559059    7.822120537472
              H    -16.921741675440   13.989965710666    8.646083879796
              H    -17.850147799288   10.791075826374    9.114271896841
              H    -17.988815158525   12.151361650393    6.054968651779
              Cu   -11.673020314862   10.940442042687   10.624550661971
              S     -8.908223299928   11.391092435734   13.617348559519
              H    -11.800181167557   13.066686368733   16.759766008883
              H    -11.037906802657   15.407065495644   14.475630555380
              C    -10.287984218323   13.861931995771   15.609772913378
              H     -8.818584020810   14.599121614348   16.851511844672
              Cu    -7.770052933906   13.591449706991   10.182979660446
              Cu    -9.986761745333   18.330796173171    4.026155374719
              S    -13.543308646953   18.050520232992    5.906161809694
              C    -15.866088348455   16.847792357449    3.651824056773
              H    -17.693420355982   16.720673779984    4.597635765362
              H    -16.034305269794   18.128302149912    2.047983675880
              H    -15.332619947649   14.974071774170    2.985024662009
              S     -6.028922859940   18.098438598621    2.976579298581
              C     -5.964235205830   15.554070091615    0.630675146112
              H     -4.015874579819   14.924158771927    0.403207728181
              H     -7.115027768322   13.955207684019    1.226939681100
              H     -6.657131141677   16.253908314724   -1.178197984993
$End
$SCF_Energy
   &GeometryIndex 10
   &Method [&Type "String"] "SCF"
   &totalEnergy [&Type "ArrayOfDoubles", &Dim (1,1)] "Total energy of each state"
                                                         0

0                                     -9.9435789229873280e+03
   &Mult [&Type "ArrayOfIntegers", &Dim (1,1)] "Multiplicity of each state"
                                                         0

0                                                        1
$End
$SCF_Timings
   &GeometryIndex 10
   &TOTAL [&Type "Double"]       7.5521928000000003e+01
   &PREP [&Type "Double"]       3.5716600000000009e-01
   &FOCK [&Type "Double"]       7.0221541999999999e+01
   &DENS [&Type "Double"]       1.6919399999999740e-01
   &ETOT [&Type "Double"]       8.2724999999991056e-02
   &TRAFO [&Type "Double"]       1.6873099999999930e-01
   &DIIS [&Type "Double"]       7.2943999999999853e-01
   &SOSCF [&Type "Double"]       3.6083600000000615e-01
   &FOCKSTART [&Type "Double"]       3.2198000000004168e-02
   &SPLITRIJ [&Type "Double"]       4.6503809999999870e+00
   &COSX [&Type "Double"]       6.9163263000000001e+01
   &FROZCORE [&Type "Double"]       2.1218000000004622e-02
$End
$MP2_Energies
   &GeometryIndex 10
   &refEnergy [&Type "ArrayOfDoubles", &Dim (1,1)] "Reference energy for each state"
                                                         0

0                                     -9.9435789229873280e+03
   &corrEnergy [&Type "ArrayOfDoubles", &Dim (1,1)] "MP2 correlation energy for each state"
                                                         0

0                                     -5.0666248887340926e+00
   &Method [&Type "String"] "MP2"
   &totalEnergy [&Type "ArrayOfDoubles", &Dim (1,1)] "Total energy of each state"
                                                         0

0                                     -9.9486455478760618e+03
   &Mult [&Type "ArrayOfIntegers", &Dim (1,1)] "Multiplicity of each state"
                                                         0

0                                                        1
$End
$MP2_Nuc_Gradient
   &GeometryIndex 10
   &NAtoms [&Type "Integer"] 25
   &gradNorm [&Type "Double"]       2.2763442125430795e-03
   &grad [&Type "ArrayOfDoubles", &Dim (75,1)] 
                                                         0

0                                      7.5171078184509653e-04
1                                      4.2731485778112459e-06
2                                      2.1407550069884804e-04
3                                      2.7125288529848083e-04
4                                     -7.2771128650581628e-05
5                                      5.5436152851669890e-04
6                                     -7.9474158579877913e-04
7                                     -5.0437123596443374e-05
8                                      2.0949986209572828e-04
9                                     -6.4609821709610271e-05
10                                    -1.4876613059352497e-04
11                                    -2.7915135713996132e-04
12                                    -9.3908243998354693e-05
13                                    -1.4893502825893967e-05
14                                     4.0214994721092176e-05
15                                    -2.7558724773724119e-05
16                                     1.3324355079932793e-05
17                                     2.2835056734407666e-05
18                                     5.1139857470407571e-05
19                                     2.6589516347182878e-05
20                                    -2.3009624696236630e-05
21                                     3.9444087601080494e-05
22                                    -6.6638974892645024e-04
23                                     2.3484966759558176e-04
24                                    -5.0019311248146806e-04
25                                     2.5660200085068918e-04
26                                     4.3931964357327505e-04
27                                    -2.7440348907954715e-05
28                                    -4.0267461729904391e-06
29                                    -1.6426471311982438e-05
30                                    -3.3435662989555678e-05
31                                     1.9975816482890180e-05
32                                     1.5605509583713900e-05
33                                     8.0857676561657543e-05
34                                    -1.5828859768141773e-04
35                                     1.9619089417581732e-04
36                                    -2.6915014622125311e-05
37                                     2.4230262785182588e-05
38                                     1.1862589529600120e-06
39                                     6.5554593151210833e-04
40                                    -4.8294301276819405e-05
41                                    -3.0527877460969494e-04
42                                     8.3077812883723852e-05
43                                     6.7688002943681966e-04
44                                    -1.4229035297787674e-04
45                                    -4.7984575980875889e-04
46                                     3.0539882073533139e-05
47                                    -7.1215056486367487e-04
48                                    -1.8898273606124394e-04
49                                     3.1112261369627050e-04
50                                     1.0040739755603524e-04
51                                     6.5108435136476683e-05
52                                    -1.0586038291743880e-04
53                                     1.0227253737028416e-04
54                                    -2.4150453586989709e-07
55                                    -3.7848559561706047e-05
56                                    -3.2147728270748993e-05
57                                    -8.9817284630493502e-05
58                                    -3.3487468106042223e-05
59                                    -1.6515805147509360e-06
60                                    -9.5168854680979711e-05
61                                    -9.0079085205245490e-05
62                                    -5.7164158361268369e-04
63                                     1.5879313396307800e-04
64                                     5.5349078928616791e-05
65                                     1.3556574108009034e-06
66                                     1.4420810019316610e-06
67                                    -6.8514949835649791e-06
68                                     1.7481996774772711e-05
69                                    -6.0479825471082549e-06
70                                    -1.8506896056893346e-05
71                                    -2.9360470371556785e-06
72                                     3.7822049631860977e-06
73                                    -9.2934575661608038e-06
74                                     1.4718633659576569e-05
   &Method [&Type "String"] "MP2"
   &Level [&Type "String"] "Relaxed density"
   &Mult [&Type "Integer"] 1
   &State [&Type "Integer"] 0
   &Irrep [&Type "Integer"] 0
$End
$Single_Point_Data
   &GeometryIndex 10
   &FinalEnergy [&Type "Double"]      -9.9486455478760618e+03  "Final single point energy"
   &Converged [&Type "Boolean"] true
$End
$Geometry
   &GeometryIndex 11
   &NAtoms [&Type "Integer"] 25
   &NCorelessECP [&Type "Integer"] 0
   &NGhostAtoms [&Type "Integer"] 0
   &CartesianCoordinates [&Type "Coordinates", &Dim(25,4), &Units "Bohr"] 
              Cu   -11.204653162897   14.616163968075    7.219273930386
              Cu    -6.781905065302   15.886059425330    6.518242544896
              S    -13.698590610935   11.052603604567    7.139886150417
              C    -16.916672770295   12.103579814839    7.818202899546
              H    -16.912267960912   13.988730167888    8.646476831707
              H    -17.839682774801   10.789575284044    9.107663319699
              H    -17.978392138095   12.155037622161    6.051787330910
              Cu   -11.664676968976   10.938754829408   10.620855558321
              S     -8.907189696383   11.390391863152   13.619450693410
              H    -11.815171028722   13.075808084387   16.743584108277
              H    -11.043077977620   15.408648756171   14.456069318137
              C    -10.297468487032   13.866926414765   15.597783062705
              H     -8.835030291542   14.609357739523   16.844746476676
              Cu    -7.771710428146   13.594619376566   10.188952452073
              Cu    -9.981671304683   18.328999905148    4.039970475672
              S    -13.538467864159   18.045071879749    5.922313637472
              C    -15.855913245459   16.847421571884    3.661043224583
              H    -17.684630118177   16.712892794223    4.603371459765
              H    -16.025342145075   18.132618285579    2.061002851380
              H    -15.320715967412   14.976552664881    2.987209232221
              S     -6.027089787070   18.095843092043    2.981130887894
              C     -5.979305866341   15.553020790541    0.632783592892
              H     -4.034248631615   14.915692247004    0.396824091903
              H     -7.133578686400   13.957209036313    1.230620614885
              H     -6.675929196456   16.255788030448   -1.173670296852
$End
$SCF_Energy
   &GeometryIndex 11
   &Method [&Type "String"] "SCF"
   &totalEnergy [&Type "ArrayOfDoubles", &Dim (1,1)] "Total energy of each state"
                                                         0

0                                     -9.9435781287947066e+03
   &Mult [&Type "ArrayOfIntegers", &Dim (1,1)] "Multiplicity of each state"
                                                         0

0                                                        1
$End
$SCF_Timings
   &GeometryIndex 11
   &TOTAL [&Type "Double"]       7.7803420000000003e+01
   &PREP [&Type "Double"]       3.4994199999999998e-01
   &FOCK [&Type "Double"]       7.2480829000000000e+01
   &DENS [&Type "Double"]       1.7222700000000657e-01
   &ETOT [&Type "Double"]       8.2758000000000109e-02
   &TRAFO [&Type "Double"]       1.7345999999998796e-01
   &DIIS [&Type "Double"]       7.3897300000000143e-01
   &SOSCF [&Type "Double"]       3.6553499999999417e-01
   &FOCKSTART [&Type "Double"]       3.2155999999997242e-02
   &SPLITRIJ [&Type "Double"]       4.9291360000000086e+00
   &COSX [&Type "Double"]       7.1080469999999991e+01
   &FROZCORE [&Type "Double"]       2.8784999999999172e-02
$End
$MP2_Energies
   &GeometryIndex 11
   &refEnergy [&Type "ArrayOfDoubles", &Dim (1,1)] "Reference energy for each state"
                                                         0

0                                     -9.9435781287947066e+03
   &corrEnergy [&Type "ArrayOfDoubles", &Dim (1,1)] "MP2 correlation energy for each state"
                                                         0

0                                     -5.0674587851454795e+00
   &Method [&Type "String"] "MP2"
   &totalEnergy [&Type "ArrayOfDoubles", &Dim (1,1)] "Total energy of each state"
                                                         0

0                                     -9.9486455875798529e+03
   &Mult [&Type "ArrayOfIntegers", &Dim (1,1)] "Multiplicity of each state"
                                                         0

0                                                        1
$End
$MP2_Nuc_Gradient
   &GeometryIndex 11
   &NAtoms [&Type "Integer"] 25
   &gradNorm [&Type "Double"]       1.9435488876809938e-03
   &grad [&Type "ArrayOfDoubles", &Dim (75,1)] 
                                                         0

0                                      6.2612632963368262e-04
1                                      1.7459728276000321e-05
2                                      2.1959468713993570e-04
3                                      6.8089861647162818e-05
4                                     -1.0521143154696658e-04
5                                      1.7511682261351150e-04
6                                     -7.2807826624109867e-04
7                                      1.8378367694957091e-04
8                                      7.4846029902576883e-05
9                                      3.0967522579233679e-04
10                                    -8.8249681642254239e-05
11                                    -3.2572618907190237e-04
12                                    -2.0779367474907081e-04
13                                    -2.7294535197744385e-05
14                                     7.9159200819358191e-05
15                                    -1.1051911457172700e-04
16                                     5.0984090438497415e-05
17                                     3.0697169720365902e-05
18                                     7.5890013707443499e-06
19                                     1.0380466355196802e-05
20                                    -3.7542267571286092e-06
21                                     2.3297079195744568e-04
22                                    -4.3589767988361748e-04
23                                     3.5157932221473696e-04
24                                    -4.2938772240827365e-04
25                                     7.5832651899037859e-05
26                                     2.7833248297098184e-04
27                                    -5.0138414821834787e-05
28                                     4.5507754052412711e-05
29                                     1.0249282291763251e-05
30                                    -6.1135654215145954e-05
31                                     4.7876960912719702e-05
32                                     5.8648953784705415e-05
33                                     1.5644613029665994e-04
34                                    -2.1252193776423109e-04
35                                    -4.6522726088495114e-05
36                                    -5.8005225107547048e-05
37                                     5.4940331887366398e-05
38                                     2.9243087334346329e-05
39                                     2.6472215781687871e-04
40                                     3.7206665969722642e-05
41                                    -7.5596544103906718e-05
42                                     3.3313243442005145e-04
43                                     4.3772662340058922e-04
44                                    -1.8770605275816735e-04
45                                    -5.5670160885637476e-04
46                                    -2.6604537144597111e-04
47                                    -4.9925201013267459e-04
48                                     1.2955927982483476e-04
49                                     4.8193935675499081e-04
50                                     2.2106612429668646e-04
51                                     6.0568551014009153e-05
52                                    -1.7783530258036603e-04
53                                     8.0030063000811197e-05
54                                    -5.4055302881113538e-05
55                                    -9.6472307017144571e-05
56                                    -7.8860129531743012e-05
57                                    -1.9652082026844035e-04
58                                    -6.6734210854207943e-05
59                                    -4.9150764723442097e-05
60                                    -1.2559276976040375e-04
61                                     1.0881193155471564e-04
62                                    -3.9363346252423506e-04
63                                     7.8378651859493942e-05
64                                     1.0531676981254470e-04
65                                     2.3155744789181074e-04
66                                     5.2102984190657842e-07
67                                    -4.2864118950132826e-05
68                                    -4.2089990853296042e-05
69                                    -8.8438231290247082e-06
70                                    -4.7779759735525756e-05
71                                    -6.1634722169320519e-05
72                                     1.0067734496419303e-05
73                                    -6.2912014297386229e-05
74                                    -2.5207496090778880e-05
   &Method [&Type "String"] "MP2"
   &Level [&Type "String"] "Relaxed density"
   &Mult [&Type "Integer"] 1
   &State [&Type "Integer"] 0
   &Irrep [&Type "Integer"] 0
$End
$Single_Point_Data
   &GeometryIndex 11
   &FinalEnergy [&Type "Double"]      -9.9486455875798529e+03  "Final single point energy"
   &Converged [&Type "Boolean"] true
$End
$Geometry
   &GeometryIndex 12
   &NAtoms [&Type "Integer"] 25
   &NCorelessECP [&Type "Integer"] 0
   &NGhostAtoms [&Type "Integer"] 0
   &CartesianCoordinates [&Type "Coordinates", &Dim(25,4), &Units "Bohr"] 
              Cu   -11.202674600814   14.613823847593    7.223235884412
              Cu    -6.781859962961   15.875285488232    6.515548100256
              S    -13.686619409231   11.049027020848    7.133490406853
              C    -16.903333900748   12.100359062593    7.818003741928
              H    -16.896944927635   13.985703384148    8.645829830061
              H    -17.824102616496   10.786845724111    9.109634237953
              H    -17.969751772782   12.151473002468    6.054271474840
              Cu   -11.657068199963   10.935842667593   10.617297883399
              S     -8.907612003761   11.389489082812   13.622699304314
              H    -11.833220727142   13.084110938525   16.727550550748
              H    -11.050788181468   15.409395742763   14.436247493202
              C    -10.309977574656   13.871738042960   15.586587084588
              H     -8.854708529845   14.619559207121   16.838794782414
              Cu    -7.774716451359   13.597495751520   10.194921538457
              Cu    -9.977633423610   18.327963252496    4.054062778442
              S    -13.532982704652   18.044552626953    5.940130509113
              C    -15.841882519797   16.850144458763    3.667973270598
              H    -17.675266339417   16.713550314589    4.601195617718
              H    -16.005264653556   18.138375257749    2.069654956416
              H    -15.303376937343   14.980915809141    2.992231846651
              S     -6.026355759312   18.092544785177    2.984367190332
              C     -5.997429696817   15.552272218314    0.632369242169
              H     -4.055855763728   14.907754487020    0.387157394905
              H     -7.154946180297   13.959846522015    1.232893518187
              H     -6.699009337116   16.259298553182   -1.170574188981
$End
$SCF_Energy
   &GeometryIndex 12
   &Method [&Type "String"] "SCF"
   &totalEnergy [&Type "ArrayOfDoubles", &Dim (1,1)] "Total energy of each state"
                                                         0

0                                     -9.9435775356562590e+03
   &Mult [&Type "ArrayOfIntegers", &Dim (1,1)] "Multiplicity of each state"
                                                         0

0                                                        1
$End
$SCF_Timings
   &GeometryIndex 12
   &TOTAL [&Type "Double"]       8.1065795999999992e+01
   &PREP [&Type "Double"]       3.8597199999999998e-01
   &FOCK [&Type "Double"]       7.5855846000000000e+01
   &DENS [&Type "Double"]       2.0656000000000319e-01
   &ETOT [&Type "Double"]       9.2392999999988845e-02
   &TRAFO [&Type "Double"]       1.7848299999999284e-01
   &DIIS [&Type "Double"]       7.6015700000000130e-01
   &SOSCF [&Type "Double"]       4.3244199999999466e-01
   &FOCKSTART [&Type "Double"]       3.6013999999996937e-02
   &SPLITRIJ [&Type "Double"]       5.3440639999999986e+00
   &COSX [&Type "Double"]       7.3767896999999991e+01
   &FROZCORE [&Type "Double"]       2.1242000000000871e-02
$End
$MP2_Energies
   &GeometryIndex 12
   &refEnergy [&Type "ArrayOfDoubles", &Dim (1,1)] "Reference energy for each state"
                                                         0

0                                     -9.9435775356562590e+03
   &corrEnergy [&Type "ArrayOfDoubles", &Dim (1,1)] "MP2 correlation energy for each state"
                                                         0

0                                     -5.0681291167387519e+00
   &Method [&Type "String"] "MP2"
   &totalEnergy [&Type "ArrayOfDoubles", &Dim (1,1)] "Total energy of each state"
                                                         0

0                                     -9.9486456647729974e+03
   &Mult [&Type "ArrayOfIntegers", &Dim (1,1)] "Multiplicity of each state"
                                                         0

0                                                        1
$End
$MP2_Nuc_Gradient
   &GeometryIndex 12
   &NAtoms [&Type "Integer"] 25
   &gradNorm [&Type "Double"]       1.7157287933030440e-03
   &grad [&Type "ArrayOfDoubles", &Dim (75,1)] 
                                                         0

0                                      5.2854168940780211e-04
1                                      2.4077041179468208e-05
2                                      2.1850497979704732e-04
3                                     -1.7844274311265215e-04
4                                     -1.4279279408940110e-04
5                                     -1.6992142075655109e-04
6                                     -5.3960432039994871e-04
7                                      1.9765630074688361e-04
8                                     -1.7818712630904981e-05
9                                      4.7530379297496157e-04
10                                    -3.0643956516127925e-05
11                                    -2.5425295528135571e-04
12                                    -2.1292010502942712e-04
13                                    -1.9653238076771523e-05
14                                     8.1982526383674037e-05
15                                    -1.2648601750898242e-04
16                                     4.8917811565560299e-05
17                                     2.3031125059535390e-05
18                                    -3.5845413026933462e-05
19                                    -4.3859310846325501e-06
20                                     1.2680810136403431e-05
21                                     2.8747443645435640e-04
22                                    -1.7782797867649464e-04
23                                     3.7135497422507296e-04
24                                    -2.8891670218441582e-04
25                                    -1.7160990543630544e-04
26                                     1.5393958420885021e-04
27                                    -6.9281951907935319e-05
28                                     8.1833978072737290e-05
29                                     2.9707135113399979e-05
30                                    -6.5284706426861974e-05
31                                     6.3225907556852673e-05
32                                     6.7593004737801637e-05
33                                     1.3937861757028127e-04
34                                    -1.8238313883948368e-04
35                                    -1.7972177337846271e-04
36                                    -7.3959505264904746e-05
37                                     6.8299547922694159e-05
38                                     4.6911871999909954e-05
39                                    -1.0529778925091665e-04
40                                     9.0353068391202038e-05
41                                     1.0567667184636226e-04
42                                     4.0791227807293997e-04
43                                     1.4406695956412649e-04
44                                    -2.2973985560248780e-04
45                                    -4.4705461880011413e-04
46                                    -2.7122926461079031e-04
47                                    -2.6898344199602874e-04
48                                     3.1792725302055673e-04
49                                     3.9789619088308973e-04
50                                     2.5552822044452340e-04
51                                     1.5163857914456819e-05
52                                    -1.5063774621439053e-04
53                                     2.2416532510036863e-05
54                                    -6.8098711321682706e-05
55                                    -8.8547933570447962e-05
56                                    -8.2850771543050566e-05
57                                    -1.8911447052499981e-04
58                                    -6.4634243525703988e-05
59                                    -8.3198419543333707e-05
60                                    -8.6375495066074587e-05
61                                     2.9586939383878172e-04
62                                    -2.5750740645016229e-04
63                                     4.3476533820654972e-07
64                                     9.9388896080007672e-05
65                                     3.2386232063620103e-04
66                                    -8.6999069044517430e-06
67                                    -5.3525746779550104e-05
68                                    -5.3560966828764423e-05
69                                    -2.1138960027075604e-06
70                                    -4.8930182935245925e-05
71                                    -7.3454643481055473e-05
72                                     8.9623997771917652e-06
73                                    -8.0082460239763384e-05
74                                    -4.5982008196800844e-05
   &Method [&Type "String"] "MP2"
   &Level [&Type "String"] "Relaxed density"
   &Mult [&Type "Integer"] 1
   &State [&Type "Integer"] 0
   &Irrep [&Type "Integer"] 0
$End
$Single_Point_Data
   &GeometryIndex 12
   &FinalEnergy [&Type "Double"]      -9.9486456647729974e+03  "Final single point energy"
   &Converged [&Type "Boolean"] true
$End
$Geometry
   &GeometryIndex 13
   &NAtoms [&Type "Integer"] 25
   &NCorelessECP [&Type "Integer"] 0
   &NGhostAtoms [&Type "Integer"] 0
   &CartesianCoordinates [&Type "Coordinates", &Dim(25,4), &Units "Bohr"] 
              Cu   -11.202742133022   14.612782802707    7.224779707870
              Cu    -6.782526736908   15.873277871722    6.516454196433
              S    -13.681105141547   11.045338554524    7.129737739481
              C    -16.897371513603   12.097652484859    7.818756610581
              H    -16.887458807128   13.985338817174    8.641054432592
              H    -17.814348564387   10.787248910797    9.116046898830
              H    -17.968112221370   12.144220550408    6.057438246082
              Cu   -11.655050314297   10.933678617732   10.615229212759
              S     -8.908613956923   11.388558475974   13.623516819352
              H    -11.840200861207   13.087181843612   16.721222934267
              H    -11.055049961899   15.408766779779   14.426669221603
              C    -10.315641767406   13.873735068521   15.581356601406
              H     -8.862425168046   14.624201674130   16.834330686270
              Cu    -7.776004183085   13.596933273120   10.196553315459
              Cu    -9.977407898135   18.328539708266    4.060548405930
              S    -13.531162274512   18.046366914027    5.949024976266
              C    -15.834902110028   16.852158750190    3.670035059966
              H    -17.672642647580   16.720742608678    4.595466867131
              H    -15.989270544924   18.139221676913    2.069878951505
              H    -15.295240700856   14.981690106880    2.999011750618
              S     -6.027310382610   18.091114684677    2.986186166261
              C     -6.006555458307   15.551833684958    0.632401712933
              H     -4.066350280224   14.904630401621    0.383589156183
              H     -7.165307167174   13.961084155246    1.234942392267
              H     -6.710581379330   16.261068832171   -1.168657613068
$End
$SCF_Energy
   &GeometryIndex 13
   &Method [&Type "String"] "SCF"
   &totalEnergy [&Type "ArrayOfDoubles", &Dim (1,1)] "Total energy of each state"
                                                         0

0                                     -9.9435773264628624e+03
   &Mult [&Type "ArrayOfIntegers", &Dim (1,1)] "Multiplicity of each state"
                                                         0

0                                                        1
$End
$SCF_Timings
   &GeometryIndex 13
   &TOTAL [&Type "Double"]       7.3974750999999998e+01
   &PREP [&Type "Double"]       3.5333100000000006e-01
   &FOCK [&Type "Double"]       6.8614747999999992e+01
   &DENS [&Type "Double"]       1.8744300000000180e-01
   &ETOT [&Type "Double"]       8.8962999999989023e-02
   &TRAFO [&Type "Double"]       1.7641000000000950e-01
   &DIIS [&Type "Double"]       7.5766899999999815e-01
   &SOSCF [&Type "Double"]       3.5886400000001117e-01
   &FOCKSTART [&Type "Double"]       3.2001999999997088e-02
   &SPLITRIJ [&Type "Double"]       4.7927499999999945e+00
   &COSX [&Type "Double"]       6.7348731999999998e+01
   &FROZCORE [&Type "Double"]       2.8419999999997003e-02
$End
$MP2_Energies
   &GeometryIndex 13
   &refEnergy [&Type "ArrayOfDoubles", &Dim (1,1)] "Reference energy for each state"
                                                         0

0                                     -9.9435773264628624e+03
   &corrEnergy [&Type "ArrayOfDoubles", &Dim (1,1)] "MP2 correlation energy for each state"
                                                         0

0                                     -5.0683625710753049e+00
   &Method [&Type "String"] "MP2"
   &totalEnergy [&Type "ArrayOfDoubles", &Dim (1,1)] "Total energy of each state"
                                                         0

0                                     -9.9486456890339377e+03
   &Mult [&Type "ArrayOfIntegers", &Dim (1,1)] "Multiplicity of each state"
                                                         0

0                                                        1
$End
$MP2_Nuc_Gradient
   &GeometryIndex 13
   &NAtoms [&Type "Integer"] 25
   &gradNorm [&Type "Double"]       1.3346783520250104e-03
   &grad [&Type "ArrayOfDoubles", &Dim (75,1)] 
                                                         0

0                                      4.5048050411479815e-04
1                                      2.9440541070759529e-05
2                                      2.0245647315778742e-04
3                                     -2.6019576861759271e-04
4                                     -1.1127533663609062e-04
5                                     -2.2259756270049703e-04
6                                     -3.4596861678277968e-04
7                                      1.0550080478780120e-04
8                                     -3.0610803253719107e-05
9                                      3.5577000916197157e-04
10                                    -4.8306224831647787e-06
11                                    -1.3463171283842681e-04
12                                    -1.3093754500060652e-04
13                                    -5.5753410577764895e-06
14                                     4.5472342036629448e-05
15                                    -9.0296980592692241e-05
16                                     2.8162187383079518e-05
17                                     1.1488624341235432e-06
18                                    -4.3754736513339915e-05
19                                    -7.0124686442587418e-06
20                                     1.2363031079678372e-05
21                                     2.2295452085021629e-04
22                                    -8.2954848715954387e-05
23                                     3.5143589124750352e-04
24                                    -1.8926794101082299e-04
25                                    -2.4824999826579194e-04
26                                     9.9698958525268333e-05
27                                    -5.4475422429523662e-05
28                                     7.6533759491117723e-05
29                                     2.7455965277655564e-05
30                                    -5.3307522943763647e-05
31                                     4.4468097203806400e-05
32                                     4.1604934694045026e-05
33                                     6.0156408613419587e-05
34                                    -1.0206894558894945e-04
35                                    -1.4868713150556143e-04
36                                    -6.2562754994568981e-05
37                                     5.2466510720690709e-05
38                                     3.4497171546618577e-05
39                                    -2.3381182617164759e-04
40                                     8.0460363930664330e-05
41                                     1.4971683714813146e-04
42                                     3.2828711426246366e-04
43                                     4.1462217355091313e-05
44                                    -2.3976417200006084e-04
45                                    -2.6822111067621897e-04
46                                    -1.4405853452148596e-04
47                                    -1.3386292451938314e-04
48                                     2.5577056010746453e-04
49                                     1.9872174163003842e-04
50                                     1.9409962636451547e-04
51                                    -1.3576297219673739e-05
52                                    -7.5571493166935863e-05
53                                    -2.5552579415798193e-05
54                                    -5.3553736479864094e-05
55                                    -4.2888936921312709e-05
56                                    -5.5698434577412109e-05
57                                    -1.0913699652324686e-04
58                                    -3.0503500332033917e-05
59                                    -6.9630437464524020e-05
60                                    -4.8955804128181409e-05
61                                     3.3803459920196850e-04
62                                    -1.7689983630415559e-04
63                                    -3.2995415426502733e-05
64                                     4.9201217853095391e-05
65                                     2.2939220414626600e-04
66                                    -5.9698038234329287e-06
67                                    -4.8104091860146428e-05
68                                    -3.0089120278480822e-05
69                                    -5.5819803503366627e-06
70                                    -4.1020075224277447e-05
71                                    -4.2218267734921155e-05
72                                     5.9531886273320178e-06
73                                    -6.9880951700252922e-05
74                                    -3.1559886012191146e-05
   &Method [&Type "String"] "MP2"
   &Level [&Type "String"] "Relaxed density"
   &Mult [&Type "Integer"] 1
   &State [&Type "Integer"] 0
   &Irrep [&Type "Integer"] 0
$End
$Single_Point_Data
   &GeometryIndex 13
   &FinalEnergy [&Type "Double"]      -9.9486456890339377e+03  "Final single point energy"
   &Converged [&Type "Boolean"] true
$End
$Geometry
   &GeometryIndex 14
   &NAtoms [&Type "Integer"] 25
   &NCorelessECP [&Type "Integer"] 0
   &NGhostAtoms [&Type "Integer"] 0
   &CartesianCoordinates [&Type "Coordinates", &Dim(25,4), &Units "Bohr"] 
              Cu   -11.203490322024   14.611668058692    7.225423384244
              Cu    -6.783003260534   15.874401290363    6.519568520888
              S    -13.678311263300   11.042489835897    7.125706099251
              C    -16.894716685751   12.095523748151    7.819104022200
              H    -16.880824083111   13.987013232643    8.632388820836
              H    -17.806175182706   10.790038870823    9.124931950553
              H    -17.970390306764   12.134188963796    6.060555963028
              Cu   -11.655833933967   10.931222151012   10.612728356284
              S     -8.910455536291   11.387190850309   13.622467631112
              H    -11.843415717126   13.090612510503   16.716287534668
              H    -11.056334398114   15.408920825901   14.418213692557
              C    -10.318336601470   13.875848309465   15.576314377589
              H     -8.865070391835   14.627342942704   16.828549036084
              Cu    -7.775932846911   13.592427622054   10.195542681135
              Cu    -9.978618336253   18.329535352923    4.065460472211
              S    -13.530796332153   18.047649949372    5.955977973155
              C    -15.831113032430   16.852886237003    3.671843400620
              H    -17.673413845743   16.732051925407    4.589615627982
              H    -15.973375723195   18.135829239267    2.067358951517
              H    -15.292703621735   14.978883487658    3.010130289865
              S     -6.028794419290   18.090112216313    2.989158824766
              C     -6.011853414142   15.551992256294    0.633566683717
              H     -4.072132906670   14.904062992073    0.383343404400
              H     -7.171059784649   13.962093069537    1.237331764484
              H     -6.717230228343   16.263381310527   -1.165995014170
$End
$SCF_Energy
   &GeometryIndex 14
   &Method [&Type "String"] "SCF"
   &totalEnergy [&Type "ArrayOfDoubles", &Dim (1,1)] "Total energy of each state"
                                                         0

0                                     -9.9435771174570255e+03
   &Mult [&Type "ArrayOfIntegers", &Dim (1,1)] "Multiplicity of each state"
                                                         0

0                                                        1
$End
$SCF_Timings
   &GeometryIndex 14
   &TOTAL [&Type "Double"]       7.2047875000000005e+01
   &PREP [&Type "Double"]       3.7895099999999998e-01
   &FOCK [&Type "Double"]       6.7270419000000004e+01
   &DENS [&Type "Double"]       1.7152499999999549e-01
   &ETOT [&Type "Double"]       8.6288000000015685e-02
   &POP [&Type "Double"]       1.0000000116860974e-06
   &TRAFO [&Type "Double"]       1.8365199999998971e-01
   &DIIS [&Type "Double"]       7.5585899999999562e-01
   &SOSCF [&Type "Double"]       3.5677099999999484e-01
   &FOCKSTART [&Type "Double"]       3.0236000000004370e-02
   &SPLITRIJ [&Type "Double"]       4.6946110000000090e+00
   &COSX [&Type "Double"]       6.5602624000000020e+01
   &FROZCORE [&Type "Double"]       2.6876999999998930e-02
$End
$MP2_Energies
   &GeometryIndex 14
   &refEnergy [&Type "ArrayOfDoubles", &Dim (1,1)] "Reference energy for each state"
                                                         0

0                                     -9.9435771174570255e+03
   &corrEnergy [&Type "ArrayOfDoubles", &Dim (1,1)] "MP2 correlation energy for each state"
                                                         0

0                                     -5.0685355210120218e+00
   &Method [&Type "String"] "MP2"
   &totalEnergy [&Type "ArrayOfDoubles", &Dim (1,1)] "Total energy of each state"
                                                         0

0                                     -9.9486456529780371e+03
   &Mult [&Type "ArrayOfIntegers", &Dim (1,1)] "Multiplicity of each state"
                                                         0

0                                                        1
$End
$MP2_Nuc_Gradient
   &GeometryIndex 14
   &NAtoms [&Type "Integer"] 25
   &gradNorm [&Type "Double"]       8.7449400455248802e-04
   &grad [&Type "ArrayOfDoubles", &Dim (75,1)] 
                                                         0

0                                      3.4647577839490989e-04
1                                      1.9536144835625600e-05
2                                      1.5627617455946964e-04
3                                     -2.4929448868611561e-04
4                                     -3.0592969538707424e-05
5                                     -2.0022730510275803e-04
6                                     -1.0297841702885946e-04
7                                      4.3699039220411115e-05
8                                     -4.3525844321153778e-05
9                                      9.1573598590723171e-05
10                                     5.4560638563811575e-06
11                                     3.3111597771643547e-06
12                                    -1.8914029151312524e-05
13                                     6.7501896397030581e-06
14                                    -8.2247075104454476e-06
15                                    -3.0317282876921731e-05
16                                    -3.0051807452351198e-06
17                                    -1.4441229615455575e-05
18                                    -3.9154403871900778e-05
19                                     1.4423961269233003e-06
20                                     6.1194358798172255e-06
21                                     1.0917637764653980e-04
22                                    -5.3029837314215369e-05
23                                     3.0098369411973684e-04
24                                    -1.0345733330525096e-04
25                                    -2.3092633539924592e-04
26                                     3.1813768536196815e-05
27                                    -4.0502202188711506e-05
28                                     4.6739869472362666e-05
29                                     1.6052892790219264e-05
30                                    -2.7703131906800169e-05
31                                     2.2877720821660313e-05
32                                     6.3919391285471860e-06
33                                    -4.2329440988059241e-05
34                                     1.3713019700992840e-05
35                                    -5.5794819801837162e-05
36                                    -3.8018562335845330e-05
37                                     2.6836728171084762e-05
38                                     1.5540221803035659e-05
39                                    -2.5282912808129556e-04
40                                     7.9131327247921115e-06
41                                     1.4442606430741141e-04
42                                     2.1631667770395397e-04
43                                     6.3659967660329234e-06
44                                    -2.5512584907801854e-04
45                                    -6.1858934719572281e-05
46                                    -2.4320318743875028e-05
47                                    -1.4883311513209582e-05
48                                     7.9290002622585398e-05
49                                    -3.2640659335869768e-05
50                                     6.4016774928609202e-05
51                                    -3.5572750727248803e-05
52                                     1.8473306864590783e-05
53                                    -6.1863261224554683e-05
54                                    -1.6261943370761010e-05
55                                     6.9693406686971437e-06
56                                    -7.1603442159881570e-06
57                                     8.3719791518430120e-07
58                                     1.1921385040039589e-06
59                                    -3.4074357309576281e-05
60                                    -1.5086931246076005e-05
61                                     2.6454446868079580e-04
62                                    -9.3871866613651211e-05
63                                    -4.1360716320425987e-05
64                                    -2.9228156319290044e-05
65                                     6.0044234108810879e-05
66                                    -6.1794145499553810e-06
67                                    -2.5371821917851214e-05
68                                     9.6292970964543569e-06
69                                    -3.5892211872404212e-07
70                                    -1.6668778992538075e-05
71                                     6.1535831333801860e-06
72                                     6.0952644844822906e-06
73                                    -3.5795953079988119e-05
74                                    -2.3455089004018048e-07
   &Method [&Type "String"] "MP2"
   &Level [&Type "String"] "Relaxed density"
   &Mult [&Type "Integer"] 1
   &State [&Type "Integer"] 0
   &Irrep [&Type "Integer"] 0
$End
$Single_Point_Data
   &GeometryIndex 14
   &FinalEnergy [&Type "Double"]      -9.9486456529780371e+03  "Final single point energy"
   &Converged [&Type "Boolean"] true
$End
$Geometry
   &GeometryIndex 15
   &NAtoms [&Type "Integer"] 25
   &NCorelessECP [&Type "Integer"] 0
   &NGhostAtoms [&Type "Integer"] 0
   &CartesianCoordinates [&Type "Coordinates", &Dim(25,4), &Units "Bohr"] 
              Cu   -11.203461757096   14.611012242935    7.225677332027
              Cu    -6.782472755436   15.876310322606    6.522517909112
              S    -13.676867969507   11.041657371190    7.122660474016
              C    -16.894205153822   12.093849085323    7.816433869215
              H    -16.879534997529   13.987599859425    8.624390135808
              H    -17.802777376899   10.791035167618    9.126742669197
              H    -17.971302964073   12.127271014370    6.058658112450
              Cu   -11.656662664109   10.929836117962   10.610782594538
              S     -8.911815012482   11.387142340488   13.621390204008
              H    -11.843482811053   13.094159072482   16.713931369331
              H    -11.056261613821   15.410171002421   14.413038073207
              C    -10.318648544305   13.878374194180   15.573022545940
              H     -8.864550406426   14.630446292977   16.823888718199
              Cu    -7.774510195929   13.587764598216   10.193778953845
              Cu    -9.979243253679   18.330325125183    4.068639917140
              S    -13.530613791831   18.047822558510    5.960374282627
              C    -15.831278027469   16.853657949946    3.675284262256
              H    -17.675017456667   16.739343282540    4.590916660825
              H    -15.967717456165   18.133957687871    2.068247081831
              H    -15.295076363846   14.977259294256    3.018769073046
              S     -6.029525798229   18.088893155571    2.991281213875
              C     -6.013292492893   15.551164081329    0.635053920364
              H     -4.073543755265   14.903340416958    0.384824504973
              H     -7.172576844131   13.961494206193    1.239239029056
              H     -6.718942711847   16.263480808134   -1.163968457910
$End
$SCF_Energy
   &GeometryIndex 15
   &Method [&Type "String"] "SCF"
   &totalEnergy [&Type "ArrayOfDoubles", &Dim (1,1)] "Total energy of each state"
                                                         0

0                                     -9.9435773103984320e+03
   &Mult [&Type "ArrayOfIntegers", &Dim (1,1)] "Multiplicity of each state"
                                                         0

0                                                        1
$End
$SCF_Timings
   &GeometryIndex 15
   &TOTAL [&Type "Double"]       6.0633069000000006e+01
   &PREP [&Type "Double"]       3.5352100000000003e-01
   &FOCK [&Type "Double"]       5.5052916000000003e+01
   &DENS [&Type "Double"]       1.2394100000000208e-01
   &ETOT [&Type "Double"]       6.0903999999986524e-02
   &POP [&Type "Double"]       1.0000000045806701e-06
   &TRAFO [&Type "Double"]       1.8180299999999860e-01
   &DIIS [&Type "Double"]       4.9720300000000073e-01
   &SOSCF [&Type "Double"]       2.8778999999999577e-01
   &FOCKSTART [&Type "Double"]       2.9793000000002179e-02
   &SPLITRIJ [&Type "Double"]       3.4249920000000031e+00
   &COSX [&Type "Double"]       5.5916502000000008e+01
   &FROZCORE [&Type "Double"]       2.1891000000003658e-02
$End
$MP2_Energies
   &GeometryIndex 15
   &refEnergy [&Type "ArrayOfDoubles", &Dim (1,1)] "Reference energy for each state"
                                                         0

0                                     -9.9435773103984320e+03
   &corrEnergy [&Type "ArrayOfDoubles", &Dim (1,1)] "MP2 correlation energy for each state"
                                                         0

0                                     -5.0686533336857638e+00
   &Method [&Type "String"] "MP2"
   &totalEnergy [&Type "ArrayOfDoubles", &Dim (1,1)] "Total energy of each state"
                                                         0

0                                     -9.9486459637321186e+03
   &Mult [&Type "ArrayOfIntegers", &Dim (1,1)] "Multiplicity of each state"
                                                         0

0                                                        1
$End
$MP2_Nuc_Gradient
   &GeometryIndex 15
   &NAtoms [&Type "Integer"] 25
   &gradNorm [&Type "Double"]       7.3788979895743063e-04
   &grad [&Type "ArrayOfDoubles", &Dim (75,1)] 
                                                         0

0                                      2.7266545891163618e-04
1                                     -1.2671804208424370e-06
2                                      1.2849893581412010e-04
3                                     -2.4555952851148047e-04
4                                      6.7927367176289985e-05
5                                     -1.5267577112761457e-04
6                                      1.0508995405965338e-05
7                                      5.9037806440754518e-05
8                                     -5.5804639135834111e-05
9                                     -8.6205485010589639e-05
10                                    -5.2026417177294601e-07
11                                     6.2067180316639943e-05
12                                     3.3525771564266432e-05
13                                     1.8361671308746164e-05
14                                    -3.3091621529932405e-05
15                                     5.2449077755246237e-06
16                                    -9.7237902826757816e-06
17                                    -1.9994661058574809e-05
18                                    -2.2186669988684751e-05
19                                     8.3852841087522258e-06
20                                    -3.7159778494555429e-06
21                                     5.0732840644734760e-05
22                                    -5.7545360067656239e-05
23                                     2.6404361546911864e-04
24                                    -7.2357002480646221e-05
25                                    -1.3555347963815217e-04
26                                    -1.1639778986927835e-06
27                                    -2.5954971936109628e-05
28                                     1.8185543828048989e-05
29                                     4.4361077196734822e-06
30                                    -1.6808057712962982e-05
31                                     5.9646747039635017e-06
32                                    -1.3129554385621356e-05
33                                    -9.0120342118223465e-05
34                                     7.1787527279178892e-05
35                                     1.9095015357581749e-05
36                                    -2.0909054081964112e-05
37                                     1.0980891303150053e-05
38                                     3.5191355034630556e-06
39                                    -2.2621290686342284e-04
40                                    -8.8921162694282144e-05
41                                     1.1464927975540079e-04
42                                     1.5872069871843315e-04
43                                     2.7930501223982253e-05
44                                    -2.4656387679735606e-04
45                                     2.3807978054360412e-05
46                                    -1.8268665200308135e-05
47                                     3.9787939488448304e-05
48                                    -4.7590898566627488e-05
49                                    -1.2274272057974074e-04
50                                    -1.7991233846227292e-05
51                                    -2.6489140998481320e-05
52                                     4.4843498165206708e-05
53                                    -5.5513855630073827e-05
54                                     6.4820395080185302e-06
55                                     3.2818305349936738e-05
56                                     9.6677792783064764e-06
57                                     4.8808019249623608e-05
58                                     1.3570998223633168e-05
59                                    -7.3692309340393780e-06
60                                    -2.5011698006971797e-05
61                                     1.6173428235412290e-04
62                                    -4.7017611968382111e-05
63                                    -4.0103952120839736e-05
64                                    -6.5914222478308596e-05
65                                    -4.3266519320310851e-05
66                                     9.0268098592270751e-06
67                                    -1.9950328997419067e-05
68                                     3.4511630474265767e-05
69                                     6.7835345813824222e-07
70                                    -8.3816437075508177e-06
71                                     3.2348427349180101e-05
72                                     6.0433185303972181e-06
73                                    -1.3560762098770510e-05
74                                     1.5040351927991108e-05
   &Method [&Type "String"] "MP2"
   &Level [&Type "String"] "Relaxed density"
   &Mult [&Type "Integer"] 1
   &State [&Type "Integer"] 0
   &Irrep [&Type "Integer"] 0
$End
$Single_Point_Data
   &GeometryIndex 15
   &FinalEnergy [&Type "Double"]      -9.9486459637321186e+03  "Final single point energy"
   &Converged [&Type "Boolean"] true
$End
$Geometry
   &GeometryIndex 16
   &NAtoms [&Type "Integer"] 25
   &NCorelessECP [&Type "Integer"] 0
   &NGhostAtoms [&Type "Integer"] 0
   &CartesianCoordinates [&Type "Coordinates", &Dim(25,4), &Units "Bohr"] 
              Cu   -11.201432741350   14.610059966257    7.226689169024
              Cu    -6.780072320870   15.875849124078    6.524936812504
              S    -13.672192771389   11.040385562028    7.118389907870
              C    -16.891627263909   12.088859692426    7.810052705763
              H    -16.879225807020   13.983296861874    8.616396369506
              H    -17.798703303872   10.785940945035    9.121226413214
              H    -17.967749342726   12.119446245096    6.051655350924
              Cu   -11.654990119553   10.928389354633   10.608295943648
              S     -8.913522170212   11.389093115134   13.622105312446
              H    -11.847311271876   13.101503427719   16.709171020496
              H    -11.057743186450   15.413801563924   14.405053257606
              C    -10.321472000606   13.883920722676   15.568422107470
              H     -8.868124083878   14.637644466619   16.819106011113
              Cu    -7.771915936914   13.583060075388   10.192901829512
              Cu    -9.977123812732   18.330898303890    4.074586557060
              S    -13.527694623694   18.048399589821    5.968134910657
              C    -15.831280681635   16.857541676593    3.683692869134
              H    -17.674969239965   16.748012378119    4.599967370655
              H    -15.964702532024   18.136658209412    2.075535304221
              H    -15.298803984781   14.979351992972    3.029331161228
              S     -6.028526863425   18.085308263644    2.992829006016
              C     -6.016586341137   15.548485418966    0.635587775529
              H     -4.077488797207   14.899761194953    0.382997267700
              H     -7.176203377896   13.959394566974    1.240655248961
              H     -6.723919599387   16.262304530453   -1.162145233279
$End
$SCF_Energy
   &GeometryIndex 16
   &Method [&Type "String"] "SCF"
   &totalEnergy [&Type "ArrayOfDoubles", &Dim (1,1)] "Total energy of each state"
                                                         0

0                                     -9.9435768266599935e+03
   &Mult [&Type "ArrayOfIntegers", &Dim (1,1)] "Multiplicity of each state"
                                                         0

0                                                        1
$End
$SCF_Timings
   &GeometryIndex 16
   &TOTAL [&Type "Double"]       6.8049437999999995e+01
   &PREP [&Type "Double"]       3.6491899999999999e-01
   &FOCK [&Type "Double"]       6.3514019000000012e+01
   &DENS [&Type "Double"]       1.5919699999999892e-01
   &ETOT [&Type "Double"]       7.3161999999994620e-02
   &POP [&Type "Double"]       9.9999999747524271e-07
   &TRAFO [&Type "Double"]       2.1026800000000989e-01
   &DIIS [&Type "Double"]       5.0242100000000001e-01
   &SOSCF [&Type "Double"]       4.2269700000000121e-01
   &FOCKSTART [&Type "Double"]       2.9569999999989383e-02
   &SPLITRIJ [&Type "Double"]       4.2097799999999941e+00
   &COSX [&Type "Double"]       6.2323239999999998e+01
   &FROZCORE [&Type "Double"]       2.4962000000002149e-02
$End
$MP2_Energies
   &GeometryIndex 16
   &refEnergy [&Type "ArrayOfDoubles", &Dim (1,1)] "Reference energy for each state"
                                                         0

0                                     -9.9435768266599935e+03
   &corrEnergy [&Type "ArrayOfDoubles", &Dim (1,1)] "MP2 correlation energy for each state"
                                                         0

0                                     -5.0688088005195171e+00
   &Method [&Type "String"] "MP2"
   &totalEnergy [&Type "ArrayOfDoubles", &Dim (1,1)] "Total energy of each state"
                                                         0

0                                     -9.9486456354605125e+03
   &Mult [&Type "ArrayOfIntegers", &Dim (1,1)] "Multiplicity of each state"
                                                         0

0                                                        1
$End
$MP2_Nuc_Gradient
   &GeometryIndex 16
   &NAtoms [&Type "Integer"] 25
   &gradNorm [&Type "Double"]       7.6846431753055237e-04
   &grad [&Type "ArrayOfDoubles", &Dim (75,1)] 
                                                         0

0                                      2.1522699163489811e-04
1                                      1.1032098759623538e-05
2                                      1.1958023074500491e-04
3                                     -2.7531504535768282e-04
4                                      1.9855672933654592e-04
5                                     -1.2074823076755475e-04
6                                      8.3080691905147025e-05
7                                      9.2408538552381930e-05
8                                     -6.4780957450875920e-05
9                                     -1.8902129264210601e-04
10                                     6.9459410233915428e-06
11                                     7.5546478960093928e-05
12                                     4.8783069960370556e-05
13                                     1.9695401492797471e-05
14                                    -4.3206819670448329e-05
15                                     2.0745388317266328e-05
16                                    -7.1915658903416724e-06
17                                    -1.3710881040004952e-05
18                                    -1.0800608935147143e-06
19                                     7.5300829383692300e-06
20                                    -1.1552953016944617e-05
21                                     7.2521002355109901e-05
22                                    -6.1314609891499530e-05
23                                     1.9485231463561153e-04
24                                    -6.0993808832307192e-05
25                                    -2.3385988826219589e-05
26                                    -1.1778679091700023e-05
27                                    -1.7049611845978280e-05
28                                     3.3814817178151602e-06
29                                    -7.2225869577058344e-06
30                                    -1.2057400295525239e-05
31                                    -1.5382347991893530e-07
32                                    -2.1468780480392302e-05
33                                    -9.5934301733487798e-05
34                                     9.4747046622033551e-05
35                                     7.3173084251199061e-05
36                                    -1.9408542787591188e-05
37                                     4.7011452678422105e-06
38                                    -8.3236984102230682e-06
39                                    -2.4713384652626583e-04
40                                    -1.9785616665237739e-04
41                                     7.0105858052621137e-05
42                                     1.7799206546242506e-04
43                                     4.7207506787356503e-05
44                                    -1.7727595637468058e-04
45                                     6.7691498575305972e-05
46                                    -5.1770732942321446e-05
47                                     8.1717755034647899e-05
48                                    -1.2859691570937803e-04
49                                    -1.2856491786451601e-04
50                                    -8.7502608442641475e-05
51                                    -8.9532959233300236e-06
52                                     4.3057993904316695e-05
53                                    -3.1425998697143936e-05
54                                     2.4406916281006618e-05
55                                     2.7133112484273997e-05
56                                     1.1743887827559557e-05
57                                     5.0769587838643201e-05
58                                     9.8298371585849031e-06
59                                     2.0231756552373595e-05
60                                    -3.4883162060868073e-05
61                                     5.4545937943673711e-05
62                                    -2.1172834785358752e-05
63                                    -9.5447999907930133e-06
64                                    -8.2682963106343529e-05
65                                    -9.4884056339632553e-05
66                                     2.4227330628102950e-06
67                                    -8.9767849737812377e-06
68                                     4.0852412881623064e-05
69                                    -7.4881354673178580e-07
70                                    -4.0638089067006333e-06
71                                     3.8989323963241340e-05
72                                     4.8825741584112431e-06
73                                    -2.9139727156235473e-07
74                                     2.2738138810277086e-05
   &Method [&Type "String"] "MP2"
   &Level [&Type "String"] "Relaxed density"
   &Mult [&Type "Integer"] 1
   &State [&Type "Integer"] 0
   &Irrep [&Type "Integer"] 0
$End
$Single_Point_Data
   &GeometryIndex 16
   &FinalEnergy [&Type "Double"]      -9.9486456354605125e+03  "Final single point energy"
   &Converged [&Type "Boolean"] true
$End
$Geometry
   &GeometryIndex 17
   &NAtoms [&Type "Integer"] 25
   &NCorelessECP [&Type "Integer"] 0
   &NGhostAtoms [&Type "Integer"] 0
   &CartesianCoordinates [&Type "Coordinates", &Dim(25,4), &Units "Bohr"] 
              Cu   -11.200579132226   14.609454705691    7.227035356023
              Cu    -6.778787856559   15.874026865117    6.525033814513
              S    -13.670983795847   11.039803486228    7.117561339034
              C    -16.891123075081   12.086836658170    7.807378314640
              H    -16.880539668962   13.980581342898    8.615387281834
              H    -17.799078896461   10.782724622396    9.116820105575
              H    -17.965737443704   12.118318695354    6.048088668646
              Cu   -11.654473997062   10.928192662776   10.607942147088
              S     -8.914211704634   11.390249221758   13.622906986323
              H    -11.848636601029   13.104798595214   16.708079189393
              H    -11.057939225530   15.415815175697   14.403179591040
              C    -10.322228071878   13.886288076436   15.567413439165
              H     -8.869243427242   14.640478727073   16.818261882474
              Cu    -7.770995674228   13.581788723162   10.192980614374
              Cu    -9.975793533584   18.330500614250    4.076508698391
              S    -13.526334574892   18.048481403737    5.970283389584
              C    -15.831683589330   16.859232038276    3.687029011543
              H    -17.674337440472   16.748779994188    4.605306690803
              H    -15.966907112471   18.138974710346    2.079531924898
              H    -15.300255079685   14.981271632814    3.031068035381
              S     -6.027538682599   18.083494600856    2.993275589595
              C     -6.016832226440   15.547697732428    0.635206888993
              H     -4.077916166582   14.898921035473    0.381329471457
              H     -7.176336026067   13.958396208878    1.239934006915
              H     -6.724889171942   16.262259719470   -1.161967988704
$End
$SCF_Energy
   &GeometryIndex 17
   &Method [&Type "String"] "SCF"
   &totalEnergy [&Type "ArrayOfDoubles", &Dim (1,1)] "Total energy of each state"
                                                         0

0                                     -9.9435768262012680e+03
   &Mult [&Type "ArrayOfIntegers", &Dim (1,1)] "Multiplicity of each state"
                                                         0

0                                                        1
$End
$SCF_Timings
   &GeometryIndex 17
   &TOTAL [&Type "Double"]       5.9489533000000002e+01
   &PREP [&Type "Double"]       3.5378199999999999e-01
   &FOCK [&Type "Double"]       5.5502346000000003e+01
   &DENS [&Type "Double"]       1.2632699999998920e-01
   &ETOT [&Type "Double"]       5.7800999999999547e-02
   &POP [&Type "Double"]       9.9999999747524271e-07
   &TRAFO [&Type "Double"]       8.5391000000001327e-02
   &DIIS [&Type "Double"]       1.2315599999999982e-01
   &SOSCF [&Type "Double"]       4.3767900000000104e-01
   &FOCKSTART [&Type "Double"]       2.5464000000001596e-02
   &SPLITRIJ [&Type "Double"]       3.3381029999999963e+00
   &COSX [&Type "Double"]       5.5091504000000000e+01
   &FROZCORE [&Type "Double"]       2.2627999999997428e-02
$End
$MP2_Energies
   &GeometryIndex 17
   &refEnergy [&Type "ArrayOfDoubles", &Dim (1,1)] "Reference energy for each state"
                                                         0

0                                     -9.9435768262012680e+03
   &corrEnergy [&Type "ArrayOfDoubles", &Dim (1,1)] "MP2 correlation energy for each state"
                                                         0

0                                     -5.0688373307088650e+00
   &Method [&Type "String"] "MP2"
   &totalEnergy [&Type "ArrayOfDoubles", &Dim (1,1)] "Total energy of each state"
                                                         0

0                                     -9.9486456635319773e+03
   &Mult [&Type "ArrayOfIntegers", &Dim (1,1)] "Multiplicity of each state"
                                                         0

0                                                        1
$End
$MP2_Nuc_Gradient
   &GeometryIndex 17
   &NAtoms [&Type "Integer"] 25
   &gradNorm [&Type "Double"]       7.1671595679547524e-04
   &grad [&Type "ArrayOfDoubles", &Dim (75,1)] 
                                                         0

0                                      2.2375723880447423e-04
1                                      1.5848558268321492e-05
2                                      1.2613801074127205e-04
3                                     -2.6021357231630765e-04
4                                      1.9430796805050728e-04
5                                     -1.2549480575715574e-04
6                                      6.1964888140773888e-05
7                                      9.9826006635454680e-05
8                                     -6.3758186838748163e-05
9                                     -1.4292227444661666e-04
10                                     1.2107185663336184e-05
11                                     4.3236441084675177e-05
12                                     2.2548259906558787e-05
13                                     1.2382368545362649e-05
14                                    -2.9217182768029662e-05
15                                     7.5237229902082314e-06
16                                    -4.4880262313473640e-07
17                                    -2.5917160732802369e-06
18                                     5.2604205348551897e-06
19                                     4.8690929872116911e-06
20                                    -1.3141145866549242e-05
21                                     9.9572670348227477e-05
22                                    -7.5180011147505006e-05
23                                     1.7472402554228120e-04
24                                    -7.3491151171201606e-05
25                                     1.2969228411503081e-05
26                                    -5.7895162794349697e-06
27                                    -2.6807051742454291e-05
28                                     7.3656129190909775e-06
29                                    -2.1097942303864581e-06
30                                    -1.9835938856174393e-05
31                                     1.0364331434975504e-05
32                                    -1.8042829830814539e-05
33                                    -7.2082265787351552e-05
34                                     6.9572329159665186e-05
35                                     6.4148858337095827e-05
36                                    -2.0920513306963567e-05
37                                     1.3119674833925524e-05
38                                    -2.9357005220977117e-06
39                                    -2.3814183189906774e-04
40                                    -2.0138204669174330e-04
41                                     6.8508918380947789e-05
42                                     1.8864234327049291e-04
43                                     4.9268123883541327e-05
44                                    -1.6404370171112844e-04
45                                     4.4415554210100461e-05
46                                    -7.3674680237864869e-05
47                                     6.5012386778718137e-05
48                                    -9.9748763424844372e-05
49                                    -6.9748788857231826e-05
50                                    -8.9121585439453158e-05
51                                    -2.2378781685816751e-06
52                                     1.9293997557077395e-05
53                                    -9.5249515490308800e-06
54                                     1.7161270718525309e-05
55                                     4.1038274662154317e-06
56                                    -3.2852982475434223e-07
57                                     2.4274874165088750e-05
58                                    -2.0272289952688594e-06
59                                     1.9101188518812207e-05
60                                    -3.3198933265319534e-05
61                                     1.9752537349013860e-05
62                                    -3.7482661092273079e-05
63                                    -2.9085653038525908e-07
64                                    -6.6339155099386787e-05
65                                    -5.9179548508890567e-05
66                                     1.6120170269647016e-06
67                                    -8.9628452421310068e-06
68                                     3.0705052207587874e-05
69                                    -4.7527363605456840e-07
70                                    -3.0019459141897298e-06
71                                     2.8821081436645676e-05
72                                     3.2442775215208580e-06
73                                    -1.5092027288356874e-06
74                                     1.9110686560408485e-05
   &Method [&Type "String"] "MP2"
   &Level [&Type "String"] "Relaxed density"
   &Mult [&Type "Integer"] 1
   &State [&Type "Integer"] 0
   &Irrep [&Type "Integer"] 0
$End
$Single_Point_Data
   &GeometryIndex 17
   &FinalEnergy [&Type "Double"]      -9.9486456635319773e+03  "Final single point energy"
   &Converged [&Type "Boolean"] true
$End
$Geometry
   &GeometryIndex 18
   &NAtoms [&Type "Integer"] 25
   &NCorelessECP [&Type "Integer"] 0
   &NGhostAtoms [&Type "Integer"] 0
   &CartesianCoordinates [&Type "Coordinates", &Dim(25,4), &Units "Bohr"] 
              Cu   -11.200751986151   14.607354184202    7.227550888590
              Cu    -6.776785155035   15.868972043404    6.525953095248
              S    -13.671495151823   11.038149609499    7.116122470680
              C    -16.892214352205   12.084126044257    7.802444217041
              H    -16.884758366394   13.977318873375    8.611838997861
              H    -17.802039086721   10.779506991714    9.110229861645
              H    -17.964689700370   12.115627215645    6.041868043247
              Cu   -11.656502899115   10.927477789611   10.607266212659
              S     -8.916432256289   11.391023365604   13.623213968791
              H    -11.848207974920   13.113453339863   16.706277212973
              H    -11.054580896282   15.420608736653   14.398977543026
              C    -10.320658273034   13.891148415656   15.564503151633
              H     -8.866917184950   14.645217864840   16.814608212828
              Cu    -7.769879595091   13.577383362952   10.192630927678
              Cu    -9.974804769492   18.329221047092    4.081147256254
              S    -13.525500500735   18.047967104097    5.974319407924
              C    -15.832569934282   16.860857946539    3.692415862132
              H    -17.673753743003   16.748583579189    4.613504707416
              H    -15.970669458395   18.140669252609    2.085233198747
              H    -15.302961015580   14.982959141096    3.034488879902
              S     -6.026347027729   18.080217488708    2.997022781692
              C     -6.015571702678   15.547911252324    0.635957627302
              H     -4.076515848412   14.900410404937    0.379658622387
              H     -7.173955959836   13.956909339443    1.238428863465
              H     -6.724819335987   16.264292855379   -1.160087562147
$End
$SCF_Energy
   &GeometryIndex 18
   &Method [&Type "String"] "SCF"
   &totalEnergy [&Type "ArrayOfDoubles", &Dim (1,1)] "Total energy of each state"
                                                         0

0                                     -9.9435767894515120e+03
   &Mult [&Type "ArrayOfIntegers", &Dim (1,1)] "Multiplicity of each state"
                                                         0

0                                                        1
$End
$SCF_Timings
   &GeometryIndex 18
   &TOTAL [&Type "Double"]       6.1891517000000000e+01
   &PREP [&Type "Double"]       3.6277099999999995e-01
   &FOCK [&Type "Double"]       5.7406997000000004e+01
   &DENS [&Type "Double"]       1.1840300000000070e-01
   &ETOT [&Type "Double"]       5.7012000000002061e-02
   &TRAFO [&Type "Double"]       8.5540000000001726e-02
   &DIIS [&Type "Double"]       1.2861700000000020e-01
   &SOSCF [&Type "Double"]       4.3440099999999582e-01
   &FOCKSTART [&Type "Double"]       2.5460000000005090e-02
   &SPLITRIJ [&Type "Double"]       3.3963020000000022e+00
   &COSX [&Type "Double"]       5.7441731999999995e+01
   &FROZCORE [&Type "Double"]       2.1036999999999750e-02
$End
$MP2_Energies
   &GeometryIndex 18
   &refEnergy [&Type "ArrayOfDoubles", &Dim (1,1)] "Reference energy for each state"
                                                         0

0                                     -9.9435767894515120e+03
   &corrEnergy [&Type "ArrayOfDoubles", &Dim (1,1)] "MP2 correlation energy for each state"
                                                         0

0                                     -5.0689045045436725e+00
   &Method [&Type "String"] "MP2"
   &totalEnergy [&Type "ArrayOfDoubles", &Dim (1,1)] "Total energy of each state"
                                                         0

0                                     -9.9486456939560558e+03
   &Mult [&Type "ArrayOfIntegers", &Dim (1,1)] "Multiplicity of each state"
                                                         0

0                                                        1
$End
$MP2_Nuc_Gradient
   &GeometryIndex 18
   &NAtoms [&Type "Integer"] 25
   &gradNorm [&Type "Double"]       6.2420989397343036e-04
   &grad [&Type "ArrayOfDoubles", &Dim (75,1)] 
                                                         0

0                                      1.6576306720593632e-04
1                                      1.2447094153264244e-05
2                                      9.6364411281255405e-05
3                                     -2.1473614402429952e-04
4                                      1.9396649221953798e-04
5                                     -1.0183879271009715e-04
6                                      2.1061822327167468e-06
7                                      1.0197593061022497e-04
8                                     -5.4387472046595747e-05
9                                      5.0586011889324628e-06
10                                     3.7295806654001964e-05
11                                    -2.9539690647171699e-05
12                                    -5.1310364514666005e-05
13                                     4.7152938329603211e-07
14                                     7.1210954973900675e-06
15                                    -2.7433736057161720e-05
16                                     3.1350358007636858e-05
17                                     1.6337812870755031e-05
18                                     9.9043336105938268e-06
19                                    -1.0822259338355653e-05
20                                    -8.9860803793827271e-06
21                                     4.7167941165201198e-05
22                                    -1.1983302341354559e-04
23                                     9.6298384083709151e-05
24                                    -6.4729101457869365e-05
25                                     1.0901774677040191e-04
26                                     6.5706403454164619e-06
27                                    -3.0846099814772071e-05
28                                     2.3727390560931982e-05
29                                    -4.0357345952729551e-06
30                                    -2.9052828756100102e-05
31                                     2.8607167413177009e-05
32                                     1.0729532390740121e-05
33                                     3.1905835894919729e-06
34                                    -9.0522857831201037e-06
35                                     8.8872656221483659e-06
36                                    -3.5875741963183050e-05
37                                     3.7170823921964941e-05
38                                     1.2790967841645740e-05
39                                    -2.1033378967641849e-04
40                                    -2.1791750174376262e-04
41                                     6.6306428816739413e-05
42                                     1.3929816628458760e-04
43                                     8.7426128502391710e-05
44                                    -9.7201274669874403e-05
45                                     3.1698315653538173e-06
46                                    -1.1103600910684084e-04
47                                     3.8534814579008203e-05
48                                     9.6606421434476675e-06
49                                     1.1080600690476124e-04
50                                    -6.4909710745606614e-05
51                                     1.3787567619313879e-05
52                                    -4.7933339212433753e-05
53                                     3.5612260263452253e-05
54                                    -2.4158297905059163e-06
55                                    -5.5424477866269223e-05
56                                    -4.2555375135051171e-05
57                                    -3.8158883443831920e-05
58                                    -3.3734459952843715e-05
59                                     6.0911363095120241e-06
60                                    -4.6027685835991431e-05
61                                    -8.4923014995914869e-05
62                                    -3.5763526253076994e-05
63                                     2.0579675309279587e-05
64                                    -7.5839843415373420e-07
65                                     6.1289892624549758e-05
66                                    -2.2505069297018565e-06
67                                    -1.1534014972357232e-05
68                                     2.3448464976753847e-06
69                                    -2.0888145919918666e-06
70                                    -1.3924988418692608e-05
71                                     4.0459378979409988e-07
72                                     5.0524296852632461e-06
73                                    -1.3901500629116478e-05
74                                     6.1470574475933071e-06
   &Method [&Type "String"] "MP2"
   &Level [&Type "String"] "Relaxed density"
   &Mult [&Type "Integer"] 1
   &State [&Type "Integer"] 0
   &Irrep [&Type "Integer"] 0
$End
$Single_Point_Data
   &GeometryIndex 18
   &FinalEnergy [&Type "Double"]      -9.9486456939560558e+03  "Final single point energy"
   &Converged [&Type "Boolean"] true
$End
$Geometry
   &GeometryIndex 19
   &NAtoms [&Type "Integer"] 25
   &NCorelessECP [&Type "Integer"] 0
   &NGhostAtoms [&Type "Integer"] 0
   &CartesianCoordinates [&Type "Coordinates", &Dim(25,4), &Units "Bohr"] 
              Cu   -11.200443221904   14.605957982047    7.228108681395
              Cu    -6.775150653597   15.863948398698    6.525308474357
              S    -13.670264007939   11.035658868782    7.115629903434
              C    -16.891605007650   12.080012294740    7.800139082744
              H    -16.886057043604   13.971859543188    8.612696889923
              H    -17.802850779555   10.773321427258    9.104970184844
              H    -17.962447329391   12.113898704550    6.038583919337
              Cu   -11.656384528863   10.927445541612   10.607290005210
              S     -8.917540349825   11.392676633358   13.624755901516
              H    -11.850099169605   13.118595699709   16.705227829649
              H    -11.055077520001   15.423474931205   14.396361069069
              C    -10.321828026200   13.894697515138   15.563247374782
              H     -8.868544041108   14.649649604170   16.813358407810
              Cu    -7.769414540504   13.576655749568   10.193605718622
              Cu    -9.973313843502   18.328050525118    4.084669457233
              S    -13.523872662735   18.048863646152    5.977790669031
              C    -15.831749798043   16.864177779231    3.695836847711
              H    -17.672150200211   16.749147918805    4.618167606550
              H    -15.972165786440   18.146200214944    2.090585021861
              H    -15.302134500779   14.987572768204    3.034211268527
              S     -6.025126515279   18.077150837062    2.998249982626
              C     -6.016354621713   15.547380647713    0.634728037930
              H     -4.077592175087   14.899773849280    0.376226751128
              H     -7.174522268016   13.955774303422    1.236078217827
              H     -6.726693582958   16.265421864732   -1.160252854138
$End
$SCF_Energy
   &GeometryIndex 19
   &Method [&Type "String"] "SCF"
   &totalEnergy [&Type "ArrayOfDoubles", &Dim (1,1)] "Total energy of each state"
                                                         0

0                                     -9.9435767472125408e+03
   &Mult [&Type "ArrayOfIntegers", &Dim (1,1)] "Multiplicity of each state"
                                                         0

0                                                        1
$End
$SCF_Timings
   &GeometryIndex 19
   &TOTAL [&Type "Double"]       6.1794231000000003e+01
   &PREP [&Type "Double"]       3.4779099999999996e-01
   &FOCK [&Type "Double"]       5.7507862000000010e+01
   &DENS [&Type "Double"]       1.1115900000000778e-01
   &ETOT [&Type "Double"]       6.5490999999999744e-02
   &POP [&Type "Double"]       9.9999999747524271e-07
   &TRAFO [&Type "Double"]       9.3779000000004942e-02
   &DIIS [&Type "Double"]       1.2208000000000041e-01
   &SOSCF [&Type "Double"]       4.3881600000000276e-01
   &FOCKSTART [&Type "Double"]       2.6029000000008962e-02
   &SPLITRIJ [&Type "Double"]       3.3170099999999962e+00
   &COSX [&Type "Double"]       5.7368859000000000e+01
   &FROZCORE [&Type "Double"]       3.6697000000003754e-02
$End
$MP2_Energies
   &GeometryIndex 19
   &refEnergy [&Type "ArrayOfDoubles", &Dim (1,1)] "Reference energy for each state"
                                                         0

0                                     -9.9435767472125408e+03
   &corrEnergy [&Type "ArrayOfDoubles", &Dim (1,1)] "MP2 correlation energy for each state"
                                                         0

0                                     -5.0689109658647427e+00
   &Method [&Type "String"] "MP2"
   &totalEnergy [&Type "ArrayOfDoubles", &Dim (1,1)] "Total energy of each state"
                                                         0

0                                     -9.9486456581784059e+03
   &Mult [&Type "ArrayOfIntegers", &Dim (1,1)] "Multiplicity of each state"
                                                         0

0                                                        1
$End
$MP2_Nuc_Gradient
   &GeometryIndex 19
   &NAtoms [&Type "Integer"] 25
   &gradNorm [&Type "Double"]       6.2039850556961003e-04
   &grad [&Type "ArrayOfDoubles", &Dim (75,1)] 
                                                         0

0                                      1.7244129372338650e-04
1                                      1.7962807711657163e-05
2                                      1.0209423079701784e-04
3                                     -1.9703636144098070e-04
4                                      1.7639612571378194e-04
5                                     -1.2732398178246992e-04
6                                     -3.2085100348508422e-05
7                                      6.8026735525723771e-05
8                                     -3.3916867583376822e-05
9                                      8.8203868221449835e-05
10                                     3.7032151986079748e-05
11                                    -5.6358283236905560e-05
12                                    -8.0540476398540881e-05
13                                    -9.1741353059823783e-06
14                                     2.1767957413459937e-05
15                                    -4.9044055856825933e-05
16                                     3.7822010390854699e-05
17                                     2.3808809735036129e-05
18                                    -4.1933143908930853e-06
19                                    -1.9515911233107096e-05
20                                    -8.4605843278968973e-06
21                                     3.1594698565888535e-05
22                                    -7.4702282857455615e-05
23                                     3.2588060354811488e-05
24                                    -4.3882703813197255e-05
25                                     1.2560552520853377e-04
26                                     2.6096904001928628e-05
27                                    -4.3283530655548880e-05
28                                     3.2061457524257958e-05
29                                     5.7720542294970034e-06
30                                    -4.0040105462553488e-05
31                                     3.7618407584160546e-05
32                                     2.2744493217319306e-05
33                                     4.6634228898185387e-05
34                                    -4.5849392174586792e-05
35                                    -3.0350942037250458e-05
36                                    -4.3836255272929753e-05
37                                     4.3459187484514925e-05
38                                     1.6345317015831196e-05
39                                    -2.2249701379317526e-04
40                                    -1.9003133877760862e-04
41                                     6.1525774645344172e-05
42                                     7.8012347423848504e-05
43                                     4.7358645698698885e-05
44                                    -5.2364893194846267e-05
45                                    -7.9878957814447787e-06
46                                    -8.4672242662166015e-05
47                                     3.1807166877909077e-06
48                                     7.4280999198966108e-05
49                                     1.5440126716531567e-04
50                                    -2.2687166487556781e-05
51                                     1.4917988062038146e-05
52                                    -6.2332324123267734e-05
53                                     3.3951225733802257e-05
54                                    -1.3238154575449280e-05
55                                    -7.3063722443377638e-05
56                                    -5.5522806335778219e-05
57                                    -6.5134627015284857e-05
58                                    -3.4040118828279620e-05
59                                    -7.8089140036277649e-06
60                                    -3.2190280266794231e-05
61                                    -9.9707796128632731e-05
62                                    -3.3209737332826061e-05
63                                     2.2769853804100511e-05
64                                     3.4794892254634210e-05
65                                     1.1254429801798790e-04
66                                     4.9166289704215271e-06
67                                    -1.9783082267445240e-05
68                                    -1.0538116607094247e-05
69                                    -3.0447064161727433e-06
70                                    -2.3395876204767435e-05
71                                    -1.2991953863748795e-05
72                                     6.3894008750821352e-06
73                                    -2.7403623498492916e-05
74                                    -3.4526211206940827e-06
   &Method [&Type "String"] "MP2"
   &Level [&Type "String"] "Relaxed density"
   &Mult [&Type "Integer"] 1
   &State [&Type "Integer"] 0
   &Irrep [&Type "Integer"] 0
$End
$Single_Point_Data
   &GeometryIndex 19
   &FinalEnergy [&Type "Double"]      -9.9486456581784059e+03  "Final single point energy"
   &Converged [&Type "Boolean"] true
$End
$Geometry
   &GeometryIndex 20
   &NAtoms [&Type "Integer"] 25
   &NCorelessECP [&Type "Integer"] 0
   &NGhostAtoms [&Type "Integer"] 0
   &CartesianCoordinates [&Type "Coordinates", &Dim(25,4), &Units "Bohr"] 
              Cu   -11.199199988056   14.601570183354    7.230183821262
              Cu    -6.770610098750   15.850218257542    6.524334146144
              S    -13.665664147489   11.028208712065    7.113919111577
              C    -16.888530284223   12.068913050550    7.795071316310
              H    -16.885808027654   13.957673519205    8.614845972889
              H    -17.802446755669   10.757216092058    9.093102671963
              H    -17.955987424942   12.109099244953    6.031542384710
              Cu   -11.655381086146   10.926367446492   10.607318058419
              S     -8.920700341007   11.396581609822   13.629394237431
              H    -11.857393904601   13.132899007182   16.700592948247
              H    -11.057624850618   15.430543992625   14.386381061543
              C    -10.326849064705   13.904619349508   15.558612085825
              H     -8.875298010294   14.662632310587   16.808887681193
              Cu    -7.767915974849   13.573881960424   10.196713059772
              Cu    -9.969033896293   18.324837354052    4.095562550289
              S    -13.519101024308   18.050616444269    5.988776588607
              C    -15.827968425806   16.872655027185    3.704585486546
              H    -17.667644937262   16.751957442659    4.627675625499
              H    -15.971496810144   18.161138316909    2.104685497243
              H    -15.297350519227   14.999500504536    3.034079650867
              S     -6.021894775238   18.068746779013    3.002252226445
              C     -6.021195268465   15.546267597880    0.631130351871
              H     -4.083829060706   14.897053935496    0.366330298378
              H     -7.179871496393   13.954056228281    1.229942257607
              H     -6.734586001663   16.270112882041   -1.160344641659
$End
$SCF_Energy
   &GeometryIndex 20
   &Method [&Type "String"] "SCF"
   &totalEnergy [&Type "ArrayOfDoubles", &Dim (1,1)] "Total energy of each state"
                                                         0

0                                     -9.9435766086281074e+03
   &Mult [&Type "ArrayOfIntegers", &Dim (1,1)] "Multiplicity of each state"
                                                         0

0                                                        1
$End
$SCF_Timings
   &GeometryIndex 20
   &TOTAL [&Type "Double"]       7.2068887999999987e+01
   &PREP [&Type "Double"]       3.6345400000000000e-01
   &FOCK [&Type "Double"]       6.6066638000000012e+01
   &DENS [&Type "Double"]       1.6311799999999010e-01
   &ETOT [&Type "Double"]       7.7394000000014174e-02
   &POP [&Type "Double"]       9.9999999747524271e-07
   &TRAFO [&Type "Double"]       2.1331800000000811e-01
   &DIIS [&Type "Double"]       7.9022099999999895e-01
   &SOSCF [&Type "Double"]       2.9026499999999800e-01
   &FOCKSTART [&Type "Double"]       2.8308000000009881e-02
   &SPLITRIJ [&Type "Double"]       4.4105519999999920e+00
   &COSX [&Type "Double"]       6.5987914999999987e+01
   &FROZCORE [&Type "Double"]       2.7831000000006156e-02
$End
$MP2_Energies
   &GeometryIndex 20
   &refEnergy [&Type "ArrayOfDoubles", &Dim (1,1)] "Reference energy for each state"
                                                         0

0                                     -9.9435766086281074e+03
   &corrEnergy [&Type "ArrayOfDoubles", &Dim (1,1)] "MP2 correlation energy for each state"
                                                         0

0                                     -5.0689824656268998e+00
   &Method [&Type "String"] "MP2"
   &totalEnergy [&Type "ArrayOfDoubles", &Dim (1,1)] "Total energy of each state"
                                                         0

0                                     -9.9486455910937348e+03
   &Mult [&Type "ArrayOfIntegers", &Dim (1,1)] "Multiplicity of each state"
                                                         0

0                                                        1
$End
$MP2_Nuc_Gradient
   &GeometryIndex 20
   &NAtoms [&Type "Integer"] 25
   &gradNorm [&Type "Double"]       6.7824768714246054e-04
   &grad [&Type "ArrayOfDoubles", &Dim (75,1)] 
                                                         0

0                                      1.5685095692678785e-04
1                                      3.5793071445135291e-05
2                                      9.4825130890646182e-05
3                                     -2.0720343098732871e-04
4                                      1.2738455190804826e-04
5                                     -1.3833407203217227e-04
6                                     -7.8009963769019863e-05
7                                     -1.8344769109639690e-05
8                                      1.8938697531100182e-05
9                                      1.8832661981511845e-04
10                                     4.6322781959758780e-06
11                                    -7.7737715904812460e-05
12                                    -8.6029942284742474e-05
13                                    -2.1468653722545028e-06
14                                     3.3100885161884211e-05
15                                    -6.7467399388938462e-05
16                                     4.3849037839337884e-05
17                                     2.6339669163016888e-05
18                                    -2.6843629957600326e-05
19                                    -1.8814779883993241e-05
20                                    -4.5737677532367571e-06
21                                    -1.9121688456408617e-05
22                                    -1.9047519682521309e-05
23                                    -1.0850764789413492e-04
24                                     1.8976717188426244e-05
25                                     1.5085157205340857e-04
26                                     5.3196197478618673e-05
27                                    -5.2831693297228366e-05
28                                     4.9894325502839940e-05
29                                     1.6919922122313191e-05
30                                    -4.6813770531528923e-05
31                                     4.7642967133745134e-05
32                                     2.7151366175606761e-05
33                                     8.6677234484950835e-05
34                                    -8.1102827947722098e-05
35                                    -7.2014152112257271e-05
36                                    -5.4024712974241884e-05
37                                     5.2186671662917197e-05
38                                     1.7400709662173525e-05
39                                    -2.3042412902323298e-04
40                                    -1.3994857833843095e-04
41                                     7.4043494683604175e-05
42                                    -7.9223889340832541e-05
43                                     3.1246420320249491e-06
44                                     6.1601427803507566e-05
45                                     3.0146215342577096e-05
46                                     2.5588761185376015e-05
47                                    -6.7162603657612563e-05
48                                     1.3898679733745020e-04
49                                     1.4406662767345270e-04
50                                     5.5017660072678026e-05
51                                     2.1590193389209311e-06
52                                    -5.0850050334155968e-05
53                                     2.9688514809732974e-06
54                                    -2.6477548216859723e-05
55                                    -7.6066435615237959e-05
56                                    -6.6093321858182175e-05
57                                    -6.6294253461751315e-05
58                                    -3.4652135672809392e-05
59                                    -3.3179205454690955e-05
60                                     9.9377552519644939e-06
61                                    -1.1709527253507546e-04
62                                     5.4134193984839429e-06
63                                     4.2602852269219265e-05
64                                     6.8982980245047010e-05
65                                     1.5550151389527415e-04
66                                    -6.1203106686280595e-06
67                                    -2.5183971000659888e-05
68                                    -1.6522691037036338e-05
69                                    -1.0828095347546751e-06
70                                    -3.2645184643766839e-05
71                                    -2.5002411523490295e-05
72                                     4.7791152701561618e-06
73                                    -4.7437164493313935e-05
74                                    -1.6195924316966814e-05
   &Method [&Type "String"] "MP2"
   &Level [&Type "String"] "Relaxed density"
   &Mult [&Type "Integer"] 1
   &State [&Type "Integer"] 0
   &Irrep [&Type "Integer"] 0
$End
$Single_Point_Data
   &GeometryIndex 20
   &FinalEnergy [&Type "Double"]      -9.9486455910937348e+03  "Final single point energy"
   &Converged [&Type "Boolean"] true
$End
$Geometry
   &GeometryIndex 21
   &NAtoms [&Type "Integer"] 25
   &NCorelessECP [&Type "Integer"] 0
   &NGhostAtoms [&Type "Integer"] 0
   &CartesianCoordinates [&Type "Coordinates", &Dim(25,4), &Units "Bohr"] 
              Cu   -11.198077011727   14.599074958996    7.231232521507
              Cu    -6.767682234348   15.842616044564    6.523484507903
              S    -13.663425705571   11.024525084051    7.114173658323
              C    -16.887259737935   12.063270974332    7.793873844438
              H    -16.885354215000   13.950041923505    8.618174486620
              H    -17.802450788067   10.748145075653    9.087504621501
              H    -17.952745659514   12.107967322175    6.029256143979
              Cu   -11.654478925255   10.926166515964   10.608255091610
              S     -8.921793893437   11.398890454721   13.632289896849
              H    -11.861463227269   13.138959618809   16.698876818197
              H    -11.059973573637   15.433532170818   14.382161620343
              C    -10.330059641645   13.909339854200   15.557163142844
              H     -8.879596518802   14.669120387341   16.807618304217
              Cu    -7.766674651836   13.573164370275   10.198764903404
              Cu    -9.966382457956   18.322537461543    4.100332582240
              S    -13.516508233704   18.050670760919    5.993281101931
              C    -15.826175263690   16.876873694208    3.707654043192
              H    -17.665414176142   16.752313209193    4.631102647572
              H    -15.971627808472   18.170443570510    2.111970425053
              H    -15.294091015399   15.006439847589    3.030962018367
              S     -6.019749927625   18.064363556155    3.003956488824
              C     -6.023705043119   15.545996324198    0.628311250755
              H     -4.087208559692   14.895286722175    0.360815445879
              H     -7.183450258126   13.953994380483    1.225596451242
              H     -6.738033646539   16.273632966310   -1.161237567816
$End
$SCF_Energy
   &GeometryIndex 21
   &Method [&Type "String"] "SCF"
   &totalEnergy [&Type "ArrayOfDoubles", &Dim (1,1)] "Total energy of each state"
                                                         0

0                                     -9.9435766646364409e+03
   &Mult [&Type "ArrayOfIntegers", &Dim (1,1)] "Multiplicity of each state"
                                                         0

0                                                        1
$End
$SCF_Timings
   &GeometryIndex 21
   &TOTAL [&Type "Double"]       6.8820113000000006e+01
   &PREP [&Type "Double"]       3.6904300000000001e-01
   &FOCK [&Type "Double"]       6.4410175000000010e+01
   &DENS [&Type "Double"]       1.6428400000000210e-01
   &ETOT [&Type "Double"]       8.1470999999973870e-02
   &POP [&Type "Double"]       9.9999999747524271e-07
   &TRAFO [&Type "Double"]       1.6667399999999866e-01
   &DIIS [&Type "Double"]       5.9203799999999873e-01
   &SOSCF [&Type "Double"]       4.1052699999999831e-01
   &FOCKSTART [&Type "Double"]       3.0841999999993763e-02
   &SPLITRIJ [&Type "Double"]       4.4598500000000083e+00
   &COSX [&Type "Double"]       6.2745825000000004e+01
   &FROZCORE [&Type "Double"]       2.1090999999998417e-02
$End
$MP2_Energies
   &GeometryIndex 21
   &refEnergy [&Type "ArrayOfDoubles", &Dim (1,1)] "Reference energy for each state"
                                                         0

0                                     -9.9435766646364409e+03
   &corrEnergy [&Type "ArrayOfDoubles", &Dim (1,1)] "MP2 correlation energy for each state"
                                                         0

0                                     -5.0689879870110470e+00
   &Method [&Type "String"] "MP2"
   &totalEnergy [&Type "ArrayOfDoubles", &Dim (1,1)] "Total energy of each state"
                                                         0

0                                     -9.9486456526234524e+03
   &Mult [&Type "ArrayOfIntegers", &Dim (1,1)] "Multiplicity of each state"
                                                         0

0                                                        1
$End
$MP2_Nuc_Gradient
   &GeometryIndex 21
   &NAtoms [&Type "Integer"] 25
   &gradNorm [&Type "Double"]       6.5341440732028747e-04
   &grad [&Type "ArrayOfDoubles", &Dim (75,1)] 
                                                         0

0                                      1.8592275800460856e-04
1                                      4.5487297125393388e-05
2                                      1.0843919918447718e-04
3                                     -1.9524441234922574e-04
4                                      8.2503798653190720e-05
5                                     -1.6395728584293542e-04
6                                     -7.9044123343075673e-05
7                                     -5.0786212373728993e-05
8                                      4.5353364505241675e-05
9                                      1.5534026482343782e-04
10                                    -2.8187200007338646e-05
11                                    -5.8625223037360799e-05
12                                    -6.3364335746251763e-05
13                                     2.0868537276251542e-06
14                                     2.6407746824589143e-05
15                                    -5.7937613843093635e-05
16                                     3.5365211975498662e-05
17                                     1.1119530825547119e-05
18                                    -3.8259454473376156e-05
19                                    -9.7830142521317261e-06
20                                     1.7368397257459811e-06
21                                    -4.9293036522487892e-05
22                                     2.4603656723968820e-05
23                                    -1.5797089191096209e-04
24                                     6.7725138229392592e-05
25                                     1.2632086879326224e-04
26                                     5.1379720577879318e-05
27                                    -5.0222969229501285e-05
28                                     5.5462378435750664e-05
29                                     1.7876209027448131e-05
30                                    -4.5711427871132984e-05
31                                     4.3990453400640644e-05
32                                     1.9566482395445145e-05
33                                     6.3623696642151582e-05
34                                    -6.1441789427107638e-05
35                                    -6.5437313232172625e-05
36                                    -4.8906211997993415e-05
37                                     4.4627409432285159e-05
38                                     1.5851573210146769e-05
39                                    -2.3096669624289275e-04
40                                    -9.6951925348995847e-05
41                                     6.9626373667584437e-05
42                                    -1.1614691477898360e-04
43                                    -4.0991643945520375e-05
44                                     7.2572193234122628e-05
45                                     5.0149274057333451e-05
46                                     7.0087633982463243e-05
47                                    -1.0213476411250963e-04
48                                     1.1468085216082349e-04
49                                     7.1025930389971396e-05
50                                     7.8029895484889658e-05
51                                    -1.8763028712804469e-05
52                                    -2.0495480356591891e-05
53                                    -2.6080421561951520e-05
54                                    -3.0446021215478972e-05
55                                    -4.5122401583934379e-05
56                                    -5.0845055616074997e-05
57                                    -3.9362648521768656e-05
58                                    -1.2022523800999524e-05
59                                    -3.7512465523720229e-05
60                                     4.2328794030288466e-05
61                                    -9.7155118289560249e-05
62                                     4.0289399714024676e-05
63                                     3.2213033266338589e-05
64                                     6.4364950942972718e-05
65                                     1.2525932096505397e-04
66                                    -2.5370219538835281e-06
67                                    -2.4075167676624459e-05
68                                    -7.3174860427548290e-06
69                                    -2.0502475560450761e-06
70                                    -3.1139694291054676e-05
71                                    -1.6387410212476486e-05
72                                    -8.4285357256942695e-07
73                                    -4.6859831871555804e-05
74                                    -1.3098026889039188e-05
   &Method [&Type "String"] "MP2"
   &Level [&Type "String"] "Relaxed density"
   &Mult [&Type "Integer"] 1
   &State [&Type "Integer"] 0
   &Irrep [&Type "Integer"] 0
$End
$Single_Point_Data
   &GeometryIndex 21
   &FinalEnergy [&Type "Double"]      -9.9486456526234524e+03  "Final single point energy"
   &Converged [&Type "Boolean"] true
$End
$Geometry
   &GeometryIndex 22
   &NAtoms [&Type "Integer"] 25
   &NCorelessECP [&Type "Integer"] 0
   &NGhostAtoms [&Type "Integer"] 0
   &CartesianCoordinates [&Type "Coordinates", &Dim(25,4), &Units "Bohr"] 
              Cu   -11.197490956128   14.597847543326    7.231592774710
              Cu    -6.766112949955   15.840265801047    6.523747145510
              S    -13.663152158442   11.023626454671    7.115080246746
              C    -16.887220503877   12.062838669664    7.794451389242
              H    -16.884272195195   13.949510013749    8.618886741858
              H    -17.802509648826   10.747292382249    9.087501937650
              H    -17.952246675613   12.108485645479    6.029594445525
              Cu   -11.654382270554   10.926167784589   10.609281522110
              S     -8.921691253717   11.399317943773   13.633158500070
              H    -11.862313051058   13.139559499602   16.698838394890
              H    -11.061232695550   15.433521760389   14.381093825170
              C    -10.331130113017   13.910243450817   15.557096553943
              H     -8.880837385383   14.670765075564   16.807271237982
              Cu    -7.765557872364   13.572818808387   10.199643069158
              Cu    -9.965719415433   18.321295695649    4.101493141748
              S    -13.516186560604   18.049276845858    5.993951899330
              C    -15.825825290398   16.876743908654    3.707263858200
              H    -17.665358832846   16.751919265686    4.630024434742
              H    -15.970513718235   18.172231939081    2.113065106670
              H    -15.292983170943   15.007089438926    3.029210818929
              S     -6.019051170169   18.063232523247    3.005093269325
              C     -6.024727366078   15.546675319085    0.627093870993
              H     -4.088675901039   14.894694738115    0.359566829819
              H     -7.185862479606   13.955325807353    1.223336615352
              H     -6.738328539477   16.276620933726   -1.161763180698
$End
$SCF_Mulliken_Population_Analysis
   &GeometryIndex 22
   &NAtoms [&Type "Integer"] 25
   &ATNO [&Type "ArrayOfIntegers", &Dim (25,1)] 
                                                         0

0                                                       29
1                                                       29
2                                                       16
3                                                        6
4                                                        1
5                                                        1
6                                                        1
7                                                       29
8                                                       16
9                                                        1
10                                                       1
11                                                       6
12                                                       1
13                                                      29
14                                                      29
15                                                      16
16                                                       6
17                                                       1
18                                                       1
19                                                       1
20                                                      16
21                                                       6
22                                                       1
23                                                       1
24                                                       1
   &AtomicCharges [&Type "ArrayOfDoubles", &Dim (25,1)] 
                                                         0

0                                      3.5268354927430678e-01
1                                     -5.6310036618743453e-02
2                                     -5.0934519249813803e-01
3                                     -2.8194070454159004e-01
4                                      1.1028626181256385e-01
5                                      1.0358258155099964e-01
6                                      9.7458953683809302e-02
7                                      2.8758840550663578e-01
8                                     -4.7676694570845513e-01
9                                      9.8364773428066044e-02
10                                     1.1158796821947581e-01
11                                    -2.6437175210002462e-01
12                                     1.0214522921328972e-01
13                                    -5.3299536824880533e-02
14                                     2.8774494291672070e-01
15                                    -5.0946312644182967e-01
16                                    -2.8230063320770249e-01
17                                     9.6884228890765312e-02
18                                     1.0373053590939918e-01
19                                     1.1047935774625617e-01
20                                    -4.7553881670172871e-01
21                                    -2.6329904695239570e-01
22                                     1.0136745559146543e-01
23                                     1.1068172406037147e-01
24                                     9.8049823791060975e-02
   &Method [&Type "String"] "SCF"
   &Level [&Type "String"] "Relaxed density"
   &Mult [&Type "Integer"] 1
   &State [&Type "Integer"] -1
   &Irrep [&Type "Integer"] 0
$End
$SCF_Loewdin_Population_Analysis
   &GeometryIndex 22
   &NAtoms [&Type "Integer"] 25
   &ATNO [&Type "ArrayOfIntegers", &Dim (25,1)] 
                                                         0

0                                                       29
1                                                       29
2                                                       16
3                                                        6
4                                                        1
5                                                        1
6                                                        1
7                                                       29
8                                                       16
9                                                        1
10                                                       1
11                                                       6
12                                                       1
13                                                      29
14                                                      29
15                                                      16
16                                                       6
17                                                       1
18                                                       1
19                                                       1
20                                                      16
21                                                       6
22                                                       1
23                                                       1
24                                                       1
   &AtomicCharges [&Type "ArrayOfDoubles", &Dim (25,1)] 
                                                         0

0                                     -5.5879820166160954e-01
1                                     -3.0840193163998819e-01
2                                      4.4106776390699842e-01
3                                     -4.8515322246780190e-01
4                                      9.9765493312172882e-02
5                                      8.7476084389206843e-02
6                                      8.8611181683967977e-02
7                                     -3.8011941773670799e-01
8                                      4.2305431361717361e-01
9                                      8.9366826882018691e-02
10                                     1.0443713290717482e-01
11                                    -4.7210858761114771e-01
12                                     9.1522820926929427e-02
13                                    -3.0858470889421952e-01
14                                    -3.7985235479668944e-01
15                                     4.4183865514927056e-01
16                                    -4.8475709967200586e-01
17                                     8.8528219243240613e-02
18                                     8.7530598269561666e-02
19                                     9.9826705022515005e-02
20                                     4.2271358418972049e-01
21                                    -4.7268362125491414e-01
22                                     9.1456222274366228e-02
23                                     1.0404475372978261e-01
24                                     8.9218790230666256e-02
   &Method [&Type "String"] "SCF"
   &Level [&Type "String"] "Relaxed density"
   &Mult [&Type "Integer"] 1
   &State [&Type "Integer"] -1
   &Irrep [&Type "Integer"] 0
$End
$SCF_Mayer_Population_Analysis
   &GeometryIndex 22
   &NAtoms [&Type "Integer"] 25 "Total number of atoms"
   &NBondOrdersPrint [&Type "Integer"] 27 "The number of bond orders larger than threshold"
   &bondThresh [&Type "Double"]       1.0000000000000001e-01  "The threshold for printing"
   &components [&Type "ArrayOfIntegers", &Dim (27,4)] "The indices and atomic numbers of the bonding atoms"
                                                         0                           1                           2                           3

0                                                        0                          29                           1                          29
1                                                        0                          29                           2                          16
2                                                        0                          29                          13                          29
3                                                        0                          29                          15                          16
4                                                        1                          29                          13                          29
5                                                        1                          29                          20                          16
6                                                        2                          16                           3                           6
7                                                        2                          16                           7                          29
8                                                        3                           6                           4                           1
9                                                        3                           6                           5                           1
10                                                       3                           6                           6                           1
11                                                       7                          29                           8                          16
12                                                       8                          16                          11                           6
13                                                       8                          16                          13                          29
14                                                       9                           1                          11                           6
15                                                      10                           1                          11                           6
16                                                      11                           6                          12                           1
17                                                      14                          29                          15                          16
18                                                      14                          29                          20                          16
19                                                      15                          16                          16                           6
20                                                      16                           6                          17                           1
21                                                      16                           6                          18                           1
22                                                      16                           6                          19                           1
23                                                      20                          16                          21                           6
24                                                      21                           6                          22                           1
25                                                      21                           6                          23                           1
26                                                      21                           6                          24                           1
   &BondOrders [&Type "ArrayOfDoubles", &Dim (27,1)] "The bond orders"
                                                         0

0                                      3.5102340751250716e-01
1                                      3.2764451088637703e-01
2                                      3.4968479998858254e-01
3                                      3.2727353743539855e-01
4                                      6.9305817459400865e-01
5                                      4.2595934782500788e-01
6                                      9.4572908872137584e-01
7                                      6.8471689991185114e-01
8                                      9.7891469842134193e-01
9                                      9.7879415940687087e-01
10                                     9.8105059188354482e-01
11                                     6.4868535646551950e-01
12                                     9.4212322584768360e-01
13                                     4.2702764861486620e-01
14                                     9.8006967509737541e-01
15                                     9.7413687627374701e-01
16                                     9.8139425033094041e-01
17                                     6.8389430617988545e-01
18                                     6.4902708641634421e-01
19                                     9.4592363012543879e-01
20                                     9.8081709641490233e-01
21                                     9.7891144243516792e-01
22                                     9.7908289170044349e-01
23                                     9.4262119949987944e-01
24                                     9.8169787004985554e-01
25                                     9.7437920737487016e-01
26                                     9.8024662424824116e-01
   &ATNO [&Type "ArrayOfIntegers", &Dim (25,1)] "Atomic number of the elements"
                                                         0

0                                                       29
1                                                       29
2                                                       16
3                                                        6
4                                                        1
5                                                        1
6                                                        1
7                                                       29
8                                                       16
9                                                        1
10                                                       1
11                                                       6
12                                                       1
13                                                      29
14                                                      29
15                                                      16
16                                                       6
17                                                       1
18                                                       1
19                                                       1
20                                                      16
21                                                       6
22                                                       1
23                                                       1
24                                                       1
   &NA [&Type "ArrayOfDoubles", &Dim (25,1)] "Mulliken gross atomic population"
                                                         0

0                                      2.8647316450725715e+01
1                                      2.9056310036618740e+01
2                                      1.6509345192498152e+01
3                                      6.2819407045415820e+00
4                                      8.8971373818743638e-01
5                                      8.9641741844900047e-01
6                                      9.0254104631619048e-01
7                                      2.8712411594493354e+01
8                                      1.6476766945708434e+01
9                                      9.0163522657193385e-01
10                                     8.8841203178052464e-01
11                                     6.2643717521000282e+00
12                                     8.9785477078671017e-01
13                                     2.9053299536824873e+01
14                                     2.8712255057083283e+01
15                                     1.6509463126441815e+01
16                                     6.2823006332077034e+00
17                                     9.0311577110923458e-01
18                                     8.9626946409060104e-01
19                                     8.8952064225374350e-01
20                                     1.6475538816701764e+01
21                                     6.2632990469523993e+00
22                                     8.9863254440853457e-01
23                                     8.8931827593962864e-01
24                                     9.0195017620893858e-01
   &ZA [&Type "ArrayOfDoubles", &Dim (25,1)] "Total nuclear charge"
                                                         0

0                                      2.9000000000000000e+01
1                                      2.9000000000000000e+01
2                                      1.6000000000000000e+01
3                                      6.0000000000000000e+00
4                                      1.0000000000000000e+00
5                                      1.0000000000000000e+00
6                                      1.0000000000000000e+00
7                                      2.9000000000000000e+01
8                                      1.6000000000000000e+01
9                                      1.0000000000000000e+00
10                                     1.0000000000000000e+00
11                                     6.0000000000000000e+00
12                                     1.0000000000000000e+00
13                                     2.9000000000000000e+01
14                                     2.9000000000000000e+01
15                                     1.6000000000000000e+01
16                                     6.0000000000000000e+00
17                                     1.0000000000000000e+00
18                                     1.0000000000000000e+00
19                                     1.0000000000000000e+00
20                                     1.6000000000000000e+01
21                                     6.0000000000000000e+00
22                                     1.0000000000000000e+00
23                                     1.0000000000000000e+00
24                                     1.0000000000000000e+00
   &QA [&Type "ArrayOfDoubles", &Dim (25,1)] "Mulliken gross atomic charge"
                                                         0

0                                      3.5268354927428547e-01
1                                     -5.6310036618739900e-02
2                                     -5.0934519249815224e-01
3                                     -2.8194070454158204e-01
4                                      1.1028626181256362e-01
5                                      1.0358258155099953e-01
6                                      9.7458953683809524e-02
7                                      2.8758840550664644e-01
8                                     -4.7676694570843381e-01
9                                      9.8364773428066155e-02
10                                     1.1158796821947536e-01
11                                    -2.6437175210002817e-01
12                                     1.0214522921328983e-01
13                                    -5.3299536824873428e-02
14                                     2.8774494291671715e-01
15                                    -5.0946312644181546e-01
16                                    -2.8230063320770338e-01
17                                     9.6884228890765423e-02
18                                     1.0373053590939896e-01
19                                     1.1047935774625650e-01
20                                    -4.7553881670176423e-01
21                                    -2.6329904695239925e-01
22                                     1.0136745559146543e-01
23                                     1.1068172406037136e-01
24                                     9.8049823791061419e-02
   &VA [&Type "ArrayOfDoubles", &Dim (25,1)] "Mayer's total valence"
                                                         0

0                                      1.2880593624812597e+00
1                                      1.4917994354114157e+00
2                                      1.9576345587715327e+00
3                                      3.8597276438712265e+00
4                                      9.8242209962011540e-01
5                                      9.5809035777740348e-01
6                                      9.6512355088266344e-01
7                                      1.3572432152448748e+00
8                                      2.0203786782917277e+00
9                                      9.6227984836479852e-01
10                                     9.8316543617290209e-01
11                                     3.8300060804643259e+00
12                                     9.6574098839890965e-01
13                                     1.4916149692852052e+00
14                                     1.3568201852828352e+00
15                                     1.9572823636607986e+00
16                                     3.8597606183977637e+00
17                                     9.6483189376853040e-01
18                                     9.5806731049727389e-01
19                                     9.8213481398948110e-01
20                                     2.0202238222135946e+00
21                                     3.8313235794872798e+00
22                                     9.6593893302932932e-01
23                                     9.8278403870332487e-01
24                                     9.6253659474134645e-01
   &BVA [&Type "ArrayOfDoubles", &Dim (25,1)] "Mayer's bonded valence"
                                                         0

0                                      1.2880593624811283e+00
1                                      1.4917994354114583e+00
2                                      1.9576345587716659e+00
3                                      3.8597276438712278e+00
4                                      9.8242209962009608e-01
5                                      9.5809035777740403e-01
6                                      9.6512355088266177e-01
7                                      1.3572432152449210e+00
8                                      2.0203786782917827e+00
9                                      9.6227984836480296e-01
10                                     9.8316543617289398e-01
11                                     3.8300060804643579e+00
12                                     9.6574098839892353e-01
13                                     1.4916149692853011e+00
14                                     1.3568201852829702e+00
15                                     1.9572823636608696e+00
16                                     3.8597606183977793e+00
17                                     9.6483189376853296e-01
18                                     9.5806731049728033e-01
19                                     9.8213481398949198e-01
20                                     2.0202238222135982e+00
21                                     3.8313235794872540e+00
22                                     9.6593893302933820e-01
23                                     9.8278403870332309e-01
24                                     9.6253659474134046e-01
   &FA [&Type "ArrayOfDoubles", &Dim (25,1)] "Mayer's free valence"
                                                         0

0                                      0.0000000000000000e+00
1                                      0.0000000000000000e+00
2                                      0.0000000000000000e+00
3                                      0.0000000000000000e+00
4                                      0.0000000000000000e+00
5                                      0.0000000000000000e+00
6                                      0.0000000000000000e+00
7                                      0.0000000000000000e+00
8                                      0.0000000000000000e+00
9                                      0.0000000000000000e+00
10                                     0.0000000000000000e+00
11                                     0.0000000000000000e+00
12                                     0.0000000000000000e+00
13                                     0.0000000000000000e+00
14                                     0.0000000000000000e+00
15                                     0.0000000000000000e+00
16                                     0.0000000000000000e+00
17                                     0.0000000000000000e+00
18                                     0.0000000000000000e+00
19                                     0.0000000000000000e+00
20                                     0.0000000000000000e+00
21                                     0.0000000000000000e+00
22                                     0.0000000000000000e+00
23                                     0.0000000000000000e+00
24                                     0.0000000000000000e+00
   &Method [&Type "String"] "SCF"
   &Level [&Type "String"] "Relaxed density"
   &Mult [&Type "Integer"] 1
   &State [&Type "Integer"] -1
   &Irrep [&Type "Integer"] 0
$End
$SCF_Energy
   &GeometryIndex 22
   &Method [&Type "String"] "SCF"
   &totalEnergy [&Type "ArrayOfDoubles", &Dim (1,1)] "Total energy of each state"
                                                         0

0                                     -9.9435766784873285e+03
   &Mult [&Type "ArrayOfIntegers", &Dim (1,1)] "Multiplicity of each state"
                                                         0

0                                                        1
$End
$SCF_Timings
   &GeometryIndex 22
   &TOTAL [&Type "Double"]       5.7931375999999993e+01
   &PREP [&Type "Double"]       3.6394499999999996e-01
   &FOCK [&Type "Double"]       5.4147516000000003e+01
   &DENS [&Type "Double"]       1.0593400000001196e-01
   &ETOT [&Type "Double"]       5.6455000000001476e-02
   &POP [&Type "Double"]       2.3747000000000185e-01
   &TRAFO [&Type "Double"]       8.5045999999998401e-02
   &DIIS [&Type "Double"]       1.2551200000000051e-01
   &SOSCF [&Type "Double"]       4.2530099999999749e-01
   &FOCKSTART [&Type "Double"]       2.3682000000001757e-02
   &SPLITRIJ [&Type "Double"]       3.2411440000000056e+00
   &COSX [&Type "Double"]       5.3667563999999992e+01
   &FROZCORE [&Type "Double"]       2.0659000000001981e-02
$End
$MP2_Mulliken_Population_Analysis
   &GeometryIndex 22
   &NAtoms [&Type "Integer"] 25
   &ATNO [&Type "ArrayOfIntegers", &Dim (25,1)] 
                                                         0

0                                                       29
1                                                       29
2                                                       16
3                                                        6
4                                                        1
5                                                        1
6                                                        1
7                                                       29
8                                                       16
9                                                        1
10                                                       1
11                                                       6
12                                                       1
13                                                      29
14                                                      29
15                                                      16
16                                                       6
17                                                       1
18                                                       1
19                                                       1
20                                                      16
21                                                       6
22                                                       1
23                                                       1
24                                                       1
   &AtomicCharges [&Type "ArrayOfDoubles", &Dim (25,1)] 
                                                         0

0                                      3.4157257292945076e-01
1                                     -5.1594027765638373e-02
2                                     -5.0333130644174418e-01
3                                     -2.9375083498800603e-01
4                                      1.1331030563348921e-01
5                                      1.0706118382869079e-01
6                                      1.0067268996440615e-01
7                                      2.8314005004091314e-01
8                                     -4.7277648353659174e-01
9                                      1.0145329805368508e-01
10                                     1.1445246879288484e-01
11                                    -2.7601589067809496e-01
12                                     1.0527463186135655e-01
13                                    -4.8678315674571593e-02
14                                     2.8328409836866442e-01
15                                    -5.0347686955983662e-01
16                                    -2.9411409871141636e-01
17                                     1.0010409894171635e-01
18                                     1.0720963291868602e-01
19                                     1.1350693640927001e-01
20                                    -4.7156898459333263e-01
21                                    -2.7496036280443548e-01
22                                     1.0450441291314116e-01
23                                     1.1358126617825415e-01
24                                     1.0113952791877967e-01
   &Method [&Type "String"] "MP2"
   &Level [&Type "String"] "Unrelaxed density"
   &Mult [&Type "Integer"] 1
   &State [&Type "Integer"] -1
   &Irrep [&Type "Integer"] 0
$End
$MP2_Loewdin_Population_Analysis
   &GeometryIndex 22
   &NAtoms [&Type "Integer"] 25
   &ATNO [&Type "ArrayOfIntegers", &Dim (25,1)] 
                                                         0

0                                                       29
1                                                       29
2                                                       16
3                                                        6
4                                                        1
5                                                        1
6                                                        1
7                                                       29
8                                                       16
9                                                        1
10                                                       1
11                                                       6
12                                                       1
13                                                      29
14                                                      29
15                                                      16
16                                                       6
17                                                       1
18                                                       1
19                                                       1
20                                                      16
21                                                       6
22                                                       1
23                                                       1
24                                                       1
   &AtomicCharges [&Type "ArrayOfDoubles", &Dim (25,1)] 
                                                         0

0                                     -5.4310934425391366e-01
1                                     -3.0038605592477552e-01
2                                      4.2596838274345217e-01
3                                     -4.9199016907985893e-01
4                                      1.0155181786892686e-01
5                                      8.9475269889041420e-02
6                                      9.0628790197331388e-02
7                                     -3.6303217115128206e-01
8                                      4.0761511098132708e-01
9                                      9.1347676525211696e-02
10                                     1.0616758309496299e-01
11                                    -4.7923543769692323e-01
12                                     9.3547636933004608e-02
13                                    -3.0051517592526977e-01
14                                    -3.6279815573298890e-01
15                                     4.2668569241530818e-01
16                                    -4.9160630020574825e-01
17                                     9.0546658690819237e-02
18                                     8.9529782354433984e-02
19                                     1.0161478666092982e-01
20                                     4.0732596816533118e-01
21                                    -4.7979335077854568e-01
22                                     9.3480906011072507e-02
23                                     1.0577972144677084e-01
24                                     9.1200376771072844e-02
   &Method [&Type "String"] "MP2"
   &Level [&Type "String"] "Unrelaxed density"
   &Mult [&Type "Integer"] 1
   &State [&Type "Integer"] -1
   &Irrep [&Type "Integer"] 0
$End
$MP2_Mayer_Population_Analysis
   &GeometryIndex 22
   &NAtoms [&Type "Integer"] 25 "Total number of atoms"
   &NBondOrdersPrint [&Type "Integer"] 27 "The number of bond orders larger than threshold"
   &bondThresh [&Type "Double"]       1.0000000000000001e-01  "The threshold for printing"
   &components [&Type "ArrayOfIntegers", &Dim (27,4)] "The indices and atomic numbers of the bonding atoms"
                                                         0                           1                           2                           3

0                                                        0                          29                           1                          29
1                                                        0                          29                           2                          16
2                                                        0                          29                          13                          29
3                                                        0                          29                          15                          16
4                                                        1                          29                          13                          29
5                                                        1                          29                          20                          16
6                                                        2                          16                           3                           6
7                                                        2                          16                           7                          29
8                                                        3                           6                           4                           1
9                                                        3                           6                           5                           1
10                                                       3                           6                           6                           1
11                                                       7                          29                           8                          16
12                                                       8                          16                          11                           6
13                                                       8                          16                          13                          29
14                                                       9                           1                          11                           6
15                                                      10                           1                          11                           6
16                                                      11                           6                          12                           1
17                                                      14                          29                          15                          16
18                                                      14                          29                          20                          16
19                                                      15                          16                          16                           6
20                                                      16                           6                          17                           1
21                                                      16                           6                          18                           1
22                                                      16                           6                          19                           1
23                                                      20                          16                          21                           6
24                                                      21                           6                          22                           1
25                                                      21                           6                          23                           1
26                                                      21                           6                          24                           1
   &BondOrders [&Type "ArrayOfDoubles", &Dim (27,1)] "The bond orders"
                                                         0

0                                      3.1879512734352056e-01
1                                      3.0919616062667837e-01
2                                      3.1761582167227786e-01
3                                      3.0883241526231237e-01
4                                      6.3139920728462662e-01
5                                      4.0307808715256055e-01
6                                      8.6960625913995226e-01
7                                      6.4370600788128407e-01
8                                      9.3737515721583542e-01
9                                      9.3823963158165102e-01
10                                     9.4017581764731817e-01
11                                     6.0908540990123672e-01
12                                     8.6542754516352993e-01
13                                     4.0408841110384552e-01
14                                     9.3949965257743662e-01
15                                     9.3310893221702229e-01
16                                     9.4106358202659168e-01
17                                     6.4294555266937714e-01
18                                     6.0940814129951093e-01
19                                     8.6980618721664427e-01
20                                     9.3993402257736902e-01
21                                     9.3834347597615220e-01
22                                     9.3754779759907592e-01
23                                     8.6594256008167758e-01
24                                     9.4135575435793595e-01
25                                     9.3334980287212432e-01
26                                     9.3968133842301715e-01
   &ATNO [&Type "ArrayOfIntegers", &Dim (25,1)] "Atomic number of the elements"
                                                         0

0                                                       29
1                                                       29
2                                                       16
3                                                        6
4                                                        1
5                                                        1
6                                                        1
7                                                       29
8                                                       16
9                                                        1
10                                                       1
11                                                       6
12                                                       1
13                                                      29
14                                                      29
15                                                      16
16                                                       6
17                                                       1
18                                                       1
19                                                       1
20                                                      16
21                                                       6
22                                                       1
23                                                       1
24                                                       1
   &NA [&Type "ArrayOfDoubles", &Dim (25,1)] "Mulliken gross atomic population"
                                                         0

0                                      2.8658427427070531e+01
1                                      2.9051594027765496e+01
2                                      1.6503331306441567e+01
3                                      6.2937508349880193e+00
4                                      8.8668969436651068e-01
5                                      8.9293881617130744e-01
6                                      8.9932731003559518e-01
7                                      2.8716859949959019e+01
8                                      1.6472776483536673e+01
9                                      8.9854670194631603e-01
10                                     8.8554753120711249e-01
11                                     6.2760158906780470e+00
12                                     8.9472536813864367e-01
13                                     2.9048678315674564e+01
14                                     2.8716715901631499e+01
15                                     1.6503476869559858e+01
16                                     6.2941140987114377e+00
17                                     8.9989590105828343e-01
18                                     8.9279036708131343e-01
19                                     8.8649306359073154e-01
20                                     1.6471568984593262e+01
21                                     6.2749603628044017e+00
22                                     8.9549558708685750e-01
23                                     8.8641873382174563e-01
24                                     8.9886047208122044e-01
   &ZA [&Type "ArrayOfDoubles", &Dim (25,1)] "Total nuclear charge"
                                                         0

0                                      2.9000000000000000e+01
1                                      2.9000000000000000e+01
2                                      1.6000000000000000e+01
3                                      6.0000000000000000e+00
4                                      1.0000000000000000e+00
5                                      1.0000000000000000e+00
6                                      1.0000000000000000e+00
7                                      2.9000000000000000e+01
8                                      1.6000000000000000e+01
9                                      1.0000000000000000e+00
10                                     1.0000000000000000e+00
11                                     6.0000000000000000e+00
12                                     1.0000000000000000e+00
13                                     2.9000000000000000e+01
14                                     2.9000000000000000e+01
15                                     1.6000000000000000e+01
16                                     6.0000000000000000e+00
17                                     1.0000000000000000e+00
18                                     1.0000000000000000e+00
19                                     1.0000000000000000e+00
20                                     1.6000000000000000e+01
21                                     6.0000000000000000e+00
22                                     1.0000000000000000e+00
23                                     1.0000000000000000e+00
24                                     1.0000000000000000e+00
   &QA [&Type "ArrayOfDoubles", &Dim (25,1)] "Mulliken gross atomic charge"
                                                         0

0                                      3.4157257292946852e-01
1                                     -5.1594027765496264e-02
2                                     -5.0333130644156654e-01
3                                     -2.9375083498801935e-01
4                                      1.1331030563348932e-01
5                                      1.0706118382869256e-01
6                                      1.0067268996440482e-01
7                                      2.8314005004098064e-01
8                                     -4.7277648353667345e-01
9                                      1.0145329805368397e-01
10                                     1.1445246879288751e-01
11                                    -2.7601589067804699e-01
12                                     1.0527463186135633e-01
13                                    -4.8678315674564487e-02
14                                     2.8328409836850099e-01
15                                    -5.0347686955985793e-01
16                                    -2.9411409871143768e-01
17                                     1.0010409894171657e-01
18                                     1.0720963291868657e-01
19                                     1.1350693640926846e-01
20                                    -4.7156898459326158e-01
21                                    -2.7496036280440173e-01
22                                     1.0450441291314250e-01
23                                     1.1358126617825437e-01
24                                     1.0113952791877956e-01
   &VA [&Type "ArrayOfDoubles", &Dim (25,1)] "Mayer's total valence"
                                                         0

0                                      2.2518958311227646e+00
1                                      2.4577756301637690e+00
2                                      2.4334153181825111e+00
3                                      3.9919579631694830e+00
4                                      9.9093445275860226e-01
5                                      9.6754554134229842e-01
6                                      9.7522527358263977e-01
7                                      2.3112325571635357e+00
8                                      2.4846421705574140e+00
9                                      9.7231261639220445e-01
10                                     9.9184699502569373e-01
11                                     3.9603430888968165e+00
12                                     9.7563331955408683e-01
13                                     2.4575587668336567e+00
14                                     2.3106976024070893e+00
15                                     2.4332280963094495e+00
16                                     3.9920423545822739e+00
17                                     9.7495629328870681e-01
18                                     9.6751472332700661e-01
19                                     9.9064655413588609e-01
20                                     2.4843102736926768e+00
21                                     3.9616048219018012e+00
22                                     9.7584757571193426e-01
23                                     9.9145446126275816e-01
24                                     9.7257213277202559e-01
   &BVA [&Type "ArrayOfDoubles", &Dim (25,1)] "Mayer's bonded valence"
                                                         0

0                                      1.1895586557603264e+00
1                                      1.3700358393488450e+00
2                                      1.8168704515657428e+00
3                                      3.6587133379198931e+00
4                                      9.3876411408273541e-01
5                                      9.1632209155754119e-01
6                                      9.2284613653618497e-01
7                                      1.2736319612640650e+00
8                                      1.8756072723279811e+00
9                                      9.2050371878508863e-01
10                                     9.3974665126941326e-01
11                                     3.6313392439004422e+00
12                                     9.2412274171443898e-01
13                                     1.3699115479386785e+00
14                                     1.2732863023494236e+00
15                                     1.8165592731104514e+00
16                                     3.6587527957305364e+00
17                                     9.2254395443324677e-01
18                                     9.1628962856450469e-01
19                                     9.3849577117755445e-01
20                                     1.8755044830411132e+00
21                                     3.6326675756311233e+00
22                                     9.2432042035193251e-01
23                                     9.3938636141156762e-01
24                                     9.2076205430389957e-01
   &FA [&Type "ArrayOfDoubles", &Dim (25,1)] "Mayer's free valence"
                                                         0

0                                      1.0623371753624382e+00
1                                      1.0877397908149240e+00
2                                      6.1654486661676833e-01
3                                      3.3324462524958981e-01
4                                      5.2170338675866894e-02
5                                      5.1223449784757284e-02
6                                      5.2379137046454770e-02
7                                      1.0376005958994707e+00
8                                      6.0903489822943280e-01
9                                      5.1808897607115802e-02
10                                     5.2100343756280490e-02
11                                     3.2900384499637453e-01
12                                     5.1510577839647867e-02
13                                     1.0876472188949782e+00
14                                     1.0374113000576657e+00
15                                     6.1666882319899807e-01
16                                     3.3328955885173772e-01
17                                     5.2412338855460074e-02
18                                     5.1225094762501887e-02
19                                     5.2150782958331664e-02
20                                     6.0880579065156348e-01
21                                     3.2893724627067789e-01
22                                     5.1527155360001749e-02
23                                     5.2068099851190555e-02
24                                     5.1810078468126047e-02
   &Method [&Type "String"] "MP2"
   &Level [&Type "String"] "Unrelaxed density"
   &Mult [&Type "Integer"] 1
   &State [&Type "Integer"] -1
   &Irrep [&Type "Integer"] 0
$End
$MP2_Mulliken_Population_Analysis
   &GeometryIndex 22
   &NAtoms [&Type "Integer"] 25
   &ATNO [&Type "ArrayOfIntegers", &Dim (25,1)] 
                                                         0

0                                                       29
1                                                       29
2                                                       16
3                                                        6
4                                                        1
5                                                        1
6                                                        1
7                                                       29
8                                                       16
9                                                        1
10                                                       1
11                                                       6
12                                                       1
13                                                      29
14                                                      29
15                                                      16
16                                                       6
17                                                       1
18                                                       1
19                                                       1
20                                                      16
21                                                       6
22                                                       1
23                                                       1
24                                                       1
   &AtomicCharges [&Type "ArrayOfDoubles", &Dim (25,1)] 
                                                         0

0                                      2.8765181950481633e-01
1                                     -1.3176521867550051e-01
2                                     -3.3759336147010544e-01
3                                     -3.5764989006681525e-01
4                                      1.3441151892101821e-01
5                                      1.3082118462436920e-01
6                                      1.1974685320004164e-01
7                                      3.8994468002769622e-02
8                                     -2.8732519906825260e-01
9                                      1.2273478529560999e-01
10                                     1.4349347406737600e-01
11                                    -3.4336655179509812e-01
12                                     1.2380661212413280e-01
13                                    -1.3131322605540774e-01
14                                     3.8832123765889293e-02
15                                    -3.3816728190379308e-01
16                                    -3.5774051510741067e-01
17                                     1.1918859120457015e-01
18                                     1.3102619388120340e-01
19                                     1.3463444470836050e-01
20                                    -2.8606966644074916e-01
21                                    -3.4264663338692536e-01
22                                     1.2314665415084658e-01
23                                     1.4269404642961359e-01
24                                     1.2245477408919259e-01
   &Method [&Type "String"] "MP2"
   &Level [&Type "String"] "Relaxed density"
   &Mult [&Type "Integer"] 1
   &State [&Type "Integer"] -1
   &Irrep [&Type "Integer"] 0
$End
$MP2_Loewdin_Population_Analysis
   &GeometryIndex 22
   &NAtoms [&Type "Integer"] 25
   &ATNO [&Type "ArrayOfIntegers", &Dim (25,1)] 
                                                         0

0                                                       29
1                                                       29
2                                                       16
3                                                        6
4                                                        1
5                                                        1
6                                                        1
7                                                       29
8                                                       16
9                                                        1
10                                                       1
11                                                       6
12                                                       1
13                                                      29
14                                                      29
15                                                      16
16                                                       6
17                                                       1
18                                                       1
19                                                       1
20                                                      16
21                                                       6
22                                                       1
23                                                       1
24                                                       1
   &AtomicCharges [&Type "ArrayOfDoubles", &Dim (25,1)] 
                                                         0

0                                     -5.7794395502809692e-01
1                                     -3.0286215829966068e-01
2                                      4.5047006616357876e-01
3                                     -5.1447144503995634e-01
4                                      1.1017143830492027e-01
5                                      9.9350867255204922e-02
6                                      9.8317977799397438e-02
7                                     -4.0043207481361520e-01
8                                      4.3051130125019021e-01
9                                      1.0017941983254020e-01
10                                     1.1784247618863442e-01
11                                    -5.0136981086714005e-01
12                                     1.0147073897194903e-01
13                                    -3.0306599480384833e-01
14                                    -4.0030306142840644e-01
15                                     4.5104997794951629e-01
16                                    -5.1416390616101992e-01
17                                     9.8223480548689457e-02
18                                     9.9409516739048631e-02
19                                     1.1023531435625233e-01
20                                     4.3037776607557632e-01
21                                    -5.0193236515431927e-01
22                                     1.0143677495576120e-01
23                                     1.1746557374789601e-01
24                                     1.0003208145660747e-01
   &Method [&Type "String"] "MP2"
   &Level [&Type "String"] "Relaxed density"
   &Mult [&Type "Integer"] 1
   &State [&Type "Integer"] -1
   &Irrep [&Type "Integer"] 0
$End
$MP2_Mayer_Population_Analysis
   &GeometryIndex 22
   &NAtoms [&Type "Integer"] 25 "Total number of atoms"
   &NBondOrdersPrint [&Type "Integer"] 29 "The number of bond orders larger than threshold"
   &bondThresh [&Type "Double"]       1.0000000000000001e-01  "The threshold for printing"
   &components [&Type "ArrayOfIntegers", &Dim (29,4)] "The indices and atomic numbers of the bonding atoms"
                                                         0                           1                           2                           3

0                                                        0                          29                           1                          29
1                                                        0                          29                           2                          16
2                                                        0                          29                          13                          29
3                                                        0                          29                          15                          16
4                                                        1                          29                          13                          29
5                                                        1                          29                          14                          29
6                                                        1                          29                          20                          16
7                                                        2                          16                           3                           6
8                                                        2                          16                           7                          29
9                                                        3                           6                           4                           1
10                                                       3                           6                           5                           1
11                                                       3                           6                           6                           1
12                                                       7                          29                           8                          16
13                                                       7                          29                          13                          29
14                                                       8                          16                          11                           6
15                                                       8                          16                          13                          29
16                                                       9                           1                          11                           6
17                                                      10                           1                          11                           6
18                                                      11                           6                          12                           1
19                                                      14                          29                          15                          16
20                                                      14                          29                          20                          16
21                                                      15                          16                          16                           6
22                                                      16                           6                          17                           1
23                                                      16                           6                          18                           1
24                                                      16                           6                          19                           1
25                                                      20                          16                          21                           6
26                                                      21                           6                          22                           1
27                                                      21                           6                          23                           1
28                                                      21                           6                          24                           1
   &BondOrders [&Type "ArrayOfDoubles", &Dim (29,1)] "The bond orders"
                                                         0

0                                      3.1520090005461565e-01
1                                      4.3977421314246895e-01
2                                      3.1502381989208345e-01
3                                      4.3972687448214859e-01
4                                      6.0879619737952273e-01
5                                      1.1441853654098408e-01
6                                      5.4063231930470890e-01
7                                      8.9191032260432790e-01
8                                      8.0575625123578054e-01
9                                      9.2514097002270756e-01
10                                     9.2851970355012314e-01
11                                     9.2637487629741855e-01
12                                     7.5568168971707939e-01
13                                     1.1343345913892981e-01
14                                     8.8326511378171679e-01
15                                     5.4168553397370922e-01
16                                     9.2894336705730096e-01
17                                     9.2371040422356610e-01
18                                     9.2903069821421536e-01
19                                     8.0499496396256565e-01
20                                     7.5553492410844370e-01
21                                     8.9186210743189687e-01
22                                     9.2622049409452978e-01
23                                     9.2863144643476225e-01
24                                     9.2539316339672151e-01
25                                     8.8375440503575875e-01
26                                     9.2934312206704683e-01
27                                     9.2411657984435702e-01
28                                     9.2907772356270879e-01
   &ATNO [&Type "ArrayOfIntegers", &Dim (25,1)] "Atomic number of the elements"
                                                         0

0                                                       29
1                                                       29
2                                                       16
3                                                        6
4                                                        1
5                                                        1
6                                                        1
7                                                       29
8                                                       16
9                                                        1
10                                                       1
11                                                       6
12                                                       1
13                                                      29
14                                                      29
15                                                      16
16                                                       6
17                                                       1
18                                                       1
19                                                       1
20                                                      16
21                                                       6
22                                                       1
23                                                       1
24                                                       1
   &NA [&Type "ArrayOfDoubles", &Dim (25,1)] "Mulliken gross atomic population"
                                                         0

0                                      2.8712348180495393e+01
1                                      2.9131765218675515e+01
2                                      1.6337593361470198e+01
3                                      6.3576498900668152e+00
4                                      8.6558848107897990e-01
5                                      8.6917881537563124e-01
6                                      8.8025314679995892e-01
7                                      2.8961005531997120e+01
8                                      1.6287325199068242e+01
9                                      8.7726521470439089e-01
10                                     8.5650652593262233e-01
11                                     6.3433665517950741e+00
12                                     8.7619338787586776e-01
13                                     2.9131313226055376e+01
14                                     2.8961167876234427e+01
15                                     1.6338167281903807e+01
16                                     6.3577405151073876e+00
17                                     8.8081140879542896e-01
18                                     8.6897380611879993e-01
19                                     8.6536555529164194e-01
20                                     1.6286069666440785e+01
21                                     6.3426466333869227e+00
22                                     8.7685334584915531e-01
23                                     8.5730595357038708e-01
24                                     8.7754522591080919e-01
   &ZA [&Type "ArrayOfDoubles", &Dim (25,1)] "Total nuclear charge"
                                                         0

0                                      2.9000000000000000e+01
1                                      2.9000000000000000e+01
2                                      1.6000000000000000e+01
3                                      6.0000000000000000e+00
4                                      1.0000000000000000e+00
5                                      1.0000000000000000e+00
6                                      1.0000000000000000e+00
7                                      2.9000000000000000e+01
8                                      1.6000000000000000e+01
9                                      1.0000000000000000e+00
10                                     1.0000000000000000e+00
11                                     6.0000000000000000e+00
12                                     1.0000000000000000e+00
13                                     2.9000000000000000e+01
14                                     2.9000000000000000e+01
15                                     1.6000000000000000e+01
16                                     6.0000000000000000e+00
17                                     1.0000000000000000e+00
18                                     1.0000000000000000e+00
19                                     1.0000000000000000e+00
20                                     1.6000000000000000e+01
21                                     6.0000000000000000e+00
22                                     1.0000000000000000e+00
23                                     1.0000000000000000e+00
24                                     1.0000000000000000e+00
   &QA [&Type "ArrayOfDoubles", &Dim (25,1)] "Mulliken gross atomic charge"
                                                         0

0                                      2.8765181950460672e-01
1                                     -1.3176521867551472e-01
2                                     -3.3759336147019781e-01
3                                     -3.5764989006681525e-01
4                                      1.3441151892102010e-01
5                                      1.3082118462436876e-01
6                                      1.1974685320004108e-01
7                                      3.8994468002879756e-02
8                                     -2.8732519906824194e-01
9                                      1.2273478529560911e-01
10                                     1.4349347406737767e-01
11                                    -3.4336655179507414e-01
12                                     1.2380661212413224e-01
13                                    -1.3131322605537576e-01
14                                     3.8832123765573101e-02
15                                    -3.3816728190380729e-01
16                                    -3.5774051510738758e-01
17                                     1.1918859120457104e-01
18                                     1.3102619388120007e-01
19                                     1.3463444470835806e-01
20                                    -2.8606966644078469e-01
21                                    -3.4264663338692269e-01
22                                     1.2314665415084469e-01
23                                     1.4269404642961292e-01
24                                     1.2245477408919081e-01
   &VA [&Type "ArrayOfDoubles", &Dim (25,1)] "Mayer's total valence"
                                                         0

0                                      2.4267978464557904e+00
1                                      2.5336959594282829e+00
2                                      2.7556597354955183e+00
3                                      3.9811352301010543e+00
4                                      9.8609422647248213e-01
5                                      9.6100742312106024e-01
6                                      9.6648419644208716e-01
7                                      2.5993276553615239e+00
8                                      2.8025830259506956e+00
9                                      9.6466392123778788e-01
10                                     9.8726128470552332e-01
11                                     3.9589308672760413e+00
12                                     9.6655337919618323e-01
13                                     2.5342940481290284e+00
14                                     2.5986031163106338e+00
15                                     2.7557604485550411e+00
16                                     3.9810528812965931e+00
17                                     9.6624556351583757e-01
18                                     9.6094457383857046e-01
19                                     9.8580916113556705e-01
20                                     2.8016495462116229e+00
21                                     3.9605890202690128e+00
22                                     9.6673338405336207e-01
23                                     9.8669202805195966e-01
24                                     9.6487303610469066e-01
   &BVA [&Type "ArrayOfDoubles", &Dim (25,1)] "Mayer's bonded valence"
                                                         0

0                                      1.5549227692110184e+00
1                                      1.6291485084167281e+00
2                                      2.1832518980812279e+00
3                                      3.6518436178071489e+00
4                                      9.3443904830235380e-01
5                                      9.1099023962680292e-01
6                                      9.1574412525924043e-01
7                                      1.7249319934818841e+00
8                                      2.2364320664317017e+00
9                                      9.1407806825647331e-01
10                                     9.3566979125560179e-01
11                                     3.6345748836011631e+00
12                                     9.1630046132566456e-01
13                                     1.6296654292139496e+00
14                                     1.7243941065864181e+00
15                                     2.1832746414539077e+00
16                                     3.6517252642152136e+00
17                                     9.1547152557287614e-01
18                                     9.1093259888221800e-01
19                                     9.3416891001494529e-01
20                                     2.2356686645791655e+00
21                                     3.6363150820471097e+00
22                                     9.1645093857758209e-01
23                                     9.3508749495068511e-01
24                                     9.1428964815859892e-01
   &FA [&Type "ArrayOfDoubles", &Dim (25,1)] "Mayer's free valence"
                                                         0

0                                      8.7187507724477220e-01
1                                      9.0454745101155465e-01
2                                      5.7240783741429047e-01
3                                      3.2929161229390541e-01
4                                      5.1655178170128324e-02
5                                      5.0017183494257302e-02
6                                      5.0740071182846701e-02
7                                      8.7439566187963969e-01
8                                      5.6615095951899419e-01
9                                      5.0585852981314565e-02
10                                     5.1591493449921533e-02
11                                     3.2435598367487800e-01
12                                     5.0252917870518637e-02
13                                     9.0462861891507873e-01
14                                     8.7420900972421578e-01
15                                     5.7248580710113361e-01
16                                     3.2932761708137942e-01
17                                     5.0774037942961453e-02
18                                     5.0011974956352470e-02
19                                     5.1640251120621809e-02
20                                     5.6598088163245741e-01
21                                     3.2427393822190309e-01
22                                     5.0282445475780008e-02
23                                     5.1604533101274511e-02
24                                     5.0583387946091726e-02
   &Method [&Type "String"] "MP2"
   &Level [&Type "String"] "Relaxed density"
   &Mult [&Type "Integer"] 1
   &State [&Type "Integer"] -1
   &Irrep [&Type "Integer"] 0
$End
$MP2_Energies
   &GeometryIndex 22
   &refEnergy [&Type "ArrayOfDoubles", &Dim (1,1)] "Reference energy for each state"
                                                         0

0                                     -9.9435766784873285e+03
   &corrEnergy [&Type "ArrayOfDoubles", &Dim (1,1)] "MP2 correlation energy for each state"
                                                         0

0                                     -5.0689873957857978e+00
   &Method [&Type "String"] "MP2"
   &totalEnergy [&Type "ArrayOfDoubles", &Dim (1,1)] "Total energy of each state"
                                                         0

0                                     -9.9486456658831139e+03
   &Mult [&Type "ArrayOfIntegers", &Dim (1,1)] "Multiplicity of each state"
                                                         0

0                                                        1
$End
$MP2_Nuc_Gradient
   &GeometryIndex 22
   &NAtoms [&Type "Integer"] 25
   &gradNorm [&Type "Double"]       5.3106378785539672e-04
   &grad [&Type "ArrayOfDoubles", &Dim (75,1)] 
                                                         0

0                                      1.6260432030933136e-04
1                                      3.8359292502466655e-05
2                                      9.5576866028677151e-05
3                                     -1.5894459062061259e-04
4                                      9.0798698424712602e-05
5                                     -1.2470589479164629e-04
6                                     -4.3812039659169022e-05
7                                     -4.1404469615734414e-05
8                                      4.4521632301198003e-05
9                                      5.6876416984902312e-05
10                                    -3.3066163639465258e-05
11                                    -1.1537748696529085e-05
12                                    -2.7583618865889819e-05
13                                     6.6566675935783581e-06
14                                    -6.3445668912857911e-06
15                                    -3.5094031908171688e-05
16                                     1.6097677617264022e-05
17                                    -2.4436502613946198e-06
18                                    -3.5081311337750026e-05
19                                     8.7904157645058876e-06
20                                     1.1908067775283360e-06
21                                    -6.5209168543219412e-05
22                                     2.0625319435926739e-05
23                                    -1.4801686721632040e-04
24                                     9.1634672862838523e-05
25                                     9.8396183929008035e-05
26                                     1.7292298114954946e-05
27                                    -4.3053833443943562e-05
28                                     4.6347426813484263e-05
29                                     1.1891904706837209e-05
30                                    -3.6671208146640821e-05
31                                     2.8932538850851702e-05
32                                     6.8141828783244152e-06
33                                     9.3340226934787718e-06
34                                     2.2322182692546821e-07
35                                    -2.1735713285918334e-05
36                                    -3.8911742892507040e-05
37                                     3.1996529410834029e-05
38                                     7.4138153693323328e-06
39                                    -2.1825579242327163e-04
40                                    -6.8033653836134002e-05
41                                     6.8195440703766944e-05
42                                    -1.3102509486954180e-04
43                                    -2.7628481798241955e-05
44                                     5.2450898672402445e-05
45                                     6.3245241056475096e-05
46                                     7.3174460132306458e-05
47                                    -9.8409799384954755e-05
48                                     4.3243201952019444e-05
49                                    -1.8920232118567817e-05
50                                     4.6515979906453300e-05
51                                    -2.6723285334449842e-05
52                                     1.0644802480197935e-05
53                                    -4.3932119820951770e-05
54                                    -1.6484201450566068e-05
55                                    -8.1059892539023237e-06
56                                    -2.4756864655285649e-05
57                                    -7.0975773412834675e-06
58                                     3.5048028253596708e-06
59                                    -2.7232921523109854e-05
60                                     4.5924347731448809e-05
61                                    -7.1392342112945595e-05
62                                     9.6073923925091287e-05
63                                     1.8273080779711119e-05
64                                     2.1756259999174479e-05
65                                     5.0495185562191708e-05
66                                     6.4500760430311055e-07
67                                    -2.0684475091249307e-05
68                                     7.9981899604188687e-06
69                                    -1.9732694799476369e-06
70                                    -2.3252306659681671e-05
71                                     2.4474742485840195e-06
72                                    -1.2888974692589622e-06
73                                    -3.6240039909195623e-05
74                                    -3.8988306798951045e-06
   &Method [&Type "String"] "MP2"
   &Level [&Type "String"] "Relaxed density"
   &Mult [&Type "Integer"] 1
   &State [&Type "Integer"] 0
   &Irrep [&Type "Integer"] 0
$End
$Single_Point_Data
   &GeometryIndex 22
   &FinalEnergy [&Type "Double"]      -9.9486456658831139e+03  "Final single point energy"
   &Converged [&Type "Boolean"] true
$End
$SCF_Dipole_Moment
   &GeometryIndex 22
   &dipoleMagnitude [&Type "Double", &Units "a.u."]       8.3955180475051794e-01
   &dipoleElecContrib [&Type "ArrayOfDoubles", &Dim (3,1)] "Electronic contribution"
                                                         0

0                                      2.2643592862348250e+01
1                                      4.2166793462647439e-01
2                                      6.5566955198838270e+00
   &dipoleNucContrib [&Type "ArrayOfDoubles", &Dim (3,1)] "Nuclear contribution"
                                                         0

0                                     -2.3447972542531719e+01
1                                     -4.3851323403928077e-01
2                                     -6.7965638146947169e+00
   &dipoleTotal [&Type "ArrayOfDoubles", &Dim (3,1)] "Total"
                                                         0

0                                     -8.0437968018346950e-01
1                                     -1.6845299412806380e-02
2                                     -2.3986829481088989e-01
   &doAtomicDipole [&Type "Boolean"] false
   &Method [&Type "String"] "SCF"
   &Level [&Type "String"] "Relaxed density"
   &Mult [&Type "Integer"] 1
   &State [&Type "Integer"] -1
   &Irrep [&Type "Integer"] 0
$End
$MP2_Dipole_Moment
   &GeometryIndex 22
   &dipoleMagnitude [&Type "Double", &Units "a.u."]       8.3580294737142269e-01
   &dipoleElecContrib [&Type "ArrayOfDoubles", &Dim (3,1)] "Electronic contribution"
                                                         0

0                                      2.2647164661300362e+01
1                                      4.2176391240507788e-01
2                                      6.5578322407098417e+00
   &dipoleNucContrib [&Type "ArrayOfDoubles", &Dim (3,1)] "Nuclear contribution"
                                                         0

0                                     -2.3447972542531719e+01
1                                     -4.3851323403928077e-01
2                                     -6.7965638146947169e+00
   &dipoleTotal [&Type "ArrayOfDoubles", &Dim (3,1)] "Total"
                                                         0

0                                     -8.0080788123135704e-01
1                                     -1.6749321634202896e-02
2                                     -2.3873157398487521e-01
   &doAtomicDipole [&Type "Boolean"] false
   &Method [&Type "String"] "MP2"
   &Level [&Type "String"] "Unrelaxed density"
   &Mult [&Type "Integer"] 1
   &State [&Type "Integer"] -1
   &Irrep [&Type "Integer"] 0
$End
$MP2_Dipole_Moment
   &GeometryIndex 22
   &dipoleMagnitude [&Type "Double", &Units "a.u."]       7.4306721443022139e-01
   &dipoleElecContrib [&Type "ArrayOfDoubles", &Dim (3,1)] "Electronic contribution"
                                                         0

0                                      2.2736493233584341e+01
1                                      4.2402981200500572e-01
2                                      6.5827033260881809e+00
   &dipoleNucContrib [&Type "ArrayOfDoubles", &Dim (3,1)] "Nuclear contribution"
                                                         0

0                                     -2.3447972542531719e+01
1                                     -4.3851323403928077e-01
2                                     -6.7965638146947169e+00
   &dipoleTotal [&Type "ArrayOfDoubles", &Dim (3,1)] "Total"
                                                         0

0                                     -7.1147930894737854e-01
1                                     -1.4483422034275051e-02
2                                     -2.1386048860653606e-01
   &doAtomicDipole [&Type "Boolean"] false
   &Method [&Type "String"] "MP2"
   &Level [&Type "String"] "Relaxed density"
   &Mult [&Type "Integer"] 1
   &State [&Type "Integer"] -1
   &Irrep [&Type "Integer"] 0
$End
$Calculation_Info
   &GeometryIndex 22
   &Mult [&Type "Integer"] 1
   &Charge [&Type "Integer"] -1
   &NumOfAtoms [&Type "Integer"] 25
   &NumOfElectrons [&Type "Integer"] 246
   &NumOfBasisFuncts [&Type "Integer"] 569
   &NumOfAuxCBasisFuncts [&Type "Integer"] 1846
   &NumOfAuxJBasisFuncts [&Type "Integer"] 987
   &NumOfAuxJKBasisFuncts [&Type "Integer"] 0
   &NumOfCABSBasisFuncts [&Type "Integer"] 0
$End
$Calculation_Timings
   &GeometryIndex 22
   &GTOINT [&Type "Double"]       1.2721449499999784e+02
   &SCF [&Type "Double"]       1.7721607000000001e+03
   &GSTEP [&Type "Double"]       5.0350799999662532e-01
   &MP2 [&Type "Double"]       9.4279150800000007e+03
   &PROP [&Type "Double"]       1.0243430000009539e+00
   &SUM [&Type "Double"]       1.1328818125999996e+04
$End
