*************************************************
******************* ORCA 6.0.0 ******************
*************************************************
$Calculation_Status
   &GeometryIndex 55
   &ListStatus       OUT
   &VERSION [&Type "String"] "6.0.0"
   &PROGNAME [&Type "String"] "ProgMP2"
   &STATUS [&Type "String"] "NORMAL TERMINATION"
$End
$Geometry
   &GeometryIndex 1
   &ListStatus       OUT
   &NATOMS [&Type "Integer"] 28
   &NCORELESSECP [&Type "Integer"] 0
   &NGHOSTATOMS [&Type "Integer"] 0
   &CartesianCoordinates [&Type "Coordinates", &Dim(28,4), &Units "Bohr"] 
              Cu    -2.173123184376   -0.972464250025   -1.334434249858
              Cu     2.483611764426   -0.727776841027    0.735371446269
              S      7.268701800965   -0.463088052842    3.005633415524
              O     13.951425084458    2.245286606007    7.275114193538
              O     10.874290823080   -0.739146145875    7.275413601746
              N     14.943590264222    0.293625907471    2.427374574817
              C     12.357835922315    0.835732206647    3.249789802030
              C     10.515910826691   -1.012597484539    2.005438723276
              C     12.306570269572    0.659220744069    6.110988342428
              H     11.858293553797    2.776920813957    2.722202291417
              H     10.583960473265   -0.817900253850   -0.054442148203
              H     10.992449872675   -2.974020015064    2.470211805228
              H     16.133938607121    1.646238829519    3.109720054434
              H     15.047250197302    0.409775745438    0.507436414094
              H     13.853797924426    2.109863821586    9.121252974039
              S     -6.519446844816   -1.037094414484   -2.959390120053
              O    -13.642996704626    3.328339177075   -2.310871167200
              O    -10.287371684976    2.624452435247   -4.883791371708
              N    -14.193239079832   -1.950737149690   -2.660924162859
              C    -11.718564588074   -0.796775166025   -2.212895743870
              C     -9.641875645762   -2.413756023438   -3.408787146738
              C    -11.792298861561    1.854851289142   -3.300867234270
              H    -11.389518273779   -0.639308879320   -0.172543504459
              H     -9.626483939785   -4.303749631086   -2.564195983344
              H     -9.942920020881   -2.635181999769   -5.446095332145
              H    -15.545018035502   -0.970654574580   -1.699561564432
              H    -14.212360523162   -3.736257996356   -1.938464209930
              H    -13.624278084767    5.037527063125   -3.028105553049
$End
$SCF_Energy
   &GeometryIndex 1
   &ListStatus       FIRST
   &SCF_ENERGY [&Type "Double"]      -4.7157223645216918e+03
$End
$Mulliken_Population_Analysis
   &GeometryIndex 1
   &ListStatus       FIRST
   &NATOMS [&Type "Integer"] 28
   &ATNO [&Type "ArrayOfIntegers", &Dim (28,1)] 
                                                         0

0                                                       29
1                                                       29
2                                                       16
3                                                        8
4                                                        8
5                                                        7
6                                                        6
7                                                        6
8                                                        6
9                                                        1
10                                                       1
11                                                       1
12                                                       1
13                                                       1
14                                                       1
15                                                      16
16                                                       8
17                                                       8
18                                                       7
19                                                       6
20                                                       6
21                                                       6
22                                                       1
23                                                       1
24                                                       1
25                                                       1
26                                                       1
27                                                       1
   &ATOMICCHARGES [&Type "ArrayOfDoubles", &Dim (28,1)] 
                                                         0

0                                     -2.4837245112543016e-01
1                                     -2.4296753561104723e-01
2                                     -6.4437291009965847e-01
3                                     -5.3847007117043511e-01
4                                     -4.1927484171506180e-01
5                                     -6.0417928385922082e-01
6                                      2.2040630542369488e-01
7                                     -1.1797453806118874e-01
8                                      4.0771423830451248e-01
9                                      4.7528063093004724e-02
10                                     5.0548556074087370e-02
11                                     4.9151981029483371e-02
12                                     2.0394429521802049e-01
13                                     2.0726293200134416e-01
14                                     3.4409908851957194e-01
15                                    -5.8051825655858380e-01
16                                    -5.3728678554650422e-01
17                                    -4.1977152898432024e-01
18                                    -6.0738162232850268e-01
19                                     2.1545140267766882e-01
20                                    -1.2139547779169835e-01
21                                     4.1333826954653130e-01
22                                     5.7261258279275085e-02
23                                     5.0331255909198847e-02
24                                     5.3977408667578941e-02
25                                     2.0767314837599882e-01
26                                     2.0669871441782894e-01
27                                     3.4657838531351515e-01
$End
$Loewdin_Population_Analysis
   &GeometryIndex 1
   &ListStatus       FIRST
   &NATOMS [&Type "Integer"] 28
   &ATNO [&Type "ArrayOfIntegers", &Dim (28,1)] 
                                                         0

0                                                       29
1                                                       29
2                                                       16
3                                                        8
4                                                        8
5                                                        7
6                                                        6
7                                                        6
8                                                        6
9                                                        1
10                                                       1
11                                                       1
12                                                       1
13                                                       1
14                                                       1
15                                                      16
16                                                       8
17                                                       8
18                                                       7
19                                                       6
20                                                       6
21                                                       6
22                                                       1
23                                                       1
24                                                       1
25                                                       1
26                                                       1
27                                                       1
   &ATOMICCHARGES [&Type "ArrayOfDoubles", &Dim (28,1)] 
                                                         0

0                                     -4.8927583789230766e-01
1                                     -4.1097661341008873e-01
2                                     -9.9288876213233124e-02
3                                      1.3764788066183975e-02
4                                      3.4587519889657692e-02
5                                     -1.7457711210067739e-01
6                                     -3.2228254223712316e-01
7                                     -5.0642306685780980e-01
8                                     -3.8071626480442866e-01
9                                      1.2913592017294639e-01
10                                     9.7427500778893839e-02
11                                     1.0321101359586637e-01
12                                     1.3574171746969010e-01
13                                     1.4159233429093654e-01
14                                     1.9629973179559712e-01
15                                     3.4747254661002813e-02
16                                     1.5167122630314722e-02
17                                     3.5933911813338604e-02
18                                    -1.7407334506337868e-01
19                                    -3.1939477984724185e-01
20                                    -4.9367585039856721e-01
21                                    -3.7911504214821790e-01
22                                     1.3199919586546627e-01
23                                     9.8090973675131976e-02
24                                     1.0538101226003926e-01
25                                     1.3745483375985534e-01
26                                     1.4143745609609526e-01
27                                     1.9782704415164909e-01
$End
$Mayer_Population_Analysis
   &GeometryIndex 1
   &ListStatus       FIRST
   &NATOMS [&Type "Integer"] 28 "Total number of atoms"
   &BONDTHRESH [&Type "Double"]       1.0000000000000001e-01  "The threshold for printing"
   &NBONDORDERSPRINT [&Type "Integer"] 27 "The number of bond orders larger than threshold"
   &BONDORDERS [&Type "ArrayOfDoubles", &Dim (27,1)] "The bond orders"
                                                         0

0                                      1.0541728797485550e+00
1                                      2.2954368996815494e-01
2                                      1.7383363569803184e-01
3                                      1.1741436686356974e+00
4                                      1.0742201639070104e+00
5                                      8.5830680955853844e-01
6                                      2.0487352702117274e+00
7                                      8.5688762458550560e-01
8                                      9.4162698848797244e-01
9                                      9.4246545873138587e-01
10                                     1.0174324334644445e+00
11                                     9.4960042058138527e-01
12                                     9.6093468306912566e-01
13                                     9.8146606464610331e-01
14                                     9.6181597171813649e-01
15                                     1.1532996414290442e+00
16                                     1.0787275894592925e+00
17                                     8.5692556159549127e-01
18                                     2.0456408438323508e+00
19                                     8.5935590572220633e-01
20                                     9.4037678983518214e-01
21                                     9.4251227630436385e-01
22                                     1.0048067324017502e+00
23                                     9.5244087681455381e-01
24                                     9.6444994676611240e-01
25                                     9.8122984364897681e-01
26                                     9.6117956693339879e-01
   &COMPONENTS [&Type "ArrayOfIntegers", &Dim (27,4)] "The indices and atomic numbers of the bonding atoms"
                                                         0                           1                           2                           3

0                                                        0                          29                           1                          29
1                                                        0                          29                          15                          16
2                                                        1                          29                           2                          16
3                                                        2                          16                           7                           6
4                                                        3                           8                           8                           6
5                                                        3                           8                          14                           1
6                                                        4                           8                           8                           6
7                                                        5                           7                           6                           6
8                                                        5                           7                          12                           1
9                                                        5                           7                          13                           1
10                                                       6                           6                           7                           6
11                                                       6                           6                           8                           6
12                                                       6                           6                           9                           1
13                                                       7                           6                          10                           1
14                                                       7                           6                          11                           1
15                                                      15                          16                          20                           6
16                                                      16                           8                          21                           6
17                                                      16                           8                          27                           1
18                                                      17                           8                          21                           6
19                                                      18                           7                          19                           6
20                                                      18                           7                          25                           1
21                                                      18                           7                          26                           1
22                                                      19                           6                          20                           6
23                                                      19                           6                          21                           6
24                                                      19                           6                          22                           1
25                                                      20                           6                          23                           1
26                                                      20                           6                          24                           1
   &ATNO [&Type "ArrayOfIntegers", &Dim (28,1)] "Atomic number of the elements"
                                                         0

0                                                       29
1                                                       29
2                                                       16
3                                                        8
4                                                        8
5                                                        7
6                                                        6
7                                                        6
8                                                        6
9                                                        1
10                                                       1
11                                                       1
12                                                       1
13                                                       1
14                                                       1
15                                                      16
16                                                       8
17                                                       8
18                                                       7
19                                                       6
20                                                       6
21                                                       6
22                                                       1
23                                                       1
24                                                       1
25                                                       1
26                                                       1
27                                                       1
   &NA [&Type "ArrayOfDoubles", &Dim (28,1)] "Mulliken gross atomic population"
                                                         0

0                                      2.9248372451125405e+01
1                                      2.9242967535611058e+01
2                                      1.6644372910099669e+01
3                                      8.5384700711704369e+00
4                                      8.4192748417150582e+00
5                                      7.6041792838592208e+00
6                                      5.7795936945763060e+00
7                                      6.1179745380611905e+00
8                                      5.5922857616954893e+00
9                                      9.5247193690699494e-01
10                                     9.4945144392591230e-01
11                                     9.5084801897051663e-01
12                                     7.9605570478197962e-01
13                                     7.9273706799865595e-01
14                                     6.5590091148042795e-01
15                                     1.6580518256558584e+01
16                                     8.5372867855465078e+00
17                                     8.4197715289843238e+00
18                                     7.6073816223285000e+00
19                                     5.7845485973223330e+00
20                                     6.1213954777916939e+00
21                                     5.5866617304534687e+00
22                                     9.4273874172072503e-01
23                                     9.4966874409080115e-01
24                                     9.4602259133242128e-01
25                                     7.9232685162400107e-01
26                                     7.9330128558217083e-01
27                                     6.5342161468648496e-01
   &ZA [&Type "ArrayOfDoubles", &Dim (28,1)] "Total nuclear charge"
                                                         0

0                                      2.9000000000000000e+01
1                                      2.9000000000000000e+01
2                                      1.6000000000000000e+01
3                                      8.0000000000000000e+00
4                                      8.0000000000000000e+00
5                                      7.0000000000000000e+00
6                                      6.0000000000000000e+00
7                                      6.0000000000000000e+00
8                                      6.0000000000000000e+00
9                                      1.0000000000000000e+00
10                                     1.0000000000000000e+00
11                                     1.0000000000000000e+00
12                                     1.0000000000000000e+00
13                                     1.0000000000000000e+00
14                                     1.0000000000000000e+00
15                                     1.6000000000000000e+01
16                                     8.0000000000000000e+00
17                                     8.0000000000000000e+00
18                                     7.0000000000000000e+00
19                                     6.0000000000000000e+00
20                                     6.0000000000000000e+00
21                                     6.0000000000000000e+00
22                                     1.0000000000000000e+00
23                                     1.0000000000000000e+00
24                                     1.0000000000000000e+00
25                                     1.0000000000000000e+00
26                                     1.0000000000000000e+00
27                                     1.0000000000000000e+00
   &QA [&Type "ArrayOfDoubles", &Dim (28,1)] "Mulliken gross atomic charge"
                                                         0

0                                     -2.4837245112540529e-01
1                                     -2.4296753561105788e-01
2                                     -6.4437291009966913e-01
3                                     -5.3847007117043688e-01
4                                     -4.1927484171505824e-01
5                                     -6.0417928385922082e-01
6                                      2.2040630542369399e-01
7                                     -1.1797453806119051e-01
8                                      4.0771423830451070e-01
9                                      4.7528063093005057e-02
10                                     5.0548556074087703e-02
11                                     4.9151981029483371e-02
12                                     2.0394429521802038e-01
13                                     2.0726293200134405e-01
14                                     3.4409908851957205e-01
15                                    -5.8051825655858380e-01
16                                    -5.3728678554650777e-01
17                                    -4.1977152898432379e-01
18                                    -6.0738162232850001e-01
19                                     2.1545140267766705e-01
20                                    -1.2139547779169391e-01
21                                     4.1333826954653130e-01
22                                     5.7261258279274974e-02
23                                     5.0331255909198847e-02
24                                     5.3977408667578719e-02
25                                     2.0767314837599893e-01
26                                     2.0669871441782917e-01
27                                     3.4657838531351504e-01
   &VA [&Type "ArrayOfDoubles", &Dim (28,1)] "Mayer's total valence"
                                                         0

0                                      1.2906424543682853e+00
1                                      1.2107152121294540e+00
2                                      1.3508730942500717e+00
3                                      1.8821072053152690e+00
4                                      1.9925615674462462e+00
5                                      2.7806363044709279e+00
6                                      3.6249089678792692e+00
7                                      4.1494400224313219e+00
8                                      4.2403044614181855e+00
9                                      1.0284845588719864e+00
10                                     9.5665245638495056e-01
11                                     9.6557340618810228e-01
12                                     9.5599831732390739e-01
13                                     9.5683113959242827e-01
14                                     9.0881107535438188e-01
15                                     1.3640541701821638e+00
16                                     1.8867925165853605e+00
17                                     1.9948247133125090e+00
18                                     2.7839794962206690e+00
19                                     3.6315817777882673e+00
20                                     4.1377764185906161e+00
21                                     4.2348019532190877e+00
22                                     1.0211867400155898e+00
23                                     9.5616180744592438e-01
24                                     9.6495808477843248e-01
25                                     9.5522557076044767e-01
26                                     9.5678443155344817e-01
27                                     9.0669776890223808e-01
   &BVA [&Type "ArrayOfDoubles", &Dim (28,1)] "Mayer's bonded valence"
                                                         0

0                                      1.2906424543683173e+00
1                                      1.2107152121295499e+00
2                                      1.3508730942501543e+00
3                                      1.8821072053152861e+00
4                                      1.9925615674462236e+00
5                                      2.7806363044709688e+00
6                                      3.6249089678794220e+00
7                                      4.1494400224313690e+00
8                                      4.2403044614182157e+00
9                                      1.0284845588720164e+00
10                                     9.5665245638495178e-01
11                                     9.6557340618811671e-01
12                                     9.5599831732391627e-01
13                                     9.5683113959242017e-01
14                                     9.0881107535438732e-01
15                                     1.3640541701821576e+00
16                                     1.8867925165854231e+00
17                                     1.9948247133124744e+00
18                                     2.7839794962206090e+00
19                                     3.6315817777884107e+00
20                                     4.1377764185906738e+00
21                                     4.2348019532191152e+00
22                                     1.0211867400156174e+00
23                                     9.5616180744593171e-01
24                                     9.6495808477842648e-01
25                                     9.5522557076043846e-01
26                                     9.5678443155342696e-01
27                                     9.0669776890224485e-01
   &FA [&Type "ArrayOfDoubles", &Dim (28,1)] "Mayer's free valence"
                                                         0

0                                      0.0000000000000000e+00
1                                      0.0000000000000000e+00
2                                      0.0000000000000000e+00
3                                      0.0000000000000000e+00
4                                      0.0000000000000000e+00
5                                      0.0000000000000000e+00
6                                      0.0000000000000000e+00
7                                      0.0000000000000000e+00
8                                      0.0000000000000000e+00
9                                      0.0000000000000000e+00
10                                     0.0000000000000000e+00
11                                     0.0000000000000000e+00
12                                     0.0000000000000000e+00
13                                     0.0000000000000000e+00
14                                     0.0000000000000000e+00
15                                     0.0000000000000000e+00
16                                     0.0000000000000000e+00
17                                     0.0000000000000000e+00
18                                     0.0000000000000000e+00
19                                     0.0000000000000000e+00
20                                     0.0000000000000000e+00
21                                     0.0000000000000000e+00
22                                     0.0000000000000000e+00
23                                     0.0000000000000000e+00
24                                     0.0000000000000000e+00
25                                     0.0000000000000000e+00
26                                     0.0000000000000000e+00
27                                     0.0000000000000000e+00
$End
$Mayer_Population_Analysis
   &GeometryIndex 1
   &ListStatus       IN
   &NATOMS [&Type "Integer"] 28 "Total number of atoms"
   &BONDTHRESH [&Type "Double"]       1.0000000000000001e-01  "The threshold for printing"
   &NBONDORDERSPRINT [&Type "Integer"] 27 "The number of bond orders larger than threshold"
   &BONDORDERS [&Type "ArrayOfDoubles", &Dim (27,1)] "The bond orders"
                                                         0

0                                      9.7805238066066102e-01
1                                      2.1836431144393123e-01
2                                      1.6538201115737033e-01
3                                      1.0859821311067051e+00
4                                      1.0117398303772642e+00
5                                      8.1636107287509119e-01
6                                      1.8952677020263822e+00
7                                      8.0043801058991693e-01
8                                      8.9787999596669033e-01
9                                      8.9932715096721216e-01
10                                     9.5414746513130122e-01
11                                     8.9339952039990733e-01
12                                     9.1960400472290582e-01
13                                     9.3807077396486549e-01
14                                     9.1877414388467005e-01
15                                     1.0652604053594010e+00
16                                     1.0159283115381312e+00
17                                     8.1516503237694393e-01
18                                     1.8921644713360635e+00
19                                     8.0279281716987805e-01
20                                     8.9683527161818777e-01
21                                     8.9934688815598873e-01
22                                     9.4200009761686143e-01
23                                     8.9615118735564170e-01
24                                     9.2325913960915318e-01
25                                     9.3789938975676745e-01
26                                     9.1850836351349707e-01
   &COMPONENTS [&Type "ArrayOfIntegers", &Dim (27,4)] "The indices and atomic numbers of the bonding atoms"
                                                         0                           1                           2                           3

0                                                        0                          29                           1                          29
1                                                        0                          29                          15                          16
2                                                        1                          29                           2                          16
3                                                        2                          16                           7                           6
4                                                        3                           8                           8                           6
5                                                        3                           8                          14                           1
6                                                        4                           8                           8                           6
7                                                        5                           7                           6                           6
8                                                        5                           7                          12                           1
9                                                        5                           7                          13                           1
10                                                       6                           6                           7                           6
11                                                       6                           6                           8                           6
12                                                       6                           6                           9                           1
13                                                       7                           6                          10                           1
14                                                       7                           6                          11                           1
15                                                      15                          16                          20                           6
16                                                      16                           8                          21                           6
17                                                      16                           8                          27                           1
18                                                      17                           8                          21                           6
19                                                      18                           7                          19                           6
20                                                      18                           7                          25                           1
21                                                      18                           7                          26                           1
22                                                      19                           6                          20                           6
23                                                      19                           6                          21                           6
24                                                      19                           6                          22                           1
25                                                      20                           6                          23                           1
26                                                      20                           6                          24                           1
   &ATNO [&Type "ArrayOfIntegers", &Dim (28,1)] "Atomic number of the elements"
                                                         0

0                                                       29
1                                                       29
2                                                       16
3                                                        8
4                                                        8
5                                                        7
6                                                        6
7                                                        6
8                                                        6
9                                                        1
10                                                       1
11                                                       1
12                                                       1
13                                                       1
14                                                       1
15                                                      16
16                                                       8
17                                                       8
18                                                       7
19                                                       6
20                                                       6
21                                                       6
22                                                       1
23                                                       1
24                                                       1
25                                                       1
26                                                       1
27                                                       1
   &NA [&Type "ArrayOfDoubles", &Dim (28,1)] "Mulliken gross atomic population"
                                                         0

0                                      2.9249985170056014e+01
1                                      2.9243886033827472e+01
2                                      1.6636463233916764e+01
3                                      8.5241179477252000e+00
4                                      8.3926775017844495e+00
5                                      7.6005128794420642e+00
6                                      5.7907576059748083e+00
7                                      6.1305106053998779e+00
8                                      5.6284403703192893e+00
9                                      9.4869555810443484e-01
10                                     9.4527732973212542e-01
11                                     9.4686593281357767e-01
12                                     7.9556277951029919e-01
13                                     7.9208532107354424e-01
14                                     6.5924325084146462e-01
15                                     1.6575036915832676e+01
16                                     8.5229378874496451e+00
17                                     8.3931674904559994e+00
18                                     7.6037544556059471e+00
19                                     5.7957881144820469e+00
20                                     6.1337713963629765e+00
21                                     5.6228312347651483e+00
22                                     9.3881444309629714e-01
23                                     9.4556488929416693e-01
24                                     9.4203215470806345e-01
25                                     7.9184456345799759e-01
26                                     7.9265149047240457e-01
27                                     6.5672344349547918e-01
   &ZA [&Type "ArrayOfDoubles", &Dim (28,1)] "Total nuclear charge"
                                                         0

0                                      2.9000000000000000e+01
1                                      2.9000000000000000e+01
2                                      1.6000000000000000e+01
3                                      8.0000000000000000e+00
4                                      8.0000000000000000e+00
5                                      7.0000000000000000e+00
6                                      6.0000000000000000e+00
7                                      6.0000000000000000e+00
8                                      6.0000000000000000e+00
9                                      1.0000000000000000e+00
10                                     1.0000000000000000e+00
11                                     1.0000000000000000e+00
12                                     1.0000000000000000e+00
13                                     1.0000000000000000e+00
14                                     1.0000000000000000e+00
15                                     1.6000000000000000e+01
16                                     8.0000000000000000e+00
17                                     8.0000000000000000e+00
18                                     7.0000000000000000e+00
19                                     6.0000000000000000e+00
20                                     6.0000000000000000e+00
21                                     6.0000000000000000e+00
22                                     1.0000000000000000e+00
23                                     1.0000000000000000e+00
24                                     1.0000000000000000e+00
25                                     1.0000000000000000e+00
26                                     1.0000000000000000e+00
27                                     1.0000000000000000e+00
   &QA [&Type "ArrayOfDoubles", &Dim (28,1)] "Mulliken gross atomic charge"
                                                         0

0                                     -2.4998517005601428e-01
1                                     -2.4388603382747220e-01
2                                     -6.3646323391676418e-01
3                                     -5.2411794772520004e-01
4                                     -3.9267750178444949e-01
5                                     -6.0051287944206422e-01
6                                      2.0924239402519174e-01
7                                     -1.3051060539987791e-01
8                                      3.7155962968071066e-01
9                                      5.1304441895565156e-02
10                                     5.4722670267874585e-02
11                                     5.3134067186422329e-02
12                                     2.0443722048970081e-01
13                                     2.0791467892645576e-01
14                                     3.4075674915853538e-01
15                                    -5.7503691583267624e-01
16                                    -5.2293788744964509e-01
17                                    -3.9316749045599941e-01
18                                    -6.0375445560594709e-01
19                                     2.0421188551795311e-01
20                                    -1.3377139636297652e-01
21                                     3.7716876523485166e-01
22                                     6.1185556903702865e-02
23                                     5.4435110705833067e-02
24                                     5.7967845291936548e-02
25                                     2.0815543654200241e-01
26                                     2.0734850952759543e-01
27                                     3.4327655650452082e-01
   &VA [&Type "ArrayOfDoubles", &Dim (28,1)] "Mayer's total valence"
                                                         0

0                                      2.1984298108953979e+00
1                                      2.1171878861094342e+00
2                                      1.8595896739119930e+00
3                                      2.1797671475232763e+00
4                                      2.2958832640821782e+00
5                                      3.0242806262521524e+00
6                                      3.7224431073392785e+00
7                                      4.2609942369060745e+00
8                                      4.3175755812541512e+00
9                                      1.0384493138497128e+00
10                                     9.6783892436979269e-01
11                                     9.7669042144680873e-01
12                                     9.6342645902309676e-01
13                                     9.6390006837393916e-01
14                                     9.1591320010099997e-01
15                                     1.8758553321696425e+00
16                                     2.1842087542867055e+00
17                                     2.2977672017482726e+00
18                                     3.0277617506073855e+00
19                                     3.7292142688057468e+00
20                                     4.2504956141518262e+00
21                                     4.3118204325673020e+00
22                                     1.0306620134706090e+00
23                                     9.6754437827740480e-01
24                                     9.7598595270783783e-01
25                                     9.6254149508465714e-01
26                                     9.6388025534921273e-01
27                                     9.1372199921722019e-01
   &BVA [&Type "ArrayOfDoubles", &Dim (28,1)] "Mayer's bonded valence"
                                                         0

0                                      1.1998761220007639e+00
1                                      1.1261664241496625e+00
2                                      1.2504589548419576e+00
3                                      1.7709720522242729e+00
4                                      1.8322897614775806e+00
5                                      2.6315434648301279e+00
6                                      3.4067175253993556e+00
7                                      3.9082994569447771e+00
8                                      3.9585683231821909e+00
9                                      9.8180584780616764e-01
10                                     9.1146244891485395e-01
11                                     9.2042871441652763e-01
12                                     9.0982497085070835e-01
13                                     9.1116490635207614e-01
14                                     8.6375780119439705e-01
15                                     1.2637094480020536e+00
16                                     1.7754158598553513e+00
17                                     1.8342144292426956e+00
18                                     2.6348905185185849e+00
19                                     3.4137283872364961e+00
20                                     3.8950793434858393e+00
21                                     3.9530457899803761e+00
22                                     9.7499489241700998e-01
23                                     9.1104556601252917e-01
24                                     9.2011149796166447e-01
25                                     9.0924910493821653e-01
26                                     9.1108679801869774e-01
27                                     8.6188117620635618e-01
   &FA [&Type "ArrayOfDoubles", &Dim (28,1)] "Mayer's free valence"
                                                         0

0                                      9.9855368889463403e-01
1                                      9.9102146195977159e-01
2                                      6.0913071907003535e-01
3                                      4.0879509529900337e-01
4                                      4.6359350260459758e-01
5                                      3.9273716142202475e-01
6                                      3.1572558193992284e-01
7                                      3.5269477996129733e-01
8                                      3.5900725807196049e-01
9                                      5.6643466043545164e-02
10                                     5.6376475454938721e-02
11                                     5.6261707030281133e-02
12                                     5.3601488172388384e-02
13                                     5.2735162021863055e-02
14                                     5.2155398906602903e-02
15                                     6.1214588416758875e-01
16                                     4.0879289443135414e-01
17                                     4.6355277250557703e-01
18                                     3.9287123208880065e-01
19                                     3.1548588156925067e-01
20                                     3.5541627066598674e-01
21                                     3.5877464258692571e-01
22                                     5.5667121053599021e-02
23                                     5.6498812264875631e-02
24                                     5.5874454746173328e-02
25                                     5.3292390146440639e-02
26                                     5.2793457330514972e-02
27                                     5.1840823010863991e-02
$End
$Mayer_Population_Analysis
   &GeometryIndex 1
   &ListStatus       IN
   &NATOMS [&Type "Integer"] 28 "Total number of atoms"
   &BONDTHRESH [&Type "Double"]       1.0000000000000001e-01  "The threshold for printing"
   &NBONDORDERSPRINT [&Type "Integer"] 30 "The number of bond orders larger than threshold"
   &BONDORDERS [&Type "ArrayOfDoubles", &Dim (30,1)] "The bond orders"
                                                         0

0                                      9.3373842854063149e-01
1                                      3.3954569478750701e-01
2                                      2.3743739522524215e-01
3                                     -1.2630374703851194e-01
4                                      1.1676923655716454e+00
5                                      1.0619002653225140e-01
6                                      1.0748792682672459e+00
7                                      8.1690422049735345e-01
8                                      2.0177319646712721e+00
9                                      7.9096827749962717e-01
10                                     8.8580293721424119e-01
11                                     8.8963217932104921e-01
12                                     9.4517920639674258e-01
13                                     8.8259335981931009e-01
14                                     8.9627104513856293e-01
15                                     9.2549881931072631e-01
16                                     9.0837164032053186e-01
17                                    -1.1075817540088898e-01
18                                     1.1261594554103338e+00
19                                     1.0782681316905665e+00
20                                     8.1582635366293055e-01
21                                     2.0148598400903399e+00
22                                     7.9314266522445032e-01
23                                     8.8499193424949008e-01
24                                     8.8949395544566567e-01
25                                     9.3384393376826114e-01
26                                     8.8599749955868845e-01
27                                     9.0093889473302602e-01
28                                     9.2447222670984164e-01
29                                     9.0599907866579799e-01
   &COMPONENTS [&Type "ArrayOfIntegers", &Dim (30,4)] "The indices and atomic numbers of the bonding atoms"
                                                         0                           1                           2                           3

0                                                        0                          29                           1                          29
1                                                        0                          29                          15                          16
2                                                        1                          29                           2                          16
3                                                        2                          16                           6                           6
4                                                        2                          16                           7                           6
5                                                        2                          16                           8                           6
6                                                        3                           8                           8                           6
7                                                        3                           8                          14                           1
8                                                        4                           8                           8                           6
9                                                        5                           7                           6                           6
10                                                       5                           7                          12                           1
11                                                       5                           7                          13                           1
12                                                       6                           6                           7                           6
13                                                       6                           6                           8                           6
14                                                       6                           6                           9                           1
15                                                       7                           6                          10                           1
16                                                       7                           6                          11                           1
17                                                      15                          16                          19                           6
18                                                      15                          16                          20                           6
19                                                      16                           8                          21                           6
20                                                      16                           8                          27                           1
21                                                      17                           8                          21                           6
22                                                      18                           7                          19                           6
23                                                      18                           7                          25                           1
24                                                      18                           7                          26                           1
25                                                      19                           6                          20                           6
26                                                      19                           6                          21                           6
27                                                      19                           6                          22                           1
28                                                      20                           6                          23                           1
29                                                      20                           6                          24                           1
   &ATNO [&Type "ArrayOfIntegers", &Dim (28,1)] "Atomic number of the elements"
                                                         0

0                                                       29
1                                                       29
2                                                       16
3                                                        8
4                                                        8
5                                                        7
6                                                        6
7                                                        6
8                                                        6
9                                                        1
10                                                       1
11                                                       1
12                                                       1
13                                                       1
14                                                       1
15                                                      16
16                                                       8
17                                                       8
18                                                       7
19                                                       6
20                                                       6
21                                                       6
22                                                       1
23                                                       1
24                                                       1
25                                                       1
26                                                       1
27                                                       1
   &NA [&Type "ArrayOfDoubles", &Dim (28,1)] "Mulliken gross atomic population"
                                                         0

0                                      2.9291860730923911e+01
1                                      2.9269349820366969e+01
2                                      1.6565549761942599e+01
3                                      8.4472508776728912e+00
4                                      8.2624893977639129e+00
5                                      7.5825700563916110e+00
6                                      5.8401871382104957e+00
7                                      6.2307429842886641e+00
8                                      5.7839488852740617e+00
9                                      9.3754634428689299e-01
10                                     9.2146054531420207e-01
11                                     9.2545831626537955e-01
12                                     7.9368141694619854e-01
13                                     7.9084387041187310e-01
14                                     6.8458095195178581e-01
15                                     1.6486981070470090e+01
16                                     8.4468732665038182e+00
17                                     8.2627959152330934e+00
18                                     7.5858956169634846e+00
19                                     5.8458091480392689e+00
20                                     6.2312583982055187e+00
21                                     5.7771438102273027e+00
22                                     9.2692866994770629e-01
23                                     9.2347372632813107e-01
24                                     9.2237900242672421e-01
25                                     7.9030817074395299e-01
26                                     7.9119080718920753e-01
27                                     6.8144129971056899e-01
   &ZA [&Type "ArrayOfDoubles", &Dim (28,1)] "Total nuclear charge"
                                                         0

0                                      2.9000000000000000e+01
1                                      2.9000000000000000e+01
2                                      1.6000000000000000e+01
3                                      8.0000000000000000e+00
4                                      8.0000000000000000e+00
5                                      7.0000000000000000e+00
6                                      6.0000000000000000e+00
7                                      6.0000000000000000e+00
8                                      6.0000000000000000e+00
9                                      1.0000000000000000e+00
10                                     1.0000000000000000e+00
11                                     1.0000000000000000e+00
12                                     1.0000000000000000e+00
13                                     1.0000000000000000e+00
14                                     1.0000000000000000e+00
15                                     1.6000000000000000e+01
16                                     8.0000000000000000e+00
17                                     8.0000000000000000e+00
18                                     7.0000000000000000e+00
19                                     6.0000000000000000e+00
20                                     6.0000000000000000e+00
21                                     6.0000000000000000e+00
22                                     1.0000000000000000e+00
23                                     1.0000000000000000e+00
24                                     1.0000000000000000e+00
25                                     1.0000000000000000e+00
26                                     1.0000000000000000e+00
27                                     1.0000000000000000e+00
   &QA [&Type "ArrayOfDoubles", &Dim (28,1)] "Mulliken gross atomic charge"
                                                         0

0                                     -2.9186073092391140e-01
1                                     -2.6934982036696908e-01
2                                     -5.6554976194259865e-01
3                                     -4.4725087767289118e-01
4                                     -2.6248939776391289e-01
5                                     -5.8257005639161097e-01
6                                      1.5981286178950427e-01
7                                     -2.3074298428866413e-01
8                                      2.1605111472593830e-01
9                                      6.2453655713107015e-02
10                                     7.8539454685797927e-02
11                                     7.4541683734620445e-02
12                                     2.0631858305380146e-01
13                                     2.0915612958812690e-01
14                                     3.1541904804821419e-01
15                                    -4.8698107047009032e-01
16                                    -4.4687326650381820e-01
17                                    -2.6279591523309342e-01
18                                    -5.8589561696348458e-01
19                                     1.5419085196073112e-01
20                                    -2.3125839820551874e-01
21                                     2.2285618977269728e-01
22                                     7.3071330052293715e-02
23                                     7.6526273671868927e-02
24                                     7.7620997573275785e-02
25                                     2.0969182925604701e-01
26                                     2.0880919281079247e-01
27                                     3.1855870028943101e-01
   &VA [&Type "ArrayOfDoubles", &Dim (28,1)] "Mayer's total valence"
                                                         0

0                                      2.1465506051415733e+00
1                                      2.0254567600917013e+00
2                                      2.0338409242730560e+00
3                                      2.2509093129847555e+00
4                                      2.4469388728134422e+00
5                                      3.0249214326154603e+00
6                                      3.6267582299004242e+00
7                                      4.3430416023250622e+00
8                                      4.5220824088576075e+00
9                                      1.0414592021792288e+00
10                                     9.5761358446956379e-01
11                                     9.6370058977491624e-01
12                                     9.6220427802084452e-01
13                                     9.6166406595259968e-01
14                                     9.4132981232183754e-01
15                                     2.0788532305623617e+00
16                                     2.2550310273095615e+00
17                                     2.4485058843413965e+00
18                                     3.0274154849982651e+00
19                                     3.6350371551348148e+00
20                                     4.3187461733526007e+00
21                                     4.5147871872002883e+00
22                                     1.0333978540587290e+00
23                                     9.5660188082185116e-01
24                                     9.6334021004350556e-01
25                                     9.6155847687961693e-01
26                                     9.6149272816252529e-01
27                                     9.3839978055049034e-01
   &BVA [&Type "ArrayOfDoubles", &Dim (28,1)] "Mayer's bonded valence"
                                                         0

0                                      1.3299526295921600e+00
1                                      1.2126165947984411e+00
2                                      1.4451309473187457e+00
3                                      1.8510273095329706e+00
4                                      2.0029044559210525e+00
5                                      2.6381103566721280e+00
6                                      3.3172074794463424e+00
7                                      3.9948123234216220e+00
8                                      4.1859673752997892e+00
9                                      9.8658885516038219e-01
10                                     9.0269787141435964e-01
11                                     9.0904334903701267e-01
12                                     9.0943509807038869e-01
13                                     9.0982870368557200e-01
14                                     8.9152803993888152e-01
15                                     1.4910694072850825e+00
16                                     1.8551566419351011e+00
17                                     2.0044536315737402e+00
18                                     2.6403518463211020e+00
19                                     3.3257579719392800e+00
20                                     3.9685831278500574e+00
21                                     4.1790128913024498e+00
22                                     9.7956259402280565e-01
23                                     9.0180438246605032e-01
24                                     9.0912566303238385e-01
25                                     9.0914141341256272e-01
26                                     9.0964969001237816e-01
27                                     8.8878683201418962e-01
   &FA [&Type "ArrayOfDoubles", &Dim (28,1)] "Mayer's free valence"
                                                         0

0                                      8.1659797554941327e-01
1                                      8.1284016529326020e-01
2                                      5.8870997695431027e-01
3                                      3.9988200345178482e-01
4                                      4.4403441689238971e-01
5                                      3.8681107594333247e-01
6                                      3.0955075045408176e-01
7                                      3.4822927890344035e-01
8                                      3.3611503355781808e-01
9                                      5.4870347018846639e-02
10                                     5.4915713055204117e-02
11                                     5.4657240737903554e-02
12                                     5.2769179950455825e-02
13                                     5.1835362267027639e-02
14                                     4.9801772382955987e-02
15                                     5.8778382327727907e-01
16                                     3.9987438537446052e-01
17                                     4.4405225276765642e-01
18                                     3.8706363867716292e-01
19                                     3.0927918319553493e-01
20                                     3.5016304550254318e-01
21                                     3.3577429589783858e-01
22                                     5.3835260035923309e-02
23                                     5.4797498355800854e-02
24                                     5.4214547011121744e-02
25                                     5.2417063467054228e-02
26                                     5.1843038150147076e-02
27                                     4.9612948536300688e-02
$End
$MP2_Energies
   &GeometryIndex 1
   &ListStatus       FIRST
   &REFENERGY [&Type "Double"]      -4.7157223645216918e+03  "Reference Energy"
   &CORRENERGY [&Type "Double"]      -4.0747455315776229e+00  "MP2 correlation energy"
   &TOTALENERGY [&Type "Double"]      -4.7197971100532695e+03  "MP2 total energy"
$End
$MP2_Nuc_Gradient
   &GeometryIndex 1
   &ListStatus       FIRST
   &NATOMS [&Type "Integer"] 84
   &GRADNORM [&Type "Double"]       1.1610691154893175e-01
   &GRAD [&Type "ArrayOfDoubles", &Dim (84,1)] 
                                                         0

0                                     -9.7795594686432216e-03
1                                      5.1037773186949085e-03
2                                     -1.0850896984483415e-02
3                                      8.0899235338545879e-03
4                                      5.2058172567137758e-04
5                                      9.6059840489642993e-03
6                                      1.7432751917058519e-02
7                                     -7.0342269901196488e-03
8                                      4.2806494140646151e-03
9                                     -1.5334763677437000e-02
10                                    -1.5303260132964566e-02
11                                    -2.9850066341277418e-03
12                                    -3.3344267717625470e-02
13                                    -1.8781429806256147e-02
14                                     3.5241108247177494e-03
15                                    -1.9154568202975085e-02
16                                     1.9170199731127699e-03
17                                     7.4396401607624424e-04
18                                    -1.5928914126924661e-03
19                                     1.0794822491225903e-03
20                                     6.9629185082657188e-03
21                                     1.5178214839228085e-02
22                                     1.4082967648084560e-04
23                                    -5.0415719234377376e-03
24                                     4.1615656583988289e-02
25                                     3.4296771100530130e-02
26                                    -1.3149735726357623e-02
27                                     8.7682480175651067e-03
28                                     2.3037212778694721e-04
29                                    -2.8243367258241094e-03
30                                    -7.6401767158056719e-03
31                                    -2.8242092821456457e-03
32                                     8.5702529081924106e-05
33                                    -7.6674203834700321e-03
34                                    -3.2393098134044784e-03
35                                    -1.3761873081039010e-03
36                                     1.2613880740930984e-03
37                                     1.2439076233235168e-03
38                                     4.3888775575815289e-04
39                                     4.0612669109572775e-03
40                                     6.6915005104159985e-04
41                                    -3.1311684744460486e-03
42                                     8.4345691715424463e-03
43                                     7.7086826045717413e-03
44                                     1.3580862670531116e-02
45                                    -1.4491550574892792e-02
46                                    -6.3434602694725159e-03
47                                    -4.1874164928218834e-03
48                                     1.6487857750114569e-02
49                                    -5.5681785060570678e-03
50                                    -1.1903292393673381e-02
51                                     3.4916873199460088e-02
52                                     7.4001053757297153e-04
53                                    -1.6105563266897563e-02
54                                     1.8116638346022250e-02
55                                     3.3656053099539712e-03
56                                     3.3521364415918103e-03
57                                     1.5594282538915604e-03
58                                     6.2088127757062694e-03
59                                    -1.9687138805569576e-03
60                                    -1.4113443155060780e-02
61                                    -4.4280267780332366e-03
62                                    -2.9991334943424257e-03
63                                    -4.3775778874483876e-02
64                                    -6.2261318718435793e-03
65                                     3.3261025619478329e-02
66                                    -8.5972858924241863e-03
67                                    -3.2130841008822285e-03
68                                     6.0105231197318809e-04
69                                     8.2211199514816043e-03
70                                     1.9220689925825152e-05
71                                    -2.0723198900152468e-03
72                                     6.6182538614828115e-03
73                                    -2.3298763889944983e-03
74                                    -2.1927325034470091e-03
75                                    -1.5502606306534612e-03
76                                     6.1191950851248109e-04
77                                     1.0651605317388187e-03
78                                    -3.7621971747229936e-03
79                                    -3.0953503790443204e-03
80                                     1.1246980964204432e-03
81                                    -9.9362090277928684e-03
82                                     1.4494659010842577e-02
83                                     2.0555854560111685e-03
$End
$Geometry
   &GeometryIndex 2
   &ListStatus       OUT
   &NATOMS [&Type "Integer"] 28
   &NCORELESSECP [&Type "Integer"] 0
   &NGHOSTATOMS [&Type "Integer"] 0
   &CartesianCoordinates [&Type "Coordinates", &Dim(28,4), &Units "Bohr"] 
              Cu    -2.118290498736   -0.838979526377   -1.316914932664
              Cu     2.457991320054   -0.644310677559    0.847472081807
              S      7.127409590586   -0.423053243604    3.233678647380
              O     14.281857343016    2.271290450355    7.078148443914
              O     11.366063064573   -0.781288049901    7.580116012908
              N     14.844237264854    0.202120625152    2.355452676380
              C     12.292307993593    0.760087783523    3.339038387462
              C     10.363307081938   -1.047539210993    2.201499471812
              C     12.524443654357    0.618169616944    6.192299960540
              H     11.743887049838    2.698092028548    2.839037523823
              H     10.400453716886   -0.831154802491    0.141697421154
              H     10.856411026290   -3.005046287728    2.655867905663
              H     16.074842044713    1.556140368235    2.948125305602
              H     14.804479760515    0.307938640626    0.438897815557
              H     14.382299378039    2.120949559464    8.901864058163
              S     -6.403914604752   -0.809558630907   -3.040304466163
              O    -13.960213002023    3.127113778840   -2.309556397121
              O    -10.815454494265    2.792876490102   -5.150953389269
              N    -14.082476930603   -2.048772706492   -2.656594049038
              C    -11.649143458748   -0.729069855912   -2.303678524598
              C     -9.509283672121   -2.250968509285   -3.481071594921
              C    -12.018648591136    1.877812640257   -3.436159248268
              H    -11.250247387017   -0.497456419341   -0.280726775771
              H     -9.454874637160   -4.115158131572   -2.578521159148
              H     -9.842482839722   -2.516820205271   -5.504888068883
              H    -15.459933776678   -1.134096480573   -1.674745918397
              H    -13.949720225192   -3.805533488444   -1.893363322705
              H    -14.143174258680    4.777540005719   -3.085139718498
$End
$SCF_Energy
   &GeometryIndex 2
   &ListStatus       IN
   &SCF_ENERGY [&Type "Double"]      -4.7157478418177652e+03
$End
$MP2_Energies
   &GeometryIndex 2
   &ListStatus       IN
   &REFENERGY [&Type "Double"]      -4.7157478418177652e+03  "Reference Energy"
   &CORRENERGY [&Type "Double"]      -4.0688758885049916e+00  "MP2 correlation energy"
   &TOTALENERGY [&Type "Double"]      -4.7198167177062705e+03  "MP2 total energy"
$End
$MP2_Nuc_Gradient
   &GeometryIndex 2
   &ListStatus       IN
   &NATOMS [&Type "Integer"] 84
   &GRADNORM [&Type "Double"]       6.7136187950605788e-02
   &GRAD [&Type "ArrayOfDoubles", &Dim (84,1)] 
                                                         0

0                                     -9.1752330350019680e-03
1                                      5.1095399078359815e-03
2                                     -1.1035265788229876e-02
3                                      7.3450293627175161e-03
4                                      4.9204654038195554e-04
5                                      9.2986961551680455e-03
6                                      9.6343601636043816e-03
7                                     -5.8855210711987174e-03
8                                     -5.1911576622702682e-04
9                                     -1.1386649939427194e-02
10                                    -1.4309442369265596e-02
11                                     3.2208805729590576e-03
12                                    -1.2109140680435448e-02
13                                    -5.5642856026503901e-03
14                                     7.7198899370226060e-04
15                                    -1.0075347506436485e-02
16                                     2.3845483223138980e-03
17                                     5.9485227746877700e-04
18                                    -3.2996095312892333e-03
19                                    -2.5959243204766620e-03
20                                     5.7881438869289000e-03
21                                     1.3167629240694950e-02
22                                     9.4674430021750994e-04
23                                    -2.7433269025397139e-03
24                                     2.2206817511793306e-02
25                                     1.9747581633546854e-02
26                                    -2.1663351253969482e-03
27                                     5.3981375551639694e-03
28                                     3.8427000317832471e-04
29                                    -3.7688917684877985e-03
30                                    -6.5580764904947164e-03
31                                    -2.0426277233568041e-04
32                                     2.9589979949873335e-04
33                                    -4.7873706083849726e-03
34                                    -1.5296348331214002e-03
35                                    -5.6664386220071569e-04
36                                     1.3748600647954246e-03
37                                     1.7996357343304237e-04
38                                    -7.0654468318857508e-05
39                                     2.9474867713278957e-03
40                                     6.6923512173289656e-04
41                                    -2.9315134736079135e-04
42                                     5.8461631006261712e-03
43                                     5.7701867509016517e-03
44                                     1.1570618632648702e-03
45                                    -6.9939772108374709e-03
46                                    -1.0761906065813013e-02
47                                    -7.1314783431511517e-04
48                                     1.2182713575190976e-02
49                                    -3.6918296569800335e-04
50                                    -1.3577714257023039e-02
51                                     1.2541792508098545e-02
52                                     1.8586683493596046e-04
53                                    -4.4742536349453715e-03
54                                     9.3481537129643105e-03
55                                     2.6086040666993306e-03
56                                     2.9583111040825671e-03
57                                     3.4664307878851282e-03
58                                     4.3885851984612739e-03
59                                    -4.8260859961661989e-03
60                                    -1.2677537887801803e-02
61                                    -1.7022471228302638e-03
62                                    -2.8842424397350422e-03
63                                    -2.3443997808813503e-02
64                                     2.2417497450617010e-03
65                                     1.7770508461981763e-02
66                                    -5.2231696118144617e-03
67                                    -3.7929134967165760e-03
68                                     1.3778032823755434e-03
69                                     7.0001899260311870e-03
70                                     8.4716603995702369e-04
71                                     2.2767861003248659e-04
72                                     3.9690212395184759e-03
73                                    -1.0177073261126825e-03
74                                    -8.7102848096918400e-04
75                                    -1.3300571376087325e-03
76                                    -2.6351705639627784e-04
77                                     1.7314986461207382e-04
78                                    -2.8351173815578407e-03
79                                    -3.7330403969695197e-04
80                                     3.6804900654071465e-04
81                                    -6.4196612166653923e-03
82                                     2.4369644701042123e-03
83                                     4.4457553690573325e-03
$End
$Geometry
   &GeometryIndex 3
   &ListStatus       OUT
   &NATOMS [&Type "Integer"] 28
   &NCORELESSECP [&Type "Integer"] 0
   &NGHOSTATOMS [&Type "Integer"] 0
   &CartesianCoordinates [&Type "Coordinates", &Dim(28,4), &Units "Bohr"] 
              Cu    -2.024088057497   -0.686604891329   -1.329508001870
              Cu     2.427549969403   -0.545702045795    0.932131636957
              S      6.906231409920   -0.365103868478    3.450146785079
              O     14.246112788622    2.271879316483    6.879275684435
              O     11.512606394323   -0.856003226651    7.678993036099
              N     14.593131559116    0.136476078694    2.241053825049
              C     12.062860336879    0.691480512271    3.345896224460
              C     10.084422274874   -1.076637440438    2.304557864210
              C     12.465797188964    0.530678509798    6.167901996383
              H     11.449025846335    2.624490031886    2.901115962089
              H     10.088307802602   -0.821480895994    0.246940888230
              H     10.614721205648   -3.029586758250    2.730793029530
              H     15.834984899721    1.498079780709    2.777237044292
              H     14.431580864030    0.250060684496    0.333599233813
              H     14.426918123433    2.069618877070    8.683721272487
              S     -6.215582193735   -0.517589448571   -3.160635825431
              O    -13.919531968357    2.979481659146   -2.231473424350
              O    -11.052129228501    2.813423169233   -5.339024078403
              N    -13.811420855250   -2.130922531881   -2.524963769577
              C    -11.407599360486   -0.680483282272   -2.320031347136
              C     -9.253412937844   -2.114354270005   -3.514965931850
              C    -11.988351860628    1.842187221885   -3.524112295079
              H    -10.893333088902   -0.339924746087   -0.338208327285
              H     -9.136372836658   -3.939937804428   -2.537560820994
              H     -9.666963473332   -2.447654167090   -5.511865136966
              H    -15.175252042070   -1.246639763890   -1.504529154806
              H    -13.529479172309   -3.843204507675   -1.708782163988
              H    -14.208601675883    4.565299568476   -3.087126058658
$End
$SCF_Energy
   &GeometryIndex 3
   &ListStatus       IN
   &SCF_ENERGY [&Type "Double"]      -4.7157588381291953e+03
$End
$MP2_Energies
   &GeometryIndex 3
   &ListStatus       IN
   &REFENERGY [&Type "Double"]      -4.7157588381291953e+03  "Reference Energy"
   &CORRENERGY [&Type "Double"]      -4.0714436979853597e+00  "MP2 correlation energy"
   &TOTALENERGY [&Type "Double"]      -4.7198302818271804e+03  "MP2 total energy"
$End
$MP2_Nuc_Gradient
   &GeometryIndex 3
   &ListStatus       IN
   &NATOMS [&Type "Integer"] 84
   &GRADNORM [&Type "Double"]       4.3117401838243100e-02
   &GRAD [&Type "ArrayOfDoubles", &Dim (84,1)] 
                                                         0

0                                     -7.4623857113881682e-03
1                                      5.2943223705603538e-03
2                                     -1.0807713556970473e-02
3                                      5.2585401746850363e-03
4                                      3.0543648467254284e-04
5                                      8.2740358462013181e-03
6                                      8.0168286054222646e-03
7                                     -3.8853682379739289e-03
8                                     -1.9651737067905885e-04
9                                     -5.8708082818515889e-03
10                                    -9.1319817559650449e-03
11                                     2.3467626946724399e-03
12                                    -7.6468204870221157e-05
13                                     8.1209483476762379e-03
14                                    -7.0558278833461607e-03
15                                    -1.7638071918801498e-04
16                                     1.9553876630834278e-03
17                                    -2.6496721830088568e-04
18                                    -6.5738526975294975e-03
19                                    -3.4871416982448864e-03
20                                     4.0097436659927077e-03
21                                     1.1743093415999210e-02
22                                     2.5663233694109763e-03
23                                     1.9783514405511474e-03
24                                     6.4498428871875152e-03
25                                    -8.8848921287222604e-04
26                                     8.7112344880913919e-03
27                                     1.1626026259813158e-03
28                                     1.2948783135577346e-04
29                                    -3.7590629000650733e-03
30                                    -3.6182130510999519e-03
31                                     2.5974154524040184e-03
32                                     5.9205410251703117e-04
33                                    -1.3730887185078935e-03
34                                     2.2887086906996784e-04
35                                     1.6899850638007162e-04
36                                     7.3981219309681573e-04
37                                    -1.1202640150515045e-03
38                                    -1.1714881928856502e-04
39                                     1.4611517525872277e-03
40                                     5.0134950819324237e-04
41                                     1.0239538865421255e-03
42                                     1.0867975066204101e-03
43                                     2.2894575927368144e-03
44                                    -4.7086871346498013e-03
45                                    -5.3545288884364710e-03
46                                    -1.1110664376707446e-02
47                                     1.2326809602697750e-03
48                                     6.1539787792679879e-03
49                                    -7.2712106995540329e-04
50                                    -8.7873811766350368e-03
51                                     6.1610427116713662e-05
52                                    -3.4657885041427874e-03
53                                     1.0329789507027010e-02
54                                     2.0410922268109324e-05
55                                     7.6733140564558613e-04
56                                     2.0949966074192278e-03
57                                     6.4635428877101546e-03
58                                     3.0511606845868098e-03
59                                    -4.7302684411176139e-03
60                                    -1.2358590891390860e-02
61                                     3.4504539107797563e-03
62                                    -2.7884301804894512e-03
63                                    -6.8169361434494841e-03
64                                     7.1302407192011599e-03
65                                    -4.4495352956448603e-03
66                                    -9.6850061158814185e-04
67                                    -3.5332391262547485e-03
68                                     1.4604352744882199e-03
69                                     3.9605164579755220e-03
70                                     1.8666712852176727e-03
71                                     2.4875615740141601e-03
72                                     9.6871173222314987e-04
73                                     3.4032812438255459e-04
74                                     3.7130760966688076e-04
75                                    -5.4534921399386135e-04
76                                    -6.7225210008348135e-04
77                                    -9.3791455399988913e-04
78                                    -1.4786682934820623e-03
79                                     9.1898042781861367e-04
80                                    -1.1163362355290363e-04
81                                    -8.9815511782658300e-04
82                                    -3.6955434523942357e-03
83                                     3.6241296568094196e-03
$End
$Geometry
   &GeometryIndex 4
   &ListStatus       OUT
   &NATOMS [&Type "Integer"] 28
   &NCORELESSECP [&Type "Integer"] 0
   &NGHOSTATOMS [&Type "Integer"] 0
   &CartesianCoordinates [&Type "Coordinates", &Dim(28,4), &Units "Bohr"] 
              Cu    -1.879078575042   -0.470882055290   -1.336746372986
              Cu     2.372248824267   -0.403665834052    1.068792190025
              S      6.539771046511   -0.281946125849    3.752490987826
              O     14.111730600982    2.186022981430    6.684312679129
              O     11.694061669937   -1.144675477559    7.665802295184
              N     14.099497225827    0.136403846259    2.001965167900
              C     11.657261981566    0.624562096907    3.344880061094
              C      9.602008920615   -1.104465262894    2.413180195921
              C     12.326196163003    0.353701493270    6.103265273265
              H     10.966647675530    2.559591491795    3.055346295072
              H      9.524948600365   -0.804470776490    0.360657782699
              H     10.154437052892   -3.064402895256    2.781759746560
              H     15.351843529147    1.509226504509    2.476195470720
              H     13.732982213972    0.317064648355    0.126705051812
              H     14.453083628103    1.835817805002    8.449281548258
              S     -5.906459458465   -0.090188851283   -3.329095366081
              O    -13.772639529698    2.856509397626   -2.219400667683
              O    -11.338442858563    2.618476896736   -5.673927502248
              N    -13.285030854021   -2.237780838332   -2.202184296375
              C    -10.991975102378   -0.584365236798   -2.299322964484
              C     -8.807392214419   -1.930653770280   -3.522722884037
              C    -11.885932218573    1.754175474712   -3.664300828272
              H    -10.346524940825   -0.009507639130   -0.414113347188
              H     -8.565112381652   -3.689120694153   -2.445039813442
              H     -9.303709506801   -2.392296524771   -5.475829286599
              H    -14.625343673860   -1.370740474904   -1.138977999782
              H    -12.765263102687   -3.835323018491   -1.274169192937
              H    -14.251682803315    4.294258600244   -3.248226076632
$End
$SCF_Energy
   &GeometryIndex 4
   &ListStatus       IN
   &SCF_ENERGY [&Type "Double"]      -4.7157642658444520e+03
$End
$MP2_Energies
   &GeometryIndex 4
   &ListStatus       IN
   &REFENERGY [&Type "Double"]      -4.7157642658444520e+03  "Reference Energy"
   &CORRENERGY [&Type "Double"]      -4.0807319484344280e+00  "MP2 correlation energy"
   &TOTALENERGY [&Type "Double"]      -4.7198449977928867e+03  "MP2 total energy"
$End
$MP2_Nuc_Gradient
   &GeometryIndex 4
   &ListStatus       IN
   &NATOMS [&Type "Integer"] 84
   &GRADNORM [&Type "Double"]       4.4946526578774480e-02
   &GRAD [&Type "ArrayOfDoubles", &Dim (84,1)] 
                                                         0

0                                     -4.4222274027710257e-03
1                                      4.6880959224404328e-03
2                                     -9.5378786852136025e-03
3                                      1.9349380402851023e-03
4                                      2.0593158748271972e-04
5                                      5.9552776795746398e-03
6                                      9.0826182584616937e-03
7                                     -1.3256929319936262e-03
8                                      7.4152911142725576e-04
9                                      2.4677780508967975e-03
10                                    -5.3872878922134326e-04
11                                    -2.9274499906692397e-03
12                                     4.7532531981364715e-03
13                                     1.1977457467672023e-02
14                                    -7.3326340834523468e-03
15                                     5.4888776383766689e-03
16                                     1.2838911930606947e-03
17                                    -1.2855832507009529e-03
18                                    -6.1769481332577328e-03
19                                    -2.3271118966840948e-03
20                                     2.3847741074088224e-03
21                                     7.5580478953275396e-03
22                                     1.1508975920746858e-03
23                                     4.1375634844927935e-03
24                                    -5.6040943304337953e-03
25                                    -1.2263099000465988e-02
26                                     1.2186386874464376e-02
27                                    -1.5522625363451649e-03
28                                    -3.0940491137937398e-04
29                                    -2.5898032370759430e-03
30                                    -1.0487916722569819e-03
31                                     4.2351169173296859e-03
32                                     3.6823387597263724e-04
33                                     1.3443015106827366e-03
34                                     5.9231474603477219e-04
35                                     2.8069923377597918e-04
36                                     7.9047032948972168e-05
37                                    -1.5627728535951291e-03
38                                     5.0900940549154262e-04
39                                    -2.1897036334128477e-04
40                                     2.4475165343857287e-04
41                                     7.0208075922468388e-04
42                                    -2.4455999868495774e-03
43                                    -1.3815389397157565e-03
44                                    -2.6643823710216855e-03
45                                    -5.7481804363890623e-03
46                                    -9.9961864348024586e-03
47                                     2.7412972648662663e-03
48                                    -2.1163007701017027e-03
49                                    -3.3830184324534322e-03
50                                     1.0068762693261901e-03
51                                    -4.3258751384479127e-03
52                                    -2.3141114760340878e-03
53                                     1.4250602803082740e-02
54                                    -5.2442817464409455e-03
55                                    -1.1841905988567922e-03
56                                     1.7385689190486595e-03
57                                     5.8721877042061943e-03
58                                     2.1469225812986523e-03
59                                    -2.9123565013176346e-03
60                                    -9.2407825841964789e-03
61                                     4.8810978194624155e-03
62                                    -4.1169614940546363e-03
63                                     4.9283431115908216e-03
64                                     6.8717552694909090e-03
65                                    -1.6727357364435771e-02
66                                     1.7278357838704881e-03
67                                    -2.3719483998566552e-03
68                                     7.3720518487190023e-04
69                                     1.3037080050978568e-03
70                                     2.0477294847576419e-03
71                                     3.8421613228268245e-03
72                                    -1.1707464824750342e-03
73                                     7.6265894297379046e-04
74                                     4.9935708081652597e-04
75                                     1.4486308264984038e-05
76                                    -1.9934859556076240e-04
77                                    -1.5396629707681922e-03
78                                     1.5943114621444487e-04
79                                     6.7643515405944876e-04
80                                    -2.1064395255243964e-04
81                                     2.6827521983597002e-03
82                                    -2.7553701221900845e-03
83                                    -3.2523819858612177e-04
$End
$Geometry
   &GeometryIndex 5
   &ListStatus       OUT
   &NATOMS [&Type "Integer"] 28
   &NCORELESSECP [&Type "Integer"] 0
   &NGHOSTATOMS [&Type "Integer"] 0
   &CartesianCoordinates [&Type "Coordinates", &Dim(28,4), &Units "Bohr"] 
              Cu    -1.655704824141   -0.125105758264   -1.361520840862
              Cu     2.235868334326   -0.167501380971    1.275250065470
              S      5.872901834167   -0.130102294924    4.185726168689
              O     13.677152785082    2.034418710679    6.390031577282
              O     11.634458573788   -1.527795941226    7.440036033990
              N     13.158344191844    0.091971269340    1.599679905049
              C     10.906325224172    0.527008628810    3.270786102606
              C      8.704582332432   -1.122542208245    2.529640614658
              C     11.932335407228    0.083065864148    5.889343388030
              H     10.190623189999    2.471026424406    3.214042421462
              H      8.470397453086   -0.778185342531    0.494753114810
              H      9.241601902216   -3.102291673735    2.805404891634
              H     14.451954240023    1.457268188975    1.975451777321
              H     12.514404690951    0.367846737998   -0.187573437255
              H     14.207536405718    1.502956098372    8.064658327374
              S     -5.358947733914    0.587573593248   -3.606598443037
              O    -13.330034853474    2.707023094073   -2.150527082508
              O    -11.495796445230    2.130477839676   -5.929181838672
              N    -12.239220035797   -2.359115868922   -1.664496258984
              C    -10.215792331056   -0.447362270679   -2.213450711848
              C     -7.967654695877   -1.633501799984   -3.500942475513
              C    -11.570548873052    1.525821280727   -3.757052252386
              H     -9.469167398608    0.487088697861   -0.522630524483
              H     -7.478082833501   -3.260137361438   -2.304661950752
              H     -8.550534615562   -2.316541997686   -5.363785952934
              H    -13.557546351214   -1.523227285383   -0.549495813644
              H    -11.373296358294   -3.720153033477   -0.623928204857
              H    -14.074027302894    3.871343550465   -3.358380453921
$End
$SCF_Energy
   &GeometryIndex 5
   &ListStatus       IN
   &SCF_ENERGY [&Type "Double"]      -4.7157638788677932e+03
$End
$MP2_Energies
   &GeometryIndex 5
   &ListStatus       IN
   &REFENERGY [&Type "Double"]      -4.7157638788677932e+03  "Reference Energy"
   &CORRENERGY [&Type "Double"]      -4.0982975059427700e+00  "MP2 correlation energy"
   &TOTALENERGY [&Type "Double"]      -4.7198621763737356e+03  "MP2 total energy"
$End
$MP2_Nuc_Gradient
   &GeometryIndex 5
   &ListStatus       IN
   &NATOMS [&Type "Integer"] 84
   &GRADNORM [&Type "Double"]       5.9126968867983659e-02
   &GRAD [&Type "ArrayOfDoubles", &Dim (84,1)] 
                                                         0

0                                     -6.3221169262777863e-04
1                                      1.0022497504910389e-03
2                                     -5.0078102917091366e-03
3                                     -1.4560521698458433e-03
4                                      8.4698796574007341e-04
5                                      1.5660202301968950e-04
6                                      9.8853895519053735e-03
7                                      1.8476851245581832e-03
8                                      3.4738746170310617e-03
9                                      8.0399046444540306e-03
10                                     1.1491379344885151e-02
11                                    -3.8927858636378376e-03
12                                     5.5271968936733626e-03
13                                     1.4052765631182990e-02
14                                    -3.3043335080936986e-03
15                                     9.4889990301770966e-03
16                                     1.2509255980164974e-04
17                                    -3.9353347538174828e-03
18                                    -5.9389535070907482e-03
19                                     3.5133198515597125e-03
20                                     1.4208632284414373e-03
21                                    -6.0190502177782240e-04
22                                    -2.5136820222116003e-03
23                                     5.0913858434833009e-03
24                                    -8.9928016512089252e-03
25                                    -2.6344322700592546e-02
26                                     8.4303960482912388e-03
27                                    -3.8983894613600495e-03
28                                    -9.4907313794507370e-04
29                                    -6.6385685511978585e-04
30                                     1.9582978917925438e-03
31                                     4.7558597193562407e-03
32                                    -1.0990932457446284e-04
33                                     3.5937007622531963e-03
34                                     9.4015379566225049e-04
35                                    -6.8568922118328931e-04
36                                    -3.2631175311716859e-04
37                                    -1.7798362589225014e-03
38                                     1.4524092090197772e-03
39                                    -2.0761519377937403e-03
40                                    -1.1431183990370450e-04
41                                     1.6345267046507309e-03
42                                    -5.5090306504334639e-03
43                                    -5.1603663434660538e-03
44                                    -2.1981365486785295e-03
45                                    -6.3911265967246979e-03
46                                    -4.6620304675523104e-03
47                                     3.3760332546304804e-03
48                                    -7.3324646744033061e-03
49                                     9.9918732703699678e-04
50                                     1.2671325548825094e-02
51                                    -4.7073785821794712e-03
52                                     2.8894294665952683e-03
53                                     1.4554299205604665e-02
54                                    -8.5595101294473463e-03
55                                    -4.4167717843199283e-03
56                                     2.5219368303492570e-03
57                                     5.5392125184907520e-03
58                                     3.9115528966135807e-03
59                                     2.4719087035586056e-03
60                                    -2.0829308214479411e-03
61                                     3.6688525474211017e-03
62                                    -6.1027316687736026e-03
63                                     7.4592956894850536e-03
64                                    -3.5933544617259439e-03
65                                    -2.8453678749447042e-02
66                                     3.8102295901113678e-03
67                                    -6.4225765591954809e-04
68                                    -8.6471006564217689e-04
69                                    -1.7826976253729927e-03
70                                     1.4796766908424207e-03
71                                     4.3960347149224095e-03
72                                    -2.6126418498368005e-03
73                                     4.3892714032327078e-04
74                                     1.0163423552897524e-03
75                                     1.5553889254988837e-04
76                                     4.9013909303178074e-04
77                                    -2.2142132852152469e-03
78                                     1.7875045544759466e-03
79                                     1.4635933834386862e-03
80                                    -1.1777226452038964e-03
81                                     5.6253348711047466e-03
82                                    -3.7754582820659771e-03
83                                    -3.8938887655750251e-03
$End
$Geometry
   &GeometryIndex 6
   &ListStatus       OUT
   &NATOMS [&Type "Integer"] 28
   &NCORELESSECP [&Type "Integer"] 0
   &NGHOSTATOMS [&Type "Integer"] 0
   &CartesianCoordinates [&Type "Coordinates", &Dim(28,4), &Units "Bohr"] 
              Cu    -1.461867961499    0.225118252481   -1.421728643224
              Cu     2.059701297751    0.098558546675    1.448933147682
              S      5.183819724557    0.071353578660    4.493848684064
              O     13.229151874803    1.793823164979    6.107122150245
              O     11.299710096420   -1.869730069621    7.073774201764
              N     12.187773959150    0.021993488049    1.267184172700
              C     10.139290739341    0.476365399502    3.167150741034
              C      7.800366575383   -1.086126179847    2.620940269562
              C     11.388167599931   -0.105475070377    5.653882741011
              H      9.502636877974    2.443449527039    3.260517829592
              H      7.422594840000   -0.775666386104    0.603494209838
              H      8.267105338017   -3.085804911431    2.881377182899
              H     13.538283700540    1.361472457092    1.532958582591
              H     11.362339914810    0.351532806637   -0.436875653195
              H     13.941635159753    1.111357826294    7.661561524285
              S     -4.827568493094    1.170760163435   -3.888669474706
              O    -12.887494730114    2.495729647100   -2.090898966162
              O    -11.410919986107    1.480031065541   -5.946652939564
              N    -11.104100538798   -2.372785130961   -1.151311404408
              C     -9.414303857734   -0.303343264372   -2.087096300465
              C     -7.129163162662   -1.326857135217   -3.480129933451
              C    -11.129557375435    1.285271517589   -3.705291861446
              H     -8.675831262682    0.919537624311   -0.591099802956
              H     -6.382957110929   -2.821602389365   -2.248722024717
              H     -7.758217795069   -2.192083388714   -5.251016577918
              H    -12.402002553198   -1.576582929001    0.019913684700
              H     -9.966658405250   -3.491546336986   -0.079469086559
              H    -13.909802553440    3.332573887922   -3.373118306477
$End
$SCF_Energy
   &GeometryIndex 6
   &ListStatus       IN
   &SCF_ENERGY [&Type "Double"]      -4.7157566028996671e+03
$End
$MP2_Energies
   &GeometryIndex 6
   &ListStatus       IN
   &REFENERGY [&Type "Double"]      -4.7157566028996671e+03  "Reference Energy"
   &CORRENERGY [&Type "Double"]      -4.1161831754500549e+00  "MP2 correlation energy"
   &TOTALENERGY [&Type "Double"]      -4.7198727860751169e+03  "MP2 total energy"
$End
$MP2_Nuc_Gradient
   &GeometryIndex 6
   &ListStatus       IN
   &NATOMS [&Type "Integer"] 84
   &GRADNORM [&Type "Double"]       5.5615255675744241e-02
   &GRAD [&Type "ArrayOfDoubles", &Dim (84,1)] 
                                                         0

0                                     -9.2142686547300352e-04
1                                     -3.5095795951242473e-03
2                                     -6.8862102603624124e-04
3                                      1.4805183666175351e-03
4                                      1.5601954737711745e-03
5                                     -3.3682098078040481e-03
6                                      5.9344520213409288e-03
7                                      2.8284384307730621e-03
8                                      1.7766910296463621e-03
9                                      1.2904541264840794e-02
10                                     1.4343251448293494e-02
11                                    -5.4251012822789588e-03
12                                     7.8065845214035281e-03
13                                     5.5610472775946412e-03
14                                     3.6735920077829443e-04
15                                     7.5182559277563454e-03
16                                    -1.0762710753638646e-03
17                                    -4.8266489306570768e-03
18                                    -5.0252764168607494e-04
19                                     4.6491194709574676e-03
20                                     5.2824824469208803e-04
21                                    -8.1740422421718514e-03
22                                    -4.2367767854992675e-03
23                                     4.4912130108773658e-03
24                                    -1.9616820485873883e-02
25                                    -1.7446884402466542e-02
26                                     4.4442197967946989e-03
27                                    -2.9109230842629362e-03
28                                    -1.2985622808504016e-03
29                                     1.5158991292842476e-03
30                                     2.7748308256800996e-03
31                                     3.2971965190519556e-03
32                                    -5.4855101265019468e-04
33                                     3.3801520474403303e-03
34                                     3.9039776757725242e-04
35                                    -1.7573594660358722e-03
36                                     6.6100212105200951e-06
37                                    -8.5374318833335294e-04
38                                     1.9810896378906137e-03
39                                    -2.2220218165813731e-03
40                                    -3.0480844989445866e-06
41                                     1.0467112523574185e-03
42                                    -4.3936674447693155e-03
43                                    -5.5877778944042993e-03
44                                     7.6661095022953485e-04
45                                    -4.4740369826595759e-03
46                                    -2.3358396446860469e-04
47                                     3.6041119834090531e-03
48                                    -1.0419086458790807e-02
49                                     1.6903443348414426e-03
50                                     1.6829083103615153e-02
51                                    -7.0956109198473741e-03
52                                     2.1131633772493805e-03
53                                     5.7527755306405193e-03
54                                    -6.2961537052577121e-03
55                                    -5.2884412160857392e-03
56                                     2.7875769979328821e-03
57                                     7.3165165827042758e-04
58                                     3.4661940164651284e-03
59                                     4.0076725179734630e-03
60                                     4.6126084457412952e-03
61                                     2.1803845561671198e-03
62                                    -6.8041621676461009e-03
63                                     1.6749935971566408e-02
64                                    -3.4712388248940547e-03
65                                    -2.0447668398657651e-02
66                                     2.3481986363322639e-03
67                                     8.7476443983037014e-04
68                                    -2.2625899989643580e-03
69                                    -2.7842551009945402e-03
70                                     4.7637976135636931e-04
71                                     3.3817164788112093e-03
72                                    -1.9462726906462023e-03
73                                    -6.1018998989121644e-04
74                                     1.0282445632767770e-03
75                                    -4.6720822554668570e-04
76                                     1.1537601767903811e-03
77                                    -1.7405734295791661e-03
78                                     1.8690264171466950e-03
79                                     9.3891359050015180e-04
80                                    -1.1121902888591682e-03
81                                     3.7827487021155765e-03
82                                    -1.8622797533541131e-03
83                                    -5.6498704429231578e-03
$End
$Geometry
   &GeometryIndex 7
   &ListStatus       OUT
   &NATOMS [&Type "Integer"] 28
   &NCORELESSECP [&Type "Integer"] 0
   &NGHOSTATOMS [&Type "Integer"] 0
   &CartesianCoordinates [&Type "Coordinates", &Dim(28,4), &Units "Bohr"] 
              Cu    -1.365892639636    0.428578577590   -1.423387848012
              Cu     1.937297202126    0.190289753009    1.610122682734
              S      4.845037779258    0.037493055401    4.687557549962
              O     12.834042772343    1.907570097731    5.979252200504
              O     11.129827344474   -1.888833320264    6.901220645855
              N     11.641153351914   -0.083518171627    1.038210401447
              C      9.754135577987    0.410141198693    3.066100147522
              C      7.391531321843   -1.198826664088    2.752087480251
              C     11.162125446190   -0.110265595686    5.481173530503
              H      9.124041781682    2.380146032069    3.145640765861
              H      6.885254162032   -1.067975342669    0.745238028221
              H      7.869081747330   -3.173929914801    3.144014371646
              H     12.978295708194    1.294503483838    1.127827239477
              H     10.692440296221    0.147089891355   -0.618309036400
              H     13.651551630042    1.304493688510    7.514752044058
              S     -4.567039503531    1.479540404667   -3.992092576377
              O    -12.537985667288    2.521042014456   -1.967092972005
              O    -11.248989544126    1.259837248831   -5.826766325333
              N    -10.477522739666   -2.444534505222   -0.979599033066
              C     -9.017271849476   -0.273727667016   -2.017261209470
              C     -6.738681891043   -1.134575523686   -3.545802711940
              C    -10.908223775769    1.169137380396   -3.576609747299
              H     -8.306060498674    1.013544865503   -0.562363571764
              H     -5.844738121591   -2.636901775908   -2.432419240935
              H     -7.395004798076   -1.966115532583   -5.323526890377
              H    -11.746440740571   -1.744952539667    0.284006032464
              H     -9.207267045224   -3.487083824731    0.019486293505
              H    -13.672565394548    3.299158447217   -3.190880104311
$End
$SCF_Energy
   &GeometryIndex 7
   &ListStatus       IN
   &SCF_ENERGY [&Type "Double"]      -4.7157568458522192e+03
$End
$MP2_Energies
   &GeometryIndex 7
   &ListStatus       IN
   &REFENERGY [&Type "Double"]      -4.7157568458522192e+03  "Reference Energy"
   &CORRENERGY [&Type "Double"]      -4.1215642548371338e+00  "MP2 correlation energy"
   &TOTALENERGY [&Type "Double"]      -4.7198784101070560e+03  "MP2 total energy"
$End
$MP2_Nuc_Gradient
   &GeometryIndex 7
   &ListStatus       IN
   &NATOMS [&Type "Integer"] 84
   &GRADNORM [&Type "Double"]       4.0775448471783653e-02
   &GRAD [&Type "ArrayOfDoubles", &Dim (84,1)] 
                                                         0

0                                     -1.5613204292271882e-03
1                                     -4.6490384000208492e-03
2                                     -7.7462974786836683e-05
3                                      4.3078647320257731e-03
4                                      1.3162097862252512e-03
5                                     -1.8986273312435707e-03
6                                      3.6484126803784309e-04
7                                      2.4989628716906385e-03
8                                     -8.7195074430194107e-04
9                                      8.1076282266446028e-03
10                                     1.4545083079698519e-02
11                                     1.8196994605184508e-04
12                                     1.8636387511863943e-03
13                                     1.3114411307014462e-03
14                                     5.4349755035412728e-03
15                                     2.8846900756326864e-03
16                                    -6.5301598235885383e-04
17                                    -2.2863643153915800e-03
18                                     4.6629659877227975e-04
19                                     4.6256204561857493e-03
20                                     8.8217273642846213e-04
21                                    -8.0046764106929819e-03
22                                    -2.8013388094287814e-03
23                                     2.6546264014040430e-03
24                                    -7.9925828515910076e-03
25                                    -1.5283701498491772e-02
26                                    -8.3138203863544272e-03
27                                    -1.5146714262671279e-03
28                                    -4.7790010427576496e-04
29                                     1.2365852835129398e-03
30                                     1.7464397381976964e-03
31                                     1.3432392515489158e-03
32                                    -2.5457962538408957e-04
33                                     1.6648945366380882e-03
34                                    -1.7611640672082762e-04
35                                    -1.7486901891443493e-03
36                                     2.1674431051672827e-04
37                                    -3.8870902075680003e-04
38                                     1.7900348679260082e-03
39                                    -1.5525010148968038e-03
40                                     3.7867452910342499e-05
41                                     3.9892485266514177e-04
42                                    -1.0105308394577350e-03
43                                    -3.3227654533574298e-03
44                                     1.4988206826946487e-03
45                                    -1.3108252383618249e-03
46                                     9.8015686739955088e-04
47                                     3.8498205533544412e-03
48                                    -6.9466793450641030e-03
49                                     7.1649377328813768e-03
50                                     1.2675133084826942e-02
51                                    -2.7198111824974919e-03
52                                     4.4772476775876953e-03
53                                    -1.6649165041599800e-03
54                                    -2.4434743692462318e-03
55                                    -2.4229292989460995e-03
56                                     1.2456714549545084e-03
57                                    -3.6300421237367431e-05
58                                     3.5086305351276405e-03
59                                     3.6782560046163607e-03
60                                     5.2637139458285367e-03
61                                     1.7154144547765204e-03
62                                    -4.6661049178440758e-03
63                                     8.4633380729503167e-03
64                                    -1.4059339147586185e-02
65                                    -8.9204332294850891e-03
66                                     1.1018553009108298e-03
67                                     8.4748472188682714e-04
68                                    -1.3063402203125213e-03
69                                    -1.7637059406435847e-03
70                                     6.8028294487008922e-06
71                                     1.3667240108297639e-03
72                                    -8.0767254406438269e-04
73                                    -1.0377206686395558e-03
74                                     4.7204359547791883e-04
75                                    -5.7301348890515663e-04
76                                     1.1049565403769366e-03
77                                    -1.2788769594579592e-03
78                                     1.3220476838461948e-03
79                                     3.9412145209765520e-04
80                                    -5.9570911633230819e-04
81                                     4.0463123383955441e-04
82                                    -4.5277320174912095e-04
83                                    -3.6844118428813397e-03
$End
$Geometry
   &GeometryIndex 8
   &ListStatus       OUT
   &NATOMS [&Type "Integer"] 28
   &NCORELESSECP [&Type "Integer"] 0
   &NGHOSTATOMS [&Type "Integer"] 0
   &CartesianCoordinates [&Type "Coordinates", &Dim(28,4), &Units "Bohr"] 
              Cu    -1.318688142040    0.471448290657   -1.473307056360
              Cu     1.828921600283    0.103809461093    1.718303170237
              S      4.689289777083   -0.220214962985    4.830861954317
              O     12.519096462290    2.251194835002    5.830772892223
              O     11.127632207759   -1.634404985929    6.878591388515
              N     11.391986919013   -0.206840136719    0.987397685318
              C      9.550978959403    0.359243133726    3.012596958754
              C      7.301429141633   -1.433279655428    2.941231372967
              C     11.007180162360    0.141720836385    5.446739519847
              H      8.819938966773    2.292860486114    2.905513238076
              H      6.716388231504   -1.606480656315    0.960467353435
              H      7.896570431599   -3.312875101507    3.567099173398
              H     12.618142565349    1.269099469645    0.850346290516
              H     10.405716491813   -0.255015948475   -0.662348277649
              H     13.458949226586    1.860057021776    7.361318081502
              S     -4.431608533310    1.560085341421   -4.135695974638
              O    -12.241366234944    2.636348156498   -1.688932312269
              O    -11.182577010936    1.379311252463   -5.613288549562
              N    -10.213008476634   -2.497008935656   -1.044238895883
              C     -8.811740852896   -0.276484585131   -2.004353473073
              C     -6.649156658614   -1.038459100474   -3.743253385357
              C    -10.736948879570    1.311689895490   -3.371675100161
              H     -8.017331595797    0.879702083556   -0.483395288188
              H     -5.695039773111   -2.654750746992   -2.868682003316
              H     -7.416448003877   -1.677293650960   -5.555437284298
              H    -11.371409347851   -1.908237996376    0.374725228734
              H     -8.911853804518   -3.654001134999   -0.227204346061
              H    -13.472911916929    3.490103095435   -2.753574214301
$End
$SCF_Energy
   &GeometryIndex 8
   &ListStatus       IN
   &SCF_ENERGY [&Type "Double"]      -4.7157637055561954e+03
$End
$MP2_Energies
   &GeometryIndex 8
   &ListStatus       IN
   &REFENERGY [&Type "Double"]      -4.7157637055561954e+03  "Reference Energy"
   &CORRENERGY [&Type "Double"]      -4.1185271209602412e+00  "MP2 correlation energy"
   &TOTALENERGY [&Type "Double"]      -4.7198822326771560e+03  "MP2 total energy"
$End
$MP2_Nuc_Gradient
   &GeometryIndex 8
   &ListStatus       IN
   &NATOMS [&Type "Integer"] 84
   &GRADNORM [&Type "Double"]       2.2647052092632611e-02
   &GRAD [&Type "ArrayOfDoubles", &Dim (84,1)] 
                                                         0

0                                     -6.6774989360437499e-04
1                                     -4.1283317655689484e-03
2                                     -9.9445333707613021e-04
3                                      2.5815595191156660e-03
4                                      1.2438973003546930e-03
5                                     -7.9602279036338104e-04
6                                     -1.7513207257919584e-03
7                                      1.1734294130712874e-03
8                                      2.0315497818823233e-04
9                                      4.8573166310972495e-03
10                                     3.6860772019072091e-03
11                                     1.2353041950819363e-03
12                                     5.2082451457339000e-04
13                                    -4.8823434640616892e-03
14                                     2.4763617658163650e-03
15                                    -3.7235569713347065e-03
16                                     5.1330241796423287e-04
17                                     6.6540517358942494e-04
18                                     5.8809082417979087e-03
19                                    -7.4549544476709001e-04
20                                    -1.4588674199762786e-04
21                                    -1.9541321534080336e-03
22                                    -1.2721036130798544e-03
23                                     7.5478547866260782e-04
24                                    -8.2372539505262930e-03
25                                     2.6776807940012831e-03
26                                    -5.5204775159055433e-03
27                                     1.0338221531140251e-03
28                                     3.8648574585768009e-04
29                                     7.4504469541702111e-04
30                                     6.5761245651637518e-04
31                                    -8.6723286611385588e-04
32                                     6.7527468328033857e-05
33                                    -9.1688624583629100e-04
34                                    -1.0153614738558150e-03
35                                    -9.9646847409380450e-04
36                                     4.6697078472322795e-04
37                                     4.2494694078541728e-04
38                                     7.0285857571635480e-04
39                                     3.2114545079761636e-04
40                                     6.6391297471858624e-05
41                                    -9.7447661666696939e-04
42                                     1.6358002626374532e-03
43                                     9.6332506034232240e-04
44                                     1.1679030614399344e-03
45                                     2.8166847606762857e-04
46                                     9.8732571461226590e-04
47                                     2.8854447760666736e-03
48                                    -4.7116630173579307e-03
49                                     2.3882782780939955e-03
50                                     2.3559504049957825e-03
51                                    -1.0717226465951635e-03
52                                    -1.0404132408425183e-03
53                                    -5.4013348043550902e-03
54                                     3.2709358799131727e-03
55                                     1.6057564116153042e-03
56                                    -3.7318490189928999e-04
57                                    -5.0723858546437850e-03
58                                    -1.6588862094753468e-03
59                                     2.2215227084067257e-04
60                                     1.0699081901177077e-03
61                                     8.0196609339691464e-04
62                                    -2.3681490213713560e-03
63                                     8.8953038374637947e-03
64                                    -1.4584327471589137e-03
65                                     4.6627702125232040e-03
66                                    -1.1455765268277851e-03
67                                     5.6358980734527719e-04
68                                     5.3536588577752370e-05
69                                    -4.0243727835971924e-04
70                                    -3.0198355019728923e-04
71                                    -8.2522231459806160e-04
72                                     6.8512064321382335e-04
73                                    -1.0686343096693428e-03
74                                    -6.0919177500164470e-04
75                                    -4.9015314102935151e-04
76                                     6.3744552980202207e-04
77                                    -4.1608628463921798e-05
78                                    -8.7810695945947370e-05
79                                    -8.2819511971439497e-04
80                                     5.6710675922570092e-04
81                                    -1.8692309441588686e-03
82                                     1.3215822918610301e-03
83                                     3.4523936815723799e-04
$End
$Geometry
   &GeometryIndex 9
   &ListStatus       OUT
   &NATOMS [&Type "Integer"] 28
   &NCORELESSECP [&Type "Integer"] 0
   &NGHOSTATOMS [&Type "Integer"] 0
   &CartesianCoordinates [&Type "Coordinates", &Dim(28,4), &Units "Bohr"] 
              Cu    -1.212299305666    0.530744426381   -1.612270031028
              Cu     1.632509108906    0.005807207412    1.805028749190
              S      4.270786094615   -0.493786187555    5.045584999364
              O     11.671649003787    2.898022600713    5.249972777317
              O     10.819267659481   -0.880774696910    6.978103539297
              N     10.838725731532   -0.598983221269    0.950861238842
              C      8.977364655839    0.189096112437    2.881340911588
              C      6.917224298996   -1.773950878736    3.240958142569
              C     10.480327654306    0.590030873598    5.268460785701
              H      8.060505968994    1.984995932019    2.413736970949
              H      6.269356490418   -2.351030879555    1.358393614908
              H      7.708824509240   -3.449012159667    4.157875497686
              H     11.885089499367    0.931678702162    0.441230893884
              H      9.841036606987   -1.111965753258   -0.608241451367
              H     12.658514264081    2.924897670443    6.794331545850
              S     -4.100300597407    1.722244802967   -4.456397927439
              O    -11.313035082913    2.691045102432   -0.813083224268
              O    -10.940265176626    1.930340674840   -4.966143716653
              N     -9.605415567900   -2.632945854289   -1.236674636692
              C     -8.212196276342   -0.335760240396   -2.010973590206
              C     -6.335822624955   -0.873752676219   -4.115091335639
              C    -10.202238571939    1.525890726697   -2.844374068966
              H     -7.165974786447    0.520646939333   -0.444508627469
              H     -5.323030323115   -2.609980099929   -3.616419979508
              H     -7.357337590843   -1.234029929813   -5.875688346105
              H    -10.508718874901   -2.265975437639    0.421428473717
              H     -8.281170407284   -3.963797964832   -0.827418146471
              H    -12.611244447793    3.761629969948   -1.539444912328
$End
$SCF_Energy
   &GeometryIndex 9
   &ListStatus       IN
   &SCF_ENERGY [&Type "Double"]      -4.7157654566468927e+03
$End
$MP2_Energies
   &GeometryIndex 9
   &ListStatus       IN
   &REFENERGY [&Type "Double"]      -4.7157654566468927e+03  "Reference Energy"
   &CORRENERGY [&Type "Double"]      -4.1201588495755948e+00  "MP2 correlation energy"
   &TOTALENERGY [&Type "Double"]      -4.7198856154964687e+03  "MP2 total energy"
$End
$MP2_Nuc_Gradient
   &GeometryIndex 9
   &ListStatus       IN
   &NATOMS [&Type "Integer"] 84
   &GRADNORM [&Type "Double"]       1.4317333827806606e-02
   &GRAD [&Type "ArrayOfDoubles", &Dim (84,1)] 
                                                         0

0                                     -9.6520548176180516e-04
1                                     -4.4748644061614572e-03
2                                     -8.5556588008971202e-04
3                                      2.5854195887427146e-03
4                                      1.3509324805496194e-03
5                                     -6.7098800887153282e-05
6                                     -3.5062968559754909e-03
7                                      8.7077870968942615e-04
8                                     -5.8766658616228942e-04
9                                      1.3747179139158260e-03
10                                    -1.1163852620234005e-03
11                                     3.0344916210269801e-03
12                                    -1.3311621524701098e-03
13                                    -4.4799878031630269e-04
14                                    -4.7949582947194591e-04
15                                    -4.0490916038277008e-03
16                                     1.2663901733300648e-03
17                                     5.5790231703991069e-04
18                                     4.0095523691872463e-03
19                                    -2.0438627558301073e-03
20                                     3.0290819524621954e-04
21                                     1.7242977724760133e-04
22                                     6.8071606415923136e-04
23                                    -9.8349696448410406e-05
24                                    -6.6561204081807494e-04
25                                     1.9079440853870949e-03
26                                    -2.3318017556502382e-03
27                                     8.5811451884595935e-04
28                                     7.3988245312684581e-04
29                                     4.3716413017654606e-04
30                                     4.9624909003043345e-04
31                                    -1.1871133846683198e-03
32                                     3.1048159743403414e-04
33                                    -1.3054118483194037e-03
34                                    -7.0907159723498231e-04
35                                    -9.3152275882453506e-04
36                                     5.5536413888214453e-04
37                                     6.2632689340660908e-05
38                                     1.9059663024723495e-04
39                                     1.0995099614434650e-03
40                                    -1.4339710060999947e-04
41                                    -2.0927166869281338e-04
42                                     1.6826956577112306e-04
43                                     1.3850281390146101e-03
44                                    -1.4421959195651049e-03
45                                     1.3909426570519190e-03
46                                     1.2461622906831740e-03
47                                     2.5110439360372539e-03
48                                    -1.9717107683588989e-03
49                                     1.5582319118876350e-03
50                                    -2.8259629498349412e-03
51                                     1.2953993002020880e-03
52                                    -5.3755565508622691e-04
53                                    -2.9255277570527927e-04
54                                     3.6147353304908300e-03
55                                     2.0990804355925435e-03
56                                     2.4650333936011848e-04
57                                    -3.5901839596854598e-03
58                                    -2.2039089273233870e-03
59                                    -1.4435204206043883e-03
60                                    -2.4922009878625834e-04
61                                     1.0717014551694954e-03
62                                    -6.1413205856466341e-04
63                                     1.1468890824288085e-03
64                                    -2.4767636079943249e-04
65                                     3.2673923075749733e-03
66                                    -8.9406979852884802e-04
67                                     4.7740761283223201e-04
68                                     3.1769884927761172e-04
69                                    -2.0162528995365699e-04
70                                    -1.3365583104501741e-04
71                                    -9.9059331432442988e-04
72                                     9.4525156770980390e-04
73                                    -8.0522097002121325e-04
74                                    -3.5288117370340516e-05
75                                    -4.7819319234719895e-04
76                                    -7.9338610847631136e-05
77                                     9.4924587230385549e-06
78                                    -9.2617941647050658e-04
79                                    -4.6040751801961627e-04
80                                     1.1902880227019404e-04
81                                     1.9855624042995623e-04
82                                    -3.5097164745257620e-04
83                                     1.9662901198526823e-03
$End
$Geometry
   &GeometryIndex 10
   &ListStatus       OUT
   &NATOMS [&Type "Integer"] 28
   &NCORELESSECP [&Type "Integer"] 0
   &NGHOSTATOMS [&Type "Integer"] 0
   &CartesianCoordinates [&Type "Coordinates", &Dim(28,4), &Units "Bohr"] 
              Cu    -1.076820463817    1.070240925518   -1.485008162879
              Cu     1.426446037832    0.321543732923    2.130558942357
              S      3.857268565459   -0.440052869003    5.483389092119
              O     10.814726179569    3.299547142153    4.236082602364
              O     10.525123450125   -0.051095044778    6.798961143036
              N     10.064751315674   -1.218801314410    0.929352695572
              C      8.275652094657   -0.078215754793    2.759737388656
              C      6.393885871558   -1.988772713252    3.736125846708
              C      9.906947120691    0.967387228886    4.857230465438
              H      7.196718123758    1.490137595048    1.948848769452
              H      5.602889122227   -2.977657931880    2.094279238655
              H      7.361605550083   -3.389056551870    4.909950953259
              H     10.928194950688    0.189426261216   -0.052155861980
              H      8.996220551387   -2.174971011756   -0.348561084385
              H     11.888741286766    3.761612716456    5.647123090688
              S     -3.787671522475    2.346552197516   -4.453899575909
              O    -10.481502048682    2.315592013960   -0.040349562136
              O    -10.623080648756    2.229851315131   -4.263593515645
              N     -8.754990356996   -2.822493032587   -1.578518442481
              C     -7.502717994367   -0.357429365421   -2.040459515011
              C     -5.831029398069   -0.423967464953   -4.358312075097
              C     -9.625475458191    1.528603350754   -2.336877231587
              H     -6.324072192836    0.245262550698   -0.450020467849
              H     -4.677604711443   -2.140989326180   -4.236361924746
              H     -7.001865412644   -0.563505572937   -6.056166809704
              H     -9.467209980308   -2.816587272093    0.207271944335
              H     -7.353373699664   -4.136596636687   -1.566447500596
              H    -11.869624419808    3.445760593654   -0.431602295917
$End
$SCF_Energy
   &GeometryIndex 10
   &ListStatus       IN
   &SCF_ENERGY [&Type "Double"]      -4.7157654021914332e+03
$End
$MP2_Energies
   &GeometryIndex 10
   &ListStatus       IN
   &REFENERGY [&Type "Double"]      -4.7157654021914332e+03  "Reference Energy"
   &CORRENERGY [&Type "Double"]      -4.1230914105088328e+00  "MP2 correlation energy"
   &TOTALENERGY [&Type "Double"]      -4.7198884936019422e+03  "MP2 total energy"
$End
$MP2_Nuc_Gradient
   &GeometryIndex 10
   &ListStatus       IN
   &NATOMS [&Type "Integer"] 84
   &GRADNORM [&Type "Double"]       1.6819848984589662e-02
   &GRAD [&Type "ArrayOfDoubles", &Dim (84,1)] 
                                                         0

0                                     -9.8467082488570747e-04
1                                     -4.1931382138486947e-03
2                                     -1.2841160054707229e-03
3                                      1.1951019555210777e-03
4                                      1.3907163952911774e-03
5                                      1.2104656334317211e-04
6                                     -2.4091852056010339e-03
7                                      9.1444646286652394e-04
8                                     -1.0181647551446406e-03
9                                     -1.0538054549916638e-03
10                                    -4.2252663490091880e-03
11                                     3.1643725020848029e-03
12                                    -2.6306448653332856e-03
13                                     1.9646407830797158e-03
14                                    -3.3264727983579323e-03
15                                    -2.2588303839472072e-03
16                                     1.7659788780804500e-03
17                                    -5.8685715822317727e-04
18                                    -1.6493912465338940e-04
19                                    -3.0029430295486353e-03
20                                     1.1793349730689975e-03
21                                     2.1387291652481752e-03
22                                     2.9756631784441656e-03
23                                    -1.4169341662540920e-03
24                                     5.0445442328404342e-03
25                                     2.7468418784745499e-03
26                                     1.5844893087925138e-03
27                                     1.1089885121055160e-05
28                                     3.7130236307125059e-04
29                                     4.0188839307886415e-04
30                                     6.3683908398714031e-05
31                                    -6.8441227400580645e-04
32                                     2.3872478464249947e-04
33                                    -1.0645904676449026e-03
34                                    -5.4655322231775272e-04
35                                    -5.6268078836419627e-04
36                                     5.6659587962541724e-04
37                                    -7.7262070641546249e-04
38                                     1.8116890051881815e-04
39                                     1.0718551132853846e-03
40                                    -2.2370898973807229e-04
41                                     3.6525581401323712e-04
42                                    -7.4099644709915702e-04
43                                    -7.6211189411114905e-06
44                                    -1.7715792033853386e-03
45                                     1.2320395539606576e-03
46                                     1.2269130361578368e-03
47                                     2.5050274591418105e-03
48                                     5.2206026126523294e-04
49                                    -4.4432714650391447e-05
50                                    -5.5539252440902492e-03
51                                     2.8977158589194724e-03
52                                    -8.6739527302972380e-04
53                                     3.0581621501315354e-03
54                                     1.9278191543489823e-03
55                                     1.2992280572663075e-03
56                                     1.3489140228851067e-03
57                                     4.0714341736408297e-04
58                                    -1.4689840426908955e-03
59                                    -2.5319192207092570e-03
60                                    -1.0750147349075576e-03
61                                     1.1619197753399355e-03
62                                     1.5966707603156036e-03
63                                    -5.1678939960019578e-03
64                                     2.1008917998131763e-03
65                                     2.1582830050057566e-03
66                                    -1.8690890259027981e-06
67                                     3.6118649047606373e-04
68                                    -2.5228532420594474e-04
69                                     2.8874383368390766e-06
70                                    -4.2623917069568168e-05
71                                    -1.6361888396905847e-04
72                                     6.6866117661475849e-04
73                                    -3.3842673423274141e-04
74                                     2.1247927797620608e-04
75                                    -3.8087471823642152e-04
76                                    -6.1451811164873939e-04
77                                    -5.5557057343050970e-04
78                                    -1.0009132754367767e-03
79                                     4.0176624161159663e-05
80                                    -1.2639110834938025e-04
81                                     1.2283033615096139e-03
82                                    -1.2373318633982916e-03
83                                     9.5293938685829874e-04
$End
$Geometry
   &GeometryIndex 11
   &ListStatus       OUT
   &NATOMS [&Type "Integer"] 28
   &NCORELESSECP [&Type "Integer"] 0
   &NGHOSTATOMS [&Type "Integer"] 0
   &CartesianCoordinates [&Type "Coordinates", &Dim(28,4), &Units "Bohr"] 
              Cu    -0.802970430822    0.905731767976   -1.348506695417
              Cu     1.408679522575   -0.154957278128    2.375027047552
              S      3.716709200392   -1.249341612014    5.765595450925
              O      9.457566160620    3.721931981995    3.686951178925
              O     10.262846341889    0.618744663953    6.442578748285
              N      9.635169014670   -1.190594504410    0.797321703280
              C      7.743194151561   -0.274349637585    2.660345151926
              C      6.389417522916   -2.428192212714    3.942609472061
              C      9.230230017619    1.300945777365    4.526314234923
              H      6.294344174186    0.924675793181    1.799138847540
              H      5.696016690568   -3.697757510964    2.457438038452
              H      7.704599197560   -3.484964107819    5.140149273256
              H     10.072926516132    0.256755242892   -0.388641629938
              H      8.712224400090   -2.482028382135   -0.286846263712
              H     10.484008115801    4.544055865798    4.967526114415
              S     -3.326352709704    2.371893382284   -4.404135485225
              O     -9.693974444634    2.477785256205    0.280510198612
              O    -10.141673094511    2.542231831963   -3.922191100769
              N     -8.422942270355   -2.717800418219   -1.620404507112
              C     -7.037395769226   -0.300995731448   -1.990794035266
              C     -5.470265299696   -0.324640208523   -4.377350727754
              C     -9.057784253038    1.717727426241   -2.090061619785
              H     -5.755327955052    0.127867750333   -0.423453252367
              H     -4.381838937599   -2.088473766665   -4.380800375045
              H     -6.713979725746   -0.322193242529   -6.029913431130
              H     -9.030765230334   -2.783216705082    0.202965779395
              H     -7.090066819281   -4.097485243930   -1.753424315417
              H    -11.020462174163    3.717969583291    0.012630346111
$End
$SCF_Energy
   &GeometryIndex 11
   &ListStatus       IN
   &SCF_ENERGY [&Type "Double"]      -4.7157634785359205e+03
$End
$MP2_Energies
   &GeometryIndex 11
   &ListStatus       IN
   &REFENERGY [&Type "Double"]      -4.7157634785359205e+03  "Reference Energy"
   &CORRENERGY [&Type "Double"]      -4.1259848412938807e+00  "MP2 correlation energy"
   &TOTALENERGY [&Type "Double"]      -4.7198894633772143e+03  "MP2 total energy"
$End
$MP2_Nuc_Gradient
   &GeometryIndex 11
   &ListStatus       IN
   &NATOMS [&Type "Integer"] 84
   &GRADNORM [&Type "Double"]       1.7665886526681822e-02
   &GRAD [&Type "ArrayOfDoubles", &Dim (84,1)] 
                                                         0

0                                     -1.4583922076268846e-03
1                                     -4.4968027360058399e-03
2                                     -1.3331095495712469e-03
3                                      1.0934826250181512e-03
4                                      2.8482904601361591e-03
5                                     -8.5816560549887601e-04
6                                     -3.0720521762417179e-04
7                                     -7.2767111703641793e-04
8                                     -7.6825946071565343e-04
9                                     -9.6698534226326641e-04
10                                    -4.7849957797632819e-03
11                                     1.2982644399604920e-03
12                                    -2.3308470639036710e-03
13                                     1.2481790185308733e-03
14                                    -2.7745746558736628e-03
15                                    -8.3279804137845886e-04
16                                     1.9655218945132842e-03
17                                    -1.1576648256074115e-03
18                                    -3.3656472000923587e-03
19                                    -3.1920172161482782e-03
20                                     1.3050850699041251e-03
21                                     2.1484422258299628e-03
22                                     3.6718483194762425e-03
23                                    -1.9792526101895941e-03
24                                     5.0512456899422589e-03
25                                     4.4227358282330279e-03
26                                     2.4004922724994437e-03
27                                    -3.9306289047571705e-04
28                                    -6.5768519641482004e-04
29                                     8.3718280153670041e-04
30                                    -7.0021895250017320e-04
31                                    -7.6345925609396653e-05
32                                     2.4493847603671015e-04
33                                    -5.3880110000576603e-04
34                                    -4.2675651372031664e-04
35                                     1.3516812915354351e-04
36                                     8.4737347478722365e-04
37                                    -1.0068723475907884e-03
38                                     2.2085472638835174e-04
39                                     5.4538293919949993e-04
40                                    -2.4642742515831872e-04
41                                     6.4517748830687435e-04
42                                    -2.7051951479752437e-04
43                                    -3.6523948382647872e-04
44                                    -3.9532655227438734e-04
45                                     6.5565933201736266e-04
46                                     1.4086118932363362e-03
47                                     2.4976806838893544e-03
48                                     2.3183183918130436e-03
49                                    -1.7327152086389838e-03
50                                    -5.1403025997358506e-03
51                                     2.1702927619789703e-03
52                                    -2.0541754715566740e-04
53                                     1.8630767066440401e-03
54                                     1.5418931081805087e-05
55                                     4.5865023654176242e-04
56                                     1.3068244897089729e-03
57                                     3.0627566857104847e-03
58                                    -1.6881002952612474e-04
59                                    -1.8508538181495685e-03
60                                    -8.4711912323190419e-04
61                                     3.6877118275544483e-04
62                                     1.9607377868953793e-03
63                                    -6.5229807406653531e-03
64                                     2.2869501766787856e-03
65                                     2.7652775487119752e-03
66                                     7.3599400444639834e-04
67                                     1.4941252710134155e-04
68                                    -5.8576937560575471e-04
69                                     2.6035292472625926e-04
70                                    -1.3174815600952919e-04
71                                     4.1408029589636323e-04
72                                     1.6537136321430682e-04
73                                     1.0977230099081886e-04
74                                     6.2805756766700499e-05
75                                    -2.2791290899967266e-04
76                                    -5.7994871141111085e-04
77                                    -6.6309990426990928e-04
78                                    -3.9651008949400171e-04
79                                     3.4202707526370668e-04
80                                    -1.1654485873603508e-04
81                                     4.3725278030361248e-04
82                                    -4.4522449825773469e-04
83                                    -7.1423642050505790e-05
$End
$Geometry
   &GeometryIndex 12
   &ListStatus       OUT
   &NATOMS [&Type "Integer"] 28
   &NCORELESSECP [&Type "Integer"] 0
   &NGHOSTATOMS [&Type "Integer"] 0
   &CartesianCoordinates [&Type "Coordinates", &Dim(28,4), &Units "Bohr"] 
              Cu    -0.874810909815    1.113448454844   -1.406329952873
              Cu     1.337428320327    0.124527278945    2.356817550668
              S      3.700495930454   -0.941006425962    5.767046595380
              O      9.741142072973    3.645352781293    3.763610005642
              O     10.394309580092    0.451200794156    6.465568765096
              N      9.638235238926   -1.288795430742    0.829991739327
              C      7.806084809194   -0.242813578170    2.686864073896
              C      6.305150819256   -2.304340322976    3.972314765171
              C      9.387142093193    1.220523167353    4.563869221875
              H      6.446135897366    1.050498149380    1.814545549450
              H      5.543806015134   -3.537240450618    2.490092287248
              H      7.546110713407   -3.426910681619    5.189687145634
              H     10.167948510171    0.134637254976   -0.349700559179
              H      8.617931608925   -2.497174872869   -0.264879031794
              H     10.811026101470    4.389649808452    5.059117485323
              S     -3.463417868856    2.426753570532   -4.501157594356
              O     -9.701451430427    2.391283329633    0.328224114917
              O    -10.296724510009    2.427788296945   -3.863267274295
              N     -8.406052094208   -2.789210679663   -1.663639801776
              C     -7.067933821068   -0.343551649718   -2.033563445202
              C     -5.552054994215   -0.314629835000   -4.458992584659
              C     -9.119272199673    1.643598159958   -2.067910875805
              H     -5.760818402997    0.083774295596   -0.486303416781
              H     -4.430131346317   -2.056230289616   -4.506611616583
              H     -6.834020044158   -0.315087555045   -6.082596774733
              H     -8.965239817988   -2.879560884350    0.175406418312
              H     -7.047071976346   -4.140637877555   -1.836988199239
              H    -11.061816382388    3.605480953154    0.099363556058
$End
$SCF_Energy
   &GeometryIndex 12
   &ListStatus       IN
   &SCF_ENERGY [&Type "Double"]      -4.7157657106430452e+03
$End
$MP2_Energies
   &GeometryIndex 12
   &ListStatus       IN
   &REFENERGY [&Type "Double"]      -4.7157657106430452e+03  "Reference Energy"
   &CORRENERGY [&Type "Double"]      -4.1242656923857011e+00  "MP2 correlation energy"
   &TOTALENERGY [&Type "Double"]      -4.7198899763354311e+03  "MP2 total energy"
$End
$MP2_Nuc_Gradient
   &GeometryIndex 12
   &ListStatus       IN
   &NATOMS [&Type "Integer"] 84
   &GRADNORM [&Type "Double"]       1.0704137091999764e-02
   &GRAD [&Type "ArrayOfDoubles", &Dim (84,1)] 
                                                         0

0                                     -2.0020503933720901e-04
1                                     -3.6601255543998621e-03
2                                     -1.3987230418462566e-03
3                                     -9.2250914727330614e-04
4                                      2.7166328650908606e-03
5                                     -1.0502620381396752e-03
6                                      7.5513536206955889e-04
7                                     -8.4510837510399367e-04
8                                      4.5234031190396692e-04
9                                     -1.4412647176286625e-03
10                                    -3.1290659488996363e-03
11                                    -1.1095036607254583e-04
12                                    -5.0416921043209412e-04
13                                     6.6658170037162123e-05
14                                     5.3060758501340122e-04
15                                     1.9908696540286291e-04
16                                     1.1609804264853061e-03
17                                    -4.3798525547851519e-04
18                                    -2.2387273973592976e-03
19                                    -1.2845299069924113e-03
20                                     9.4087711486553344e-04
21                                     2.1708961535673484e-03
22                                     1.6146489583949500e-03
23                                    -1.2176407530407121e-03
24                                     3.3623137749596750e-03
25                                     2.7347344041870753e-03
26                                    -2.2977768340485399e-04
27                                    -7.0314439852816116e-04
28                                    -1.8209138767136257e-04
29                                    -1.4488285463800168e-05
30                                    -7.4449921446162991e-04
31                                     4.5235871460741484e-05
32                                     1.9850354273280232e-04
33                                    -2.3211374863328291e-04
34                                    -3.5616470703556807e-04
35                                     4.4114663362096115e-04
36                                     2.5075332370341590e-04
37                                    -5.7568678311757659e-04
38                                     1.0603194554004158e-04
39                                     7.6513980942105597e-05
40                                    -5.9364063342996765e-05
41                                     4.0233663096565092e-04
42                                     2.3329326726058072e-04
43                                     1.3926068034011974e-04
44                                     3.2866686496940689e-04
45                                    -1.3533034198230653e-05
46                                     1.5048937823033681e-03
47                                     1.9131099622715832e-03
48                                     1.5174381348137846e-03
49                                    -1.9879702880816683e-03
50                                    -2.2724809275293176e-03
51                                     2.5388862373430798e-05
52                                    -2.2054453062678170e-05
53                                    -5.0096121883974609e-05
54                                    -4.8353992733675411e-04
55                                     1.6064388693498403e-04
56                                     7.3091916476300881e-04
57                                     1.6873384916330017e-03
58                                     6.0874481755042800e-05
59                                    -8.2298598963319314e-04
60                                    -8.0455175091181247e-04
61                                    -4.0148734279025697e-04
62                                     3.4951160361633427e-04
63                                    -2.1671605065156155e-03
64                                     2.0570715063152490e-03
65                                     2.0483300709708413e-03
66                                     6.0399424494291323e-04
67                                     1.2766415504962894e-05
68                                    -2.8537675198046786e-04
69                                     2.6404666224953341e-04
70                                    -4.0804827831746049e-05
71                                     3.6015583969634633e-04
72                                    -5.7598402338800148e-05
73                                     1.6417401112805849e-04
74                                    -1.1987713994693339e-04
75                                    -1.1023207164465205e-04
76                                    -3.1463659594706912e-04
77                                    -2.8098536717405947e-04
78                                     1.0807774294807615e-04
79                                     7.2044512453132287e-05
80                                    -1.0792587700997856e-04
81                                    -3.4000732200871464e-04
82                                     3.9313717219403160e-04
83                                    -1.1660526106213077e-04
$End
$Geometry
   &GeometryIndex 13
   &ListStatus       OUT
   &NATOMS [&Type "Integer"] 28
   &NCORELESSECP [&Type "Integer"] 0
   &NGHOSTATOMS [&Type "Integer"] 0
   &CartesianCoordinates [&Type "Coordinates", &Dim(28,4), &Units "Bohr"] 
              Cu    -0.884873645730    1.497079313665   -1.344080393154
              Cu     1.246947530632    0.508263338694    2.462636067139
              S      3.586064988607   -0.610210277541    5.853609117518
              O      9.865179518629    3.522792916742    3.709723662623
              O     10.453600176403    0.221418190045    6.302579165044
              N      9.348242368720   -1.431302785375    0.753131370720
              C      7.654624672498   -0.237116131408    2.652371176542
              C      6.042669387152   -2.179624469011    4.012871793250
              C      9.380458860226    1.104198600315    4.484505089125
              H      6.376277097605    1.149581987115    1.801517494911
              H      5.168496883994   -3.385745513853    2.572572806533
              H      7.243923938412   -3.353777624654    5.219510020382
              H      9.936031309223   -0.044965335223   -0.447153815487
              H      8.195934340404   -2.545554270955   -0.312807085121
              H     11.040985275077    4.165954432758    4.966546759410
              S     -3.502162698202    2.661039099500   -4.482350102758
              O     -9.666216994695    2.262338818960    0.356956718982
              O    -10.331273145653    2.150868696233   -3.829287723989
              N     -8.079335253531   -2.896075889343   -1.652345138926
              C     -6.905471982341   -0.365390323503   -2.007698900898
              C     -5.399566067342   -0.218608899096   -4.445666797750
              C     -9.072979139370    1.487113361703   -2.037400993976
              H     -5.631912167274    0.133513500503   -0.454418489113
              H     -4.165501690044   -1.880411936572   -4.518355163619
              H     -6.689849913254   -0.291269404355   -6.060392860966
              H     -8.615429249925   -3.025173217408    0.193097788816
              H     -6.629953666966   -4.150655317004   -1.830884478040
              H    -11.102778820836    3.383044900383    0.121791059522
$End
$SCF_Energy
   &GeometryIndex 13
   &ListStatus       IN
   &SCF_ENERGY [&Type "Double"]      -4.7157643775661172e+03
$End
$MP2_Energies
   &GeometryIndex 13
   &ListStatus       IN
   &REFENERGY [&Type "Double"]      -4.7157643775661172e+03  "Reference Energy"
   &CORRENERGY [&Type "Double"]      -4.1259575406083000e+00  "MP2 correlation energy"
   &TOTALENERGY [&Type "Double"]      -4.7198903351067256e+03  "MP2 total energy"
$End
$MP2_Nuc_Gradient
   &GeometryIndex 13
   &ListStatus       IN
   &NATOMS [&Type "Integer"] 84
   &GRADNORM [&Type "Double"]       8.1095603977519113e-03
   &GRAD [&Type "ArrayOfDoubles", &Dim (84,1)] 
                                                         0

0                                      3.9772335602880453e-04
1                                     -3.3278401794128824e-03
2                                     -1.3165169455810199e-03
3                                     -8.2077757583410996e-04
4                                      2.1306194266757028e-03
5                                     -2.7168432020110295e-04
6                                     -2.4571004259042045e-04
7                                     -3.6674344821178810e-04
8                                      4.7142456527557875e-04
9                                      6.2009094994610117e-04
10                                    -8.0968031274995106e-04
11                                    -1.0359149416798580e-03
12                                     2.0522261680952503e-03
13                                    -1.5831152963368331e-03
14                                     8.8380682994240733e-04
15                                     6.0425482764259186e-04
16                                    -2.3929502886820518e-04
17                                     2.2227908143698100e-04
18                                     1.0397746511931691e-03
19                                     5.8756200634436928e-04
20                                    -5.4355416833657549e-04
21                                     8.7973927535083679e-04
22                                    -8.6989403888828448e-04
23                                     1.0501300139294234e-04
24                                    -3.6171753228140258e-03
25                                     1.8182979538787572e-03
26                                     4.1081073341552032e-04
27                                    -1.0380207119040780e-04
28                                     2.7735680017089773e-04
29                                    -3.6720306263198117e-04
30                                    -3.7500553240885255e-04
31                                     1.8048946165537955e-05
32                                     2.0158252711777527e-04
33                                    -1.8797116752759108e-04
34                                     6.2304056609438496e-05
35                                     3.9301634820001347e-04
36                                    -2.2369041936462844e-04
37                                     2.2948356544698345e-04
38                                    -2.4174587609183257e-04
39                                    -8.8232676137688093e-05
40                                     5.2533660014782851e-05
41                                    -2.4691424566736231e-05
42                                     2.2782085971013999e-04
43                                     4.1767754728729359e-04
44                                     1.8101610912350796e-04
45                                    -2.3507663354651979e-04
46                                     1.8233883227241343e-03
47                                     1.5619403096753144e-03
48                                    -2.2763090107943973e-05
49                                    -2.0928171360068762e-04
50                                     5.9689586259555061e-04
51                                    -9.3714435491844272e-04
52                                     2.6281295674372013e-04
53                                    -1.5282755706148565e-03
54                                    -6.4479304404035931e-04
55                                    -6.3079825487276364e-05
56                                    -1.2485455939197782e-04
57                                    -3.7389686416994944e-05
58                                     3.8711353745768222e-04
59                                     6.2392171058046897e-04
60                                     2.7047022986434466e-04
61                                    -8.7192052976107354e-04
62                                    -1.2665465204701049e-03
63                                     1.3105087359905968e-03
64                                    -4.3387687113764610e-04
65                                     8.9841207746370333e-04
66                                     3.7517279724806618e-06
67                                    -4.1678486703739664e-05
68                                     1.0988625885096498e-04
69                                     8.0258304118480117e-05
70                                     1.7279357066028039e-04
71                                    -1.1700333367468084e-04
72                                     5.3437721096203511e-05
73                                     1.8347789966276511e-04
74                                    -3.8809082829806274e-05
75                                     3.2271571146446493e-05
76                                     6.3651350991105610e-05
77                                     3.0583475104532798e-04
78                                     2.5844586952253334e-04
79                                    -3.2135298529422512e-05
80                                    -6.0344107995474044e-05
81                                    -3.1427052768594199e-04
82                                     2.9958076999457572e-04
83                                     2.6337340943478720e-04
$End
$Geometry
   &GeometryIndex 14
   &ListStatus       OUT
   &NATOMS [&Type "Integer"] 28
   &NCORELESSECP [&Type "Integer"] 0
   &NGHOSTATOMS [&Type "Integer"] 0
   &CartesianCoordinates [&Type "Coordinates", &Dim(28,4), &Units "Bohr"] 
              Cu    -0.843296591507    1.906554070673   -1.199195008102
              Cu     1.225895110194    0.863033584791    2.626446542341
              S      3.577498598203   -0.383340544959    5.951362530587
              O      9.908803034879    3.391977177698    3.706771471205
              O     10.486884348911   -0.052080990858    6.111670042299
              N      9.048858572007   -1.534035225116    0.598051835062
              C      7.517019993200   -0.251041396847    2.579053061423
              C      5.835255201143   -2.102168704633    3.992981571834
              C      9.388101651209    0.940381394974    4.366892065759
              H      6.302746278760    1.225963863256    1.793479928655
              H      4.827404334394   -3.231956775343    2.579168992384
              H      7.016329755305   -3.358231193490    5.134041282753
              H      9.673787663241   -0.161254184707   -0.601454084344
              H      7.766264571908   -2.526719369862   -0.441840208555
              H     11.145272450137    3.926104227924    4.955821894511
              S     -3.514271082167    2.895618726749   -4.364987089250
              O     -9.797859889808    2.167730563202    0.224900732705
              O    -10.342625444740    1.760118906589   -3.960287616489
              N     -7.739644603678   -2.952595918542   -1.557974739052
              C     -6.761099527539   -0.340418286953   -1.933931590789
              C     -5.169794758667   -0.130274603511   -4.316768525959
              C     -9.061519250635    1.329125457840   -2.114634296527
              H     -5.603503842751    0.295333634129   -0.341129300110
              H     -3.804840073421   -1.687500573256   -4.296618609294
              H     -6.388351310791   -0.348066264710   -5.973592192112
              H     -8.332553654450   -3.070185834223    0.271682627827
              H     -6.179864291806   -4.079646300555   -1.632988968131
              H    -11.318765329114    3.138900321057   -0.116344203910
$End
$SCF_Energy
   &GeometryIndex 14
   &ListStatus       IN
   &SCF_ENERGY [&Type "Double"]      -4.7157634970905838e+03
$End
$MP2_Energies
   &GeometryIndex 14
   &ListStatus       IN
   &REFENERGY [&Type "Double"]      -4.7157634970905838e+03  "Reference Energy"
   &CORRENERGY [&Type "Double"]      -4.1270621908112721e+00  "MP2 correlation energy"
   &TOTALENERGY [&Type "Double"]      -4.7198905592813953e+03  "MP2 total energy"
$End
$MP2_Nuc_Gradient
   &GeometryIndex 14
   &ListStatus       IN
   &NATOMS [&Type "Integer"] 84
   &GRADNORM [&Type "Double"]       1.1407074579744653e-02
   &GRAD [&Type "ArrayOfDoubles", &Dim (84,1)] 
                                                         0

0                                      1.4786874301622455e-03
1                                     -2.6383083784616733e-03
2                                     -1.3510175924921538e-03
3                                     -7.5723916923620517e-04
4                                      1.3659008138007279e-03
5                                      4.2785790853816855e-04
6                                     -1.1667074643490968e-04
7                                      1.9151739057030048e-04
8                                      9.0118745512875534e-05
9                                      2.6795458693022745e-04
10                                     2.4071794127019583e-03
11                                    -3.1670889744406239e-04
12                                     7.1427378283837883e-04
13                                    -7.5363160133629092e-04
14                                     2.0202220754727829e-03
15                                     1.8610901115952844e-03
16                                    -1.2269901554191123e-03
17                                     5.0905102438232597e-04
18                                    -7.1951111862474798e-05
19                                     2.4147577694590867e-03
20                                    -3.1879167906094519e-04
21                                    -5.9467053385426488e-04
22                                    -2.0915958818732011e-03
23                                     8.3556785520133570e-04
24                                    -1.2972211586289792e-03
25                                    -2.7207130086827000e-03
26                                    -2.3984089448030738e-03
27                                     2.1595596368064948e-04
28                                    -1.2575269003002945e-04
29                                    -2.9257311294049980e-04
30                                    -4.8444411104532278e-05
31                                     1.1496759465142586e-04
32                                     5.8307041975420165e-05
33                                     1.7118973611904981e-04
34                                     5.3100578030962700e-04
35                                     1.6735875050257962e-04
36                                    -6.4837264585488989e-04
37                                     7.3889147628817403e-04
38                                    -1.9626506637070162e-04
39                                    -4.5470942871503328e-04
40                                     2.9487847122936645e-04
41                                    -1.5421975602672097e-04
42                                     1.6270850636261602e-04
43                                     4.3643969045124853e-05
44                                     5.0057853109651551e-05
45                                    -6.0106678034612185e-04
46                                     1.8391537959609565e-03
47                                     1.3106591539689526e-03
48                                    -1.6043087381184366e-03
49                                    -5.1553481069296914e-04
50                                     2.3639889260309646e-03
51                                    -1.9916165059732371e-03
52                                    -1.4661712088043441e-03
53                                    -7.2982080223304990e-04
54                                    -8.5726333069797989e-04
55                                    -1.3055425356826630e-03
56                                    -8.4452821120415550e-04
57                                    -2.0365772122018580e-03
58                                     2.0725793414531207e-04
59                                     1.6067361859247731e-03
60                                     9.2918254102685935e-04
61                                    -6.5136498493484005e-04
62                                    -1.9366575190331581e-03
63                                     5.1739555665557546e-03
64                                     2.3051758094603074e-03
65                                    -1.8065361846451577e-03
66                                    -3.2851069108839198e-04
67                                    -9.2932176772218822e-05
68                                     5.2353864589237825e-04
69                                    -4.2829629239952982e-05
70                                     6.5095194204126128e-05
71                                    -1.4316831097127992e-04
72                                    -8.8149641402798101e-05
73                                     2.2059654564086147e-04
74                                     3.9457577360683255e-05
75                                     3.1249308456041298e-04
76                                     4.7067363768739726e-04
77                                     5.4087349169097687e-04
78                                     2.7103020084964791e-04
79                                    -6.5672198154426153e-06
80                                     1.6288165512951501e-04
81                                     3.5183670306526693e-05
82                                     1.2167741847175437e-04
83                                     2.8479406817829081e-05
$End
$Geometry
   &GeometryIndex 15
   &ListStatus       OUT
   &NATOMS [&Type "Integer"] 28
   &NCORELESSECP [&Type "Integer"] 0
   &NGHOSTATOMS [&Type "Integer"] 0
   &CartesianCoordinates [&Type "Coordinates", &Dim(28,4), &Units "Bohr"] 
              Cu    -0.870607188023    2.301330766303   -1.099729310126
              Cu     1.167483014868    1.240089095063    2.743377813184
              S      3.553627826138   -0.115096389265    6.012114052669
              O     10.022836637794    3.219178500186    3.719413003719
              O     10.506005049278   -0.356778612659    5.937278406016
              N      8.754254910790   -1.603648807654    0.484208380100
              C      7.387117318593   -0.237507991538    2.532599930127
              C      5.606716393337   -1.976975964225    3.964154646218
              C      9.387460177042    0.772873784449    4.293295222436
              H      6.268595212194    1.339784975077    1.805326018898
              H      4.475138563568   -2.993813280186    2.558367532867
              H      6.721935247141   -3.341660962365    5.045901088846
              H      9.457613759588   -0.259241297753   -0.704018062318
              H      7.358853677192   -2.451726058208   -0.540299950249
              H     11.327481645836    3.620032733665    4.949457263307
              S     -3.587038672141    3.070731278308   -4.303789713682
              O     -9.839249666802    2.060112034628    0.138134597066
              O    -10.291585314133    1.462629753161   -4.033676655042
              N     -7.421076235424   -3.029095527007   -1.478227439795
              C     -6.628546640144   -0.356321507819   -1.877428564494
              C     -5.000957074609   -0.073309429527   -4.224091862339
              C     -9.037401363151    1.140279747169   -2.149165508307
              H     -5.557204592579    0.387532006203   -0.272189613739
              H     -3.520383242625   -1.518584787689   -4.132083701919
              H     -6.159670804537   -0.422236473470   -5.901895753582
              H     -8.046182197326   -3.157403518591    0.339701622137
              H     -5.776746937132   -4.032260057804   -1.489861425423
              H    -11.396337592315    2.942411752862   -0.276293869853
$End
$SCF_Energy
   &GeometryIndex 15
   &ListStatus       IN
   &SCF_ENERGY [&Type "Double"]      -4.7157639821715120e+03
$End
$MP2_Energies
   &GeometryIndex 15
   &ListStatus       IN
   &REFENERGY [&Type "Double"]      -4.7157639821715120e+03  "Reference Energy"
   &CORRENERGY [&Type "Double"]      -4.1267808087369238e+00  "MP2 correlation energy"
   &TOTALENERGY [&Type "Double"]      -4.7198907629802488e+03  "MP2 total energy"
$End
$MP2_Nuc_Gradient
   &GeometryIndex 15
   &ListStatus       IN
   &NATOMS [&Type "Integer"] 84
   &GRADNORM [&Type "Double"]       1.0501618089518997e-02
   &GRAD [&Type "ArrayOfDoubles", &Dim (84,1)] 
                                                         0

0                                      2.5098011355049570e-03
1                                     -1.6230615581508678e-03
2                                     -1.3556570742753859e-03
3                                     -1.3034668054682551e-03
4                                      7.7549314001602431e-04
5                                      6.9870575273205462e-04
6                                      5.7952603780597398e-04
7                                      3.5200981757309117e-04
8                                     -1.6610584280176040e-04
9                                      7.2865722089092075e-04
10                                     2.3660026327968209e-03
11                                    -7.0181954777390892e-04
12                                     8.2265213752995281e-04
13                                     1.2205359632939949e-04
14                                     2.9589335197750810e-04
15                                     2.3666344093564093e-03
16                                    -2.0102294158353060e-03
17                                    -1.3362417651769862e-04
18                                    -3.0573486120676063e-04
19                                     2.6942935655006502e-03
20                                     1.1993418710694662e-04
21                                    -1.1358036979309122e-03
22                                    -1.8414872761776876e-03
23                                     9.3655420280517460e-04
24                                    -2.0096924026735477e-03
25                                    -3.1346071552550286e-03
26                                     2.2747428482785409e-04
27                                     2.0165354791390130e-04
28                                    -4.7149297663677536e-04
29                                    -2.1662817656856875e-04
30                                     1.5718595011492489e-04
31                                     3.6472155350156937e-04
32                                    -2.1926468688228395e-04
33                                     5.7661847059621227e-04
34                                     5.7912955029804092e-04
35                                     1.1088418526835828e-04
36                                    -8.5402397366992309e-04
37                                     7.6590019330188136e-04
38                                    -5.1723908993890622e-05
39                                    -6.3479921675371753e-04
40                                     4.2027615651963474e-04
41                                    -3.5388853040128551e-04
42                                     1.1263974876701832e-04
43                                    -3.3074336849599206e-04
44                                     3.0512227154372989e-04
45                                    -1.4785679176769328e-03
46                                     1.3539375888839134e-03
47                                     9.5294220713238592e-04
48                                    -3.2133261873967464e-04
49                                     1.3797908974579540e-03
50                                     2.6389846397066735e-03
51                                    -3.4661910833626297e-04
52                                     9.5065779442904050e-04
53                                    -2.8554924532281367e-04
54                                    -1.3802018849367464e-03
55                                    -1.6860545317918616e-03
56                                    -9.6259279318298280e-04
57                                    -4.8715559914060819e-05
58                                     2.1441503315306771e-03
59                                     1.2308496416794587e-03
60                                     8.7445760831752345e-04
61                                    -5.4812651450932871e-04
62                                    -1.2571924409456037e-03
63                                     1.0167221491296993e-03
64                                    -3.4451063123932778e-03
65                                    -2.2373511563430343e-03
66                                    -9.1530759877160583e-05
67                                    -3.1579412365479939e-04
68                                     2.5739579365970794e-04
69                                    -5.5374759504074611e-05
70                                    -3.7281907842676154e-05
71                                     7.7235772267814085e-06
72                                    -4.0057566165206324e-04
73                                     1.5885631152718401e-04
74                                     5.9487810715581901e-05
75                                     4.3876991521214770e-04
76                                     6.8058818677812051e-04
77                                     3.3134109959511576e-04
78                                     3.5688905242928226e-04
79                                     2.6720216090915863e-04
80                                     2.3204798091963326e-04
81                                    -6.6817770072273575e-05
82                                    -5.3166489398161210e-05
83                                    -3.9928709955330821e-04
$End
$Geometry
   &GeometryIndex 16
   &ListStatus       OUT
   &NATOMS [&Type "Integer"] 28
   &NCORELESSECP [&Type "Integer"] 0
   &NGHOSTATOMS [&Type "Integer"] 0
   &CartesianCoordinates [&Type "Coordinates", &Dim(28,4), &Units "Bohr"] 
              Cu    -0.909847379524    2.752883358358   -0.947712452740
              Cu     1.107792598593    1.669665172815    2.897945023719
              S      3.475046151305    0.211750994441    6.126299451922
              O      9.986306937247    3.053140129058    3.461865515327
              O     10.377527060651   -0.492801072924    5.738551360085
              N      8.301128178252   -1.814591072719    0.431556493457
              C      7.122575821793   -0.283804788981    2.475290914720
              C      5.296625920997   -1.845290952299    4.043780895095
              C      9.254252472298    0.663000441632    4.116651558966
              H      6.078418377548    1.336801686460    1.730465136398
              H      4.031391330499   -2.823342436411    2.726935304721
              H      6.360021203885   -3.256840949581    5.117955043129
              H      9.054458499011   -0.577991933733   -0.839450108310
              H      6.814521645842   -2.607754090086   -0.503219653477
              H     11.360426419742    3.420898782886    4.623825076344
              S     -3.615003582536    3.371103884880   -4.194253538928
              O     -9.746416116937    1.786741835477    0.196993423638
              O    -10.149275046090    1.184528215766   -3.974517359518
              N     -6.907957310162   -3.083144067325   -1.494483446611
              C     -6.350904326741   -0.347797824548   -1.838495151876
              C     -4.752983325198    0.117647810681   -4.172065001425
              C     -8.876589360619    0.952329441811   -2.089413750121
              H     -5.346450962967    0.452270763241   -0.217682451938
              H     -3.151470458286   -1.193525975413   -4.101692574435
              H     -5.870420116364   -0.300839626201   -5.861515271343
              H     -7.523449969591   -3.312219535450    0.316461326368
              H     -5.186484585961   -3.946195731850   -1.527407063744
              H    -11.371108164269    2.544703301328   -0.202090552700
$End
$SCF_Energy
   &GeometryIndex 16
   &ListStatus       IN
   &SCF_ENERGY [&Type "Double"]      -4.7157637067811002e+03
$End
$MP2_Energies
   &GeometryIndex 16
   &ListStatus       IN
   &REFENERGY [&Type "Double"]      -4.7157637067811002e+03  "Reference Energy"
   &CORRENERGY [&Type "Double"]      -4.1272527352200532e+00  "MP2 correlation energy"
   &TOTALENERGY [&Type "Double"]      -4.7198909595163204e+03  "MP2 total energy"
$End
$MP2_Nuc_Gradient
   &GeometryIndex 16
   &ListStatus       IN
   &NATOMS [&Type "Integer"] 84
   &GRADNORM [&Type "Double"]       6.0565803712174975e-03
   &GRAD [&Type "ArrayOfDoubles", &Dim (84,1)] 
                                                         0

0                                      2.5059214153755412e-03
1                                     -1.2868611541818780e-03
2                                     -1.3720122913531401e-03
3                                     -1.0493299457092725e-03
4                                      2.4586372129915650e-04
5                                      9.3071929936519755e-04
6                                      2.4594161200823528e-04
7                                      5.3342875754006092e-04
8                                     -1.2125864143818724e-04
9                                      5.0123455597270855e-04
10                                     3.8123371601342382e-04
11                                     2.9369845589820309e-04
12                                    -1.6878901148278252e-04
13                                     3.4038085922147299e-04
14                                    -4.9194770214533445e-04
15                                     1.1153817281918180e-03
16                                    -1.2253633199680591e-03
17                                    -1.5980205599543454e-04
18                                    -2.3961534141084956e-04
19                                     1.2040528518094500e-03
20                                     6.0656713135537679e-04
21                                    -8.7943937572258421e-04
22                                    -8.8409537863923943e-04
23                                     2.5043048428807779e-04
24                                    -5.8488174615772826e-04
25                                    -7.6241696993126912e-04
26                                     2.5130146508670764e-04
27                                     2.7638016267072033e-04
28                                    -3.5803735845676976e-04
29                                    -2.0288383838970060e-04
30                                     2.2712282903111780e-04
31                                     8.6359880758276469e-05
32                                    -1.0006811973826621e-04
33                                     3.3286264514763297e-04
34                                     3.4957425045247653e-04
35                                     5.4677663526184889e-05
36                                    -4.7288617177566189e-04
37                                     4.8694830549595933e-04
38                                    -1.6867143639791651e-04
39                                    -3.1430962692950010e-04
40                                     2.0038098302115406e-04
41                                    -3.4593672242162060e-04
42                                     9.5235500208457058e-06
43                                    -8.1531313418111047e-05
44                                    -1.4802629267229861e-05
45                                    -1.6028333048974906e-03
46                                     6.1231736019147498e-04
47                                     7.8301700723978126e-04
48                                    -1.9864052264863957e-04
49                                     8.6389268683047943e-04
50                                     3.4664394626970213e-04
51                                     5.1862809608803351e-04
52                                     7.1764522030617547e-04
53                                     3.7026098497366933e-04
54                                    -5.0518180429909298e-04
55                                    -8.2256180628643462e-04
56                                    -5.5932124802487992e-04
57                                     5.4900966981330512e-04
58                                     1.6327346491773042e-03
59                                     1.1765974387364930e-04
60                                     3.2386892812942200e-04
61                                    -3.2025897350266078e-04
62                                    -2.7082447535863724e-04
63                                    -2.8151135931717836e-04
64                                    -2.0350474952449335e-03
65                                    -5.6846875764303417e-04
66                                    -2.3273121710798775e-04
67                                    -4.0062271724113432e-04
68                                    -6.9199913627693288e-05
69                                    -9.2801455271119410e-05
70                                     8.6177843664551196e-05
71                                    -1.0859074233625365e-04
72                                    -2.0622224684804791e-04
73                                     1.4206060547950795e-04
74                                     9.3486048483887307e-05
75                                     2.5942461825175650e-04
76                                     3.0618175954811536e-04
77                                     2.4004690305576282e-04
78                                     2.1340707958722449e-04
79                                    -1.2015009054833908e-05
80                                     1.6035305359519275e-04
81                                    -5.4106192835690070e-05
82                                    -7.1416411338891261e-05
83                                     4.9387360927400509e-06
$End
$Geometry
   &GeometryIndex 17
   &ListStatus       OUT
   &NATOMS [&Type "Integer"] 28
   &NCORELESSECP [&Type "Integer"] 0
   &NGHOSTATOMS [&Type "Integer"] 0
   &CartesianCoordinates [&Type "Coordinates", &Dim(28,4), &Units "Bohr"] 
              Cu    -0.920799142444    3.219647781558   -0.605578619647
              Cu     1.172792318483    2.084244592367    3.182448116348
              S      3.560903688187    0.518766422313    6.341911167281
              O      9.919010238272    2.886419911070    2.971337730309
              O     10.347237919359   -0.518661324791    5.451033129546
              N      7.803964602342   -2.090978462177    0.421954624778
              C      6.858128218466   -0.374796063849    2.435194368753
              C      5.097952796393   -1.742447278695    4.241109903882
              C      9.150801080299    0.578851657936    3.839305994007
              H      5.826688256124    1.242002968889    1.662442535312
              H      3.677564974825   -2.723261057817    3.095242440665
              H      6.173614737257   -3.150695290905    5.307605411086
              H      8.512912269818   -0.984717397203   -0.986617441968
              H      6.218074499610   -2.875417250079   -0.339684781392
              H     11.391985559583    3.273494044060    3.998475159356
              S     -3.652487464549    3.770306146835   -3.840419816186
              O     -9.831196426594    1.366889363059    0.113891145024
              O     -9.953380701968    0.900877267844   -4.092235882749
              N     -6.428321306535   -3.092688630175   -1.610473858338
              C     -6.126987092365   -0.305031841955   -1.806245174615
              C     -4.457871504297    0.423675611885   -4.020198170312
              C     -8.750921581141    0.758436454948   -2.151582804747
              H     -5.296406870600    0.511156182060   -0.096366947334
              H     -2.738505233313   -0.725990007358   -3.910184256656
              H     -5.431761603367   -0.021872521177   -5.789671761321
              H     -7.119572585168   -3.469929033316    0.147413596171
              H     -4.631684972649   -3.784951977991   -1.577901755117
              H    -11.509602761609    1.957995493979   -0.341625905415
$End
$SCF_Energy
   &GeometryIndex 17
   &ListStatus       IN
   &SCF_ENERGY [&Type "Double"]      -4.7157633399917913e+03
$End
$MP2_Energies
   &GeometryIndex 17
   &ListStatus       IN
   &REFENERGY [&Type "Double"]      -4.7157633399917913e+03  "Reference Energy"
   &CORRENERGY [&Type "Double"]      -4.1276248157579944e+00  "MP2 correlation energy"
   &TOTALENERGY [&Type "Double"]      -4.7198909648075496e+03  "MP2 total energy"
$End
$MP2_Nuc_Gradient
   &GeometryIndex 17
   &ListStatus       IN
   &NATOMS [&Type "Integer"] 84
   &GRADNORM [&Type "Double"]       6.7124947970984778e-03
   &GRAD [&Type "ArrayOfDoubles", &Dim (84,1)] 
                                                         0

0                                      2.7612038614584005e-03
1                                     -9.3099927307119419e-04
2                                     -1.5990694562809330e-03
3                                     -7.6451658593775515e-04
4                                      3.6111145349478242e-05
5                                      8.3380160646888239e-04
6                                      4.7653891048993202e-05
7                                      4.5572187917174503e-04
8                                      8.5363935585479507e-05
9                                      9.9039609665785289e-05
10                                     3.4393660204957988e-04
11                                     2.5389930304832442e-04
12                                    -1.9922426533233728e-04
13                                    -3.6220546461074310e-05
14                                     2.4100611676861061e-04
15                                     6.5460389313495154e-04
16                                    -5.8035146625018408e-04
17                                    -3.9314988341122847e-05
18                                    -5.4049336763945313e-04
19                                     7.7348912152377589e-04
20                                     3.5810920700602919e-04
21                                    -6.3407763976718393e-04
22                                    -4.3311332078348197e-04
23                                     1.1743841914008818e-04
24                                    -1.9288735578187194e-04
25                                    -2.3367696587012904e-04
26                                    -8.4358021250258153e-04
27                                     3.0960792908711621e-04
28                                    -3.4560604648096321e-04
29                                    -5.6982679405449127e-06
30                                     1.2145509146407191e-04
31                                    -4.7783784890134684e-05
32                                     4.0336658066943143e-05
33                                     1.4650931130850628e-04
34                                     2.2810971449467934e-04
35                                    -1.8825409245540325e-05
36                                    -2.5658792150645357e-04
37                                     2.4856550733684535e-04
38                                    -1.2517158496974309e-04
39                                    -2.0689775230013641e-04
40                                     1.0770256508870965e-04
41                                    -1.1029175349784766e-04
42                                     1.4016171100585118e-04
43                                     6.5129639160840282e-05
44                                    -2.9274711071738957e-06
45                                    -1.5024156432455601e-03
46                                     4.3079348970483794e-04
47                                     8.8577142765467257e-04
48                                    -2.8757364470401864e-04
49                                    -1.2974167280076516e-03
50                                    -4.3529130155578466e-04
51                                    -6.2080946151649163e-04
52                                    -1.5151187841941395e-03
53                                    -1.8493458417648267e-04
54                                     5.1843215914403745e-05
55                                    -6.5728924073616031e-04
56                                    -5.6722948680585500e-04
57                                    -1.0807556651569981e-03
58                                    -3.6376078870401472e-04
59                                     4.2763425366833252e-05
60                                     3.0562203564448234e-04
61                                    -3.3014050112589038e-05
62                                    -3.0971357222796259e-04
63                                     1.7316574633272075e-03
64                                     3.8250805223988184e-03
65                                     3.1288034614668225e-04
66                                    -2.1280278652444258e-04
67                                    -2.7442915258319225e-04
68                                     3.8149034307304736e-04
69                                    -5.4019961229730129e-05
70                                     2.6186228302360615e-05
71                                    -1.6114925692184163e-04
72                                    -5.7731400211587930e-05
73                                     1.2546004356737712e-04
74                                    -4.1312213389276681e-05
75                                     2.4498846058043644e-04
76                                     1.8898354679487434e-04
77                                     2.9681618107031682e-04
78                                     7.3901325794809014e-05
79                                    -1.0536538199763974e-04
80                                     2.4774108638812072e-04
81                                    -8.0031201949860853e-05
82                                     1.3333862440264785e-04
83                                     9.1038290115506154e-05
$End
$Geometry
   &GeometryIndex 18
   &ListStatus       OUT
   &NATOMS [&Type "Integer"] 28
   &NCORELESSECP [&Type "Integer"] 0
   &NGHOSTATOMS [&Type "Integer"] 0
   &CartesianCoordinates [&Type "Coordinates", &Dim(28,4), &Units "Bohr"] 
              Cu    -1.034763129738    3.466992846190   -0.508894894745
              Cu     1.173857645502    2.366639081364    3.228472433376
              S      3.629768491050    0.809062170907    6.349658594111
              O     10.105196131940    2.688665213483    2.840134800230
              O     10.341553793773   -0.647514918965    5.437165164129
              N      7.664173873371   -2.207472067513    0.474056021784
              C      6.838838043131   -0.380900751962    2.440552283484
              C      5.007542814381   -1.587758853582    4.288570423975
              C      9.197692325122    0.470232550527    3.801677684389
              H      5.902843911128    1.276110319148    1.628922454668
              H      3.517924941432   -2.498641689553    3.172570645871
              H      5.994728931578   -3.042723456720    5.378118777073
              H      8.442637275411   -1.193493697764   -0.966078793404
              H      6.030486938716   -2.913642416656   -0.260786047148
              H     11.609942340275    3.015747375430    3.841395163997
              S     -3.827315201003    3.936548484598   -3.706432194965
              O     -9.893525289302    1.123245512889    0.107092216700
              O     -9.952329896208    0.781248639233   -4.113605122391
              N     -6.251815815087   -3.124048984045   -1.700603142484
              C     -6.097004137464   -0.321230030300   -1.817135117211
              C     -4.444354460680    0.557418393456   -3.987876159334
              C     -8.772263765616    0.607905115217   -2.162260511369
              H     -5.328571128785    0.494300463548   -0.077754900667
              H     -2.665382983837   -0.498837475388   -3.881161170558
              H     -5.368095262783    0.105112783573   -5.782288965865
              H     -6.948904232472   -3.590506155779    0.032905066755
              H     -4.422220973352   -3.721967177178   -1.663280707394
              H    -11.588509268064    1.660834487158   -0.352555856285
$End
$SCF_Energy
   &GeometryIndex 18
   &ListStatus       IN
   &SCF_ENERGY [&Type "Double"]      -4.7157646845632926e+03
$End
$MP2_Energies
   &GeometryIndex 18
   &ListStatus       IN
   &REFENERGY [&Type "Double"]      -4.7157646845632926e+03  "Reference Energy"
   &CORRENERGY [&Type "Double"]      -4.1263460268857823e+00  "MP2 correlation energy"
   &TOTALENERGY [&Type "Double"]      -4.7198910305901782e+03  "MP2 total energy"
$End
$MP2_Nuc_Gradient
   &GeometryIndex 18
   &ListStatus       IN
   &NATOMS [&Type "Integer"] 84
   &GRADNORM [&Type "Double"]       4.8225371788448443e-03
   &GRAD [&Type "ArrayOfDoubles", &Dim (84,1)] 
                                                         0

0                                      2.9820386642204575e-03
1                                     -4.8355964847935761e-04
2                                     -1.6538970735293906e-03
3                                     -1.4386907420445780e-03
4                                      1.4292536211362502e-04
5                                      8.5551719470420250e-04
6                                      8.4297527682514542e-05
7                                      4.4045654233922094e-04
8                                      5.1670136316337226e-04
9                                      4.9830217508657626e-05
10                                    -9.8296273202808787e-05
11                                    -1.8939250146776665e-04
12                                     2.9819782702401182e-04
13                                    -3.1127226824321369e-04
14                                     1.6897316897879211e-04
15                                     3.1381227844170384e-04
16                                    -4.6041625098124095e-04
17                                    -6.1413060306169526e-05
18                                     3.8868554057722160e-04
19                                     4.6793278427340046e-05
20                                     2.0928395322861171e-06
21                                    -3.1390279456659440e-04
22                                    -1.7658058399538934e-04
23                                    -4.5236020961257617e-06
24                                    -3.4196809720502680e-04
25                                     5.3127048340167321e-04
26                                     1.3020082170536740e-05
27                                     3.1442316940816922e-05
28                                     5.1140740466214252e-05
29                                    -2.7698813862081506e-04
30                                     6.5609000887621033e-05
31                                    -9.0901388176006098e-05
32                                     3.6217924506157240e-05
33                                     8.4643244143839391e-06
34                                     5.0874505654815994e-06
35                                    -7.6760398255194817e-05
36                                    -1.9630953422030209e-04
37                                     1.3871507393041840e-04
38                                    -2.2961916796598869e-05
39                                    -4.8387783881130575e-05
40                                     2.1054673473670099e-04
41                                    -8.6888662320233623e-06
42                                    -6.2557547240174594e-05
43                                    -6.2309101989841027e-05
44                                     3.2607337938184849e-05
45                                    -1.7983080054860376e-03
46                                     1.9843462479244081e-04
47                                     9.5612309069731567e-04
48                                     1.8868701645581229e-04
49                                     1.9144487331985375e-04
50                                    -1.5854474265507290e-04
51                                    -8.6052607872179332e-05
52                                     3.6151135875822811e-04
53                                    -4.4136758603088855e-04
54                                    -2.0429556708532678e-04
55                                    -3.3899340628392415e-04
56                                    -2.9258857862610524e-04
57                                    -2.1150373545679099e-04
58                                     4.8754586244204728e-04
59                                    -3.0150258230719068e-04
60                                     2.6219991020770203e-04
61                                     1.0627898132491154e-05
62                                    -3.1840035985495480e-04
63                                    -2.1097639896704851e-04
64                                    -8.6492095951967544e-04
65                                     4.1626774468818406e-04
66                                     4.1412794040294673e-05
67                                    -1.0971646296615428e-04
68                                     3.5559374017466241e-04
69                                     2.0900233109362454e-05
70                                    -2.6368858932066669e-05
71                                    -1.2469002473423571e-04
72                                    -1.7995735946409533e-05
73                                     1.1533846112921249e-05
74                                    -3.0826766665305316e-05
75                                     1.2712941545209300e-04
76                                     1.3487120026927160e-04
77                                     1.5087567752575248e-04
78                                    -2.4088907666426629e-05
79                                     1.3754290737439528e-04
80                                     1.5110029775075931e-04
81                                     6.6750672656101795e-05
82                                    -7.1260253632163956e-06
83                                    -7.3726061979653701e-06
$End
$Geometry
   &GeometryIndex 19
   &ListStatus       OUT
   &NATOMS [&Type "Integer"] 28
   &NCORELESSECP [&Type "Integer"] 0
   &NGHOSTATOMS [&Type "Integer"] 0
   &CartesianCoordinates [&Type "Coordinates", &Dim(28,4), &Units "Bohr"] 
              Cu    -1.112932491507    3.771711188286   -0.452557775204
              Cu     1.078522155968    2.676676394290    3.283398446462
              S      3.485548309097    1.067181992280    6.391675850827
              O      9.864066791037    2.500564505931    2.557369507680
              O     10.067692407181   -0.776536072867    5.230496225488
              N      7.091784684635   -2.357815975743    0.462435285622
              C      6.446691715752   -0.420885001124    2.387826094125
              C      4.638383209644   -1.463761550617    4.353309361818
              C      8.902113622815    0.353933800654    3.618941861553
              H      5.560983616224    1.253438132665    1.554435967197
              H      3.051871872590   -2.324349062341    3.334861549888
              H      5.590961232039   -2.937601824929    5.448601208875
              H      7.859973964383   -1.443471880675   -1.047972912065
              H      5.395271247270   -3.006678751670   -0.175972895694
              H     11.426329167287    2.784416342022    3.480288532105
              S     -3.853172124023    4.151214733553   -3.697270498851
              O     -9.463879138834    0.861521854460    0.337930411915
              O     -9.713201133352    0.527929967363   -3.876071731773
              N     -5.608155755846   -3.109934227647   -1.719361258728
              C     -5.676173963405   -0.303543922855   -1.787604088593
              C     -4.206312291120    0.737866743685   -4.016725428704
              C     -8.429470111278    0.420117490706   -1.986358697365
              H     -4.887390885328    0.544681098734   -0.073972993240
              H     -2.344201230702   -0.170183300535   -4.009267589966
              H     -5.172129385012    0.237155499877   -5.775694007234
              H     -6.179738802010   -3.660854725557    0.034964572717
              H     -3.738599500311   -3.564440870796   -1.785246058076
              H    -11.212705270775    1.282973184167   -0.031880794057
$End
$SCF_Energy
   &GeometryIndex 19
   &ListStatus       IN
   &SCF_ENERGY [&Type "Double"]      -4.7157619513383434e+03
$End
$MP2_Energies
   &GeometryIndex 19
   &ListStatus       IN
   &REFENERGY [&Type "Double"]      -4.7157619513383434e+03  "Reference Energy"
   &CORRENERGY [&Type "Double"]      -4.1291438231901409e+00  "MP2 correlation energy"
   &TOTALENERGY [&Type "Double"]      -4.7198910951615335e+03  "MP2 total energy"
$End
$MP2_Nuc_Gradient
   &GeometryIndex 19
   &ListStatus       IN
   &NATOMS [&Type "Integer"] 84
   &GRADNORM [&Type "Double"]       5.9953743489926537e-03
   &GRAD [&Type "ArrayOfDoubles", &Dim (84,1)] 
                                                         0

0                                      2.2404671311433630e-03
1                                     -1.1640785247572713e-03
2                                     -1.4932871395621199e-03
3                                     -7.5160278468016989e-04
4                                     -4.4487047099583087e-04
5                                      8.5089982245157604e-04
6                                     -3.9661338087923579e-04
7                                      6.4341369663881848e-04
8                                     -3.0759714027935731e-05
9                                     -4.7892000059134021e-05
10                                    -4.9209711673488254e-04
11                                    -1.5497609918209421e-05
12                                     2.4036392144247132e-04
13                                    -3.5721697416211950e-04
14                                    -6.1366512402780127e-05
15                                     1.4908607460092232e-04
16                                    -6.4056326237245387e-05
17                                    -1.3580593738276442e-05
18                                     1.5146726576993619e-05
19                                    -2.5782520792006283e-04
20                                    -2.1879783523284790e-04
21                                    -2.8725961024141100e-04
22                                     3.9882861258620436e-04
23                                    -3.2748076708677756e-04
24                                    -4.7708814556530338e-05
25                                     9.9059596388462873e-04
26                                     2.0005834903793346e-04
27                                     2.4479479560857165e-05
28                                     9.0275749391889593e-05
29                                    -8.8045360736206668e-05
30                                     1.3202728494997318e-05
31                                    -8.6748361296667270e-05
32                                     1.2122809152885841e-04
33                                    -7.3265058943118924e-05
34                                     1.9985188053666531e-05
35                                    -1.2078480333112263e-05
36                                    -8.4320270508912720e-05
37                                    -1.7414073401784969e-05
38                                    -8.8388405303299611e-06
39                                     5.1264817584523170e-05
40                                     9.2074654554425567e-05
41                                     8.8432997644735320e-05
42                                    -1.3983317893841857e-04
43                                    -3.3351299392370311e-05
44                                    -5.7625722811465580e-05
45                                    -1.5619381548240088e-03
46                                    -3.6569633543592772e-07
47                                     1.1819540097147679e-03
48                                     1.1696454093347575e-04
49                                     1.0935687578862811e-03
50                                    -3.4876026757960088e-05
51                                     4.5814493600980499e-04
52                                     1.2509221924028313e-03
53                                    -6.5553411059571243e-05
54                                    -4.0558600982796428e-04
55                                    -5.2163394332362806e-05
56                                     3.1211004844337864e-04
57                                     1.3583691642039541e-03
58                                     1.3098774619120217e-03
59                                    -1.9779755322669318e-04
60                                     4.7068618248425481e-04
61                                     2.9574462713388532e-04
62                                    -3.9742785045232543e-05
63                                    -1.0793910269305713e-03
64                                    -3.2730173622055637e-03
65                                     2.4175983587876315e-04
66                                    -1.6675985919283043e-04
67                                     7.6735923271370465e-05
68                                    -3.8431290773302540e-04
69                                    -7.4608208873033766e-06
70                                     6.4488716615386521e-05
71                                    -9.6685163807518765e-05
72                                    -1.1362241231950218e-05
73                                     2.2139133748419471e-06
74                                     1.0053180939507272e-04
75                                    -3.9930046639109762e-05
76                                    -6.8442606446164275e-05
77                                    -6.7471424387580137e-05
78                                    -1.1321767827341539e-04
79                                     1.7101988358226867e-04
80                                    -1.5488683782875204e-04
81                                     9.9194098017625632e-05
82                                    -8.4567608619639731e-05
83                                     3.4802204940865070e-05
$End
$Geometry
   &GeometryIndex 20
   &ListStatus       OUT
   &NATOMS [&Type "Integer"] 28
   &NCORELESSECP [&Type "Integer"] 0
   &NGHOSTATOMS [&Type "Integer"] 0
   &CartesianCoordinates [&Type "Coordinates", &Dim(28,4), &Units "Bohr"] 
              Cu    -1.200511200065    4.000015953058   -0.374776794287
              Cu     1.087003111756    2.934249606673    3.315827366850
              S      3.549712728400    1.314246708877    6.383646595172
              O      9.917404664946    2.309678531239    2.414101869831
              O      9.989991365713   -0.891512355390    5.185347539149
              N      6.866634495884   -2.464979132334    0.502811156353
              C      6.355483722129   -0.440289983401    2.375208678241
              C      4.529638557744   -1.329078210990    4.398382936891
              C      8.866835557010    0.243617612377    3.546661563914
              H      5.542854650901    1.252158235472    1.504238246762
              H      2.880457264378   -2.130378240627    3.432236900041
              H      5.420151207183   -2.820985397144    5.521449674933
              H      7.661937204375   -1.642665346414   -1.045899054614
              H      5.130133156677   -3.045265506948   -0.092765163782
              H     11.503850553850    2.547602499120    3.308818609722
              S     -3.981674704327    4.292803130175   -3.595595479892
              O     -9.420037350412    0.613120413803    0.359616006998
              O     -9.649029131285    0.349616154423   -3.860115578189
              N     -5.358551922038   -3.091325961703   -1.781135222608
              C     -5.572542761832   -0.292899527339   -1.785875377391
              C     -4.158458536528    0.872716958340   -3.990058575833
              C     -8.359188502033    0.295061612868   -1.971710047328
              H     -4.827345864929    0.555687655527   -0.052840476840
              H     -2.251388896022    0.063193479460   -3.999991157845
              H     -5.095434419957    0.362316111316   -5.761939493121
              H     -5.905789291947   -3.713761788305   -0.043115282787
              H     -3.468169557474   -3.449455662595   -1.852238743396
              H    -11.191834189678    0.937838211776    0.000287449777
$End
$SCF_Energy
   &GeometryIndex 20
   &ListStatus       IN
   &SCF_ENERGY [&Type "Double"]      -4.7157628550062518e+03
$End
$MP2_Energies
   &GeometryIndex 20
   &ListStatus       IN
   &REFENERGY [&Type "Double"]      -4.7157628550062518e+03  "Reference Energy"
   &CORRENERGY [&Type "Double"]      -4.1283209294036389e+00  "MP2 correlation energy"
   &TOTALENERGY [&Type "Double"]      -4.7198911759356552e+03  "MP2 total energy"
$End
$MP2_Nuc_Gradient
   &GeometryIndex 20
   &ListStatus       IN
   &NATOMS [&Type "Integer"] 84
   &GRADNORM [&Type "Double"]       4.7246806120331891e-03
   &GRAD [&Type "ArrayOfDoubles", &Dim (84,1)] 
                                                         0

0                                      2.3916207118122056e-03
1                                     -7.5175522269602287e-04
2                                     -1.5124622992920694e-03
3                                     -1.2823479710284019e-03
4                                     -3.1116558191226357e-04
5                                      8.6275176149442148e-04
6                                     -1.0381170295723201e-04
7                                      4.5711268170281136e-04
8                                      2.2052970539021468e-04
9                                     -4.1984508615787799e-04
10                                    -5.8124439262493763e-04
11                                     5.6925664989194991e-04
12                                     1.0701064839427343e-05
13                                    -3.6859246699933595e-04
14                                     7.7715040832643245e-04
15                                    -2.1566239891204764e-05
16                                     2.3144660535720507e-04
17                                     3.5124387099742110e-04
18                                     1.7141575712179349e-04
19                                    -4.3526912181516067e-04
20                                     1.5150920023564163e-04
21                                     6.4608216968353727e-06
22                                     3.0658113731366066e-04
23                                    -7.5493572300212169e-04
24                                     5.0234635789705995e-04
25                                     7.6755365322078023e-04
26                                    -1.4013723189850932e-03
27                                    -4.1087090356429351e-05
28                                     1.4566785864688486e-04
29                                    -2.7599565812605822e-04
30                                    -5.5102171266637606e-05
31                                    -1.0151714097012161e-04
32                                     2.0936426043902806e-04
33                                    -1.4208760223612983e-04
34                                    -6.8825183139383656e-05
35                                     1.5541070894309339e-04
36                                    -6.1767431521395771e-05
37                                    -2.1746937868993843e-05
38                                    -1.8160875522945513e-05
39                                    -3.2639487086219554e-06
40                                     3.2636189289199716e-05
41                                    -2.5464319914939373e-05
42                                     1.0350044323235302e-04
43                                     1.6105758881997763e-04
44                                    -1.3833331802538817e-04
45                                    -1.4673413651373401e-03
46                                    -2.1219515092242569e-05
47                                     1.1166233412861389e-03
48                                     1.2511483704340243e-05
49                                     4.0018477872956655e-06
50                                    -4.1504722322172755e-04
51                                     1.1477122935922568e-04
52                                    -2.0797146640794476e-05
53                                    -2.4318930789282711e-04
54                                    -1.1485954854108943e-04
55                                     2.3844636267869417e-04
56                                     3.4800317293160604e-04
57                                     6.6194282780844549e-04
58                                     1.0546491592984888e-04
59                                    -2.3840527627450731e-04
60                                     2.0662199243982882e-04
61                                     1.5859635313211252e-04
62                                    -1.8691675497853333e-04
63                                    -2.9264933916686720e-04
64                                    -7.7853631963789582e-07
65                                     7.3147378694882192e-04
66                                    -1.6917909969202567e-04
67                                    -5.8896041027836632e-06
68                                    -2.5678884972459709e-04
69                                     6.6305054236236172e-06
70                                     6.5845770063324011e-05
71                                    -9.3018765107621623e-05
72                                     4.2295437921639409e-05
73                                     7.9912074051075727e-06
74                                    -2.6755527470088275e-05
75                                    -2.0456515949453594e-05
76                                    -1.1667400597469707e-04
77                                    -7.6245185585362141e-05
78                                     1.0280566662551616e-07
79                                    -2.4309634848194983e-05
80                                    -1.2468562207683387e-04
81                                    -1.2009221314469853e-04
82                                     3.9693215553852912e-05
83                                     1.8317348871722469e-04
$End
$Geometry
   &GeometryIndex 21
   &ListStatus       OUT
   &NATOMS [&Type "Integer"] 28
   &NCORELESSECP [&Type "Integer"] 0
   &NGHOSTATOMS [&Type "Integer"] 0
   &CartesianCoordinates [&Type "Coordinates", &Dim(28,4), &Units "Bohr"] 
              Cu    -1.340753280927    4.523176954908   -0.027474618019
              Cu     1.182344622833    3.500851369912    3.521792587555
              S      3.768211325183    1.814699080191    6.458146753252
              O      9.682542411573    1.891793183322    1.773557298877
              O      9.793634661970   -1.084263027082    4.785087019015
              N      6.044597541243   -2.728775416871    0.629370811486
              C      5.922095024835   -0.515853177364    2.342189069805
              C      4.266803842395   -1.056870064755    4.616838910982
              C      8.595881624722    0.028183745473    3.183052922621
              H      5.162388374865    1.167412627627    1.407393629591
              H      2.448781587795   -1.755302830259    3.907028051705
              H      5.133686347198   -2.540206624624    5.769767386903
              H      6.741907143878   -2.133294061627   -1.063383617047
              H      4.212482048333   -3.196990203806    0.268495227434
              H     11.374722209405    2.060210178385    2.468859555233
              S     -4.187726781035    4.616986858648   -3.202328814725
              O     -9.181989717293   -0.011026347357    0.293365247164
              O     -9.232821891195   -0.057187303825   -3.939871687748
              N     -4.582450438434   -2.994357084540   -1.916651157703
              C     -5.178746507501   -0.261558776353   -1.744933145994
              C     -3.872546051588    1.235823922892   -3.813209651714
              C     -8.012335818803   -0.033203844791   -2.003554492895
              H     -4.605240762645    0.556208486867    0.067749606660
              H     -1.870756111038    0.701049557356   -3.795708277777
              H     -4.668994581239    0.723751391398   -5.652344476554
              H     -5.102764214640   -3.814808049714   -0.254340340255
              H     -2.659572500034   -3.094488534100   -1.927143398197
              H    -10.971248197438    0.089363751403   -0.111172252932
$End
$SCF_Energy
   &GeometryIndex 21
   &ListStatus       IN
   &SCF_ENERGY [&Type "Double"]      -4.7157632531171321e+03
$End
$MP2_Energies
   &GeometryIndex 21
   &ListStatus       IN
   &REFENERGY [&Type "Double"]      -4.7157632531171321e+03  "Reference Energy"
   &CORRENERGY [&Type "Double"]      -4.1279219117553350e+00  "MP2 correlation energy"
   &TOTALENERGY [&Type "Double"]      -4.7198911750288871e+03  "MP2 total energy"
$End
$MP2_Nuc_Gradient
   &GeometryIndex 21
   &ListStatus       IN
   &NATOMS [&Type "Integer"] 84
   &GRADNORM [&Type "Double"]       8.1879815034322113e-03
   &GRAD [&Type "ArrayOfDoubles", &Dim (84,1)] 
                                                         0

0                                      2.6353989479481030e-03
1                                      1.7703703058961559e-04
2                                     -1.6002731885725076e-03
3                                     -1.6189185809179800e-03
4                                     -2.8147470334348793e-04
5                                      8.6485493253521915e-04
6                                      1.2122002715637611e-04
7                                     -1.8092269266527239e-04
8                                      4.8522963237525481e-04
9                                     -4.2646151423665971e-04
10                                    -1.3456365157733692e-03
11                                     1.1074320737809104e-03
12                                     1.1376785903599584e-05
13                                    -8.6456291013468911e-04
14                                     8.7998220368810942e-04
15                                    -5.6548552122809986e-04
16                                     1.1623882034158435e-03
17                                     6.7266405347631356e-04
18                                     2.0316439948409037e-04
19                                    -1.2159642906866119e-03
20                                     2.0420275349061767e-04
21                                     7.8450322409760742e-04
22                                     1.1655200189147549e-04
23                                    -1.4169474833809273e-03
24                                     4.1236843587397903e-05
25                                     2.2861014111557817e-03
26                                    -1.7175310370528690e-03
27                                    -7.9179644418229250e-06
28                                     6.0351302842549803e-05
29                                    -2.6133883192674609e-04
30                                    -1.9871508455909445e-04
31                                     2.9775909547205895e-05
32                                     2.9509002949325638e-04
33                                    -2.7568242254742692e-04
34                                    -7.4826170502913930e-05
35                                     5.0192299397375587e-04
36                                     9.4159937241738989e-05
37                                    -2.5815485254353232e-04
38                                    -5.4508170281568347e-05
39                                    -7.4746210694226489e-05
40                                    -2.5221928709703162e-04
41                                    -1.7062342343058395e-04
42                                     5.2671567920283685e-04
43                                     5.5074345726789089e-04
44                                    -4.0058442866889796e-04
45                                    -1.3538617817498945e-03
46                                     2.4269607482675648e-04
47                                     1.3218483486008761e-03
48                                     4.9043635987524106e-04
49                                    -7.3297584803419958e-04
50                                    -1.8465420768334559e-03
51                                    -4.9996307426761200e-05
52                                    -9.6102843582338828e-04
53                                    -1.3279920585719529e-03
54                                    -8.1847192837068705e-06
55                                     1.2612392713942620e-03
56                                     3.5354586420151962e-04
57                                    -2.9341064016061985e-04
58                                    -1.9628613791592697e-03
59                                    -5.7761705547926256e-04
60                                    -7.4971329125605307e-05
61                                    -1.9159448064156800e-04
62                                    -2.7639977592150422e-04
63                                    -1.1742393225509101e-04
64                                     2.5694951343718797e-03
65                                     2.9701103387677896e-03
66                                     7.5414684444202046e-05
67                                    -1.1499687489248400e-04
68                                     2.8953870974650353e-04
69                                     6.2180501696443291e-05
70                                     7.1542500121734784e-05
71                                    -1.9860589117566899e-04
72                                     2.5665433057229722e-04
73                                     8.3411903176641364e-05
74                                    -3.1729521734703489e-04
75                                     7.2654383813666734e-05
76                                    -1.4009999770754622e-04
77                                    -8.0124288630342710e-05
78                                     1.6188241743721882e-04
79                                    -3.1142402977239780e-04
80                                     7.9258143423672264e-05
81                                    -5.1122209199772756e-04
82                                     3.5257675070528901e-05
83                                     5.2337046800518539e-04
$End
$Geometry
   &GeometryIndex 22
   &ListStatus       OUT
   &NATOMS [&Type "Integer"] 28
   &NCORELESSECP [&Type "Integer"] 0
   &NGHOSTATOMS [&Type "Integer"] 0
   &CartesianCoordinates [&Type "Coordinates", &Dim(28,4), &Units "Bohr"] 
              Cu    -1.594291321617    4.929718987506    0.148118660451
              Cu     1.177307349369    3.990516608708    3.529694634296
              S      3.885569749356    2.305931817802    6.354443195751
              O      9.352065651067    1.366966618197    1.289712144705
              O      9.422929095320   -1.343051709410    4.544289991259
              N      5.206325683331   -2.954985878716    0.846408587915
              C      5.439923239954   -0.596918893995    2.337862038887
              C      3.930133326721   -0.753085964566    4.766269611990
              C      8.213500380249   -0.263088418950    2.929546088033
              H      4.775597465769    1.068316294116    1.303316192364
              H      1.996975256748   -1.303200861079    4.258024197339
              H      4.729087479625   -2.217763903744    5.989841335002
              H      5.826371513301   -2.598707151051   -0.940687413343
              H      3.315342568659   -3.262615707092    0.662716700269
              H     11.100028427418    1.429328257393    1.851162466654
              S     -4.511896885548    4.855336164390   -2.959909626382
              O     -8.495899942014   -0.647246044502    0.541946988556
              O     -8.863813020567   -0.472435560371   -3.671782897153
              N     -3.699356657296   -2.793367974940   -2.181167201870
              C     -4.665726745195   -0.195763363437   -1.774524669356
              C     -3.745541007444    1.600234375480   -3.813178747445
              C     -7.514594022953   -0.370546695528   -1.825709533094
              H     -4.077122176039    0.588656669939    0.048514944507
              H     -1.690040680548    1.374919691274   -3.949863760179
              H     -4.581523094508    1.078990625079   -5.631954643748
              H     -3.974662398633   -3.787293567078   -0.555479609322
              H     -1.788072012506   -2.609301189747   -2.322870722855
              H    -10.306485309599   -0.788217464364    0.265839193491
$End
$SCF_Energy
   &GeometryIndex 22
   &ListStatus       IN
   &SCF_ENERGY [&Type "Double"]      -4.7157623839840107e+03
$End
$MP2_Energies
   &GeometryIndex 22
   &ListStatus       IN
   &REFENERGY [&Type "Double"]      -4.7157623839840107e+03  "Reference Energy"
   &CORRENERGY [&Type "Double"]      -4.1287723964032512e+00  "MP2 correlation energy"
   &TOTALENERGY [&Type "Double"]      -4.7198911563804140e+03  "MP2 total energy"
$End
$MP2_Nuc_Gradient
   &GeometryIndex 22
   &ListStatus       IN
   &NATOMS [&Type "Integer"] 84
   &GRADNORM [&Type "Double"]       8.0108744441266793e-03
   &GRAD [&Type "ArrayOfDoubles", &Dim (84,1)] 
                                                         0

0                                      2.0638761755636548e-03
1                                      1.8871496857116336e-04
2                                     -1.6796667810347332e-03
3                                     -1.5636350255242284e-03
4                                     -2.1723462618972959e-04
5                                      9.8668703552018747e-04
6                                      3.5687298835873496e-04
7                                     -3.2049309569058201e-04
8                                      2.6556335672592735e-04
9                                     -4.3848888142023271e-04
10                                    -6.7786840406879392e-04
11                                     1.4931418809232683e-03
12                                    -1.5603022730661942e-04
13                                    -1.2228463571989368e-05
14                                     1.3201413531764433e-03
15                                    -3.4664051771708670e-04
16                                     1.4287581869056321e-03
17                                     7.3980300351537964e-04
18                                    -1.6576981166154317e-04
19                                    -9.5095574479471014e-04
20                                     5.7524451965203921e-04
21                                     9.1484120825958970e-04
22                                    -2.1787282476511821e-04
23                                    -1.4909226559030042e-03
24                                     5.4479966089979528e-04
25                                     3.0706460464559326e-04
26                                    -2.7616011792660003e-03
27                                    -1.2894316668695359e-04
28                                     1.2875123911793018e-04
29                                    -1.9832367286912178e-04
30                                    -2.6561899383546056e-04
31                                     1.4770331085436558e-04
32                                     2.3294716962553134e-04
33                                    -3.2757060536475931e-04
34                                    -2.3785906269859630e-05
35                                     5.2118425070823288e-04
36                                     6.8794116976449854e-05
37                                    -3.1299425925000908e-04
38                                     5.4446753525921876e-05
39                                     8.6338919653615454e-05
40                                    -1.0558506774372214e-04
41                                    -2.7108465007854806e-04
42                                     4.1846952162397782e-04
43                                     4.1207590171517153e-04
44                                    -5.0788439765146742e-04
45                                    -1.0298813083480110e-03
46                                     5.2325963961495289e-04
47                                     1.2333482132903025e-03
48                                     2.0468539807178693e-04
49                                    -7.5767347935498251e-04
50                                    -1.5060637824678147e-03
51                                     5.5824439416846117e-05
52                                    -1.1549807301573073e-03
53                                    -8.6507167678934183e-04
54                                    -1.7226875722650692e-04
55                                     1.3771437983838876e-03
56                                     4.9892808959099005e-04
57                                     2.8974449994749463e-04
58                                    -2.3408154486454710e-03
59                                    -4.8040298865300451e-04
60                                    -2.3673717757739451e-04
61                                    -2.1217804000524948e-04
62                                    -3.5766461915714975e-04
63                                    -3.9908809607970205e-04
64                                     2.9528095683792610e-03
65                                     2.5354394032014727e-03
66                                     1.1990454091918845e-04
67                                    -2.0329960713529049e-06
68                                     4.6308857981021412e-05
69                                     6.1857262016233594e-05
70                                     3.9756124237650282e-05
71                                    -6.0855941142432066e-05
72                                     3.1214963092808176e-04
73                                     1.2908090326087425e-04
74                                    -2.5508213591084183e-04
75                                     1.5102317779357513e-04
76                                    -8.4180345886201297e-05
77                                    -2.9282531228783798e-04
78                                     9.3695425971838942e-05
79                                    -3.5173094348898027e-04
80                                     1.7721556517510083e-04
81                                    -3.1001892956166593e-04
82                                    -6.2630559345466796e-05
83                                     4.8219378011765852e-04
$End
$Geometry
   &GeometryIndex 23
   &ListStatus       OUT
   &NATOMS [&Type "Integer"] 28
   &NCORELESSECP [&Type "Integer"] 0
   &NGHOSTATOMS [&Type "Integer"] 0
   &CartesianCoordinates [&Type "Coordinates", &Dim(28,4), &Units "Bohr"] 
              Cu    -1.811520467520    5.207838705178    0.386964446106
              Cu     1.251975486921    4.378345924597    3.540611319899
              S      4.127686483108    2.727549166739    6.225079380233
              O      8.844498428010    0.869419889627    0.708110653829
              O      9.146253180636   -1.516347024792    4.195792157945
              N      4.415479523479   -3.165327550298    1.230160654161
              C      4.976825383838   -0.687413059874    2.403570116991
              C      3.768852547638   -0.471177746453    4.990678308113
              C      7.817547169097   -0.502128422717    2.632690340069
              H      4.296586053938    0.906164323534    1.270755308127
              H      1.754809422499   -0.911022536690    4.771279740096
              H      4.608615579177   -1.862631454402    6.271178121126
              H      4.831411558532   -3.056099598718   -0.645928766679
              H      2.502314825652   -3.358233873437    1.309481336511
              H     10.649237894537    0.857685295603    1.051436457899
              S     -4.821772595126    4.973778649198   -2.623523865130
              O     -7.809332190509   -1.243658640204    0.620461352953
              O     -8.444997461619   -0.823230910419   -3.544467486830
              N     -2.939340102687   -2.522978038165   -2.513136580717
              C     -4.214125993365   -0.122295685213   -1.841386747274
              C     -3.663442281387    1.930754585654   -3.767307124291
              C     -7.013907136219   -0.674101540878   -1.763849533152
              H     -3.623385397266    0.596760052976    0.008356795761
              H     -1.606779702525    2.009150213850   -4.010720238733
              H     -4.517635436157    1.432897399193   -5.584191350982
              H     -2.981117432789   -3.671719697590   -0.968368234136
              H     -1.081448432598   -2.070755601574   -2.739966622361
              H     -9.601156994877   -1.599897063408    0.426818207186
$End
$SCF_Energy
   &GeometryIndex 23
   &ListStatus       IN
   &SCF_ENERGY [&Type "Double"]      -4.7157621901035745e+03
$End
$MP2_Energies
   &GeometryIndex 23
   &ListStatus       IN
   &REFENERGY [&Type "Double"]      -4.7157621901035745e+03  "Reference Energy"
   &CORRENERGY [&Type "Double"]      -4.1291201496204870e+00  "MP2 correlation energy"
   &TOTALENERGY [&Type "Double"]      -4.7198913102531951e+03  "MP2 total energy"
$End
$MP2_Nuc_Gradient
   &GeometryIndex 23
   &ListStatus       IN
   &NATOMS [&Type "Integer"] 84
   &GRADNORM [&Type "Double"]       8.1488244317054464e-03
   &GRAD [&Type "ArrayOfDoubles", &Dim (84,1)] 
                                                         0

0                                      1.4835591271988927e-03
1                                      1.5949945019577520e-04
2                                     -1.6051715854755611e-03
3                                     -1.3974581700072642e-03
4                                      3.4021384809281192e-04
5                                      7.2932323321289478e-04
6                                      5.3217121437290800e-04
7                                     -3.4976246951332404e-04
8                                      3.1543353462605800e-04
9                                     -3.9803142149320153e-04
10                                    -7.4721201424575792e-04
11                                     1.4100986397653364e-03
12                                     2.3824130023913925e-05
13                                    -2.5823117049011274e-04
14                                     1.1528742044419477e-03
15                                    -1.1392099647020495e-04
16                                     1.7549411499209189e-03
17                                     6.6203586253545457e-04
18                                    -8.8477188821895619e-05
19                                    -1.3204442110932267e-03
20                                     5.1341494395371751e-04
21                                     1.0693785622362950e-03
22                                    -8.2162112594906522e-04
23                                    -1.7368542135049181e-03
24                                     4.4218962140320922e-05
25                                     8.7990581929600631e-04
26                                    -2.3009941283531066e-03
27                                    -1.7598410459110717e-04
28                                     1.3734238371311547e-04
29                                    -1.6671887248468492e-04
30                                    -2.0675935307740145e-04
31                                     2.1534583097668810e-04
32                                     2.1668448526134410e-04
33                                    -3.4219265962559531e-04
34                                     7.4682837004604041e-05
35                                     6.3197759075658486e-04
36                                     4.3122559488241799e-05
37                                    -2.8227305535921936e-04
38                                     1.1677798743185697e-04
39                                     6.8509330950067282e-06
40                                    -2.8011510017335057e-04
41                                    -1.4016156842672212e-04
42                                     4.9468887108888165e-04
43                                     3.7785120741870744e-04
44                                    -6.2778092292617958e-04
45                                    -9.9281591372503680e-04
46                                     5.2642914423734963e-04
47                                     9.0538263808881761e-04
48                                     1.8721923523093431e-04
49                                    -5.6018626117300516e-04
50                                    -1.6594214096993312e-03
51                                     1.8326886108366303e-05
52                                    -8.9032044545845138e-04
53                                    -1.2022260507432714e-03
54                                    -5.7420807161197990e-04
55                                     1.6356448585240491e-03
56                                     5.3621885554549359e-04
57                                     6.0746643641433617e-04
58                                    -2.5113890415717315e-03
59                                    -7.4691236671969169e-04
60                                    -3.5762157404713169e-04
61                                    -5.1641832300487051e-04
62                                    -3.3307483091790657e-04
63                                    -3.3907554800401835e-04
64                                     2.5480392566636680e-03
65                                     3.1876005890474068e-03
66                                     1.8862552489758502e-04
67                                     5.2244289879831846e-05
68                                     8.5339801177433672e-05
69                                     7.4591165458971764e-05
70                                     6.1439489479431751e-05
71                                    -3.5085454843080538e-05
72                                     3.1700686314094402e-04
73                                     2.8656990687673557e-04
74                                    -2.9987720351314778e-04
75                                     2.3578290236527747e-04
76                                     2.2469218365971794e-05
77                                    -2.0612311610125264e-04
78                                     1.8453888544153751e-04
79                                    -2.8753429176919115e-04
80                                     1.6145387745553942e-05
81                                    -3.7898458982946887e-04
82                                    -1.5110006416564799e-04
83                                     5.4400354569304234e-04
$End
$Geometry
   &GeometryIndex 24
   &ListStatus       OUT
   &NATOMS [&Type "Integer"] 28
   &NCORELESSECP [&Type "Integer"] 0
   &NGHOSTATOMS [&Type "Integer"] 0
   &CartesianCoordinates [&Type "Coordinates", &Dim(28,4), &Units "Bohr"] 
              Cu    -1.870904882756    5.301480604013    0.628570649756
              Cu     1.405528415696    4.580967062245    3.580565768316
              S      4.399953390422    2.977021270469    6.149436599919
              O      8.127920196097    0.601699976295    0.134931517535
              O      8.908292891581   -1.658146493831    3.631979412636
              N      3.712323898143   -3.244613211115    1.603570350875
              C      4.533468851034   -0.719667735269    2.500550483085
              C      3.763871281469   -0.284610882549    5.228028353536
              C      7.378415905368   -0.644682385070    2.265684164899
              H      3.733621386541    0.827838131244    1.383164926586
              H      1.731382899546   -0.666256341925    5.361679641502
              H      4.767231314531   -1.618881391270    6.449557840893
              H      3.805555936998   -3.265273386900   -0.319375296433
              H      1.837353805323   -3.362535802808    2.022508488195
              H      9.962060754330    0.522756624680    0.196032111394
              S     -4.916925995385    4.945554525919   -2.327923357590
              O     -7.304019251297   -1.634798091626    0.523855003653
              O     -8.006612309548   -1.028109322513   -3.609518023962
              N     -2.347810692201   -2.333467155199   -2.720175797926
              C     -3.826154363870   -0.102905833917   -1.880856653085
              C     -3.473637609368    2.113827668341   -3.663942683344
              C     -6.565895600933   -0.898240109724   -1.836058486463
              H     -3.287879400571    0.541174665119    0.012522470988
              H     -1.434263526849    2.402138174815   -3.893448710620
              H     -4.285692163418    1.654207965610   -5.509955050163
              H     -2.273148542099   -3.584061340620   -1.256065603218
              H     -0.541087104198   -1.699656320337   -2.928465669887
              H     -9.070817572166   -2.091435102760    0.313725695643
$End
$SCF_Energy
   &GeometryIndex 24
   &ListStatus       IN
   &SCF_ENERGY [&Type "Double"]      -4.7157602233711523e+03
$End
$MP2_Energies
   &GeometryIndex 24
   &ListStatus       IN
   &REFENERGY [&Type "Double"]      -4.7157602233711523e+03  "Reference Energy"
   &CORRENERGY [&Type "Double"]      -4.1312025352680433e+00  "MP2 correlation energy"
   &TOTALENERGY [&Type "Double"]      -4.7198914259064204e+03  "MP2 total energy"
$End
$MP2_Nuc_Gradient
   &GeometryIndex 24
   &ListStatus       IN
   &NATOMS [&Type "Integer"] 84
   &GRADNORM [&Type "Double"]       4.5999785681986264e-03
   &GRAD [&Type "ArrayOfDoubles", &Dim (84,1)] 
                                                         0

0                                      1.2395122519362513e-03
1                                      2.3316720618715356e-04
2                                     -1.4383869605485312e-03
3                                     -7.5644697423361135e-04
4                                     -2.6607292151687497e-04
5                                      2.9812134874984079e-04
6                                     -2.2050023964669332e-04
7                                      3.5398081656380295e-04
8                                      6.0217285494472243e-05
9                                      1.9572132519732333e-04
10                                    -3.7774440866347736e-05
11                                    -3.6445896624191787e-04
12                                    -1.4028779327218688e-04
13                                    -2.4236751467612838e-04
14                                    -2.3292730909071913e-04
15                                    -2.5666939344696008e-04
16                                     8.2278279878705146e-04
17                                    -2.8897613912729804e-04
18                                    -4.0111972048972183e-04
19                                    -7.7777062033795863e-05
20                                     1.5473193702474769e-04
21                                     4.6722295868821886e-04
22                                    -8.8761787836999159e-04
23                                    -4.5928005863864890e-04
24                                     9.3384273242166915e-05
25                                     3.2845641887355864e-04
26                                     5.2210019410362657e-04
27                                     1.1940619325800580e-04
28                                     7.9995021137330841e-05
29                                     3.2161190782354493e-04
30                                     9.7607229843768573e-05
31                                     1.7827361947432563e-04
32                                     2.8575937858353346e-05
33                                    -7.5713521331594036e-05
34                                     1.2100769420508167e-04
35                                     1.2334925537595479e-04
36                                     2.1501765728923570e-04
37                                    -2.3189305845652494e-04
38                                    -3.1135798414760885e-04
39                                    -2.9380554279644089e-04
40                                    -4.8271114633828072e-04
41                                     3.9988555204797591e-04
42                                     4.2381722932492705e-05
43                                     7.4667859501717677e-05
44                                    -1.3321240642162613e-04
45                                    -8.9217290068281403e-04
46                                    -4.5053720540417369e-04
47                                     6.6794286875438043e-04
48                                    -4.1121310732264438e-05
49                                     6.8334217898004907e-04
50                                    -2.5204202911416340e-04
51                                    -7.3301013917108360e-04
52                                     1.1308442248907620e-03
53                                    -7.6764837162421329e-04
54                                    -5.7832043837562769e-05
55                                     6.9980987433919395e-04
56                                    -8.9096895614659138e-05
57                                    -4.4985781881357045e-04
58                                     8.4149896408342029e-05
59                                    -1.2030186239156068e-04
60                                     1.1565022379035964e-04
61                                    -1.6784130468702751e-04
62                                     9.0946682892216468e-05
63                                     1.1000028346125901e-03
64                                    -2.0775520250122248e-03
65                                     9.4665677678065774e-04
66                                     1.5416993611713260e-04
67                                     3.1727560998251469e-04
68                                     3.0434557721109590e-04
69                                     7.2574826584813346e-05
70                                     8.2444078975989037e-05
71                                     2.2460692804008794e-05
72                                     8.8645553799284252e-05
73                                     2.2052911943879969e-04
74                                    -6.2038118977821022e-05
75                                    -8.5515049890414916e-05
76                                    -4.7997183394410045e-04
77                                     5.5848354929595445e-04
78                                     4.3768504127108393e-04
79                                     8.1900707517304494e-05
80                                    -3.4360843095725992e-04
81                                    -8.5744633811453419e-05
82                                     1.6904545154360767e-06
83                                     1.2523881395157428e-04
$End
$Geometry
   &GeometryIndex 25
   &ListStatus       OUT
   &NATOMS [&Type "Integer"] 28
   &NCORELESSECP [&Type "Integer"] 0
   &NGHOSTATOMS [&Type "Integer"] 0
   &CartesianCoordinates [&Type "Coordinates", &Dim(28,4), &Units "Bohr"] 
              Cu    -1.894725200010    5.307200072024    0.665685683569
              Cu     1.442856741816    4.612242959786    3.554587628424
              S      4.492518814121    3.057576877345    6.086741040512
              O      8.311258029510    0.510681364196    0.196643852737
              O      9.016964396413   -1.641543870340    3.775596626093
              N      3.848225931539   -3.262371318420    1.673302482612
              C      4.666382086825   -0.720590621731    2.529523407631
              C      3.843076888986   -0.216359596763    5.229437404237
              C      7.515244156473   -0.671434914938    2.349860972894
              H      3.902153607560    0.806285955494    1.360320758364
              H      1.804481562666   -0.577847981114    5.326056929922
              H      4.807908889984   -1.534637473284    6.498190167156
              H      3.990105492139   -3.328231081684   -0.245015876159
              H      1.962608761695   -3.350002428068    2.045275771309
              H     10.142611945173    0.422865186176    0.302820930395
              S     -5.003093866638    4.952687595012   -2.225046675583
              O     -7.444842776158   -1.701566768564    0.428107707671
              O     -8.134665382440   -0.985960052464   -3.688781732350
              N     -2.493391653840   -2.334998656386   -2.815522635728
              C     -3.956180008036   -0.113939348875   -1.920063744334
              C     -3.577411100589    2.149753438762   -3.636716524625
              C     -6.699930864648   -0.896044832267   -1.910281604971
              H     -3.425030245392    0.472200978185   -0.007233071626
              H     -1.534538755817    2.424933574400   -3.849766744062
              H     -4.386225165085    1.746109846051   -5.497086791049
              H     -2.445154121114   -3.629297422536   -1.390565955219
              H     -0.680147155389   -1.712170268851   -2.986982958227
              H     -9.208929097326   -2.154215449831    0.191491097130
$End
$SCF_Energy
   &GeometryIndex 25
   &ListStatus       IN
   &SCF_ENERGY [&Type "Double"]      -4.7157615700953802e+03
$End
$MP2_Energies
   &GeometryIndex 25
   &ListStatus       IN
   &REFENERGY [&Type "Double"]      -4.7157615700953802e+03  "Reference Energy"
   &CORRENERGY [&Type "Double"]      -4.1299986316885704e+00  "MP2 correlation energy"
   &TOTALENERGY [&Type "Double"]      -4.7198915687270692e+03  "MP2 total energy"
$End
$MP2_Nuc_Gradient
   &GeometryIndex 25
   &ListStatus       IN
   &NATOMS [&Type "Integer"] 84
   &GRADNORM [&Type "Double"]       3.9503464594098751e-03
   &GRAD [&Type "ArrayOfDoubles", &Dim (84,1)] 
                                                         0

0                                      1.4179159040157846e-03
1                                      7.3767760945277813e-04
2                                     -1.4217040690836080e-03
3                                     -9.7077647086031213e-04
4                                     -3.1406713284564108e-04
5                                      5.2423078068869738e-04
6                                     -1.2919324578443588e-04
7                                      1.3966245102659675e-04
8                                     -2.6664334680522907e-04
9                                      1.1185749368618214e-04
10                                     4.5331243827970505e-04
11                                    -6.2472541575473578e-04
12                                    -1.4171602252500970e-04
13                                     4.3022791299464347e-04
14                                    -4.8603509490650898e-04
15                                    -3.2618365258638496e-04
16                                     1.6213403597559878e-04
17                                    -4.9541938411216610e-04
18                                    -2.9315330128138264e-04
19                                     3.3499494495372109e-04
20                                     6.2602087034999143e-05
21                                     3.6567128252648975e-04
22                                    -2.9177953119992502e-04
23                                     2.3211487672189501e-05
24                                     3.4489108899890542e-04
25                                    -1.2266153828068699e-03
26                                     9.1565876777364996e-04
27                                     9.1662496607677890e-05
28                                     2.5621926621516300e-04
29                                     2.6989157630720462e-04
30                                    -6.6520474558059983e-06
31                                     1.0132573656089147e-04
32                                    -8.8755475884505670e-05
33                                    -1.2022686278068476e-04
34                                     4.3149415509785571e-05
35                                    -7.3969076344208851e-05
36                                     2.1013351092228488e-04
37                                    -2.0756625464282480e-04
38                                     7.2675331901320139e-05
39                                     2.6405262818015446e-04
40                                    -1.8372600394113642e-04
41                                     2.8750189408001912e-04
42                                    -2.6161579503030524e-04
43                                    -1.0375430079323164e-04
44                                     1.9549633712860354e-04
45                                    -8.6133024035955214e-04
46                                    -5.8733603346191633e-04
47                                     9.3303133994963351e-04
48                                     5.0931982794953645e-05
49                                     1.9855454446851377e-04
50                                     3.3817833794065610e-04
51                                    -3.0987813077229531e-04
52                                     4.6557844735354149e-04
53                                     2.5766683626604614e-04
54                                     2.5794865114429563e-04
55                                    -9.9030233108594878e-05
56                                    -1.8354931966807486e-05
57                                    -3.1877340748445726e-04
58                                     6.2057656631354235e-05
59                                     1.6121965375326744e-04
60                                     1.6529939180182085e-04
61                                     2.0279487180531464e-04
62                                     8.1909763034654359e-05
63                                     2.2289940677340525e-04
64                                    -9.5226487772583079e-04
65                                    -7.8093806847774616e-04
66                                     4.5103758642506785e-05
67                                     3.5130303803853659e-04
68                                     1.5453557985244809e-04
69                                     7.1491702578439786e-05
70                                    -5.9241021820237265e-05
71                                     9.7087241538278135e-05
72                                     7.4832564086205200e-05
73                                     3.9694340095514959e-05
74                                     4.2969768361562216e-05
75                                    -1.2410747720626369e-04
76                                    -9.3938335728772915e-05
77                                     4.0260591448623012e-05
78                                    -1.7407069057231994e-04
79                                     5.9489010140162391e-05
80                                    -1.4173862858640491e-04
81                                     2.1720223691765878e-04
82                                     1.6540874115692460e-04
83                                    -1.9657941891321022e-04
$End
$Geometry
   &GeometryIndex 26
   &ListStatus       OUT
   &NATOMS [&Type "Integer"] 28
   &NCORELESSECP [&Type "Integer"] 0
   &NGHOSTATOMS [&Type "Integer"] 0
   &CartesianCoordinates [&Type "Coordinates", &Dim(28,4), &Units "Bohr"] 
              Cu    -1.981490788540    5.346051658419    0.707098833707
              Cu     1.427257131541    4.675227170484    3.517334675241
              S      4.518938661861    3.111805046609    5.991577509404
              O      8.232645707592    0.353852950925    0.147656870928
              O      8.899164442917   -1.737670730864    3.769776207872
              N      3.689236056214   -3.290049025012    1.733703509030
              C      4.569185969110   -0.748316607231    2.519615986506
              C      3.778618729570   -0.161675320023    5.213562529206
              C      7.417645259202   -0.759678152164    2.326316046842
              H      3.827912794106    0.762765765239    1.315478148966
              H      1.732733804202   -0.470474350390    5.338163931755
              H      4.723968055348   -1.471273197423    6.506156239403
              H      3.824748147151   -3.408972381146   -0.182488407278
              H      1.801550201776   -3.319453320795    2.104698256024
              H     10.063005787432    0.231070663183    0.243316241827
              S     -5.107249806316    4.958206713992   -2.160717782581
              O     -7.211068810013   -1.800379608640    0.502067970269
              O     -8.009115861682   -1.144566764879   -3.604481469331
              N     -2.317526510360   -2.215936132879   -2.878718721906
              C     -3.845676168463   -0.066030272054   -1.926875118169
              C     -3.611459344498    2.223881473208   -3.636774878619
              C     -6.554123485614   -0.961513959650   -1.848764808666
              H     -3.285083999131    0.525786120342   -0.025245554033
              H     -1.589948925256    2.586185215192   -3.911202833337
              H     -4.461046593833    1.801373392094   -5.474905961332
              H     -2.182674019838   -3.520456436580   -1.469737707579
              H     -0.534362572347   -1.520658699097   -3.082877251034
              H     -8.953651949713   -2.347775449547    0.306845683606
$End
$SCF_Energy
   &GeometryIndex 26
   &ListStatus       IN
   &SCF_ENERGY [&Type "Double"]      -4.7157614991282408e+03
$End
$MP2_Energies
   &GeometryIndex 26
   &ListStatus       IN
   &REFENERGY [&Type "Double"]      -4.7157614991282408e+03  "Reference Energy"
   &CORRENERGY [&Type "Double"]      -4.1301899828115873e+00  "MP2 correlation energy"
   &TOTALENERGY [&Type "Double"]      -4.7198916891110521e+03  "MP2 total energy"
$End
$MP2_Nuc_Gradient
   &GeometryIndex 26
   &ListStatus       IN
   &NATOMS [&Type "Integer"] 84
   &GRADNORM [&Type "Double"]       3.7543125477321302e-03
   &GRAD [&Type "ArrayOfDoubles", &Dim (84,1)] 
                                                         0

0                                      1.1640425393314984e-03
1                                      6.5140689844060077e-04
2                                     -1.3271072269246779e-03
3                                     -8.8848519908803214e-04
4                                     -2.9599950108181658e-04
5                                      6.0699999010902644e-04
6                                     -1.4515392016775912e-04
7                                     -1.9590943335068278e-04
8                                     -2.6412536923824115e-04
9                                     -9.0530414426338857e-05
10                                    -2.9377175472902750e-04
11                                     3.6296338911138287e-04
12                                     5.7898372191708680e-05
13                                    -2.3092592134438261e-04
14                                     2.4884491683697940e-04
15                                    -2.4494567371739426e-04
16                                     5.8537811183971902e-04
17                                    -5.5846313776190815e-05
18                                     4.0575053067141986e-05
19                                    -4.4299931474356749e-04
20                                    -2.7537846412624412e-04
21                                     3.0837981308889928e-04
22                                    -2.6662161375098394e-04
23                                    -5.1386352773526156e-05
24                                    -1.1751194847143404e-04
25                                     6.3033941140042127e-04
26                                    -4.2475114329441899e-04
27                                    -9.8937566867397103e-06
28                                     3.2146615047308480e-05
29                                    -9.8864326035275757e-05
30                                    -1.0376701531912558e-04
31                                     8.8726363937440857e-05
32                                     7.3094187472229691e-05
33                                    -4.9843533703360088e-05
34                                     1.5001813003617109e-04
35                                     1.9099175906186344e-04
36                                    -4.4232024973495446e-06
37                                    -5.8974416068796436e-05
38                                     1.6683466012797077e-04
39                                     2.3533680952280561e-04
40                                    -1.7962756861556232e-04
41                                    -8.7383685468031200e-05
42                                     9.9358389407798453e-05
43                                     6.1910460280204666e-05
44                                    -1.6981431219454616e-04
45                                    -7.3703688907845923e-04
46                                    -2.8182460746427676e-04
47                                     8.8584929578499651e-04
48                                     1.4844707135384938e-04
49                                    -4.2403620292404739e-04
50                                    -4.9025668722160048e-04
51                                     2.8113298167301015e-04
52                                    -6.1789360182609981e-04
53                                    -1.8472878905023693e-04
54                                     8.5032822809243125e-05
55                                     1.9437596119084230e-04
56                                     4.5522344663456379e-04
57                                     2.9819827661664230e-04
58                                    -8.1533427381746959e-04
59                                    -7.9331311978257657e-05
60                                     2.4818478883537748e-04
61                                     4.8343369976958095e-05
62                                    -1.0758617322632891e-04
63                                    -4.7840970020057716e-04
64                                     1.6282864128693703e-03
65                                     7.7227712841139440e-04
66                                    -5.1272683627131242e-05
67                                    -2.1558144936545051e-05
68                                    -1.4323225230759851e-04
69                                    -7.7338250204367354e-06
70                                     2.7333261391379940e-05
71                                     1.3726169568634670e-05
72                                    -3.6447654321227624e-06
73                                     1.2942405464817699e-04
74                                    -5.4508996582866565e-05
75                                     4.9894826551017497e-05
76                                     1.7818151316904146e-04
77                                    -1.9942374385649095e-04
78                                    -1.8578858923837954e-04
79                                    -1.7277209031229049e-04
80                                    -4.6144148519313734e-05
81                                    -1.0233375433225944e-04
82                                    -6.0413954758893954e-05
83                                     1.4684545827713287e-04
$End
$Geometry
   &GeometryIndex 27
   &ListStatus       OUT
   &NATOMS [&Type "Integer"] 28
   &NCORELESSECP [&Type "Integer"] 0
   &NGHOSTATOMS [&Type "Integer"] 0
   &CartesianCoordinates [&Type "Coordinates", &Dim(28,4), &Units "Bohr"] 
              Cu    -2.163069965034    5.363852069271    0.973451261754
              Cu     1.564924856700    4.864075775140    3.388402866737
              S      4.879517225093    3.406571668707    5.633462734661
              O      7.640191816903   -0.207618513078   -0.222311214652
              O      8.691275712309   -1.909624707696    3.511293210096
              N      3.199025397702   -3.403382090468    2.381999155753
              C      4.278462829022   -0.839491537060    2.706957283662
              C      3.887381158986    0.118534421903    5.383461055370
              C      7.073130483023   -1.028602341015    2.153084594539
              H      3.439032655571    0.548818929616    1.422036440605
              H      1.866127378552   -0.045362169797    5.812783001367
              H      4.942335486283   -1.080725263538    6.698596444592
              H      3.080176344844   -3.773727147711    0.496993400255
              H      1.374269323969   -3.273316228176    2.978625017278
              H      9.462435178795   -0.408059034634   -0.345068039209
              S     -5.427475153180    4.864403828420   -1.718002403654
              O     -6.538076850163   -2.283395553622    0.373339872768
              O     -7.678740446411   -1.426926936351   -3.613501770205
              N     -1.888961245263   -1.807681629394   -3.373083499026
              C     -3.573334574032    0.033860526810   -2.097092233055
              C     -3.743249182014    2.490085736094   -3.568611781176
              C     -6.146870840373   -1.190001890077   -1.930805173558
              H     -2.933936593705    0.501218863620   -0.186792980409
              H     -1.807250797813    3.126803875208   -3.940313868339
              H     -4.683665239971    2.142760860003   -5.378355146720
              H     -1.508506195280   -3.229788465545   -2.133826027130
              H     -0.212516091798   -0.890205686808   -3.603026042504
              H     -8.210500760295   -3.031751598510    0.236881986919
$End
$SCF_Energy
   &GeometryIndex 27
   &ListStatus       IN
   &SCF_ENERGY [&Type "Double"]      -4.7157623573294077e+03
$End
$MP2_Energies
   &GeometryIndex 27
   &ListStatus       IN
   &REFENERGY [&Type "Double"]      -4.7157623573294077e+03  "Reference Energy"
   &CORRENERGY [&Type "Double"]      -4.1299207229716153e+00  "MP2 correlation energy"
   &TOTALENERGY [&Type "Double"]      -4.7198922780523790e+03  "MP2 total energy"
$End
$MP2_Nuc_Gradient
   &GeometryIndex 27
   &ListStatus       IN
   &NATOMS [&Type "Integer"] 84
   &GRADNORM [&Type "Double"]       5.3062308797489658e-03
   &GRAD [&Type "ArrayOfDoubles", &Dim (84,1)] 
                                                         0

0                                      3.8125192007716115e-04
1                                      8.6237150122555652e-04
2                                     -5.0521762125549895e-04
3                                     -3.5838634998613256e-04
4                                      6.6789592725336085e-05
5                                      2.0105131734431386e-05
6                                     -2.4732128908427388e-04
7                                     -9.4905388768017421e-04
8                                     -1.1997560763328703e-05
9                                      6.5780044818525285e-06
10                                    -1.5311288905171111e-04
11                                     1.1728844644540229e-03
12                                     3.7390538337989110e-04
13                                     5.5987485246974944e-05
14                                     1.0057944764321897e-03
15                                     4.4463478921299981e-07
16                                     9.1087251385480600e-04
17                                     5.0117175728947583e-05
18                                     2.1109824231628146e-04
19                                    -3.1559792156327787e-04
20                                    -1.1412145592007428e-04
21                                     1.7742884393545481e-04
22                                    -1.5513508711733053e-04
23                                     1.1379729413625583e-04
24                                    -6.9512067729368687e-04
25                                     2.0707750465102231e-04
26                                    -2.0011093042586123e-03
27                                    -1.0638051982459276e-04
28                                    -1.6658566874917444e-04
29                                    -2.2342382851252632e-04
30                                    -1.4666936476840503e-04
31                                     6.2151761855616661e-05
32                                     2.4804517544349189e-04
33                                     1.1825167315183960e-04
34                                     2.0917444272201130e-04
35                                     2.5791768860838546e-04
36                                    -1.4700940224844053e-04
37                                    -1.5252061474859031e-04
38                                     2.1457189805000609e-04
39                                     3.8936772186258517e-04
40                                    -8.2781407353149129e-05
41                                    -2.6857698869921925e-04
42                                     3.1663946854804115e-04
43                                     6.5100706058383861e-05
44                                    -4.3912423902284041e-04
45                                    -2.1419755252193723e-04
46                                    -3.2743173280642621e-04
47                                     8.0237790075652834e-04
48                                     1.0784367382388194e-04
49                                    -4.9738578832260634e-04
50                                    -9.1016350362393278e-04
51                                     7.1659722954374450e-04
52                                    -1.0111193058098371e-03
53                                    -5.3984573964735438e-04
54                                    -7.6661389755983134e-06
55                                     1.0855582907046135e-04
56                                     9.3268813482393770e-04
57                                     4.8579905918536698e-04
58                                    -7.3611089310218758e-04
59                                    -2.6898580352813228e-04
60                                     4.4227549673260015e-04
61                                     2.5980231592379055e-06
62                                    -3.7176597492674657e-04
63                                    -1.1497897805549800e-03
64                                     2.4138470611173076e-03
65                                     1.6627688405553287e-03
66                                    -9.6035706099664372e-05
67                                    -2.6823224796347113e-04
68                                    -4.2033290355649594e-04
69                                    -8.2027264328297239e-05
70                                     9.0366225735436997e-05
71                                    -6.1949155838788433e-05
72                                    -1.4888072651459382e-04
73                                     1.4056545674062931e-04
74                                    -1.0016539958686288e-04
75                                     3.6144657461845489e-05
76                                     2.1834346155243795e-04
77                                    -5.7710049114644002e-04
78                                    -2.6536702413254565e-04
79                                    -2.8357631846627832e-04
80                                     6.4056125725889604e-05
81                                    -2.6954077169028673e-04
82                                    -3.2006181342277701e-04
83                                     3.5200078608211421e-04
$End
$Geometry
   &GeometryIndex 28
   &ListStatus       OUT
   &NATOMS [&Type "Integer"] 28
   &NCORELESSECP [&Type "Integer"] 0
   &NGHOSTATOMS [&Type "Integer"] 0
   &CartesianCoordinates [&Type "Coordinates", &Dim(28,4), &Units "Bohr"] 
              Cu    -2.282823935601    5.290710507843    1.115551095348
              Cu     1.613277339546    4.909261300349    3.263017483389
              S      5.051946941383    3.540544188356    5.359005100827
              O      7.125579809821   -0.606132702584   -0.427904988801
              O      8.486453089579   -2.076710617098    3.304167848945
              N      2.873387717508   -3.442350273666    2.837739107544
              C      4.050230452975   -0.900370551440    2.846676205667
              C      3.946714443051    0.279022354066    5.460911579093
              C      6.771206610505   -1.230597922531    2.046812304316
              H      3.128304755182    0.412228269792    1.538125432003
              H      1.971494390207    0.221967984068    6.085968092716
              H      5.084647978280   -0.854934071568    6.764801852276
              H      2.563939030973   -3.957409215861    1.009230407024
              H      1.118771161247   -3.201262010531    3.591410973797
              H      8.920242513432   -0.882500309001   -0.706901659363
              S     -5.630031393139    4.739569497760   -1.456585579399
              O     -5.907425390380   -2.563848835860    0.311648937872
              O     -7.402369610614   -1.632980324302   -3.539495752701
              N     -1.594827673747   -1.462209868854   -3.709368049062
              C     -3.349973491180    0.137439761133   -2.220245337244
              C     -3.851320351936    2.637225449164   -3.534194499986
              C     -5.780681583297   -1.334482794685   -1.953369669216
              H     -2.622656651503    0.568400512459   -0.331649666788
              H     -2.012076713061    3.478655577069   -3.982716888572
              H     -4.867622229142    2.291446333445   -5.302692237841
              H     -0.996163584342   -2.902414941935   -2.581566077930
              H     -0.032333253608   -0.374061441645   -3.994928029804
              H     -7.513758459721   -3.452880092630    0.247130162611
$End
$SCF_Energy
   &GeometryIndex 28
   &ListStatus       IN
   &SCF_ENERGY [&Type "Double"]      -4.7157613854465526e+03
$End
$MP2_Energies
   &GeometryIndex 28
   &ListStatus       IN
   &REFENERGY [&Type "Double"]      -4.7157613854465526e+03  "Reference Energy"
   &CORRENERGY [&Type "Double"]      -4.1311873045393126e+00  "MP2 correlation energy"
   &TOTALENERGY [&Type "Double"]      -4.7198925727510923e+03  "MP2 total energy"
$End
$MP2_Nuc_Gradient
   &GeometryIndex 28
   &ListStatus       IN
   &NATOMS [&Type "Integer"] 84
   &GRADNORM [&Type "Double"]       4.1417696338115701e-03
   &GRAD [&Type "ArrayOfDoubles", &Dim (84,1)] 
                                                         0

0                                      2.6184804590433965e-04
1                                      3.4080532289575399e-04
2                                     -2.8886271829536500e-04
3                                     -1.3010692209105071e-04
4                                     -3.2063233041049015e-04
5                                     -2.6421129189776668e-04
6                                     -4.7474418565611031e-04
7                                     -3.7381172400705737e-04
8                                      1.6860428167084392e-04
9                                     -8.9299666117120813e-06
10                                    -2.2261700996616812e-04
11                                     9.3051972389249227e-04
12                                     2.5486247733881584e-04
13                                    -1.6114504868015161e-04
14                                     7.3564810513357393e-04
15                                    -1.0631426447281489e-04
16                                     5.2094174223548881e-04
17                                    -3.3178115992977750e-04
18                                     1.0556266360917110e-04
19                                    -4.4821315954526007e-04
20                                    -1.5413629657198141e-04
21                                     2.6174352874830907e-04
22                                    -6.5708024779446983e-05
23                                     1.6315811710368444e-05
24                                    -2.3528330092384420e-04
25                                     6.4326174445737683e-04
26                                    -1.4950470453093806e-03
27                                    -1.5004775168790327e-04
28                                    -6.1626644653301615e-05
29                                    -1.7241493428141186e-04
30                                    -1.8163272784910839e-05
31                                     1.0814680941484238e-05
32                                     1.7234798553384181e-04
33                                     4.4388731783681634e-05
34                                     1.5602980346464401e-04
35                                     1.5722678579916521e-04
36                                     2.9475671639064838e-05
37                                    -1.5397300337975997e-04
38                                     1.3559284409676853e-04
39                                     2.5823461224575711e-04
40                                    -7.1589857382020790e-05
41                                     2.4004910547568981e-04
42                                     1.1198747645857487e-04
43                                     3.4412030332095500e-05
44                                    -2.5576427435118794e-04
45                                     8.1638696600040001e-05
46                                    -2.1941377528669065e-05
47                                     6.3945077862632982e-04
48                                     1.7194842238780345e-04
49                                    -3.0046021654282599e-04
50                                    -8.1045801560504505e-04
51                                     5.9253474897169589e-04
52                                    -6.8812950363328004e-04
53                                    -5.7195814301787273e-04
54                                     2.1186789516262905e-04
55                                    -8.6802210479689640e-05
56                                     8.0145130853008159e-04
57                                     4.5700912421590620e-04
58                                    -4.0648640416188556e-04
59                                    -2.5079890746475958e-04
60                                     2.6130053571184544e-04
61                                    -4.5727134975324935e-05
62                                    -1.8865599105041125e-04
63                                    -1.1888186482438418e-03
64                                     1.6750464017706457e-03
65                                     1.6253863056062690e-03
66                                    -8.6623520772658585e-05
67                                    -1.0810338945075378e-04
68                                    -2.6430685247144647e-04
69                                    -9.8034281624269359e-05
70                                     1.4198608760710232e-05
71                                    -4.0599266453361649e-05
72                                    -6.5251034814955283e-05
73                                     1.1167511371999728e-04
74                                    -3.1728801750900010e-05
75                                    -1.3346272188013986e-04
76                                    -4.2704552258299167e-07
77                                    -4.2588979558224466e-04
78                                    -2.4865725474781594e-04
79                                     6.8523951316432768e-05
80                                    -2.4920005831724056e-04
81                                    -1.1046146188960215e-04
82                                    -1.5013157690759935e-04
83                                     1.9170181896206555e-04
$End
$Geometry
   &GeometryIndex 29
   &ListStatus       OUT
   &NATOMS [&Type "Integer"] 28
   &NCORELESSECP [&Type "Integer"] 0
   &NGHOSTATOMS [&Type "Integer"] 0
   &CartesianCoordinates [&Type "Coordinates", &Dim(28,4), &Units "Bohr"] 
              Cu    -2.329996224227    5.227518591773    1.144952548986
              Cu     1.592135396374    4.895713374461    3.223983622994
              S      5.037617724477    3.538440402239    5.272946808545
              O      6.695815831227   -0.702199024487   -0.614340275041
              O      8.193455250453   -2.253081636113    3.032056962955
              N      2.518220187309   -3.386542818082    2.867758687182
              C      3.788606117858   -0.887764318641    2.813178525888
              C      3.849096504193    0.301508255761    5.423214851070
              C      6.449766063945   -1.325796814788    1.877569560985
              H      2.855283561338    0.459074407570    1.547985266990
              H      1.902491389618    0.302819384014    6.132168384221
              H      5.005118240948   -0.869783479951    6.677090156117
              H      2.105795214714   -3.887563872030    1.055381123433
              H      0.809765591208   -3.078562732103    3.702095759393
              H      8.460581293001   -1.054299453738   -0.980821331492
              S     -5.664384732845    4.639340017244   -1.423345778017
              O     -5.412806349034   -2.639930352465    0.442798730144
              O     -7.078487321412   -1.810151722790   -3.362801465887
              N     -1.248663521224   -1.304090511830   -3.676833064536
              C     -3.086040331918    0.183118718390   -2.168114520910
              C     -3.770938093087    2.632521815975   -3.493175408099
              C     -5.408570113697   -1.440199337294   -1.842739253883
              H     -2.356856240660    0.683051736104   -0.292848963316
              H     -1.991511696047    3.585904518341   -3.961451713928
              H     -4.770308539998    2.206353384867   -5.253377073146
              H     -0.529599730900   -2.680897944955   -2.536723992649
              H      0.228100464283   -0.108765415742   -3.996668959385
              H     -6.981554023478   -3.594409410415    0.430638958107
$End
$SCF_Energy
   &GeometryIndex 29
   &ListStatus       IN
   &SCF_ENERGY [&Type "Double"]      -4.7157574071537983e+03
$End
$MP2_Energies
   &GeometryIndex 29
   &ListStatus       IN
   &REFENERGY [&Type "Double"]      -4.7157574071537983e+03  "Reference Energy"
   &CORRENERGY [&Type "Double"]      -4.1352706473739120e+00  "MP2 correlation energy"
   &TOTALENERGY [&Type "Double"]      -4.7198926778011719e+03  "MP2 total energy"
$End
$MP2_Nuc_Gradient
   &GeometryIndex 29
   &ListStatus       IN
   &NATOMS [&Type "Integer"] 84
   &GRADNORM [&Type "Double"]       5.0303123775031012e-03
   &GRAD [&Type "ArrayOfDoubles", &Dim (84,1)] 
                                                         0

0                                      5.8977840686494885e-04
1                                     -8.9049106504073688e-04
2                                     -8.5679766303734667e-04
3                                      3.4238477714731985e-04
4                                     -1.4348190470473308e-03
5                                     -1.4057648914218932e-04
6                                     -1.1988794155093725e-03
7                                      1.7050138285464103e-03
8                                      5.0357676453853875e-05
9                                     -1.4517910089398289e-04
10                                    -8.4683455901454069e-05
11                                    -4.1625676830289032e-04
12                                    -3.2030158330337288e-04
13                                    -2.2115208460071062e-04
14                                    -2.9199588775785656e-04
15                                    -2.7871530556401389e-04
16                                    -5.7863445495302118e-04
17                                    -7.4192203361841090e-04
18                                    -3.4517845866270658e-04
19                                     1.6157255065226295e-04
20                                     1.0000545350105638e-04
21                                     1.4217690937102720e-04
22                                    -7.1529514477653919e-05
23                                    -4.8221849300155578e-04
24                                     1.0750708840286671e-03
25                                     2.4793808517907523e-04
26                                     6.0192585845900842e-04
27                                     1.2312210891689962e-04
28                                     1.4115731249888033e-04
29                                     2.1364885184983751e-04
30                                     2.1019276632280176e-04
31                                    -1.0549850859013711e-04
32                                    -2.6273206938102686e-04
33                                    -2.2625395464027226e-04
34                                    -8.9898633326236654e-05
35                                    -1.0708945938709552e-04
36                                     1.4196155330954523e-04
37                                     3.7460270770768231e-05
38                                    -3.2573868732458516e-04
39                                     8.2178586769773854e-05
40                                    -1.1114278959709067e-05
41                                     8.8084930499363057e-04
42                                    -3.0207052395452710e-04
43                                     6.0189864153722961e-05
44                                     4.1793310216935338e-04
45                                     8.6627847824653076e-05
46                                     3.4585970100542429e-04
47                                     5.4344977708917219e-04
48                                    -3.0609655215687454e-04
49                                     6.5350147369223552e-04
50                                     4.3779970474816521e-04
51                                    -8.4776713669164339e-04
52                                     9.1877432132380157e-04
53                                     1.1995376712177486e-04
54                                     1.9088312292461773e-04
55                                     4.6904958274824465e-05
56                                    -2.4320375388598575e-04
57                                    -2.2562377702776276e-04
58                                     6.1831291037154484e-04
59                                     3.5086247351498456e-04
60                                    -9.4336872702818417e-05
61                                    -8.9266633634565995e-05
62                                     5.7054126014927098e-04
63                                     1.1190501118492069e-03
64                                    -2.1142984184417627e-03
65                                    -6.9532925749701130e-04
66                                     7.3546907950616455e-05
67                                     3.7668240527679968e-04
68                                     5.1046030585477631e-04
69                                     5.7681938253544701e-05
70                                    -9.7980185269986100e-05
71                                     7.3677539292795607e-05
72                                     2.1197565911181340e-04
73                                     1.3940621910056572e-04
74                                     1.1449004723167178e-04
75                                    -9.6651227017649152e-05
76                                    -5.8937264150716803e-04
77                                     5.4688227767361527e-04
78                                    -2.3459438284713363e-04
79                                     5.2850339137860622e-04
80                                    -5.0714578242568031e-04
81                                     2.4525663364430988e-04
82                                     4.4888955124629953e-04
83                                    -3.3090185250817146e-04
$End
$Geometry
   &GeometryIndex 30
   &ListStatus       OUT
   &NATOMS [&Type "Integer"] 28
   &NCORELESSECP [&Type "Integer"] 0
   &NGHOSTATOMS [&Type "Integer"] 0
   &CartesianCoordinates [&Type "Coordinates", &Dim(28,4), &Units "Bohr"] 
              Cu    -2.427240666211    5.105181029961    1.301291048692
              Cu     1.654768475200    4.910565543274    3.063665389063
              S      5.223134184567    3.622270360703    4.939695368530
              O      6.232612841864   -1.117449249071   -0.693839676938
              O      7.984036431648   -2.445472784011    2.927997206817
              N      2.280344504089   -3.370150027046    3.343919313740
              C      3.622858866020   -0.939624917860    2.968839964552
              C      3.955115637151    0.452731594658    5.456020937386
              C      6.175066062078   -1.552830716234    1.847467289188
              H      2.622945148146    0.334842131111    1.680139754298
              H      2.081709255493    0.585200196427    6.330844252242
              H      5.185556660890   -0.656033422211    6.696370473168
              H      1.716079532358   -4.011357673314    1.618861193851
              H      0.645407715218   -2.920970760836    4.257693987020
              H      7.948489440954   -1.555941276774   -1.181763497860
              S     -5.840911337982    4.460048786527   -1.146952669788
              O     -4.848973348500   -2.869878251661    0.264423977517
              O     -6.793485567333   -1.996989164422   -3.397010814950
              N     -1.066952693643   -0.930965537637   -4.001828151042
              C     -2.932806597801    0.286450159844   -2.302034288162
              C     -3.910643543129    2.737013370866   -3.431735656926
              C     -5.078472368850   -1.558527716857   -1.945588815430
              H     -2.132377378640    0.741080627002   -0.444301828543
              H     -2.252829495337    3.871501625171   -3.940940942043
              H     -4.976105132276    2.322793567049   -5.156051892146
              H     -0.172594353772   -2.309484743561   -2.996849052786
              H      0.290303635667    0.403124471022   -4.302261135110
              H     -6.322903995449   -3.965801460804    0.284506412380
$End
$SCF_Energy
   &GeometryIndex 30
   &ListStatus       IN
   &SCF_ENERGY [&Type "Double"]      -4.7157574414833489e+03
$End
$MP2_Energies
   &GeometryIndex 30
   &ListStatus       IN
   &REFENERGY [&Type "Double"]      -4.7157574414833489e+03  "Reference Energy"
   &CORRENERGY [&Type "Double"]      -4.1356132961500078e+00  "MP2 correlation energy"
   &TOTALENERGY [&Type "Double"]      -4.7198930547794989e+03  "MP2 total energy"
$End
$MP2_Nuc_Gradient
   &GeometryIndex 30
   &ListStatus       IN
   &NATOMS [&Type "Integer"] 84
   &GRADNORM [&Type "Double"]       5.4535021011017717e-03
   &GRAD [&Type "ArrayOfDoubles", &Dim (84,1)] 
                                                         0

0                                      4.0172652960388487e-04
1                                     -1.1763037538833256e-03
2                                     -4.3074177889182571e-04
3                                      5.5426381547475471e-04
4                                     -1.2084656552366563e-03
5                                     -6.7391729559186609e-04
6                                     -1.2725959178179220e-03
7                                      1.8689761675164639e-03
8                                      2.6145392647902201e-04
9                                      1.4814312487177600e-04
10                                     2.4445932950006855e-04
11                                     4.0161353459268467e-04
12                                    -4.4102842802207221e-06
13                                     2.6911052739370112e-04
14                                     4.3049879286183312e-04
15                                    -5.6058079275886699e-04
16                                    -1.6746112368750538e-04
17                                    -5.9832685492007716e-04
18                                    -5.6927004983567397e-05
19                                     4.9212107509728417e-04
20                                     2.3271044764255899e-04
21                                    -7.4709770287666177e-05
22                                    -4.3572603459698586e-04
23                                    -5.0784683015219628e-04
24                                    -5.9208524446692501e-05
25                                    -8.1667607484184335e-04
26                                    -9.3038531312735623e-04
27                                     7.8821418586184563e-05
28                                    -1.2490864216633049e-04
29                                     2.0187147918349774e-04
30                                     1.3411104660152398e-04
31                                    -4.1248956408001212e-06
32                                    -1.3879807996777099e-04
33                                    -2.6838731676769034e-05
34                                    -7.2399611092392735e-05
35                                     1.5855586510064856e-05
36                                     7.1525444460979019e-04
37                                     2.0408436541748468e-05
38                                    -1.0473004478747661e-04
39                                    -1.4383322268482490e-05
40                                    -2.1672610494032941e-04
41                                     9.3000475537247801e-04
42                                    -4.2768799695544479e-05
43                                     7.4108110781285000e-05
44                                    -3.2070795452008444e-05
45                                    -8.6311528645167945e-05
46                                     1.1188465261896419e-03
47                                     3.3757714045444531e-04
48                                    -6.2921084326656579e-04
49                                     8.7392341295808133e-04
50                                    -1.1683764105062389e-04
51                                    -1.0835713763055616e-03
52                                     1.0016452771034363e-03
53                                    -2.3882026469350393e-04
54                                     2.8078799273841687e-04
55                                     4.1820050599866015e-04
56                                    -6.0275138137021178e-06
57                                    -1.0277780127965902e-04
58                                     4.2099244445892650e-05
59                                     3.0277858723534723e-04
60                                     1.3666630179298353e-04
61                                    -2.6696834021832511e-04
62                                     3.5542225644445008e-04
63                                     1.8442518991504120e-03
64                                    -2.2943339863377831e-03
65                                     3.2247555334147943e-04
66                                     2.8326122406877041e-04
67                                     1.1405674069475853e-04
68                                     3.5161578874123162e-04
69                                     2.1165785532805542e-05
70                                     5.8436034047190666e-05
71                                     2.1643628451899904e-05
72                                     1.0941332951004343e-04
73                                     2.2473598149162256e-04
74                                     2.2727794654519434e-05
75                                    -6.8009919673309507e-04
76                                    -2.4251182664658533e-04
77                                     3.0148346471475101e-04
78                                    -6.5210277835108660e-05
79                                     3.6321131527080122e-04
80                                    -6.2204642958424341e-04
81                                     1.0123653530839938e-04
82                                     1.1706759888678933e-04
83                                     9.0673908806787086e-06
$End
$Geometry
   &GeometryIndex 31
   &ListStatus       OUT
   &NATOMS [&Type "Integer"] 28
   &NCORELESSECP [&Type "Integer"] 0
   &NGHOSTATOMS [&Type "Integer"] 0
   &CartesianCoordinates [&Type "Coordinates", &Dim(28,4), &Units "Bohr"] 
              Cu    -2.448953233917    5.035620453150    1.432456847485
              Cu     1.722866062235    4.930346393148    3.000444629338
              S      5.355826068209    3.631163705693    4.776683185370
              O      5.859759726185   -1.314695819328   -0.751993793242
              O      7.783110271147   -2.588783997934    2.801478942847
              N      2.085895714841   -3.290185223893    3.603997355556
              C      3.491370634999   -0.931264471983    3.061541412104
              C      4.036367227706    0.520998934851    5.478979332730
              C      5.943537951723   -1.663389671925    1.799678266668
              H      2.450133712552    0.336283742626    1.798948041232
              H      2.234318931829    0.740307836311    6.478513708140
              H      5.322980601343   -0.584557639392    6.663923286542
              H      1.395037595529   -3.964810045182    1.938292088698
              H      0.515750944001   -2.736746104017    4.570853535903
              H      7.523471639057   -1.828962814214   -1.339642935443
              S     -5.879459519953    4.339938203473   -0.990727082654
              O     -4.476014032239   -3.025775722966    0.136856730541
              O     -6.576077420561   -2.131715280608   -3.432916576836
              N     -0.948481408063   -0.731761976489   -4.169485499624
              C     -2.818419820161    0.323843812518   -2.371431933239
              C     -3.954016119745    2.759860372297   -3.385814440538
              C     -4.851545129850   -1.642850057111   -2.007792528818
              H     -1.974373571055    0.753198765741   -0.529544212937
              H     -2.373930821506    3.988488844324   -3.920851289099
              H     -5.066177069647    2.344998106409   -5.080972329815
              H      0.046256254329   -2.097168944495   -3.245828480080
              H      0.339265744344    0.674711751091   -4.440074117922
              H     -5.876369020913   -4.215767390780    0.165006003816
$End
$SCF_Energy
   &GeometryIndex 31
   &ListStatus       IN
   &SCF_ENERGY [&Type "Double"]      -4.7157584967376706e+03
$End
$MP2_Energies
   &GeometryIndex 31
   &ListStatus       IN
   &REFENERGY [&Type "Double"]      -4.7157584967376706e+03  "Reference Energy"
   &CORRENERGY [&Type "Double"]      -4.1349435793012539e+00  "MP2 correlation energy"
   &TOTALENERGY [&Type "Double"]      -4.7198934403169715e+03  "MP2 total energy"
$End
$MP2_Nuc_Gradient
   &GeometryIndex 31
   &ListStatus       IN
   &NATOMS [&Type "Integer"] 84
   &GRADNORM [&Type "Double"]       7.2121475882973539e-03
   &GRAD [&Type "ArrayOfDoubles", &Dim (84,1)] 
                                                         0

0                                     -3.8744549578060422e-05
1                                     -1.0058915406155437e-03
2                                      9.1579425223853143e-04
3                                      5.8661527763972758e-04
4                                     -6.7426158604454254e-04
5                                     -1.5756626634841212e-03
6                                     -1.0314965920101829e-03
7                                      9.2126285777998848e-04
8                                      9.8398569110162530e-04
9                                      6.3771512849648132e-04
10                                    -2.2349378607502968e-04
11                                     1.4320080358225309e-03
12                                     2.7179440004783395e-04
13                                    -2.6229382340387658e-04
14                                     1.2439949939509407e-03
15                                    -4.7719475535105971e-04
16                                     1.0744856383728060e-03
17                                     1.6306559827923908e-04
18                                     2.6036496765400458e-04
19                                    -4.1687442115098238e-04
20                                    -1.3461889017633843e-04
21                                     1.2288954873264021e-04
22                                    -7.7918827680778513e-04
23                                     1.3062613333550410e-04
24                                    -1.2392003985788394e-03
25                                     1.1207243990050339e-03
26                                    -2.4750369659619423e-03
27                                    -7.1419641719368265e-05
28                                    -5.9666120625024091e-04
29                                     3.6588978635662683e-05
30                                    -4.6639104471404846e-05
31                                     2.9336559294321869e-04
32                                     6.0604555969609453e-05
33                                     3.2749721677149610e-04
34                                     1.3069579317200389e-04
35                                     7.6955918373936005e-05
36                                     5.1369321226250528e-04
37                                     9.8453812056255655e-05
38                                     2.2298218271201570e-04
39                                     1.1819320272546396e-04
40                                    -5.2369139952103926e-04
41                                     1.2526857824712509e-04
42                                     3.3899974737212207e-04
43                                     4.5489627215938161e-05
44                                    -8.8586782769496664e-04
45                                    -4.8998552208932844e-04
46                                     2.1014318237446740e-03
47                                     1.1679282566835064e-05
48                                    -8.3530749558532319e-04
49                                     6.0813159921557607e-04
50                                    -1.1582730469098176e-03
51                                    -7.9248541213523815e-04
52                                     4.2895103469248880e-04
53                                    -1.2164949369422723e-03
54                                     5.0040342144289790e-05
55                                     9.2357815954161385e-04
56                                     4.5523989821005112e-04
57                                     4.0413439165838672e-05
58                                    -1.1579620369550764e-03
59                                    -4.5318185131788813e-04
60                                     6.0290490633994540e-04
61                                    -5.2485565664830286e-04
62                                    -3.2892158621855572e-04
63                                     1.6990432169543407e-03
64                                    -5.7670929036760660e-04
65                                     2.8230614944456667e-03
66                                     4.8707126516659566e-04
67                                    -4.4826305291936763e-04
68                                    -4.3112125366285420e-04
69                                    -1.9106377432223653e-04
70                                     2.4768978723876955e-04
71                                     5.2079718388895260e-05
72                                    -1.8638248456156678e-04
73                                     2.0700978384738909e-04
74                                    -1.3932181112412748e-04
75                                    -6.0685419136114263e-04
76                                     4.4378766978498546e-04
77                                    -1.6832259488353332e-04
78                                     1.5187519097917615e-04
79                                    -3.3092606124052876e-04
80                                    -2.7621572134055306e-04
81                                    -2.0476385035910621e-04
82                                    -6.6550227229224268e-04
83                                     6.7187115031995775e-04
$End
$Geometry
   &GeometryIndex 32
   &ListStatus       OUT
   &NATOMS [&Type "Integer"] 28
   &NCORELESSECP [&Type "Integer"] 0
   &NGHOSTATOMS [&Type "Integer"] 0
   &CartesianCoordinates [&Type "Coordinates", &Dim(28,4), &Units "Bohr"] 
              Cu    -2.429058509693    4.893916506647    1.416503485183
              Cu     1.722951564855    4.835220288833    2.930476646413
              S      5.294102589927    3.484441040318    4.643311633388
              O      5.150530338802   -1.111423083300   -1.170626223483
              O      7.119233300617   -2.799497471270    2.178015545211
              N      1.432649447731   -3.083992620289    3.252830728522
              C      3.000146829346   -0.813974159468    2.774694046624
              C      3.778498575406    0.441846645243    5.238959845469
              C      5.320419674289   -1.654368325806    1.343573393226
              H      2.006792102640    0.611033654472    1.647559689637
              H      2.046908660233    0.732252116690    6.339172336390
              H      5.027166289332   -0.827635765938    6.291959989967
              H      0.598338935264   -3.586802728817    1.590595683128
              H     -0.034483855526   -2.457523514675    4.331882011401
              H      6.737896346521   -1.719416034595   -1.866751597248
              S     -5.790634883534    4.140403032506   -1.046070185198
              O     -3.902592616398   -2.980236433543    0.599897521505
              O     -5.805464854989   -2.510875880328   -3.155017693233
              N     -0.285995887300   -0.661496036461   -3.630863599117
              C     -2.351826340090    0.331519605241   -2.019111143981
              C     -3.618114789140    2.599230397021   -3.244212793987
              C     -4.236053298305   -1.776960271011   -1.658362053247
              H     -1.671863880335    0.939301775150   -0.159025457929
              H     -2.108994391436    3.920215983737   -3.763683997352
              H     -4.590685412800    1.999333593791   -4.969051876393
              H      0.762365088070   -1.872672995289   -2.559078334712
              H      0.889969792365    0.839858343539   -3.904687446458
              H     -5.200068903436   -4.280371901081    0.607687992996
$End
$SCF_Energy
   &GeometryIndex 32
   &ListStatus       IN
   &SCF_ENERGY [&Type "Double"]      -4.7157417153273636e+03
$End
$MP2_Energies
   &GeometryIndex 32
   &ListStatus       IN
   &REFENERGY [&Type "Double"]      -4.7157417153273636e+03  "Reference Energy"
   &CORRENERGY [&Type "Double"]      -4.1498231331534621e+00  "MP2 correlation energy"
   &TOTALENERGY [&Type "Double"]      -4.7198915384605170e+03  "MP2 total energy"
$End
$MP2_Nuc_Gradient
   &GeometryIndex 32
   &ListStatus       IN
   &NATOMS [&Type "Integer"] 84
   &GRADNORM [&Type "Double"]       1.4014097098557800e-02
   &GRAD [&Type "ArrayOfDoubles", &Dim (84,1)] 
                                                         0

0                                      1.5489830503930338e-03
1                                     -5.0743072344338743e-03
2                                     -2.0770746351057587e-03
3                                      1.8673778086084874e-03
4                                     -5.5259487621535678e-03
5                                     -8.6903584192557677e-04
6                                     -3.9558881020889131e-03
7                                      2.0641801957010375e-03
8                                     -3.7194048615064174e-06
9                                     -9.3517301203688979e-04
10                                    -1.9913130280351660e-04
11                                     7.2778759238980445e-04
12                                    -2.0617519081725377e-04
13                                    -3.2412352465101962e-04
14                                     9.1120243402136036e-04
15                                    -2.9919255070658297e-03
16                                    -2.0105451803069385e-04
17                                     3.8367791750553923e-04
18                                    -1.4528793901459891e-03
19                                     3.3498119397645590e-03
20                                    -8.2129873200924644e-04
21                                     1.3012315681444273e-04
22                                     4.3293600762276535e-04
23                                    -2.4505162763977656e-04
24                                    -4.4313240010273452e-04
25                                     8.3242781016286405e-04
26                                    -3.2361668257884849e-03
27                                     2.0893042397340106e-05
28                                    -5.8891639181844063e-04
29                                     1.9700861334288541e-04
30                                     1.8289808138879926e-05
31                                     2.8226239319018714e-04
32                                    -2.0294811380460950e-04
33                                     5.5659600226354300e-05
34                                     3.2792091251634958e-04
35                                    -9.6500245472960766e-05
36                                     1.0425228635607305e-03
37                                    -1.7034090663833185e-04
38                                    -2.3129526337241427e-03
39                                     6.5188407192419764e-04
40                                    -2.1310260976169573e-05
41                                     1.3681032564493538e-03
42                                    -3.0877213876121662e-04
43                                     3.6541194155885123e-04
44                                     1.9276077854727194e-04
45                                     7.1798095445043536e-04
46                                     2.2580433891836085e-03
47                                     1.5123462290702466e-04
48                                     9.7467096586984631e-04
49                                     7.2919966354840007e-04
50                                    -6.4742803135730415e-04
51                                     1.0577611555950828e-04
52                                     4.7151562528455898e-04
53                                    -9.7743932999905248e-04
54                                     2.8908613408212443e-03
55                                     7.3466377108736061e-04
56                                    -7.9431388368157024e-04
57                                     8.8327251911556048e-04
58                                     2.5199014727999985e-03
59                                     3.3504638496089610e-03
60                                     2.9714952547244336e-04
61                                     1.6236202626084689e-04
62                                     1.0045487830978791e-03
63                                     6.0146361283884564e-04
64                                    -1.5143501781647757e-03
65                                     3.3348787432587734e-03
66                                    -5.4514842433069782e-06
67                                    -1.9179462546366384e-04
68                                    -7.4340058110439200e-04
69                                    -1.1623062950004079e-04
70                                     1.0695715584757917e-04
71                                     3.8311328762162880e-04
72                                    -8.0916148756601108e-05
73                                     2.2090581388016332e-04
74                                     2.0428194341914896e-04
75                                    -8.0403171901037226e-04
76                                    -1.7602523051364304e-03
77                                     1.9020723314439256e-03
78                                    -8.4532445256555247e-04
79                                     6.9520168510935759e-04
80                                    -1.0743964154997961e-03
81                                     2.8450377316757008e-04
82                                     4.5205582264105232e-04
83                                     1.5869373323475731e-04
$End
$Geometry
   &GeometryIndex 33
   &ListStatus       OUT
   &NATOMS [&Type "Integer"] 28
   &NCORELESSECP [&Type "Integer"] 0
   &NGHOSTATOMS [&Type "Integer"] 0
   &CartesianCoordinates [&Type "Coordinates", &Dim(28,4), &Units "Bohr"] 
              Cu    -2.451355688752    4.809451351117    1.536535016419
              Cu     1.804524941609    4.836658927680    2.818995536810
              S      5.525617107426    3.666180999665    4.446988997143
              O      5.387464354803   -1.720370958449   -0.706160979788
              O      7.568998986424   -2.807487406837    2.758630100284
              N      1.922774023814   -3.180207058457    4.079502077871
              C      3.378051541122   -0.937994847507    3.245763545784
              C      4.178670726318    0.665144424810    5.489893125735
              C      5.682010533137   -1.880767667011    1.852456423067
              H      2.290964903699    0.285345728216    1.975887459850
              H      2.475701757396    1.023052342153    6.614586576688
              H      5.522071609144   -0.401345253240    6.646256276869
              H      1.057516342074   -3.935034941970    2.532754722893
              H      0.466478044141   -2.469200996495    5.120322585763
              H      6.974241440217   -2.358324954006   -1.376897416169
              S     -5.976605903824    4.077683903105   -0.721968118025
              O     -4.048365234967   -3.233959357687   -0.225864518321
              O     -6.317651851450   -2.243467478549   -3.663257455071
              N     -0.823988031736   -0.371158588908   -4.413659692450
              C     -2.720563672033    0.408888391272   -2.503693405814
              C     -4.059958003626    2.817761978542   -3.301881902749
              C     -4.591982392673   -1.726469826011   -2.251506573206
              H     -1.867936236649    0.766716921740   -0.649150625504
              H     -2.589618209659    4.188381896229   -3.804425366071
              H     -5.211036044091    2.439930301831   -4.978957120026
              H      0.300410573451   -1.716406972336   -3.613163252841
              H      0.343138718320    1.150371198817   -4.599763473784
              H     -5.357442421216   -4.522046296399   -0.267644398636
$End
$SCF_Energy
   &GeometryIndex 33
   &ListStatus       IN
   &SCF_ENERGY [&Type "Double"]      -4.7157556498547428e+03
$End
$MP2_Energies
   &GeometryIndex 33
   &ListStatus       IN
   &REFENERGY [&Type "Double"]      -4.7157556498547428e+03  "Reference Energy"
   &CORRENERGY [&Type "Double"]      -4.1380355036588670e+00  "MP2 correlation energy"
   &TOTALENERGY [&Type "Double"]      -4.7198936853584019e+03  "MP2 total energy"
$End
$MP2_Nuc_Gradient
   &GeometryIndex 33
   &ListStatus       IN
   &NATOMS [&Type "Integer"] 84
   &GRADNORM [&Type "Double"]       5.0142566411491112e-03
   &GRAD [&Type "ArrayOfDoubles", &Dim (84,1)] 
                                                         0

0                                      5.5006741549052870e-04
1                                     -1.6794707059192959e-03
2                                      1.3427161727419274e-04
3                                      8.4612251870216926e-04
4                                     -2.0371827328917701e-03
5                                     -1.2028346069238897e-03
6                                     -2.0012373990604335e-03
7                                      1.4719305352995024e-03
8                                      6.4836820876441707e-04
9                                      3.5894586288666430e-04
10                                     2.0327041538395832e-04
11                                     3.5869401087488748e-04
12                                     1.8970785828531511e-04
13                                    -6.0748122513713809e-05
14                                     5.5342904072683274e-04
15                                    -7.1235624898767502e-05
16                                     5.3492233057244459e-04
17                                    -1.2344079945660752e-04
18                                    -1.8566287196170039e-04
19                                     4.5978560897403861e-04
20                                     1.6959476749337649e-04
21                                     2.7318032680701335e-04
22                                    -1.0354343282651529e-04
23                                    -2.8805654214245080e-04
24                                    -1.8170597871787486e-04
25                                    -4.2035528052201954e-05
26                                    -9.2688710511534128e-04
27                                     1.4011831804081748e-04
28                                     1.2387107718892301e-04
29                                     4.6661374232113972e-05
30                                     2.5036546174996704e-05
31                                     1.9143815132499457e-04
32                                    -1.5589110508831827e-04
33                                    -3.0888064835338236e-05
34                                     6.0694045372181732e-05
35                                    -1.9624108597205217e-04
36                                     2.8209372238581672e-04
37                                    -4.8912582520363977e-04
38                                     5.0365813966883610e-04
39                                    -9.4371620967492048e-05
40                                    -3.4974351289536118e-04
41                                     5.7215620832190561e-05
42                                    -7.5162320594956977e-05
43                                     9.7619613484652146e-05
44                                    -2.3464345468073369e-05
45                                     4.5661948800727360e-04
46                                     1.5305154499249251e-03
47                                     4.0637699191384963e-05
48                                    -3.6860643031199486e-04
49                                     3.5166650436586205e-04
50                                    -3.1970829183715355e-04
51                                    -1.4164096724854358e-04
52                                     2.8083659747366735e-04
53                                    -5.2410909092366620e-04
54                                    -9.2450737973568536e-05
55                                     6.0680993289665211e-04
56                                     1.3106710626703544e-04
57                                    -3.0120944793499485e-04
58                                     3.4572859453694052e-04
59                                     1.6600925838278560e-04
60                                     1.9625651643383896e-04
61                                    -5.5600510759811622e-04
62                                     4.0663869989893478e-04
63                                     1.9714588880354739e-04
64                                    -4.0858820076508304e-04
65                                     8.0734650096637994e-04
66                                    -2.7319264348325822e-05
67                                     1.1542280366245473e-04
68                                     1.7471715503498270e-04
69                                     3.1083780450573417e-05
70                                     1.1271286766659228e-04
71                                     2.7517351421137148e-04
72                                    -5.1976116102091935e-05
73                                    -8.1865603046410093e-05
74                                     1.1921936405564354e-04
75                                    -6.2565583770660821e-05
76                                    -3.4275346623945102e-04
77                                    -4.7918841378069565e-04
78                                     1.3774901064848161e-04
79                                    -1.3214751546524600e-04
80                                    -2.9405585826958527e-04
81                                     3.8603888942834175e-05
82                                     9.1130146560640390e-05
83                                     1.1118258493423433e-04
$End
$Geometry
   &GeometryIndex 34
   &ListStatus       OUT
   &NATOMS [&Type "Integer"] 28
   &NCORELESSECP [&Type "Integer"] 0
   &NGHOSTATOMS [&Type "Integer"] 0
   &CartesianCoordinates [&Type "Coordinates", &Dim(28,4), &Units "Bohr"] 
              Cu    -2.439596757139    5.053949557218    1.462874193601
              Cu     1.739984046803    4.970564664711    3.033194131620
              S      5.371806730283    3.605346912063    4.800560423243
              O      5.596983020561   -1.306937242941   -0.844707165714
              O      7.596962057695   -2.664489276265    2.635366676336
              N      1.894808396628   -3.210735879919    3.590132072636
              C      3.364023942350   -0.895067731028    3.048143432786
              C      4.025501521835    0.496434066453    5.474566533862
              C      5.753281919286   -1.676648109111    1.698672105711
              H      2.321926532666    0.427005058710    1.841029126642
              H      2.269399146318    0.723364589942    6.550404861746
              H      5.337949417404   -0.651677044958    6.588611649345
              H      1.108691984989   -3.812449543357    1.937012825387
              H      0.381603062780   -2.614477698736    4.622182262344
              H      7.221537680415   -1.866175662693   -1.498103614226
              S     -5.829190497105    4.291959521351   -1.009661911147
              O     -4.324561982617   -3.080296978110    0.138247527499
              O     -6.378928997731   -2.218946120829   -3.466315828981
              N     -0.757633107014   -0.701055497866   -4.072841973797
              C     -2.697919329249    0.314676648880   -2.332239733789
              C     -3.870509759549    2.718000975497   -3.382905426269
              C     -4.692609295745   -1.696712328916   -2.005494960044
              H     -1.906702274570    0.773558025416   -0.473059040946
              H     -2.314338421242    3.971116773029   -3.929923801406
              H     -4.974215669947    2.265099143029   -5.073642959464
              H      0.264312733850   -2.020053326038   -3.109050683717
              H      0.491794727881    0.744405691113   -4.322355114198
              H     -5.692228917419   -4.308433425331    0.139882537662
$End
$SCF_Energy
   &GeometryIndex 34
   &ListStatus       IN
   &SCF_ENERGY [&Type "Double"]      -4.7157588264347823e+03
$End
$MP2_Energies
   &GeometryIndex 34
   &ListStatus       IN
   &REFENERGY [&Type "Double"]      -4.7157588264347823e+03  "Reference Energy"
   &CORRENERGY [&Type "Double"]      -4.1349725455377726e+00  "MP2 correlation energy"
   &TOTALENERGY [&Type "Double"]      -4.7198937989803198e+03  "MP2 total energy"
$End
$MP2_Nuc_Gradient
   &GeometryIndex 34
   &ListStatus       IN
   &NATOMS [&Type "Integer"] 84
   &GRADNORM [&Type "Double"]       1.1067571849016239e-02
   &GRAD [&Type "ArrayOfDoubles", &Dim (84,1)] 
                                                         0

0                                     -3.8904858480195634e-04
1                                     -8.4392817913685279e-04
2                                      1.5673876377183364e-03
3                                      4.7951893509247910e-04
4                                     -2.1586568211964027e-04
5                                     -2.1572027575048240e-03
6                                     -2.7286476359929084e-04
7                                      1.2515487477819907e-03
8                                      1.7164546784265659e-03
9                                      9.2715387545638794e-04
10                                    -6.8345546161823270e-04
11                                     2.1128617744626890e-03
12                                     9.5836121084848236e-04
13                                    -1.1605890167757510e-03
14                                     1.9670488855366777e-03
15                                     4.4112817013038791e-04
16                                     1.8747176469312947e-03
17                                     4.0675034901101713e-04
18                                     1.6546047442236173e-04
19                                    -2.2032048861568322e-03
20                                     1.6404416786709036e-04
21                                    -1.4479997609003967e-04
22                                    -1.5013996211004164e-03
23                                     7.0650763358638680e-05
24                                    -2.0660449986289880e-03
25                                     2.9528981067401053e-03
26                                    -3.8095431001086630e-03
27                                    -5.3559214501751329e-04
28                                    -6.7998741697174181e-04
29                                    -1.1281800620844759e-04
30                                     2.0845517221684470e-04
31                                     3.2047585120872132e-04
32                                     3.1397287097166202e-04
33                                     4.2112332523016466e-04
34                                     2.6680321554500841e-04
35                                     2.1344379416154621e-04
36                                     2.2222684046369588e-04
37                                     1.1553026163505647e-04
38                                    -1.8469988111122215e-04
39                                    -1.8951323232713896e-04
40                                    -2.2041849927249661e-04
41                                     8.4234414722252071e-05
42                                     4.0400914938699267e-04
43                                     8.4646904868344169e-05
44                                    -1.3024413424462429e-03
45                                    -3.1260142716313822e-04
46                                     2.0082195543995908e-03
47                                    -2.5698963348731035e-04
48                                    -1.1019138302173492e-03
49                                     7.2545478665117860e-04
50                                    -1.8955014661152861e-03
51                                    -1.1590823734127231e-03
52                                     2.8302702309506225e-04
53                                    -2.1949382880915302e-03
54                                    -9.0302447305415021e-04
55                                     1.3013931524736289e-03
56                                     7.9017993241365519e-04
57                                     2.5121644453424130e-06
58                                    -1.5834753672980002e-03
59                                    -1.6422027536764222e-03
60                                     6.3773799311858670e-04
61                                    -9.5151474294951494e-04
62                                    -8.4916104114612923e-04
63                                     2.2830785793875874e-03
64                                    -6.1643377200997981e-05
65                                     4.5727632792273987e-03
66                                     8.7398617422172926e-04
67                                    -4.4910999494320036e-04
68                                    -2.3379795696262806e-04
69                                    -3.5298044474919160e-04
70                                     4.1256869361405712e-04
71                                    -5.6455148321810089e-05
72                                    -3.3231953983708928e-04
73                                     2.2595719383361034e-04
74                                    -1.4461600381880657e-04
75                                    -2.3692017220944966e-04
76                                     5.5081584880413426e-05
77                                     1.7913443072488724e-04
78                                     2.2954046892535024e-04
79                                    -2.2841919255715826e-05
80                                    -1.2459581491238228e-04
81                                    -2.6115589278292994e-04
82                                    -9.2337508284335429e-04
83                                     9.7881438067315288e-04
$End
$Geometry
   &GeometryIndex 35
   &ListStatus       OUT
   &NATOMS [&Type "Integer"] 28
   &NCORELESSECP [&Type "Integer"] 0
   &NGHOSTATOMS [&Type "Integer"] 0
   &CartesianCoordinates [&Type "Coordinates", &Dim(28,4), &Units "Bohr"] 
              Cu    -2.472561560616    4.972928610762    1.569545227215
              Cu     1.773888257906    4.990997736249    2.925905349276
              S      5.456714180020    3.613560542765    4.551789848921
              O      5.248950329205   -1.555698092925   -0.933326983425
              O      7.349082171068   -2.835230681995    2.515846352915
              N      1.647360563030   -3.084857674625    3.700609741193
              C      3.211833598477   -0.869948440526    3.025155290286
              C      4.026595469313    0.575117482222    5.375125218319
              C      5.503871704673   -1.816474131971    1.616090650580
              H      2.187809886659    0.460865257582    1.810469078199
              H      2.323336360325    0.903898686743    6.507969843250
              H      5.335793172807   -0.583907444375    6.481800723122
              H      0.753926219342   -3.682004663027    2.099610904506
              H      0.212706048971   -2.364234106675    4.766012203422
              H      6.816236876032   -2.219256083998   -1.626681370808
              S     -5.886468616990    4.111050048437   -0.831520823455
              O     -3.960230210946   -3.236830760455    0.051105067408
              O     -6.083831545587   -2.358541661339   -3.507442943899
              N     -0.540227582630   -0.493665562020   -4.031490786168
              C     -2.554329529746    0.346639929055   -2.282687308470
              C     -3.862714335052    2.712161875660   -3.261333039867
              C     -4.422102938872   -1.792997345255   -2.035113080660
              H     -1.804916219843    0.793532806147   -0.403260077308
              H     -2.377788437995    4.061691494076   -3.775100536471
              H     -4.948435750931    2.253976804912   -4.961868204504
              H      0.562571767461   -1.763496436105   -3.089553397996
              H      0.612793199807    1.039242349357   -4.217991437459
              H     -5.247731163470   -4.547194777363    0.000912638599
$End
$SCF_Energy
   &GeometryIndex 35
   &ListStatus       IN
   &SCF_ENERGY [&Type "Double"]      -4.7157567804824193e+03
$End
$MP2_Energies
   &GeometryIndex 35
   &ListStatus       IN
   &REFENERGY [&Type "Double"]      -4.7157567804824193e+03  "Reference Energy"
   &CORRENERGY [&Type "Double"]      -4.1377312063072269e+00  "MP2 correlation energy"
   &TOTALENERGY [&Type "Double"]      -4.7198945116887262e+03  "MP2 total energy"
$End
$MP2_Nuc_Gradient
   &GeometryIndex 35
   &ListStatus       IN
   &NATOMS [&Type "Integer"] 84
   &GRADNORM [&Type "Double"]       1.1621240391471353e-02
   &GRAD [&Type "ArrayOfDoubles", &Dim (84,1)] 
                                                         0

0                                      2.2996147369003239e-05
1                                     -1.4548112165918515e-03
2                                      1.3776995790065480e-03
3                                      4.3809086720250634e-04
4                                     -7.0296268602989230e-04
5                                     -2.1740892675016360e-03
6                                     -1.9438110436282435e-04
7                                      1.9896664475599832e-03
8                                      1.6523213218435154e-03
9                                      9.2780488330791722e-04
10                                    -6.1084933300512012e-04
11                                     2.4901011501523261e-03
12                                     1.0778268154466308e-03
13                                    -1.1045083701465286e-03
14                                     2.0065943516075213e-03
15                                     7.2889004797071361e-04
16                                     1.7361892264484806e-03
17                                     6.8120988822226169e-04
18                                    -1.2679564660999718e-04
19                                    -2.6888152184510010e-03
20                                     6.5353211886474277e-05
21                                    -1.6475015188366186e-04
22                                    -1.2660710008389128e-03
23                                     1.2917464183885563e-04
24                                    -2.0856374534435410e-03
25                                     2.6638419111201586e-03
26                                    -4.6947259663511279e-03
27                                    -8.5812171370868578e-04
28                                    -5.5997645416587527e-04
29                                    -2.0463890512672014e-04
30                                     2.5006135700415127e-04
31                                     2.8101456144154300e-04
32                                     3.2085399792453756e-04
33                                     2.7016193972927496e-04
34                                     3.2029795831425845e-04
35                                     4.2235097329967886e-04
36                                     1.0628206048781882e-04
37                                     5.6807747110412463e-05
38                                    -5.5962726246160804e-04
39                                    -1.5765360939168707e-04
40                                     3.3188113187421209e-05
41                                    -7.8075030681676316e-05
42                                     1.7086464884667057e-04
43                                     1.5372262282993543e-04
44                                    -1.0072359218799253e-03
45                                    -3.4819403720535384e-04
46                                     2.0847759860640070e-03
47                                    -6.4731874157668290e-05
48                                    -1.2287851298247165e-03
49                                     9.2873203042027896e-04
50                                    -2.0595875137017702e-03
51                                    -1.0333952246720790e-03
52                                     3.4247653484225510e-04
53                                    -2.0901343949993878e-03
54                                    -9.1026291389235958e-04
55                                     1.1092688620432944e-03
56                                     6.9710546222263164e-04
57                                     4.4575485278815219e-04
58                                    -1.3170662169601100e-03
59                                    -1.4238380333290585e-03
60                                     4.2187735778130564e-04
61                                    -5.2390443924901081e-04
62                                    -9.7745242479162220e-04
63                                     2.1500281445887767e-03
64                                    -7.7995668615783373e-04
65                                     4.7912976961376613e-03
66                                     9.2372196278120086e-04
67                                    -3.8296317988273723e-04
68                                    -2.4875942012474173e-04
69                                    -3.8777708371507194e-04
70                                     3.4873901373792815e-04
71                                    -1.0667625112526641e-05
72                                    -1.9966209493412282e-04
73                                     3.8243397627402663e-04
74                                    -1.4389043131656648e-04
75                                    -1.8237107806591199e-04
76                                    -2.0766770984860863e-04
77                                     3.1874979444665788e-04
78                                     5.1572376801752723e-05
79                                     5.5900242793532895e-05
80                                     7.3632363275792818e-05
81                                    -8.1279167198272662e-05
82                                    -6.1846967481317405e-04
83                                     8.2813403456370987e-04
$End
$Geometry
   &GeometryIndex 36
   &ListStatus       OUT
   &NATOMS [&Type "Integer"] 28
   &NCORELESSECP [&Type "Integer"] 0
   &NGHOSTATOMS [&Type "Integer"] 0
   &CartesianCoordinates [&Type "Coordinates", &Dim(28,4), &Units "Bohr"] 
              Cu    -2.485265829537    4.931056976830    1.649153100393
              Cu     1.795922497066    5.013320100522    2.864038363341
              S      5.496594460014    3.572289216280    4.374976040786
              O      4.871217751077   -1.688515133949   -1.049220897465
              O      7.048298273340   -3.002540608841    2.336473698350
              N      1.368565692521   -2.964611332414    3.714549259629
              C      3.021828980355   -0.834633962873    2.963222853964
              C      3.968689388084    0.601083040728    5.265666266414
              C      5.213603698753   -1.919724283210    1.499096363678
              H      2.031614214609    0.533704591992    1.762469308660
              H      2.309957747136    1.013414524014    6.436563301576
              H      5.253039322373   -0.602580477306    6.352682856941
              H      0.389045944125   -3.527458309233    2.152528057868
              H      0.008688274869   -2.152384050028    4.812263106614
              H      6.377631101930   -2.446422728925   -1.777681517183
              S     -5.895569382115    3.956687123725   -0.710898060592
              O     -3.526068303785   -3.315521223279    0.091374303654
              O     -5.748240452664   -2.531425595089   -3.426786086640
              N     -0.313688676241   -0.333703990177   -3.962977052106
              C     -2.373146350375    0.375893722195   -2.202711427144
              C     -3.810951641138    2.674250338375   -3.153596462293
              C     -4.104966195386   -1.875422796775   -1.975605624717
              H     -1.652680213553    0.850629624892   -0.318825218488
              H     -2.394842325386    4.099428639165   -3.657678535150
              H     -4.872067832658    2.176034430334   -4.857747874922
              H      0.869201782333   -1.537670379132   -3.032644765243
              H      0.744434526677    1.268400214839   -4.132204056072
              H     -4.728714540005   -4.702251911347    0.024098842867
$End
$SCF_Energy
   &GeometryIndex 36
   &ListStatus       IN
   &SCF_ENERGY [&Type "Double"]      -4.7157530401223139e+03
$End
$MP2_Energies
   &GeometryIndex 36
   &ListStatus       IN
   &REFENERGY [&Type "Double"]      -4.7157530401223139e+03  "Reference Energy"
   &CORRENERGY [&Type "Double"]      -4.1415427015503044e+00  "MP2 correlation energy"
   &TOTALENERGY [&Type "Double"]      -4.7198945828238639e+03  "MP2 total energy"
$End
$MP2_Nuc_Gradient
   &GeometryIndex 36
   &ListStatus       IN
   &NATOMS [&Type "Integer"] 84
   &GRADNORM [&Type "Double"]       7.2678467754066691e-03
   &GRAD [&Type "ArrayOfDoubles", &Dim (84,1)] 
                                                         0

0                                      4.4182435622205224e-04
1                                     -1.9670273042554087e-03
2                                      1.0973446856295914e-03
3                                      3.4814257827116626e-04
4                                     -1.3936998581029507e-03
5                                     -2.1539863356507629e-03
6                                     -3.1685126180651304e-04
7                                      2.0701396730656678e-03
8                                      1.6491189811270561e-03
9                                     -3.4867825466949193e-04
10                                     6.5809832053721068e-05
11                                     1.0722693432470252e-03
12                                     2.7413810984652787e-04
13                                    -3.7852026292160834e-04
14                                     7.6522965008439525e-04
15                                    -5.4094397771095939e-04
16                                     1.8082503489147764e-04
17                                     5.0333165555304510e-04
18                                     1.4775400942548811e-04
19                                    -3.5466436775244935e-04
20                                    -2.8148069951321186e-04
21                                    -1.3757691037717679e-04
22                                    -9.8548295000290206e-04
23                                    -6.9652506923152668e-04
24                                    -8.3253440088106728e-04
25                                     6.7728205723309454e-04
26                                    -2.9513242024244643e-03
27                                    -7.1156249870375950e-04
28                                    -1.5019443455669551e-04
29                                     5.5469392490407193e-05
30                                     1.2992101998255887e-04
31                                     2.7901913207985327e-04
32                                     3.7685507083960734e-05
33                                    -7.7080190132625126e-05
34                                     2.6429510985526497e-04
35                                     2.0799026469018808e-04
36                                    -3.0537780374376849e-04
37                                    -3.2283959454806194e-04
38                                    -8.3226995170132545e-04
39                                    -6.3180351580469085e-05
40                                     1.9193127756345074e-04
41                                    -9.9451143958904226e-05
42                                    -2.1608473478473833e-04
43                                     3.5815668153188138e-04
44                                    -1.0510708081244019e-04
45                                    -4.9465283801366448e-04
46                                     2.2093982996065067e-03
47                                    -1.5899757410220774e-04
48                                     2.1671154109023649e-04
49                                     7.3513363264745765e-04
50                                    -5.1117036841408919e-04
51                                    -2.1971614174048915e-04
52                                     1.2637273686801065e-04
53                                    -7.7347930865101500e-04
54                                     6.1658605294985513e-04
55                                     2.5666834751644427e-04
56                                    -2.0507548609549620e-06
57                                    -1.4230447194826801e-05
58                                    -1.5422835469081509e-04
59                                     1.5667537417698996e-04
60                                     2.5963182831249820e-04
61                                    -7.8213443938125737e-04
62                                    -2.9924234300466451e-04
63                                     8.1898338736845211e-04
64                                    -1.1805424777252879e-03
65                                     2.5049737905473157e-03
66                                     6.2743182896442262e-04
67                                    -1.3383893188675423e-05
68                                    -2.1933814124294043e-04
69                                    -1.9090945838132894e-04
70                                     1.7154857513832639e-04
71                                     1.6448419317607182e-04
72                                     9.5105685071147222e-05
73                                     3.3928411521857299e-04
74                                     4.4921380936924216e-05
75                                     3.5107081558428607e-04
76                                    -5.4196912575272746e-04
77                                     2.7848670345327273e-04
78                                    -3.7354542874942775e-06
79                                     5.3367664222911393e-05
80                                     1.7697697693146641e-04
81                                     1.5110350687329299e-04
82                                     2.9237059727593717e-04
83                                     2.9048690101003780e-04
$End
$Geometry
   &GeometryIndex 37
   &ListStatus       OUT
   &NATOMS [&Type "Integer"] 28
   &NCORELESSECP [&Type "Integer"] 0
   &NGHOSTATOMS [&Type "Integer"] 0
   &CartesianCoordinates [&Type "Coordinates", &Dim(28,4), &Units "Bohr"] 
              Cu    -2.493518389757    4.830989612385    1.681858380731
              Cu     1.819751019027    4.957959416178    2.768511843771
              S      5.571141299890    3.611537303232    4.233048387013
              O      4.884195304689   -1.971698594928   -0.871835362006
              O      7.137933421709   -3.063590714501    2.542008393393
              N      1.476076288460   -2.969677615117    4.011431967321
              C      3.109350223374   -0.879435091098    3.116069776131
              C      4.088844346045    0.684440295266    5.317473155047
              C      5.279375317270   -2.043631067939    1.680839247042
              H      2.097884084740    0.418091029081    1.856267203387
              H      2.449107995522    1.147265907654    6.496328188976
              H      5.403250369961   -0.451360568425    6.440968357194
              H      0.470946606949   -3.616361686013    2.499066743423
              H      0.135972524239   -2.101117919918    5.090280191235
              H      6.380924605268   -2.770702003281   -1.576035137966
              S     -5.976682711657    3.881849321322   -0.577669952306
              O     -3.455202016249   -3.386098295058   -0.205880854515
              O     -5.830531095138   -2.476266228564   -3.590759802401
              N     -0.451096544393   -0.156348328074   -4.211570753807
              C     -2.462097640282    0.436596284018   -2.353730239834
              C     -3.971503491253    2.744909847916   -3.151687745097
              C     -4.143443310912   -1.856620414093   -2.175623607935
              H     -1.690160458474    0.840737838583   -0.474031498490
              H     -2.597875455226    4.214181942341   -3.647187746473
              H     -5.088736457343    2.297782974579   -4.834051925934
              H      0.784195481113   -1.374576542854   -3.371842418304
              H      0.567949337207    1.473973817885   -4.348165674716
              H     -4.633918742358   -4.791504759262   -0.303500968160
$End
$SCF_Energy
   &GeometryIndex 37
   &ListStatus       IN
   &SCF_ENERGY [&Type "Double"]      -4.7157551262636898e+03
$End
$MP2_Energies
   &GeometryIndex 37
   &ListStatus       IN
   &REFENERGY [&Type "Double"]      -4.7157551262636898e+03  "Reference Energy"
   &CORRENERGY [&Type "Double"]      -4.1398861240645468e+00  "MP2 correlation energy"
   &TOTALENERGY [&Type "Double"]      -4.7198950123877539e+03  "MP2 total energy"
$End
$MP2_Nuc_Gradient
   &GeometryIndex 37
   &ListStatus       IN
   &NATOMS [&Type "Integer"] 84
   &GRADNORM [&Type "Double"]       5.2334399213153299e-03
   &GRAD [&Type "ArrayOfDoubles", &Dim (84,1)] 
                                                         0

0                                      5.4330809191968817e-04
1                                     -1.8348086117039248e-03
2                                      9.9308021984485188e-04
3                                      3.1733195259245339e-04
4                                     -1.4020167745486438e-03
5                                     -2.0202897634380192e-03
6                                     -7.3508002789978918e-04
7                                      1.9404033748682131e-03
8                                      1.3570292573705615e-03
9                                      3.0905130207825593e-04
10                                     1.1272227019806097e-04
11                                     6.3993718851087025e-04
12                                    -3.8158722378570098e-05
13                                    -1.2068570792009292e-04
14                                     1.6082266251298688e-04
15                                     4.4830617667454553e-04
16                                     6.9077626512582119e-05
17                                     1.1379454344812370e-04
18                                     6.3565411948938305e-05
19                                    -3.2147065247611385e-04
20                                     1.8901991840448995e-04
21                                     1.0435927046676535e-04
22                                    -6.4999962876939252e-04
23                                    -9.2386600002099251e-04
24                                    -1.8960685997194970e-05
25                                     4.5871412664044708e-05
26                                    -9.0398440624436804e-04
27                                    -3.3194167359836685e-04
28                                     2.1228911380711396e-04
29                                     9.7048517561190706e-05
30                                     3.0618807299487294e-05
31                                     2.4100701661944855e-04
32                                    -1.2567882239115924e-04
33                                    -1.4055605160655585e-04
34                                     1.0302168773464182e-04
35                                     5.1976398079772723e-05
36                                    -2.4910174409057545e-04
37                                    -3.4118369632582350e-04
38                                     4.2031977205856524e-04
39                                    -2.0590602985792392e-04
40                                     1.0113133675495808e-04
41                                    -3.4160300049293837e-04
42                                    -1.0756836323527752e-04
43                                     2.0953740456152933e-04
44                                     4.3496124129882227e-05
45                                    -9.6086843588020186e-05
46                                     1.8942151290540481e-03
47                                    -1.0827980902438500e-04
48                                    -2.1671971606662677e-04
49                                     3.5171907987928061e-04
50                                    -3.2947414118927182e-04
51                                     2.1079274516298818e-04
52                                     7.8568137581724873e-06
53                                    -1.5176764590134340e-04
54                                    -3.9995079396923372e-04
55                                    -2.2299523399142013e-04
56                                     4.5463005818285884e-05
57                                     5.4974656120455878e-05
58                                     2.9040582399366376e-04
59                                    -1.5117471280239048e-04
60                                    -7.2260877134966428e-05
61                                    -8.1738938655565724e-04
62                                     1.4804950675981199e-04
63                                    -1.3494042445942600e-04
64                                    -4.4761175700215247e-04
65                                     6.3300909948599271e-04
66                                     8.0063723538369852e-05
67                                     2.0260868101234283e-04
68                                    -8.3501690118871486e-05
69                                    -3.0884462543259023e-05
70                                     6.7772126456436266e-05
71                                     3.0174856994595600e-04
72                                     1.2056546712465796e-04
73                                     1.3032853364995222e-04
74                                     8.6877432329632992e-05
75                                     2.5051086106572459e-04
76                                     1.9888555003279990e-04
77                                    -6.5529084240998139e-04
78                                     1.9689945854782162e-04
79                                    -1.8770787075389483e-04
80                                     3.1013749315148085e-04
81                                     6.9104290137879387e-05
82                                     2.5550323454911344e-04
83                                     9.6529551920121297e-05
$End
$Geometry
   &GeometryIndex 38
   &ListStatus       OUT
   &NATOMS [&Type "Integer"] 28
   &NCORELESSECP [&Type "Integer"] 0
   &NGHOSTATOMS [&Type "Integer"] 0
   &CartesianCoordinates [&Type "Coordinates", &Dim(28,4), &Units "Bohr"] 
              Cu    -2.493365809479    4.884145390876    1.717033342644
              Cu     1.824389209552    5.026715919311    2.793914432334
              S      5.577157073009    3.634080075958    4.227584499104
              O      4.915597127888   -1.967144975737   -0.917956345062
              O      7.126019751611   -3.053588413497    2.526276785151
              N      1.431789198929   -2.905455980095    3.898107286820
              C      3.110045291680   -0.834959969585    3.046751320193
              C      4.075250451118    0.703189917525    5.274037529625
              C      5.285491470596   -2.021920144504    1.639089140182
              H      2.136792715083    0.482655700062    1.778128462785
              H      2.427776288933    1.161778076612    6.443615582544
              H      5.377712310296   -0.446282631614    6.398076775092
              H      0.433866407851   -3.510735490986    2.363062291839
              H      0.094260668570   -2.025226607871    4.971264494876
              H      6.408094969806   -2.790544542137   -1.603883611553
              S     -5.954616154339    3.875695427288   -0.555124896810
              O     -3.548716165139   -3.469038027673   -0.228689014454
              O     -5.834473391241   -2.459281448659   -3.646865614124
              N     -0.395247412556   -0.209885769097   -4.066754417862
              C     -2.462226632721    0.386709286535   -2.275569959266
              C     -3.920854541745    2.720149769415   -3.097976107766
              C     -4.173148505459   -1.889486609385   -2.180259997653
              H     -1.748695774210    0.761619346499   -0.366914753328
              H     -2.519051863707    4.172149752890   -3.564313241776
              H     -5.016116450697    2.292901403718   -4.800258895995
              H      0.801708553361   -1.438874332633   -3.185803016042
              H      0.637794305666    1.415137476543   -4.160066376977
              H     -4.735101180235   -4.863176838445   -0.385927547800
$End
$SCF_Energy
   &GeometryIndex 38
   &ListStatus       IN
   &SCF_ENERGY [&Type "Double"]      -4.7157555281368286e+03
$End
$MP2_Energies
   &GeometryIndex 38
   &ListStatus       IN
   &REFENERGY [&Type "Double"]      -4.7157555281368286e+03  "Reference Energy"
   &CORRENERGY [&Type "Double"]      -4.1397146096478563e+00  "MP2 correlation energy"
   &TOTALENERGY [&Type "Double"]      -4.7198952427464765e+03  "MP2 total energy"
$End
$MP2_Nuc_Gradient
   &GeometryIndex 38
   &ListStatus       IN
   &NATOMS [&Type "Integer"] 84
   &GRADNORM [&Type "Double"]       5.5469800379423445e-03
   &GRAD [&Type "ArrayOfDoubles", &Dim (84,1)] 
                                                         0

0                                      4.1675765200823063e-04
1                                     -1.4696054046681659e-03
2                                      1.3080133133924659e-03
3                                      2.1689049772272498e-04
4                                     -1.0318246227910676e-03
5                                     -2.0733886798972949e-03
6                                     -5.9708239743072340e-04
7                                      1.5872980707937710e-03
8                                      1.2825873113130864e-03
9                                      1.5551596895795744e-04
10                                    -8.0967125153028063e-06
11                                     7.0975759673044120e-04
12                                     2.5230565496844881e-04
13                                    -5.2683477403517309e-04
14                                     5.8904984374262559e-04
15                                     7.9342254793872760e-04
16                                     2.2610676921282907e-04
17                                     6.7040365504170661e-04
18                                    -2.8229447753650230e-04
19                                    -1.2165351383171784e-03
20                                     7.6138073072121171e-05
21                                     8.9691085131510598e-05
22                                    -6.0195532089582851e-04
23                                    -5.5338264343758603e-04
24                                    -5.4593851175568919e-04
25                                     9.4662562025724789e-04
26                                    -1.6355250075937092e-03
27                                    -4.6351245791754342e-04
28                                    -7.2110109905949155e-05
29                                     1.9163804708878518e-05
30                                     3.8011716175883475e-05
31                                     2.8071860821489870e-04
32                                    -3.8420560051089653e-05
33                                     2.4061997789065481e-05
34                                     1.0348824141572302e-04
35                                     1.6641732243242308e-04
36                                    -8.7048005075248541e-05
37                                     2.5544504829166405e-04
38                                    -2.3915073847313728e-04
39                                    -1.3625561090966146e-04
40                                     2.3298356298849868e-04
41                                    -2.7120569464907790e-04
42                                     8.7579569313919747e-05
43                                     1.4039522304385918e-04
44                                    -1.5716217034802624e-04
45                                     1.1786502033874977e-04
46                                     1.4480394174554408e-03
47                                    -1.6041654024131352e-04
48                                    -3.7275275408815006e-04
49                                     3.2302594595612702e-04
50                                    -5.0543308996709585e-04
51                                    -1.2884789778247474e-04
52                                     6.5740572907854733e-06
53                                    -6.3350011800802908e-04
54                                    -6.9102581218409911e-04
55                                     3.5502122860769231e-04
56                                    -3.2348932339502923e-04
57                                     2.5072019969394482e-04
58                                    -3.4490430777192431e-04
59                                    -6.1062720172066695e-04
60                                    -3.5093887857957223e-05
61                                    -6.0788968060423998e-04
62                                    -1.6485736811074070e-04
63                                     4.6582032512240690e-04
64                                    -2.3553342610688460e-04
65                                     1.4135273756046146e-03
66                                     4.4917979452173060e-04
67                                     1.0081332862870319e-04
68                                    -1.6018224157011984e-05
69                                    -6.6902516805543433e-05
70                                     2.0516465009181445e-04
71                                     2.5448116202738541e-04
72                                    -5.3439318139687081e-05
73                                     1.0430891493279359e-04
74                                    -6.3371935801283252e-05
75                                     1.9243167998462402e-04
76                                    -2.2272853340297993e-04
77                                     3.3726823124781771e-04
78                                     2.1153329493969752e-05
79                                     2.8786046341398863e-05
80                                     2.9698555143286209e-04
81                                    -1.3510461707101629e-04
82                                    -5.1376410480780121e-05
83                                     1.7134932117954856e-04
$End
$Geometry
   &GeometryIndex 39
   &ListStatus       OUT
   &NATOMS [&Type "Integer"] 28
   &NCORELESSECP [&Type "Integer"] 0
   &NGHOSTATOMS [&Type "Integer"] 0
   &CartesianCoordinates [&Type "Coordinates", &Dim(28,4), &Units "Bohr"] 
              Cu    -2.528764826156    4.922552027795    1.757680146932
              Cu     1.809408915796    5.082882249775    2.772483263440
              S      5.572668556963    3.616281436598    4.141356239416
              O      4.881586155467   -2.112954277263   -0.927621191510
              O      7.061230340913   -3.127643932343    2.557449026735
              N      1.340698542856   -2.868233440434    3.846634261485
              C      3.071599496949   -0.841555635829    2.993701345523
              C      4.037223865131    0.711548887730    5.211628711715
              C      5.238152141739   -2.097858359625    1.633813905650
              H      2.142667105599    0.474460574502    1.691472886004
              H      2.388749973695    1.198027648582    6.368237158026
              H      5.324793985020   -0.437421649926    6.353438011014
              H      0.347388810443   -3.465406366391    2.304790992823
              H      0.011302018635   -1.950343722131    4.898524484062
              H      6.359703998324   -2.987367722990   -1.581030196615
              S     -5.981809474968    3.839961341255   -0.502497749381
              O     -3.374351779640   -3.486122024029   -0.210944864934
              O     -5.732139784558   -2.509933546127   -3.589741508797
              N     -0.340876509262   -0.124110510437   -4.018363199802
              C     -2.425419380400    0.420135004385   -2.231342391067
              C     -3.943742113083    2.715681268954   -3.055526885320
              C     -4.069850835130   -1.904453377642   -2.139066494747
              H     -1.724348141647    0.812839400916   -0.322237099841
              H     -2.579938103936    4.196349686281   -3.542685372733
              H     -5.044534555249    2.253655910740   -4.745186063776
              H      0.890209045380   -1.311338735363   -3.127287187646
              H      0.642854821802    1.530991338009   -4.121689969555
              H     -4.512330358263   -4.919297713680   -0.375412110381
$End
$SCF_Energy
   &GeometryIndex 39
   &ListStatus       IN
   &SCF_ENERGY [&Type "Double"]      -4.7157560605110903e+03
$End
$MP2_Energies
   &GeometryIndex 39
   &ListStatus       IN
   &REFENERGY [&Type "Double"]      -4.7157560605110903e+03  "Reference Energy"
   &CORRENERGY [&Type "Double"]      -4.1393602945843213e+00  "MP2 correlation energy"
   &TOTALENERGY [&Type "Double"]      -4.7198954208056748e+03  "MP2 total energy"
$End
$MP2_Nuc_Gradient
   &GeometryIndex 39
   &ListStatus       IN
   &NATOMS [&Type "Integer"] 84
   &GRADNORM [&Type "Double"]       5.2740733211956992e-03
   &GRAD [&Type "ArrayOfDoubles", &Dim (84,1)] 
                                                         0

0                                      2.4997007918204153e-04
1                                     -1.3385811879430025e-03
2                                      1.6706646077559485e-03
3                                     -7.4278042838138089e-05
4                                     -2.2708022661434334e-04
5                                     -2.2515654604960836e-03
6                                     -1.4642265200417743e-04
7                                      1.0469926054966217e-03
8                                      1.1949588626601997e-03
9                                      2.0216427457969699e-04
10                                     6.5825740754553441e-06
11                                     5.2083198353813920e-04
12                                     3.0686294982268381e-04
13                                    -4.7540869227166022e-04
14                                     5.4252227758014998e-04
15                                     4.9529716812095337e-04
16                                     1.0376978655782937e-04
17                                     8.3351772880478452e-04
18                                    -4.1339530512586597e-05
19                                    -1.1954512512437239e-03
20                                    -2.3859781512804851e-04
21                                     1.6558816242047761e-05
22                                    -4.7710387729761258e-04
23                                    -1.5827836421845876e-04
24                                    -7.6386948246101594e-04
25                                     7.0870146882721918e-04
26                                    -1.3499772221465395e-03
27                                    -5.9902528913892417e-04
28                                    -1.7401961357625326e-04
29                                    -7.1498034458324783e-05
30                                     4.6186627361451127e-05
31                                     3.2061892342160302e-04
32                                     6.0366451370572061e-05
33                                     1.3019465436477778e-04
34                                     4.4293649081244418e-05
35                                     1.7824308152565582e-04
36                                    -2.7747198187359073e-04
37                                     1.0368440050016400e-04
38                                    -9.4224319223477210e-04
39                                    -1.1742419148425692e-04
40                                     2.9444081809387387e-04
41                                    -9.0314043852422754e-05
42                                     1.7519203119451682e-04
43                                     6.5876907831503850e-05
44                                    -2.2455047491461155e-04
45                                     1.1656993692694181e-04
46                                     1.1863112727029433e-03
47                                    -4.1043991062136506e-04
48                                     3.7259662892231982e-05
49                                     2.6045468160481103e-04
50                                    -3.4570244740399214e-05
51                                    -1.2350283509643400e-04
52                                    -5.5684431382201083e-05
53                                    -6.5585272372105374e-04
54                                    -7.9796916979270500e-04
55                                     1.9915180216011422e-04
56                                    -4.8042870151622508e-04
57                                     4.8506766324983575e-04
58                                    -4.4309553834163701e-04
59                                    -4.4822835128442012e-04
60                                    -6.2990215422463469e-05
61                                    -3.0289166767815540e-04
62                                    -3.8316235692305994e-04
63                                     5.8284008486887001e-04
64                                    -1.7464855862219398e-04
65                                     1.4703670482912670e-03
66                                     3.7994596893617394e-04
67                                    -4.0785079691975021e-05
68                                    -1.8018794993572562e-04
69                                    -1.1384870095606375e-04
70                                     2.1726964989557396e-04
71                                     2.2815516540109805e-04
72                                    -1.1520876747376022e-04
73                                     4.9369574413953531e-05
74                                    -7.0633723211380173e-05
75                                     2.6446557878648941e-05
76                                    -3.2667609127061403e-06
77                                     6.1446442594254372e-04
78                                     8.5527132297414515e-05
79                                     1.3495734924452024e-04
80                                     2.5225224532922494e-04
81                                    -8.7014226826408192e-05
82                                    -1.0941945539744841e-04
83                                     1.6593574159464580e-04
$End
$Geometry
   &GeometryIndex 40
   &ListStatus       OUT
   &NATOMS [&Type "Integer"] 28
   &NCORELESSECP [&Type "Integer"] 0
   &NGHOSTATOMS [&Type "Integer"] 0
   &CartesianCoordinates [&Type "Coordinates", &Dim(28,4), &Units "Bohr"] 
              Cu    -2.498782642168    4.966619457600    1.804199917327
              Cu     1.848315649894    5.148385252817    2.806161488306
              S      5.620405922625    3.623380153035    4.128044695596
              O      4.678333346277   -2.098582074156   -0.959991325919
              O      6.967808711541   -3.131223654065    2.447264861391
              N      1.280390906558   -2.793486722093    3.886446883264
              C      3.024203949296   -0.779958017480    3.010744489137
              C      4.064723739313    0.739562408671    5.214070056494
              C      5.126912399739   -2.079612504003    1.593824908859
              H      2.096488325299    0.561554558720    1.736438713436
              H      2.450095833111    1.240536689349    6.411006472300
              H      5.358157776628   -0.442590710987    6.313528754648
              H      0.244437718769   -3.367733208451    2.366249962282
              H     -0.006726260649   -1.872816334722    4.986594572155
              H      6.114166194869   -3.012512254400   -1.650286800694
              S     -5.933542707763    3.783966879502   -0.443587927455
              O     -3.296041991888   -3.588695728061   -0.309518943638
              O     -5.687638906741   -2.535159697486   -3.639638139377
              N     -0.289389488442   -0.137600852559   -4.012568583974
              C     -2.382564381611    0.377573815999   -2.219168027645
              C     -3.894403634731    2.688398264694   -3.005611454603
              C     -4.017350195007   -1.955007214894   -2.192014187157
              H     -1.696856984362    0.729326865097   -0.297546326383
              H     -2.525330522149    4.169989820381   -3.473581544842
              H     -4.993833957401    2.248768138003   -4.701559356454
              H      0.936500709872   -1.345215683494   -3.144831904834
              H      0.694401539474    1.518494426381   -4.092531327930
              H     -4.420749137934   -5.025036312086   -0.521561777568
$End
$SCF_Energy
   &GeometryIndex 40
   &ListStatus       IN
   &SCF_ENERGY [&Type "Double"]      -4.7157569929029378e+03
$End
$MP2_Energies
   &GeometryIndex 40
   &ListStatus       IN
   &REFENERGY [&Type "Double"]      -4.7157569929029378e+03  "Reference Energy"
   &CORRENERGY [&Type "Double"]      -4.1385134206812770e+00  "MP2 correlation energy"
   &TOTALENERGY [&Type "Double"]      -4.7198955063236190e+03  "MP2 total energy"
$End
$MP2_Nuc_Gradient
   &GeometryIndex 40
   &ListStatus       IN
   &NATOMS [&Type "Integer"] 84
   &GRADNORM [&Type "Double"]       5.9296244610853423e-03
   &GRAD [&Type "ArrayOfDoubles", &Dim (84,1)] 
                                                         0

0                                      2.4958667803567924e-05
1                                     -5.5584494980144561e-04
2                                      2.0886613901358432e-03
3                                     -2.4767008736604861e-04
4                                      6.3797619531348951e-05
5                                     -2.2563227393968535e-03
6                                      1.0782616081535246e-04
7                                      1.7581472483974014e-04
8                                      1.3675587817886612e-03
9                                     -4.5592425634593398e-04
10                                     5.5584860497634447e-04
11                                    -1.2249594091602242e-03
12                                    -7.4670827473705126e-04
13                                     3.1786299650582439e-04
14                                    -9.5961949342011216e-04
15                                    -5.1938388433294888e-04
16                                    -1.3918942546153196e-03
17                                     2.4605179514060500e-04
18                                     2.8800722545747198e-04
19                                     1.2925912674415091e-03
20                                    -4.7685852657834010e-04
21                                     1.2259283280484021e-04
22                                     1.6114577917873685e-04
23                                    -3.9407546363263990e-04
24                                     4.7452146516546029e-04
25                                    -1.2336490516893575e-03
26                                     1.5428634887335244e-03
27                                     1.8905595684371237e-04
28                                    -1.2082933256755968e-04
29                                     2.2682236347339874e-04
30                                    -4.3401118202460176e-06
31                                     2.1655285727256984e-04
32                                    -1.4540248352130913e-04
33                                    -7.0691214782165473e-05
34                                    -9.5728689738453637e-05
35                                    -2.9661314345857254e-04
36                                     4.9940134773902162e-05
37                                     1.3292433435483676e-04
38                                    -2.1851577286593343e-04
39                                    -3.2728256359335767e-05
40                                     1.1386018560482006e-04
41                                     1.0577743140011489e-04
42                                    -1.8221000595787518e-04
43                                     2.1288084408222982e-04
44                                     3.7499053835075326e-04
45                                     7.8770167507423439e-05
46                                     7.3097281576157882e-04
47                                    -6.7036107221155050e-04
48                                     2.6773614795730372e-04
49                                    -4.6117263112669532e-04
50                                     1.0873076542618834e-03
51                                     6.3728002596231959e-04
52                                    -3.3021660442859868e-04
53                                     7.5596840971853263e-04
54                                     9.1122889439020950e-04
55                                    -4.2020829933897552e-04
56                                    -8.5394014660188089e-04
57                                    -4.9566831361502056e-04
58                                    -8.3462828532904904e-05
59                                     9.0120395147217161e-04
60                                    -5.8870826458411185e-05
61                                    -2.4359135114846581e-04
62                                     3.5989345778336679e-05
63                                    -5.9819898637166607e-04
64                                     2.5742269587784687e-04
65                                    -1.7445097543471594e-03
66                                     8.0134077686814381e-05
67                                     1.3165578991727270e-04
68                                    -7.5076392689138460e-05
69                                    -2.8035870358315840e-05
70                                     4.4187127983548458e-05
71                                     2.1696724739220241e-04
72                                     6.4232579205965312e-05
73                                    -1.8984275438746739e-04
74                                     1.2509025183008241e-04
75                                     1.0072373857884440e-04
76                                    -5.0258743473615211e-04
77                                     2.3879326139367510e-04
78                                     1.8221002451447588e-05
79                                     3.2104774859909729e-04
80                                    -2.6067604152449266e-05
81                                     1.5534270207791245e-05
82                                     4.3773269599698544e-04
83                                    -1.9788808880421248e-04
$End
$Geometry
   &GeometryIndex 41
   &ListStatus       OUT
   &NATOMS [&Type "Integer"] 28
   &NCORELESSECP [&Type "Integer"] 0
   &NGHOSTATOMS [&Type "Integer"] 0
   &CartesianCoordinates [&Type "Coordinates", &Dim(28,4), &Units "Bohr"] 
              Cu    -2.514461348786    5.006657899226    1.826968816904
              Cu     1.841937017813    5.194064268508    2.794201087322
              S      5.628549722880    3.652822172551    4.062260720423
              O      4.760965165074   -2.288694436675   -0.898597257745
              O      7.037689433964   -3.137186046907    2.567528060603
              N      1.299112934243   -2.764360914279    3.864699440225
              C      3.075867760999   -0.779239706521    2.987453688258
              C      4.068564555883    0.785768887629    5.178839275223
              C      5.200669800288   -2.131137986876    1.655439375687
              H      2.191902683159    0.536326837566    1.656738846429
              H      2.428289741909    1.298751299344    6.334671261975
              H      5.345199425196   -0.370118935793    6.324532367588
              H      0.293496916265   -3.363919686080    2.335024969607
              H     -0.002074052841   -1.815659538143    4.922824534747
              H      6.199354323766   -3.242972673518   -1.525761952348
              S     -5.965257569765    3.780853086437   -0.374245496120
              O     -3.291569504903   -3.652766293117   -0.432132139670
              O     -5.740733407611   -2.492635191916   -3.683604080973
              N     -0.318123266209   -0.088928073675   -3.979731240273
              C     -2.432455594071    0.389206541560   -2.198778171903
              C     -3.944456327101    2.707805803371   -2.957439910067
              C     -4.055497906371   -1.951093952444   -2.239839158296
              H     -1.771370052455    0.704453450255   -0.262426577983
              H     -2.575282538643    4.190034853206   -3.422505897032
              H     -5.053593533412    2.281156899180   -4.650187953435
              H      0.906193958099   -1.302475301250   -3.118182410869
              H      0.652973253416    1.575005673104   -4.032392245974
              H     -4.403759678368   -5.090393173432   -0.694779805580
$End
$SCF_Energy
   &GeometryIndex 41
   &ListStatus       IN
   &SCF_ENERGY [&Type "Double"]      -4.7157581964190385e+03
$End
$MP2_Energies
   &GeometryIndex 41
   &ListStatus       IN
   &REFENERGY [&Type "Double"]      -4.7157581964190385e+03  "Reference Energy"
   &CORRENERGY [&Type "Double"]      -4.1375442031057110e+00  "MP2 correlation energy"
   &TOTALENERGY [&Type "Double"]      -4.7198957406221443e+03  "MP2 total energy"
$End
$MP2_Nuc_Gradient
   &GeometryIndex 41
   &ListStatus       IN
   &NATOMS [&Type "Integer"] 84
   &GRADNORM [&Type "Double"]       7.5122549996484451e-03
   &GRAD [&Type "ArrayOfDoubles", &Dim (84,1)] 
                                                         0

0                                     -7.5498091045948790e-06
1                                     -2.2217803162191338e-04
2                                      1.9174019936541347e-03
3                                     -3.2439110214345195e-04
4                                      3.9419181549106910e-04
5                                     -1.8904162307989080e-03
6                                     -3.4571912995005720e-05
7                                     -3.0501208470442437e-04
8                                      1.0398753022850329e-03
9                                     -4.9650667395154807e-04
10                                    -1.1465444455054791e-05
11                                    -1.7256950224973991e-03
12                                    -1.2041628367828183e-03
13                                    -1.0290787303697535e-04
14                                    -1.3576861838027615e-03
15                                    -9.3617916152953159e-04
16                                    -1.5931215486578304e-03
17                                     3.6850399584137557e-04
18                                     7.3981796928631466e-05
19                                     1.0082808778220896e-03
20                                    -4.9230733879995422e-04
21                                     4.2565671060044996e-04
22                                     5.2135279479340740e-04
23                                    -5.1967033610548358e-04
24                                     1.8170238067932165e-03
25                                    -1.8427602175188212e-04
26                                     2.8335350306160356e-03
27                                     3.9022630665901288e-04
28                                    -8.3468560506845535e-06
29                                     1.7369352825594500e-04
30                                    -9.1827941661681844e-05
31                                    -3.3026413087396123e-05
32                                    -3.3666948441949188e-04
33                                    -2.0367616181896087e-04
34                                    -1.7581734309286834e-04
35                                    -3.2475381983131102e-04
36                                     3.9676507455998697e-04
37                                     3.3060058354903235e-04
38                                     4.6336843552340079e-05
39                                     2.1975232302651887e-04
40                                     5.1456840712952451e-05
41                                     1.1116996467813028e-04
42                                    -5.4107932849184470e-05
43                                     2.3529135517362867e-04
44                                     6.8451670071009892e-04
45                                     3.8721322552216948e-04
46                                     2.9274630331001077e-04
47                                    -6.9438972385113887e-04
48                                     4.5954505633910570e-04
49                                    -9.3767433425240299e-04
50                                     1.3558523048340099e-03
51                                     1.1270682591800474e-03
52                                    -5.6880162899779207e-04
53                                     1.0519972390973797e-03
54                                     1.1080450484507436e-03
55                                    -3.8258234599945762e-04
56                                    -1.3301949063514520e-03
57                                    -3.2216404529997189e-04
58                                     1.4004768531392792e-04
59                                     9.2162177373167342e-04
60                                    -4.2061902854902133e-04
61                                    -2.1916401376596145e-04
62                                     4.2273993136657945e-04
63                                    -1.7530577027511651e-03
64                                     1.1127593528777605e-03
65                                    -2.5795384047188619e-03
66                                    -2.0955615111426917e-04
67                                     1.8548474429587111e-04
68                                     1.1246612023271818e-05
69                                     1.3144431769960413e-04
70                                    -1.1118829030272101e-04
71                                     2.1360740877587880e-04
72                                     1.2536364527987801e-04
73                                    -3.8637158587190648e-04
74                                     1.6902122972387371e-04
75                                    -2.5978125344661845e-04
76                                    -1.6456871399902692e-04
77                                     2.5700014153246659e-04
78                                    -2.4275097107965410e-04
79                                     1.1148369873979075e-04
80                                    -8.4309143886027952e-05
81                                    -9.0685906158412266e-05
82                                     5.8806732227282416e-04
83                                    -3.9016372532735440e-04
$End
$Geometry
   &GeometryIndex 42
   &ListStatus       OUT
   &NATOMS [&Type "Integer"] 28
   &NCORELESSECP [&Type "Integer"] 0
   &NGHOSTATOMS [&Type "Integer"] 0
   &CartesianCoordinates [&Type "Coordinates", &Dim(28,4), &Units "Bohr"] 
              Cu    -2.528026234345    4.965377261161    1.830176396858
              Cu     1.842409806210    5.171517225551    2.749960675652
              S      5.650786397092    3.660928752272    4.009250062928
              O      4.698998048055   -2.421759109466   -0.835273369899
              O      7.066890222329   -3.119175117488    2.606287930429
              N      1.320779853989   -2.753257198951    3.980805007759
              C      3.090545865646   -0.800148996278    3.040808257783
              C      4.125809951317    0.797581007826    5.193194745148
              C      5.193439432646   -2.173991612934    1.694982801182
              H      2.181890452030    0.493837762004    1.703298075336
              H      2.511891148461    1.319039569234    6.382315776229
              H      5.436394355641   -0.332892695267    6.327516783063
              H      0.281994721494   -3.372198769612    2.479314307690
              H      0.041672040799   -1.777199517721    5.041389478476
              H      6.127894320375   -3.382434879337   -1.477770364512
              S     -5.997576479293    3.758944032051   -0.356142711298
              O     -3.223164116841   -3.682505378502   -0.560599265624
              O     -5.755124184886   -2.464429462646   -3.728787985351
              N     -0.336539652153   -0.008564720446   -4.029108137260
              C     -2.451828467638    0.414553083091   -2.245011304540
              C     -4.001362909817    2.721589736902   -2.975950928490
              C     -4.045490385770   -1.946483054878   -2.300322064977
              H     -1.782929671528    0.717349771118   -0.308896924656
              H     -2.658949653775    4.224085521410   -3.453375795771
              H     -5.132651652307    2.295267842999   -4.654701703769
              H      0.911698910540   -1.208863501984   -3.182211286967
              H      0.608506627638    1.670855373666   -4.062703673415
              H     -4.315826833493   -5.135697162460   -0.827866635283
$End
$SCF_Energy
   &GeometryIndex 42
   &ListStatus       IN
   &SCF_ENERGY [&Type "Double"]      -4.7157590444081297e+03
$End
$MP2_Energies
   &GeometryIndex 42
   &ListStatus       IN
   &REFENERGY [&Type "Double"]      -4.7157590444081297e+03  "Reference Energy"
   &CORRENERGY [&Type "Double"]      -4.1367182720330185e+00  "MP2 correlation energy"
   &TOTALENERGY [&Type "Double"]      -4.7198957626801630e+03  "MP2 total energy"
$End
$MP2_Nuc_Gradient
   &GeometryIndex 42
   &ListStatus       IN
   &NATOMS [&Type "Integer"] 84
   &GRADNORM [&Type "Double"]       4.7323379028386577e-03
   &GRAD [&Type "ArrayOfDoubles", &Dim (84,1)] 
                                                         0

0                                     -1.6279940883199076e-04
1                                     -3.2675741537003047e-04
2                                      2.1737118690617423e-03
3                                     -3.7714322892813679e-04
4                                      8.2104505883411061e-04
5                                     -2.2045536964649167e-03
6                                      5.3893505402986559e-04
7                                      1.0176668431117683e-04
8                                      1.0974699611236878e-03
9                                     -9.1593528666673862e-05
10                                     1.7732827948387792e-04
11                                     4.8082016660771359e-05
12                                     4.5926328591971988e-04
13                                    -3.6063528864199029e-04
14                                     6.0626119934840961e-04
15                                     8.9071080436323169e-04
16                                     3.3951250000881922e-04
17                                     3.1630085379821295e-04
18                                    -3.5256404212553188e-04
19                                    -1.1486010045837908e-03
20                                     6.3911698584290938e-05
21                                     1.8799781711206082e-04
22                                    -1.5968632831426383e-04
23                                    -5.1106161576039422e-05
24                                    -5.5859471506126968e-04
25                                     5.4029431194338798e-04
26                                    -6.8771151759447480e-04
27                                    -2.4878819479948015e-04
28                                    -2.0398177809989246e-04
29                                    -1.4378461322878122e-04
30                                    -4.9965234370799583e-05
31                                    -2.5863593080169278e-05
32                                     1.6702891015588084e-05
33                                     1.6831556108184639e-04
34                                    -1.0140514874703785e-04
35                                     2.0836988269046924e-04
36                                    -2.3504222756566551e-04
37                                     2.9378080705733979e-04
38                                     1.1003103678845078e-04
39                                    -7.3332472660531112e-05
40                                     3.9614419799216538e-06
41                                    -9.9260266631418653e-05
42                                     2.9604120133074757e-04
43                                    -2.1938987381625932e-04
44                                    -2.3286420531544276e-04
45                                     2.2214631118300590e-04
46                                     3.7653631435294928e-04
47                                    -5.5433328107497987e-04
48                                    -2.1693048579358998e-05
49                                     1.1897261165252915e-05
50                                    -1.8284354441398809e-04
51                                    -2.9155545987952225e-05
52                                    -7.8639949972831441e-05
53                                    -8.0495515544037888e-04
54                                    -5.8099825867524019e-04
55                                     2.5873614115043755e-04
56                                    -1.6511568674888732e-05
57                                     5.9565226486952422e-04
58                                    -6.4061068116577982e-04
59                                    -5.8435114044011124e-04
60                                    -4.5260489614053906e-04
61                                    -7.0278880264749988e-05
62                                    -4.1594789543335925e-04
63                                    -2.2239633112959567e-04
64                                     4.4156688206125651e-04
65                                     1.2636695131560335e-03
66                                     2.8626139791254526e-04
67                                    -1.4207542031493929e-04
68                                    -9.6584616337117013e-05
69                                    -2.0532550693001805e-05
70                                     6.3987424673665749e-05
71                                     5.7927875464030415e-05
72                                    -1.3737241309264361e-04
73                                    -8.2950679418851946e-05
74                                    -1.4242905325920208e-04
75                                     1.3608017700021680e-04
76                                     2.3117855883359600e-04
77                                     1.2027795101121619e-04
78                                    -4.5370591801111027e-06
79                                    -9.3363639770638329e-05
80                                     3.1377706270391964e-05
81                                    -2.3097434860780766e-04
82                                    -4.4758624288999266e-04
83                                     3.0900021184830304e-05
$End
$Geometry
   &GeometryIndex 43
   &ListStatus       OUT
   &NATOMS [&Type "Integer"] 28
   &NCORELESSECP [&Type "Integer"] 0
   &NGHOSTATOMS [&Type "Integer"] 0
   &CartesianCoordinates [&Type "Coordinates", &Dim(28,4), &Units "Bohr"] 
              Cu    -2.529595789605    5.079172605072    1.730086165135
              Cu     1.793532003627    5.187397102063    2.847676611876
              S      5.558016929013    3.673969280730    4.189433252925
              O      5.058344463098   -2.295409849684   -0.884311781806
              O      7.246055726348   -2.975464459558    2.679135778762
              N      1.383231659638   -2.814341440982    3.672744404780
              C      3.170562988894   -0.802194298116    2.913795006652
              C      4.024852152875    0.742411713601    5.181013881331
              C      5.389410809818   -2.092863632586    1.674220937862
              H      2.328457861849    0.518980246000    1.557165639583
              H      2.323983979481    1.189592293011    6.276467830694
              H      5.282250162999   -0.399394071814    6.363679532685
              H      0.472959229184   -3.430588525116    2.088508498515
              H      0.005560108928   -1.894030784457    4.656335544227
              H      6.555666936684   -3.193606560674   -1.458039199896
              S     -5.987297542988    3.943107122309   -0.501147101954
              O     -3.496821859408   -3.620761473769   -0.365702877345
              O     -5.934733042946   -2.384644437405   -3.601742193863
              N     -0.378694452042   -0.186014542280   -3.836422465310
              C     -2.530357779952    0.389075421755   -2.143553532316
              C     -3.952666548671    2.729584034112   -3.012351976678
              C     -4.218579594383   -1.905994421678   -2.166727415794
              H     -1.914825886850    0.735868797731   -0.196519740007
              H     -2.528339113429    4.153694994612   -3.494182506012
              H     -5.041362538670    2.292047733558   -4.716262713677
              H      0.784194086852   -1.420525900596   -2.921198790830
              H      0.646460176150    1.444903804282   -3.884908278357
              H     -4.648133214075   -5.032644988806   -0.606614364461
$End
$SCF_Energy
   &GeometryIndex 43
   &ListStatus       IN
   &SCF_ENERGY [&Type "Double"]      -4.7157583632993010e+03
$End
$MP2_Energies
   &GeometryIndex 43
   &ListStatus       IN
   &REFENERGY [&Type "Double"]      -4.7157583632993010e+03  "Reference Energy"
   &CORRENERGY [&Type "Double"]      -4.1373209898632402e+00  "MP2 correlation energy"
   &TOTALENERGY [&Type "Double"]      -4.7198956842891639e+03  "MP2 total energy"
$End
$MP2_Nuc_Gradient
   &GeometryIndex 43
   &ListStatus       IN
   &NATOMS [&Type "Integer"] 84
   &GRADNORM [&Type "Double"]       5.8748085337884731e-03
   &GRAD [&Type "ArrayOfDoubles", &Dim (84,1)] 
                                                         0

0                                     -6.0577907460243260e-05
1                                     -4.6485220178295490e-04
2                                      1.0635770571311436e-03
3                                     -1.8038599252691995e-04
4                                      4.1120469110485138e-04
5                                     -1.3548696237645162e-03
6                                      3.5132039817428219e-04
7                                      2.8118123226711020e-04
8                                      5.6223222527333402e-04
9                                      4.1548428711610935e-04
10                                     1.1562835581370029e-03
11                                     4.1182463192509025e-04
12                                     1.4160224164554563e-03
13                                     6.6068056008946469e-04
14                                     1.0343840044027969e-03
15                                     8.3019658424441159e-04
16                                     8.7500902060808419e-04
17                                     6.8952952862941230e-04
18                                    -3.3137406488180018e-04
19                                    -9.8032460242538505e-04
20                                    -5.6429605806814637e-05
21                                     2.5750635005587080e-04
22                                    -1.8957329654748639e-04
23                                    -9.0645699786062739e-05
24                                    -2.0084548603259769e-03
25                                    -2.1030945386491702e-03
26                                    -1.3843932079925514e-03
27                                    -5.6787429057903772e-04
28                                     7.5710187844524324e-05
29                                    -3.3587068451918292e-04
30                                    -2.3566693830211899e-04
31                                    -5.3854709970428682e-05
32                                     1.0902030712030275e-04
33                                     1.5184006947241424e-04
34                                    -1.9238721203265405e-04
35                                     3.9327575865263920e-04
36                                    -5.5245546188902039e-05
37                                     8.6343815985321856e-05
38                                    -8.5852029940198388e-04
39                                     3.5385258083099613e-04
40                                     2.5028335495566253e-04
41                                    -6.0399133550208262e-05
42                                     3.8237946368701453e-04
43                                    -2.7900438552239809e-04
44                                    -9.0384780467257439e-05
45                                     2.1380693939195092e-04
46                                     1.8526996342976311e-04
47                                    -3.1557580190539475e-04
48                                    -1.5422458977459863e-04
49                                     8.9961576614057404e-04
50                                    -1.2960753303289940e-04
51                                    -7.0909462150052505e-04
52                                     3.8930036053001771e-04
53                                    -9.0932229348282545e-04
54                                    -7.6834502008318699e-04
55                                     3.9828922829976410e-04
56                                     1.1663866557744262e-04
57                                     9.5073673144598081e-04
58                                    -2.8346246464485553e-04
59                                    -3.8762637752671331e-04
60                                    -5.5894476915339941e-04
61                                     7.7940782713170620e-05
62                                    -2.6922129286444108e-04
63                                     9.7414695041685151e-04
64                                    -1.1899696626581141e-03
65                                     1.4023052587192192e-03
66                                     1.9360733610647614e-04
67                                    -2.3290722783011249e-04
68                                    -1.3397212563441563e-04
69                                     1.1724991014907746e-04
70                                     2.2718921526072161e-05
71                                     2.6107246644493931e-05
72                                    -7.1668146833583912e-05
73                                     7.1754093974994715e-05
74                                    -2.2623977299290193e-04
75                                    -2.4680429527459274e-04
76                                     2.6391215773440349e-04
77                                     4.9823976350954827e-04
78                                    -3.8866905433389623e-04
79                                    -1.4499969989820866e-04
80                                     1.2909174088452519e-04
81                                    -2.8221569328672896e-04
82                                    -2.5642001621098420e-04
83                                    -2.8059534616469567e-05
$End
$Geometry
   &GeometryIndex 44
   &ListStatus       OUT
   &NATOMS [&Type "Integer"] 28
   &NCORELESSECP [&Type "Integer"] 0
   &NGHOSTATOMS [&Type "Integer"] 0
   &CartesianCoordinates [&Type "Coordinates", &Dim(28,4), &Units "Bohr"] 
              Cu    -2.523728277885    5.045868116229    1.776695280635
              Cu     1.812997450382    5.195085644753    2.834870200910
              S      5.594973503457    3.677715585332    4.126618472065
              O      4.830788354320   -2.381920947813   -0.882687402229
              O      7.127655555267   -3.053504683035    2.609503849492
              N      1.314103880535   -2.752925947427    3.755970254961
              C      3.116352095196   -0.768813185855    2.944342293745
              C      4.049991241006    0.775871101710    5.177566812374
              C      5.275204298702   -2.111625855718    1.657327873902
              H      2.267200204092    0.558424607462    1.600029240395
              H      2.383469181233    1.252804807144    6.311686351439
              H      5.319732796377   -0.378254642511    6.333250061826
              H      0.359862194170   -3.362490482811    2.196507972888
              H     -0.025138029772   -1.807382040377    4.768581427816
              H      6.278773686117   -3.341373249813   -1.480980847718
              S     -5.983857081574    3.850765321938   -0.421082674040
              O     -3.290949370906   -3.674214106400   -0.452746096879
              O     -5.842896734741   -2.436783222009   -3.597232567621
              N     -0.331422510647   -0.111330696517   -3.894724714967
              C     -2.471945560267    0.396305751743   -2.160810798881
              C     -3.953940906697    2.718309263231   -2.972307703802
              C     -4.103996342285   -1.937776505636   -2.200284953254
              H     -1.840639380400    0.726675881769   -0.216187540914
              H     -2.564754339565    4.177861402410   -3.449826237376
              H     -5.052385568108    2.282077908629   -4.669727021684
              H      0.865401727408   -1.339617664845   -3.016091189296
              H      0.661607641444    1.540118413595   -3.931718218821
              H     -4.410327794440   -5.108544813866   -0.705963978246
$End
$SCF_Energy
   &GeometryIndex 44
   &ListStatus       IN
   &SCF_ENERGY [&Type "Double"]      -4.7157580460929648e+03
$End
$MP2_Energies
   &GeometryIndex 44
   &ListStatus       IN
   &REFENERGY [&Type "Double"]      -4.7157580460929648e+03  "Reference Energy"
   &CORRENERGY [&Type "Double"]      -4.1378439218005578e+00  "MP2 correlation energy"
   &TOTALENERGY [&Type "Double"]      -4.7198958900147654e+03  "MP2 total energy"
$End
$MP2_Nuc_Gradient
   &GeometryIndex 44
   &ListStatus       IN
   &NATOMS [&Type "Integer"] 84
   &GRADNORM [&Type "Double"]       4.6340978311942022e-03
   &GRAD [&Type "ArrayOfDoubles", &Dim (84,1)] 
                                                         0

0                                      9.7573948547244327e-06
1                                     -3.3172563204110061e-04
2                                      1.0978629872376439e-03
3                                     -2.0052032960424238e-04
4                                      1.1992116952042747e-04
5                                     -1.3048458442239813e-03
6                                      3.8799239144847106e-05
7                                     -4.6405364983386627e-05
8                                      6.8460397039239382e-04
9                                     -6.7668507492969765e-04
10                                    -4.9427346382826393e-04
11                                    -1.8893350955116392e-04
12                                    -8.6799410513026254e-04
13                                    -1.0219584511716728e-03
14                                    -1.1215354397396682e-04
15                                    -3.1499011001135183e-04
16                                    -1.4947603157971362e-04
17                                     4.6504448332535323e-04
18                                    -5.7154325410586210e-04
19                                    -9.0786155759469897e-04
20                                    -2.4071241861192347e-04
21                                     6.3312554552484232e-04
22                                     2.6082053916161654e-04
23                                    -2.2645549646278101e-04
24                                     2.1251907366630629e-03
25                                     2.2815693914309890e-03
26                                    -6.0890754322438789e-05
27                                     1.3769447232945403e-05
28                                     1.5993179506214317e-05
29                                    -7.0119659824424696e-05
30                                    -2.4714881843627273e-04
31                                    -7.4031868135980214e-05
32                                    -1.5790135189539325e-04
33                                    -1.0288136515001003e-04
34                                    -1.5930669169021000e-04
35                                    -9.8194883933061528e-07
36                                    -5.6022208618344144e-05
37                                     6.5997638308598616e-05
38                                    -3.4248397935748159e-04
39                                     1.6923374116991491e-04
40                                     4.9123314013185121e-05
41                                     8.3719529914500629e-05
42                                     2.2546541976121992e-04
43                                     6.0564939420925529e-05
44                                     3.2775996844403542e-04
45                                     2.0164143862028833e-04
46                                     5.0887265529426032e-05
47                                    -4.2966945979290572e-04
48                                     2.7023627685895946e-04
49                                     1.2952509086844310e-04
50                                     7.9723660210701680e-04
51                                     1.4589224468800066e-05
52                                     4.2472821634501751e-05
53                                     2.0615932177678320e-04
54                                    -4.5528432487035309e-05
55                                    -2.0831788112099514e-04
56                                    -3.5968597512146816e-04
57                                     3.9563832724955061e-04
58                                     1.2686719957544570e-04
59                                     4.4321244295356457e-04
60                                    -5.6323170955964452e-04
61                                     1.4597395106553945e-04
62                                     1.6036188333341805e-04
63                                    -7.8793746591719616e-05
64                                    -4.8093121202852926e-04
65                                    -7.9073361035199990e-04
66                                    -8.4909251589505505e-05
67                                    -4.9861638080636074e-05
68                                    -1.0801401513105963e-04
69                                     1.6643547591148680e-04
70                                    -9.9601168623220798e-05
71                                     5.3085904454198626e-05
72                                     1.2621656784374269e-04
73                                    -5.5199976731405524e-05
74                                    -2.2136178930029504e-05
75                                    -1.2893518213073774e-04
76                                     1.1765588693070025e-04
77                                     1.8124291833872264e-04
78                                    -2.4812009040357796e-04
79                                     2.4881573880558561e-05
80                                     3.7329722787870579e-05
81                                    -1.9968686949747849e-04
82                                     2.2213848724158408e-04
83                                    -2.5570697430411793e-04
$End
$Geometry
   &GeometryIndex 45
   &ListStatus       OUT
   &NATOMS [&Type "Integer"] 28
   &NCORELESSECP [&Type "Integer"] 0
   &NGHOSTATOMS [&Type "Integer"] 0
   &CartesianCoordinates [&Type "Coordinates", &Dim(28,4), &Units "Bohr"] 
              Cu    -2.505162666719    5.037732695078    1.796218759904
              Cu     1.845512380921    5.199491813309    2.811406407710
              S      5.641950705070    3.670617788800    4.069759250402
              O      4.643537450007   -2.458855733066   -0.853441589723
              O      7.080533197118   -3.058415525128    2.556185139030
              N      1.279464135154   -2.715336799713    3.880255056616
              C      3.083843946594   -0.759735809920    3.001824015822
              C      4.097999870027    0.795524433377    5.191175120716
              C      5.180541366192   -2.152521251183    1.667574560252
              H      2.217517873976    0.564941284779    1.667109152445
              H      2.470799480546    1.299918869343    6.368740823851
              H      5.388491947098   -0.361626708464    6.319846363710
              H      0.282239895239   -3.331535143755    2.351737490825
              H     -0.023045618135   -1.744933826266    4.916968331803
              H      6.065878484336   -3.433054818236   -1.487199966763
              S     -5.977836451609    3.807472420277   -0.367145870781
              O     -3.134997337126   -3.727872358242   -0.584738848660
              O     -5.793899288203   -2.466697804632   -3.627451302687
              N     -0.319865887863   -0.047997510620   -3.954016141071
              C     -2.452667979345    0.406193221426   -2.192962260736
              C     -3.976344145327    2.716033151319   -2.958559741209
              C     -4.042495626421   -1.956026945644   -2.252354424377
              H     -1.808550778429    0.718991454929   -0.249488877499
              H     -2.613615911247    4.195773047792   -3.448987006734
              H     -5.098239810428    2.278003859921   -4.640020336266
              H      0.897775474926   -1.276826315256   -3.105187170729
              H      0.652641298803    1.616124521334   -3.976221300270
              H     -4.219874092739   -5.184056250244   -0.860447488859
$End
$SCF_Energy
   &GeometryIndex 45
   &ListStatus       IN
   &SCF_ENERGY [&Type "Double"]      -4.7157586846971262e+03
$End
$MP2_Energies
   &GeometryIndex 45
   &ListStatus       IN
   &REFENERGY [&Type "Double"]      -4.7157586846971262e+03  "Reference Energy"
   &CORRENERGY [&Type "Double"]      -4.1372957228463338e+00  "MP2 correlation energy"
   &TOTALENERGY [&Type "Double"]      -4.7198959804199721e+03  "MP2 total energy"
$End
$MP2_Nuc_Gradient
   &GeometryIndex 45
   &ListStatus       IN
   &NATOMS [&Type "Integer"] 84
   &GRADNORM [&Type "Double"]       5.2234711497443744e-03
   &GRAD [&Type "ArrayOfDoubles", &Dim (84,1)] 
                                                         0

0                                     -1.1576725966258063e-04
1                                     -5.6952444149889481e-05
2                                      1.2662122307168277e-03
3                                     -2.9092017944841800e-04
4                                      2.6406740414138419e-04
5                                     -1.4055535704536766e-03
6                                      3.1286152571217626e-04
7                                     -3.4835596161368262e-04
8                                      8.0208082323085170e-04
9                                     -2.9221244223445048e-04
10                                     4.3843247947470201e-04
11                                    -1.1281684969466042e-03
12                                    -4.5974116459540637e-04
13                                     4.1701741493665317e-04
14                                    -8.6097436241041464e-04
15                                    -1.4473361876009283e-04
16                                    -7.0158884125176568e-04
17                                    -3.2147018724477949e-04
18                                    -1.6291045450352731e-04
19                                     9.4069176665889306e-04
20                                    -2.1752216548986611e-04
21                                     4.0317249330798846e-04
22                                     4.8520391449703368e-04
23                                    -2.3191663499655402e-04
24                                     5.8754073291807790e-04
25                                    -1.4257836917606487e-03
26                                     1.7869709312008791e-03
27                                     3.1664595374730937e-04
28                                    -2.5602484598392233e-05
29                                     2.1622120691070987e-04
30                                    -1.1233611988387474e-04
31                                    -7.9279553205103062e-05
32                                    -2.0690225880927102e-04
33                                    -2.1840429532172384e-04
34                                    -1.5854263247024047e-04
35                                    -1.7396029909786531e-04
36                                     4.4979024043899363e-05
37                                     8.1351736760194859e-05
38                                     3.9179266104374944e-04
39                                     1.4298741783536767e-04
40                                     1.8992066714434985e-08
41                                     7.6239111124063591e-05
42                                     6.0068233167245855e-05
43                                     7.8657235151182586e-05
44                                     4.2386991422908513e-04
45                                     1.4479430198439426e-04
46                                     9.0768275611223699e-05
47                                    -4.7346733350166897e-04
48                                     7.6002266707383970e-04
49                                    -6.4203659405529315e-04
50                                     2.8841309879799881e-04
51                                     1.2623535553963477e-03
52                                    -5.8244783069192479e-04
53                                     1.3267793447249709e-04
54                                     3.8036498667911103e-04
55                                    -2.6598352118937726e-04
56                                    -3.9547252229155810e-04
57                                     3.1235194356209889e-04
58                                    -1.3712015331101852e-04
59                                     5.2452857892612559e-05
60                                    -5.5670279974934928e-04
61                                     4.0132915469781594e-05
62                                     2.7951583148084699e-04
63                                    -2.4469649333090093e-03
64                                     1.0879289775142997e-03
65                                    -1.8907756095337680e-05
66                                    -1.6362195608805429e-04
67                                     2.6525611840893387e-06
68                                    -1.9272849186027785e-05
69                                     2.1102875603950036e-04
70                                    -1.3553503901098107e-04
71                                     9.0561771365901128e-05
72                                     1.4264634824318057e-04
73                                    -1.8596748000268906e-04
74                                     3.8343182221577815e-05
75                                     1.1472667175218762e-04
76                                    -2.0980170979036789e-05
77                                    -1.3260984532706410e-04
78                                    -4.6513191438890544e-05
79                                     1.0070606204704013e-04
80                                    -1.2737066161756946e-04
81                                    -1.8538243713732763e-04
82                                     2.7086423785368380e-04
83                                    -2.3557863966862380e-04
$End
$Geometry
   &GeometryIndex 46
   &ListStatus       OUT
   &NATOMS [&Type "Integer"] 28
   &NCORELESSECP [&Type "Integer"] 0
   &NGHOSTATOMS [&Type "Integer"] 0
   &CartesianCoordinates [&Type "Coordinates", &Dim(28,4), &Units "Bohr"] 
              Cu    -2.515611783811    5.057310913225    1.779023691256
              Cu     1.830508381911    5.209028123784    2.824463809390
              S      5.632086325184    3.689874986338    4.082160444587
              O      4.645155688956   -2.548301242897   -0.827771786909
              O      7.126265678302   -3.016986680371    2.571394323024
              N      1.289372199499   -2.704288931030    3.855010993763
              C      3.105960038589   -0.756234758938    2.991356539594
              C      4.104658921317    0.798770701616    5.189268663322
              C      5.208312766834   -2.156433788069    1.674055636973
              H      2.251674099525    0.567953700746    1.647032449044
              H      2.472750659735    1.287717395113    6.366697963074
              H      5.401921748924   -0.351172128878    6.318058468883
              H      0.313460581086   -3.332349670602    2.317070238560
              H     -0.028275408470   -1.728029688804    4.866961950362
              H      6.065259166409   -3.532850380791   -1.451245014814
              S     -5.993493201046    3.829198484390   -0.377166962314
              O     -3.114738760787   -3.747885070434   -0.634431602610
              O     -5.841385848167   -2.436856949917   -3.596907875483
              N     -0.318232267919   -0.031862525005   -3.917205050459
              C     -2.472262861635    0.414114396579   -2.183395996081
              C     -3.994673850155    2.720628640533   -2.964440691590
              C     -4.050685745929   -1.954958385379   -2.261203741111
              H     -1.849462601176    0.726613266084   -0.232333357573
              H     -2.632577378072    4.197064457635   -3.465666115266
              H     -5.119080876350    2.274814341920   -4.642374976920
              H      0.886877366540   -1.269234758544   -3.062826495922
              H      0.657735857980    1.630345473930   -3.915656460655
              H     -4.199386984858   -5.204664160919   -0.909350897401
$End
$SCF_Energy
   &GeometryIndex 46
   &ListStatus       IN
   &SCF_ENERGY [&Type "Double"]      -4.7157590336850817e+03
$End
$MP2_Energies
   &GeometryIndex 46
   &ListStatus       IN
   &REFENERGY [&Type "Double"]      -4.7157590336850817e+03  "Reference Energy"
   &CORRENERGY [&Type "Double"]      -4.1370349737573031e+00  "MP2 correlation energy"
   &TOTALENERGY [&Type "Double"]      -4.7198960686588389e+03  "MP2 total energy"
$End
$MP2_Nuc_Gradient
   &GeometryIndex 46
   &ListStatus       IN
   &NATOMS [&Type "Integer"] 84
   &GRADNORM [&Type "Double"]       2.6694260607873863e-03
   &GRAD [&Type "ArrayOfDoubles", &Dim (84,1)] 
                                                         0

0                                     -1.8223784644339630e-04
1                                      1.1722123716481105e-05
2                                      1.0624393433385031e-03
3                                     -2.8498697937846471e-04
4                                      3.8609358483566829e-04
5                                     -1.1873341360204195e-03
6                                      5.4594040169629512e-04
7                                     -2.0984377675635144e-04
8                                      6.9803103644919956e-04
9                                     -2.5321866354077044e-04
10                                     1.6938264596681740e-04
11                                    -4.3050587621280487e-04
12                                    -1.2599257335231540e-04
13                                    -3.8698537153186718e-05
14                                    -1.3956470257325132e-04
15                                     2.8542518383017565e-04
16                                    -1.2496242060261453e-05
17                                    -2.7036790157451696e-04
18                                    -4.2683066354296667e-04
19                                    -1.3434026631970949e-04
20                                     5.0313151294320568e-06
21                                     3.3969189180122969e-04
22                                     2.8717202580259490e-04
23                                    -5.2065371823069306e-05
24                                     3.7811033321847459e-04
25                                    -1.3683768096359877e-04
26                                     3.3413759637876406e-04
27                                     9.3060615647578768e-05
28                                    -8.5010168025530936e-05
29                                     5.4291681425525096e-05
30                                    -1.1410320089939169e-04
31                                    -9.1360650864591789e-05
32                                    -9.5616768951322512e-05
33                                    -9.6159570290643009e-05
34                                    -1.3868413346098535e-04
35                                     1.8684710931075876e-05
36                                    -1.2468597492312425e-04
37                                     3.1699669322137261e-05
38                                     2.7981049258658103e-04
39                                     7.2118395599035656e-05
40                                    -3.2605100588209424e-05
41                                     4.6590312424595742e-05
42                                     1.6469092873967750e-04
43                                    -7.5007733479147409e-05
44                                     1.3768637753463694e-04
45                                     6.5055624284413721e-05
46                                    -1.0244891424308206e-04
47                                    -3.3720841917387820e-04
48                                     6.9051310248924302e-05
49                                    -1.8735298816352497e-05
50                                     5.0035583157519159e-04
51                                     3.2205725134848429e-05
52                                     4.3320723189729793e-05
53                                     3.0775134749938537e-04
54                                    -2.5801644583433973e-04
55                                    -2.6399835627105572e-04
56                                     4.4179143395509102e-05
57                                     1.7896716122284273e-04
58                                     2.7785807837148527e-04
59                                     2.1403619283901637e-04
60                                    -4.6365356769283161e-04
61                                     1.1082185942263428e-04
62                                     8.5597546348990111e-05
63                                    -3.1607895894743276e-05
64                                    -2.4952622385035397e-04
65                                    -9.3997879585314831e-04
66                                    -6.6906389518126344e-06
67                                    -5.5055267890961185e-06
68                                    -6.5180143809788482e-05
69                                     1.5677593786224756e-04
70                                    -5.9485750855653441e-05
71                                     3.2072333337469783e-05
72                                     7.0144707242487947e-05
73                                    -1.1081009776189692e-04
74                                    -7.5860422115690135e-05
75                                     1.5046327833067100e-04
76                                     1.0302779503363474e-04
77                                    -8.3497157891840312e-05
78                                    -9.7434348367030077e-05
79                                    -4.0223625908872296e-06
80                                    -7.6202012127153705e-05
81                                    -1.4500510582469289e-04
82                                    -6.1343489729005773e-05
83                                    -1.5595658957298468e-04
$End
$Geometry
   &GeometryIndex 47
   &ListStatus       OUT
   &NATOMS [&Type "Integer"] 28
   &NCORELESSECP [&Type "Integer"] 0
   &NGHOSTATOMS [&Type "Integer"] 0
   &CartesianCoordinates [&Type "Coordinates", &Dim(28,4), &Units "Bohr"] 
              Cu    -2.518909446905    5.115518698883    1.729190040315
              Cu     1.805324278302    5.224479098777    2.860469663844
              S      5.599638304688    3.721061096143    4.129516958875
              O      4.713400158538   -2.647336468269   -0.811473817896
              O      7.214254618420   -2.926333750091    2.595169672021
              N      1.300661967945   -2.686054865802    3.728750496117
              C      3.146321430053   -0.738386333686    2.933637700119
              C      4.083169370303    0.798669627341    5.171182907129
              C      5.279784934171   -2.136219420902    1.666457554494
              H      2.332312787775    0.596062944839    1.572131132512
              H      2.425432947548    1.254444938726    6.325200298194
              H      5.372960645064   -0.348228778925    6.311766785406
              H      0.394422450628   -3.332685009553    2.155661015771
              H     -0.064502481522   -1.709257974765    4.675568917859
              H      6.142967347201   -3.638418057392   -1.402638176420
              S     -6.007826792574    3.909917504762   -0.414056351259
              O     -3.133365461819   -3.780361758145   -0.671329675211
              O     -5.923299552315   -2.390087855774   -3.538731903244
              N     -0.319108206530   -0.059980281425   -3.786663198039
              C     -2.517903023786    0.415607740868   -2.121045397872
              C     -3.997630527474    2.729649875152   -2.961301316376
              C     -4.108191217644   -1.943169291397   -2.222166386835
              H     -1.945557137842    0.736015442245   -0.154646723907
              H     -2.610580963371    4.178212782502   -3.473479154627
              H     -5.110933358848    2.274404872789   -4.644075147096
              H      0.833533001858   -1.331706957461   -2.911043528860
              H      0.691674685181    1.580858462754   -3.737688065432
              H     -4.215918844624   -5.235350520879   -0.963786152859
$End
$SCF_Energy
   &GeometryIndex 47
   &ListStatus       IN
   &SCF_ENERGY [&Type "Double"]      -4.7157583764980573e+03
$End
$MP2_Energies
   &GeometryIndex 47
   &ListStatus       IN
   &REFENERGY [&Type "Double"]      -4.7157583764980573e+03  "Reference Energy"
   &CORRENERGY [&Type "Double"]      -4.1377372537901458e+00  "MP2 correlation energy"
   &TOTALENERGY [&Type "Double"]      -4.7198961137518472e+03  "MP2 total energy"
$End
$MP2_Nuc_Gradient
   &GeometryIndex 47
   &ListStatus       IN
   &NATOMS [&Type "Integer"] 84
   &GRADNORM [&Type "Double"]       4.1002200755877408e-03
   &GRAD [&Type "ArrayOfDoubles", &Dim (84,1)] 
                                                         0

0                                     -9.2247259607309770e-05
1                                     -4.6902340065093848e-05
2                                      1.1485110725689175e-04
3                                     -1.7588947613705191e-04
4                                      8.2129773270950973e-05
5                                     -4.7571600508255368e-04
6                                      4.8205513973572419e-04
7                                     -7.2698470094743894e-05
8                                      3.2868342714236463e-04
9                                     -2.1970442941902923e-04
10                                    -2.1706720897232343e-04
11                                     4.9523476707897043e-04
12                                     2.5031802044092610e-04
13                                    -6.6909718162037196e-04
14                                     7.8549791419604831e-04
15                                     5.4423670010071701e-04
16                                     5.9104654330085354e-04
17                                     1.8401323223827398e-05
18                                    -5.8827983933970596e-04
19                                    -1.2318855559775646e-03
20                                     2.3473767839304188e-04
21                                     2.2134153403698988e-04
22                                     5.6334827498231294e-05
23                                    -3.5238949721579094e-05
24                                     1.9992400586670012e-04
25                                     1.7783008100391087e-03
26                                    -1.5307638459124834e-03
27                                    -1.5295816223964004e-04
28                                    -4.4295383885648715e-05
29                                    -2.1524100106455613e-04
30                                    -1.0428090112072144e-04
31                                    -6.8931457969951399e-05
32                                     3.0696532979056917e-05
33                                    -3.2638022490413809e-06
34                                    -6.4069733728126799e-05
35                                     1.9739241048242345e-04
36                                    -2.5978562738584662e-04
37                                    -2.2366078602448561e-05
38                                    -1.4218292581904407e-04
39                                     2.3554601226525446e-05
40                                    -3.9884443811675357e-05
41                                    -1.5303600178744742e-05
42                                     2.6545875115979722e-04
43                                    -2.5617314421260903e-04
44                                    -1.4547917686749678e-04
45                                     5.8639853912748757e-05
46                                    -3.0806229123552485e-04
47                                    -5.4262866329358311e-05
48                                     2.3246170498061186e-04
49                                     3.9977912238425145e-04
50                                    -4.4793187934229206e-04
51                                    -1.6150684219888578e-04
52                                     6.5056042796721864e-05
53                                    -8.6939310696670935e-04
54                                    -5.3776412815699504e-04
55                                    -3.4299469054345499e-05
56                                     2.7043711681819932e-04
57                                     5.7798151424220262e-04
58                                     2.7787752167128532e-05
59                                    -4.2915318596759011e-04
60                                    -3.5939163017210951e-04
61                                     1.5413645853685348e-04
62                                    -2.4151792221722285e-05
63                                    -2.7140696992606489e-04
64                                    -2.9793869252746352e-05
65                                     1.8559251307566360e-03
66                                     6.1476439319697353e-05
67                                    -1.6315322806922418e-04
68                                    -2.8801314530910171e-05
69                                     9.7210137803845076e-05
70                                    -2.2834288631867761e-05
71                                     2.2614486063495670e-05
72                                     1.4902862966233860e-05
73                                     8.7687937775049810e-05
74                                    -1.3001573623153129e-04
75                                     1.2315495012341776e-04
76                                     2.3621270783349968e-04
77                                     1.3872989138646527e-04
78                                    -4.8845106827778012e-05
79                                    -1.5077370712440058e-04
80                                    -5.2724357410285699e-05
81                                    -1.3398072860111923e-04
82                                    -3.2732628759495064e-04
83                                    -2.8075188127722403e-05
$End
$Geometry
   &GeometryIndex 48
   &ListStatus       OUT
   &NATOMS [&Type "Integer"] 28
   &NCORELESSECP [&Type "Integer"] 0
   &NGHOSTATOMS [&Type "Integer"] 0
   &CartesianCoordinates [&Type "Coordinates", &Dim(28,4), &Units "Bohr"] 
              Cu    -2.512232460972    5.112066408823    1.719800651432
              Cu     1.808825285127    5.215290665633    2.866512326691
              S      5.608389901255    3.723536727541    4.130579189477
              O      4.632396577376   -2.694453033009   -0.791209734802
              O      7.206892269323   -2.920371515873    2.563935188198
              N      1.282519394738   -2.664555044943    3.759413123435
              C      3.140828417526   -0.731445535584    2.953730604511
              C      4.104423142183    0.798861891568    5.183279739593
              C      5.247412404756   -2.153836311652    1.670528411335
              H      2.330417853291    0.609823896541    1.596742485051
              H      2.461563362852    1.252512684694    6.358600406994
              H      5.408027691884   -0.351019250308    6.304591567585
              H      0.378218017082   -3.317795129392    2.188364254258
              H     -0.079174087108   -1.674209960816    4.697291234206
              H      6.051309404784   -3.690360695145   -1.398265548136
              S     -6.010331759080    3.903992637546   -0.406146313141
              O     -3.053802136154   -3.792961936199   -0.721112973044
              O     -5.920343590433   -2.404135663141   -3.512466931697
              N     -0.309444457014   -0.025596182121   -3.803006868767
              C     -2.512916478803    0.423738851926   -2.134853248572
              C     -4.014005501572    2.726693443651   -2.966520367606
              C     -4.074385525418   -1.953205561413   -2.242095318904
              H     -1.943148381828    0.743873780907   -0.167193849080
              H     -2.641010386598    4.182221372816   -3.495455806783
              H     -5.139462199944    2.260130031351   -4.637947030573
              H      0.841710419373   -1.309168268552   -2.943238254045
              H      0.698581751283    1.616370591638   -3.729509818449
              H     -4.129127015491   -5.254673135172   -1.003768972444
$End
$SCF_Energy
   &GeometryIndex 48
   &ListStatus       IN
   &SCF_ENERGY [&Type "Double"]      -4.7157583432473220e+03
$End
$MP2_Energies
   &GeometryIndex 48
   &ListStatus       IN
   &REFENERGY [&Type "Double"]      -4.7157583432473220e+03  "Reference Energy"
   &CORRENERGY [&Type "Double"]      -4.1378400859372535e+00  "MP2 correlation energy"
   &TOTALENERGY [&Type "Double"]      -4.7198961833332596e+03  "MP2 total energy"
$End
$MP2_Nuc_Gradient
   &GeometryIndex 48
   &ListStatus       IN
   &NATOMS [&Type "Integer"] 84
   &GRADNORM [&Type "Double"]       1.8552972663283544e-03
   &GRAD [&Type "ArrayOfDoubles", &Dim (84,1)] 
                                                         0

0                                     -7.6713395534586809e-05
1                                      4.9099115764407106e-05
2                                     -6.1705959145464447e-05
3                                     -1.3977689084222061e-04
4                                     -4.7281311904020552e-05
5                                     -3.0120624692943029e-04
6                                      4.0537233921856142e-04
7                                     -1.7939920449606961e-04
8                                      2.6624265752998345e-04
9                                     -5.4478068843899496e-05
10                                     7.1787606749126875e-05
11                                     6.5882134252792657e-05
12                                     2.1284356009820815e-04
13                                    -5.8767346704721724e-05
14                                     2.0816627428900392e-04
15                                     3.9945536807242665e-04
16                                     2.4506005557001914e-04
17                                    -2.3518844606552555e-04
18                                    -2.2164711281039487e-04
19                                    -1.3000266712182712e-04
20                                     1.9436573625572495e-04
21                                     5.8777345301531600e-05
22                                     4.9304516713529617e-05
23                                    -1.2278939667963867e-04
24                                    -1.0884432067038291e-04
25                                     1.3088913374569022e-04
26                                    -3.4079636704503757e-04
27                                    -3.6771379901644544e-05
28                                     3.7701265381009930e-05
29                                    -2.7861214109994176e-05
30                                    -7.9700130753559278e-05
31                                     1.8900030212256821e-06
32                                    -1.9514944519717636e-05
33                                    -1.9940729914593586e-05
34                                    -7.4671947105184322e-05
35                                     5.2244090817863548e-05
36                                    -1.4872658108622608e-04
37                                    -6.6732673142810492e-05
38                                     1.4151707783495449e-05
39                                     4.9300873227423048e-05
40                                    -6.0896892590700524e-05
41                                     3.4865987413763844e-05
42                                     1.1712004677587318e-04
43                                    -1.4174303751122302e-04
44                                    -4.7751681432270376e-05
45                                    -4.7173452586635016e-05
46                                    -3.0779228326617558e-04
47                                     4.3499273074752709e-05
48                                    -1.0583917782130969e-04
49                                     2.8531673877436534e-04
50                                     2.6561097235168474e-04
51                                    -4.3491573672412021e-04
52                                     1.5295876849386741e-04
53                                     1.2734651093315730e-04
54                                    -4.1555165672546406e-04
55                                    -3.4383568034845186e-04
56                                     2.4839685153729696e-04
57                                    -1.1545779764199349e-07
58                                     4.9433811723620033e-04
59                                     2.7459964487260707e-04
60                                    -9.6065226338776927e-05
61                                     1.0287538501022042e-04
62                                     6.5101213306814620e-05
63                                     6.8636627251215249e-04
64                                    -4.7665430291745844e-04
65                                    -5.7924138501650596e-04
66                                     1.9598933141538009e-05
67                                     2.7930338605633778e-05
68                                    -2.8362291896538716e-05
69                                     7.7018298866120966e-05
70                                     7.4578245330900184e-06
71                                     4.7748667309549866e-05
72                                     3.8325396410111845e-05
73                                     2.1224016997564189e-05
74                                    -5.9247361371004420e-05
75                                     7.2421175106224256e-05
76                                     1.6319429621477338e-04
77                                    -3.7997627115132077e-05
78                                    -4.9605062526190263e-05
79                                    -6.7347647315849080e-05
80                                    -7.6440223904691114e-05
81                                    -2.2246269901098070e-05
82                                    -1.5876030408742969e-04
83                                    -5.4760732270111787e-05
$End
$Geometry
   &GeometryIndex 49
   &ListStatus       OUT
   &NATOMS [&Type "Integer"] 28
   &NCORELESSECP [&Type "Integer"] 0
   &NGHOSTATOMS [&Type "Integer"] 0
   &CartesianCoordinates [&Type "Coordinates", &Dim(28,4), &Units "Bohr"] 
              Cu    -2.510123200908    5.106213235234    1.727330602774
              Cu     1.815360354925    5.217465926022    2.858731682778
              S      5.624458183069    3.732123669843    4.099184451658
              O      4.535958360721   -2.762713440926   -0.767243135955
              O      7.179965161577   -2.933149115474    2.536736613136
              N      1.251787476749   -2.625013178991    3.797043520437
              C      3.129652861827   -0.720416069406    2.966372859764
              C      4.130934016151    0.811158351036    5.178597794899
              C      5.203327422473   -2.178732828304    1.671616113085
              H      2.324260756540    0.622634019557    1.608055450686
              H      2.509232846930    1.270294968381    6.380031950225
              H      5.451119852977   -0.338118742522    6.280673672997
              H      0.342606815667   -3.287154732729    2.232620874026
              H     -0.099971369266   -1.608593996685    4.721869808201
              H      5.937404207631   -3.775543243457   -1.385964851952
              S     -6.015503942365    3.882076438301   -0.377183853036
              O     -2.966503428773   -3.823224505051   -0.799533151903
              O     -5.892179043614   -2.421467779165   -3.521927953848
              N     -0.287285227369    0.020249021375   -3.799091889131
              C     -2.504059110060    0.426864889113   -2.137054254449
              C     -4.029149276416    2.720065206194   -2.953574447201
              C     -4.034716726297   -1.967864382324   -2.269483136685
              H     -1.944909074300    0.735762691900   -0.164222247127
              H     -2.673310938438    4.187089377912   -3.493128722272
              H     -5.165786668391    2.246871570852   -4.615458031817
              H      0.861850222784   -1.276259314324   -2.955885573206
              H      0.713134111098    1.664975531671   -3.684558786246
              H     -4.025422732503   -5.294267806717   -1.093977213118
$End
$SCF_Energy
   &GeometryIndex 49
   &ListStatus       IN
   &SCF_ENERGY [&Type "Double"]      -4.7157581883526991e+03
$End
$MP2_Energies
   &GeometryIndex 49
   &ListStatus       IN
   &REFENERGY [&Type "Double"]      -4.7157581883526991e+03  "Reference Energy"
   &CORRENERGY [&Type "Double"]      -4.1380312582711731e+00  "MP2 correlation energy"
   &TOTALENERGY [&Type "Double"]      -4.7198962196109705e+03  "MP2 total energy"
$End
$MP2_Nuc_Gradient
   &GeometryIndex 49
   &ListStatus       IN
   &NATOMS [&Type "Integer"] 84
   &GRADNORM [&Type "Double"]       1.3489900943815757e-03
   &GRAD [&Type "ArrayOfDoubles", &Dim (84,1)] 
                                                         0

0                                     -9.4000377461270906e-05
1                                      1.7207309795438681e-04
2                                     -1.0983924678613886e-04
3                                     -1.5104742246619535e-04
4                                     -6.6588761849185538e-05
5                                     -2.2322887265302906e-04
6                                      3.5168925009109418e-04
7                                     -1.7084185158884602e-04
8                                      2.3934524832124743e-04
9                                     -7.8894798692386026e-06
10                                     7.1395873436803925e-05
11                                    -7.6176279052160567e-05
12                                     2.0910519748203182e-04
13                                     6.8797891168564940e-05
14                                     4.9129549518661664e-05
15                                     3.2258755280500928e-04
16                                     4.5831820388565758e-05
17                                    -2.6721905763222968e-04
18                                     2.8319035356019068e-05
19                                     1.7530343556345848e-04
20                                     1.0980244572545567e-04
21                                    -9.6073937150387145e-05
22                                    -5.5486498851214233e-05
23                                    -1.0454919990759981e-04
24                                    -2.8120027602019509e-04
25                                    -1.4383397009947591e-04
26                                     4.0951112585847771e-05
27                                    -1.7596288807573274e-05
28                                     7.9184222346873057e-06
29                                     3.6659347193206127e-05
30                                     3.2606760952264002e-06
31                                     5.5216990368155833e-05
32                                    -2.3597582452461463e-05
33                                     2.3528738675691885e-05
34                                    -2.3803121452718734e-05
35                                     1.1889872501280596e-06
36                                    -9.9654487325816221e-05
37                                     3.2417797234798873e-05
38                                     1.2803461720793663e-04
39                                    -1.4163098168096244e-05
40                                    -1.0777907454446664e-04
41                                     3.8229516617589721e-05
42                                     2.3646385352057986e-05
43                                    -1.0787575312762310e-04
44                                    -1.0227961059518578e-04
45                                    -9.6067233376004313e-05
46                                    -2.7110473783944610e-04
47                                     1.2092844330795910e-04
48                                    -1.1070000626432069e-04
49                                     9.8902278388574016e-06
50                                     1.5265582285049761e-04
51                                    -2.8061839967036262e-04
52                                     4.6343207755188826e-05
53                                     1.1162259023558829e-04
54                                    -2.6038418464986376e-04
55                                    -2.6411165398623065e-04
56                                     1.5587655276781687e-04
57                                    -1.6731135555430460e-04
58                                     2.7252876675768790e-04
59                                     2.3793887802365729e-04
60                                     1.0782300659238978e-04
61                                     2.3931369156328375e-05
62                                    -1.2210906437586794e-05
63                                     4.1717948503511293e-04
64                                     9.4469982432447697e-06
65                                    -4.3995991202783191e-04
66                                     5.7928307271642651e-05
67                                     6.1675733810059342e-05
68                                    -3.3288579784726546e-05
69                                    -2.5255966619140702e-06
70                                     4.1918114485530594e-05
71                                     5.7503654591024161e-05
72                                    -7.0195266273706536e-06
73                                     1.2740900952770522e-05
74                                    -2.0989405493370555e-05
75                                     1.0885763082340780e-04
76                                     9.2084875801694277e-05
77                                    -3.0957011627308351e-05
78                                     3.5554785275424688e-05
79                                    -5.4532926026466810e-05
80                                    -8.9883313845743468e-05
81                                     3.6770917168145456e-05
82                                    -1.6884333769187632e-04
83                                     7.6267415818551121e-07
$End
$Geometry
   &GeometryIndex 50
   &ListStatus       OUT
   &NATOMS [&Type "Integer"] 28
   &NCORELESSECP [&Type "Integer"] 0
   &NGHOSTATOMS [&Type "Integer"] 0
   &CartesianCoordinates [&Type "Coordinates", &Dim(28,4), &Units "Bohr"] 
              Cu    -2.510544610272    5.100582797909    1.735916221575
              Cu     1.818361052659    5.219147156050    2.847428830734
              S      5.635354850174    3.742627772910    4.057555487390
              O      4.470483868840   -2.840573745782   -0.743367996137
              O      7.154041207799   -2.959384432454    2.530686430747
              N      1.212575784915   -2.576606007847    3.807179260062
              C      3.122760602547   -0.710389631818    2.960596727258
              C      4.148890106862    0.825442262367    5.159053813682
              C      5.170267091334   -2.212244533636    1.675775931428
              H      2.337323916941    0.632792088146    1.590551377509
              H      2.541988818650    1.290283335648    6.377221582023
              H      5.480311754963   -0.321135674841    6.249988256431
              H      0.314478267177   -3.255758188655    2.243429574724
              H     -0.136601987477   -1.524113676871    4.695565856058
              H      5.858217366133   -3.873143468856   -1.359572940866
              S     -6.025331821607    3.863539156403   -0.342581871015
              O     -2.890023188968   -3.850912945028   -0.866112532384
              O     -5.858259142482   -2.440521333520   -3.537193757964
              N     -0.260635045957    0.072417916618   -3.769211291920
              C     -2.499211682802    0.429387502880   -2.124852020920
              C     -4.046165695632    2.712630063451   -2.930792989152
              C     -3.996664465514   -1.983087182065   -2.292165311711
              H     -1.961053986694    0.724381353169   -0.143610215592
              H     -2.705961008968    4.189529187778   -3.480443829059
              H     -5.191673762879    2.231763866859   -4.584227940046
              H      0.880364795165   -1.242988049259   -2.943972570426
              H      0.732210519354    1.717319935973   -3.596606544857
              H     -3.933371691842   -5.329659764216   -1.175659390852
$End
$SCF_Energy
   &GeometryIndex 50
   &ListStatus       IN
   &SCF_ENERGY [&Type "Double"]      -4.7157576108226767e+03
$End
$MP2_Energies
   &GeometryIndex 50
   &ListStatus       IN
   &REFENERGY [&Type "Double"]      -4.7157576108226767e+03  "Reference Energy"
   &CORRENERGY [&Type "Double"]      -4.1386380362416393e+00  "MP2 correlation energy"
   &TOTALENERGY [&Type "Double"]      -4.7198962488589186e+03  "MP2 total energy"
$End
$MP2_Nuc_Gradient
   &GeometryIndex 50
   &ListStatus       IN
   &NATOMS [&Type "Integer"] 84
   &GRADNORM [&Type "Double"]       1.3030988702930095e-03
   &GRAD [&Type "ArrayOfDoubles", &Dim (84,1)] 
                                                         0

0                                     -2.5829598922803496e-05
1                                      2.2376884056921238e-04
2                                     -2.4591159587767589e-04
3                                     -7.3249992877794795e-05
4                                     -1.9030829720213978e-04
5                                     -2.6484775081711065e-05
6                                      1.0771522790207350e-04
7                                     -9.6879759423757622e-05
8                                      1.1158658363416563e-04
9                                      4.3690831950549125e-05
10                                     6.5731310503313461e-05
11                                    -1.6082535965697767e-04
12                                     1.5926759528486767e-04
13                                     1.4392766106947896e-04
14                                    -7.2496379922404319e-05
15                                     8.8736701672684215e-05
16                                    -1.6548046140495154e-04
17                                    -9.1899598473003247e-05
18                                     2.7062320964854614e-04
19                                     3.8094996873991663e-04
20                                    -8.5047540086015394e-05
21                                    -1.8269178903723704e-04
22                                    -1.8078587050480294e-04
23                                    -1.1492024473871293e-04
24                                    -3.5540641263206302e-04
25                                    -2.9591254799910330e-04
26                                     3.7777580558408935e-04
27                                    -3.6404389887853203e-05
28                                     1.7597910373930159e-05
29                                     5.4695413090749545e-05
30                                     6.1032175713640613e-05
31                                     1.1763968949019682e-04
32                                    -3.3305176966272332e-05
33                                     6.4616559222113040e-05
34                                     3.8609841996665312e-05
35                                    -3.7674385240125952e-05
36                                    -3.5071840988592368e-05
37                                     1.2080438078342082e-04
38                                     4.7934586240173938e-05
39                                    -2.1983885996185865e-05
40                                    -1.1217946243969809e-04
41                                     1.3780493237369046e-05
42                                    -4.6260045876968248e-05
43                                    -5.0003156487919698e-05
44                                    -1.1460681223920445e-04
45                                    -6.9781505689712857e-05
46                                    -1.9443141127426563e-04
47                                     2.2383755136509004e-04
48                                    -2.3657266888278683e-05
49                                    -1.6858182965093227e-04
50                                     1.0106452392102255e-04
51                                    -1.3973304693090660e-04
52                                    -2.9583983968975436e-05
53                                     4.5853846361382233e-05
54                                    -6.3029502930729217e-05
55                                    -9.5928165776158758e-05
56                                    -6.2610444064366277e-05
57                                    -2.7544366496175948e-04
58                                    -1.8129346680155478e-05
59                                     2.0989573844588938e-04
60                                     3.0164411850560832e-04
61                                    -8.0791699358741254e-05
62                                    -7.6201446947338214e-05
63                                     1.3465870657366347e-04
64                                     3.3245952824349518e-04
65                                    -2.3003086396286565e-04
66                                     7.0802614786421442e-05
67                                     8.3205379721516641e-05
68                                     7.4599388973639602e-06
69                                    -7.0361118332553513e-05
70                                     7.5030308598390133e-05
71                                     8.9293846923002920e-05
72                                    -5.8195779768344114e-05
73                                     1.1131087394690604e-05
74                                     2.3268274261710464e-05
75                                     5.7279026690545964e-05
76                                     2.9600526406301647e-05
77                                     5.6138795482933712e-05
78                                     6.4688931732691246e-05
79                                    -5.2407662343996464e-05
80                                    -5.3060976476007431e-05
81                                     5.5730333677346533e-05
82                                    -9.6231431598904627e-05
83                                     4.7578448038499907e-05
$End
$Geometry
   &GeometryIndex 51
   &ListStatus       OUT
   &NATOMS [&Type "Integer"] 28
   &NCORELESSECP [&Type "Integer"] 0
   &NGHOSTATOMS [&Type "Integer"] 0
   &CartesianCoordinates [&Type "Coordinates", &Dim(28,4), &Units "Bohr"] 
              Cu    -2.514857713189    5.092481827020    1.745314751566
              Cu     1.820234953249    5.219652557069    2.827679006256
              S      5.649110143519    3.755354338972    3.999329942855
              O      4.395047888774   -2.954538105120   -0.696637067829
              O      7.131196106984   -2.994964479531    2.535160946161
              N      1.176804765374   -2.524152234468    3.835890876744
              C      3.120871202830   -0.706193675862    2.961027350322
              C      4.176780794842    0.843641119820    5.136839105655
              C      5.138020782913   -2.260081462412    1.691389889604
              H      2.355845207981    0.629882893033    1.572508445597
              H      2.588149968303    1.315292891052    6.375337146426
              H      5.524007311554   -0.294724765184    6.216460984566
              H      0.293608499391   -3.237349897753    2.278440652938
              H     -0.170357084387   -1.426827223699    4.672897451484
              H      5.766309155909   -4.012485234902   -1.305824096629
              S     -6.043700281341    3.842746628138   -0.299742483092
              O     -2.791648052216   -3.874066092572   -0.957807229285
              O     -5.817982982548   -2.462643090863   -3.561522536655
              N     -0.237909757835    0.151637924600   -3.744501742751
              C     -2.499848356392    0.440478455024   -2.119329472092
              C     -4.081067444096    2.707713361786   -2.908598823978
              C     -3.950802722054   -1.996335817177   -2.327887468800
              H     -1.984720466508    0.717148747788   -0.128965298283
              H     -2.764695893886    4.198134164681   -3.476851661121
              H     -5.241900419802    2.213645372383   -4.547130699350
              H      0.898661374840   -1.185342677026   -2.947662601437
              H      0.740463974786    1.797082775634   -3.500909129608
              H     -3.813489044575   -5.363862539114   -1.284328092544
$End
$SCF_Energy
   &GeometryIndex 51
   &ListStatus       IN
   &SCF_ENERGY [&Type "Double"]      -4.7157571755429535e+03
$End
$MP2_Energies
   &GeometryIndex 51
   &ListStatus       IN
   &REFENERGY [&Type "Double"]      -4.7157571755429535e+03  "Reference Energy"
   &CORRENERGY [&Type "Double"]      -4.1390863704563934e+00  "MP2 correlation energy"
   &TOTALENERGY [&Type "Double"]      -4.7198962619134099e+03  "MP2 total energy"
$End
$MP2_Nuc_Gradient
   &GeometryIndex 51
   &ListStatus       IN
   &NATOMS [&Type "Integer"] 84
   &GRADNORM [&Type "Double"]       1.3884970369221674e-03
   &GRAD [&Type "ArrayOfDoubles", &Dim (84,1)] 
                                                         0

0                                      2.8607556226684441e-05
1                                      2.8691578982209011e-04
2                                     -3.5878037337998530e-04
3                                     -8.3203733532103558e-06
4                                     -2.1436992150118250e-04
5                                      1.5475628394829590e-04
6                                     -8.3356243617360368e-05
7                                      2.3114608286380761e-05
8                                     -2.6033572323853199e-05
9                                      1.1909084854276608e-04
10                                    -1.0081898020660243e-04
11                                    -8.9810431802159196e-05
12                                     3.1068652816657050e-05
13                                     5.7661145974538530e-05
14                                    -1.0319980965585451e-04
15                                    -6.7346254426704777e-05
16                                    -2.2060067575542519e-04
17                                     7.7452825912271289e-05
18                                     3.0827261201093678e-04
19                                     3.0383653830716451e-04
20                                    -2.0771073703824972e-04
21                                    -1.9887257338308852e-04
22                                    -3.1335253878542191e-04
23                                    -4.1855390405340365e-05
24                                    -1.5146177097039026e-04
25                                    -9.8148134326271619e-06
26                                     3.8648697028507983e-04
27                                    -5.4593609615211092e-05
28                                    -2.8236895705684162e-05
29                                     5.4066658786336430e-05
30                                     1.0927250464404584e-04
31                                     1.3128329279757118e-04
32                                    -2.0050061621344067e-05
33                                     8.5951755785938083e-05
34                                     1.0860449029052519e-04
35                                    -5.0380247623830338e-05
36                                     3.4731811876576035e-05
37                                     6.1122457788456708e-05
38                                    -3.1007963127091531e-06
39                                    -3.3809057350356331e-05
40                                    -5.1040214606015710e-05
41                                    -8.8639162457507248e-07
42                                    -1.1669837021079099e-04
43                                    -6.8938365990790784e-06
44                                    -1.2036700792360591e-04
45                                    -3.4180927279978471e-06
46                                    -1.3668617387540237e-04
47                                     2.9143824809682237e-04
48                                     4.0153920000333965e-05
49                                    -2.4640687863877395e-04
50                                    -8.7339834865925170e-05
51                                     7.7572871439751667e-05
52                                    -6.7487650283075407e-05
53                                    -3.5447531308033242e-05
54                                     5.9279751899558863e-05
55                                     1.0012593533729325e-04
56                                    -1.5683156903202600e-04
57                                    -2.4169478985372472e-04
58                                    -1.8638408674130809e-04
59                                     1.0465345706154455e-04
60                                     3.5861853110982084e-04
61                                    -1.7101052841939079e-04
62                                    -1.9581273769908245e-04
63                                    -2.3912582285932904e-04
64                                     4.6479901321570989e-04
65                                     1.1660365935430711e-04
66                                     6.7438049087697842e-05
67                                     7.6094616660670085e-05
68                                     1.3160811380828752e-05
69                                    -1.2468989955389739e-04
70                                     8.5346966567097227e-05
71                                     1.0620042829258269e-04
72                                    -9.5348253193495991e-05
73                                     1.9364156207519155e-05
74                                     8.2768473367259010e-05
75                                    -1.0189563800642315e-05
76                                    -4.1461082923847925e-05
77                                     3.3485591366708839e-05
78                                     5.9715480325236298e-05
79                                    -1.8362070261304653e-05
80                                    -1.2039820162158821e-05
81                                     6.4980942022448834e-05
82                                    -2.1311453905083211e-05
83                                     1.0416352378428764e-04
$End
$Geometry
   &GeometryIndex 52
   &ListStatus       OUT
   &NATOMS [&Type "Integer"] 28
   &NCORELESSECP [&Type "Integer"] 0
   &NGHOSTATOMS [&Type "Integer"] 0
   &CartesianCoordinates [&Type "Coordinates", &Dim(28,4), &Units "Bohr"] 
              Cu    -2.515771362149    5.088562815934    1.753590247401
              Cu     1.820928555478    5.221248340614    2.827619211251
              S      5.648879380573    3.753604169736    3.999883319140
              O      4.421175402670   -2.926655767867   -0.711430057328
              O      7.125313946233   -3.006984051116    2.546275889150
              N      1.176222490626   -2.524687535660    3.827161316343
              C      3.120729664162   -0.706376430452    2.955668739925
              C      4.172081497193    0.843125380159    5.134346557400
              C      5.143448496164   -2.256496080180    1.689283731979
              H      2.357710908061    0.630159530551    1.566646141167
              H      2.579703870008    1.315375603269    6.368072220210
              H      5.515169664841   -0.296698101637    6.217736970507
              H      0.290619096664   -3.233321216227    2.268904158159
              H     -0.169155623648   -1.427795566740    4.667616560152
              H      5.795930560401   -3.982636702352   -1.316614345753
              S     -6.040323796862    3.838374092619   -0.299542072587
              O     -2.822960431290   -3.873092383506   -0.934103540810
              O     -5.815075879074   -2.461052152988   -3.576534900831
              N     -0.237302121073    0.139897481350   -3.742133444289
              C     -2.498333540114    0.434278649858   -2.117235113245
              C     -4.073691798128    2.706106852651   -2.906066497468
              C     -3.957922053069   -1.997842612183   -2.326475764170
              H     -1.983191131418    0.708804272984   -0.126876978172
              H     -2.752431148698    4.194805826697   -3.467966151826
              H     -5.230764683517    2.217085057818   -4.548786285370
              H      0.900178796601   -1.193678418593   -2.940984288423
              H      0.740678282448    1.786376244080   -3.504411968975
              H     -3.849715130664   -5.359161537503   -1.263065506817
$End
$SCF_Energy
   &GeometryIndex 52
   &ListStatus       IN
   &SCF_ENERGY [&Type "Double"]      -4.7157572326341251e+03
$End
$MP2_Energies
   &GeometryIndex 52
   &ListStatus       IN
   &REFENERGY [&Type "Double"]      -4.7157572326341251e+03  "Reference Energy"
   &CORRENERGY [&Type "Double"]      -4.1390408321071854e+00  "MP2 correlation energy"
   &TOTALENERGY [&Type "Double"]      -4.7198962734662327e+03  "MP2 total energy"
$End
$MP2_Nuc_Gradient
   &GeometryIndex 52
   &ListStatus       IN
   &NATOMS [&Type "Integer"] 84
   &GRADNORM [&Type "Double"]       9.1841484595204831e-04
   &GRAD [&Type "ArrayOfDoubles", &Dim (84,1)] 
                                                         0

0                                      3.4652921405635417e-05
1                                      2.7772792477759670e-04
2                                     -2.1350068804078422e-04
3                                     -1.7587018550375977e-05
4                                     -1.8825613270077434e-04
5                                      6.5313532237856005e-05
6                                     -1.1291392091318259e-04
7                                      3.2812811914664092e-05
8                                     -2.2617088436168928e-05
9                                      3.8112919078930885e-05
10                                    -4.6493497016995150e-05
11                                    -3.7073471249201434e-05
12                                     5.2172270868192094e-05
13                                     2.3003248853972758e-05
14                                     3.3298383700156031e-06
15                                    -8.1757158151427728e-05
16                                    -1.2286341672358703e-04
17                                     1.3052419821441008e-04
18                                     1.9886563816564479e-04
19                                     1.0519886837226378e-04
20                                    -1.6620034158043237e-04
21                                    -1.0972803113705291e-04
22                                    -2.4746336950249789e-04
23                                    -1.8018323061509689e-05
24                                    -8.9141604103788741e-05
25                                     8.0213991700966991e-06
26                                     1.1328592748869465e-04
27                                    -4.8639737992420273e-05
28                                    -2.3678298640427559e-05
29                                     2.4428575042645395e-05
30                                     5.9730041433364578e-05
31                                     9.2488298069401571e-05
32                                    -1.3855460903225425e-05
33                                     8.2471251345601210e-05
34                                     6.8535464628240172e-05
35                                    -3.3338328228639524e-05
36                                     3.0746225859652060e-05
37                                     8.5362536673055239e-05
38                                    -6.1982208941380179e-05
39                                    -9.5752848892662057e-06
40                                    -2.0904825062926374e-05
41                                     1.5466994490169472e-05
42                                    -4.4913614498286181e-05
43                                     5.2714131022167654e-06
44                                    -8.5049923739836594e-05
45                                     3.7941037683760295e-05
46                                    -1.4806961926181177e-04
47                                     2.5623066757768376e-04
48                                     6.1780897132601709e-06
49                                    -1.2452192633859160e-04
50                                    -4.2796306118274285e-05
51                                    -9.1324667170350482e-06
52                                     5.0858561591940465e-06
53                                    -5.3612999404220596e-05
54                                     7.0998648571799633e-05
55                                     1.0978359967832307e-04
56                                    -1.2804316658629467e-04
57                                    -1.1293956428777563e-04
58                                    -2.0656005578908662e-04
59                                     3.8044425851993524e-05
60                                     2.1718944974095933e-04
61                                    -7.1966117045095535e-05
62                                    -1.7319036750925582e-04
63                                    -6.7816790010596928e-05
64                                     2.0846133668434973e-04
65                                     1.4146664481080873e-04
66                                     5.5084597504756125e-05
67                                     2.9118392891700796e-05
68                                     1.3419887705257150e-06
69                                    -8.5581078034156766e-05
70                                     5.5017238634602617e-05
71                                     7.7676092092500773e-05
72                                    -8.1562067900907420e-05
73                                     1.1283912737741243e-05
74                                     6.3217988716765539e-05
75                                    -2.8816003338479751e-05
76                                    -3.8918734047457132e-05
77                                     7.5297088658360378e-05
78                                     1.6039119180851630e-05
79                                     8.8020884797812560e-06
80                                     6.1885154798895295e-06
81                                     3.8662662911435886e-06
82                                    -2.1643392491471625e-05
83                                     6.9520511519847311e-05
$End
$Geometry
   &GeometryIndex 53
   &ListStatus       OUT
   &NATOMS [&Type "Integer"] 28
   &NCORELESSECP [&Type "Integer"] 0
   &NGHOSTATOMS [&Type "Integer"] 0
   &CartesianCoordinates [&Type "Coordinates", &Dim(28,4), &Units "Bohr"] 
              Cu    -2.515328561158    5.090591135593    1.751390709720
              Cu     1.820009919220    5.220259089448    2.833290174760
              S      5.646329975044    3.751417750399    4.013621016372
              O      4.442428040980   -2.905801162792   -0.719081759382
              O      7.130857172700   -3.005889327711    2.550757270283
              N      1.184249057694   -2.533927622391    3.821378856132
              C      3.124117357786   -0.708502780178    2.956074555903
              C      4.168580416410    0.838601749891    5.139987222678
              C      5.153397822408   -2.249721054565    1.688574024350
              H      2.359756280037    0.629342116984    1.569086732488
              H      2.571830254365    1.306978034483    6.369732998465
              H      5.508618897980   -0.302939744421    6.225454748685
              H      0.300650032208   -3.242209809910    2.261905080931
              H     -0.164206676174   -1.442954385630    4.664392105015
              H      5.820618003379   -3.958223764564   -1.322968475138
              S     -6.038091176379    3.846611911737   -0.309854645615
              O     -2.843036291884   -3.865321384885   -0.913516571864
              O     -5.822916572375   -2.459147235619   -3.572645650844
              N     -0.244438983481    0.128206640965   -3.747431894525
              C     -2.501553809447    0.434343285007   -2.119747455571
              C     -4.071884921676    2.708092306622   -2.913201528152
              C     -3.967926303483   -1.994891488622   -2.319766170324
              H     -1.983170226759    0.713053274248   -0.130951348742
              H     -2.746241704946    4.192748539193   -3.476053526047
              H     -5.227567575917    2.218878971865   -4.556878772351
              H      0.893553392044   -1.202593291771   -2.942678872397
              H      0.736115007855    1.774605577105   -3.521182213545
              H     -3.872616914012   -5.350281569166   -1.239108464561
$End
$SCF_Energy
   &GeometryIndex 53
   &ListStatus       IN
   &SCF_ENERGY [&Type "Double"]      -4.7157574221777832e+03
$End
$MP2_Energies
   &GeometryIndex 53
   &ListStatus       IN
   &REFENERGY [&Type "Double"]      -4.7157574221777832e+03  "Reference Energy"
   &CORRENERGY [&Type "Double"]      -4.1388497884583817e+00  "MP2 correlation energy"
   &TOTALENERGY [&Type "Double"]      -4.7198962719662413e+03  "MP2 total energy"
$End
$MP2_Nuc_Gradient
   &GeometryIndex 53
   &ListStatus       IN
   &NATOMS [&Type "Integer"] 84
   &GRADNORM [&Type "Double"]       5.7360845686223053e-04
   &GRAD [&Type "ArrayOfDoubles", &Dim (84,1)] 
                                                         0

0                                      1.9055442910611425e-05
1                                      2.7364032521576005e-04
2                                     -1.6453592647565785e-04
3                                     -2.9092169225643574e-05
4                                     -1.5955889486624509e-04
5                                      2.9858381726193851e-05
6                                     -6.4293996349645138e-05
7                                      2.1925221059693883e-05
8                                     -1.8494250383714606e-05
9                                     -1.1078585736137847e-05
10                                    -2.2960836359553483e-05
11                                     2.3368855443052505e-05
12                                     6.0668755793441553e-06
13                                    -7.4573760933602240e-06
14                                     1.7291915522028856e-05
15                                    -4.4228453902638021e-05
16                                    -3.7597460562286550e-05
17                                     4.6142547125236494e-05
18                                     4.7317121228993703e-05
19                                     1.1619049044002405e-05
20                                    -5.4613545644096109e-05
21                                    -2.3926065191942625e-05
22                                    -1.4090014686701097e-04
23                                     1.9590256330054290e-05
24                                     2.4503641517494013e-05
25                                     2.5237961230630684e-05
26                                    -6.8441821897365085e-05
27                                    -1.3997961089435434e-05
28                                    -2.5186291583406684e-05
29                                     6.6502273690129121e-06
30                                     2.8364640381736694e-05
31                                     3.9885898078105726e-05
32                                    -1.2929279887517742e-05
33                                     5.4764909144213586e-05
34                                     2.9140277651353713e-05
35                                    -1.9987780938465760e-05
36                                     1.9431324648076093e-05
37                                     1.5374913935394668e-05
38                                    -4.7464898453294935e-05
39                                     2.0498038218876719e-05
40                                     5.6786260200052119e-06
41                                     2.4329872511788531e-05
42                                    -3.0638132449689603e-06
43                                    -2.1707170862333980e-06
44                                    -4.1913689186044364e-05
45                                     6.1158324636000766e-05
46                                    -1.9037468590301070e-04
47                                     2.1346525935510632e-04
48                                    -6.7562344888555392e-06
49                                     1.5705323094493406e-05
50                                     4.3657910946820477e-07
51                                    -3.6464064034263943e-05
52                                     2.1606573337225321e-05
53                                    -1.5231051470859791e-05
54                                     3.4429072326196131e-05
55                                     2.6922915548951293e-05
56                                    -2.8311223326984991e-05
57                                    -1.5430232750114625e-05
58                                    -6.5504077500982277e-05
59                                     2.1554946542982900e-05
60                                     6.1755169244823160e-05
61                                     1.7963709174832754e-05
62                                    -1.4162628904248326e-04
63                                     1.8452352207612432e-05
64                                    -2.9325558680940236e-05
65                                     8.8127037396884544e-05
66                                     1.8332162125080965e-05
67                                    -2.5411452735969731e-06
68                                    -8.9366725187292606e-06
69                                    -3.6066950960648297e-05
70                                     1.8126084903712786e-05
71                                     4.2741139387613217e-05
72                                    -5.0597849472706902e-05
73                                     4.1740624444359248e-06
74                                     4.2671508860624846e-05
75                                    -3.1183778795941530e-05
76                                    -2.8674669855822954e-05
77                                     2.5821240138397539e-05
78                                    -2.2194782983164102e-05
79                                     2.7604077887051492e-05
80                                     2.4072088131632183e-06
81                                    -1.8275539908640254e-05
82                                    -1.4422270876814081e-05
83                                     2.7200408776056201e-05
$End
$Geometry
   &GeometryIndex 54
   &ListStatus       OUT
   &NATOMS [&Type "Integer"] 28
   &NCORELESSECP [&Type "Integer"] 0
   &NGHOSTATOMS [&Type "Integer"] 0
   &CartesianCoordinates [&Type "Coordinates", &Dim(28,4), &Units "Bohr"] 
              Cu    -2.514268342357    5.090872247005    1.752680705187
              Cu     1.820571044819    5.220696130607    2.837092833702
              S      5.646933309439    3.752544409892    4.019095295406
              O      4.451486512542   -2.897665643295   -0.721400348239
              O      7.132775993459   -3.005827038642    2.553809606805
              N      1.186778678354   -2.533384675825    3.818180911406
              C      3.126461014432   -0.707001245042    2.955582789690
              C      4.168432502256    0.838900196827    5.141711548772
              C      5.157582418834   -2.246725532059    1.688953951469
              H      2.363321589829    0.631615631116    1.568573425388
              H      2.569862859518    1.305435408899    6.369868000167
              H      5.506734074784   -0.303916957252    6.228019673622
              H      0.305296894906   -3.243377375709    2.258362054233
              H     -0.163502223527   -1.443244510161    4.659242712833
              H      5.830273412549   -3.950414893553   -1.323477339876
              S     -6.036573661227    3.849784786409   -0.311794305050
              O     -2.852615655138   -3.866260509850   -0.911895400570
              O     -5.829194904928   -2.456917984979   -3.572879703564
              N     -0.248037721577    0.121525829469   -3.747366366214
              C     -2.504115307771    0.432380333414   -2.119490950059
              C     -4.070451966421    2.708739449177   -2.913536826987
              C     -3.974128369895   -1.994854439043   -2.319311195925
              H     -1.985476497216    0.710231672854   -0.130654996694
              H     -2.741484757506    4.190812567997   -3.475637292909
              H     -5.225030010059    2.221394490332   -4.558577344497
              H      0.888632596237   -1.210320683581   -2.942656166944
              H      0.735142124510    1.766476101926   -3.522948060557
              H     -3.883273696427   -5.350172005622   -1.238969063870
$End
$SCF_Energy
   &GeometryIndex 54
   &ListStatus       IN
   &SCF_ENERGY [&Type "Double"]      -4.7157574930697219e+03
$End
$MP2_Energies
   &GeometryIndex 54
   &ListStatus       IN
   &REFENERGY [&Type "Double"]      -4.7157574930697219e+03  "Reference Energy"
   &CORRENERGY [&Type "Double"]      -4.1387788883343042e+00  "MP2 correlation energy"
   &TOTALENERGY [&Type "Double"]      -4.7198962719580559e+03  "MP2 total energy"
$End
$MP2_Nuc_Gradient
   &GeometryIndex 54
   &ListStatus       IN
   &NATOMS [&Type "Integer"] 84
   &GRADNORM [&Type "Double"]       5.4480482438818171e-04
   &GRAD [&Type "ArrayOfDoubles", &Dim (84,1)] 
                                                         0

0                                      2.1138437164868948e-05
1                                      2.7578892803278941e-04
2                                     -1.3827981017036682e-04
3                                     -2.3515585465393174e-05
4                                     -1.6079814284758638e-04
5                                      2.6207832804149740e-05
6                                     -5.8447966212184579e-05
7                                      2.1225738631048402e-05
8                                     -2.2881618130098091e-05
9                                     -2.0787604841282503e-05
10                                     1.3608830491028401e-05
11                                     4.0591713474025931e-05
12                                     5.2222670314239217e-06
13                                    -1.3442912193441237e-05
14                                     1.2370161119712453e-05
15                                     1.2415749820089694e-06
16                                     9.8589223930037329e-06
17                                    -7.1921569397177809e-06
18                                    -4.3438028559061176e-05
19                                    -3.0367697809837585e-05
20                                     2.1354760231524772e-05
21                                     3.8803834831974832e-05
22                                    -5.6330281076679561e-05
23                                     1.8141493233668482e-05
24                                     3.3071408816094661e-05
25                                     3.4127125948385517e-06
26                                    -1.2088070555948266e-04
27                                    -1.0763161883593775e-06
28                                    -2.8735418037793836e-06
29                                    -1.5562726924506914e-05
30                                     1.3982357780963767e-05
31                                     2.3442899474796983e-06
32                                    -1.0522072923138670e-05
33                                     2.7178317036500449e-05
34                                     5.9231260395482821e-06
35                                    -1.0567709018527438e-05
36                                     1.1548718545136699e-05
37                                    -6.4974879571515209e-06
38                                    -2.1219734048297245e-06
39                                     4.2553718567740761e-05
40                                    -1.9541388789623415e-06
41                                     3.6834975386638991e-06
42                                     1.0795269040471400e-05
43                                    -1.3554421997574728e-05
44                                    -1.6204233613741764e-05
45                                     6.9001369236721018e-05
46                                    -2.1551156136401586e-04
47                                     1.7927788718155938e-04
48                                    -4.2360419099905788e-05
49                                     6.2080231460114044e-05
50                                     4.0295707918122647e-06
51                                    -4.9276956768276592e-05
52                                     2.4459169304585221e-05
53                                    -3.2521611952329721e-06
54                                    -1.9657152544230033e-05
55                                    -6.3686811776694774e-06
56                                     2.4231977255297077e-05
57                                     4.3578852279374525e-05
58                                     1.1207746649637140e-05
59                                    -6.4295359069876934e-06
60                                    -2.1959434431843144e-05
61                                     9.2003347707377003e-05
62                                    -8.4889354794309702e-05
63                                     6.9599901250209928e-05
64                                    -1.0581637608188948e-04
65                                     7.7541577488113300e-05
66                                     4.4255308129783830e-06
67                                    -2.7291471643935312e-05
68                                     1.4194798192285196e-06
69                                    -1.2512832917310757e-05
70                                    -5.3917674190558096e-06
71                                     1.4029947389726169e-05
72                                    -2.3578019857695143e-05
73                                     4.0902734140639552e-06
74                                     2.5238837053888352e-05
75                                    -2.0843531832754475e-05
76                                    -1.1400098892042076e-05
77                                    -8.5408466661794635e-06
78                                    -4.4189261913404193e-05
79                                    -5.1608674127637255e-06
80                                     1.3012491373109482e-05
81                                    -1.5095282681558408e-05
82                                    -1.3901333913247937e-05
83                                     3.1701231234023547e-06
$End
$Geometry
   &GeometryIndex 55
   &ListStatus       OUT
   &NATOMS [&Type "Integer"] 28
   &NCORELESSECP [&Type "Integer"] 0
   &NGHOSTATOMS [&Type "Integer"] 0
   &CartesianCoordinates [&Type "Coordinates", &Dim(28,4), &Units "Bohr"] 
              Cu    -2.514099348876    5.088414093699    1.756438989949
              Cu     1.821517027484    5.220605737530    2.837641255596
              S      5.649383955589    3.753821423607    4.016449399214
              O      4.451743592583   -2.901698688741   -0.719974146330
              O      7.129933811934   -3.011360514504    2.557504646504
              N      1.183454575493   -2.526804015233    3.817389076977
              C      3.127136845193   -0.705487650250    2.954143483819
              C      4.170142058707    0.840938214951    5.139726962122
              C      5.156450422688   -2.250063958788    1.690498475159
              H      2.367686174060    0.633017459944    1.564962005469
              H      2.571760700458    1.307612871398    6.368066980514
              H      5.507701893279   -0.302551472357    6.226256813548
              H      0.304406162610   -3.240768514184    2.258019085505
              H     -0.167554019981   -1.432314738163    4.651801767504
              H      5.829237400666   -3.957626687748   -1.319441959572
              S     -6.037291667499    3.849391339169   -0.308585536217
              O     -2.848667009579   -3.869350280268   -0.918422741253
              O     -5.829046292380   -2.457973676496   -3.573872311840
              N     -0.248038713893    0.124104307162   -3.744383232855
              C     -2.505339646821    0.431968557486   -2.117900144124
              C     -4.072294985429    2.708422138824   -2.910760239191
              C     -3.973207694912   -1.996378685901   -2.321232714441
              H     -1.988422954349    0.707896783110   -0.128301750556
              H     -2.743176881325    4.190088841692   -3.473699605201
              H     -5.226959675460    2.221179884280   -4.555810607566
              H      0.888580385885   -1.208757521821   -2.941277306453
              H      0.734824738170    1.768815663964   -3.516670717818
              H     -3.877728941878   -5.353815151045   -1.247987781741
$End
$SCF_Energy
   &GeometryIndex 55
   &ListStatus       LAST
   &SCF_ENERGY [&Type "Double"]      -4.7157574824046960e+03
$End
$Mulliken_Population_Analysis
   &GeometryIndex 55
   &ListStatus       LAST
   &NATOMS [&Type "Integer"] 28
   &ATNO [&Type "ArrayOfIntegers", &Dim (28,1)] 
                                                         0

0                                                       29
1                                                       29
2                                                       16
3                                                        8
4                                                        8
5                                                        7
6                                                        6
7                                                        6
8                                                        6
9                                                        1
10                                                       1
11                                                       1
12                                                       1
13                                                       1
14                                                       1
15                                                      16
16                                                       8
17                                                       8
18                                                       7
19                                                       6
20                                                       6
21                                                       6
22                                                       1
23                                                       1
24                                                       1
25                                                       1
26                                                       1
27                                                       1
   &ATOMICCHARGES [&Type "ArrayOfDoubles", &Dim (28,1)] 
                                                         0

0                                     -2.9194675657520008e-01
1                                     -2.9718253322915800e-01
2                                     -7.2548196476529014e-01
3                                     -5.1417795831841318e-01
4                                     -5.0869273350236632e-01
5                                     -6.1724981165018633e-01
6                                      1.9790707316864609e-01
7                                      1.0459798925733566e-02
8                                      4.2248964424205404e-01
9                                      1.1305025505218957e-01
10                                     6.3250106530574612e-02
11                                     6.9417708560394642e-02
12                                     2.2697252235475496e-01
13                                     2.2836148262572720e-01
14                                     3.2857488511305388e-01
15                                    -7.2714689266721777e-01
16                                    -5.1701287333681734e-01
17                                    -5.0657310710450254e-01
18                                    -6.1322616390536755e-01
19                                     1.9221621921167920e-01
20                                     1.0827023588990237e-02
21                                     4.1932142638374792e-01
22                                     1.1665325572136176e-01
23                                     6.3957656632570248e-02
24                                     6.9716738479361329e-02
25                                     2.2739295539415838e-01
26                                     2.2926734855555408e-01
27                                     3.2885469451388671e-01
$End
$Loewdin_Population_Analysis
   &GeometryIndex 55
   &ListStatus       LAST
   &NATOMS [&Type "Integer"] 28
   &ATNO [&Type "ArrayOfIntegers", &Dim (28,1)] 
                                                         0

0                                                       29
1                                                       29
2                                                       16
3                                                        8
4                                                        8
5                                                        7
6                                                        6
7                                                        6
8                                                        6
9                                                        1
10                                                       1
11                                                       1
12                                                       1
13                                                       1
14                                                       1
15                                                      16
16                                                       8
17                                                       8
18                                                       7
19                                                       6
20                                                       6
21                                                       6
22                                                       1
23                                                       1
24                                                       1
25                                                       1
26                                                       1
27                                                       1
   &ATOMICCHARGES [&Type "ArrayOfDoubles", &Dim (28,1)] 
                                                         0

0                                     -6.1285829239024991e-01
1                                     -6.1440385697776989e-01
2                                      3.2336977130507094e-02
3                                      1.6284225908163918e-02
4                                      1.5600118728023915e-02
5                                     -1.6615954368797858e-01
6                                     -3.1578294464172885e-01
7                                     -4.5526487372341151e-01
8                                     -3.6654244469812891e-01
9                                      1.4842856506158242e-01
10                                     1.1295147227490021e-01
11                                     1.0543785557421903e-01
12                                     1.4367339857063077e-01
13                                     1.5458065782827068e-01
14                                     1.8904833900977203e-01
15                                     2.9409442066235414e-02
16                                     1.4770532319499097e-02
17                                     1.6039253374419360e-02
18                                    -1.6554236404637468e-01
19                                    -3.1627277590650227e-01
20                                    -4.5496977123442939e-01
21                                    -3.6556311366219685e-01
22                                     1.4891248601396312e-01
23                                     1.1314888257784272e-01
24                                     1.0532400073787351e-01
25                                     1.4336404746665443e-01
26                                     1.5504508490480351e-01
27                                     1.8900464142131923e-01
$End
$Mayer_Population_Analysis
   &GeometryIndex 55
   &ListStatus       IN
   &NATOMS [&Type "Integer"] 28 "Total number of atoms"
   &BONDTHRESH [&Type "Double"]       1.0000000000000001e-01  "The threshold for printing"
   &NBONDORDERSPRINT [&Type "Integer"] 29 "The number of bond orders larger than threshold"
   &BONDORDERS [&Type "ArrayOfDoubles", &Dim (29,1)] "The bond orders"
                                                         0

0                                      1.0596666563545452e+00
1                                      4.7116678717436905e-01
2                                     -1.3626230193586714e-01
3                                      4.7049961238097637e-01
4                                     -1.3642563347913428e-01
5                                      9.7957395345690512e-01
6                                      1.0984935263029283e+00
7                                      8.6847996951109296e-01
8                                      1.9751504959844688e+00
9                                      8.5482043714472433e-01
10                                     9.5150124183672735e-01
11                                     9.3683099413775262e-01
12                                     9.6111848562404079e-01
13                                     9.1056224134911201e-01
14                                     9.6782447254835358e-01
15                                     9.8917769322519700e-01
16                                     9.6511834141232633e-01
17                                     9.8104200701685829e-01
18                                     1.0940804254149457e+00
19                                     8.6861207283360198e-01
20                                     1.9770902161883452e+00
21                                     8.5745193443333712e-01
22                                     9.5115834076663364e-01
23                                     9.3479338154199532e-01
24                                     9.6116065916846571e-01
25                                     9.1287115763028270e-01
26                                     9.6459083029807391e-01
27                                     9.9124613626547375e-01
28                                     9.6338362605003425e-01
   &COMPONENTS [&Type "ArrayOfIntegers", &Dim (29,4)] "The indices and atomic numbers of the bonding atoms"
                                                         0                           1                           2                           3

0                                                        0                          29                           1                          29
1                                                        0                          29                          15                          16
2                                                        0                          29                          20                           6
3                                                        1                          29                           2                          16
4                                                        1                          29                           7                           6
5                                                        2                          16                           7                           6
6                                                        3                           8                           8                           6
7                                                        3                           8                          14                           1
8                                                        4                           8                           8                           6
9                                                        5                           7                           6                           6
10                                                       5                           7                          12                           1
11                                                       5                           7                          13                           1
12                                                       6                           6                           7                           6
13                                                       6                           6                           8                           6
14                                                       6                           6                           9                           1
15                                                       7                           6                          10                           1
16                                                       7                           6                          11                           1
17                                                      15                          16                          20                           6
18                                                      16                           8                          21                           6
19                                                      16                           8                          27                           1
20                                                      17                           8                          21                           6
21                                                      18                           7                          19                           6
22                                                      18                           7                          25                           1
23                                                      18                           7                          26                           1
24                                                      19                           6                          20                           6
25                                                      19                           6                          21                           6
26                                                      19                           6                          22                           1
27                                                      20                           6                          23                           1
28                                                      20                           6                          24                           1
   &ATNO [&Type "ArrayOfIntegers", &Dim (28,1)] "Atomic number of the elements"
                                                         0

0                                                       29
1                                                       29
2                                                       16
3                                                        8
4                                                        8
5                                                        7
6                                                        6
7                                                        6
8                                                        6
9                                                        1
10                                                       1
11                                                       1
12                                                       1
13                                                       1
14                                                       1
15                                                      16
16                                                       8
17                                                       8
18                                                       7
19                                                       6
20                                                       6
21                                                       6
22                                                       1
23                                                       1
24                                                       1
25                                                       1
26                                                       1
27                                                       1
   &NA [&Type "ArrayOfDoubles", &Dim (28,1)] "Mulliken gross atomic population"
                                                         0

0                                      2.9291946756575197e+01
1                                      2.9297182533229162e+01
2                                      1.6725481964765287e+01
3                                      8.5141779583184150e+00
4                                      8.5086927335023717e+00
5                                      7.6172498116501837e+00
6                                      5.8020929268313504e+00
7                                      5.9895402010742620e+00
8                                      5.5775103557579495e+00
9                                      8.8694974494781009e-01
10                                     9.3674989346942628e-01
11                                     9.3058229143960625e-01
12                                     7.7302747764524493e-01
13                                     7.7163851737427280e-01
14                                     6.7142511488694578e-01
15                                     1.6727146892667207e+01
16                                     8.5170128733368138e+00
17                                     8.5065731071045132e+00
18                                     7.6132261639053711e+00
19                                     5.8077837807883190e+00
20                                     5.9891729764110053e+00
21                                     5.5806785736162539e+00
22                                     8.8334674427863813e-01
23                                     9.3604234336742964e-01
24                                     9.3028326152063856e-01
25                                     7.7260704460584173e-01
26                                     7.7073265144444580e-01
27                                     6.7114530548611340e-01
   &ZA [&Type "ArrayOfDoubles", &Dim (28,1)] "Total nuclear charge"
                                                         0

0                                      2.9000000000000000e+01
1                                      2.9000000000000000e+01
2                                      1.6000000000000000e+01
3                                      8.0000000000000000e+00
4                                      8.0000000000000000e+00
5                                      7.0000000000000000e+00
6                                      6.0000000000000000e+00
7                                      6.0000000000000000e+00
8                                      6.0000000000000000e+00
9                                      1.0000000000000000e+00
10                                     1.0000000000000000e+00
11                                     1.0000000000000000e+00
12                                     1.0000000000000000e+00
13                                     1.0000000000000000e+00
14                                     1.0000000000000000e+00
15                                     1.6000000000000000e+01
16                                     8.0000000000000000e+00
17                                     8.0000000000000000e+00
18                                     7.0000000000000000e+00
19                                     6.0000000000000000e+00
20                                     6.0000000000000000e+00
21                                     6.0000000000000000e+00
22                                     1.0000000000000000e+00
23                                     1.0000000000000000e+00
24                                     1.0000000000000000e+00
25                                     1.0000000000000000e+00
26                                     1.0000000000000000e+00
27                                     1.0000000000000000e+00
   &QA [&Type "ArrayOfDoubles", &Dim (28,1)] "Mulliken gross atomic charge"
                                                         0

0                                     -2.9194675657519653e-01
1                                     -2.9718253322916155e-01
2                                     -7.2548196476528659e-01
3                                     -5.1417795831841495e-01
4                                     -5.0869273350237165e-01
5                                     -6.1724981165018367e-01
6                                      1.9790707316864964e-01
7                                      1.0459798925738006e-02
8                                      4.2248964424205049e-01
9                                      1.1305025505218991e-01
10                                     6.3250106530573724e-02
11                                     6.9417708560393754e-02
12                                     2.2697252235475507e-01
13                                     2.2836148262572720e-01
14                                     3.2857488511305422e-01
15                                    -7.2714689266720711e-01
16                                    -5.1701287333681378e-01
17                                    -5.0657310710451320e-01
18                                    -6.1322616390537110e-01
19                                     1.9221621921168097e-01
20                                     1.0827023588994678e-02
21                                     4.1932142638374614e-01
22                                     1.1665325572136187e-01
23                                     6.3957656632570359e-02
24                                     6.9716738479361440e-02
25                                     2.2739295539415827e-01
26                                     2.2926734855555420e-01
27                                     3.2885469451388660e-01
   &VA [&Type "ArrayOfDoubles", &Dim (28,1)] "Mayer's total valence"
                                                         0

0                                      1.4729205013593862e+00
1                                      1.4718539127587427e+00
2                                      1.5165670021390341e+00
3                                      1.9019141520884311e+00
4                                      1.9707364404226562e+00
5                                      2.8200100591818029e+00
6                                      3.5830530675211114e+00
7                                      3.7101796613599443e+00
8                                      4.1946484401769828e+00
9                                      9.9197161855570126e-01
10                                     1.0003246193603772e+00
11                                     9.8096177371480975e-01
12                                     9.6935679242873285e-01
13                                     9.6293218854123674e-01
14                                     9.2490662294583958e-01
15                                     1.5144657619507313e+00
16                                     1.8978028774675642e+00
17                                     1.9722891055747327e+00
18                                     2.8187372815860372e+00
19                                     3.5853567319087647e+00
20                                     3.7103631755465489e+00
21                                     4.1933062898104509e+00
22                                     9.8997701900956425e-01
23                                     1.0010427822244801e+00
24                                     9.8070459482584760e-01
25                                     9.6880932009147525e-01
26                                     9.6589008520303099e-01
27                                     9.2480892055911812e-01
   &BVA [&Type "ArrayOfDoubles", &Dim (28,1)] "Mayer's bonded valence"
                                                         0

0                                      1.4729205013595319e+00
1                                      1.4718539127588173e+00
2                                      1.5165670021391797e+00
3                                      1.9019141520884624e+00
4                                      1.9707364404227050e+00
5                                      2.8200100591818096e+00
6                                      3.5830530675210230e+00
7                                      3.7101796613599736e+00
8                                      4.1946484401769739e+00
9                                      9.9197161855564564e-01
10                                     1.0003246193603663e+00
11                                     9.8096177371483062e-01
12                                     9.6935679242873829e-01
13                                     9.6293218854123186e-01
14                                     9.2490662294583426e-01
15                                     1.5144657619508131e+00
16                                     1.8978028774675977e+00
17                                     1.9722891055748057e+00
18                                     2.8187372815860439e+00
19                                     3.5853567319086741e+00
20                                     3.7103631755464823e+00
21                                     4.1933062898103923e+00
22                                     9.8997701900955937e-01
23                                     1.0010427822244559e+00
24                                     9.8070459482583172e-01
25                                     9.6880932009147214e-01
26                                     9.6589008520303410e-01
27                                     9.2480892055911890e-01
   &FA [&Type "ArrayOfDoubles", &Dim (28,1)] "Mayer's free valence"
                                                         0

0                                      0.0000000000000000e+00
1                                      0.0000000000000000e+00
2                                      0.0000000000000000e+00
3                                      0.0000000000000000e+00
4                                      0.0000000000000000e+00
5                                      0.0000000000000000e+00
6                                      0.0000000000000000e+00
7                                      0.0000000000000000e+00
8                                      0.0000000000000000e+00
9                                      0.0000000000000000e+00
10                                     0.0000000000000000e+00
11                                     0.0000000000000000e+00
12                                     0.0000000000000000e+00
13                                     0.0000000000000000e+00
14                                     0.0000000000000000e+00
15                                     0.0000000000000000e+00
16                                     0.0000000000000000e+00
17                                     0.0000000000000000e+00
18                                     0.0000000000000000e+00
19                                     0.0000000000000000e+00
20                                     0.0000000000000000e+00
21                                     0.0000000000000000e+00
22                                     0.0000000000000000e+00
23                                     0.0000000000000000e+00
24                                     0.0000000000000000e+00
25                                     0.0000000000000000e+00
26                                     0.0000000000000000e+00
27                                     0.0000000000000000e+00
$End
$Mayer_Population_Analysis
   &GeometryIndex 55
   &ListStatus       IN
   &NATOMS [&Type "Integer"] 28 "Total number of atoms"
   &BONDTHRESH [&Type "Double"]       1.0000000000000001e-01  "The threshold for printing"
   &NBONDORDERSPRINT [&Type "Integer"] 29 "The number of bond orders larger than threshold"
   &BONDORDERS [&Type "ArrayOfDoubles", &Dim (29,1)] "The bond orders"
                                                         0

0                                      9.6685165272595863e-01
1                                      4.4922633791450817e-01
2                                     -1.3097600681842614e-01
3                                      4.4857337122276719e-01
4                                     -1.3115869672462932e-01
5                                      8.9726449043835121e-01
6                                      1.0321297028408787e+00
7                                      8.2529075254593021e-01
8                                      1.8377524088938046e+00
9                                      7.9427023882560066e-01
10                                     9.0821204347973150e-01
11                                     8.9376800966336545e-01
12                                     8.9917427231056324e-01
13                                     8.5525029602687819e-01
14                                     9.2322937283599360e-01
15                                     9.4513789745193566e-01
16                                     9.2222380745311250e-01
17                                     8.9870654367230096e-01
18                                     1.0279566952314998e+00
19                                     8.2544737959102343e-01
20                                     1.8395131014598098e+00
21                                     7.9667584492713994e-01
22                                     9.0786861284297382e-01
23                                     8.9175991514533326e-01
24                                     8.9920830545876251e-01
25                                     8.5758854091835157e-01
26                                     9.2007871221130411e-01
27                                     9.4718287447276084e-01
28                                     9.2048963641717196e-01
   &COMPONENTS [&Type "ArrayOfIntegers", &Dim (29,4)] "The indices and atomic numbers of the bonding atoms"
                                                         0                           1                           2                           3

0                                                        0                          29                           1                          29
1                                                        0                          29                          15                          16
2                                                        0                          29                          20                           6
3                                                        1                          29                           2                          16
4                                                        1                          29                           7                           6
5                                                        2                          16                           7                           6
6                                                        3                           8                           8                           6
7                                                        3                           8                          14                           1
8                                                        4                           8                           8                           6
9                                                        5                           7                           6                           6
10                                                       5                           7                          12                           1
11                                                       5                           7                          13                           1
12                                                       6                           6                           7                           6
13                                                       6                           6                           8                           6
14                                                       6                           6                           9                           1
15                                                       7                           6                          10                           1
16                                                       7                           6                          11                           1
17                                                      15                          16                          20                           6
18                                                      16                           8                          21                           6
19                                                      16                           8                          27                           1
20                                                      17                           8                          21                           6
21                                                      18                           7                          19                           6
22                                                      18                           7                          25                           1
23                                                      18                           7                          26                           1
24                                                      19                           6                          20                           6
25                                                      19                           6                          21                           6
26                                                      19                           6                          22                           1
27                                                      20                           6                          23                           1
28                                                      20                           6                          24                           1
   &ATNO [&Type "ArrayOfIntegers", &Dim (28,1)] "Atomic number of the elements"
                                                         0

0                                                       29
1                                                       29
2                                                       16
3                                                        8
4                                                        8
5                                                        7
6                                                        6
7                                                        6
8                                                        6
9                                                        1
10                                                       1
11                                                       1
12                                                       1
13                                                       1
14                                                       1
15                                                      16
16                                                       8
17                                                       8
18                                                       7
19                                                       6
20                                                       6
21                                                       6
22                                                       1
23                                                       1
24                                                       1
25                                                       1
26                                                       1
27                                                       1
   &NA [&Type "ArrayOfDoubles", &Dim (28,1)] "Mulliken gross atomic population"
                                                         0

0                                      2.9287732576902815e+01
1                                      2.9292803089758696e+01
2                                      1.6716384559711233e+01
3                                      8.4988453234137307e+00
4                                      8.4832688421979974e+00
5                                      7.6116121232375145e+00
6                                      5.8139058010715363e+00
7                                      6.0035524726187495e+00
8                                      5.6135636576172221e+00
9                                      8.8837184053898555e-01
10                                     9.3356143486763332e-01
11                                     9.2709615832732906e-01
12                                     7.7263410814937206e-01
13                                     7.7168019009510025e-01
14                                     6.7491431845332550e-01
15                                     1.6718070649042851e+01
16                                     8.5017384140553478e+00
17                                     8.4812238629242174e+00
18                                     7.6074956531788374e+00
19                                     5.8196846248130711e+00
20                                     6.0031559349428250e+00
21                                     5.6165444936675284e+00
22                                     8.8473051967023464e-01
23                                     9.3278789643809024e-01
24                                     9.2682033996216873e-01
25                                     7.7219635501216966e-01
26                                     7.7098535634947352e-01
27                                     6.7463940298228697e-01
   &ZA [&Type "ArrayOfDoubles", &Dim (28,1)] "Total nuclear charge"
                                                         0

0                                      2.9000000000000000e+01
1                                      2.9000000000000000e+01
2                                      1.6000000000000000e+01
3                                      8.0000000000000000e+00
4                                      8.0000000000000000e+00
5                                      7.0000000000000000e+00
6                                      6.0000000000000000e+00
7                                      6.0000000000000000e+00
8                                      6.0000000000000000e+00
9                                      1.0000000000000000e+00
10                                     1.0000000000000000e+00
11                                     1.0000000000000000e+00
12                                     1.0000000000000000e+00
13                                     1.0000000000000000e+00
14                                     1.0000000000000000e+00
15                                     1.6000000000000000e+01
16                                     8.0000000000000000e+00
17                                     8.0000000000000000e+00
18                                     7.0000000000000000e+00
19                                     6.0000000000000000e+00
20                                     6.0000000000000000e+00
21                                     6.0000000000000000e+00
22                                     1.0000000000000000e+00
23                                     1.0000000000000000e+00
24                                     1.0000000000000000e+00
25                                     1.0000000000000000e+00
26                                     1.0000000000000000e+00
27                                     1.0000000000000000e+00
   &QA [&Type "ArrayOfDoubles", &Dim (28,1)] "Mulliken gross atomic charge"
                                                         0

0                                     -2.8773257690281540e-01
1                                     -2.9280308975869573e-01
2                                     -7.1638455971123349e-01
3                                     -4.9884532341373067e-01
4                                     -4.8326884219799737e-01
5                                     -6.1161212323751446e-01
6                                      1.8609419892846368e-01
7                                     -3.5524726187494693e-03
8                                      3.8643634238277791e-01
9                                      1.1162815946101445e-01
10                                     6.6438565132366678e-02
11                                     7.2903841672670944e-02
12                                     2.2736589185062794e-01
13                                     2.2831980990489975e-01
14                                     3.2508568154667450e-01
15                                    -7.1807064904285056e-01
16                                    -5.0173841405534780e-01
17                                    -4.8122386292421737e-01
18                                    -6.0749565317883736e-01
19                                     1.8031537518692886e-01
20                                    -3.1559349428249561e-03
21                                     3.8345550633247161e-01
22                                     1.1526948032976536e-01
23                                     6.7212103561909764e-02
24                                     7.3179660037831273e-02
25                                     2.2780364498783034e-01
26                                     2.2901464365052648e-01
27                                     3.2536059701771303e-01
   &VA [&Type "ArrayOfDoubles", &Dim (28,1)] "Mayer's total valence"
                                                         0

0                                      2.4486896220702183e+00
1                                      2.4484585759161672e+00
2                                      2.0249337034570463e+00
3                                      2.1983879756837190e+00
4                                      2.2787372165920545e+00
5                                      3.0620703324606633e+00
6                                      3.6831131419277674e+00
7                                      3.8332439257657365e+00
8                                      4.2732649541833796e+00
9                                      1.0085353870314755e+00
10                                     1.0113569705728058e+00
11                                     9.9171695581031627e-01
12                                     9.7568688633855183e-01
13                                     9.7030015028093075e-01
14                                     9.3238899403744280e-01
15                                     2.0229474058762187e+00
16                                     2.1946783219390182e+00
17                                     2.2800086908065813e+00
18                                     3.0605866373192034e+00
19                                     3.6859739713531252e+00
20                                     3.8333376276376296e+00
21                                     4.2719972883690378e+00
22                                     1.0064081174629389e+00
23                                     1.0118979379143098e+00
24                                     9.9147447125559440e-01
25                                     9.7511645988881868e-01
26                                     9.7350353724790972e-01
27                                     9.3229810082210751e-01
   &BVA [&Type "ArrayOfDoubles", &Dim (28,1)] "Mayer's bonded valence"
                                                         0

0                                      1.3593163479057631e+00
1                                      1.3583528194327210e+00
2                                      1.4049621571055040e+00
3                                      1.7863178209212669e+00
4                                      1.8242507659519061e+00
5                                      2.6658855816706519e+00
6                                      3.3574349913146797e+00
7                                      3.4878220052501274e+00
8                                      3.9239923084040682e+00
9                                      9.4532514743695106e-01
10                                     9.5222042674249030e-01
11                                     9.3529220896167142e-01
12                                     9.2393199505807722e-01
13                                     9.1659030025418642e-01
14                                     8.7875196745336726e-01
15                                     1.4030311563601545e+00
16                                     1.7824099136924065e+00
17                                     1.8256455414629698e+00
18                                     2.6645126950253299e+00
19                                     3.3594426051561808e+00
20                                     3.4881029418098728e+00
21                                     3.9227219731375831e+00
22                                     9.4345631436363786e-01
23                                     9.5294625009646128e-01
24                                     9.3500613316407799e-01
25                                     9.2339153366758819e-01
26                                     9.1929860466101476e-01
27                                     8.7868997083116340e-01
   &FA [&Type "ArrayOfDoubles", &Dim (28,1)] "Mayer's free valence"
                                                         0

0                                      1.0893732741644553e+00
1                                      1.0901057564834462e+00
2                                      6.1997154635154228e-01
3                                      4.1207015476245207e-01
4                                      4.5448645064014859e-01
5                                      3.9618475079001136e-01
6                                      3.2567815061308752e-01
7                                      3.4542192051560910e-01
8                                      3.4927264577931155e-01
9                                      6.3210239594524487e-02
10                                     5.9136543830315545e-02
11                                     5.6424746848644798e-02
12                                     5.1754891280474592e-02
13                                     5.3709850026744312e-02
14                                     5.3637026584075501e-02
15                                     6.1991624951606417e-01
16                                     4.1226840824661182e-01
17                                     4.5436314934361166e-01
18                                     3.9607394229387338e-01
19                                     3.2653136619694439e-01
20                                     3.4523468582775685e-01
21                                     3.4927531523145489e-01
22                                     6.2951803099300999e-02
23                                     5.8951687817848583e-02
24                                     5.6468338091516392e-02
25                                     5.1724926221230469e-02
26                                     5.4204932586894912e-02
27                                     5.3608129990944144e-02
$End
$Mayer_Population_Analysis
   &GeometryIndex 55
   &ListStatus       LAST
   &NATOMS [&Type "Integer"] 28 "Total number of atoms"
   &BONDTHRESH [&Type "Double"]       1.0000000000000001e-01  "The threshold for printing"
   &NBONDORDERSPRINT [&Type "Integer"] 31 "The number of bond orders larger than threshold"
   &BONDORDERS [&Type "ArrayOfDoubles", &Dim (31,1)] "The bond orders"
                                                         0

0                                      8.8925785794492729e-01
1                                      5.9411127376739470e-01
2                                      5.9462591369059559e-01
3                                     -1.2833552734444056e-01
4                                      9.7479963656185398e-01
5                                      1.0618864096003403e-01
6                                      1.0929467702587328e+00
7                                      8.2664791593446030e-01
8                                      1.9606725922893620e+00
9                                      7.8426056056684101e-01
10                                     9.0326672423136978e-01
11                                     8.8517586487720024e-01
12                                     9.0120394848206975e-01
13                                     8.4443089803471727e-01
14                                     8.8938315642296251e-01
15                                     9.2945824233622432e-01
16                                     9.0826619017447929e-01
17                                    -1.3407111758397475e-01
18                                     9.7715882124521114e-01
19                                     1.0329863647201147e-01
20                                     1.0881751897634648e+00
21                                     8.2672152690156597e-01
22                                     1.9617368547324725e+00
23                                     7.8418181687538224e-01
24                                     9.0310481661587183e-01
25                                     8.8293248191405560e-01
26                                     9.0191218338654922e-01
27                                     8.4608078492914218e-01
28                                     8.8623129211655105e-01
29                                     9.3166000408844118e-01
30                                     9.0681640568616506e-01
   &COMPONENTS [&Type "ArrayOfIntegers", &Dim (31,4)] "The indices and atomic numbers of the bonding atoms"
                                                         0                           1                           2                           3

0                                                        0                          29                           1                          29
1                                                        0                          29                          15                          16
2                                                        1                          29                           2                          16
3                                                        2                          16                           6                           6
4                                                        2                          16                           7                           6
5                                                        2                          16                           8                           6
6                                                        3                           8                           8                           6
7                                                        3                           8                          14                           1
8                                                        4                           8                           8                           6
9                                                        5                           7                           6                           6
10                                                       5                           7                          12                           1
11                                                       5                           7                          13                           1
12                                                       6                           6                           7                           6
13                                                       6                           6                           8                           6
14                                                       6                           6                           9                           1
15                                                       7                           6                          10                           1
16                                                       7                           6                          11                           1
17                                                      15                          16                          19                           6
18                                                      15                          16                          20                           6
19                                                      15                          16                          21                           6
20                                                      16                           8                          21                           6
21                                                      16                           8                          27                           1
22                                                      17                           8                          21                           6
23                                                      18                           7                          19                           6
24                                                      18                           7                          25                           1
25                                                      18                           7                          26                           1
26                                                      19                           6                          20                           6
27                                                      19                           6                          21                           6
28                                                      19                           6                          22                           1
29                                                      20                           6                          23                           1
30                                                      20                           6                          24                           1
   &ATNO [&Type "ArrayOfIntegers", &Dim (28,1)] "Atomic number of the elements"
                                                         0

0                                                       29
1                                                       29
2                                                       16
3                                                        8
4                                                        8
5                                                        7
6                                                        6
7                                                        6
8                                                        6
9                                                        1
10                                                       1
11                                                       1
12                                                       1
13                                                       1
14                                                       1
15                                                      16
16                                                       8
17                                                       8
18                                                       7
19                                                       6
20                                                       6
21                                                       6
22                                                       1
23                                                       1
24                                                       1
25                                                       1
26                                                       1
27                                                       1
   &NA [&Type "ArrayOfDoubles", &Dim (28,1)] "Mulliken gross atomic population"
                                                         0

0                                      2.9329397409979951e+01
1                                      2.9333146643327041e+01
2                                      1.6616114059709084e+01
3                                      8.4128809795884827e+00
4                                      8.3547474207051113e+00
5                                      7.5938460153554859e+00
6                                      5.8650519473227298e+00
7                                      6.0897046457262611e+00
8                                      5.7743713260870440e+00
9                                      8.6962571423997026e-01
10                                     9.1720309911196762e-01
11                                     9.2071665152009718e-01
12                                     7.7920948581584659e-01
13                                     7.7074390947958360e-01
14                                     7.0355951304656161e-01
15                                     1.6618062035037056e+01
16                                     8.4160595989189737e+00
17                                     8.3532907642630381e+00
18                                     7.5907034587593127e+00
19                                     5.8641670386946210e+00
20                                     6.0915524359256041e+00
21                                     5.7774522554168879e+00
22                                     8.6874265487362556e-01
23                                     9.1613886884354856e-01
24                                     9.2047568879534825e-01
25                                     7.7942097899202911e-01
26                                     7.7037164577093042e-01
27                                     7.0324375469416811e-01
   &ZA [&Type "ArrayOfDoubles", &Dim (28,1)] "Total nuclear charge"
                                                         0

0                                      2.9000000000000000e+01
1                                      2.9000000000000000e+01
2                                      1.6000000000000000e+01
3                                      8.0000000000000000e+00
4                                      8.0000000000000000e+00
5                                      7.0000000000000000e+00
6                                      6.0000000000000000e+00
7                                      6.0000000000000000e+00
8                                      6.0000000000000000e+00
9                                      1.0000000000000000e+00
10                                     1.0000000000000000e+00
11                                     1.0000000000000000e+00
12                                     1.0000000000000000e+00
13                                     1.0000000000000000e+00
14                                     1.0000000000000000e+00
15                                     1.6000000000000000e+01
16                                     8.0000000000000000e+00
17                                     8.0000000000000000e+00
18                                     7.0000000000000000e+00
19                                     6.0000000000000000e+00
20                                     6.0000000000000000e+00
21                                     6.0000000000000000e+00
22                                     1.0000000000000000e+00
23                                     1.0000000000000000e+00
24                                     1.0000000000000000e+00
25                                     1.0000000000000000e+00
26                                     1.0000000000000000e+00
27                                     1.0000000000000000e+00
   &QA [&Type "ArrayOfDoubles", &Dim (28,1)] "Mulliken gross atomic charge"
                                                         0

0                                     -3.2939740997995060e-01
1                                     -3.3314664332704069e-01
2                                     -6.1611405970908351e-01
3                                     -4.1288097958848269e-01
4                                     -3.5474742070511134e-01
5                                     -5.9384601535548587e-01
6                                      1.3494805267727017e-01
7                                     -8.9704645726261134e-02
8                                      2.2562867391295605e-01
9                                      1.3037428576002974e-01
10                                     8.2796900888032376e-02
11                                     7.9283348479902815e-02
12                                     2.2079051418415341e-01
13                                     2.2925609052041640e-01
14                                     2.9644048695343839e-01
15                                    -6.1806203503705603e-01
16                                    -4.1605959891897371e-01
17                                    -3.5329076426303807e-01
18                                    -5.9070345875931274e-01
19                                     1.3583296130537903e-01
20                                    -9.1552435925604136e-02
21                                     2.2254774458311211e-01
22                                     1.3125734512637444e-01
23                                     8.3861131156451441e-02
24                                     7.9524311204651754e-02
25                                     2.2057902100797089e-01
26                                     2.2962835422906958e-01
27                                     2.9675624530583189e-01
   &VA [&Type "ArrayOfDoubles", &Dim (28,1)] "Mayer's total valence"
                                                         0

0                                      2.4172539346163204e+00
1                                      2.4181402201681790e+00
2                                      2.2512464901517233e+00
3                                      2.2812024909768511e+00
4                                      2.4305921072954066e+00
5                                      3.0804519757030757e+00
6                                      3.5699886532407032e+00
7                                      3.9291432887232980e+00
8                                      4.4842548582438653e+00
9                                      1.0278806807740166e+00
10                                     1.0072899969045364e+00
11                                     9.8725711978434727e-01
12                                     9.9086046526357263e-01
13                                     9.7226407901694301e-01
14                                     9.5984960813278253e-01
15                                     2.2481680633397105e+00
16                                     2.2777254340967761e+00
17                                     2.4313372589598203e+00
18                                     3.0793426288749299e+00
19                                     3.5658022562808247e+00
20                                     3.9342267707200587e+00
21                                     4.4819082900755403e+00
22                                     1.0293368328766175e+00
23                                     1.0069668786026165e+00
24                                     9.8690735926206485e-01
25                                     9.9115708162130289e-01
26                                     9.7638129958166386e-01
27                                     9.5981433974443897e-01
   &BVA [&Type "ArrayOfDoubles", &Dim (28,1)] "Mayer's bonded valence"
                                                         0

0                                      1.5548193047824266e+00
1                                      1.5551600568346868e+00
2                                      1.6575233087265451e+00
3                                      1.8798874690244964e+00
4                                      1.9933874983452005e+00
5                                      2.6907125821363111e+00
6                                      3.2489414464710706e+00
7                                      3.5898148859181203e+00
8                                      4.1581820642274181e+00
9                                      9.7046913744842300e-01
10                                     9.4869091513797155e-01
11                                     9.3319822626796067e-01
12                                     9.4008434190870693e-01
13                                     9.1974903225192017e-01
14                                     9.0814030288179204e-01
15                                     1.6545248037614226e+00
16                                     1.8762215920628456e+00
17                                     1.9942066709698851e+00
18                                     2.6896453194155701e+00
19                                     3.2439537566815302e+00
20                                     3.5949878349565867e+00
21                                     4.1558950198029940e+00
22                                     9.7219149074278988e-01
23                                     9.4857528059078877e-01
24                                     9.3279742585545278e-01
25                                     9.4038714352458375e-01
26                                     9.2349858287924458e-01
27                                     9.0814904870303237e-01
   &FA [&Type "ArrayOfDoubles", &Dim (28,1)] "Mayer's free valence"
                                                         0

0                                      8.6243462983389385e-01
1                                      8.6298016333349215e-01
2                                      5.9372318142517810e-01
3                                      4.0131502195235463e-01
4                                      4.3720460895020608e-01
5                                      3.8973939356676462e-01
6                                      3.2104720676963272e-01
7                                      3.3932840280517784e-01
8                                      3.2607279401644762e-01
9                                      5.7411543325593666e-02
10                                     5.8599081766564816e-02
11                                     5.4058893516386611e-02
12                                     5.0776123354865713e-02
13                                     5.2515046765022860e-02
14                                     5.1709305250990455e-02
15                                     5.9364325957828801e-01
16                                     4.0150384203393052e-01
17                                     4.3713058798993520e-01
18                                     3.8969730945935993e-01
19                                     3.2184849959929446e-01
20                                     3.3923893576347186e-01
21                                     3.2601327027254645e-01
22                                     5.7145342133827576e-02
23                                     5.8391598011827653e-02
24                                     5.4109933406612104e-02
25                                     5.0769938096719182e-02
26                                     5.2882716702419286e-02
27                                     5.1665291041406554e-02
$End
$MP2_Energies
   &GeometryIndex 55
   &ListStatus       LAST
   &REFENERGY [&Type "Double"]      -4.7157574824046960e+03  "Reference Energy"
   &CORRENERGY [&Type "Double"]      -4.1387824879171129e+00  "MP2 correlation energy"
   &TOTALENERGY [&Type "Double"]      -4.7198962648926135e+03  "MP2 total energy"
$End
$MP2_Nuc_Gradient
   &GeometryIndex 55
   &ListStatus       LAST
   &NATOMS [&Type "Integer"] 84
   &GRADNORM [&Type "Double"]       6.0007986515844434e-04
   &GRAD [&Type "ArrayOfDoubles", &Dim (84,1)] 
                                                         0

0                                      1.4788941197080296e-06
1                                      2.7643176313878453e-04
2                                     -1.1217619507944117e-04
3                                     -3.4720863524937556e-06
4                                     -1.6100481494403171e-04
5                                      3.8347526914844863e-05
6                                     -6.0400921916155779e-05
7                                      2.1830779602990263e-05
8                                     -3.2553192485197321e-05
9                                      1.7405182965238297e-05
10                                     2.5930599544744110e-05
11                                     5.1315846540889165e-05
12                                     2.9786902275549809e-05
13                                    -1.1039673842215547e-05
14                                     1.2822957099443977e-05
15                                     6.9410551436333012e-05
16                                     3.9122039149498689e-05
17                                    -4.8178106664464870e-05
18                                    -8.7011478933932129e-05
19                                    -5.7551438400402222e-05
20                                     6.4896832307724528e-05
21                                     7.6669344753123314e-05
22                                     1.5384730079250758e-05
23                                     1.1207308830113449e-05
24                                    -3.4425992423633978e-05
25                                    -2.9871439703028219e-05
26                                    -1.5284195341403600e-04
27                                     2.4792594846573951e-06
28                                    -1.1978431730501338e-06
29                                    -2.8333018380195113e-05
30                                     8.2360885469076606e-06
31                                    -2.6154344156114652e-05
32                                    -6.0863654970863545e-06
33                                     6.7175037657060677e-07
34                                    -1.0638232611499820e-05
35                                    -2.9506857169084300e-06
36                                    -5.0690834027811160e-06
37                                    -1.0477641607015836e-05
38                                     2.4642134966515461e-05
39                                     3.2803190773322138e-05
40                                     9.3077312043540750e-07
41                                    -1.4171227094201405e-05
42                                     9.8348915592155750e-06
43                                    -1.8069565762984102e-05
44                                    -6.5594778046150493e-06
45                                     7.7527750891499131e-05
46                                    -2.1970462688624282e-04
47                                     1.4280738651038100e-04
48                                    -6.8229461505406319e-05
49                                     7.1186917647458881e-05
50                                    -7.8537334674555481e-06
51                                    -5.2036443731307003e-05
52                                     7.0185448932218175e-06
53                                     3.9563304892464846e-06
54                                    -8.9250868179444054e-05
55                                    -2.9202876754452767e-05
56                                     4.1267208621187379e-05
57                                     6.9626216715926170e-05
58                                     7.6496156822590186e-05
59                                    -4.0628635220973930e-05
60                                    -9.5279790952702836e-05
61                                     1.1521369693996003e-04
62                                    -3.0985105686186232e-06
63                                     1.0194421803982195e-04
64                                    -1.3840062463560832e-04
65                                     8.6453773086317409e-05
66                                    -5.5843152273263308e-06
67                                    -2.8787248386581005e-05
68                                     8.2025212439565398e-06
69                                     6.6441425142053923e-06
70                                    -2.4359646598574869e-05
71                                    -1.1167730602482454e-05
72                                     2.4838125387352528e-06
73                                     1.6690987514021705e-06
74                                     6.7181674647739942e-06
75                                     2.7011881077870781e-06
76                                     7.3622936809653039e-06
77                                    -1.6271910868396328e-05
78                                    -3.3020501611431136e-05
79                                    -1.9961333519620539e-05
80                                     2.0809962482984043e-05
81                                    -9.0694421362759459e-06
82                                    -2.2433693139499444e-05
83                                    -2.8676347052173506e-06
$End
$SCF_Dipole_Moment
   &GeometryIndex 55
   &ListStatus       FIRST
   &METHOD [&Type "String"] "SCF"
   &LEVEL [&Type "String"] "Relaxed density"
   &MULT [&Type "Integer"] 1
   &STATE [&Type "Integer"] -1
   &IRREP [&Type "Integer"] 0
   &NATOMS [&Type "Integer"] 28
   &DODIPOLEATOM [&Type "Boolean"] false
   &DIPOLEELECCONTRIB [&Type "ArrayOfDoubles", &Dim (3,1)] "Electronic contribution"
                                                         0

0                                     -3.5464010782827433e+00
1                                      2.8383125123360514e+01
2                                      1.0077954777267607e+01
   &DIPOLENUCCONTRIB [&Type "ArrayOfDoubles", &Dim (3,1)] "Nuclear contribution"
                                                         0

0                                      3.9796502134239629e+00
1                                     -3.1683307019414038e+01
2                                     -1.1280445063480116e+01
   &DIPOLETOTAL [&Type "ArrayOfDoubles", &Dim (3,1)] "Total"
                                                         0

0                                      4.3324913514121954e-01
1                                     -3.3001818960535232e+00
2                                     -1.2024902862125089e+00
   &DIPOLEMAGNITUDE [&Type "Double", &Units "a.u."]       3.5390518855444157e+00
$End
$MP2_Dipole_Moment
   &GeometryIndex 55
   &ListStatus       IN
   &METHOD [&Type "String"] "MP2"
   &LEVEL [&Type "String"] "Unrelaxed density"
   &MULT [&Type "Integer"] 1
   &STATE [&Type "Integer"] -1
   &IRREP [&Type "Integer"] 0
   &NATOMS [&Type "Integer"] 28
   &DODIPOLEATOM [&Type "Boolean"] false
   &DIPOLEELECCONTRIB [&Type "ArrayOfDoubles", &Dim (3,1)] "Electronic contribution"
                                                         0

0                                     -3.5455800524133680e+00
1                                      2.8376633270529833e+01
2                                      1.0076124281438958e+01
   &DIPOLENUCCONTRIB [&Type "ArrayOfDoubles", &Dim (3,1)] "Nuclear contribution"
                                                         0

0                                      3.9796502134239629e+00
1                                     -3.1683307019414038e+01
2                                     -1.1280445063480116e+01
   &DIPOLETOTAL [&Type "ArrayOfDoubles", &Dim (3,1)] "Total"
                                                         0

0                                      4.3407016101059481e-01
1                                     -3.3066737488842044e+00
2                                     -1.2043207820411581e+00
   &DIPOLEMAGNITUDE [&Type "Double", &Units "a.u."]       3.5458280742720603e+00
$End
$MP2_Dipole_Moment
   &GeometryIndex 55
   &ListStatus       LAST
   &METHOD [&Type "String"] "MP2"
   &LEVEL [&Type "String"] "Relaxed density"
   &MULT [&Type "Integer"] 1
   &STATE [&Type "Integer"] -1
   &IRREP [&Type "Integer"] 0
   &NATOMS [&Type "Integer"] 28
   &DODIPOLEATOM [&Type "Boolean"] false
   &DIPOLEELECCONTRIB [&Type "ArrayOfDoubles", &Dim (3,1)] "Electronic contribution"
                                                         0

0                                     -3.5906297874884197e+00
1                                      2.8759504105620159e+01
2                                      1.0213166107246709e+01
   &DIPOLENUCCONTRIB [&Type "ArrayOfDoubles", &Dim (3,1)] "Nuclear contribution"
                                                         0

0                                      3.9796502134239629e+00
1                                     -3.1683307019414038e+01
2                                     -1.1280445063480116e+01
   &DIPOLETOTAL [&Type "ArrayOfDoubles", &Dim (3,1)] "Total"
                                                         0

0                                      3.8902042593554320e-01
1                                     -2.9238029137938781e+00
2                                     -1.0672789562334071e+00
   &DIPOLEMAGNITUDE [&Type "Double", &Units "a.u."]       3.1367251618405003e+00
$End
