*************************************************
******************* ORCA 6.0.0 ******************
*************************************************
$Calculation_Status
   &GeometryIndex 91
   &ListStatus       OUT
   &VERSION [&Type "String"] "6.0.0"
   &PROGNAME [&Type "String"] "ProgMP2"
   &STATUS [&Type "String"] "NORMAL TERMINATION"
$End
$Geometry
   &GeometryIndex 1
   &ListStatus       OUT
   &NATOMS [&Type "Integer"] 27
   &NCORELESSECP [&Type "Integer"] 0
   &NGHOSTATOMS [&Type "Integer"] 0
   &CartesianCoordinates [&Type "Coordinates", &Dim(27,4), &Units "Bohr"] 
              S      4.651300364782    1.784521808930    0.794946627334
              O     -3.726611477345    1.659043993638    0.926849511482
              O     -0.365166630326    3.375104295851   -1.105739918164
              N     -1.368989152665   -2.919951401467   -0.402950768959
              C      0.084399216934   -0.817442104866    0.656996619558
              C      2.768566217556   -0.829725324737   -0.416556797123
              C     -1.321745999317    1.603297072687    0.038111310698
              H      0.159421344451   -1.000934512470    2.720199612573
              H      3.735350107670   -2.590194191098    0.085165491433
              H      2.750991764511   -0.685917165945   -2.482783351953
              H     -3.088450961919   -3.015193598617    0.461032019470
              H     -0.479684034041   -4.582343481478   -0.007998006969
              H     -4.576043374542    3.256618467255    0.523959899729
              Cu     7.380232893148    5.573747199875    2.550962529805
              S     10.179443289527    9.575890855691    4.567815622228
              O     11.205189291974   16.050535215388    9.787909053452
              O      9.330268109735   12.212335447630    9.429457786041
              N     15.603823081358   13.286956474539    8.643966758687
              C     13.265490958220   12.911262323540    7.213082992108
              C     13.085208231558   10.169460971851    6.314504233345
              C     11.081109172933   13.640225797306    8.921102320650
              H     13.246014669676   14.182590658261    5.576180638013
              H     14.675049641589    9.715282289870    5.068802425594
              H     13.137973117426    8.851431075513    7.911468504945
              H     15.804873378557   15.154827568563    9.071427394656
              H     17.115038332992   12.825185672306    7.542424704613
              H      9.754511704279   16.475259739564   10.860868697394
$End
$SCF_Energy
   &GeometryIndex 1
   &ListStatus       FIRST
   &SCF_ENERGY [&Type "Double"]      -3.0770002557542352e+03
$End
$Solvation_Details
   &GeometryIndex 1
   &ListStatus       FIRST
   &SOLVENT [&Type "String"] "WATER"
   &EPSILON [&Type "Double"]       8.0150999999999996e+01
   &REFRAC [&Type "Double"]       1.3328000000000000e+00
   &RSOLV [&Type "Double"]       1.3000000000000000e+00
   &SURFACETYPE [&Type "String"] "GAUSSIAN VDW"
   &NPOINTS [&Type "Integer"] 2547
   &SURFACEAREA [&Type "Double"]       1.1191538139029999e+03
   &CPCMDIELENERGY [&Type "Double"]      -1.5500295600000000e-01
$End
$Mulliken_Population_Analysis
   &GeometryIndex 1
   &ListStatus       FIRST
   &NATOMS [&Type "Integer"] 27
   &ATNO [&Type "ArrayOfIntegers", &Dim (27,1)] 
                                                         0

0                                                       16
1                                                        8
2                                                        8
3                                                        7
4                                                        6
5                                                        6
6                                                        6
7                                                        1
8                                                        1
9                                                        1
10                                                       1
11                                                       1
12                                                       1
13                                                      29
14                                                      16
15                                                       8
16                                                       8
17                                                       7
18                                                       6
19                                                       6
20                                                       6
21                                                       1
22                                                       1
23                                                       1
24                                                       1
25                                                       1
26                                                       1
   &ATOMICCHARGES [&Type "ArrayOfDoubles", &Dim (27,1)] 
                                                         0

0                                     -8.9958594470190434e-01
1                                     -5.3024369317192210e-01
2                                     -5.2036895234803993e-01
3                                     -6.6848790657399704e-01
4                                      1.9347694838086671e-01
5                                     -1.2433406908967726e-01
6                                      4.6393019942839953e-01
7                                      9.3231195060387795e-02
8                                      1.1758283120136959e-01
9                                      9.3547761413364849e-02
10                                     2.6185224828101161e-01
11                                     2.6171155337634122e-01
12                                     4.0684425398451463e-01
13                                     6.7763485293099279e-01
14                                    -8.6100546787801591e-01
15                                    -5.3023687854314971e-01
16                                    -5.2000116675625563e-01
17                                    -6.6813339492944834e-01
18                                     2.0326023251170966e-01
19                                    -1.3947441109328551e-01
20                                     4.6149711047706710e-01
21                                     9.3126322499289094e-02
22                                     1.1317641847898474e-01
23                                     9.0471898293190245e-02
24                                     2.6201495786200302e-01
25                                     2.6178679693304363e-01
26                                     4.0672630397319343e-01
$End
$Loewdin_Population_Analysis
   &GeometryIndex 1
   &ListStatus       FIRST
   &NATOMS [&Type "Integer"] 27
   &ATNO [&Type "ArrayOfIntegers", &Dim (27,1)] 
                                                         0

0                                                       16
1                                                        8
2                                                        8
3                                                        7
4                                                        6
5                                                        6
6                                                        6
7                                                        1
8                                                        1
9                                                        1
10                                                       1
11                                                       1
12                                                       1
13                                                      29
14                                                      16
15                                                       8
16                                                       8
17                                                       7
18                                                       6
19                                                       6
20                                                       6
21                                                       1
22                                                       1
23                                                       1
24                                                       1
25                                                       1
26                                                       1
   &ATOMICCHARGES [&Type "ArrayOfDoubles", &Dim (27,1)] 
                                                         0

0                                     -1.3148079933299073e-01
1                                      3.7617000640369547e-02
2                                     -2.2647234460023924e-02
3                                     -1.7233832061938870e-01
4                                     -3.1597742322050948e-01
5                                     -4.8096725241723526e-01
6                                     -3.6796244533465128e-01
7                                      1.4230540953435833e-01
8                                      1.1544887090859635e-01
9                                      1.1335553665072240e-01
10                                     1.6038315097632194e-01
11                                     1.6352871245624379e-01
12                                     2.2737009066276559e-01
13                                     1.1039367705137693e-01
14                                    -1.6797267732405174e-01
15                                     3.7505875265325450e-02
16                                    -2.3432561709224586e-02
17                                    -1.7209773488643343e-01
18                                    -3.1562789198667218e-01
19                                    -4.8606793884155319e-01
20                                    -3.6951228527916147e-01
21                                     1.4206992560043319e-01
22                                     1.1344187785875126e-01
23                                     1.1150844376939206e-01
24                                     1.6037397341529647e-01
25                                     1.6347712525292901e-01
26                                     2.2730489536902021e-01
$End
$Mayer_Population_Analysis
   &GeometryIndex 1
   &ListStatus       FIRST
   &NATOMS [&Type "Integer"] 27 "Total number of atoms"
   &BONDTHRESH [&Type "Double"]       1.0000000000000001e-01  "The threshold for printing"
   &NBONDORDERSPRINT [&Type "Integer"] 26 "The number of bond orders larger than threshold"
   &BONDORDERS [&Type "ArrayOfDoubles", &Dim (26,1)] "The bond orders"
                                                         0

0                                      1.0077028491225846e+00
1                                      2.5609123303981868e-01
2                                      1.1697525287732691e+00
3                                      8.1314876306036976e-01
4                                      1.9221320881865804e+00
5                                      9.2381826436703707e-01
6                                      9.1906451419838420e-01
7                                      9.2121910292682507e-01
8                                      9.8892935535656423e-01
9                                      9.6190321884036223e-01
10                                     9.6219983380169039e-01
11                                     9.8851889267053561e-01
12                                     9.7259318868126665e-01
13                                     3.0796705811922065e-01
14                                     1.0448364301643929e+00
15                                     1.1689416516551501e+00
16                                     8.1330899777369903e-01
17                                     1.9259835600116839e+00
18                                     9.2522622694906975e-01
19                                     9.1919254746565482e-01
20                                     9.2112759103378827e-01
21                                     9.9427198247983428e-01
22                                     9.6020164500809146e-01
23                                     9.6148218218672610e-01
24                                     9.9070889971352716e-01
25                                     9.7655185180491677e-01
   &COMPONENTS [&Type "ArrayOfIntegers", &Dim (26,4)] "The indices and atomic numbers of the bonding atoms"
                                                         0                           1                           2                           3

0                                                        0                          16                           5                           6
1                                                        0                          16                          13                          29
2                                                        1                           8                           6                           6
3                                                        1                           8                          12                           1
4                                                        2                           8                           6                           6
5                                                        3                           7                           4                           6
6                                                        3                           7                          10                           1
7                                                        3                           7                          11                           1
8                                                        4                           6                           5                           6
9                                                        4                           6                           6                           6
10                                                       4                           6                           7                           1
11                                                       5                           6                           8                           1
12                                                       5                           6                           9                           1
13                                                      13                          29                          14                          16
14                                                      14                          16                          19                           6
15                                                      15                           8                          20                           6
16                                                      15                           8                          26                           1
17                                                      16                           8                          20                           6
18                                                      17                           7                          18                           6
19                                                      17                           7                          24                           1
20                                                      17                           7                          25                           1
21                                                      18                           6                          19                           6
22                                                      18                           6                          20                           6
23                                                      18                           6                          21                           1
24                                                      19                           6                          22                           1
25                                                      19                           6                          23                           1
   &ATNO [&Type "ArrayOfIntegers", &Dim (27,1)] "Atomic number of the elements"
                                                         0

0                                                       16
1                                                        8
2                                                        8
3                                                        7
4                                                        6
5                                                        6
6                                                        6
7                                                        1
8                                                        1
9                                                        1
10                                                       1
11                                                       1
12                                                       1
13                                                      29
14                                                      16
15                                                       8
16                                                       8
17                                                       7
18                                                       6
19                                                       6
20                                                       6
21                                                       1
22                                                       1
23                                                       1
24                                                       1
25                                                       1
26                                                       1
   &NA [&Type "ArrayOfDoubles", &Dim (27,1)] "Mulliken gross atomic population"
                                                         0

0                                      1.6899585944701926e+01
1                                      8.5302436931719186e+00
2                                      8.5203689523480346e+00
3                                      7.6684879065739926e+00
4                                      5.8065230516191333e+00
5                                      6.1243340690896808e+00
6                                      5.5360698005716023e+00
7                                      9.0676880493961187e-01
8                                      8.8241716879863064e-01
9                                      9.0645223858663515e-01
10                                     7.3814775171898839e-01
11                                     7.3828844662365878e-01
12                                     5.9315574601548504e-01
13                                     2.8322365147068993e+01
14                                     1.6861005467878002e+01
15                                     8.5302368785431444e+00
16                                     8.5200011667562627e+00
17                                     7.6681333949294466e+00
18                                     5.7967397674882921e+00
19                                     6.1394744110932802e+00
20                                     5.5385028895229365e+00
21                                     9.0687367750071135e-01
22                                     8.8682358152101481e-01
23                                     9.0952810170680953e-01
24                                     7.3798504213799654e-01
25                                     7.3821320306695615e-01
26                                     5.9327369602680669e-01
   &ZA [&Type "ArrayOfDoubles", &Dim (27,1)] "Total nuclear charge"
                                                         0

0                                      1.6000000000000000e+01
1                                      8.0000000000000000e+00
2                                      8.0000000000000000e+00
3                                      7.0000000000000000e+00
4                                      6.0000000000000000e+00
5                                      6.0000000000000000e+00
6                                      6.0000000000000000e+00
7                                      1.0000000000000000e+00
8                                      1.0000000000000000e+00
9                                      1.0000000000000000e+00
10                                     1.0000000000000000e+00
11                                     1.0000000000000000e+00
12                                     1.0000000000000000e+00
13                                     2.9000000000000000e+01
14                                     1.6000000000000000e+01
15                                     8.0000000000000000e+00
16                                     8.0000000000000000e+00
17                                     7.0000000000000000e+00
18                                     6.0000000000000000e+00
19                                     6.0000000000000000e+00
20                                     6.0000000000000000e+00
21                                     1.0000000000000000e+00
22                                     1.0000000000000000e+00
23                                     1.0000000000000000e+00
24                                     1.0000000000000000e+00
25                                     1.0000000000000000e+00
26                                     1.0000000000000000e+00
   &QA [&Type "ArrayOfDoubles", &Dim (27,1)] "Mulliken gross atomic charge"
                                                         0

0                                     -8.9958594470192565e-01
1                                     -5.3024369317191855e-01
2                                     -5.2036895234803460e-01
3                                     -6.6848790657399260e-01
4                                      1.9347694838086671e-01
5                                     -1.2433406908968081e-01
6                                      4.6393019942839775e-01
7                                      9.3231195060388128e-02
8                                      1.1758283120136936e-01
9                                      9.3547761413364849e-02
10                                     2.6185224828101161e-01
11                                     2.6171155337634122e-01
12                                     4.0684425398451496e-01
13                                     6.7763485293100700e-01
14                                    -8.6100546787800170e-01
15                                    -5.3023687854314439e-01
16                                    -5.2000116675626273e-01
17                                    -6.6813339492944657e-01
18                                     2.0326023251170788e-01
19                                    -1.3947441109328018e-01
20                                     4.6149711047706354e-01
21                                     9.3126322499288650e-02
22                                     1.1317641847898519e-01
23                                     9.0471898293190467e-02
24                                     2.6201495786200346e-01
25                                     2.6178679693304385e-01
26                                     4.0672630397319331e-01
   &VA [&Type "ArrayOfDoubles", &Dim (27,1)] "Mayer's total valence"
                                                         0

0                                      1.2628137511846607e+00
1                                      1.9415659371326419e+00
2                                      1.8870850862730879e+00
3                                      2.7952974093433425e+00
4                                      3.6946106397321290e+00
5                                      3.9926419466097056e+00
6                                      4.1804586691486030e+00
7                                      1.0058294846437326e+00
8                                      9.7730821764753228e-01
9                                      9.9031169779252082e-01
10                                     9.3657892104352902e-01
11                                     9.3275034552403435e-01
12                                     8.5546144364653598e-01
13                                     6.0837745879356575e-01
14                                     1.3408275211626135e+00
15                                     1.9412212340626012e+00
16                                     1.8897454196970302e+00
17                                     2.7963554860704125e+00
18                                     3.6816500611417493e+00
19                                     4.0274125516245709e+00
20                                     4.1861546351304302e+00
21                                     1.0045255719478190e+00
22                                     9.7824879419328670e-01
23                                     9.9092203192394290e-01
24                                     9.3629412531565437e-01
25                                     9.3292123475031186e-01
26                                     8.5551622361047652e-01
   &BVA [&Type "ArrayOfDoubles", &Dim (27,1)] "Mayer's bonded valence"
                                                         0

0                                      1.2628137511847406e+00
1                                      1.9415659371326104e+00
2                                      1.8870850862730943e+00
3                                      2.7952974093433012e+00
4                                      3.6946106397319731e+00
5                                      3.9926419466096861e+00
6                                      4.1804586691484955e+00
7                                      1.0058294846437048e+00
8                                      9.7730821764753173e-01
9                                      9.9031169779252348e-01
10                                     9.3657892104352780e-01
11                                     9.3275034552404057e-01
12                                     8.5546144364654031e-01
13                                     6.0837745879351246e-01
14                                     1.3408275211626197e+00
15                                     1.9412212340626542e+00
16                                     1.8897454196970465e+00
17                                     2.7963554860703539e+00
18                                     3.6816500611417924e+00
19                                     4.0274125516246242e+00
20                                     4.1861546351305279e+00
21                                     1.0045255719478379e+00
22                                     9.7824879419329347e-01
23                                     9.9092203192395456e-01
24                                     9.3629412531564093e-01
25                                     9.3292123475031419e-01
26                                     8.5551622361048563e-01
   &FA [&Type "ArrayOfDoubles", &Dim (27,1)] "Mayer's free valence"
                                                         0

0                                      0.0000000000000000e+00
1                                      0.0000000000000000e+00
2                                      0.0000000000000000e+00
3                                      0.0000000000000000e+00
4                                      0.0000000000000000e+00
5                                      0.0000000000000000e+00
6                                      0.0000000000000000e+00
7                                      0.0000000000000000e+00
8                                      0.0000000000000000e+00
9                                      0.0000000000000000e+00
10                                     0.0000000000000000e+00
11                                     0.0000000000000000e+00
12                                     0.0000000000000000e+00
13                                     0.0000000000000000e+00
14                                     0.0000000000000000e+00
15                                     0.0000000000000000e+00
16                                     0.0000000000000000e+00
17                                     0.0000000000000000e+00
18                                     0.0000000000000000e+00
19                                     0.0000000000000000e+00
20                                     0.0000000000000000e+00
21                                     0.0000000000000000e+00
22                                     0.0000000000000000e+00
23                                     0.0000000000000000e+00
24                                     0.0000000000000000e+00
25                                     0.0000000000000000e+00
26                                     0.0000000000000000e+00
$End
$Mayer_Population_Analysis
   &GeometryIndex 1
   &ListStatus       IN
   &NATOMS [&Type "Integer"] 27 "Total number of atoms"
   &BONDTHRESH [&Type "Double"]       1.0000000000000001e-01  "The threshold for printing"
   &NBONDORDERSPRINT [&Type "Integer"] 26 "The number of bond orders larger than threshold"
   &BONDORDERS [&Type "ArrayOfDoubles", &Dim (26,1)] "The bond orders"
                                                         0

0                                      9.3056427247060625e-01
1                                      2.4438467435097461e-01
2                                      1.1000156254391420e+00
3                                      7.7566463142821906e-01
4                                      1.7856016515480935e+00
5                                      8.6346058721651064e-01
6                                      8.7838782536516435e-01
7                                      8.8074129085260455e-01
8                                      9.2736335336385256e-01
9                                      9.0555962158398318e-01
10                                     9.2191116668990236e-01
11                                     9.4723700174799930e-01
12                                     9.3091961202649776e-01
13                                     2.9179789695961600e-01
14                                     9.6640783081005388e-01
15                                     1.0992448701934603e+00
16                                     7.7581389832196823e-01
17                                     1.7893159561553567e+00
18                                     8.6485899054889270e-01
19                                     8.7852553197243688e-01
20                                     8.8065210255544613e-01
21                                     9.3252115551372172e-01
22                                     9.0388306004073327e-01
23                                     9.2115290288143314e-01
24                                     9.4916948197572404e-01
25                                     9.3446002328301947e-01
   &COMPONENTS [&Type "ArrayOfIntegers", &Dim (26,4)] "The indices and atomic numbers of the bonding atoms"
                                                         0                           1                           2                           3

0                                                        0                          16                           5                           6
1                                                        0                          16                          13                          29
2                                                        1                           8                           6                           6
3                                                        1                           8                          12                           1
4                                                        2                           8                           6                           6
5                                                        3                           7                           4                           6
6                                                        3                           7                          10                           1
7                                                        3                           7                          11                           1
8                                                        4                           6                           5                           6
9                                                        4                           6                           6                           6
10                                                       4                           6                           7                           1
11                                                       5                           6                           8                           1
12                                                       5                           6                           9                           1
13                                                      13                          29                          14                          16
14                                                      14                          16                          19                           6
15                                                      15                           8                          20                           6
16                                                      15                           8                          26                           1
17                                                      16                           8                          20                           6
18                                                      17                           7                          18                           6
19                                                      17                           7                          24                           1
20                                                      17                           7                          25                           1
21                                                      18                           6                          19                           6
22                                                      18                           6                          20                           6
23                                                      18                           6                          21                           1
24                                                      19                           6                          22                           1
25                                                      19                           6                          23                           1
   &ATNO [&Type "ArrayOfIntegers", &Dim (27,1)] "Atomic number of the elements"
                                                         0

0                                                       16
1                                                        8
2                                                        8
3                                                        7
4                                                        6
5                                                        6
6                                                        6
7                                                        1
8                                                        1
9                                                        1
10                                                       1
11                                                       1
12                                                       1
13                                                      29
14                                                      16
15                                                       8
16                                                       8
17                                                       7
18                                                       6
19                                                       6
20                                                       6
21                                                       1
22                                                       1
23                                                       1
24                                                       1
25                                                       1
26                                                       1
   &NA [&Type "ArrayOfDoubles", &Dim (27,1)] "Mulliken gross atomic population"
                                                         0

0                                      1.6890976606188229e+01
1                                      8.5150505665496699e+00
2                                      8.4951592760897174e+00
3                                      7.6646367901670223e+00
4                                      5.8176266672095389e+00
5                                      6.1371645861010604e+00
6                                      5.5722551268572955e+00
7                                      9.0289981498417027e-01
8                                      8.7862647840327324e-01
9                                      9.0274760115570807e-01
10                                     7.3763315030388177e-01
11                                     7.3763275033966968e-01
12                                     5.9589922416223062e-01
13                                     2.8328991027867140e+01
14                                     1.6851254357478584e+01
15                                     8.5150373524523602e+00
16                                     8.4947781993084472e+00
17                                     7.6642530137854425e+00
18                                     5.8075372715130582e+00
19                                     6.1522881974931165e+00
20                                     5.5747040026241574e+00
21                                     9.0303812433641373e-01
22                                     8.8298404028905242e-01
23                                     9.0578247822948021e-01
24                                     7.3746198008684127e-01
25                                     7.3756595691585980e-01
26                                     5.9601535910806802e-01
   &ZA [&Type "ArrayOfDoubles", &Dim (27,1)] "Total nuclear charge"
                                                         0

0                                      1.6000000000000000e+01
1                                      8.0000000000000000e+00
2                                      8.0000000000000000e+00
3                                      7.0000000000000000e+00
4                                      6.0000000000000000e+00
5                                      6.0000000000000000e+00
6                                      6.0000000000000000e+00
7                                      1.0000000000000000e+00
8                                      1.0000000000000000e+00
9                                      1.0000000000000000e+00
10                                     1.0000000000000000e+00
11                                     1.0000000000000000e+00
12                                     1.0000000000000000e+00
13                                     2.9000000000000000e+01
14                                     1.6000000000000000e+01
15                                     8.0000000000000000e+00
16                                     8.0000000000000000e+00
17                                     7.0000000000000000e+00
18                                     6.0000000000000000e+00
19                                     6.0000000000000000e+00
20                                     6.0000000000000000e+00
21                                     1.0000000000000000e+00
22                                     1.0000000000000000e+00
23                                     1.0000000000000000e+00
24                                     1.0000000000000000e+00
25                                     1.0000000000000000e+00
26                                     1.0000000000000000e+00
   &QA [&Type "ArrayOfDoubles", &Dim (27,1)] "Mulliken gross atomic charge"
                                                         0

0                                     -8.9097660618822871e-01
1                                     -5.1505056654966985e-01
2                                     -4.9515927608971744e-01
3                                     -6.6463679016702226e-01
4                                      1.8237333279046108e-01
5                                     -1.3716458610106042e-01
6                                      4.2774487314270448e-01
7                                      9.7100185015829732e-02
8                                      1.2137352159672676e-01
9                                      9.7252398844291932e-02
10                                     2.6236684969611823e-01
11                                     2.6236724966033032e-01
12                                     4.0410077583776938e-01
13                                     6.7100897213286004e-01
14                                    -8.5125435747858447e-01
15                                    -5.1503735245236015e-01
16                                    -4.9477819930844724e-01
17                                    -6.6425301378544255e-01
18                                     1.9246272848694179e-01
19                                    -1.5228819749311651e-01
20                                     4.2529599737584256e-01
21                                     9.6961875663586272e-02
22                                     1.1701595971094758e-01
23                                     9.4217521770519785e-02
24                                     2.6253801991315873e-01
25                                     2.6243404308414020e-01
26                                     4.0398464089193198e-01
   &VA [&Type "ArrayOfDoubles", &Dim (27,1)] "Mayer's total valence"
                                                         0

0                                      1.7954520291503282e+00
1                                      2.2366886107736539e+00
2                                      2.2034621659594449e+00
3                                      3.0411487963472590e+00
4                                      3.7903258327185139e+00
5                                      4.1109532543935936e+00
6                                      4.2572378072523378e+00
7                                      1.0141699162467210e+00
8                                      9.8537987106964775e-01
9                                      9.9916662559563940e-01
10                                     9.4225816421188502e-01
11                                     9.3829616140738348e-01
12                                     8.6115743478021156e-01
13                                     1.3931913301299401e+00
14                                     1.8609214510305516e+00
15                                     2.2363609784901848e+00
16                                     2.2059231798696017e+00
17                                     3.0421120058914033e+00
18                                     3.7769254798284688e+00
19                                     4.1446553222325200e+00
20                                     4.2629445249459978e+00
21                                     1.0129568199329857e+00
22                                     9.8634540644423774e-01
23                                     9.9971300308205968e-01
24                                     9.4196533169456909e-01
25                                     9.3847420001109794e-01
26                                     8.6120895733997316e-01
   &BVA [&Type "ArrayOfDoubles", &Dim (27,1)] "Mayer's bonded valence"
                                                         0

0                                      1.1705630376469027e+00
1                                      1.8271255333442062e+00
2                                      1.7426573976726023e+00
3                                      2.6485336568853119e+00
4                                      3.4741819008629324e+00
5                                      3.7651068156681715e+00
6                                      3.9100243847232830e+00
7                                      9.6134091377845687e-01
8                                      9.3366468829568827e-01
9                                      9.4593521862310859e-01
10                                     8.9373658689122715e-01
11                                     8.9013745859028970e-01
12                                     8.1559502339245982e-01
13                                     5.7460185835891708e-01
14                                     1.2430324538704429e+00
15                                     1.8267937456998031e+00
16                                     1.7452154346399942e+00
17                                     2.6496060115112869e+00
18                                     3.4612646519089081e+00
19                                     3.7994214834200521e+00
20                                     3.9156938162277601e+00
21                                     9.6014385167601568e-01
22                                     9.3440305663388812e-01
23                                     9.4626355827868158e-01
24                                     8.9347828646083594e-01
25                                     8.9030435430656507e-01
26                                     8.1564002902713606e-01
   &FA [&Type "ArrayOfDoubles", &Dim (27,1)] "Mayer's free valence"
                                                         0

0                                      6.2488899150342547e-01
1                                      4.0956307742944770e-01
2                                      4.6080476828684258e-01
3                                      3.9261513946194709e-01
4                                      3.1614393185558126e-01
5                                      3.4584643872542187e-01
6                                      3.4721342252905485e-01
7                                      5.2829002468264150e-02
8                                      5.1715182773959499e-02
9                                      5.3231406972530822e-02
10                                     4.8521577320657885e-02
11                                     4.8158702817093772e-02
12                                     4.5562411387751738e-02
13                                     8.1858947177102304e-01
14                                     6.1788899716010859e-01
15                                     4.0956723279038165e-01
16                                     4.6070774522960761e-01
17                                     3.9250599438011630e-01
18                                     3.1566082791956052e-01
19                                     3.4523383881246789e-01
20                                     3.4725070871823766e-01
21                                     5.2812968256969982e-02
22                                     5.1942349810349592e-02
23                                     5.3449444803378050e-02
24                                     4.8487045233733171e-02
25                                     4.8169845704532879e-02
26                                     4.5568928312837063e-02
$End
$Mayer_Population_Analysis
   &GeometryIndex 1
   &ListStatus       IN
   &NATOMS [&Type "Integer"] 27 "Total number of atoms"
   &BONDTHRESH [&Type "Double"]       1.0000000000000001e-01  "The threshold for printing"
   &NBONDORDERSPRINT [&Type "Integer"] 26 "The number of bond orders larger than threshold"
   &BONDORDERS [&Type "ArrayOfDoubles", &Dim (26,1)] "The bond orders"
                                                         0

0                                      9.6489566206766642e-01
1                                      3.3184114682014959e-01
2                                      1.1683177182727360e+00
3                                      7.7878866037414307e-01
4                                      1.9256507773548308e+00
5                                      8.5759491466432503e-01
6                                      8.6819793492622710e-01
7                                      8.7234735067191826e-01
8                                      9.2252893370284883e-01
9                                      9.0104594451378284e-01
10                                     9.0167605358359915e-01
11                                     9.3138872659962413e-01
12                                     9.1614282960112836e-01
13                                     3.9970726177653859e-01
14                                     1.0255393834306004e+00
15                                     1.1680176238759172e+00
16                                     7.7882090540909721e-01
17                                     1.9305421023016545e+00
18                                     8.5991489744970850e-01
19                                     8.6817720646110286e-01
20                                     8.7209985719879479e-01
21                                     9.2609073747440640e-01
22                                     8.9909210030007392e-01
23                                     9.0037712821164428e-01
24                                     9.3433524913765043e-01
25                                     9.2180806682263017e-01
   &COMPONENTS [&Type "ArrayOfIntegers", &Dim (26,4)] "The indices and atomic numbers of the bonding atoms"
                                                         0                           1                           2                           3

0                                                        0                          16                           5                           6
1                                                        0                          16                          13                          29
2                                                        1                           8                           6                           6
3                                                        1                           8                          12                           1
4                                                        2                           8                           6                           6
5                                                        3                           7                           4                           6
6                                                        3                           7                          10                           1
7                                                        3                           7                          11                           1
8                                                        4                           6                           5                           6
9                                                        4                           6                           6                           6
10                                                       4                           6                           7                           1
11                                                       5                           6                           8                           1
12                                                       5                           6                           9                           1
13                                                      13                          29                          14                          16
14                                                      14                          16                          19                           6
15                                                      15                           8                          20                           6
16                                                      15                           8                          26                           1
17                                                      16                           8                          20                           6
18                                                      17                           7                          18                           6
19                                                      17                           7                          24                           1
20                                                      17                           7                          25                           1
21                                                      18                           6                          19                           6
22                                                      18                           6                          20                           6
23                                                      18                           6                          21                           1
24                                                      19                           6                          22                           1
25                                                      19                           6                          23                           1
   &ATNO [&Type "ArrayOfIntegers", &Dim (27,1)] "Atomic number of the elements"
                                                         0

0                                                       16
1                                                        8
2                                                        8
3                                                        7
4                                                        6
5                                                        6
6                                                        6
7                                                        1
8                                                        1
9                                                        1
10                                                       1
11                                                       1
12                                                       1
13                                                      29
14                                                      16
15                                                       8
16                                                       8
17                                                       7
18                                                       6
19                                                       6
20                                                       6
21                                                       1
22                                                       1
23                                                       1
24                                                       1
25                                                       1
26                                                       1
   &NA [&Type "ArrayOfDoubles", &Dim (27,1)] "Mulliken gross atomic population"
                                                         0

0                                      1.6803035979363830e+01
1                                      8.4375189545577420e+00
2                                      8.3548527561023640e+00
3                                      7.6452923083170248e+00
4                                      5.8801686121447920e+00
5                                      6.2206899734048635e+00
6                                      5.7348720288458352e+00
7                                      8.9077936294499449e-01
8                                      8.5688935616690887e-01
9                                      8.8162908349579994e-01
10                                     7.3511067419208620e-01
11                                     7.3473224229255285e-01
12                                     6.1333446383828671e-01
13                                     2.8456331042912545e+01
14                                     1.6752050544907686e+01
15                                     8.4371917273946924e+00
16                                     8.3544071436546066e+00
17                                     7.6448125580382840e+00
18                                     5.8710353852931849e+00
19                                     6.2438667487834039e+00
20                                     5.7368538181755611e+00
21                                     8.8936390932142662e-01
22                                     8.5967085377744057e-01
23                                     8.8296201137426922e-01
24                                     7.3462531305716661e-01
25                                     7.3460336682708649e-01
26                                     6.1331978081557348e-01
   &ZA [&Type "ArrayOfDoubles", &Dim (27,1)] "Total nuclear charge"
                                                         0

0                                      1.6000000000000000e+01
1                                      8.0000000000000000e+00
2                                      8.0000000000000000e+00
3                                      7.0000000000000000e+00
4                                      6.0000000000000000e+00
5                                      6.0000000000000000e+00
6                                      6.0000000000000000e+00
7                                      1.0000000000000000e+00
8                                      1.0000000000000000e+00
9                                      1.0000000000000000e+00
10                                     1.0000000000000000e+00
11                                     1.0000000000000000e+00
12                                     1.0000000000000000e+00
13                                     2.9000000000000000e+01
14                                     1.6000000000000000e+01
15                                     8.0000000000000000e+00
16                                     8.0000000000000000e+00
17                                     7.0000000000000000e+00
18                                     6.0000000000000000e+00
19                                     6.0000000000000000e+00
20                                     6.0000000000000000e+00
21                                     1.0000000000000000e+00
22                                     1.0000000000000000e+00
23                                     1.0000000000000000e+00
24                                     1.0000000000000000e+00
25                                     1.0000000000000000e+00
26                                     1.0000000000000000e+00
   &QA [&Type "ArrayOfDoubles", &Dim (27,1)] "Mulliken gross atomic charge"
                                                         0

0                                     -8.0303597936383042e-01
1                                     -4.3751895455774203e-01
2                                     -3.5485275610236400e-01
3                                     -6.4529230831702478e-01
4                                      1.1983138785520797e-01
5                                     -2.2068997340486352e-01
6                                      2.6512797115416475e-01
7                                      1.0922063705500551e-01
8                                      1.4311064383309113e-01
9                                      1.1837091650420006e-01
10                                     2.6488932580791380e-01
11                                     2.6526775770744715e-01
12                                     3.8666553616171329e-01
13                                     5.4366895708745488e-01
14                                    -7.5205054490768575e-01
15                                    -4.3719172739469236e-01
16                                    -3.5440714365460657e-01
17                                    -6.4481255803828397e-01
18                                     1.2896461470681508e-01
19                                    -2.4386674878340386e-01
20                                     2.6314618182443894e-01
21                                     1.1063609067857338e-01
22                                     1.4032914622255943e-01
23                                     1.1703798862573078e-01
24                                     2.6537468694283339e-01
25                                     2.6539663317291351e-01
26                                     3.8668021918442652e-01
   &VA [&Type "ArrayOfDoubles", &Dim (27,1)] "Mayer's total valence"
                                                         0

0                                      1.9167202128880754e+00
1                                      2.3200789728815678e+00
2                                      2.3694203221913415e+00
3                                      3.0440108162784991e+00
4                                      3.7310895930758581e+00
5                                      4.1383839844958681e+00
6                                      4.4674894152238425e+00
7                                      1.0099294298034625e+00
8                                      9.7302842145064050e-01
9                                      9.8746537592236527e-01
10                                     9.4046431658535867e-01
11                                     9.3365041172805285e-01
12                                     8.7796248713947223e-01
13                                     1.5469135618614467e+00
14                                     2.0209886284794081e+00
15                                     2.3204603457046296e+00
16                                     2.3734795171768979e+00
17                                     3.0468331793488139e+00
18                                     3.7190556050502046e+00
19                                     4.1910626473203738e+00
20                                     4.4717829678310714e+00
21                                     1.0067765068126184e+00
22                                     9.7360107364136350e-01
23                                     9.8809617017311591e-01
24                                     9.3996094084923187e-01
25                                     9.3401145870241575e-01
26                                     8.7787907809525478e-01
   &BVA [&Type "ArrayOfDoubles", &Dim (27,1)] "Mayer's bonded valence"
                                                         0

0                                      1.3098911479663236e+00
1                                      1.9210359341061638e+00
2                                      1.9283741806620072e+00
3                                      2.6572622125405476e+00
4                                      3.4210457923510300e+00
5                                      3.7980027379863430e+00
6                                      4.1439841296319866e+00
7                                      9.5845061652149499e-01
8                                      9.2239653421561796e-01
9                                      9.3562916322416834e-01
10                                     8.9242056020273153e-01
11                                     8.8590519055942774e-01
12                                     8.3308934515407373e-01
13                                     8.0865198665953109e-01
14                                     1.4259162921134667e+00
15                                     1.9214478810852675e+00
16                                     1.9325383166653149e+00
17                                     2.6602127827403850e+00
18                                     3.4094719296322533e+00
19                                     3.8502552157346321e+00
20                                     4.1481418119051225e+00
21                                     9.5523913192558663e-01
22                                     9.2275485178407346e-01
23                                     9.3604080026026948e-01
24                                     8.9195533451331466e-01
25                                     8.8627495371943432e-01
26                                     8.3298137799970318e-01
   &FA [&Type "ArrayOfDoubles", &Dim (27,1)] "Mayer's free valence"
                                                         0

0                                      6.0682906492175182e-01
1                                      3.9904303877540409e-01
2                                      4.4104614152933436e-01
3                                      3.8674860373795134e-01
4                                      3.1004380072482812e-01
5                                      3.4038124650952523e-01
6                                      3.2350528559185604e-01
7                                      5.1478813281967413e-02
8                                      5.0631887235022578e-02
9                                      5.1836212698196910e-02
10                                     4.8043756382627201e-02
11                                     4.7745221168625132e-02
12                                     4.4873141985398511e-02
13                                     7.3826157520191560e-01
14                                     5.9507233636594137e-01
15                                     3.9901246461936191e-01
16                                     4.4094120051158303e-01
17                                     3.8662039660842917e-01
18                                     3.0958367541795140e-01
19                                     3.4080743158574156e-01
20                                     3.2364115592594872e-01
21                                     5.1537374887031806e-02
22                                     5.0846221857290042e-02
23                                     5.2055369912846379e-02
24                                     4.8005606335917224e-02
25                                     4.7736504982981459e-02
26                                     4.4897700095551642e-02
$End
$MP2_Energies
   &GeometryIndex 1
   &ListStatus       FIRST
   &REFENERGY [&Type "Double"]      -3.0770002557542352e+03  "Reference Energy"
   &CORRENERGY [&Type "Double"]      -3.3320202758505055e+00  "MP2 correlation energy"
   &TOTALENERGY [&Type "Double"]      -3.0803322760300857e+03  "MP2 total energy"
$End
$MP2_Nuc_Gradient
   &GeometryIndex 1
   &ListStatus       FIRST
   &NATOMS [&Type "Integer"] 81
   &GRADNORM [&Type "Double"]       8.2459001517969380e-02
   &GRAD [&Type "ArrayOfDoubles", &Dim (81,1)] 
                                                         0

0                                     -2.2475867066333099e-02
1                                     -1.2613437260063653e-02
2                                     -1.4278750401331114e-02
3                                     -4.7409291768221277e-03
4                                      8.1538275567286933e-03
5                                     -2.3523775258424764e-03
6                                      2.2117219875831144e-02
7                                      1.6341439605175700e-02
8                                     -5.1538175470517145e-03
9                                      5.6199936637121584e-03
10                                     4.9228188511220104e-03
11                                     7.3400809305351269e-03
12                                     2.7235823018790578e-03
13                                     7.6340480108722667e-03
14                                     3.3041312327003729e-04
15                                     1.3829498570099991e-03
16                                    -8.1653450362601972e-03
17                                     6.9664919922083138e-04
18                                    -1.0208416095945666e-02
19                                    -2.8275208006181218e-02
20                                     1.1213330813302905e-02
21                                    -4.3025569648172000e-03
22                                    -5.8702052803267148e-03
23                                    -2.7700297062804025e-03
24                                     6.0114670055977249e-03
25                                     2.5101593636132208e-04
26                                    -4.7078998860077600e-04
27                                     5.4927161398764229e-03
28                                     1.9043245028655393e-03
29                                    -2.6531699681992676e-03
30                                    -1.7844044380791665e-03
31                                     7.7953345994254152e-05
32                                     4.3084793422883821e-04
33                                    -4.1784375401534776e-04
34                                    -2.4522704999314533e-03
35                                    -1.1570388725530350e-03
36                                    -9.6035409813530308e-03
37                                     3.8264759316526745e-03
38                                     2.4182800899958425e-03
39                                    -5.4551226838662568e-03
40                                     9.8176189904859582e-05
41                                    -3.8492323189601605e-03
42                                     1.8169590464314964e-02
43                                     8.3413494508264262e-03
44                                     2.3253096804181288e-02
45                                    -7.0642764313952472e-03
46                                     2.4388889245311671e-03
47                                     5.9068300656224329e-03
48                                    -1.8348961342788489e-02
49                                    -2.0215920874373308e-02
50                                    -7.0089507024566275e-03
51                                    -6.3438372319717540e-03
52                                     7.3367003217944364e-04
53                                    -8.0310046661513854e-03
54                                    -5.9293799366513592e-03
55                                    -1.8455305153951967e-03
56                                     4.6981350947740766e-04
57                                     5.7567568272999465e-03
58                                     1.0057740915352456e-02
59                                    -1.7133404197654765e-03
60                                     2.8523790146533008e-02
61                                     1.4438121757710087e-02
62                                    -6.5596695685186529e-03
63                                     6.6593241865988886e-03
64                                     1.4012823200052725e-03
65                                     3.5499513769141865e-03
66                                    -1.9272475550283046e-03
67                                    -5.2561701637733006e-03
68                                    -4.5462729619543500e-03
69                                    -3.7902152345158932e-03
70                                    -6.4089432023778856e-03
71                                    -1.8765829306745321e-03
72                                     2.8570972255175138e-04
73                                     1.8932108208976964e-03
74                                     1.0428680400712039e-03
75                                     2.8144320012919652e-03
76                                    -4.1884705407915085e-04
77                                     6.5989317621168581e-04
78                                    -3.1895380345046548e-03
79                                     9.1257950024749551e-03
80                                     5.0280893383162946e-03
$End
$Geometry
   &GeometryIndex 2
   &ListStatus       OUT
   &NATOMS [&Type "Integer"] 27
   &NCORELESSECP [&Type "Integer"] 0
   &NGHOSTATOMS [&Type "Integer"] 0
   &CartesianCoordinates [&Type "Coordinates", &Dim(27,4), &Units "Bohr"] 
              S      4.653056377196    1.981989809860    0.845881072128
              O     -3.916705365855    1.246147876213    0.751799652401
              O     -0.868807716014    3.246495394520   -1.427649936566
              N     -1.195203799075   -3.012685719497   -0.409454702068
              C      0.081530414051   -0.767637664353    0.615831811136
              C      2.791469445265   -0.673649841833   -0.359974186328
              C     -1.543233581743    1.470341672227   -0.141324971896
              H      0.122517238016   -0.854869542944    2.691514939882
              H      3.761940642362   -2.394934284058    0.238896766268
              H      2.811163309927   -0.618347496895   -2.424494367646
              H     -2.924785810712   -3.198339203673    0.410976104765
              H     -0.199488647564   -4.581251068857    0.086647049341
              H     -4.930581170427    2.691762992408    0.228949911238
              Cu     7.301858121959    5.759639805897    2.560402723089
              S      9.974604143661    9.729506441275    4.520392317581
              O     11.687276708301   16.221016944069    9.820889336575
              O      9.431526799915   12.622513006286    9.816869843967
              N     15.652267162604   13.095713439810    8.617408037395
              C     13.241800900345   12.897855284645    7.251261076731
              C     12.876832515479   10.188895303482    6.345579972338
              C     11.229456333628   13.833428976774    9.066671324545
              H     13.250727215187   14.159531387266    5.601292339245
              H     14.455023596763    9.689679101464    5.111038470814
              H     12.878919038888    8.885631563522    7.948364797179
              H     16.004822538843   14.940244608809    9.029854777376
              H     17.077315427654   12.527013707247    7.458927396424
              H     10.382261420071   16.776182653917   10.994654354726
$End
$SCF_Energy
   &GeometryIndex 2
   &ListStatus       IN
   &SCF_ENERGY [&Type "Double"]      -3.0770212518887824e+03
$End
$Solvation_Details
   &GeometryIndex 2
   &ListStatus       IN
   &SOLVENT [&Type "String"] "WATER"
   &EPSILON [&Type "Double"]       8.0150999999999996e+01
   &REFRAC [&Type "Double"]       1.3328000000000000e+00
   &RSOLV [&Type "Double"]       1.3000000000000000e+00
   &SURFACETYPE [&Type "String"] "GAUSSIAN VDW"
   &NPOINTS [&Type "Integer"] 2549
   &SURFACEAREA [&Type "Double"]       1.1243957289049999e+03
   &CPCMDIELENERGY [&Type "Double"]      -1.5146152800000001e-01
$End
$MP2_Energies
   &GeometryIndex 2
   &ListStatus       IN
   &REFENERGY [&Type "Double"]      -3.0770212518887824e+03  "Reference Energy"
   &CORRENERGY [&Type "Double"]      -3.3275702294228049e+00  "MP2 correlation energy"
   &TOTALENERGY [&Type "Double"]      -3.0803488221182051e+03  "MP2 total energy"
$End
$MP2_Nuc_Gradient
   &GeometryIndex 2
   &ListStatus       IN
   &NATOMS [&Type "Integer"] 81
   &GRADNORM [&Type "Double"]       4.6184347328467164e-02
   &GRAD [&Type "ArrayOfDoubles", &Dim (81,1)] 
                                                         0

0                                     -1.1477516416688642e-02
1                                     -1.2646036634558148e-02
2                                     -9.8918037699811737e-03
3                                     -6.6995252012180470e-04
4                                      6.1297463865889884e-03
5                                     -5.7601367379108148e-03
6                                      4.8965349622810822e-03
7                                      4.5850353440272523e-03
8                                     -2.8899024965589604e-04
9                                      1.0910492381661970e-03
10                                     3.1719719242200312e-03
11                                     5.5609646455246110e-03
12                                     2.0141602369329083e-03
13                                     5.8881482341379019e-03
14                                    -3.9159689538050485e-03
15                                     7.1167646094927317e-04
16                                    -6.9396127774265020e-03
17                                     8.0105686414562449e-04
18                                    -6.2170319928867117e-03
19                                    -9.5961893672286414e-03
20                                     6.5916771820324488e-03
21                                    -1.7895359755211483e-03
22                                    -5.0985520896301238e-03
23                                    -7.9822240680946926e-04
24                                     3.6905359409420500e-03
25                                     1.9803617354702818e-03
26                                     6.4147997313758302e-04
27                                     2.9127272860564211e-03
28                                     3.6334096737357727e-04
29                                    -5.3451820317105408e-04
30                                    -7.4626528439277612e-04
31                                    -2.8826051624720843e-04
32                                    -2.0935608147278420e-04
33                                    -8.8593868739306886e-04
34                                    -7.6523735673453275e-04
35                                    -9.1745744831682463e-04
36                                    -3.6626395448388499e-03
37                                    -1.1781191726681767e-03
38                                     2.3406936361426676e-03
39                                    -6.1828197739677813e-03
40                                    -1.1486916706305130e-03
41                                    -4.8748611131503574e-03
42                                     1.6794609966993605e-02
43                                     5.0016272738471800e-03
44                                     1.4754661679725995e-02
45                                    -5.7965084812283338e-03
46                                    -2.4707646779551264e-03
47                                     5.4062027742475191e-03
48                                    -5.5833012090508033e-03
49                                    -3.9237616230619471e-03
50                                    -1.9875168735149704e-03
51                                    -3.7009617448085855e-03
52                                     2.5604706550963335e-03
53                                    -4.7274776576965993e-03
54                                    -4.9867605090384900e-03
55                                    -3.6382432111420893e-03
56                                     3.1129251109372515e-03
57                                     6.5147763618257481e-03
58                                     1.0092326872222078e-02
59                                    -7.0540296017528384e-04
60                                     1.0524092879615227e-02
61                                     8.2154645638999393e-03
62                                    -2.4213718221632943e-03
63                                     5.4398316511611502e-03
64                                     5.1574020831226045e-04
65                                     9.3726721162478224e-04
66                                    -3.1744481023728427e-03
67                                    -2.4664207197224106e-03
68                                    -3.6317733485111692e-03
69                                    -2.3126426459169265e-03
70                                    -3.0383699215921038e-03
71                                    -1.7227289133970349e-03
72                                     3.5986399439286252e-04
73                                     4.5293485888508317e-04
74                                     6.8241498442603819e-04
75                                     9.4772885139508128e-04
76                                     8.5351770985897524e-05
77                                     1.0599595759646745e-03
78                                     1.3270367944144823e-03
79                                     4.2831745107161888e-03
80                                     4.3984707269456927e-04
$End
$Geometry
   &GeometryIndex 3
   &ListStatus       OUT
   &NATOMS [&Type "Integer"] 27
   &NCORELESSECP [&Type "Integer"] 0
   &NGHOSTATOMS [&Type "Integer"] 0
   &CartesianCoordinates [&Type "Coordinates", &Dim(27,4), &Units "Bohr"] 
              S      4.722856319327    2.229390455134    0.906885724504
              O     -3.819352954596    1.161916275494    0.766612208215
              O     -0.960782711715    3.253099719978   -1.541427460737
              N     -0.966129679588   -2.961740461128   -0.315355336231
              C      0.209296213344   -0.631059734724    0.672277939701
              C      2.906243083819   -0.480926353988   -0.264070337899
              C     -1.493836340748    1.501439908201   -0.183164592936
              H      0.245682403462   -0.623185049774    2.753242977008
              H      3.875152757025   -2.172964823635    0.408288269479
              H      2.924195810323   -0.499125872035   -2.325862756383
              H     -2.695248760186   -3.191151753037    0.488385224756
              H      0.091111275966   -4.461769824488    0.256873903369
              H     -4.885545752758    2.536014870674    0.176005689581
              Cu     7.229342424568    5.993211936019    2.535629860385
              S      9.676604725739    9.909066982157    4.377535727886
              O     11.864142344640   16.139258645945    9.765415567363
              O      9.345839115848   12.746831594558    9.879099033307
              N     15.543439359567   12.772474940723    8.569882435404
              C     13.109984299114   12.772249437948    7.204683977850
              C     12.581773047673   10.130346687000    6.255125539676
              C     11.193921952926   13.799072165445    9.062161940252
              H     13.160352400098   14.054021061428    5.567862230845
              H     14.153570880204    9.599184613054    5.029939987974
              H     12.522983800757    8.818885802762    7.845781861414
              H     16.020718640622   14.578467565538    9.012466773094
              H     16.907588374356   12.137428855724    7.375041880371
              H     10.623660228933   16.751437502607   10.971887642391
$End
$SCF_Energy
   &GeometryIndex 3
   &ListStatus       IN
   &SCF_ENERGY [&Type "Double"]      -3.0770306742974790e+03
$End
$Solvation_Details
   &GeometryIndex 3
   &ListStatus       IN
   &SOLVENT [&Type "String"] "WATER"
   &EPSILON [&Type "Double"]       8.0150999999999996e+01
   &REFRAC [&Type "Double"]       1.3328000000000000e+00
   &RSOLV [&Type "Double"]       1.3000000000000000e+00
   &SURFACETYPE [&Type "String"] "GAUSSIAN VDW"
   &NPOINTS [&Type "Integer"] 2525
   &SURFACEAREA [&Type "Double"]       1.1173744914090000e+03
   &CPCMDIELENERGY [&Type "Double"]      -1.4573261300000001e-01
$End
$MP2_Energies
   &GeometryIndex 3
   &ListStatus       IN
   &REFENERGY [&Type "Double"]      -3.0770306742974790e+03  "Reference Energy"
   &CORRENERGY [&Type "Double"]      -3.3309494859869466e+00  "MP2 correlation energy"
   &TOTALENERGY [&Type "Double"]      -3.0803616237834658e+03  "MP2 total energy"
$End
$MP2_Nuc_Gradient
   &GeometryIndex 3
   &ListStatus       IN
   &NATOMS [&Type "Integer"] 81
   &GRADNORM [&Type "Double"]       3.9481715610967187e-02
   &GRAD [&Type "ArrayOfDoubles", &Dim (81,1)] 
                                                         0

0                                     -8.6917648435712713e-03
1                                     -1.2646970670363135e-02
2                                     -8.3040840730532750e-03
3                                      4.7905322835918411e-03
4                                      2.1337539285687171e-03
5                                     -5.2513915906095207e-03
6                                     -1.7056773492273788e-03
7                                     -3.4755141392825012e-03
8                                      6.3115307260681736e-03
9                                     -2.2135553424849960e-03
10                                    -8.9043694064433118e-05
11                                     2.3931116813322856e-03
12                                     2.3825102668360645e-03
13                                     5.1177013670845196e-03
14                                    -4.0199008733442319e-03
15                                    -2.9995575742435623e-03
16                                    -4.9302310540482747e-03
17                                     1.3645011562632217e-03
18                                    -4.8252118694732567e-03
19                                     2.3849675989274371e-03
20                                    -2.5582065737858040e-03
21                                     7.1235565829754887e-04
22                                    -3.2056726632476349e-03
23                                     7.2479816150706339e-04
24                                     8.2538189055696154e-04
25                                     2.0833354965429964e-03
26                                     1.6889819401100375e-03
27                                     3.4780876474213595e-04
28                                    -5.6305597840379464e-04
29                                     7.2270695889374570e-04
30                                     3.2367906437447830e-04
31                                    -1.2048570796609204e-04
32                                    -7.0671206866156078e-04
33                                    -6.9033424311084474e-04
34                                     1.6653443434558671e-04
35                                    -6.1616606107527463e-04
36                                     1.3582543415711565e-03
37                                    -2.2509856413821111e-03
38                                     1.6027160931145999e-03
39                                    -7.2954761936917679e-03
40                                    -3.1589148995466634e-03
41                                    -6.0114909738328490e-03
42                                     1.5663454074450821e-02
43                                     7.7773527392334084e-03
44                                     1.2316880240227673e-02
45                                    -2.9862036973298742e-03
46                                    -6.7418577419348300e-03
47                                     1.2598291927775167e-03
48                                     3.9315508760901785e-03
49                                     4.5200789246381545e-03
50                                    -4.1142477316503528e-03
51                                     2.6882251512725872e-04
52                                     2.7354677194052768e-03
53                                    -6.4947188716903137e-04
54                                    -5.4164327118086456e-03
55                                    -3.6769610296760527e-03
56                                     2.1904823241736850e-03
57                                     6.0859848479778607e-03
58                                     1.2180692475783322e-02
59                                     2.2526624523808471e-03
60                                    -1.8166622840244881e-03
61                                     2.4369288579019974e-03
62                                     4.9929981839062568e-03
63                                     3.1720274863889656e-03
64                                    -5.0600650714940562e-04
65                                    -1.2877313149730132e-03
66                                    -2.6833041436819353e-03
67                                     7.5558138812332337e-04
68                                    -2.3574574851130646e-03
69                                    -5.0695692635326127e-04
70                                    -1.6939183137580638e-04
71                                    -1.0450133546426425e-03
72                                    -2.1852875178611161e-05
73                                    -6.3899135565873011e-04
74                                     3.5227035761881478e-04
75                                    -1.2393266629472793e-04
76                                     2.6455169905179737e-04
77                                     8.6884239874478533e-04
78                                     2.1396258547074984e-03
79                                    -3.4426902682801498e-04
80                                    -2.3012497715479002e-03
$End
$Geometry
   &GeometryIndex 4
   &ListStatus       OUT
   &NATOMS [&Type "Integer"] 27
   &NCORELESSECP [&Type "Integer"] 0
   &NGHOSTATOMS [&Type "Integer"] 0
   &CartesianCoordinates [&Type "Coordinates", &Dim(27,4), &Units "Bohr"] 
              S      4.863556143138    2.621863527345    1.003635606677
              O     -3.629282199917    1.180918052496    0.787910779142
              O     -0.936056511963    3.256134372338   -1.715797167835
              N     -0.590520325927   -2.831394448300   -0.070854885915
              C      0.448094923935   -0.384580942944    0.808346735956
              C      3.139716125704   -0.179982971187   -0.089148017992
              C     -1.335932508718    1.601127330526   -0.211749109501
              H      0.457707399017   -0.219041030700    2.883867223864
              H      4.121911479941   -1.817150843734    0.690806133760
              H      3.172042207839   -0.309853411921   -2.145686684901
              H     -2.319959334812   -3.097790251265    0.718348657971
              H      0.536781577664   -4.224517446222    0.626918051096
              H     -4.746133046618    2.449369161219    0.064517319642
              Cu     7.132708360888    6.368510001881    2.469439459983
              S      9.232242624641   10.206374533111    4.108186726190
              O     12.018836377052   15.914482744375    9.743447262721
              O      9.190114270110   12.787422322155    9.910535273147
              N     15.305013396448   12.242482148066    8.437429709402
              C     12.867654848720   12.549707223833    7.093919023792
              C     12.101784849800   10.020059521702    6.042687518051
              C     11.084345085633   13.669545343652    9.025810261543
              H     12.996917618786   13.887418134529    5.507017433453
              H     13.654910363011    9.419891216224    4.825426184925
              H     11.919286591665    8.673316589269    7.592476692408
              H     15.958903316627   13.972342018674    8.947389891779
              H     16.576587587070   11.537503736243    7.180531725967
              H     10.866332038988   16.567718516220   11.015794105311
$End
$SCF_Energy
   &GeometryIndex 4
   &ListStatus       IN
   &SCF_ENERGY [&Type "Double"]      -3.0770381337184112e+03
$End
$Solvation_Details
   &GeometryIndex 4
   &ListStatus       IN
   &SOLVENT [&Type "String"] "WATER"
   &EPSILON [&Type "Double"]       8.0150999999999996e+01
   &REFRAC [&Type "Double"]       1.3328000000000000e+00
   &RSOLV [&Type "Double"]       1.3000000000000000e+00
   &SURFACETYPE [&Type "String"] "GAUSSIAN VDW"
   &NPOINTS [&Type "Integer"] 2514
   &SURFACEAREA [&Type "Double"]       1.1060351443860000e+03
   &CPCMDIELENERGY [&Type "Double"]      -1.3882833200000000e-01
$End
$MP2_Energies
   &GeometryIndex 4
   &ListStatus       IN
   &REFENERGY [&Type "Double"]      -3.0770381337184112e+03  "Reference Energy"
   &CORRENERGY [&Type "Double"]      -3.3410256210378142e+00  "MP2 correlation energy"
   &TOTALENERGY [&Type "Double"]      -3.0803791593394490e+03  "MP2 total energy"
$End
$MP2_Nuc_Gradient
   &GeometryIndex 4
   &ListStatus       IN
   &NATOMS [&Type "Integer"] 81
   &GRADNORM [&Type "Double"]       4.6939679687042546e-02
   &GRAD [&Type "ArrayOfDoubles", &Dim (81,1)] 
                                                         0

0                                     -7.0871841320662380e-03
1                                     -1.3284628515758592e-02
2                                     -6.5638159389922787e-03
3                                      6.9463718153511024e-03
4                                     -3.6305543023992110e-03
5                                     -2.4258512624230275e-03
6                                     -5.1098005923236739e-03
7                                     -7.4526125518147718e-03
8                                      9.3645080887485715e-03
9                                     -3.8763280527767448e-03
10                                    -3.0631519835204804e-03
11                                    -7.0433203914059550e-04
12                                     1.9249632365035511e-03
13                                     3.0213627757518444e-03
14                                    -3.2402265407663246e-03
15                                    -5.1632874106566848e-03
16                                    -2.7001767103019868e-03
17                                     1.4693614623570161e-03
18                                    -2.1398684141312151e-03
19                                     1.1494423134002070e-02
20                                    -8.4290781172652943e-03
21                                     2.3282273658662813e-03
22                                    -9.5020623191956546e-04
23                                     1.3312589296820831e-03
24                                    -1.3732559172088751e-03
25                                     1.6025521717153261e-03
26                                     2.5637555529603347e-03
27                                    -1.7509406559169582e-03
28                                    -1.5170238106442836e-03
29                                     1.0942826484498097e-03
30                                     7.7112378919931557e-04
31                                     2.4814654323418363e-04
32                                    -7.8813227177865555e-04
33                                     8.8248758624370760e-05
34                                     6.6111088144368141e-04
35                                    -1.4664976273711869e-04
36                                     4.0298881796089793e-03
37                                    -9.0768472702219133e-04
38                                    -3.5043182555215963e-05
39                                    -6.9430465479053214e-03
40                                    -5.5468365958868948e-03
41                                    -6.5935683007965476e-03
42                                     1.4204973805401387e-02
43                                     1.3780187653229629e-02
44                                     1.0226201043615516e-02
45                                     1.9196145067762946e-03
46                                    -7.7040924096494594e-03
47                                    -2.5756917935678171e-03
48                                     1.0318009133783140e-02
49                                     8.2888118142386419e-03
50                                    -4.3964062984950397e-03
51                                     3.4382124067907430e-03
52                                     1.1100789207834274e-03
53                                     2.7974308376183185e-03
54                                    -5.0261739472657607e-03
55                                    -1.7967456633773554e-03
56                                     6.6154516102780170e-04
57                                     5.5078907643228495e-03
58                                     9.9325592990496744e-03
59                                     4.1308369206793510e-03
60                                    -1.2769117287637174e-02
61                                    -1.1172370476048854e-03
62                                     8.2327124250784825e-03
63                                     7.8722429814158607e-04
64                                    -1.2099117835335342e-03
65                                    -2.3933102852762983e-03
66                                    -1.2724327634512818e-03
67                                     3.2876009841100139e-03
68                                    -1.1495143528616990e-03
69                                     1.6111432613322555e-03
70                                     1.6613218296275718e-03
71                                     9.3643319928650437e-05
72                                    -7.3057163629813154e-04
73                                    -1.0939828139772470e-03
74                                     7.7684805137792981e-05
75                                    -7.6677718146137691e-04
76                                     1.9873763574098161e-04
77                                     2.0056520352879775e-04
78                                     2.9662605762613425e-04
79                                    -3.4154883964353025e-03
80                                    -2.8975373788186695e-03
$End
$Geometry
   &GeometryIndex 5
   &ListStatus       OUT
   &NATOMS [&Type "Integer"] 27
   &NCORELESSECP [&Type "Integer"] 0
   &NGHOSTATOMS [&Type "Integer"] 0
   &CartesianCoordinates [&Type "Coordinates", &Dim(27,4), &Units "Bohr"] 
              S      5.107967839383    3.205476840738    1.130772984992
              O     -3.284919717493    1.357890049132    0.854702783103
              O     -0.720654428410    3.245290892807   -1.922718799199
              N     -0.023362306286   -2.572005542610    0.383422367768
              C      0.844518109441    0.011608589585    1.048930298270
              C      3.540187853293    0.268066209012    0.192136983172
              C     -1.012484420163    1.775404487518   -0.220356809786
              H      0.795695214358    0.419879243743    3.089490315962
              H      4.548374167302   -1.267274214723    1.131098275930
              H      3.613281885642   -0.034081112483   -1.844370318354
              H     -1.756113771958   -2.858642494434    1.158063737303
              H      1.168103529187   -3.799190981052    1.264085039946
              H     -4.430843250235    2.478848573815   -0.051764739028
              Cu     7.005547605950    6.898564700875    2.319847607654
              S      8.658961885600   10.712065613057    3.673834670654
              O     12.120483103846   15.444673022509    9.752022718938
              O      8.916466641019   12.696334209201    9.859264758290
              N     14.848426935425   11.412457626341    8.191913110549
              C     12.480077820893   12.186839312597    6.897973588847
              C     11.375258301112    9.883643365736    5.650789622536
              C     10.875926196705   13.373317427211    8.946624804681
              H     12.765669827561   13.623556563979    5.423688423921
              H     12.882474255818    9.166792284306    4.436243713871
              H     10.967915980048    8.480851099455    7.104983497567
              H     15.742876425717   12.984342312705    8.831600825905
              H     15.991858663016   10.651764861356    6.846313520118
              H     11.065868911949   16.115402207203   11.102612927027
$End
$SCF_Energy
   &GeometryIndex 5
   &ListStatus       IN
   &SCF_ENERGY [&Type "Double"]      -3.0770396057108501e+03
$End
$Solvation_Details
   &GeometryIndex 5
   &ListStatus       IN
   &SOLVENT [&Type "String"] "WATER"
   &EPSILON [&Type "Double"]       8.0150999999999996e+01
   &REFRAC [&Type "Double"]       1.3328000000000000e+00
   &RSOLV [&Type "Double"]       1.3000000000000000e+00
   &SURFACETYPE [&Type "String"] "GAUSSIAN VDW"
   &NPOINTS [&Type "Integer"] 2502
   &SURFACEAREA [&Type "Double"]       1.0943431241620001e+03
   &CPCMDIELENERGY [&Type "Double"]      -1.3287288999999999e-01
$End
$MP2_Energies
   &GeometryIndex 5
   &ListStatus       IN
   &REFENERGY [&Type "Double"]      -3.0770396057108501e+03  "Reference Energy"
   &CORRENERGY [&Type "Double"]      -3.3579648928382486e+00  "MP2 correlation energy"
   &TOTALENERGY [&Type "Double"]      -3.0803975706036881e+03  "MP2 total energy"
$End
$MP2_Nuc_Gradient
   &GeometryIndex 5
   &ListStatus       IN
   &NATOMS [&Type "Integer"] 81
   &GRADNORM [&Type "Double"]       5.4676172417494583e-02
   &GRAD [&Type "ArrayOfDoubles", &Dim (81,1)] 
                                                         0

0                                     -4.1356776562748773e-03
1                                     -1.0871883062572904e-02
2                                     -3.2245962690179274e-03
3                                      5.6848339853369442e-03
4                                     -7.7547166736864556e-03
5                                      3.2619729248671014e-03
6                                     -7.3114139961747322e-03
7                                     -7.5172416653262325e-03
8                                      1.1241119437383151e-02
9                                     -4.4577128532225056e-03
10                                    -6.1743388406119704e-03
11                                    -3.4468010902478849e-03
12                                     1.0944022601196146e-03
13                                     5.4773717839186158e-04
14                                     1.1116068288380757e-04
15                                    -5.0469264929068822e-03
16                                     2.8170618524685567e-05
17                                     2.1291916904631406e-04
18                                     1.3620098880559491e-03
19                                     1.4799746678723101e-02
20                                    -1.6233225276028794e-02
21                                     3.3031231349823697e-03
22                                     1.6333575399122263e-03
23                                     1.3112296257602046e-03
24                                    -3.0982909851079363e-03
25                                     9.7426590972179636e-04
26                                     3.1058082992247976e-03
27                                    -3.3831740479210140e-03
28                                    -2.7383401624810418e-03
29                                     1.3553381818434337e-03
30                                     9.6932610864881863e-04
31                                     6.4348237787180840e-04
32                                    -7.2457807838593145e-04
33                                     8.5479777729419865e-04
34                                     1.6490847954707052e-03
35                                     2.5011206717250045e-04
36                                     5.9504663579044853e-03
37                                     7.5554809577306828e-04
38                                    -2.0350316294711138e-03
39                                    -1.9906001004044954e-03
40                                    -7.3844566587435816e-03
41                                    -3.6765615326013411e-03
42                                     9.3292260749724409e-03
43                                     2.1597590531319408e-02
44                                     5.6737578245932424e-03
45                                     6.6337755925690023e-03
46                                    -5.3470396427790709e-03
47                                    -5.6923464648464747e-03
48                                     1.3676635820098287e-02
49                                     9.3810487466474413e-03
50                                    -3.3562773952894656e-03
51                                     5.5208713296092740e-03
52                                    -2.4862690186373514e-03
53                                     5.1728368623823809e-03
54                                    -4.1556193194035897e-03
55                                     3.0219323248531008e-03
56                                    -2.6664612578481926e-03
57                                     1.9971008727961564e-03
58                                    -2.7815673178119282e-04
59                                     3.2277590616127776e-03
60                                    -2.0243160575928995e-02
61                                    -4.6399138394544355e-03
62                                     1.0887075961247886e-02
63                                    -1.7174276866897360e-03
64                                    -1.2674491394834703e-03
65                                    -2.9079302879216479e-03
66                                     8.9607382241006783e-04
67                                     4.9017102853830385e-03
68                                     3.9236127456860476e-04
69                                     4.2020608428444640e-03
70                                     2.4036258408338604e-03
71                                     1.4668831933638549e-03
72                                    -1.5399094620075562e-03
73                                    -9.6270807488370996e-04
74                                    -3.4652056087661025e-04
75                                    -1.6489227620276464e-03
76                                     4.4078190632675790e-04
77                                    -4.9605091648473668e-04
78                                    -2.5597766351455747e-03
79                                    -5.1064277824076597e-03
80                                    -2.8657836297624265e-03
$End
$Geometry
   &GeometryIndex 6
   &ListStatus       OUT
   &NATOMS [&Type "Integer"] 27
   &NCORELESSECP [&Type "Integer"] 0
   &NGHOSTATOMS [&Type "Integer"] 0
   &CartesianCoordinates [&Type "Coordinates", &Dim(27,4), &Units "Bohr"] 
              S      5.353544640841    3.693481900413    1.215331127927
              O     -2.936589587804    1.679808224569    0.988121897217
              O     -0.431495564707    3.178984233884   -2.075594980729
              N      0.445503700613   -2.267913831726    0.844659659100
              C      1.214656509998    0.393360233105    1.279740340613
              C      3.906506508974    0.671714306089    0.404198268580
              C     -0.675208337064    1.970574050650   -0.170002900128
              H      1.131223684466    1.006474285141    3.265205851726
              H      4.953455592993   -0.787501980552    1.419598052457
              H      3.992485466392    0.273897246175   -1.615004510476
              H     -1.284874637120   -2.540634107315    1.631746048120
              H      1.668501614635   -3.361599212228    1.850849751326
              H     -4.100956013098    2.645339077087   -0.065197861639
              Cu     6.957285999638    7.269457268817    2.189823958296
              S      8.280254055253   10.950971049325    3.318170001491
              O     11.980196268989   14.987727063097    9.700012365847
              O      8.670630797478   12.354185792073    9.775863032091
              N     14.430583229593   10.783942969892    7.939328045248
              C     12.136558764161   11.832727694695    6.703432787380
              C     10.815058004336    9.718451861071    5.325412081290
              C     10.626318251908   13.001909564958    8.828395035577
              H     12.522694057028   13.339960029975    5.326669151009
              H     12.278514393681    8.878484686295    4.132993588597
              H     10.208021811035    8.318968666151    6.713582432704
              H     15.455303373897   12.234394114866    8.669456429895
              H     15.504499873486   10.019041061723    6.537808651583
              H     10.984890799120   15.615668899352   11.116607605537
$End
$SCF_Energy
   &GeometryIndex 6
   &ListStatus       IN
   &SCF_ENERGY [&Type "Double"]      -3.0770296163305870e+03
$End
$Solvation_Details
   &GeometryIndex 6
   &ListStatus       IN
   &SOLVENT [&Type "String"] "WATER"
   &EPSILON [&Type "Double"]       8.0150999999999996e+01
   &REFRAC [&Type "Double"]       1.3328000000000000e+00
   &RSOLV [&Type "Double"]       1.3000000000000000e+00
   &SURFACETYPE [&Type "String"] "GAUSSIAN VDW"
   &NPOINTS [&Type "Integer"] 2466
   &SURFACEAREA [&Type "Double"]       1.0822030414349999e+03
   &CPCMDIELENERGY [&Type "Double"]      -1.3036716400000001e-01
$End
$MP2_Energies
   &GeometryIndex 6
   &ListStatus       IN
   &REFENERGY [&Type "Double"]      -3.0770296163305870e+03  "Reference Energy"
   &CORRENERGY [&Type "Double"]      -3.3766243940630067e+00  "MP2 correlation energy"
   &TOTALENERGY [&Type "Double"]      -3.0804062407246502e+03  "MP2 total energy"
$End
$MP2_Nuc_Gradient
   &GeometryIndex 6
   &ListStatus       IN
   &NATOMS [&Type "Integer"] 81
   &GRADNORM [&Type "Double"]       4.8648890662031312e-02
   &GRAD [&Type "ArrayOfDoubles", &Dim (81,1)] 
                                                         0

0                                      1.2963020097794646e-03
1                                      1.0059485196752850e-03
2                                      1.3405679129292192e-03
3                                      2.5686999054350818e-03
4                                     -8.2383204756068772e-03
5                                      6.1080747094575880e-03
6                                     -7.5437203645391179e-03
7                                     -5.8038518221416729e-03
8                                      1.0114720892155316e-02
9                                     -3.6381654799447242e-03
10                                    -7.1787013058115454e-03
11                                    -3.8332597906675162e-03
12                                    -3.8651250687011390e-04
13                                    -6.4942893106889610e-04
14                                     1.6772274165666699e-03
15                                    -3.6550525922444607e-03
16                                     1.8970213835227869e-03
17                                    -1.4344874154115367e-03
18                                     5.1349206127014012e-03
19                                     1.3864474559793637e-02
20                                    -1.6619772169727945e-02
21                                     2.7996822789200641e-03
22                                     3.2229279841411145e-03
23                                     4.8482194013902552e-04
24                                    -3.4306011480988753e-03
25                                     4.1754486735443713e-04
26                                     3.1362279446060792e-03
27                                    -3.3693106247419929e-03
28                                    -3.1073680324331990e-03
29                                     1.1813655753119268e-03
30                                     8.9673470448091430e-04
31                                     7.5572202762396335e-04
32                                    -5.3631699731496868e-04
33                                     1.2580257316871998e-03
34                                     1.7997334971143440e-03
35                                     3.0314337178072998e-04
36                                     5.8732779087663743e-03
37                                     9.6719900228282168e-04
38                                    -2.8465758067464896e-03
39                                     4.9832437151711342e-03
40                                    -3.4011130468960572e-03
41                                     2.4984993088613592e-03
42                                     1.1915882097106537e-03
43                                     1.0247658754265167e-02
44                                    -1.1226600917546414e-03
45                                     8.8723667718450180e-03
46                                    -2.6905526115509407e-03
47                                    -5.1029614773729082e-03
48                                     1.2758968497132789e-02
49                                     7.9621744366104932e-03
50                                    -1.4652693039463663e-03
51                                     5.8683423191408617e-03
52                                    -4.1045909136477841e-03
53                                     5.7730325608578541e-03
54                                    -2.0700663527290740e-03
55                                     4.7600428142220222e-03
56                                    -2.9707984704099716e-03
57                                    -5.1673920856781796e-03
58                                    -6.2699827595601026e-03
59                                    -9.2839646470641371e-04
60                                    -2.1509584201084050e-02
61                                    -5.8288007695501340e-03
62                                     7.2558205126936753e-03
63                                    -3.1300588181825189e-03
64                                    -3.6934512948778864e-04
65                                    -2.3363893661824640e-03
66                                     2.2697233690497365e-03
67                                     4.3792402844205613e-03
68                                     1.2915809521380668e-03
69                                     4.6104721994758065e-03
70                                     1.7010775530032878e-03
71                                     2.0451536642287146e-03
72                                    -1.3511161348860601e-03
73                                    -5.1787465710020908e-04
74                                    -3.1762130983515810e-04
75                                    -1.6283286506499905e-03
76                                     5.3666708384847786e-04
77                                    -8.7958997127644822e-04
78                                    -3.4296096182806039e-03
79                                    -5.0930543984210146e-03
80                                    -2.7528498262158821e-03
$End
$Geometry
   &GeometryIndex 7
   &ListStatus       OUT
   &NATOMS [&Type "Integer"] 27
   &NCORELESSECP [&Type "Integer"] 0
   &NGHOSTATOMS [&Type "Integer"] 0
   &CartesianCoordinates [&Type "Coordinates", &Dim(27,4), &Units "Bohr"] 
              S      5.303361786576    3.582410224018    1.202292249806
              O     -2.950131423346    1.904184572151    0.916542092378
              O     -0.367704903274    2.919772956682   -2.298880226587
              N      0.349533809520   -2.309728991736    0.929945987070
              C      1.152776960824    0.347691276308    1.251739710550
              C      3.851976180844    0.583528070036    0.353127574886
              C     -0.688026356041    1.901487853921   -0.284161939100
              H      1.058936424777    1.035808661232    3.209254031210
              H      4.910303396000   -0.905798256230    1.313565740058
              H      3.929067179117    0.247653547238   -1.679098538497
              H     -1.392115648661   -2.524998955818    1.714481836209
              H      1.542543235241   -3.391670777268    1.984577118479
              H     -4.091169094139    2.841846618718   -0.190883801527
              Cu     6.918211028172    7.150600839646    2.227410013828
              S      8.297806485067   10.790092815075    3.432343355114
              O     11.789622724742   15.108802608845    9.708031450448
              O      8.897421053137   12.014613112675   10.002787150380
              N     14.615487294873   11.006577432101    7.826691457670
              C     12.192371633630   11.886339317828    6.737232743278
              C     10.908536312542    9.691887569926    5.429581666031
              C     10.700161526394   12.920870407356    8.943115575173
              H     12.402697657428   13.427138357556    5.361070987215
              H     12.360406583852    8.824378563470    4.239684369269
              H     10.325067345207    8.320154326320    6.858486786611
              H     15.578417589930   12.524428476312    8.507824832259
              H     15.668672642177   10.316586686815    6.369968208222
              H     10.823331834134   15.647217834404   11.184475480205
$End
$SCF_Energy
   &GeometryIndex 7
   &ListStatus       IN
   &SCF_ENERGY [&Type "Double"]      -3.0770347734470447e+03
$End
$Solvation_Details
   &GeometryIndex 7
   &ListStatus       IN
   &SOLVENT [&Type "String"] "WATER"
   &EPSILON [&Type "Double"]       8.0150999999999996e+01
   &REFRAC [&Type "Double"]       1.3328000000000000e+00
   &RSOLV [&Type "Double"]       1.3000000000000000e+00
   &SURFACETYPE [&Type "String"] "GAUSSIAN VDW"
   &NPOINTS [&Type "Integer"] 2490
   &SURFACEAREA [&Type "Double"]       1.0860095271939999e+03
   &CPCMDIELENERGY [&Type "Double"]      -1.3025186999999999e-01
$End
$MP2_Energies
   &GeometryIndex 7
   &ListStatus       IN
   &REFENERGY [&Type "Double"]      -3.0770347734470447e+03  "Reference Energy"
   &CORRENERGY [&Type "Double"]      -3.3763104936177668e+00  "MP2 correlation energy"
   &TOTALENERGY [&Type "Double"]      -3.0804110839406626e+03  "MP2 total energy"
$End
$MP2_Nuc_Gradient
   &GeometryIndex 7
   &ListStatus       IN
   &NATOMS [&Type "Integer"] 81
   &GRADNORM [&Type "Double"]       2.8480524326918524e-02
   &GRAD [&Type "ArrayOfDoubles", &Dim (81,1)] 
                                                         0

0                                     -7.5047433257428766e-04
1                                     -2.0211260683172562e-03
2                                      7.2633091117570592e-04
3                                     -1.3475974988871563e-03
4                                     -4.5474787668004120e-03
5                                      6.0842344916144306e-03
6                                     -4.5065849008212693e-03
7                                     -3.9841271982079401e-04
8                                      3.5171132839266761e-03
9                                     -1.8005133994763618e-03
10                                    -4.6175193510364868e-03
11                                    -2.2848941806166909e-03
12                                    -7.4722922242937556e-04
13                                     3.2632493859147647e-04
14                                     1.7250553571642770e-03
15                                    -1.5661044258169707e-03
16                                     2.5848412820800980e-03
17                                    -1.2113611366456056e-03
18                                     6.2287729845874537e-03
19                                     3.8726922435913108e-03
20                                    -9.7060182664743117e-03
21                                     1.6087623618109862e-03
22                                     2.5770880187249816e-03
23                                     5.0552540731989282e-05
24                                    -1.8577333890256800e-03
25                                     1.6809353267609184e-06
26                                     2.2277229724735319e-03
27                                    -1.8652644985481894e-03
28                                    -2.1457413469819571e-03
29                                     3.0410017042528659e-05
30                                     5.6251656655934706e-04
31                                     6.2574532905609621e-04
32                                    -1.6946210937068135e-04
33                                     1.1417711076006157e-03
34                                     8.4374746381614060e-04
35                                     2.3732601091815478e-04
36                                     2.4853284228946795e-03
37                                     8.6988710920512732e-04
38                                    -2.3590811126981623e-03
39                                     3.2089084493989294e-03
40                                    -2.8239170290189691e-03
41                                     8.9149218842556055e-04
42                                     2.8810974528241731e-04
43                                     8.5667949710511206e-03
44                                    -1.8827481624498063e-03
45                                     6.8240900958961223e-03
46                                     2.2253011374636263e-03
47                                    -2.9934903737897853e-03
48                                     3.7375171010862185e-03
49                                     4.8691124588621376e-03
50                                     4.6110634020147395e-04
51                                     4.3370426620107129e-03
52                                    -2.3348465422853189e-03
53                                     3.4679196612446110e-03
54                                    -1.0902762362425371e-03
55                                     3.0847848610577218e-03
56                                    -1.1345547133434393e-03
57                                    -3.8750427922441474e-03
58                                    -3.5176246657695510e-03
59                                    -3.1479149165651241e-04
60                                    -9.4187759759075534e-03
61                                    -8.1069921958615634e-03
62                                     2.6541092448243500e-03
63                                    -2.4747672957351847e-03
64                                    -1.9613131049561749e-04
65                                    -1.4032362666675270e-03
66                                     2.0854576859956724e-03
67                                     2.7104393593886285e-03
68                                     6.8101517020850363e-04
69                                     2.9020178369877567e-03
70                                     7.8636742296436801e-04
71                                     2.0806642792563675e-03
72                                    -7.1513474392672846e-04
73                                    -1.8673086734091043e-04
74                                    -1.4126063974674932e-04
75                                    -9.4323311954197867e-04
76                                    -3.4964861591154500e-05
77                                    -1.0049303763400574e-03
78                                    -2.3940925284370342e-03
79                                    -2.6200754664179472e-03
80                                    -3.4367174022496838e-04
$End
$Geometry
   &GeometryIndex 8
   &ListStatus       OUT
   &NATOMS [&Type "Integer"] 27
   &NCORELESSECP [&Type "Integer"] 0
   &NGHOSTATOMS [&Type "Integer"] 0
   &CartesianCoordinates [&Type "Coordinates", &Dim(27,4), &Units "Bohr"] 
              S      5.288780390319    3.495009578517    1.192075610376
              O     -2.881060893501    2.189991287426    0.932436536118
              O     -0.294004940678    2.703571391240   -2.400569193740
              N      0.237545603444   -2.300616587295    0.987153529981
              C      1.129800000152    0.319314029672    1.270044942043
              C      3.825288282166    0.516113156498    0.313506736905
              C     -0.655043132306    1.915500126448   -0.285623135023
              H      1.055423279322    1.012970098316    3.222891940003
              H      4.913716669002   -1.012429554750    1.169829759804
              H      3.860141332358    0.277666813079   -1.731163382431
              H     -1.516002438964   -2.449962845443    1.765619469895
              H      1.376318834543   -3.427679062000    2.051270716543
              H     -4.016297403947    3.091159592074   -0.205985605038
              Cu     6.897086490467    7.034371810329    2.254622586714
              S      8.331911498527   10.556738008873    3.524280602482
              O     11.480149871661   15.147010492901    9.679957482016
              O      9.084091874593   11.659832730956   10.068385127426
              N     14.726586493012   11.235086819230    7.774239986156
              C     12.241214313626   11.918015808029    6.726434691540
              C     11.043520067518    9.631842966829    5.474381989464
              C     10.693838444402   12.831899348346    8.945837373552
              H     12.333362605420   13.470281119465    5.352214436953
              H     12.485483311247    8.754197714104    4.281265027992
              H     10.496824343627    8.271876572705    6.926728952804
              H     15.586390425528   12.822800976557    8.438756913259
              H     15.823498372545   10.613881163847    6.320516048531
              H     10.538999564639   15.583431591628   11.202096766313
$End
$SCF_Energy
   &GeometryIndex 8
   &ListStatus       IN
   &SCF_ENERGY [&Type "Double"]      -3.0770359045440514e+03
$End
$Solvation_Details
   &GeometryIndex 8
   &ListStatus       IN
   &SOLVENT [&Type "String"] "WATER"
   &EPSILON [&Type "Double"]       8.0150999999999996e+01
   &REFRAC [&Type "Double"]       1.3328000000000000e+00
   &RSOLV [&Type "Double"]       1.3000000000000000e+00
   &SURFACETYPE [&Type "String"] "GAUSSIAN VDW"
   &NPOINTS [&Type "Integer"] 2487
   &SURFACEAREA [&Type "Double"]       1.0820181471999999e+03
   &CPCMDIELENERGY [&Type "Double"]      -1.3111782000000000e-01
$End
$MP2_Energies
   &GeometryIndex 8
   &ListStatus       IN
   &REFENERGY [&Type "Double"]      -3.0770359045440514e+03  "Reference Energy"
   &CORRENERGY [&Type "Double"]      -3.3780469795231025e+00  "MP2 correlation energy"
   &TOTALENERGY [&Type "Double"]      -3.0804139515235743e+03  "MP2 total energy"
$End
$MP2_Nuc_Gradient
   &GeometryIndex 8
   &ListStatus       IN
   &NATOMS [&Type "Integer"] 81
   &GRADNORM [&Type "Double"]       1.3445695253462450e-02
   &GRAD [&Type "ArrayOfDoubles", &Dim (81,1)] 
                                                         0

0                                     -1.8534398199268418e-03
1                                     -1.3790751803070926e-03
2                                      3.1406986690182478e-04
3                                     -2.7329237765257586e-03
4                                     -1.7593832999548455e-03
5                                      8.2758866500246692e-04
6                                     -1.6492521120205841e-03
7                                     -1.5712491975091586e-03
8                                      6.2393111992728456e-04
9                                      4.7875290936231010e-06
10                                    -6.9636738625697414e-04
11                                    -3.8971458392073055e-05
12                                    -1.8744893874726512e-03
13                                    -1.4390128993356163e-03
14                                    -2.5220568081941314e-04
15                                     1.0809898095508891e-03
16                                     2.1357099493626332e-03
17                                    -1.3163197269328332e-03
18                                     5.7433321802968437e-03
19                                     3.2899111678795223e-03
20                                    -1.6052204876405851e-04
21                                    -1.4012760721568754e-04
22                                     1.3587400147771281e-03
23                                    -4.8853952699232789e-04
24                                    -5.7317778529769950e-04
25                                    -1.1122285797117784e-04
26                                     1.4011525529153933e-04
27                                    -1.2526881039923599e-04
28                                    -6.3738686590929499e-04
29                                     5.4666518147880594e-05
30                                    -1.3256715398849567e-04
31                                     8.9913134955276613e-05
32                                     2.8754761528946432e-04
33                                    -4.9372868031395678e-05
34                                     1.9751329644178070e-04
35                                    -4.9918174445141850e-05
36                                     6.5214652466156695e-04
37                                    -1.6397021075992627e-04
38                                    -2.3249063516060653e-04
39                                     2.7403092996511479e-03
40                                     1.8306177701772654e-03
41                                     5.6451454742898789e-04
42                                    -1.9731904685868426e-03
43                                    -9.2904566842186634e-04
44                                    -2.5128852251569689e-03
45                                     2.2389810538419874e-03
46                                     1.6326600543295350e-03
47                                     1.6008243421963241e-03
48                                     1.7662522290114169e-03
49                                     4.2070910390971938e-04
50                                     8.0285101256175745e-04
51                                     7.8083211683076248e-04
52                                    -3.3885459705125520e-05
53                                     3.5019312084738283e-04
54                                     2.4033138147972269e-03
55                                     2.5249160147571004e-04
56                                     2.4017922004221613e-03
57                                    -2.2875729233131914e-03
58                                    -4.2768249241176282e-04
59                                     5.5673593847009595e-04
60                                    -3.8680295614944502e-03
61                                    -2.2626815723813601e-03
62                                    -4.3136456455176650e-03
63                                    -1.1315884020783934e-03
64                                     2.5022604967671336e-04
65                                     2.1515515525792617e-04
66                                     6.3236778546031658e-04
67                                     5.9311120447219125e-04
68                                     6.3839302870890777e-04
69                                     7.7047193849428749e-04
70                                     1.4780695993937484e-04
71                                     6.1617693965617532e-04
72                                     2.0159045475046100e-05
73                                     1.4770669303107442e-04
74                                     1.1611067028481636e-05
75                                    -3.4988334065307741e-04
76                                     1.1083719932419855e-04
77                                    -1.6955506400469222e-04
78                                     5.3926684052772039e-05
79                                    -6.6985017506225077e-04
80                                    -4.1529414363973560e-04
$End
$Geometry
   &GeometryIndex 9
   &ListStatus       OUT
   &NATOMS [&Type "Integer"] 27
   &NCORELESSECP [&Type "Integer"] 0
   &NGHOSTATOMS [&Type "Integer"] 0
   &CartesianCoordinates [&Type "Coordinates", &Dim(27,4), &Units "Bohr"] 
              S      5.298588944694    3.451514623588    1.164630633393
              O     -2.754514206671    2.393728257851    1.144177983965
              O     -0.310052104743    2.777663802380   -2.308610186286
              N      0.225274400685   -2.328692748627    0.887053647983
              C      1.152203968647    0.264426208675    1.254243755895
              C      3.829758175421    0.484254112373    0.246716244409
              C     -0.649595362021    1.936653932601   -0.209604906053
              H      1.122940614479    0.871427063998    3.236436933074
              H      4.948986761262   -1.066619072581    1.017238902774
              H      3.817274508068    0.322716914416   -1.804156733871
              H     -1.520120713945   -2.490214837805    1.680585326873
              H      1.360622008773   -3.513753480937    1.889168442583
              H     -3.888685196330    3.396417759213    0.095589666624
              Cu     6.879207875956    6.966362705433    2.279166780710
              S      8.325582764914   10.452058131275    3.615815224853
              O     11.305484466284   15.254250071210    9.488313479493
              O      9.076339421668   11.686931125448   10.057892915463
              N     14.729584459344   11.234072170327    7.824045395150
              C     12.257622872320   11.883538397935    6.737849421154
              C     11.067318147261    9.567437320562    5.534183071814
              C     10.687461408266   12.850441211636    8.926853432958
              H     12.367930478731   13.401401344516    5.326887671849
              H     12.488006976312    8.660310209092    4.338313789894
              H     10.524227415934    8.230502042565    7.006773700882
              H     15.579762179769   12.838091264081    8.460477056835
              H     15.849447575782   10.578971941623    6.403875253381
              H     10.316905417864   15.757984676734   10.957289004840
$End
$SCF_Energy
   &GeometryIndex 9
   &ListStatus       IN
   &SCF_ENERGY [&Type "Double"]      -3.0770362554700487e+03
$End
$Solvation_Details
   &GeometryIndex 9
   &ListStatus       IN
   &SOLVENT [&Type "String"] "WATER"
   &EPSILON [&Type "Double"]       8.0150999999999996e+01
   &REFRAC [&Type "Double"]       1.3328000000000000e+00
   &RSOLV [&Type "Double"]       1.3000000000000000e+00
   &SURFACETYPE [&Type "String"] "GAUSSIAN VDW"
   &NPOINTS [&Type "Integer"] 2498
   &SURFACEAREA [&Type "Double"]       1.0818123590460000e+03
   &CPCMDIELENERGY [&Type "Double"]      -1.3238152700000000e-01
$End
$MP2_Energies
   &GeometryIndex 9
   &ListStatus       IN
   &REFENERGY [&Type "Double"]      -3.0770362554700487e+03  "Reference Energy"
   &CORRENERGY [&Type "Double"]      -3.3780802187283743e+00  "MP2 correlation energy"
   &TOTALENERGY [&Type "Double"]      -3.0804143356887771e+03  "MP2 total energy"
$End
$MP2_Nuc_Gradient
   &GeometryIndex 9
   &ListStatus       IN
   &NATOMS [&Type "Integer"] 81
   &GRADNORM [&Type "Double"]       1.4821538222282805e-02
   &GRAD [&Type "ArrayOfDoubles", &Dim (81,1)] 
                                                         0

0                                     -2.0057451920500718e-03
1                                      5.6568294866456148e-04
2                                      4.0999048762016543e-04
3                                      4.7502521403976899e-05
4                                      2.1832092932495238e-03
5                                     -8.9273740330103601e-05
6                                      1.0132050923725502e-03
7                                      2.3322595851316616e-03
8                                      2.5069694635069806e-03
9                                     -5.8725607964885389e-04
10                                     1.3414680651070241e-03
11                                     4.7858842711774596e-04
12                                     4.5354887775230293e-04
13                                     7.1667496588377101e-04
14                                     1.2217533573498744e-03
15                                     2.1208954543081304e-03
16                                     5.2150745478278006e-04
17                                    -3.8969616662801881e-04
18                                    -2.7649713504518982e-03
19                                    -7.4305558365207157e-03
20                                    -4.1794047365809883e-03
21                                     9.0603188864352407e-06
22                                     4.6202428348173126e-04
23                                     6.3474172533689588e-05
24                                    -1.6039202392420515e-04
25                                    -1.2345604707947322e-04
26                                    -7.1567024090815612e-04
27                                     2.0198361365931247e-04
28                                     3.9757753386420597e-06
29                                     5.0613802685327974e-04
30                                     8.6603066959879682e-05
31                                     6.6131729046191561e-05
32                                     7.4818574303291488e-05
33                                    -2.3212718679108818e-04
34                                     3.7092828753511678e-04
35                                    -1.8886975636648456e-04
36                                     5.6454382926713481e-04
37                                    -4.9635994176882095e-04
38                                     6.7879814796064850e-04
39                                     1.9623156321226503e-03
40                                     1.3735139489002863e-03
41                                    -2.6349690514695327e-04
42                                    -1.2873519405176177e-03
43                                    -2.8930073532843692e-03
44                                    -1.1108908120528189e-03
45                                    -2.2510869398925382e-03
46                                     9.0334610363661250e-04
47                                     1.3463845090706805e-04
48                                    -1.4325747908450620e-03
49                                     1.7534644701935470e-03
50                                    -2.3435841622747727e-03
51                                    -1.0526219087101264e-03
52                                     1.0838428335621861e-03
53                                    -2.0637907055817001e-04
54                                     6.9649069569362176e-04
55                                     3.6252909583315424e-04
56                                    -3.1652588813443211e-04
57                                    -6.7386213718457003e-04
58                                     4.2762369607211512e-04
59                                     1.7208652835637439e-04
60                                     5.7012525024622493e-03
61                                    -3.4323863897050416e-03
62                                     4.6866332122774065e-03
63                                    -2.4106106464007789e-04
64                                     3.4664465017476831e-04
65                                    -1.2422071703708029e-04
66                                    -1.8591242276561754e-04
67                                    -3.1037827191584405e-04
68                                     4.0343949771489557e-04
69                                     5.4060174978588782e-05
70                                     2.5251829391986780e-04
71                                    -3.7162079699390449e-04
72                                    -8.0236350261230632e-05
73                                    -1.1029764729984792e-04
74                                    -8.6179395520863053e-05
75                                    -3.5285907349230303e-04
76                                     2.1448281297185498e-04
77                                     1.2186152884593668e-04
78                                     5.1179020762768049e-04
79                                    -1.6970199813588771e-04
80                                    -8.5247194981804414e-04
$End
$Geometry
   &GeometryIndex 10
   &ListStatus       OUT
   &NATOMS [&Type "Integer"] 27
   &NCORELESSECP [&Type "Integer"] 0
   &NGHOSTATOMS [&Type "Integer"] 0
   &CartesianCoordinates [&Type "Coordinates", &Dim(27,4), &Units "Bohr"] 
              S      5.317739910064    3.431382977308    1.113624891377
              O     -2.658124578460    2.478159006620    1.353121152895
              O     -0.374044549092    2.828839296160   -2.213664764103
              N      0.231851488008   -2.330970486644    0.779067513833
              C      1.194804922571    0.233596047812    1.243597973080
              C      3.845008482308    0.472882929494    0.174361902198
              C     -0.620410661435    2.003702703811   -0.092274538804
              H      1.225411204921    0.739134857590    3.253383315585
              H      4.991635331163   -1.091138328086    0.877170343839
              H      3.779788432031    0.364939151341   -1.879910085297
              H     -1.496826360997   -2.514053615223    1.603813924055
              H      1.377084262419   -3.575219493428    1.696399179178
              H     -3.825114164757    3.511043582922    0.368299455176
              Cu     6.865663497070    6.934059839499    2.266959745026
              S      8.308549446302   10.442097391177    3.658362956396
              O     11.277409134883   15.358560774184    9.319647352559
              O      9.049273473347   11.816435853475   10.045991039818
              N     14.674364207647   11.173422621172    7.914717641687
              C     12.251544288700   11.852855427827    6.738233670042
              C     11.031372269996    9.531051484231    5.581733822609
              C     10.641585606461   12.941536928129    8.846012341783
              H     12.448325706802   13.315334171202    5.280030012486
              H     12.432342267868    8.570754890134    4.402712178802
              H     10.455860361038    8.232239091559    7.076953411521
              H     15.553093799618   12.774140812155    8.521043233571
              H     15.816800278912   10.435881573814    6.553138227563
              H     10.292575201337   15.931205659344   10.768680013762
$End
$SCF_Energy
   &GeometryIndex 10
   &ListStatus       IN
   &SCF_ENERGY [&Type "Double"]      -3.0770371631079388e+03
$End
$Solvation_Details
   &GeometryIndex 10
   &ListStatus       IN
   &SOLVENT [&Type "String"] "WATER"
   &EPSILON [&Type "Double"]       8.0150999999999996e+01
   &REFRAC [&Type "Double"]       1.3328000000000000e+00
   &RSOLV [&Type "Double"]       1.3000000000000000e+00
   &SURFACETYPE [&Type "String"] "GAUSSIAN VDW"
   &NPOINTS [&Type "Integer"] 2505
   &SURFACEAREA [&Type "Double"]       1.0831961825090000e+03
   &CPCMDIELENERGY [&Type "Double"]      -1.3271182100000001e-01
$End
$MP2_Energies
   &GeometryIndex 10
   &ListStatus       IN
   &REFENERGY [&Type "Double"]      -3.0770371631079388e+03  "Reference Energy"
   &CORRENERGY [&Type "Double"]      -3.3778106433907293e+00  "MP2 correlation energy"
   &TOTALENERGY [&Type "Double"]      -3.0804149737513294e+03  "MP2 total energy"
$End
$MP2_Nuc_Gradient
   &GeometryIndex 10
   &ListStatus       IN
   &NATOMS [&Type "Integer"] 81
   &GRADNORM [&Type "Double"]       7.4629287208777288e-03
   &GRAD [&Type "ArrayOfDoubles", &Dim (81,1)] 
                                                         0

0                                     -2.7622362683619077e-03
1                                      1.1746776712662083e-03
2                                      6.1846819606335528e-04
3                                     -5.3179972565425490e-04
4                                      6.4073669238678271e-04
5                                     -8.0270298805986545e-04
6                                      5.2294526512339928e-04
7                                      1.2481882645185849e-03
8                                     -4.8841049089815014e-04
9                                      6.6223924238785134e-06
10                                     9.6712826361599995e-04
11                                     1.0625129031024902e-03
12                                     2.5072387280653322e-04
13                                    -3.3440027866840291e-04
14                                     2.3595084333557712e-04
15                                     2.1907164773263335e-03
16                                    -3.9656510916426940e-04
17                                     8.4044286293941811e-05
18                                    -9.3652094766860303e-04
19                                    -2.1673140734703930e-03
20                                     4.3149981536996784e-04
21                                    -1.6138129846755356e-04
22                                     1.8431091589605521e-04
23                                    -7.3162848724779572e-05
24                                     1.3351658053007559e-04
25                                    -3.6942300883379547e-04
26                                    -7.8237359188319290e-04
27                                     3.8344132120305113e-04
28                                     3.1079940178790986e-04
29                                     1.9047864348264304e-04
30                                     8.6863154859145864e-05
31                                     8.8268601943912971e-05
32                                    -4.8294865223268840e-05
33                                    -1.2744186668527807e-04
34                                    -1.7227319486460071e-04
35                                    -6.1300585558948795e-05
36                                    -3.4784365527466832e-04
37                                    -7.3909168276632686e-05
38                                     4.4456661963897942e-04
39                                     6.8506429826667870e-04
40                                    -2.5541555853975662e-03
41                                    -1.9483320062829578e-03
42                                     9.4551198856323952e-04
43                                     5.3829236428811020e-04
44                                     1.5585767239287528e-03
45                                    -7.3142692112807689e-04
46                                     4.2781996928052679e-05
47                                     9.2724970347277808e-04
48                                    -1.4601807855820076e-03
49                                    -2.8815002722269722e-04
50                                     2.1424264460798148e-04
51                                    -7.1072007400032819e-04
52                                     6.2978387600090210e-04
53                                    -1.2170686805605645e-03
54                                     9.4092599783023034e-04
55                                    -6.5361918171234767e-04
56                                     2.7189510322385771e-04
57                                     4.0762250563958213e-06
58                                     5.5953821646444885e-04
59                                    -3.7347526739724829e-05
60                                     1.9798360890484340e-03
61                                     6.9982823165158636e-04
62                                    -3.4901272561336377e-04
63                                    -9.2918482306515900e-05
64                                     3.8116509577316299e-04
65                                     1.9373619395630925e-04
66                                    -2.6311030285770462e-04
67                                    -7.4241568743931008e-04
68                                     6.7240129368296986e-05
69                                    -3.6797252468222588e-04
70                                    -5.0767251209279246e-05
71                                    -5.3419349417591078e-04
72                                    -4.1992786651033620e-05
73                                     1.9265185672863450e-05
74                                     2.1678445061649662e-05
75                                     2.8443780915706970e-04
76                                     3.1277805428966271e-05
77                                     1.4934839050185014e-04
78                                     1.3953836810522494e-04
79                                     5.5306964068795733e-04
80                                     1.6323076011686560e-04
$End
$Geometry
   &GeometryIndex 11
   &ListStatus       OUT
   &NATOMS [&Type "Integer"] 27
   &NCORELESSECP [&Type "Integer"] 0
   &NGHOSTATOMS [&Type "Integer"] 0
   &CartesianCoordinates [&Type "Coordinates", &Dim(27,4), &Units "Bohr"] 
              S      5.385245677455    3.441005444400    0.998009127739
              O     -2.418832590867    2.646035185209    1.750871137842
              O     -0.486278237396    2.924753648515   -2.023157750058
              N      0.266402930898   -2.294644189222    0.655050411902
              C      1.291690586583    0.222743473296    1.242348917721
              C      3.886654995001    0.492164550968    0.061996554788
              C     -0.548707759466    2.111878525380    0.116856224158
              H      1.431239822896    0.587518789724    3.277613830833
              H      5.071076682617   -1.080399968671    0.677742488270
              H      3.727370645236    0.435436199186   -1.990305559629
              H     -1.425282388487   -2.512443848033    1.546025445715
              H      1.433627789453   -3.611842944203    1.433247885245
              H     -3.631726400098    3.737261662241    0.890221535337
              Cu     6.885896978437    6.936614578755    2.188273672499
              S      8.296479087477   10.424899209709    3.617898068722
              O     11.173422285919   15.451489958553    9.021292721056
              O      8.935031564900   11.966057012242    9.959926619129
              N     14.532906502467   11.025957851279    8.081840001492
              C     12.215174036103   11.767800082494    6.736938065864
              C     10.959155339793    9.461789009733    5.599266848975
              C     10.539935028321   13.010868403777    8.705249745437
              H     12.565837118319   13.156831564458    5.237442738457
              H     12.354722173806    8.445105010089    4.461726196466
              H     10.320012047215    8.204072181474    7.105563578699
              H     15.455585806673   12.607433975692    8.673899828817
              H     15.712693239414   10.175498550832    6.821404316652
              H     10.158230296050   16.127991229704   10.403963258511
$End
$SCF_Energy
   &GeometryIndex 11
   &ListStatus       IN
   &SCF_ENERGY [&Type "Double"]      -3.0770362869034889e+03
$End
$Solvation_Details
   &GeometryIndex 11
   &ListStatus       IN
   &SOLVENT [&Type "String"] "WATER"
   &EPSILON [&Type "Double"]       8.0150999999999996e+01
   &REFRAC [&Type "Double"]       1.3328000000000000e+00
   &RSOLV [&Type "Double"]       1.3000000000000000e+00
   &SURFACETYPE [&Type "String"] "GAUSSIAN VDW"
   &NPOINTS [&Type "Integer"] 2505
   &SURFACEAREA [&Type "Double"]       1.0858651962350000e+03
   &CPCMDIELENERGY [&Type "Double"]      -1.3312881800000001e-01
$End
$MP2_Energies
   &GeometryIndex 11
   &ListStatus       IN
   &REFENERGY [&Type "Double"]      -3.0770362869034889e+03  "Reference Energy"
   &CORRENERGY [&Type "Double"]      -3.3792162404346593e+00  "MP2 correlation energy"
   &TOTALENERGY [&Type "Double"]      -3.0804155031439236e+03  "MP2 total energy"
$End
$MP2_Nuc_Gradient
   &GeometryIndex 11
   &ListStatus       IN
   &NATOMS [&Type "Integer"] 81
   &GRADNORM [&Type "Double"]       9.1740902728118228e-03
   &GRAD [&Type "ArrayOfDoubles", &Dim (81,1)] 
                                                         0

0                                     -3.6064752938969190e-03
1                                      3.0064293078086654e-03
2                                      1.6385109081706421e-03
3                                     -3.2312119698779240e-04
4                                     -8.6971387887446738e-04
5                                     -1.4215910774578108e-03
6                                     -4.8256057136432731e-04
7                                      2.3656130568400213e-05
8                                     -1.1118500667551268e-03
9                                      2.8886943548377033e-04
10                                     2.2639642504581302e-05
11                                     1.1022916018639042e-03
12                                     2.1438057456251575e-04
13                                    -2.5120085962656788e-04
14                                    -5.5275526786545404e-04
15                                     1.9962051267656614e-03
16                                    -1.5420313716777078e-03
17                                     3.6569320111786915e-04
18                                     7.4426664937059066e-04
19                                     2.2843812966395274e-03
20                                     2.2524929655960424e-03
21                                    -9.6441974204484505e-05
22                                     4.2729837024973669e-05
23                                     2.4519689245730558e-05
24                                     6.9314609780803116e-05
25                                    -3.7895827651510811e-04
26                                    -5.5742072182272950e-04
27                                     3.4148796861337930e-04
28                                     3.9446029611034850e-04
29                                    -1.5811023367277854e-04
30                                     1.6338582772702781e-05
31                                     4.6095346095407011e-05
32                                    -1.7888296876306803e-04
33                                    -7.7001906061698044e-05
34                                    -4.2713438673654819e-04
35                                    -6.3316928819332971e-05
36                                    -5.7444889444337871e-04
37                                     5.2608575006420077e-05
38                                     3.0992478249683084e-04
39                                     1.8800498893901147e-03
40                                    -2.3835953478340980e-03
41                                    -2.0197412275356685e-03
42                                     1.1763350725432428e-04
43                                    -3.1169247749152432e-04
44                                     1.6281856063033954e-03
45                                     1.8205029231346814e-04
46                                    -1.1138089882711255e-03
47                                     8.2615364125451091e-04
48                                    -8.2555393246883102e-04
49                                    -5.4232668491125541e-04
50                                     9.0409041722401551e-04
51                                     3.2871702501612726e-05
52                                     3.6391625921247152e-04
53                                    -1.2695745742400573e-03
54                                     7.0092511972666416e-05
55                                    -1.1312673569318088e-03
56                                     2.1622317697343046e-04
57                                     7.1754375351688188e-04
58                                     7.5144124731059761e-04
59                                    -3.3920863900571349e-04
60                                    -4.1870111484183098e-04
61                                     2.2256257883732783e-03
62                                    -1.8938638860107881e-03
63                                    -9.9264498600593488e-05
64                                     2.5525057517155475e-04
65                                     1.0418024223178557e-04
66                                    -2.3650639908625107e-04
67                                    -6.1238098193971274e-04
68                                     4.5589735461482039e-05
69                                    -4.1285033608261246e-04
70                                    -2.8197838565643951e-04
71                                    -3.1695797694274858e-04
72                                    -7.4027747059328408e-05
73                                     1.9882722570668809e-05
74                                     1.5441114586042110e-04
75                                     3.9110567143805022e-04
76                                    -5.9838749022232685e-05
77                                     2.8717655847630350e-04
78                                     3.8114488810733760e-05
79                                     6.8925988912293262e-04
80                                     4.4127689033290202e-04
$End
$Geometry
   &GeometryIndex 12
   &ListStatus       OUT
   &NATOMS [&Type "Integer"] 27
   &NCORELESSECP [&Type "Integer"] 0
   &NGHOSTATOMS [&Type "Integer"] 0
   &CartesianCoordinates [&Type "Coordinates", &Dim(27,4), &Units "Bohr"] 
              S      5.539276286547    3.417270143065    0.692048273045
              O     -1.742534070826    3.045556022229    2.515153472011
              O     -0.669415690296    3.102518541063   -1.597593919582
              N      0.258564167282   -2.176337535634    0.522450696546
              C      1.474764279055    0.219067234049    1.251890585955
              C      3.936678322650    0.496478687632   -0.171421840434
              C     -0.346836197800    2.312156543004    0.528465454055
              H      1.850649562647    0.349740962650    3.284699854570
              H      5.167186704101   -1.095206429173    0.282825437235
              H      3.572842659646    0.508301815827   -2.199713890135
              H     -1.342461385005   -2.420398302829    1.563500973901
              H      1.428815950278   -3.616172111927    1.034146051337
              H     -2.983009717617    4.275145463656    1.916662632824
              Cu     6.971263866820    6.915791063102    1.942771375737
              S      8.348455852139   10.381030974262    3.436510477513
              O     10.863042054983   15.514513262236    8.481898010973
              O      8.704762615149   12.091447060751    9.774376923891
              N     14.208718336346   10.798590075802    8.396154288267
              C     12.122570557419   11.613103625914    6.741108951257
              C     10.870314051558    9.336669448658    5.557949363515
              C     10.303615871559   13.039782770831    8.438142233488
              H     12.743394135827   12.897320910347    5.238488728666
              H     12.294674923269    8.270529242382    4.504501182659
              H     10.108595942703    8.112998761295    7.037651034190
              H     15.168411129723   12.346462312591    9.019381183918
              H     15.464424679519    9.802639333088    7.330062862198
              H      9.770798371043   16.322875272710    9.729095513038
$End
$SCF_Energy
   &GeometryIndex 12
   &ListStatus       IN
   &SCF_ENERGY [&Type "Double"]      -3.0770358139855334e+03
$End
$Solvation_Details
   &GeometryIndex 12
   &ListStatus       IN
   &SOLVENT [&Type "String"] "WATER"
   &EPSILON [&Type "Double"]       8.0150999999999996e+01
   &REFRAC [&Type "Double"]       1.3328000000000000e+00
   &RSOLV [&Type "Double"]       1.3000000000000000e+00
   &SURFACETYPE [&Type "String"] "GAUSSIAN VDW"
   &NPOINTS [&Type "Integer"] 2505
   &SURFACEAREA [&Type "Double"]       1.0882062959670000e+03
   &CPCMDIELENERGY [&Type "Double"]      -1.3398369500000001e-01
$End
$MP2_Energies
   &GeometryIndex 12
   &ListStatus       IN
   &REFENERGY [&Type "Double"]      -3.0770358139855334e+03  "Reference Energy"
   &CORRENERGY [&Type "Double"]      -3.3806635079631269e+00  "MP2 correlation energy"
   &TOTALENERGY [&Type "Double"]      -3.0804164774934966e+03  "MP2 total energy"
$End
$MP2_Nuc_Gradient
   &GeometryIndex 12
   &ListStatus       IN
   &NATOMS [&Type "Integer"] 81
   &GRADNORM [&Type "Double"]       1.6951236616908175e-02
   &GRAD [&Type "ArrayOfDoubles", &Dim (81,1)] 
                                                         0

0                                     -6.8535924742823134e-03
1                                      4.7069199233769760e-03
2                                      4.2945534506690555e-03
3                                      3.5243285444431019e-04
4                                     -2.3290523017932066e-03
5                                     -1.5951257397159441e-03
6                                     -9.9888284851813378e-04
7                                     -5.4757293629201925e-04
8                                     -1.3309221720324699e-03
9                                      2.8031615227450471e-04
10                                    -6.1435690582700535e-04
11                                     6.0978640857474453e-04
12                                     1.5300356558270722e-03
13                                     1.6019307493101848e-03
14                                    -7.7532742379331568e-04
15                                     1.9340387033406140e-03
16                                    -3.8563278316590304e-03
17                                    -1.0420466164491257e-04
18                                     1.8526932679598981e-03
19                                     4.4109683289613733e-03
20                                     2.8351940805878689e-03
21                                     8.4632997085821310e-05
22                                    -4.0885686232437941e-04
23                                     9.8682740515970702e-07
24                                     1.7761702048129518e-05
25                                    -2.8189544558730045e-04
26                                    -1.5507098932786897e-04
27                                     2.0694386618982843e-04
28                                     4.7925083526189802e-04
29                                    -6.6151835379283513e-04
30                                    -2.8431159134435779e-04
31                                    -6.4566923009502439e-05
32                                    -2.2664615499462526e-04
33                                    -9.4365417149338410e-05
34                                    -4.8531713726794254e-04
35                                    -1.1220305593454688e-04
36                                    -9.0519596321895351e-04
37                                     2.5899250312949595e-04
38                                     2.2335757321128094e-04
39                                     4.2252545780486596e-03
40                                    -2.2321406435904982e-03
41                                    -3.0196292964520875e-03
42                                    -8.5139015965420353e-04
43                                    -4.2270097486974204e-04
44                                     2.0572938938741604e-03
45                                     1.9157463633256711e-03
46                                    -2.7718890816216223e-03
47                                     1.4407057324057199e-03
48                                     9.6143644696580766e-04
49                                    -7.4712711030638923e-04
50                                     2.1866884363972439e-03
51                                     8.2128958063901539e-04
52                                    -1.0892982750574168e-04
53                                    -5.2839006623480594e-04
54                                    -1.5019310345615357e-03
55                                    -1.0671146271357575e-03
56                                    -4.9505327194191914e-04
57                                     1.9994564840330083e-03
58                                     1.3412469201089378e-03
59                                    -2.2057824670778520e-04
60                                    -4.6218430961003365e-03
61                                     3.5093150699235347e-03
62                                    -5.2433280442155394e-03
63                                     2.1193419626766574e-05
64                                    -1.2652549369861904e-04
65                                     6.7812123694017262e-05
66                                    -1.4915908090498003e-04
67                                    -2.9930443708555549e-04
68                                    -6.8671133301414361e-05
69                                    -4.8127752694153599e-04
70                                    -5.8384103178048957e-04
71                                    -7.6463772779172823e-06
72                                    -1.7882942566337795e-05
73                                     1.1047010962355469e-04
74                                     4.4587498124516733e-04
75                                     4.2251002678719493e-04
76                                    -1.6590790342006778e-04
77                                     3.9071171843777300e-04
78                                    -8.8517144939570525e-05
79                                     7.3031726045576922e-04
80                                     4.2921846350664136e-04
$End
$Geometry
   &GeometryIndex 13
   &ListStatus       OUT
   &NATOMS [&Type "Integer"] 27
   &NCORELESSECP [&Type "Integer"] 0
   &NGHOSTATOMS [&Type "Integer"] 0
   &CartesianCoordinates [&Type "Coordinates", &Dim(27,4), &Units "Bohr"] 
              S      5.726080392984    3.376260670344    0.363506343279
              O     -0.823202396897    3.515045171762    3.103776549463
              O     -0.775830154932    3.269216007722   -1.141746552416
              N      0.211559846037   -1.981153605839    0.529064715844
              C      1.662512386658    0.271450480678    1.298933341655
              C      3.983444964401    0.487602490093   -0.342513589184
              C     -0.030942351164    2.546193880222    0.900397265309
              H      2.247096060745    0.220463983529    3.284193577880
              H      5.220081522806   -1.123676249075    0.012749245510
              H      3.437028210781    0.508728307524   -2.330622430611
              H     -1.293184077855   -2.206842767340    1.710548214455
              H      1.326904522709   -3.522170497013    0.823724132912
              H     -2.014623186667    4.875325505326    2.723048183325
              Cu     7.033782986369    6.906255185518    1.691687450882
              S      8.338182162750   10.350465568429    3.261559503933
              O     10.439054914075   15.427346572262    8.020770529680
              O      8.491690132834   12.021009136284    9.656187467515
              N     13.859462592236   10.574726456726    8.597075189956
              C     11.977493838996   11.455760150205    6.734500288482
              C     10.778215641802    9.219683612004    5.440973682875
              C     10.041166686715   12.932829933368    8.241111028538
              H     12.786673315829   12.703844289539    5.296053663140
              H     12.247279400084    8.193256530558    4.410231031360
              H      9.963006983513    7.954223804190    6.858486531146
              H     14.826158557182   12.087791669165    9.292489908256
              H     15.163377291136    9.513049768281    7.659414718144
              H      9.265093015594   16.285189093118    9.155605919308
$End
$SCF_Energy
   &GeometryIndex 13
   &ListStatus       IN
   &SCF_ENERGY [&Type "Double"]      -3.0770356770523663e+03
$End
$Solvation_Details
   &GeometryIndex 13
   &ListStatus       IN
   &SOLVENT [&Type "String"] "WATER"
   &EPSILON [&Type "Double"]       8.0150999999999996e+01
   &REFRAC [&Type "Double"]       1.3328000000000000e+00
   &RSOLV [&Type "Double"]       1.3000000000000000e+00
   &SURFACETYPE [&Type "String"] "GAUSSIAN VDW"
   &NPOINTS [&Type "Integer"] 2508
   &SURFACEAREA [&Type "Double"]       1.0878713099570000e+03
   &CPCMDIELENERGY [&Type "Double"]      -1.3434588600000000e-01
$End
$MP2_Energies
   &GeometryIndex 13
   &ListStatus       IN
   &REFENERGY [&Type "Double"]      -3.0770356770523663e+03  "Reference Energy"
   &CORRENERGY [&Type "Double"]      -3.3823874414838637e+00  "MP2 correlation energy"
   &TOTALENERGY [&Type "Double"]      -3.0804180644938501e+03  "MP2 total energy"
$End
$MP2_Nuc_Gradient
   &GeometryIndex 13
   &ListStatus       IN
   &NATOMS [&Type "Integer"] 81
   &GRADNORM [&Type "Double"]       2.6079189676533554e-02
   &GRAD [&Type "ArrayOfDoubles", &Dim (81,1)] 
                                                         0

0                                     -1.1609545797051916e-02
1                                      5.5668912920387691e-03
2                                      8.5909979450793459e-03
3                                      5.0023360801660158e-04
4                                     -3.9903240002798369e-03
5                                     -1.2015121427532832e-03
6                                     -1.8980830909394730e-03
7                                     -2.3901973689716347e-03
8                                     -4.6027550732370692e-04
9                                     -5.6059428583855354e-04
10                                    -1.5120350219798920e-03
11                                    -8.7014982472435887e-04
12                                     3.6615968543805520e-03
13                                     4.0626365602706421e-03
14                                    -5.5161999866303740e-04
15                                     1.3956978696586658e-03
16                                    -6.1740170080207876e-03
17                                    -1.7295965094018748e-03
18                                     5.2269095043835229e-03
19                                     7.4991432702101735e-03
20                                     1.5095050006436739e-03
21                                     2.8604771585365868e-04
22                                    -7.4401513504025426e-04
23                                    -3.2758854945600518e-04
24                                    -1.3831381063451539e-04
25                                    -1.2957913404909246e-04
26                                     6.6730086377156644e-04
27                                    -3.0093569299340442e-05
28                                     2.1405192344374035e-04
29                                    -1.0080076781744662e-03
30                                    -7.0940792642583406e-04
31                                    -1.9575346192738253e-04
32                                    -5.4239415374329747e-05
33                                    -6.5137264369928560e-05
34                                    -2.4777644175034280e-04
35                                    -3.8522649452125794e-05
36                                    -1.2385482484526117e-03
37                                     3.0821373725404416e-04
38                                    -2.8564584065535539e-05
39                                     8.1281794873612808e-03
40                                    -4.3590157430277877e-04
41                                    -4.0248538187838837e-03
42                                    -2.4795456142574241e-03
43                                    -4.6546996966798961e-04
44                                     1.8308470848025053e-03
45                                     3.5050720734109767e-03
46                                    -3.3131300486927209e-03
47                                     7.6484427910008396e-04
48                                     2.2588038439017299e-03
49                                    -3.4831312384324409e-04
50                                     2.0018248642280217e-03
51                                     1.0313556418243865e-03
52                                    -2.8240571768338614e-04
53                                     1.7393842503588483e-03
54                                    -3.8213829324647459e-03
55                                    -4.1073548855866115e-05
56                                    -4.2151439719128048e-03
57                                     3.0497451797879133e-03
58                                     1.7353581416119888e-03
59                                     3.0415434955360920e-04
60                                    -6.7197747105509978e-03
61                                     1.9320601310415901e-03
62                                    -4.5142948811814215e-03
63                                     3.9835881248156263e-05
64                                    -9.3373688110130748e-04
65                                    -1.0961474605161725e-04
66                                     2.6709504329911621e-04
67                                     4.4146114959739066e-04
68                                    -3.8560307831399243e-06
69                                    -2.7652798782446669e-04
70                                    -7.6087744535889915e-04
71                                     6.3761925260564373e-04
72                                     1.7307062951648494e-05
73                                     9.4068538895208942e-05
74                                     6.2738155211684854e-04
75                                     2.5337295189872822e-05
76                                    -1.4403025672618183e-04
77                                     3.1228994012577962e-04
78                                     3.4028678089808445e-05
79                                     1.2516746049806224e-04
80                                     4.3502382483082483e-04
$End
$Geometry
   &GeometryIndex 14
   &ListStatus       OUT
   &NATOMS [&Type "Integer"] 27
   &NCORELESSECP [&Type "Integer"] 0
   &NGHOSTATOMS [&Type "Integer"] 0
   &CartesianCoordinates [&Type "Coordinates", &Dim(27,4), &Units "Bohr"] 
              S      6.027008707017    3.277564115751   -0.042257120385
              O      0.356386650788    4.163838161517    3.365988493245
              O     -0.680529073681    3.512143847436   -0.712915396175
              N      0.189220074529   -1.663272510222    0.812788355826
              C      1.900733831889    0.459694964421    1.443559123336
              C      4.059037937410    0.458475335537   -0.398161632510
              C      0.442824005147    2.885391058709    1.175011646451
              H      2.677478138425    0.362040096677    3.358377199426
              H      5.254965450640   -1.168098106554    0.011838687553
              H      3.348236012794    0.346324720044   -2.332206446435
              H     -1.197688425384   -1.781704629795    2.148323013469
              H      1.220669614034   -3.275222931670    1.014028133759
              H     -0.679895234786    5.662090066535    3.047939082173
              Cu     7.059010035566    6.935404346116    1.403519949153
              S      8.163380042334   10.370271691417    3.042222343028
              O      9.818096681245   15.103163309621    7.787033775230
              O      8.240686857900   11.597181119667    9.617778907167
              N     13.485058732491   10.247145524263    8.597063991384
              C     11.711952821966   11.267352170150    6.676399033656
              C     10.609892926960    9.123534828345    5.181186923855
              C      9.690027339670   12.595425659506    8.169227867096
              H     12.583874033337   12.596286174221    5.359046591148
              H     12.158451011143    8.287454568241    4.099257286026
              H      9.855710215528    7.711353521524    6.495034466175
              H     14.444824414318   11.702628464971    9.415446446567
              H     14.807843161078    9.230179431890    7.636765093916
              H      8.540307296365   15.855230149263    8.878910096503
$End
$SCF_Energy
   &GeometryIndex 14
   &ListStatus       IN
   &SCF_ENERGY [&Type "Double"]      -3.0770367009979495e+03
$End
$Solvation_Details
   &GeometryIndex 14
   &ListStatus       IN
   &SOLVENT [&Type "String"] "WATER"
   &EPSILON [&Type "Double"]       8.0150999999999996e+01
   &REFRAC [&Type "Double"]       1.3328000000000000e+00
   &RSOLV [&Type "Double"]       1.3000000000000000e+00
   &SURFACETYPE [&Type "String"] "GAUSSIAN VDW"
   &NPOINTS [&Type "Integer"] 2487
   &SURFACEAREA [&Type "Double"]       1.0803466695430000e+03
   &CPCMDIELENERGY [&Type "Double"]      -1.3309574099999999e-01
$End
$MP2_Energies
   &GeometryIndex 14
   &ListStatus       IN
   &REFENERGY [&Type "Double"]      -3.0770367009979495e+03  "Reference Energy"
   &CORRENERGY [&Type "Double"]      -3.3849758692477141e+00  "MP2 correlation energy"
   &TOTALENERGY [&Type "Double"]      -3.0804216768671972e+03  "MP2 total energy"
$End
$MP2_Nuc_Gradient
   &GeometryIndex 14
   &ListStatus       IN
   &NATOMS [&Type "Integer"] 81
   &GRADNORM [&Type "Double"]       4.5453411359007032e-02
   &GRAD [&Type "ArrayOfDoubles", &Dim (81,1)] 
                                                         0

0                                     -1.8434676857921765e-02
1                                      3.5225907647257349e-03
2                                      1.4140281739664936e-02
3                                      2.9321244510882617e-03
4                                     -5.7713261467242198e-03
5                                      2.8793407960663042e-03
6                                      6.9385868799520106e-04
7                                     -5.7283651409065599e-03
8                                      4.5382435413237471e-03
9                                     -3.4059176758969387e-03
10                                    -3.9649818587170534e-03
11                                    -4.2867558200202806e-03
12                                     8.0285129910204062e-03
13                                     8.9208751592168047e-03
14                                    -4.6916661534719684e-04
15                                    -3.0528034044424654e-03
16                                    -7.8150074725158308e-03
17                                    -4.2608864263210255e-03
18                                     5.3774881519164305e-03
19                                     7.7576122775806743e-03
20                                    -7.1056210183412377e-03
21                                     1.2506674941551912e-03
22                                     7.4385236014850404e-05
23                                    -1.1499555915148521e-03
24                                    -5.1137033659445774e-04
25                                     1.1159202210825128e-03
26                                     2.9729274186250827e-03
27                                    -7.5739883290209045e-04
28                                    -1.2267891238333865e-03
29                                    -1.3661778795656249e-03
30                                    -1.3017355402949182e-03
31                                    -4.6667435062805376e-04
32                                     5.5961457329855094e-04
33                                     4.8711287562511543e-04
34                                     1.0786791513380106e-03
35                                     3.7855318755444919e-04
36                                    -1.2916759777351766e-03
37                                    -5.7823366323038472e-04
38                                    -2.1103404798505747e-03
39                                     1.5752308403400778e-02
40                                     8.9017998910583766e-03
41                                    -1.7050186364520772e-03
42                                    -6.4580927587865582e-03
43                                    -4.9629046297913239e-04
44                                    -2.3473292990748617e-03
45                                     6.0127693914430319e-03
46                                    -1.4621252291313856e-03
47                                    -3.5231655041048499e-03
48                                     5.8188585237414353e-03
49                                     1.3560531467015358e-03
50                                    -3.3417579476510556e-03
51                                     1.1144068740867180e-03
52                                    -1.0491658459862718e-03
53                                     8.0134236505981678e-03
54                                    -8.2302807553077117e-03
55                                     3.4982786815647808e-03
56                                    -1.2357851702322790e-02
57                                     2.7832026505137039e-03
58                                     1.2269771006558974e-03
59                                     1.9963217149029273e-03
60                                    -7.8782066263502273e-03
61                                    -5.5079024265830140e-03
62                                     5.8141415309985803e-03
63                                    -1.0728363564802036e-03
64                                    -2.6296570179982388e-03
65                                    -1.2679262305561947e-03
66                                     1.4239321864814962e-03
67                                     3.0894641713295114e-03
68                                     1.1653616466449704e-03
69                                     1.2255562412027930e-03
70                                    -7.8107143200452714e-04
71                                     3.1012207957027103e-03
72                                     4.1258559332377903e-05
73                                    -1.5788023544275817e-04
74                                     8.4319274414406190e-04
75                                    -1.4869432136868574e-03
76                                     4.3541147989095697e-04
77                                    -9.6483949383031897e-04
78                                     9.4733754925474534e-04
79                                    -3.3040341749799619e-03
80                                    -4.5413719492935073e-05
$End
$Geometry
   &GeometryIndex 15
   &ListStatus       OUT
   &NATOMS [&Type "Integer"] 27
   &NCORELESSECP [&Type "Integer"] 0
   &NGHOSTATOMS [&Type "Integer"] 0
   &CartesianCoordinates [&Type "Coordinates", &Dim(27,4), &Units "Bohr"] 
              S      6.424234806428    3.110888445314   -0.598691882934
              O      1.505566820180    4.875766026060    3.289517501594
              O     -0.337398576203    3.857462260213   -0.422422926683
              N      0.338164386581   -1.199199368037    1.434633052793
              C      2.266260335384    0.834621029907    1.672063646820
              C      4.169394024790    0.483267792802   -0.388620275434
              C      1.012149070140    3.323992881017    1.327621473171
              H      3.290068008600    0.853535083392    3.467983754542
              H      5.310239338710   -1.144519660384    0.142525928491
              H      3.241539421653    0.159262309050   -2.202145419943
              H     -0.850760144397   -1.116651251042    2.956532390848
              H      1.326142517007   -2.831601221069    1.667945620846
              H      0.612843457136    6.434763878398    2.849355121570
              Cu     7.003105573679    6.934754236132    1.052927008326
              S      7.796361946682   10.363258471996    2.792960056603
              O      9.209713592314   14.622094952777    7.817485662060
              O      7.879634145356   10.946669347470    9.524031756438
              N     13.089434235475    9.794027456074    8.413367063808
              C     11.317711261014   11.000196316659    6.570384786481
              C     10.256998086999    8.986832866145    4.888600798961
              C      9.295249882920   12.097909229240    8.181699058792
              H     12.159914936353   12.438516691853    5.361831543933
              H     11.876779720425    8.356987546419    3.775939016454
              H      9.591308530294    7.450502114291    6.110476108933
              H     14.073929791507   11.170241485157    9.333430122388
              H     14.380379739919    8.886202298680    7.312231786525
              H      7.848598349776   15.172093929067    8.919543155254
$End
$SCF_Energy
   &GeometryIndex 15
   &ListStatus       IN
   &SCF_ENERGY [&Type "Double"]      -3.0770365719748247e+03
$End
$Solvation_Details
   &GeometryIndex 15
   &ListStatus       IN
   &SOLVENT [&Type "String"] "WATER"
   &EPSILON [&Type "Double"]       8.0150999999999996e+01
   &REFRAC [&Type "Double"]       1.3328000000000000e+00
   &RSOLV [&Type "Double"]       1.3000000000000000e+00
   &SURFACETYPE [&Type "String"] "GAUSSIAN VDW"
   &NPOINTS [&Type "Integer"] 2478
   &SURFACEAREA [&Type "Double"]       1.0791237706659999e+03
   &CPCMDIELENERGY [&Type "Double"]      -1.3007217600000001e-01
$End
$MP2_Energies
   &GeometryIndex 15
   &ListStatus       IN
   &REFENERGY [&Type "Double"]      -3.0770365719748247e+03  "Reference Energy"
   &CORRENERGY [&Type "Double"]      -3.3882735962283235e+00  "MP2 correlation energy"
   &TOTALENERGY [&Type "Double"]      -3.0804248455710531e+03  "MP2 total energy"
$End
$MP2_Nuc_Gradient
   &GeometryIndex 15
   &ListStatus       IN
   &NATOMS [&Type "Integer"] 81
   &GRADNORM [&Type "Double"]       7.6297841001588124e-02
   &GRAD [&Type "ArrayOfDoubles", &Dim (81,1)] 
                                                         0

0                                     -1.6230220994542847e-02
1                                     -5.0180267573000179e-03
2                                      1.2241529726124443e-02
3                                      9.1248516376536068e-03
4                                     -5.0250374580106151e-03
5                                      8.5050273074949653e-03
6                                      8.2642944611703989e-03
7                                     -9.0421222315791236e-03
8                                      1.1222731374773254e-02
9                                     -8.2207274958842613e-03
10                                    -7.1480326980999827e-03
11                                    -7.1283013432877941e-03
12                                     1.1061018968802683e-02
13                                     1.3721834754291513e-02
14                                    -2.2911250120769694e-03
15                                    -1.2174738284666680e-02
16                                    -7.2385270567158645e-03
17                                    -4.3108134698628328e-03
18                                    -2.9482972463291193e-03
19                                     2.7903894353620944e-03
20                                    -1.6885961704105085e-02
21                                     2.6692313038326459e-03
22                                     1.5640880845746142e-03
23                                    -2.8379863337061884e-03
24                                     3.2721821791117586e-04
25                                     4.4648901544884663e-03
26                                     5.2055250629782857e-03
27                                    -9.9211768031870831e-04
28                                    -2.5487306031477031e-03
29                                    -7.1076559954684482e-04
30                                    -1.6404716139288116e-03
31                                    -4.4754694724203226e-04
32                                     1.7403929413740242e-03
33                                     1.8379356552748541e-03
34                                     3.9352431843681646e-03
35                                     5.5306079793478874e-04
36                                    -2.2471137126880807e-03
37                                    -3.9717100202475777e-03
38                                    -5.1083558533268746e-03
39                                     1.7909000804439652e-02
40                                     2.2779688595566866e-02
41                                     6.2573332880705452e-03
42                                    -1.0094092629290563e-02
43                                     9.4078841848666342e-04
44                                    -8.7619600408427121e-03
45                                     7.1137493512045957e-03
46                                     2.8408313597899498e-03
47                                    -1.0717439756951577e-02
48                                     9.8559998506558277e-03
49                                     5.6767110021951894e-03
50                                    -1.3870106297237658e-02
51                                     1.1536218223803449e-03
52                                    -3.3114783920078876e-03
53                                     1.6049104856389790e-02
54                                    -1.3961968012541338e-02
55                                     1.0198780289764925e-02
56                                    -1.9915408659341140e-02
57                                     9.1467627136393101e-04
58                                    -2.0950961482546562e-03
59                                     2.9770675416753573e-03
60                                    -4.4703557656501219e-03
61                                    -1.7943177206960301e-02
62                                     2.4555220889342914e-02
63                                    -3.0680257632741629e-03
64                                    -4.6674322577723235e-03
65                                    -3.4528204151276255e-03
66                                     2.7200132544698656e-03
67                                     6.7622470817710056e-03
68                                     3.9751881877136130e-03
69                                     3.8228802151704447e-03
70                                    -8.7035064171653298e-05
71                                     6.4605208557141046e-03
72                                    -1.1179659993209093e-04
73                                    -6.7898438645936851e-04
74                                     6.4372571044861090e-04
75                                    -4.2248221677713936e-03
76                                     2.2112299238026510e-03
77                                    -2.9356787400797064e-03
78                                     3.6497897265292956e-03
79                                    -9.0085224970648161e-03
80                                    -1.3786884074104104e-03
$End
$Geometry
   &GeometryIndex 16
   &ListStatus       OUT
   &NATOMS [&Type "Integer"] 27
   &NCORELESSECP [&Type "Integer"] 0
   &NGHOSTATOMS [&Type "Integer"] 0
   &CartesianCoordinates [&Type "Coordinates", &Dim(27,4), &Units "Bohr"] 
              S      6.492030679584    3.102561021680   -0.811983754656
              O      1.987383355003    5.121025590778    3.261220429690
              O     -0.260599447363    4.002094905959   -0.191018231423
              N      0.421350553938   -1.004862306195    1.662154862254
              C      2.424708835726    0.961056355264    1.766806930783
              C      4.197620459534    0.531284632343   -0.404421718319
              C      1.233838617074    3.494437757322    1.451751642685
              H      3.544805190687    0.955090978335    3.504204095983
              H      5.330522059005   -1.124357611090    0.057887094043
              H      3.150108916029    0.219588253387   -2.152025658078
              H     -0.677609463999   -0.866272032562    3.246123503863
              H      1.360828388666   -2.671915226164    1.861005854233
              H      1.125264837068    6.703167833526    2.837640445591
              Cu     6.948473117371    6.889733309569    0.895172985371
              S      7.714202388607   10.300934333641    2.713350275158
              O      8.891966140839   14.447395957910    7.704251236862
              O      7.785769669969   10.749264432985    9.520881713084
              N     12.931928916749    9.650282007512    8.389546849669
              C     11.193889367876   10.880923457718    6.535352660713
              C     10.166491008110    8.891108851331    4.793705167027
              C      9.114210955206   11.938971129135    8.116457725295
              H     12.063917356005   12.342116246775    5.374086781949
              H     11.794138087852    8.278607009621    3.680233172242
              H      9.483288349425    7.330206461295    5.971291247233
              H     13.897491838693   11.014818955415    9.347705214384
              H     14.249529452901    8.757926493501    7.304994200420
              H      7.522013628169   14.966686348590    8.814831184584
$End
$SCF_Energy
   &GeometryIndex 16
   &ListStatus       IN
   &SCF_ENERGY [&Type "Double"]      -3.0770398606485710e+03
$End
$Solvation_Details
   &GeometryIndex 16
   &ListStatus       IN
   &SOLVENT [&Type "String"] "WATER"
   &EPSILON [&Type "Double"]       8.0150999999999996e+01
   &REFRAC [&Type "Double"]       1.3328000000000000e+00
   &RSOLV [&Type "Double"]       1.3000000000000000e+00
   &SURFACETYPE [&Type "String"] "GAUSSIAN VDW"
   &NPOINTS [&Type "Integer"] 2471
   &SURFACEAREA [&Type "Double"]       1.0707582889739999e+03
   &CPCMDIELENERGY [&Type "Double"]      -1.2958587799999999e-01
$End
$MP2_Energies
   &GeometryIndex 16
   &ListStatus       IN
   &REFENERGY [&Type "Double"]      -3.0770398606485710e+03  "Reference Energy"
   &CORRENERGY [&Type "Double"]      -3.3900708264013848e+00  "MP2 correlation energy"
   &TOTALENERGY [&Type "Double"]      -3.0804299314749724e+03  "MP2 total energy"
$End
$MP2_Nuc_Gradient
   &GeometryIndex 16
   &ListStatus       IN
   &NATOMS [&Type "Integer"] 81
   &GRADNORM [&Type "Double"]       6.7009637577201936e-02
   &GRAD [&Type "ArrayOfDoubles", &Dim (81,1)] 
                                                         0

0                                     -1.3951613702909576e-02
1                                     -3.9024591249081069e-03
2                                      1.1558897369177229e-02
3                                      1.0104721075704176e-02
4                                     -3.2217329986980667e-03
5                                      6.0307052274968173e-03
6                                      7.2525795353863137e-03
7                                     -8.7279626058059459e-03
8                                      7.9957781111199833e-03
9                                     -8.8033251717086064e-03
10                                    -5.4534516004690024e-03
11                                    -6.4612413883596773e-03
12                                     1.0966036749079040e-02
13                                     1.1283210436400282e-02
14                                    -2.7443904491096030e-03
15                                    -1.1979194884220820e-02
16                                    -7.9574852679470225e-03
17                                    -3.3438112821060975e-03
18                                    -3.0037601146577844e-03
19                                     2.7944022568474197e-03
20                                    -1.2234283100256239e-02
21                                     2.0433740212487221e-03
22                                     6.0214897354530931e-04
23                                    -2.9019161693016673e-03
24                                     1.2714166135218384e-03
25                                     3.8911936294326703e-03
26                                     4.0850307656581540e-03
27                                    -2.2007884884218953e-04
28                                    -1.8591424461779503e-03
29                                    -4.6718006340969176e-04
30                                    -1.5382506793183114e-03
31                                    -5.4478045686455825e-04
32                                     1.8450644244256895e-03
33                                     2.0604459297008659e-03
34                                     3.1487729051531757e-03
35                                     5.6447272652590964e-04
36                                    -3.0137532586167921e-03
37                                    -3.0482219364359811e-03
38                                    -4.0158509415029447e-03
39                                     1.5016393861670894e-02
40                                     2.0629850624660776e-02
41                                     5.9262682809650257e-03
42                                    -9.2190911180715217e-03
43                                     2.2972012323220076e-03
44                                    -7.1944775977951757e-03
45                                     5.9140716365205341e-03
46                                     3.6600929750002925e-03
47                                    -9.5681138062251939e-03
48                                     8.6757998110568307e-03
49                                     3.8360156055275152e-03
50                                    -1.0562195390208348e-02
51                                     1.6047716230734033e-04
52                                    -3.3842716232773060e-03
53                                     1.5553717128299456e-02
54                                    -1.1832368190325813e-02
55                                     9.4971135314814922e-03
56                                    -1.9599718977976514e-02
57                                     9.0261039712057761e-04
58                                    -3.4081947049224570e-03
59                                     2.7216816229186959e-03
60                                    -4.3789571708638397e-03
61                                    -1.5836527543510406e-02
62                                     1.9255321868005180e-02
63                                    -2.0805152907004739e-03
64                                    -4.6845722073827686e-03
65                                    -3.1683136129952230e-03
66                                     2.6795342811994707e-03
67                                     5.8046056074423421e-03
68                                     3.4488085765865886e-03
69                                     3.3536936435057275e-03
70                                     4.2697707154558395e-05
71                                     5.6696355022975951e-03
72                                     1.9948861046932900e-04
73                                    -4.3785849999341403e-04
74                                     6.7988652435504310e-04
75                                    -3.3315165673066180e-03
76                                     1.7410215030659974e-03
77                                    -2.8339797423598025e-03
78                                     2.9727507197755340e-03
79                                    -7.0171296130251606e-03
80                                    -2.1154907403382259e-04
$End
$Geometry
   &GeometryIndex 17
   &ListStatus       OUT
   &NATOMS [&Type "Integer"] 27
   &NCORELESSECP [&Type "Integer"] 0
   &NGHOSTATOMS [&Type "Integer"] 0
   &CartesianCoordinates [&Type "Coordinates", &Dim(27,4), &Units "Bohr"] 
              S      6.818476344362    2.782055616842   -1.207555146025
              O      2.185209565709    5.452491622094    3.342558621388
              O     -0.041400425733    4.351054889431   -0.110346620017
              N      0.494720696251   -0.620819830730    1.916954153030
              C      2.594551871320    1.193706238948    1.878866057152
              C      4.289637136267    0.547934437581   -0.397593589868
              C      1.449441674015    3.810736502559    1.557924144815
              H      3.744000667889    1.140358477691    3.603825657848
              H      5.241431158599   -1.243591786463   -0.008519257730
              H      3.098106282224    0.296812223024   -2.051941148899
              H     -0.524037095871   -0.355765790445    3.528986097091
              H      1.281722787274   -2.371952638950    2.118040390733
              H      1.396534160610    7.082398366310    2.961656114804
              Cu     6.968013041037    6.430711456923    0.596056535939
              S      7.691501140695    9.861555447470    2.612431242270
              O      8.289467876458   14.124840067109    7.791876307906
              O      7.600604716630   10.262637543241    9.421510663305
              N     12.973285096439    9.718188666318    8.282934199924
              C     11.100991819358   10.789900643852    6.515816748049
              C     10.237835088571    8.704711310843    4.694207212432
              C      8.840038596124   11.652871218736    8.079239361822
              H     11.854961250589   12.372926212142    5.413354507004
              H     11.875884985502    8.145263866686    3.556979913621
              H      9.601721383994    7.096587701115    5.811508069934
              H     13.792450442257   11.162621600306    9.259473649681
              H     14.396998540339    8.973890251061    7.211745745529
              H      6.835414457815   14.499750833886    8.871216278901
$End
$SCF_Energy
   &GeometryIndex 17
   &ListStatus       IN
   &SCF_ENERGY [&Type "Double"]      -3.0770545599100169e+03
$End
$Solvation_Details
   &GeometryIndex 17
   &ListStatus       IN
   &SOLVENT [&Type "String"] "WATER"
   &EPSILON [&Type "Double"]       8.0150999999999996e+01
   &REFRAC [&Type "Double"]       1.3328000000000000e+00
   &RSOLV [&Type "Double"]       1.3000000000000000e+00
   &SURFACETYPE [&Type "String"] "GAUSSIAN VDW"
   &NPOINTS [&Type "Integer"] 2486
   &SURFACEAREA [&Type "Double"]       1.0711829283610000e+03
   &CPCMDIELENERGY [&Type "Double"]      -1.3080523399999999e-01
$End
$MP2_Energies
   &GeometryIndex 17
   &ListStatus       IN
   &REFENERGY [&Type "Double"]      -3.0770545599100169e+03  "Reference Energy"
   &CORRENERGY [&Type "Double"]      -3.3902567412416627e+00  "MP2 correlation energy"
   &TOTALENERGY [&Type "Double"]      -3.0804448166512584e+03  "MP2 total energy"
$End
$MP2_Nuc_Gradient
   &GeometryIndex 17
   &ListStatus       IN
   &NATOMS [&Type "Integer"] 81
   &GRADNORM [&Type "Double"]       2.6689843116909324e-02
   &GRAD [&Type "ArrayOfDoubles", &Dim (81,1)] 
                                                         0

0                                     -2.0126879633029227e-03
1                                     -2.6683810952633606e-03
2                                      1.0797434896489206e-03
3                                      1.1929712041066909e-03
4                                      1.6156556207186871e-03
5                                     -1.5533695885685400e-03
6                                     -4.8467248654585904e-03
7                                     -4.0144287558533873e-04
8                                     -3.3987344854208568e-03
9                                     -3.7934506996137388e-03
10                                     4.2038085633449001e-03
11                                    -2.1254285622843705e-03
12                                    -2.9326532781853380e-03
13                                    -2.2281007157272364e-03
14                                     5.9727246861670941e-03
15                                    -8.5864683482032161e-04
16                                    -7.0601180736668528e-03
17                                    -6.7533289944737042e-03
18                                     3.6239034772348605e-03
19                                     3.1595805502053417e-03
20                                     6.0233950782544454e-03
21                                    -9.5902945095163727e-05
22                                    -3.0282719002998628e-03
23                                     1.4077116659894431e-04
24                                     3.1692949746818348e-03
25                                     8.5481306543788368e-04
26                                    -1.1540326854765481e-03
27                                     3.0626331913461147e-03
28                                    -4.4498036902229123e-04
29                                     1.4055706327407123e-03
30                                     7.7139899149211016e-04
31                                    -3.2181363543500388e-04
32                                    -4.2719988516579099e-04
33                                     1.5888993086956467e-03
34                                    -8.8639766337982734e-04
35                                     9.3051091316296436e-04
36                                    -9.4637343222329223e-04
37                                     9.2601892863504454e-04
38                                     1.1478993702080005e-04
39                                     3.4754749197453720e-03
40                                     6.5150085647568802e-03
41                                    -1.2719421651703044e-03
42                                    -4.6052903956148600e-03
43                                     2.7409573743820120e-03
44                                    -2.8698400265620219e-04
45                                    -3.2318455970810830e-03
46                                     2.7875221681752382e-03
47                                    -1.2277721394905461e-03
48                                    -4.3822453560117755e-03
49                                    -3.0001888909757940e-03
50                                     1.3370800095723889e-03
51                                    -6.5038897432700277e-04
52                                    -1.4608034496541578e-03
53                                     4.9591214836814668e-03
54                                     1.2221250524702791e-03
55                                     4.3009188253150914e-03
56                                    -3.3439688806092237e-03
57                                     1.7378834336852916e-04
58                                    -1.0305196423982862e-02
59                                    -9.4972575637041617e-04
60                                     5.7006540485855586e-03
61                                     1.2889480978038187e-03
62                                     2.9610338493309060e-03
63                                     2.8296598544954778e-03
64                                    -1.1618031365381760e-03
65                                    -1.1070761574692896e-03
66                                     1.0997872674000167e-03
67                                     7.8603062993655611e-04
68                                    -1.1238739466710550e-03
69                                     9.4037721568543398e-04
70                                     1.9649707497938970e-03
71                                    -2.6272370619824514e-04
72                                     1.7814719772859915e-04
73                                     3.5885210553759928e-04
74                                    -5.1911298824277446e-04
75                                     1.4795637546911704e-03
76                                    -1.9420016275968274e-04
77                                    -1.3014506669974842e-03
78                                    -2.0342881122242182e-03
79                                     1.7066266111403945e-03
80                                     2.0840052907761183e-03
$End
$Geometry
   &GeometryIndex 18
   &ListStatus       OUT
   &NATOMS [&Type "Integer"] 27
   &NCORELESSECP [&Type "Integer"] 0
   &NGHOSTATOMS [&Type "Integer"] 0
   &CartesianCoordinates [&Type "Coordinates", &Dim(27,4), &Units "Bohr"] 
              S      6.906992146501    2.698979717658   -1.273657677071
              O      2.131646211968    5.594713457874    3.267979232128
              O      0.143030878050    4.414707784428   -0.303103964316
              N      0.606213103493   -0.510681202766    2.095432562720
              C      2.672922435524    1.333490233887    1.912283718830
              C      4.313117355762    0.594174083500   -0.356766347084
              C      1.495503239683    3.905871429351    1.483240598372
              H      3.860559541730    1.398646138897    3.610061479264
              H      5.201929827606   -1.221367481097    0.065868951095
              H      3.078647561324    0.339313930890   -1.987069758469
              H     -0.378042179939   -0.181927493704    3.720141343758
              H      1.418270942228   -2.239702455974    2.350848081791
              H      1.384924316198    7.217529679676    2.792270561888
              Cu     6.971353309551    6.310140004986    0.561797761985
              S      7.633862304450    9.745561957001    2.576232387025
              O      8.174075363347   13.957575061173    7.864364012213
              O      7.610637057560   10.060766649349    9.459621526253
              N     12.962331410001    9.699859657648    8.197072579581
              C     11.016933687080   10.719980961215    6.492325737401
              C     10.179522783649    8.634825053183    4.670873179992
              C      8.769711987419   11.491796207205    8.093842035426
              H     11.680962166874   12.344218738985    5.395621507005
              H     11.825026135147    8.089692718797    3.542110589717
              H      9.556963799189    7.016211512271    5.788966193485
              H     13.756592209214   11.159738087113    9.171764739614
              H     14.378688896800    9.011196265534    7.086504967845
              H      6.735186768312   14.276564450503    8.972579910189
$End
$SCF_Energy
   &GeometryIndex 18
   &ListStatus       IN
   &SCF_ENERGY [&Type "Double"]      -3.0770551495574286e+03
$End
$Solvation_Details
   &GeometryIndex 18
   &ListStatus       IN
   &SOLVENT [&Type "String"] "WATER"
   &EPSILON [&Type "Double"]       8.0150999999999996e+01
   &REFRAC [&Type "Double"]       1.3328000000000000e+00
   &RSOLV [&Type "Double"]       1.3000000000000000e+00
   &SURFACETYPE [&Type "String"] "GAUSSIAN VDW"
   &NPOINTS [&Type "Integer"] 2493
   &SURFACEAREA [&Type "Double"]       1.0671688800869999e+03
   &CPCMDIELENERGY [&Type "Double"]      -1.2979537899999999e-01
$End
$MP2_Energies
   &GeometryIndex 18
   &ListStatus       IN
   &REFENERGY [&Type "Double"]      -3.0770551495574286e+03  "Reference Energy"
   &CORRENERGY [&Type "Double"]      -3.3918554464346933e+00  "MP2 correlation energy"
   &TOTALENERGY [&Type "Double"]      -3.0804470050038635e+03  "MP2 total energy"
$End
$MP2_Nuc_Gradient
   &GeometryIndex 18
   &ListStatus       IN
   &NATOMS [&Type "Integer"] 81
   &GRADNORM [&Type "Double"]       1.7262757159837504e-02
   &GRAD [&Type "ArrayOfDoubles", &Dim (81,1)] 
                                                         0

0                                     -6.7183971223287731e-05
1                                     -3.5449981782790466e-03
2                                     -6.4370241893975302e-04
3                                      2.9392780956549458e-03
4                                      2.7938964662418721e-03
5                                     -1.5881258342127502e-03
6                                     -1.5373725494208235e-04
7                                     -1.3783377061947835e-04
8                                     -2.6890446640317200e-03
9                                     -1.8179760183212011e-03
10                                     1.9674992802408272e-03
11                                    -2.6982877461713059e-03
12                                    -2.4371071844969464e-03
13                                     1.7137619135517649e-04
14                                     2.5517474434954418e-03
15                                    -4.7992343392193326e-04
16                                    -2.8675335325135404e-03
17                                    -1.0928833918810894e-03
18                                    -2.5693742163448510e-03
19                                    -1.3167857512792515e-03
20                                     6.7374315238974067e-03
21                                    -2.4326690086160646e-04
22                                    -1.9847506812627723e-03
23                                    -2.5279781858929956e-04
24                                     3.0379556698957953e-03
25                                     1.2737234209549350e-03
26                                    -1.1399358265215117e-03
27                                     1.3636353890826951e-03
28                                    -2.1611648854345279e-04
29                                    -1.1567268771389694e-04
30                                     1.4667242139874623e-04
31                                    -6.0984330925382621e-05
32                                     4.2089610171239938e-04
33                                     8.6280699438811420e-04
34                                     8.8433298165102592e-05
35                                     6.2508006552521229e-04
36                                    -3.5269801766716485e-04
37                                     2.7844400700489241e-04
38                                    -1.7726939833125413e-05
39                                     1.1652485056042365e-03
40                                     4.9563337311007843e-03
41                                    -2.4401242149910390e-04
42                                    -3.7149793640059003e-03
43                                     5.6089271761048699e-04
44                                    -9.7276685450642213e-04
45                                    -2.7579761715458666e-03
46                                     2.8996214556171462e-03
47                                     4.7049132879981026e-04
48                                    -1.1728213636175988e-03
49                                    -1.5345704768585655e-03
50                                     8.7924332185984611e-04
51                                    -4.2970155694396078e-04
52                                    -1.3649720425113199e-03
53                                     2.6732021329892962e-03
54                                     6.2789640391600759e-04
55                                     3.4577549020863227e-03
56                                    -1.9429040481216964e-05
57                                     3.3857528430157255e-05
58                                    -6.6366023689914573e-03
59                                    -1.1971822263512275e-03
60                                     3.0378575777617808e-03
61                                    -1.0785997182333473e-03
62                                    -5.9357255814011800e-04
63                                     1.8543418652968401e-03
64                                    -1.1019111872343675e-03
65                                    -3.0467593544244650e-04
66                                     3.1843750116494068e-04
67                                     1.1322126430674730e-03
68                                    -5.1781045035303661e-04
69                                     2.3333361208958958e-04
70                                     9.4641223244747164e-04
71                                     4.7398865741250795e-04
72                                     2.3959037399957916e-04
73                                     5.9871747807026254e-04
74                                    -3.7810895539899109e-04
75                                     1.8253846501774251e-04
76                                     3.4637985005778887e-04
77                                    -6.7057149045719744e-04
78                                     4.8821858449774047e-05
79                                     4.2735598499318069e-04
80                                     5.5882612143803162e-04
$End
$Geometry
   &GeometryIndex 19
   &ListStatus       OUT
   &NATOMS [&Type "Integer"] 27
   &NCORELESSECP [&Type "Integer"] 0
   &NGHOSTATOMS [&Type "Integer"] 0
   &CartesianCoordinates [&Type "Coordinates", &Dim(27,4), &Units "Bohr"] 
              S      6.876987291038    2.691450181271   -1.280599265541
              O      1.802324741209    5.488243354523    3.330768584241
              O      0.100572517729    4.385027895956   -0.406634108139
              N      0.624360114815   -0.573044898519    2.079974195900
              C      2.627017030863    1.334094254436    1.856610003521
              C      4.243927922680    0.630535278248   -0.409598846376
              C      1.380043320086    3.865139700912    1.426168361883
              H      3.816914683709    1.458033331378    3.550341022014
              H      5.065981926972   -1.225250018250   -0.026824840172
              H      2.987189226461    0.448002277387   -2.042527249026
              H     -0.358909158887   -0.265873433166    3.710483444533
              H      1.463483806448   -2.288740678543    2.311327554647
              H      1.025660686196    7.105409062334    2.893591895989
              Cu     7.062951374361    6.217190507265    0.601920062148
              S      7.802422788658    9.643972825560    2.628705393459
              O      8.189313048399   13.943874855598    7.770685587831
              O      7.669988460531   10.085860018463    9.464219032710
              N     13.061861843900    9.833326610976    8.254438146842
              C     11.097678496082   10.747850497487    6.535735841595
              C     10.329635724667    8.625127486632    4.752502895255
              C      8.814808723760   11.503683886481    8.074873010993
              H     11.701959854335   12.384217679086    5.423769332682
              H     11.983471404630    8.058614323189    3.650855992752
              H      9.698743687509    7.009173695161    5.879475753173
              H     13.799665383560   11.327282119532    9.220851277333
              H     14.508221578104    9.156366870676    7.182976029072
              H      6.711286780909   14.272307463507    8.817116801319
$End
$SCF_Energy
   &GeometryIndex 19
   &ListStatus       IN
   &SCF_ENERGY [&Type "Double"]      -3.0770571942754941e+03
$End
$Solvation_Details
   &GeometryIndex 19
   &ListStatus       IN
   &SOLVENT [&Type "String"] "WATER"
   &EPSILON [&Type "Double"]       8.0150999999999996e+01
   &REFRAC [&Type "Double"]       1.3328000000000000e+00
   &RSOLV [&Type "Double"]       1.3000000000000000e+00
   &SURFACETYPE [&Type "String"] "GAUSSIAN VDW"
   &NPOINTS [&Type "Integer"] 2486
   &SURFACEAREA [&Type "Double"]       1.0728829024730001e+03
   &CPCMDIELENERGY [&Type "Double"]      -1.2999843599999999e-01
$End
$MP2_Energies
   &GeometryIndex 19
   &ListStatus       IN
   &REFENERGY [&Type "Double"]      -3.0770571942754941e+03  "Reference Energy"
   &CORRENERGY [&Type "Double"]      -3.3915696733576608e+00  "MP2 correlation energy"
   &TOTALENERGY [&Type "Double"]      -3.0804487639488516e+03  "MP2 total energy"
$End
$MP2_Nuc_Gradient
   &GeometryIndex 19
   &ListStatus       IN
   &NATOMS [&Type "Integer"] 81
   &GRADNORM [&Type "Double"]       1.2304975957701886e-02
   &GRAD [&Type "ArrayOfDoubles", &Dim (81,1)] 
                                                         0

0                                     -7.8033642911167628e-04
1                                      1.8187502561864410e-04
2                                      1.8497931014014642e-03
3                                      1.0858007605841352e-04
4                                      1.2160923088462335e-03
5                                     -2.0696581757728427e-03
6                                     -3.4393732902593399e-04
7                                     -3.9091149014184451e-04
8                                     -3.5535383527190989e-04
9                                      2.1240610405835192e-03
10                                    -5.8185355597730089e-04
11                                    -2.2516251667059548e-03
12                                    -2.7573104473068918e-03
13                                     8.6551725478906019e-04
14                                    -1.6961640129353472e-03
15                                     3.9630515384097426e-04
16                                     7.7944304724198409e-04
17                                     3.7580654992382598e-03
18                                     1.0831456119525032e-03
19                                    -2.6801873423950122e-03
20                                     2.7918129810365136e-03
21                                    -8.7115334920755821e-04
22                                    -1.2744654612388390e-03
23                                     1.7220511302186089e-04
24                                     1.4702542714666190e-03
25                                     8.6942893236732766e-04
26                                    -1.9794080816065707e-05
27                                    -1.0306483529865726e-03
28                                     4.2544030208027314e-05
29                                    -1.5185315537395161e-03
30                                    -3.0320316737656589e-04
31                                     1.9286083461259561e-04
32                                     8.7187029063977989e-04
33                                    -7.9332210375519449e-04
34                                     1.8680030195197816e-04
35                                     1.8822274899830873e-04
36                                     8.2790047111041404e-04
37                                     3.7217411317819193e-04
38                                     8.0234608398540783e-04
39                                     9.9271705251400351e-04
40                                     3.1370454021750933e-05
41                                    -4.0558761721635507e-03
42                                     7.5686211553498660e-04
43                                    -5.2729769404797830e-04
44                                     3.1470253270957024e-03
45                                    -1.8968482897547059e-03
46                                    -2.5149629208572749e-04
47                                     1.5645324241036554e-03
48                                     6.0462169015874229e-04
49                                    -6.0747619743768688e-04
50                                    -1.1289568524645854e-04
51                                    -7.8541283816650417e-04
52                                    -1.9866047542161508e-04
53                                    -2.0527266533521306e-03
54                                    -1.1072717074314814e-03
55                                    -5.6864975688455249e-04
56                                     2.8974270475697651e-03
57                                     1.0779100126134828e-03
58                                     1.0642965410720510e-03
59                                    -8.7157379165136648e-04
60                                     1.7349121919399621e-03
61                                     8.8375480370191106e-04
62                                    -3.4312938026720349e-03
63                                     5.8991145645535814e-04
64                                    -4.6117288711293447e-04
65                                     1.1980502723817725e-03
66                                    -9.3097844678389705e-04
67                                     2.7976669852424092e-04
68                                    -5.8356695090370017e-04
69                                    -1.2484433225696413e-03
70                                    -7.0526452449087493e-04
71                                     1.8345021191142757e-04
72                                     3.1727816196996765e-04
73                                     7.2569016745377413e-04
74                                    -4.7840983941574433e-05
75                                    -4.1455214344311014e-04
76                                     4.4297165500019331e-04
77                                     5.7186760919847313e-04
78                                     1.1852751430464215e-03
79                                     1.5180745982468040e-04
80                                    -7.9212063680137931e-04
$End
$Geometry
   &GeometryIndex 20
   &ListStatus       OUT
   &NATOMS [&Type "Integer"] 27
   &NCORELESSECP [&Type "Integer"] 0
   &NGHOSTATOMS [&Type "Integer"] 0
   &CartesianCoordinates [&Type "Coordinates", &Dim(27,4), &Units "Bohr"] 
              S      6.919496979372    2.653578706606   -1.423819900541
              O      1.541986046281    5.599381872067    3.235575741020
              O      0.159096924652    4.342978936115   -0.586581225963
              N      0.848672252270   -0.445586008872    2.376965368895
              C      2.756056585149    1.509391300605    1.873495164393
              C      4.258888735023    0.691288539532   -0.427364691090
              C      1.365694039739    3.937191088152    1.319661734129
              H      4.039251364042    1.830233542693    3.472269646688
              H      5.039284860587   -1.176839542703   -0.013244626344
              H      2.944591367997    0.494346534242   -2.006286919339
              H     -0.041972831061   -0.045185124660    4.038816198562
              H      1.777161008119   -2.103178066008    2.681743070239
              H      0.651771639679    7.135558813464    2.727525507161
              Cu     7.109735387591    6.176455345189    0.492997876820
              S      7.841855261010    9.604614796873    2.512092338525
              O      8.153184603494   13.823996963710    7.846023535109
              O      7.561221145404    9.907916612688    9.379827525477
              N     13.016765772001    9.732742865512    8.232714175207
              C     11.040955279660   10.654175629710    6.525159334824
              C     10.286578119182    8.547702407427    4.721119421900
              C      8.759382898099   11.367908166310    8.085468737580
              H     11.616838360075   12.310154748718    5.423568369430
              H     11.971109084249    7.954734717477    3.679107324722
              H      9.609907382868    6.945771721349    5.836913738924
              H     13.740808723937   11.214178001074    9.225620893367
              H     14.466030485596    9.083570451600    7.145834932593
              H      6.653211783706   14.114792128713    8.876002638348
$End
$SCF_Energy
   &GeometryIndex 20
   &ListStatus       IN
   &SCF_ENERGY [&Type "Double"]      -3.0770580994990000e+03
$End
$Solvation_Details
   &GeometryIndex 20
   &ListStatus       IN
   &SOLVENT [&Type "String"] "WATER"
   &EPSILON [&Type "Double"]       8.0150999999999996e+01
   &REFRAC [&Type "Double"]       1.3328000000000000e+00
   &RSOLV [&Type "Double"]       1.3000000000000000e+00
   &SURFACETYPE [&Type "String"] "GAUSSIAN VDW"
   &NPOINTS [&Type "Integer"] 2491
   &SURFACEAREA [&Type "Double"]       1.0795071673560001e+03
   &CPCMDIELENERGY [&Type "Double"]      -1.2958636200000001e-01
$End
$MP2_Energies
   &GeometryIndex 20
   &ListStatus       IN
   &REFENERGY [&Type "Double"]      -3.0770580994990000e+03  "Reference Energy"
   &CORRENERGY [&Type "Double"]      -3.3918626480993899e+00  "MP2 correlation energy"
   &TOTALENERGY [&Type "Double"]      -3.0804499621470995e+03  "MP2 total energy"
$End
$MP2_Nuc_Gradient
   &GeometryIndex 20
   &ListStatus       IN
   &NATOMS [&Type "Integer"] 81
   &GRADNORM [&Type "Double"]       9.8393917974431509e-03
   &GRAD [&Type "ArrayOfDoubles", &Dim (81,1)] 
                                                         0

0                                      4.4036982054640982e-04
1                                     -2.3129689188460881e-03
2                                      5.0207124762734895e-04
3                                      4.1863806067525544e-04
4                                      5.4230919173492431e-04
5                                     -6.3419478908005589e-07
6                                      5.5816813188616643e-04
7                                     -9.5377805134509372e-04
8                                      7.1651378583327541e-04
9                                      1.4213708929430580e-03
10                                    -1.1117146985882270e-03
11                                    -1.5042888790517892e-03
12                                    -3.4007403535355300e-03
13                                     1.1488895197686901e-03
14                                    -2.8226448198568482e-04
15                                    -1.0384787879428314e-03
16                                     3.4835329478264416e-03
17                                     1.8687930686900264e-03
18                                     4.4176764084829373e-04
19                                    -2.8634008520035184e-03
20                                    -3.9572409959429816e-04
21                                    -5.3087298230456229e-04
22                                    -4.9885779802674377e-04
23                                     1.9694000564727393e-04
24                                     1.2094511477308608e-03
25                                     6.2009464353434199e-04
26                                     1.2551806630696494e-04
27                                    -2.8281498253076437e-04
28                                     1.8044042697348698e-04
29                                    -3.3564293554855240e-04
30                                     3.4486484129535311e-05
31                                     4.0916124514770238e-05
32                                     3.5741173074881061e-04
33                                    -2.9119017565787386e-04
34                                     1.5377909695692138e-04
35                                    -7.0897458504600060e-06
36                                     8.3273054936338145e-04
37                                     2.9113378256172273e-04
38                                    -1.9558146106112700e-05
39                                    -5.9054130214289445e-05
40                                     7.3918628640832172e-04
41                                    -2.3360289294350159e-03
42                                     1.3287736744288688e-04
43                                     2.8444702278091274e-04
44                                     1.2607683102744405e-03
45                                    -9.7144670061674598e-04
46                                     6.8506864772992920e-04
47                                    -7.4685357253079232e-04
48                                    -2.6153456891882254e-04
49                                    -2.2325728390215627e-04
50                                    -2.1683414427543651e-03
51                                    -3.2954094760592051e-04
52                                     4.4757525327056291e-04
53                                    -8.7610405129917579e-07
54                                    -1.6650579439172527e-03
55                                    -1.0836752985825919e-03
56                                     1.0739792075298467e-03
57                                     6.1079208181148009e-05
58                                     9.7798320784494436e-04
59                                    -2.5818051259881430e-04
60                                     3.7360886060743559e-03
61                                    -6.8007245987189435e-04
62                                     2.2239018557151310e-03
63                                    -1.3565090643330620e-04
64                                    -5.4529525720777017e-05
65                                     9.8234988537754253e-05
66                                    -2.8808653639558410e-04
67                                     1.0834663191435119e-04
68                                    -8.6368997162175609e-07
69                                    -2.9521955285331802e-04
70                                     2.0128718056640696e-04
71                                     3.7166027491960033e-04
72                                     1.1677465390973717e-04
73                                     1.1875020390525112e-04
74                                    -1.1518740336294644e-04
75                                    -3.4114168354601460e-04
76                                     1.6658184997585083e-04
77                                    -1.1824806335723748e-04
78                                     4.6824146513604198e-04
79                                    -4.4260830801587381e-04
80                                    -3.2226302367437815e-04
$End
$Geometry
   &GeometryIndex 21
   &ListStatus       OUT
   &NATOMS [&Type "Integer"] 27
   &NCORELESSECP [&Type "Integer"] 0
   &NGHOSTATOMS [&Type "Integer"] 0
   &CartesianCoordinates [&Type "Coordinates", &Dim(27,4), &Units "Bohr"] 
              S      6.834513007544    2.644585912946   -1.859486010635
              O      1.752787412465    5.782970084792    3.457449844623
              O      0.257069875449    4.613554124934   -0.342031399354
              N      1.273530484298   -0.100999599517    2.840119588803
              C      3.081647394902    1.802911088219    1.924672993634
              C      4.217016118251    0.842124281728   -0.517421601724
              C      1.596122689640    4.205594612382    1.468754179474
              H      4.590963567638    2.229921610065    3.289060597519
              H      4.945491105284   -1.056581192153   -0.144539687758
              H      2.713380717068    0.681587767524   -1.916515217897
              H      0.652730204812    0.399193525155    4.591337725875
              H      2.231483296689   -1.752737238200    3.076636146889
              H      0.720518282926    7.260240182011    3.059697856944
              Cu     7.148184084352    6.075090821003    0.200627871995
              S      7.956924777988    9.441802435237    2.246626685739
              O      7.834231578979   13.556815977789    7.500045400276
              O      7.208302846993    9.709227310453    9.174221098593
              N     12.697815032377    9.458194562072    8.319383237040
              C     10.853621872649   10.419079615393    6.491006869722
              C     10.242347059682    8.351223576179    4.601108070260
              C      8.456910023670   11.128816461418    7.886885946020
              H     11.493283762032   12.099136229464    5.457238510747
              H     12.003559782958    7.782919113537    3.676840126914
              H      9.509698852747    6.719225687156    5.632910568695
              H     13.346289252813   10.903585485144    9.407187134848
              H     14.221366674004    8.814693083744    7.334985657332
              H      6.247773500512   13.849699629105    8.394403716065
$End
$SCF_Energy
   &GeometryIndex 21
   &ListStatus       IN
   &SCF_ENERGY [&Type "Double"]      -3.0770564683364673e+03
$End
$Solvation_Details
   &GeometryIndex 21
   &ListStatus       IN
   &SOLVENT [&Type "String"] "WATER"
   &EPSILON [&Type "Double"]       8.0150999999999996e+01
   &REFRAC [&Type "Double"]       1.3328000000000000e+00
   &RSOLV [&Type "Double"]       1.3000000000000000e+00
   &SURFACETYPE [&Type "String"] "GAUSSIAN VDW"
   &NPOINTS [&Type "Integer"] 2472
   &SURFACEAREA [&Type "Double"]       1.0711686684140000e+03
   &CPCMDIELENERGY [&Type "Double"]      -1.2855373100000000e-01
$End
$MP2_Energies
   &GeometryIndex 21
   &ListStatus       IN
   &REFENERGY [&Type "Double"]      -3.0770564683364673e+03  "Reference Energy"
   &CORRENERGY [&Type "Double"]      -3.3941761195856532e+00  "MP2 correlation energy"
   &TOTALENERGY [&Type "Double"]      -3.0804506444560529e+03  "MP2 total energy"
$End
$MP2_Nuc_Gradient
   &GeometryIndex 21
   &ListStatus       IN
   &NATOMS [&Type "Integer"] 81
   &GRADNORM [&Type "Double"]       1.5755017091044422e-02
   &GRAD [&Type "ArrayOfDoubles", &Dim (81,1)] 
                                                         0

0                                      1.8452124425902897e-03
1                                     -3.7453638963343815e-03
2                                     -9.8000029187655241e-04
3                                      4.2358554513962504e-04
4                                     -4.7112312616997762e-04
5                                      5.0384502400151882e-04
6                                      1.0075080056924646e-04
7                                     -1.5464122307592178e-03
8                                      4.3981611885466620e-03
9                                      8.8927939605713824e-04
10                                    -2.0238977451488092e-03
11                                     1.7580451056317323e-04
12                                    -2.6393104870682665e-03
13                                    -6.5886909926763174e-04
14                                     7.2102008984291366e-04
15                                    -2.4873988298872579e-03
16                                     6.3629934203216672e-03
17                                     1.8576260964374702e-03
18                                     2.5850298432564117e-03
19                                     2.2616710132054747e-03
20                                    -6.4162387735647586e-03
21                                    -1.2499083729487076e-04
22                                     7.8525178764951402e-04
23                                     5.9853541678166200e-04
24                                     1.4803571169440897e-03
25                                     5.0099380046636152e-04
26                                     3.2664652676835278e-04
27                                     7.5244357856403543e-04
28                                     4.0528306911974963e-04
29                                     3.3913434099311704e-04
30                                     2.6252222829377218e-04
31                                    -2.2641569964459290e-04
32                                    -9.1479572404525727e-04
33                                    -3.5394887668922792e-04
34                                     1.8908775041348580e-05
35                                    -3.9018645583533329e-04
36                                     6.1149772524228541e-04
37                                    -4.4367082415629894e-04
38                                    -7.5224349037727144e-04
39                                    -3.7838322194198256e-03
40                                     3.9962921011708376e-04
41                                     5.0328964904731207e-04
42                                    -9.9407828935168044e-05
43                                    -1.8246979567851825e-03
44                                    -1.6301215038349269e-04
45                                     2.0350624622383628e-03
46                                    -1.2686202587658957e-03
47                                    -1.5449145132676104e-03
48                                     7.1145900784218286e-04
49                                     1.9026926995901611e-03
50                                    -2.2419671501340555e-03
51                                     7.1593940260512162e-04
52                                     1.2322724566603965e-03
53                                     9.6641247469931094e-04
54                                    -1.2797104546982581e-03
55                                    -2.6826785970899131e-03
56                                    -1.4449565410940418e-03
57                                     2.1513645978595529e-04
58                                     2.8517690744963402e-03
59                                     1.2700578041286575e-03
60                                    -1.1759101075458286e-03
61                                    -7.2938870382055487e-04
62                                     4.2447754257685932e-03
63                                    -1.0144817526686108e-03
64                                     9.3367628244006573e-04
65                                    -7.8550823633944875e-04
66                                    -1.2564108954805572e-04
67                                    -2.4592715272140318e-04
68                                     3.5205713418690748e-04
69                                     6.6713179807078443e-04
70                                     5.4756771044712008e-04
71                                    -3.4363637780095158e-05
72                                    -2.2848063784635872e-04
73                                    -9.2797330086581351e-04
74                                    -2.7190876718043502e-04
75                                    -2.2590187725990418e-05
76                                    -3.3601309741058440e-04
77                                    -2.6612574055715627e-04
78                                    -2.4228615167180834e-04
79                                    -1.0225630751941727e-03
80                                     4.6945669800391859e-05
$End
$Geometry
   &GeometryIndex 22
   &ListStatus       OUT
   &NATOMS [&Type "Integer"] 27
   &NCORELESSECP [&Type "Integer"] 0
   &NGHOSTATOMS [&Type "Integer"] 0
   &CartesianCoordinates [&Type "Coordinates", &Dim(27,4), &Units "Bohr"] 
              S      6.767305736073    2.626282843227   -2.006703665269
              O      1.363047254702    5.636487657906    3.571695828901
              O      0.344981908334    4.708122839945   -0.444291213171
              N      1.514995970906    0.015747380449    3.060585785890
              C      3.177159980901    1.904055437171    1.875642670960
              C      4.152682561301    0.857154145253   -0.613896902748
              C      1.514616809328    4.218995621252    1.462788490611
              H      4.777434220852    2.472562094341    3.077932160215
              H      4.822643279046   -1.067216614394   -0.260469057765
              H      2.594519336180    0.744345208703   -1.947632290808
              H      1.020753754548    0.613816288760    4.819631176071
              H      2.550477695207   -1.586699021397    3.319683825187
              H      0.180905633317    7.005782910766    3.208993761154
              Cu     7.298773536767    6.034690458760    0.044128184578
              S      8.232102717130    9.395782465007    2.030714969630
              O      7.897386543282   13.586041304786    7.525356007833
              O      7.068366343278    9.713386064907    9.041842010992
              N     12.597154740028    9.404005122167    8.385211872443
              C     10.835320828329   10.359643128170    6.473649145508
              C     10.281942960142    8.264656424032    4.581163631804
              C      8.388708567496   11.108583670202    7.796104460277
              H     11.526159271445   12.025639395887    5.445558406640
              H     12.087085453190    7.601874788241    3.812901352325
              H      9.412953650420    6.687317053146    5.585473980425
              H     13.192326130493   10.850266590531    9.500713829628
              H     14.165521915698    8.755687261649    7.475323660416
              H      6.322236460328   13.924864628114    8.429103828911
$End
$SCF_Energy
   &GeometryIndex 22
   &ListStatus       IN
   &SCF_ENERGY [&Type "Double"]      -3.0770581389135177e+03
$End
$Solvation_Details
   &GeometryIndex 22
   &ListStatus       IN
   &SOLVENT [&Type "String"] "WATER"
   &EPSILON [&Type "Double"]       8.0150999999999996e+01
   &REFRAC [&Type "Double"]       1.3328000000000000e+00
   &RSOLV [&Type "Double"]       1.3000000000000000e+00
   &SURFACETYPE [&Type "String"] "GAUSSIAN VDW"
   &NPOINTS [&Type "Integer"] 2492
   &SURFACEAREA [&Type "Double"]       1.0839619295630000e+03
   &CPCMDIELENERGY [&Type "Double"]      -1.2844430500000001e-01
$End
$MP2_Energies
   &GeometryIndex 22
   &ListStatus       IN
   &REFENERGY [&Type "Double"]      -3.0770581389135177e+03  "Reference Energy"
   &CORRENERGY [&Type "Double"]      -3.3932610454515544e+00  "MP2 correlation energy"
   &TOTALENERGY [&Type "Double"]      -3.0804513999589694e+03  "MP2 total energy"
$End
$MP2_Nuc_Gradient
   &GeometryIndex 22
   &ListStatus       IN
   &NATOMS [&Type "Integer"] 81
   &GRADNORM [&Type "Double"]       1.4736667114207659e-02
   &GRAD [&Type "ArrayOfDoubles", &Dim (81,1)] 
                                                         0

0                                      9.0650416636233605e-04
1                                     -7.4381203631601698e-04
2                                      2.1583830811694911e-03
3                                     -1.3323039207045057e-04
4                                      1.3048794497426529e-03
5                                      1.5853987121072777e-04
6                                      1.1044509423731239e-03
7                                      1.9374447705237247e-04
8                                      1.4880970962316137e-03
9                                     -5.7009202327025846e-04
10                                     9.5395204392242656e-04
11                                     9.8600505959598947e-04
12                                     3.3265258813371043e-03
13                                    -2.8748017169546369e-03
14                                     2.0768977836085820e-03
15                                    -2.2871398887478259e-03
16                                     8.0292098212432494e-04
17                                    -4.9531817455951768e-03
18                                    -4.9658565428718632e-03
19                                     1.6959968528699292e-03
20                                    -5.7370843254350712e-04
21                                     1.7226576813790528e-04
22                                     1.2937324785774508e-03
23                                     1.3476477836136744e-04
24                                     1.8815456776457955e-04
25                                    -6.2340404445660608e-04
26                                     2.9066981599319523e-05
27                                     1.9327347244234849e-03
28                                    -9.5407050190486251e-05
29                                     1.6926681790802485e-03
30                                     2.7813450677302044e-04
31                                    -5.0747800151615917e-04
32                                    -1.3676820235793835e-03
33                                     5.3039372104348240e-04
34                                     4.7627104057396119e-06
35                                    -7.2500939676828531e-04
36                                     1.9914103302420133e-04
37                                    -7.9430209643414212e-04
38                                    -7.0182360216280472e-04
39                                    -1.5914942866421954e-03
40                                     8.3417846020608167e-04
41                                    -5.2054570076124664e-04
42                                     3.5450452522349171e-04
43                                    -1.5843919116109249e-03
44                                    -2.3223812088387641e-03
45                                     2.8815261653340370e-03
46                                     8.4337517503654813e-06
47                                     7.2626310588107257e-04
48                                     1.5019420884389290e-04
49                                     2.2049866962382675e-03
50                                     2.1586089925163116e-03
51                                     1.0262958000132986e-03
52                                     1.2407498758821474e-03
53                                     1.0010905520537877e-03
54                                     3.6850228341175021e-03
55                                    -6.8024857643335032e-04
56                                     8.5839918998528025e-04
57                                    -1.4473349490418119e-03
58                                     2.4853233712479952e-04
59                                     4.4756683737285502e-04
60                                    -5.9453873760279968e-03
61                                    -2.2636118857944851e-03
62                                    -1.8060784491022233e-03
63                                    -5.6509966642430062e-04
64                                     1.5398204262489605e-03
65                                    -1.3618045660857211e-03
66                                     4.7960158344902831e-04
67                                    -7.8154321649787604e-04
68                                     6.2546856060350167e-04
69                                     1.5231208684806964e-03
70                                     1.2000664337378786e-03
71                                    -4.5315391564238264e-04
72                                    -4.0046289389081974e-04
73                                    -1.1584065376876417e-03
74                                    -4.5862228841749703e-04
75                                     4.8771526353964118e-04
76                                    -7.1035220821769746e-04
77                                    -2.3978774125642949e-04
78                                    -1.2600258558805449e-03
79                                    -3.2543409013482093e-04
80                                     7.3755373263046167e-04
$End
$Geometry
   &GeometryIndex 23
   &ListStatus       OUT
   &NATOMS [&Type "Integer"] 27
   &NCORELESSECP [&Type "Integer"] 0
   &NGHOSTATOMS [&Type "Integer"] 0
   &CartesianCoordinates [&Type "Coordinates", &Dim(27,4), &Units "Bohr"] 
              S      6.553190747547    2.827191613573   -2.275035436005
              O      1.873037344926    5.623057240065    3.938589206240
              O      0.410491081083    4.899705833764    0.015446263776
              N      1.744323566761    0.025821068682    3.154303079892
              C      3.363808188231    1.924286366147    1.921816584920
              C      4.103240875240    0.980012778981   -0.682490014461
              C      1.765755248833    4.305078755541    1.764664312154
              H      5.075854646945    2.375682654725    3.011311125142
              H      4.814064083889   -0.948449302627   -0.472392664299
              H      2.416059567737    0.903792111434   -1.864222365600
              H      1.408842043137    0.556970740933    4.974988403153
              H      2.747771716599   -1.613153709937    3.263857140143
              H      0.712156018010    7.047505406568    3.762705369195
              Cu     7.258795813083    6.181447304616   -0.179322566741
              S      8.350543865780    9.482912440995    1.865795480956
              O      7.924574497576   13.680977019821    7.141585153393
              O      6.710021562077    9.920781131966    8.692354094343
              N     12.195778076499    9.135098600925    8.523693567453
              C     10.709076647883   10.231592189409    6.461866818146
              C     10.145257087154    8.186811792990    4.521908874760
              C      8.233996224295   11.193813325011    7.553441714289
              H     11.637640572324   11.820048038827    5.510987565880
              H     11.946171175342    7.409139246080    3.863381799678
              H      9.097085012347    6.666114497066    5.450194041405
              H     12.808080774516   10.533644124529    9.694338313112
              H     13.780486650958    8.357833690000    7.758861939760
              H      6.301460169949   14.154160187496    7.878578109955
$End
$SCF_Energy
   &GeometryIndex 23
   &ListStatus       IN
   &SCF_ENERGY [&Type "Double"]      -3.0770588694666926e+03
$End
$Solvation_Details
   &GeometryIndex 23
   &ListStatus       IN
   &SOLVENT [&Type "String"] "WATER"
   &EPSILON [&Type "Double"]       8.0150999999999996e+01
   &REFRAC [&Type "Double"]       1.3328000000000000e+00
   &RSOLV [&Type "Double"]       1.3000000000000000e+00
   &SURFACETYPE [&Type "String"] "GAUSSIAN VDW"
   &NPOINTS [&Type "Integer"] 2487
   &SURFACEAREA [&Type "Double"]       1.0816436394970001e+03
   &CPCMDIELENERGY [&Type "Double"]      -1.2917294600000001e-01
$End
$MP2_Energies
   &GeometryIndex 23
   &ListStatus       IN
   &REFENERGY [&Type "Double"]      -3.0770588694666926e+03  "Reference Energy"
   &CORRENERGY [&Type "Double"]      -3.3932671040950120e+00  "MP2 correlation energy"
   &TOTALENERGY [&Type "Double"]      -3.0804521365707878e+03  "MP2 total energy"
$End
$MP2_Nuc_Gradient
   &GeometryIndex 23
   &ListStatus       IN
   &NATOMS [&Type "Integer"] 81
   &GRADNORM [&Type "Double"]       7.0860410007521097e-03
   &GRAD [&Type "ArrayOfDoubles", &Dim (81,1)] 
                                                         0

0                                      1.5423929724068999e-03
1                                     -4.6784881383797172e-04
2                                      5.0919802053258842e-04
3                                      6.0317929684160221e-05
4                                     -3.6552213797195858e-04
5                                      2.7262187479670102e-04
6                                      2.5061279945726156e-05
7                                     -2.0960317064898717e-04
8                                      1.0583958680595723e-03
9                                      4.9257928343510171e-05
10                                    -2.2541473109170297e-04
11                                     2.6645549038200114e-04
12                                     8.2362251705104736e-04
13                                    -1.9459947573528796e-03
14                                     9.8067565078056862e-04
15                                    -5.3147328482095607e-05
16                                     1.7968628235932177e-05
17                                    -1.0718918965683388e-03
18                                    -1.0491038027912042e-03
19                                     2.3289127077613415e-03
20                                    -5.4654830724323172e-04
21                                    -3.4970115521908846e-04
22                                     7.4799674936949952e-04
23                                    -1.5186666286486940e-04
24                                    -1.3246923721349849e-04
25                                    -4.2769477352138513e-05
26                                    -1.3359913817962560e-04
27                                     1.5213317692836653e-04
28                                     2.8440775198541445e-06
29                                     1.8301564771798506e-04
30                                    -2.0708837565445136e-04
31                                    -1.3351631685150876e-04
32                                     4.9537836920979239e-05
33                                     8.2566831253426398e-05
34                                     2.0877135277457687e-04
35                                    -5.0890553625862174e-04
36                                    -2.5841752340526047e-04
37                                    -2.7274634279102900e-04
38                                    -6.9922082429062921e-04
39                                    -1.9907849347072506e-03
40                                    -5.8239169488217158e-05
41                                    -1.3005173176146691e-03
42                                     1.5888263911943579e-03
43                                     4.0788033726917548e-04
44                                     2.7618460578759767e-04
45                                     1.1267356087570346e-03
46                                     7.8706017865234901e-05
47                                    -3.0247116667390592e-04
48                                     4.0701521191495449e-04
49                                     1.3787248288617826e-03
50                                    -1.2192276777990563e-05
51                                     2.9737153562070864e-04
52                                     2.2338863654556076e-04
53                                    -2.2738346208204044e-05
54                                     1.7900853003372953e-03
55                                    -2.9301996568091918e-04
56                                    -1.1914981091715529e-03
57                                     9.9693278672903854e-05
58                                     9.4292387358350591e-04
59                                     9.2232497645911710e-05
60                                    -2.6613445335718494e-03
61                                    -1.3104221637984734e-03
62                                     1.4873912269791345e-03
63                                    -8.0447306433358012e-04
64                                     3.4162423029978142e-04
65                                    -3.8020517996761524e-04
66                                    -1.2969506674412323e-05
67                                    -3.2997725878856389e-04
68                                     4.4481465533219300e-04
69                                     5.5088535890979867e-04
70                                    -1.0943927472745196e-04
71                                     2.4087947817019728e-04
72                                    -9.6053227966533261e-05
73                                    -1.5792890131825083e-04
74                                     1.3856662587086524e-04
75                                    -4.2363665250482949e-04
76                                    -1.2684816154599071e-04
77                                     1.2968464011706149e-05
78                                    -1.8545463285548486e-04
79                                    -3.5840944658967200e-04
80                                     1.4959867224478493e-04
$End
$Geometry
   &GeometryIndex 24
   &ListStatus       OUT
   &NATOMS [&Type "Integer"] 27
   &NCORELESSECP [&Type "Integer"] 0
   &NGHOSTATOMS [&Type "Integer"] 0
   &CartesianCoordinates [&Type "Coordinates", &Dim(27,4), &Units "Bohr"] 
              S      6.208169429683    3.065044111298   -2.606700575200
              O      2.665133261300    5.731946162754    4.326999952625
              O      0.618623991464    5.197631130622    0.635974117263
              N      2.226227412259    0.193183837575    3.431812459101
              C      3.704434958608    2.074175192575    2.006844174866
              C      4.019159441710    1.186628180611   -0.695461764393
              C      2.192841445625    4.500744421506    2.149769492266
              H      5.577951026005    2.436165952567    2.833324049432
              H      4.740549642745   -0.747823422620   -0.646211449770
              H      2.167710435922    1.151041292555   -1.607375504863
              H      2.179730950841    0.699485009829    5.290409654887
              H      3.189253848444   -1.473026575750    3.373555245941
              H      1.554635591149    7.206033535646    4.372024736883
              Cu     7.193626532655    6.327488495444   -0.491500772010
              S      8.542585401971    9.521605195755    1.570346650385
              O      7.895220015849   13.660272192459    6.740503152508
              O      6.181783808992   10.025033565834    8.116661428863
              N     11.517988051837    8.704319401125    8.620834044648
              C     10.428473629120    9.973313710602    6.413953331537
              C      9.914550143392    8.021411352474    4.365901176089
              C      7.943686131818   11.161191513798    7.195868084290
              H     11.631410038224   11.465051561242    5.633424715804
              H     11.705281585255    7.102606267000    3.887006707831
              H      8.636678409793    6.584988469096    5.130955067014
              H     12.101039338727   10.022532072332    9.896736950364
              H     13.113316977301    7.795647772344    8.045382743461
              H      6.237501758029   14.275184748907    7.260168040817
$End
$SCF_Energy
   &GeometryIndex 24
   &ListStatus       IN
   &SCF_ENERGY [&Type "Double"]      -3.0770568400175134e+03
$End
$Solvation_Details
   &GeometryIndex 24
   &ListStatus       IN
   &SOLVENT [&Type "String"] "WATER"
   &EPSILON [&Type "Double"]       8.0150999999999996e+01
   &REFRAC [&Type "Double"]       1.3328000000000000e+00
   &RSOLV [&Type "Double"]       1.3000000000000000e+00
   &SURFACETYPE [&Type "String"] "GAUSSIAN VDW"
   &NPOINTS [&Type "Integer"] 2467
   &SURFACEAREA [&Type "Double"]       1.0703975327369999e+03
   &CPCMDIELENERGY [&Type "Double"]      -1.2886225700000001e-01
$End
$MP2_Energies
   &GeometryIndex 24
   &ListStatus       IN
   &REFENERGY [&Type "Double"]      -3.0770568400175134e+03  "Reference Energy"
   &CORRENERGY [&Type "Double"]      -3.3956275720021001e+00  "MP2 correlation energy"
   &TOTALENERGY [&Type "Double"]      -3.0804524675895154e+03  "MP2 total energy"
$End
$MP2_Nuc_Gradient
   &GeometryIndex 24
   &ListStatus       IN
   &NATOMS [&Type "Integer"] 81
   &GRADNORM [&Type "Double"]       6.4327433669866116e-03
   &GRAD [&Type "ArrayOfDoubles", &Dim (81,1)] 
                                                         0

0                                      1.4758537132186101e-03
1                                      2.6689664314095106e-04
2                                     -1.5709428343962939e-04
3                                      1.0280246721132633e-03
4                                     -7.1131056673488791e-04
5                                      4.6841804070361925e-04
6                                     -2.2541361194398923e-04
7                                     -2.3109336283897580e-04
8                                      2.4853424562543136e-05
9                                     -6.8265104718641390e-05
10                                    -2.3229787206137213e-04
11                                     1.9782348569544195e-05
12                                    -6.0888821068454113e-04
13                                    -1.5750807877093834e-04
14                                     1.0143743833167240e-04
15                                     9.4112451485104526e-04
16                                     4.3518848419238886e-04
17                                     1.4864660136068714e-03
18                                     4.0646872799885575e-04
19                                     5.3589542434020337e-04
20                                    -6.9373899600527755e-04
21                                    -1.8323230431958881e-04
22                                     4.9844975257226469e-04
23                                    -4.1267630711032573e-04
24                                     5.9173062390002057e-05
25                                     3.2162497347211494e-04
26                                    -2.1527455608323816e-04
27                                    -5.1859926524689542e-04
28                                     1.8236196891636383e-04
29                                    -4.6511449422798230e-04
30                                    -1.1318911045379420e-04
31                                    -1.2117566295524046e-04
32                                     3.5810260419613660e-04
33                                    -2.0325979869482286e-05
34                                     3.7178609823627917e-05
35                                    -1.3637839345131747e-04
36                                    -3.4982662044930057e-04
37                                     1.8604281685650342e-04
38                                    -4.0443385601021719e-04
39                                    -3.0593520004740405e-03
40                                    -1.1735656363492360e-03
41                                    -2.8392551283241800e-04
42                                     1.5598869398092702e-03
43                                     1.6811101044730825e-04
44                                     6.8873617168933345e-04
45                                    -5.0532574483584669e-05
46                                     4.2873238819664955e-04
47                                    -9.1345061588070375e-04
48                                     4.0258202541772203e-04
49                                     6.3033100856979551e-05
50                                    -1.2624448441568500e-03
51                                    -2.5435903334979776e-04
52                                    -3.5478176407796602e-05
53                                    -3.0181525728716421e-05
54                                     4.0170867335148283e-04
55                                     3.6489107550721767e-04
56                                    -1.7403484073825956e-03
57                                     5.9044743483818718e-04
58                                     4.5632188507268440e-04
59                                    -3.0019833297017726e-04
60                                    -2.2915251185638696e-04
61                                    -1.0442859847616670e-03
62                                     2.7218776319894444e-03
63                                    -8.0853979898030254e-04
64                                    -1.8375145550112229e-04
65                                    -2.5386673745133106e-05
66                                    -8.7442894473235139e-05
67                                     2.8697768377800026e-05
68                                     3.7167464686401527e-04
69                                    -6.8087185971160008e-05
70                                    -4.0761542937030673e-04
71                                     3.9874557752996725e-04
72                                     5.5737739862914137e-05
73                                     1.2952110124408306e-04
74                                     3.0771336828173609e-04
75                                    -4.5496150569461838e-04
76                                     1.4252126477723795e-04
77                                    -8.1419406808174929e-05
78                                     3.3221430768374388e-04
79                                    -3.9843748969139656e-04
80                                    -1.0048947111981205e-04
$End
$Geometry
   &GeometryIndex 25
   &ListStatus       OUT
   &NATOMS [&Type "Integer"] 27
   &NCORELESSECP [&Type "Integer"] 0
   &NGHOSTATOMS [&Type "Integer"] 0
   &CartesianCoordinates [&Type "Coordinates", &Dim(27,4), &Units "Bohr"] 
              S      5.952472658612    3.310916375847   -2.765755379760
              O      3.017945752493    5.471725054974    4.530509748720
              O      0.661979083875    5.105998748689    1.005310975661
              N      2.495576442348   -0.031692870966    3.362303955808
              C      3.860778301736    1.943396956264    1.952245206813
              C      3.991177822432    1.227602145418   -0.814557588176
              C      2.355682340770    4.341217702490    2.348998292998
              H      5.789053557273    2.261550620285    2.664888044280
              H      4.785583749340   -0.674350492786   -0.940452728955
              H      2.076934455162    1.171549304803   -1.584403255794
              H      2.571087336842    0.374757691984    5.243938483499
              H      3.470713722051   -1.679579927557    3.155208517501
              H      1.925992635653    6.943845060523    4.744868097863
              Cu     7.009882135513    6.499248235859   -0.561531268185
              S      8.396921177982    9.617928730779    1.585584343605
              O      8.510393478163   14.044250075586    6.490396612648
              O      6.125371617770   10.882161773071    8.026559892747
              N     11.065388442382    8.574769823728    8.735102075741
              C     10.302360422387    9.927632169249    6.441221232380
              C      9.471138832049    8.016361647704    4.454904480861
              C      8.081438054081   11.611726925361    7.083445003812
              H     11.802668871086   11.111562257708    5.647831018559
              H     11.081671772715    6.788170178254    4.032630979708
              H      7.956473785599    6.852837944332    5.250300292191
              H     11.857255540556    9.818035726731    9.973236188332
              H     12.477426387660    7.357949448335    8.253777102802
              H      6.994194882192   14.992303840914    6.934645584981
$End
$SCF_Energy
   &GeometryIndex 25
   &ListStatus       IN
   &SCF_ENERGY [&Type "Double"]      -3.0770565967267726e+03
$End
$Solvation_Details
   &GeometryIndex 25
   &ListStatus       IN
   &SOLVENT [&Type "String"] "WATER"
   &EPSILON [&Type "Double"]       8.0150999999999996e+01
   &REFRAC [&Type "Double"]       1.3328000000000000e+00
   &RSOLV [&Type "Double"]       1.3000000000000000e+00
   &SURFACETYPE [&Type "String"] "GAUSSIAN VDW"
   &NPOINTS [&Type "Integer"] 2468
   &SURFACEAREA [&Type "Double"]       1.0556388314769999e+03
   &CPCMDIELENERGY [&Type "Double"]      -1.2826817500000001e-01
$End
$MP2_Energies
   &GeometryIndex 25
   &ListStatus       IN
   &REFENERGY [&Type "Double"]      -3.0770565967267726e+03  "Reference Energy"
   &CORRENERGY [&Type "Double"]      -3.3958031276675338e+00  "MP2 correlation energy"
   &TOTALENERGY [&Type "Double"]      -3.0804523998544400e+03  "MP2 total energy"
$End
$MP2_Nuc_Gradient
   &GeometryIndex 25
   &ListStatus       IN
   &NATOMS [&Type "Integer"] 81
   &GRADNORM [&Type "Double"]       5.3177335560491102e-03
   &GRAD [&Type "ArrayOfDoubles", &Dim (81,1)] 
                                                         0

0                                      9.1467267442995291e-04
1                                      9.3054352946638288e-04
2                                     -1.6454849181400666e-04
3                                      1.1075932692186860e-03
4                                     -5.3631959347031147e-04
5                                     -6.0862376786056244e-04
6                                      4.6453578837660214e-05
7                                      3.4132521228223689e-04
8                                     -7.7692976554678828e-04
9                                     -1.8585587139390014e-04
10                                     2.6068857437059646e-04
11                                     2.6454426292007484e-04
12                                    -9.1108671593584378e-04
13                                     1.0112065550580192e-03
14                                    -1.7544933253549333e-04
15                                     9.4048796803546802e-04
16                                    -6.5670252119542569e-04
17                                     1.5844612913612777e-03
18                                    -3.3103481107337601e-04
19                                    -1.4662937528038336e-03
20                                     5.1516393870942173e-04
21                                     7.2892548771408272e-05
22                                    -1.5786765119412283e-04
23                                    -2.0709102000238643e-04
24                                     3.2348003469764158e-05
25                                     4.0186246376507431e-04
26                                    -1.5715903825965546e-04
27                                    -4.4982071184954120e-04
28                                     1.3680747328022390e-04
29                                    -4.3610971429284412e-04
30                                    -5.5725746928208045e-06
31                                    -9.2565761421791251e-05
32                                    -8.1520254785139024e-05
33                                     9.1770405192224958e-05
34                                    -7.2361871892100138e-05
35                                     8.0014392501606517e-05
36                                     2.3994835124073466e-06
37                                     1.0327969477941928e-04
38                                    -1.3050878420798511e-04
39                                    -2.2771743572333062e-03
40                                    -1.1308300946198755e-04
41                                    -2.8608066956868454e-04
42                                     1.1335600231975277e-03
43                                    -1.2121609998718211e-04
44                                     3.5857503773789601e-04
45                                    -5.7088926815086760e-04
46                                     8.9048078491925711e-04
47                                    -6.9187190702237403e-04
48                                     4.9440775899112221e-04
49                                    -2.9783690238472521e-04
50                                    -2.6912099652604687e-04
51                                    -5.1719345127378483e-04
52                                     1.0001072365779275e-04
53                                     1.9833522048878088e-04
54                                    -5.2517339579065056e-04
55                                     7.8451399759008403e-04
56                                    -6.9492606059327888e-04
57                                     3.6339306386133294e-04
58                                    -2.6103060622021529e-04
59                                    -7.5559923853271010e-04
60                                     7.6244071044483108e-04
61                                    -7.5649036502112299e-04
62                                     9.3742314047852437e-04
63                                    -3.2332739874847694e-04
64                                    -3.7672720539592974e-04
65                                     2.7998681945352183e-04
66                                    -1.6947657170985134e-04
67                                     2.3327220253015896e-04
68                                     1.5947987436942378e-04
69                                    -2.9849613706029593e-04
70                                    -5.6617499302454022e-04
71                                     6.7172197301548255e-04
72                                     2.7772607911190697e-05
73                                     9.2003103450647578e-05
74                                    -8.3162055522882639e-06
75                                    -3.8858511452154187e-06
76                                     8.8742248976904359e-05
77                                     1.6488861315227740e-05
78                                     4.8361983986594526e-04
79                                    -2.1025056174452453e-04
80                                    -6.2603560371580352e-05
$End
$Geometry
   &GeometryIndex 26
   &ListStatus       OUT
   &NATOMS [&Type "Integer"] 27
   &NCORELESSECP [&Type "Integer"] 0
   &NGHOSTATOMS [&Type "Integer"] 0
   &CartesianCoordinates [&Type "Coordinates", &Dim(27,4), &Units "Bohr"] 
              S      6.111157996195    3.189484683556   -2.686114755941
              O      2.686186654860    5.496945216836    4.444512739381
              O      0.597102597318    5.073635077804    0.764525374658
              N      2.376094167191    0.006562658237    3.352989411443
              C      3.774219866864    1.964185297836    1.951445416615
              C      4.031052407979    1.176125637422   -0.789272755541
              C      2.208681600095    4.346882255915    2.223793270101
              H      5.663674272426    2.334724369213    2.739462044123
              H      4.809262966616   -0.737374109337   -0.825464812186
              H      2.157221740952    1.115645839521   -1.647754126931
              H      2.365630012712    0.461109106567    5.225008140494
              H      3.379167869505   -1.632349538616    3.227207887833
              H      1.541967366069    6.938501434418    4.574996384576
              Cu     7.095889016178    6.418702931563   -0.501287249209
              S      8.401909612729    9.595446865116    1.608359505752
              O      8.383536028435   13.992074185307    6.653419279611
              O      6.195962100515   10.664997295605    8.128493296701
              N     11.311477184026    8.650784744426    8.681340647344
              C     10.390645806388    9.981304339250    6.433084783301
              C      9.611188435401    8.043839202422    4.451568980291
              C      8.092296341184   11.522549690292    7.171112004074
              H     11.788162051429   11.265552937933    5.604439390763
              H     11.270487375115    6.895535673293    3.991210843757
              H      8.173791270875    6.804607573082    5.270154465576
              H     12.067937607467    9.923912151722    9.910600677949
              H     12.775559277783    7.525557781808    8.136770131123
              H      6.827301632414   14.842931846387    7.156604934982
$End
$SCF_Energy
   &GeometryIndex 26
   &ListStatus       IN
   &SCF_ENERGY [&Type "Double"]      -3.0770575852957722e+03
$End
$Solvation_Details
   &GeometryIndex 26
   &ListStatus       IN
   &SOLVENT [&Type "String"] "WATER"
   &EPSILON [&Type "Double"]       8.0150999999999996e+01
   &REFRAC [&Type "Double"]       1.3328000000000000e+00
   &RSOLV [&Type "Double"]       1.3000000000000000e+00
   &SURFACETYPE [&Type "String"] "GAUSSIAN VDW"
   &NPOINTS [&Type "Integer"] 2463
   &SURFACEAREA [&Type "Double"]       1.0701488046859999e+03
   &CPCMDIELENERGY [&Type "Double"]      -1.2887841799999999e-01
$End
$MP2_Energies
   &GeometryIndex 26
   &ListStatus       IN
   &REFENERGY [&Type "Double"]      -3.0770575852957722e+03  "Reference Energy"
   &CORRENERGY [&Type "Double"]      -3.3949560634912133e+00  "MP2 correlation energy"
   &TOTALENERGY [&Type "Double"]      -3.0804525413592633e+03  "MP2 total energy"
$End
$MP2_Nuc_Gradient
   &GeometryIndex 26
   &ListStatus       IN
   &NATOMS [&Type "Integer"] 81
   &GRADNORM [&Type "Double"]       2.9720556445613287e-03
   &GRAD [&Type "ArrayOfDoubles", &Dim (81,1)] 
                                                         0

0                                      1.0115148139904027e-03
1                                      1.8911932117881593e-04
2                                      1.4809809952128980e-05
3                                     -3.8895790900189686e-06
4                                     -2.4064633364701687e-04
5                                     -2.9864671121024311e-06
6                                     -7.6766622637725046e-05
7                                      1.1396337787101390e-04
8                                     -1.1835394714936054e-04
9                                     -2.0345985668931282e-04
10                                     1.8602997930274468e-04
11                                     2.9174777548244407e-05
12                                    -4.6276129590728382e-05
13                                    -1.8773966198943129e-04
14                                     3.6011219741817480e-05
15                                    -1.2425520920295724e-04
16                                    -3.2859834495386001e-04
17                                     1.8728475649768678e-04
18                                    -8.3907207247505000e-05
19                                     2.6390905709994250e-05
20                                    -1.3542296936887299e-04
21                                     6.6477793057441448e-05
22                                     5.3080127971948630e-05
23                                    -1.5462630505795605e-04
24                                     2.3259797549392280e-05
25                                     1.9692938710819119e-05
26                                    -1.2128322476183829e-04
27                                     7.4541148187293182e-05
28                                    -2.2513076288332361e-05
29                                    -7.1300819867021331e-05
30                                     2.0599507987959908e-05
31                                    -5.8874914752522420e-05
32                                    -2.0161931723397530e-06
33                                     3.9861059882420613e-05
34                                     1.8540300730653103e-05
35                                     1.5379770235718349e-05
36                                     3.8654701846559114e-05
37                                    -1.1508026308815894e-04
38                                    -1.1386175757595622e-04
39                                    -1.8161812372531000e-03
40                                    -5.1782203413271903e-05
41                                     2.3889234534007087e-04
42                                     1.4043137623896747e-03
43                                    -9.4655805292477579e-05
44                                    -5.8593057331586540e-05
45                                    -1.0640207617589742e-04
46                                     4.5363365089631791e-04
47                                    -2.4734692329691013e-04
48                                     5.8609981999468985e-05
49                                     3.7281031609450593e-04
50                                    -1.1775128256717726e-04
51                                    -1.0445832174027156e-04
52                                    -1.2509515931940357e-05
53                                     1.2035041319445432e-04
54                                     1.3276052881272538e-04
55                                     3.2384625403017453e-04
56                                    -1.5706489621876429e-04
57                                    -4.6516902259957117e-04
58                                    -3.7019430123725466e-04
59                                    -3.8871177567305001e-04
60                                     8.3292366737888757e-05
61                                    -5.1641737518674791e-04
62                                     6.4684707610915271e-04
63                                    -1.5524498992718072e-05
64                                     2.4947173567640285e-05
65                                    -1.0827584649847344e-06
66                                     7.8749103378419893e-05
67                                     6.6427961142704467e-05
68                                     1.3008639946958823e-04
69                                     2.4195254800333729e-04
70                                     4.9814231144855448e-05
71                                     1.7811575860806478e-05
72                                    -7.0931702819959988e-05
73                                    -6.1642445563440951e-05
74                                    -7.7892471508984179e-05
75                                     7.9741174614372801e-06
76                                    -1.9071830348604824e-06
77                                     9.5955631565988742e-06
78                                     2.6356380896451481e-05
79                                    -1.9804756555869690e-04
80                                     3.6073658521602880e-06
$End
$Geometry
   &GeometryIndex 27
   &ListStatus       OUT
   &NATOMS [&Type "Integer"] 27
   &NCORELESSECP [&Type "Integer"] 0
   &NGHOSTATOMS [&Type "Integer"] 0
   &CartesianCoordinates [&Type "Coordinates", &Dim(27,4), &Units "Bohr"] 
              S      6.013572423119    3.252535809546   -2.768604611304
              O      2.855868286520    5.523313234641    4.534736919691
              O      0.632927056546    5.111565035838    0.933413000569
              N      2.567577764758    0.048121368167    3.427375320309
              C      3.881876237047    2.021912206600    1.967931758620
              C      4.016371813569    1.240467833314   -0.783659121913
              C      2.308275191547    4.389345791915    2.320614406933
              H      5.802299585028    2.407659893198    2.669141998058
              H      4.792067761641   -0.673354117348   -0.856946313718
              H      2.106746649707    1.181054122015   -1.559424410773
              H      2.639465659253    0.499067231158    5.299222165460
              H      3.577972773821   -1.581324601932    3.250593853432
              H      1.700818689390    6.950168720011    4.721698460339
              Cu     7.072606477572    6.455296832411   -0.582683987689
              S      8.448132366113    9.598295637202    1.531685939961
              O      8.470410607344   13.992215520579    6.583952949284
              O      6.078734058638   10.763480967728    7.959054789976
              N     11.084609898402    8.523905246643    8.694382753590
              C     10.299561184431    9.896595614248    6.420216411573
              C      9.500369275634    7.998479163357    4.410684008757
              C      8.047524559849   11.537502681447    7.079741276780
              H     11.779441843141   11.117925289788    5.640590192819
              H     11.121360072482    6.777845896529    4.001681931995
              H      7.984589623060    6.823286296522    5.181643337303
              H     11.856042260409    9.760491301201    9.951774610265
              H     12.513938472195    7.335040639039    8.194990720076
              H      6.934402667507   14.910981533763    7.027397550246
$End
$SCF_Energy
   &GeometryIndex 27
   &ListStatus       IN
   &SCF_ENERGY [&Type "Double"]      -3.0770568359993454e+03
$End
$Solvation_Details
   &GeometryIndex 27
   &ListStatus       IN
   &SOLVENT [&Type "String"] "WATER"
   &EPSILON [&Type "Double"]       8.0150999999999996e+01
   &REFRAC [&Type "Double"]       1.3328000000000000e+00
   &RSOLV [&Type "Double"]       1.3000000000000000e+00
   &SURFACETYPE [&Type "String"] "GAUSSIAN VDW"
   &NPOINTS [&Type "Integer"] 2472
   &SURFACEAREA [&Type "Double"]       1.0611547576630001e+03
   &CPCMDIELENERGY [&Type "Double"]      -1.2848815000000000e-01
$End
$MP2_Energies
   &GeometryIndex 27
   &ListStatus       IN
   &REFENERGY [&Type "Double"]      -3.0770568359993454e+03  "Reference Energy"
   &CORRENERGY [&Type "Double"]      -3.3956564737463464e+00  "MP2 correlation energy"
   &TOTALENERGY [&Type "Double"]      -3.0804524924730918e+03  "MP2 total energy"
$End
$MP2_Nuc_Gradient
   &GeometryIndex 27
   &ListStatus       IN
   &NATOMS [&Type "Integer"] 81
   &GRADNORM [&Type "Double"]       3.4052318510177956e-03
   &GRAD [&Type "ArrayOfDoubles", &Dim (81,1)] 
                                                         0

0                                      1.1716956946388277e-03
1                                      1.8767241290761072e-04
2                                     -4.0058807189968446e-04
3                                     -6.5137039008261732e-06
4                                     -1.1939771705204300e-04
5                                      3.7079578673910457e-04
6                                      4.8635139390851290e-05
7                                     -1.9057427421878548e-04
8                                      4.9052242364386323e-04
9                                     -1.3289424291636209e-04
10                                    -1.1701970301094405e-04
11                                    -1.1466673245521392e-04
12                                     1.7003786054234013e-04
13                                    -1.8230042721711047e-04
14                                    -2.7926038655839980e-07
15                                    -2.8109822743316998e-04
16                                     2.1362191090678814e-04
17                                     4.4201418152825522e-04
18                                     7.8933380338527814e-05
19                                     2.3270634546263338e-04
20                                    -8.3887541271671084e-04
21                                    -4.3317554192019714e-05
22                                     1.5117133726473119e-04
23                                    -1.8163655558815946e-04
24                                     1.4295427239282427e-04
25                                     1.0443499879796148e-05
26                                    -1.5817995600199745e-04
27                                     8.0066037738760198e-05
28                                    -1.6608748829261607e-05
29                                    -1.6915262159599917e-04
30                                     1.8289509205559988e-05
31                                     1.8180319303017639e-05
32                                     9.8254727139396314e-05
33                                    -2.1702206195670093e-05
34                                     6.3471159843148106e-05
35                                    -4.1371183548107385e-06
36                                    -1.2376361440723932e-04
37                                     4.1186255423729390e-05
38                                    -6.9682622837479672e-05
39                                    -2.0664268901475920e-03
40                                    -5.4631151613083128e-04
41                                     7.1334150312553531e-04
42                                     1.1383143283180460e-03
43                                    -2.0903434065672882e-04
44                                    -4.3655492413155993e-04
45                                     2.3520219140760190e-04
46                                     3.0441929094417869e-04
47                                    -3.1346417924630818e-04
48                                     6.2437820939606481e-05
49                                     8.6779351524630954e-05
50                                    -2.2294775256222199e-04
51                                    -6.0893477067804763e-05
52                                    -1.8825415857967945e-04
53                                     8.5705969293234374e-05
54                                    -3.4887620945708853e-06
55                                     1.2777737990700075e-04
56                                    -3.1884271212784254e-05
57                                    -3.9946375052089984e-04
58                                     1.7225271515783347e-04
59                                    -5.1408079644961469e-04
60                                    -3.0056224712637913e-05
61                                    -4.4034996303897803e-04
62                                     6.2390401618334784e-04
63                                    -5.2160033564393332e-05
64                                    -7.6623027040617631e-06
65                                    -1.2627739673755183e-04
66                                     2.7181680563814759e-05
67                                     1.5835756443025040e-05
68                                     1.9728902786951639e-04
69                                     1.6842597654043515e-04
70                                    -1.7566826134629565e-05
71                                     2.7899097235144742e-04
72                                    -3.5156567774953518e-05
73                                     5.4681439832525436e-05
74                                    -1.5103941498523926e-05
75                                    -6.5981166633741206e-05
76                                     7.3557226103564827e-05
77                                    -2.9140520461941322e-05
78                                    -1.3090995103282044e-04
79                                    -1.2644412005291539e-04
80                                     1.6158508478331113e-05
$End
$Geometry
   &GeometryIndex 28
   &ListStatus       OUT
   &NATOMS [&Type "Integer"] 27
   &NCORELESSECP [&Type "Integer"] 0
   &NGHOSTATOMS [&Type "Integer"] 0
   &CartesianCoordinates [&Type "Coordinates", &Dim(27,4), &Units "Bohr"] 
              S      6.024504907789    3.247708008140   -2.745763787957
              O      2.929116326809    5.586151177308    4.512320897758
              O      0.653428425286    5.124195388988    0.949349139968
              N      2.537747874164    0.063441457693    3.445950684085
              C      3.884018484951    2.023260244259    1.997596219273
              C      4.029604462063    1.237496234522   -0.754730710512
              C      2.335391748474    4.408982501904    2.333289822310
              H      5.803949555209    2.383977265722    2.712824758998
              H      4.810497784403   -0.674340272248   -0.823104409378
              H      2.121563748972    1.172705205985   -1.534238495550
              H      2.599854661641    0.515222820782    5.318026533623
              H      3.534749382290   -1.575649443849    3.279536464363
              H      1.799611502774    7.035479494370    4.682156381168
              Cu     7.086107918298    6.475658316866   -0.594380577421
              S      8.450587903430    9.633590785198    1.505272971644
              O      8.418490201102   13.966175615799    6.632046902455
              O      6.044277657915   10.687328007283    7.917271824017
              N     11.069869989229    8.492863696655    8.668549650418
              C     10.286917907382    9.888688037647    6.407048930071
              C      9.516653515392    8.009847902482    4.367445775619
              C      8.013812740172   11.497721517663    7.071449653154
              H     11.763272497702   11.131223651207    5.655239214448
              H     11.152913499347    6.814221892353    3.944796354271
              H      8.010412524917    6.808274411503    5.116306351484
              H     11.825782903020    9.720666186161    9.944477666653
              H     12.512923997937    7.323479832016    8.161441434619
              H      6.871501138053   14.863505211172    7.081026261056
$End
$SCF_Energy
   &GeometryIndex 28
   &ListStatus       IN
   &SCF_ENERGY [&Type "Double"]      -3.0770567925698624e+03
$End
$Solvation_Details
   &GeometryIndex 28
   &ListStatus       IN
   &SOLVENT [&Type "String"] "WATER"
   &EPSILON [&Type "Double"]       8.0150999999999996e+01
   &REFRAC [&Type "Double"]       1.3328000000000000e+00
   &RSOLV [&Type "Double"]       1.3000000000000000e+00
   &SURFACETYPE [&Type "String"] "GAUSSIAN VDW"
   &NPOINTS [&Type "Integer"] 2478
   &SURFACEAREA [&Type "Double"]       1.0586663912890001e+03
   &CPCMDIELENERGY [&Type "Double"]      -1.2848990599999999e-01
$End
$MP2_Energies
   &GeometryIndex 28
   &ListStatus       IN
   &REFENERGY [&Type "Double"]      -3.0770567925698624e+03  "Reference Energy"
   &CORRENERGY [&Type "Double"]      -3.3957190785174403e+00  "MP2 correlation energy"
   &TOTALENERGY [&Type "Double"]      -3.0804525116483796e+03  "MP2 total energy"
$End
$MP2_Nuc_Gradient
   &GeometryIndex 28
   &ListStatus       IN
   &NATOMS [&Type "Integer"] 81
   &GRADNORM [&Type "Double"]       3.0789091700747073e-03
   &GRAD [&Type "ArrayOfDoubles", &Dim (81,1)] 
                                                         0

0                                      9.6092138832948835e-04
1                                      6.6225995334272952e-05
2                                     -5.5102087557095704e-04
3                                      3.3342525190179634e-04
4                                      4.3578325814841445e-04
5                                      2.1311287229686809e-04
6                                      5.7571508682227601e-05
7                                      2.4273569658309763e-04
8                                     -1.0777122037156084e-04
9                                     -1.4826544403337416e-04
10                                     2.1569323006816535e-05
11                                    -2.1242256538839092e-04
12                                    -3.1562820636581862e-05
13                                     1.8229811395540849e-04
14                                     5.1877840958401700e-04
15                                    -1.3829221675875497e-04
16                                    -1.9863486153277182e-04
17                                     8.0376644121360474e-05
18                                    -4.4487681231298454e-04
19                                    -9.0323852481669076e-04
20                                     1.4701502760623708e-05
21                                     4.3689050306078281e-05
22                                    -1.8056608799421701e-04
23                                    -3.9723737732262621e-05
24                                     2.0414045287480559e-04
25                                     3.2003826045453460e-05
26                                    -2.5315431492636624e-04
27                                     4.8663921094919960e-05
28                                     5.9953778866934666e-06
29                                    -1.9616835207188384e-04
30                                     6.0018944574166937e-05
31                                     8.1754403097385187e-05
32                                     4.4164929435611122e-05
33                                     5.1827694563244542e-05
34                                    -1.0104753326377336e-05
35                                     5.4887224900787221e-06
36                                    -5.2362959547590932e-05
37                                     1.5133197955059796e-04
38                                     3.2906734805048920e-05
39                                    -1.6059391769212886e-03
40                                    -1.4380104444774067e-04
41                                     9.1644757637546377e-04
42                                     7.9761618859373971e-04
43                                    -5.5747662364904332e-05
44                                    -5.7313861049385073e-04
45                                     3.8631779096458263e-05
46                                     4.1106725969746599e-04
47                                    -5.3029494635856156e-05
48                                    -2.9640813879575068e-04
49                                    -2.0484771433961629e-04
50                                    -1.9867492703815048e-05
51                                    -1.3154212560134021e-04
52                                    -3.3082241929893036e-04
53                                     2.8695898577528814e-05
54                                     2.3110364180293358e-05
55                                     3.5052799528558290e-04
56                                     3.8976860707556904e-04
57                                    -4.7044024819248471e-04
58                                    -3.3452838632909432e-05
59                                    -6.0375064188872979e-04
60                                     3.6742422130128793e-04
61                                    -3.4229880983318445e-04
62                                    -1.9684696842816457e-04
63                                     9.5521155478270336e-05
64                                    -1.9878371148823737e-04
65                                    -1.5687217187086364e-05
66                                     1.0697240346746462e-04
67                                     8.8292026490313646e-06
68                                     8.5065799495716646e-05
69                                    -7.3898793433169185e-07
70                                     2.9920736110272683e-06
71                                     2.3621419548475707e-04
72                                     5.1523779572461639e-05
73                                     1.4880379593455728e-04
74                                     2.4844401302733660e-05
75                                     2.9874134533525859e-05
76                                     5.4810759043615043e-05
77                                    -2.3364316279344405e-05
78                                    -7.6235493693725676e-05
79                                    -4.1007841077009277e-05
80                                     5.6134567755494746e-06
$End
$Geometry
   &GeometryIndex 29
   &ListStatus       OUT
   &NATOMS [&Type "Integer"] 27
   &NCORELESSECP [&Type "Integer"] 0
   &NGHOSTATOMS [&Type "Integer"] 0
   &CartesianCoordinates [&Type "Coordinates", &Dim(27,4), &Units "Bohr"] 
              S      6.049396862017    3.227944148767   -2.732772237989
              O      2.847602403939    5.564964053920    4.492536919970
              O      0.638466095118    5.109613213627    0.887678551037
              N      2.502946276757    0.054568040543    3.426953198187
              C      3.857511705938    2.013930584964    1.985392016819
              C      4.030970233212    1.222124104988   -0.762061087759
              C      2.298210631207    4.395789307312    2.298620602901
              H      5.768917683678    2.383819150312    2.718955534798
              H      4.809341664336   -0.691047686697   -0.817888595385
              H      2.131149842044    1.159144278405   -1.561084051572
              H      2.544780469154    0.511047045642    5.298104040437
              H      3.504387086749   -1.583067932401    3.274143772262
              H      1.709065110306    7.008303544522    4.648549661865
              Cu     7.092207065397    6.458570532760   -0.571758698717
              S      8.432512472257    9.621516657872    1.533881364929
              O      8.407581981164   13.968152628503    6.638819077303
              O      6.084490086600   10.675129192148    7.978050359724
              N     11.138211220728    8.531807383922    8.671236838260
              C     10.314746462432    9.910179494460    6.413964147873
              C      9.542741528576    8.016690690360    4.389665979839
              C      8.033331122351   11.499572953376    7.099288476061
              H     11.768305074077   11.166889641365    5.641155747932
              H     11.185210299208    6.834719689978    3.953624244707
              H      8.055329787833    6.802661583161    5.155624104358
              H     11.895216190738    9.771050609804    9.934820816873
              H     12.586328692285    7.373635720415    8.153093636630
              H      6.858605210619   14.854166515552    7.102611489297
$End
$SCF_Energy
   &GeometryIndex 29
   &ListStatus       IN
   &SCF_ENERGY [&Type "Double"]      -3.0770571509220395e+03
$End
$Solvation_Details
   &GeometryIndex 29
   &ListStatus       IN
   &SOLVENT [&Type "String"] "WATER"
   &EPSILON [&Type "Double"]       8.0150999999999996e+01
   &REFRAC [&Type "Double"]       1.3328000000000000e+00
   &RSOLV [&Type "Double"]       1.3000000000000000e+00
   &SURFACETYPE [&Type "String"] "GAUSSIAN VDW"
   &NPOINTS [&Type "Integer"] 2471
   &SURFACEAREA [&Type "Double"]       1.0628596561940001e+03
   &CPCMDIELENERGY [&Type "Double"]      -1.2866201599999999e-01
$End
$MP2_Energies
   &GeometryIndex 29
   &ListStatus       IN
   &REFENERGY [&Type "Double"]      -3.0770571509220395e+03  "Reference Energy"
   &CORRENERGY [&Type "Double"]      -3.3953958642508320e+00  "MP2 correlation energy"
   &TOTALENERGY [&Type "Double"]      -3.0804525467862904e+03  "MP2 total energy"
$End
$MP2_Nuc_Gradient
   &GeometryIndex 29
   &ListStatus       IN
   &NATOMS [&Type "Integer"] 81
   &GRADNORM [&Type "Double"]       2.4409411102196497e-03
   &GRAD [&Type "ArrayOfDoubles", &Dim (81,1)] 
                                                         0

0                                      8.7513617417351100e-04
1                                     -1.3683537361244055e-04
2                                     -4.8253541194278292e-04
3                                      8.7303226513416043e-06
4                                      1.7285052720574304e-04
5                                      7.8327658040860948e-07
6                                      7.3383216426733955e-05
7                                      5.2653429934129692e-05
8                                     -5.0173418561089145e-05
9                                     -7.3771081827128659e-05
10                                     1.3978164326016763e-05
11                                    -6.3533856746950459e-05
12                                     2.1166585644979974e-07
13                                     6.3526426971473315e-05
14                                     1.8011770993475035e-04
15                                    -2.6452192983889358e-04
16                                    -1.0956288898169957e-04
17                                     1.8734902359429650e-04
18                                    -1.8861114271850193e-04
19                                    -3.2265844305438135e-04
20                                    -2.5938549373417941e-05
21                                     4.6144529695479886e-05
22                                    -8.0985837045804629e-05
23                                    -1.4455551088218485e-05
24                                     1.4467195705908549e-04
25                                     2.5307067321206356e-05
26                                    -1.5184506118284813e-04
27                                     6.4779576577550513e-05
28                                     4.0791383083211945e-05
29                                    -1.2506239746793053e-04
30                                     2.1432373582022136e-05
31                                     7.2422488349155323e-06
32                                    -3.3945461128240262e-05
33                                     1.4021058586482366e-05
34                                    -4.0348688768357399e-05
35                                     1.8099085205846438e-05
36                                     6.2019858064941980e-05
37                                    -4.3028552851258339e-05
38                                    -1.5686238927680157e-05
39                                    -1.5434905166910073e-03
40                                     9.9453615666569590e-05
41                                     8.9196286530416908e-04
42                                     8.7954849671854993e-04
43                                    -1.8511032728635128e-04
44                                    -4.4562078290427687e-04
45                                    -3.1573108867859190e-05
46                                     8.8134647204172328e-05
47                                     1.0421917524178204e-05
48                                    -5.6463337239229250e-05
49                                     1.7737368683642951e-05
50                                     2.4645201324065280e-05
51                                    -1.6791690625253541e-05
52                                    -1.0949160476981558e-04
53                                     2.1099953042332670e-05
54                                    -3.6503533274773528e-05
55                                     1.3017422306863674e-04
56                                     2.0591966559100477e-04
57                                    -2.5523601923557737e-04
58                                     6.9605655060665794e-05
59                                    -2.8728008026336280e-04
60                                     8.0267681883017250e-05
61                                    -1.2230447461288735e-04
62                                    -1.6989448079449826e-04
63                                     5.9908606670718012e-05
64                                    -7.8395713897051050e-05
65                                     2.3487740986715550e-06
66                                     6.5779539135685933e-05
67                                    -5.7353642770596736e-06
68                                     4.4948774403196466e-05
69                                     2.4536385627681179e-05
70                                     5.4554028851187125e-05
71                                     4.4791144378882736e-05
72                                    -4.3924025377815173e-06
73                                     2.5056372261422072e-05
74                                    -6.1824245423981739e-06
75                                     3.0755680086588105e-05
76                                    -5.0606336902681015e-06
77                                     6.0692688206125112e-06
78                                    -6.3175362637335475e-06
79                                    -6.6824923300606159e-05
80                                    -1.9940700152383528e-05
$End
$Geometry
   &GeometryIndex 30
   &ListStatus       OUT
   &NATOMS [&Type "Integer"] 27
   &NCORELESSECP [&Type "Integer"] 0
   &NGHOSTATOMS [&Type "Integer"] 0
   &CartesianCoordinates [&Type "Coordinates", &Dim(27,4), &Units "Bohr"] 
              S      6.039502293738    3.232313231390   -2.743896937529
              O      2.846218332020    5.562229996727    4.504248696718
              O      0.644635095953    5.115512516993    0.894037655720
              N      2.532330989450    0.064015711787    3.438505066286
              C      3.871338500985    2.024961342304    1.984349301316
              C      4.029125027656    1.229565219269   -0.762399782545
              C      2.305686228451    4.402239310651    2.303670128178
              H      5.785735387588    2.403156345693    2.705885660332
              H      4.804563118341   -0.684723563944   -0.819839659053
              H      2.125039721550    1.168464845412   -1.551042557623
              H      2.583565182788    0.523896759884    5.308507533061
              H      3.537320504984   -1.570978416085    3.282108429918
              H      1.700304449818    6.999035378803    4.665902726298
              Cu     7.093393328825    6.459018731713   -0.582417810946
              S      8.433398529255    9.617487850895    1.529841582679
              O      8.418405514888   13.965934331162    6.628096839456
              O      6.075028745331   10.687109273787    7.966735891146
              N     11.117176724218    8.519024289467    8.673276606896
              C     10.305537671608    9.898918717440    6.413092228950
              C      9.530235331785    8.007989186243    4.388550615297
              C      8.030151048662   11.500551974521    7.091919004217
              H     11.765966719892   11.149330381325    5.642767352047
              H     11.167514043899    6.817767071710    3.955837850358
              H      8.034945871685    6.800573782180    5.149754288771
              H     11.877486218547    9.754813582960    9.937985625896
              H     12.559636354326    7.351832050336    8.159838440269
              H      6.873322322479   14.861835244959    7.085891134526
$End
$SCF_Energy
   &GeometryIndex 30
   &ListStatus       IN
   &SCF_ENERGY [&Type "Double"]      -3.0770571188122349e+03
$End
$Solvation_Details
   &GeometryIndex 30
   &ListStatus       IN
   &SOLVENT [&Type "String"] "WATER"
   &EPSILON [&Type "Double"]       8.0150999999999996e+01
   &REFRAC [&Type "Double"]       1.3328000000000000e+00
   &RSOLV [&Type "Double"]       1.3000000000000000e+00
   &SURFACETYPE [&Type "String"] "GAUSSIAN VDW"
   &NPOINTS [&Type "Integer"] 2472
   &SURFACEAREA [&Type "Double"]       1.0620691693050001e+03
   &CPCMDIELENERGY [&Type "Double"]      -1.2866198800000000e-01
$End
$MP2_Energies
   &GeometryIndex 30
   &ListStatus       IN
   &REFENERGY [&Type "Double"]      -3.0770571188122349e+03  "Reference Energy"
   &CORRENERGY [&Type "Double"]      -3.3954205045168955e+00  "MP2 correlation energy"
   &TOTALENERGY [&Type "Double"]      -3.0804525393167519e+03  "MP2 total energy"
$End
$MP2_Nuc_Gradient
   &GeometryIndex 30
   &ListStatus       IN
   &NATOMS [&Type "Integer"] 81
   &GRADNORM [&Type "Double"]       2.2879008867303951e-03
   &GRAD [&Type "ArrayOfDoubles", &Dim (81,1)] 
                                                         0

0                                      8.2675568139614283e-04
1                                     -1.0392467452734547e-04
2                                     -4.0206188399847381e-04
3                                     -1.0375124945553871e-04
4                                      2.8146535714621695e-05
5                                     -3.8866022908284892e-05
6                                      3.8886731652088002e-05
7                                     -9.7836361206138367e-05
8                                      2.3379375419782522e-05
9                                     -1.0734266472398057e-05
10                                    -3.5150003620243279e-05
11                                    -8.2495939694431780e-06
12                                     8.6091001022650659e-05
13                                    -5.9258189324753324e-05
14                                    -3.3551919025182064e-05
15                                    -3.4375241915143850e-04
16                                    -5.6714053951977678e-05
17                                     2.0578952985848831e-04
18                                     7.8293128963347058e-05
19                                     8.5326961373578120e-05
20                                    -8.1345991203851664e-05
21                                    -2.2776291848658481e-06
22                                    -1.6351653238527025e-05
23                                    -3.0393810449176606e-06
24                                     1.0968112259015367e-04
25                                     1.7189362694482874e-05
26                                    -9.8129319840335174e-05
27                                     7.6522176204164849e-05
28                                     6.6145367707347519e-05
29                                    -9.1310475369586405e-05
30                                    -9.4472147152424319e-06
31                                    -2.2281753238165281e-05
32                                    -2.6065131119315521e-05
33                                    -1.5681678281889017e-05
34                                    -2.8300771188226326e-05
35                                     1.8678327135726765e-05
36                                     3.1485942805081768e-05
37                                    -7.3844526245994691e-05
38                                    -3.2557920104808215e-05
39                                    -1.5268023701659238e-03
40                                     1.9332582233338742e-05
41                                     8.8017139610031218e-04
42                                     8.5124284241776000e-04
43                                    -1.6581835906526350e-04
44                                    -4.2975463661454674e-04
45                                    -2.5475410048506064e-05
46                                    -8.8800779399159785e-05
47                                    -1.7526699143399771e-06
48                                    -6.2394008140675972e-07
49                                     1.3090203797708200e-05
50                                    -4.2681938508329353e-05
51                                     1.1106810894900149e-05
52                                     1.9699854078505594e-05
53                                    -7.7044751306040021e-06
54                                    -4.1790243149165615e-05
55                                    -4.6011117086915132e-05
56                                     6.5684569635574702e-05
57                                    -6.6405281693028562e-05
58                                     1.2925008700021001e-04
59                                    -1.0477913760561022e-04
60                                     1.1406799326249550e-05
61                                     6.2009822046234925e-05
62                                    -4.9719451770541268e-06
63                                     1.9005877011826766e-05
64                                    -1.1287724059484694e-05
65                                    -3.5294501800845618e-06
66                                    -7.7484795674709339e-06
67                                    -3.6759096464066693e-05
68                                     1.7115910550008495e-05
69                                     8.5325165107633105e-06
70                                     2.1896435403866155e-05
71                                    -1.6167785041957747e-05
72                                    -3.6976055194416074e-05
73                                    -2.9221546253604264e-05
74                                    -1.6974131591414310e-05
75                                     1.0604083725569008e-05
76                                    -1.0674880582837998e-05
77                                     7.2546862195255885e-06
78                                    -4.1398700808062405e-06
79                                    -1.3985607295895208e-05
80                                    -3.4963825212052171e-05
$End
$Geometry
   &GeometryIndex 31
   &ListStatus       OUT
   &NATOMS [&Type "Integer"] 27
   &NCORELESSECP [&Type "Integer"] 0
   &NGHOSTATOMS [&Type "Integer"] 0
   &CartesianCoordinates [&Type "Coordinates", &Dim(27,4), &Units "Bohr"] 
              S      6.039335953423    3.228379599458   -2.754039062486
              O      2.837499603156    5.579259284749    4.508764251877
              O      0.657009056245    5.126665219643    0.886824601988
              N      2.573030159092    0.091704081502    3.465602249409
              C      3.892761554892    2.049969567644    1.990243917376
              C      4.037414841668    1.237977007679   -0.752083384721
              C      2.315286229985    4.420914463192    2.303759280949
              H      5.808631986251    2.443739591619    2.699618037262
              H      4.810608367517   -0.677425162973   -0.800734322124
              H      2.129424759986    1.174053965749   -1.530614054322
              H      2.631044610525    0.563938594118    5.332204384590
              H      3.585070227261   -1.539183196008    3.313685124036
              H      1.681983516731    7.008761216008    4.667304283169
              Cu     7.102530976517    6.460359515755   -0.603777211938
              S      8.416610900456    9.618651432746    1.524347384421
              O      8.417166898861   13.949446690820    6.628315721094
              O      6.059094842031   10.677241750709    7.957772356048
              N     11.093781448289    8.489840817521    8.665080169616
              C     10.289486474932    9.876903569714    6.407174697041
              C      9.512412807221    7.994602995096    4.376985231884
              C      8.018191163676   11.485451698407    7.087172289119
              H     11.753653365537   11.126457391273    5.642230945790
              H     11.146544510032    6.802826947776    3.937162108346
              H      8.013671162722    6.785869971794    5.129543294495
              H     11.860290926892    9.718303201835    9.932929391831
              H     12.528608520235    7.313857811549    8.150576317582
              H      6.876418394588   14.853307120205    7.085157908305
$End
$SCF_Energy
   &GeometryIndex 31
   &ListStatus       IN
   &SCF_ENERGY [&Type "Double"]      -3.0770570508307164e+03
$End
$Solvation_Details
   &GeometryIndex 31
   &ListStatus       IN
   &SOLVENT [&Type "String"] "WATER"
   &EPSILON [&Type "Double"]       8.0150999999999996e+01
   &REFRAC [&Type "Double"]       1.3328000000000000e+00
   &RSOLV [&Type "Double"]       1.3000000000000000e+00
   &SURFACETYPE [&Type "String"] "GAUSSIAN VDW"
   &NPOINTS [&Type "Integer"] 2472
   &SURFACEAREA [&Type "Double"]       1.0608538808270000e+03
   &CPCMDIELENERGY [&Type "Double"]      -1.2868736800000000e-01
$End
$MP2_Energies
   &GeometryIndex 31
   &ListStatus       IN
   &REFENERGY [&Type "Double"]      -3.0770570508307164e+03  "Reference Energy"
   &CORRENERGY [&Type "Double"]      -3.3955027162922127e+00  "MP2 correlation energy"
   &TOTALENERGY [&Type "Double"]      -3.0804525535470088e+03  "MP2 total energy"
$End
$MP2_Nuc_Gradient
   &GeometryIndex 31
   &ListStatus       IN
   &NATOMS [&Type "Integer"] 81
   &GRADNORM [&Type "Double"]       2.3523523058356921e-03
   &GRAD [&Type "ArrayOfDoubles", &Dim (81,1)] 
                                                         0

0                                      6.9860356939008966e-04
1                                     -1.5532626271087813e-04
2                                     -2.9840753974500617e-04
3                                     -1.5245558009082533e-04
4                                     -1.6150967359693583e-04
5                                     -1.4057365076080436e-04
6                                     -8.5624101423195653e-05
7                                     -2.1905968108697216e-04
8                                     -6.7778802416290640e-05
9                                      9.3401702695276867e-05
10                                    -4.4509521121375954e-05
11                                     7.0415298416781624e-05
12                                     2.1894671292374893e-04
13                                    -2.5011612579239548e-04
14                                    -2.7236434066135046e-04
15                                    -4.1883712423847197e-04
16                                    -1.3244240010512262e-05
17                                     1.0400446037323735e-04
18                                     3.8051868305172265e-04
19                                     5.2799698148264101e-04
20                                     1.2247639316128461e-04
21                                    -6.8008471445446528e-05
22                                     2.2994364926458982e-05
23                                     5.8879722387206873e-05
24                                     5.7725109859619456e-05
25                                     5.0795678790370447e-06
26                                    -1.8280953097606772e-05
27                                     7.8665693337046094e-05
28                                     1.0505290786731888e-04
29                                    -3.6959595729180866e-05
30                                    -5.1877532848349081e-05
31                                    -5.3388368801138633e-05
32                                    -1.1382427134609685e-05
33                                    -5.1574625174619082e-05
34                                    -2.4847327571436706e-06
35                                     1.5030167568718528e-06
36                                    -2.5561689893972145e-05
37                                    -4.7278277444641470e-05
38                                    -4.0128769345416319e-05
39                                    -1.2959313974171798e-03
40                                     1.4128546439518387e-05
41                                     8.9372873800166314e-04
42                                     7.1114042682859490e-04
43                                     2.2518696347163109e-05
44                                    -4.1470674007884623e-04
45                                    -6.2574152978445152e-05
46                                    -3.7246877371068660e-04
47                                     1.4982769849354594e-05
48                                     1.4856434209606362e-05
49                                    -4.5652294408865535e-05
50                                    -8.0501734328719543e-05
51                                     6.4836988118044392e-05
52                                     1.8443249836250925e-04
53                                    -5.4449788290328663e-05
54                                    -2.7118953224755660e-05
55                                    -3.4003164828347310e-04
56                                    -1.9314826550915348e-04
57                                     2.5947518208535927e-04
58                                     1.0533889957264203e-04
59                                     3.4588291069012275e-04
60                                    -8.0609569473588660e-05
61                                     3.6415921867229833e-04
62                                     7.9392079040181696e-05
63                                    -4.0552112664040546e-05
64                                     8.7342001188570745e-05
65                                     1.9616562806600013e-07
66                                    -9.7908199137936025e-05
67                                    -9.0518616409285962e-05
68                                    -6.5530967656712846e-05
69                                    -4.6614982777786612e-05
70                                    -3.5325059687844190e-05
71                                    -1.5785013642034308e-04
72                                    -6.3493595253870036e-05
73                                    -8.5566390339967408e-05
74                                     4.7659973188528271e-06
75                                    -2.1522902829723689e-05
76                                    -3.4796797126902812e-05
77                                     1.4930459873512339e-05
78                                     1.1100559699099566e-05
79                                     1.0776964064311903e-04
80                                    -5.4712248730735824e-05
$End
$Geometry
   &GeometryIndex 32
   &ListStatus       OUT
   &NATOMS [&Type "Integer"] 27
   &NCORELESSECP [&Type "Integer"] 0
   &NGHOSTATOMS [&Type "Integer"] 0
   &CartesianCoordinates [&Type "Coordinates", &Dim(27,4), &Units "Bohr"] 
              S      6.046946334508    3.221706844029   -2.779647053430
              O      2.798445004820    5.596027747522    4.511424562156
              O      0.673959237030    5.122802621822    0.859721296308
              N      2.674203576699    0.132242555106    3.512950786662
              C      3.943212835677    2.092697840951    1.996534660246
              C      4.072911435764    1.246265223124   -0.736067925050
              C      2.325032991065    4.439152769497    2.296272931106
              H      5.857804491407    2.530915146568    2.683798418000
              H      4.855449190753   -0.665762152886   -0.763009485978
              H      2.159143861544    1.161315206043   -1.497681184838
              H      2.738693550653    0.631741117975    5.372018109717
              H      3.713230217533   -1.482473526547    3.373483865161
              H      1.617143498064    7.005341851298    4.660770533029
              Cu     7.107902148736    6.471678953166   -0.652379067504
              S      8.318804438574    9.632246281604    1.532686894307
              O      8.484987045861   13.949101216354    6.635155222883
              O      6.048342220402   10.736229127129    7.968361269010
              N     11.033659322754    8.424205308750    8.647379528437
              C     10.251102023410    9.831653770835    6.395310160093
              C      9.421485439989    7.972755838789    4.366792221013
              C      8.023379940527   11.496389752114    7.090841211952
              H     11.739125758288   11.049799879599    5.625203295691
              H     11.028450045868    6.755626133496    3.897913168713
              H      7.907802487530    6.783859937893    5.121090119710
              H     11.847819862734    9.627986946441    9.908867146739
              H     12.424981494425    7.201520473785    8.122892735410
              H      6.973544804106   14.896848283122    7.100522491096
$End
$SCF_Energy
   &GeometryIndex 32
   &ListStatus       IN
   &SCF_ENERGY [&Type "Double"]      -3.0770569219426411e+03
$End
$Solvation_Details
   &GeometryIndex 32
   &ListStatus       IN
   &SOLVENT [&Type "String"] "WATER"
   &EPSILON [&Type "Double"]       8.0150999999999996e+01
   &REFRAC [&Type "Double"]       1.3328000000000000e+00
   &RSOLV [&Type "Double"]       1.3000000000000000e+00
   &SURFACETYPE [&Type "String"] "GAUSSIAN VDW"
   &NPOINTS [&Type "Integer"] 2469
   &SURFACEAREA [&Type "Double"]       1.0589255139679999e+03
   &CPCMDIELENERGY [&Type "Double"]      -1.2879831100000000e-01
$End
$MP2_Energies
   &GeometryIndex 32
   &ListStatus       IN
   &REFENERGY [&Type "Double"]      -3.0770569219426411e+03  "Reference Energy"
   &CORRENERGY [&Type "Double"]      -3.3955791590921520e+00  "MP2 correlation energy"
   &TOTALENERGY [&Type "Double"]      -3.0804525011017331e+03  "MP2 total energy"
$End
$MP2_Nuc_Gradient
   &GeometryIndex 32
   &ListStatus       IN
   &NATOMS [&Type "Integer"] 81
   &GRADNORM [&Type "Double"]       3.4162747033371931e-03
   &GRAD [&Type "ArrayOfDoubles", &Dim (81,1)] 
                                                         0

0                                      4.1963937231834225e-04
1                                     -2.6564778225970746e-04
2                                     -6.4838011145732996e-05
3                                     -2.2559185245023261e-04
4                                     -4.6689635079068606e-04
5                                     -4.6054553329388098e-04
6                                     -2.5271661475886886e-04
7                                     -3.3771511150468281e-04
8                                     -2.5523821809253500e-04
9                                      2.6794868650877740e-04
10                                     3.3605655825305440e-05
11                                     2.2571638739505261e-04
12                                     4.4410418065838134e-04
13                                    -6.0189807614677293e-04
14                                    -6.8988735254082306e-04
15                                    -5.1101450124238501e-04
16                                     9.2394152422931031e-05
17                                    -1.9214656328034319e-04
18                                     6.8079872576265466e-04
19                                     1.0755986979198474e-03
20                                     6.5132000860398248e-04
21                                    -1.5994707082692128e-04
22                                     1.9045643000516199e-05
23                                     1.9687529277250676e-04
24                                    -4.8125951873789416e-05
25                                    -2.6520383054749741e-05
26                                     1.3207917852134810e-04
27                                     6.5692011110708715e-05
28                                     1.3518728068525904e-04
29                                     6.3458740827070440e-05
30                                    -1.1136532324894930e-04
31                                    -9.2762629460948348e-05
32                                     2.6165288126683839e-05
33                                    -8.7596387559514544e-05
34                                     3.1513401727335799e-05
35                                    -3.3556228565834352e-05
36                                    -8.0682968937016014e-05
37                                     7.8847254913819165e-06
38                                    -3.5244773478242640e-05
39                                    -5.7840344637738461e-04
40                                    -8.3249656977891877e-06
41                                     6.8671944749637386e-04
42                                     2.3265146552627330e-04
43                                     5.2353776145010189e-04
44                                    -2.9756542897174491e-04
45                                    -2.3618392286089279e-04
46                                    -7.5043679804169885e-04
47                                     1.0157186603084595e-04
48                                     6.8769875702673344e-05
49                                    -1.5746814175227053e-04
50                                    -8.9311040712955481e-05
51                                     1.4916409063050334e-04
52                                     4.6773448016046611e-04
53                                    -1.7923527438968440e-04
54                                     6.9514651247978843e-06
55                                    -8.3198433805044963e-04
56                                    -5.7320153913061056e-04
57                                     8.2996585486285086e-04
58                                    -1.7360204214401237e-04
59                                     1.2531025442729556e-03
60                                    -1.4309498532347198e-04
61                                     9.0695015841927087e-04
62                                     1.4863727464570209e-04
63                                    -1.2265241864051896e-04
64                                     2.6612788054777153e-04
65                                     4.0651721002461783e-05
66                                    -2.7200875114221854e-04
67                                    -1.5971016763106222e-04
68                                    -2.5523056290261987e-04
69                                    -1.3512364226354531e-04
70                                    -1.3516375903753139e-04
71                                    -4.3880639835772173e-04
72                                    -9.6377371797760902e-05
73                                    -1.6578514681654666e-04
74                                     7.9755483109542752e-05
75                                    -8.8602188846025748e-05
76                                    -6.4451688113142946e-05
77                                     5.3891466177529226e-05
78                                     8.8271128329500681e-05
79                                     3.7015339324551061e-04
80                                    -1.1066588888912314e-04
$End
$Geometry
   &GeometryIndex 33
   &ListStatus       OUT
   &NATOMS [&Type "Integer"] 27
   &NCORELESSECP [&Type "Integer"] 0
   &NGHOSTATOMS [&Type "Integer"] 0
   &CartesianCoordinates [&Type "Coordinates", &Dim(27,4), &Units "Bohr"] 
              S      6.027949685369    3.227762054428   -2.807391752146
              O      2.832198646765    5.609050024106    4.532941199110
              O      0.697276627265    5.138785394785    0.887097389858
              N      2.747433062043    0.156847599749    3.544583414331
              C      3.984458402892    2.119154230375    2.004024665558
              C      4.084991366877    1.260092618053   -0.726351160244
              C      2.355436281140    4.456440131861    2.315820192932
              H      5.905111005186    2.572767086484    2.664718161161
              H      4.873105606413   -0.649766232406   -0.751274243154
              H      2.162655087410    1.163338053963   -1.464951362048
              H      2.831792235227    0.665379134743    5.400366605903
              H      3.795770441612   -1.451381772550    3.399057691927
              H      1.646241395750    7.013530336717    4.689699752084
              Cu     7.106843840384    6.483330816073   -0.696212788365
              S      8.289482456326    9.636110306110    1.514422884137
              O      8.526989017001   13.948560878155    6.630060700281
              O      6.020490672148   10.780573021210    7.940076364423
              N     10.958308019134    8.373037649258    8.639708734536
              C     10.213243789315    9.798513360582    6.385833659390
              C      9.359354262514    7.957377744477    4.351097376239
              C      8.014507957298   11.503607990340    7.074604191194
              H     11.727680060214   10.989055939393    5.624393896681
              H     10.949641453150    6.717304322985    3.884930471627
              H      7.825782523072    6.790455863360    5.099277264088
              H     11.794909234927    9.558424195364    9.904019523781
              H     12.324175863502    7.120679086089    8.118331312424
              H      7.031734265787   14.922845313876    7.092321764929
$End
$SCF_Energy
   &GeometryIndex 33
   &ListStatus       IN
   &SCF_ENERGY [&Type "Double"]      -3.0770567069480317e+03
$End
$Solvation_Details
   &GeometryIndex 33
   &ListStatus       IN
   &SOLVENT [&Type "String"] "WATER"
   &EPSILON [&Type "Double"]       8.0150999999999996e+01
   &REFRAC [&Type "Double"]       1.3328000000000000e+00
   &RSOLV [&Type "Double"]       1.3000000000000000e+00
   &SURFACETYPE [&Type "String"] "GAUSSIAN VDW"
   &NPOINTS [&Type "Integer"] 2469
   &SURFACEAREA [&Type "Double"]       1.0558475843080000e+03
   &CPCMDIELENERGY [&Type "Double"]      -1.2869745399999999e-01
$End
$MP2_Energies
   &GeometryIndex 33
   &ListStatus       IN
   &REFENERGY [&Type "Double"]      -3.0770567069480317e+03  "Reference Energy"
   &CORRENERGY [&Type "Double"]      -3.3957615031741031e+00  "MP2 correlation energy"
   &TOTALENERGY [&Type "Double"]      -3.0804524684512057e+03  "MP2 total energy"
$End
$MP2_Nuc_Gradient
   &GeometryIndex 33
   &ListStatus       IN
   &NATOMS [&Type "Integer"] 81
   &GRADNORM [&Type "Double"]       3.0346079182000116e-03
   &GRAD [&Type "ArrayOfDoubles", &Dim (81,1)] 
                                                         0

0                                      3.3447432145275284e-04
1                                     -3.2461819641478769e-04
2                                     -9.0999692784561950e-05
3                                     -1.0366168874526016e-04
4                                     -3.6548306498817781e-04
5                                     -3.3300618887945749e-04
6                                     -1.7887577839774405e-04
7                                     -2.8017835190937562e-04
8                                     -1.8421125505449498e-04
9                                      1.7905960484986688e-04
10                                     2.6955943248233374e-06
11                                     2.3408850760167632e-04
12                                     4.5980635910082904e-04
13                                    -5.6663746609762929e-04
14                                    -5.9215796919561553e-04
15                                    -4.5766567845093378e-04
16                                     2.3085798313463024e-04
17                                    -1.9341857954680020e-04
18                                     4.9405690239978650e-04
19                                     8.7948253934636705e-04
20                                     5.3599463559624722e-04
21                                    -1.3872960302685478e-04
22                                     1.0908986756924879e-05
23                                     1.7759864743480906e-04
24                                    -5.8554439427378757e-05
25                                    -3.7958594157474351e-05
26                                     1.4609510074742012e-04
27                                     4.3621759183640196e-05
28                                     8.7099674332424305e-05
29                                     3.5877487696055546e-05
30                                    -9.5613321289302056e-05
31                                    -7.6966923665723261e-05
32                                     2.3703621294973720e-05
33                                    -6.1127557936184462e-05
34                                     1.8445633257195559e-05
35                                    -4.9076989529028489e-05
36                                    -9.3199692210558377e-05
37                                     3.4344585826039109e-05
38                                    -5.5063015991387845e-05
39                                    -2.4883963891010244e-04
40                                     1.2032535553598575e-04
41                                     6.1641522685583656e-04
42                                    -1.9681716824467531e-05
43                                     5.2855000351948248e-04
44                                    -4.4528379791461577e-04
45                                    -1.8267179719510390e-04
46                                    -6.5279063453726333e-04
47                                     1.6157880979894568e-04
48                                     1.2521408839925863e-04
49                                    -9.2006582084330768e-05
50                                    -7.6637468342327653e-05
51                                     1.5927945132407362e-04
52                                     4.0794878334718572e-04
53                                    -1.0752376154554884e-04
54                                     2.9055843635663117e-05
55                                    -7.3306928755220366e-04
56                                    -5.0688253743294553e-04
57                                     7.3938303884645180e-04
58                                    -2.2304126685274150e-04
59                                     1.2825675097506775e-03
60                                    -2.7309160418238776e-04
61                                     7.8216335829111444e-04
62                                     6.4505528559827274e-05
63                                    -1.3341744873350547e-04
64                                     2.1810179172995769e-04
65                                     8.3978585359075625e-06
66                                    -2.4369510569829250e-04
67                                    -1.2545672660149720e-04
68                                    -2.3171225218626863e-04
69                                    -1.1296295434965256e-04
70                                    -1.6148796621406197e-04
71                                    -3.2982070370451456e-04
72                                    -9.9096029604495844e-05
73                                    -1.5788482992845632e-04
74                                     8.4854345022564864e-05
75                                    -1.0865552558459238e-04
76                                    -4.8117050926436977e-05
77                                     4.1947855628422792e-05
78                                     1.3290375167112484e-04
79                                     2.7734185815941545e-04
80                                    -1.0459627890175259e-04
$End
$Geometry
   &GeometryIndex 34
   &ListStatus       OUT
   &NATOMS [&Type "Integer"] 27
   &NCORELESSECP [&Type "Integer"] 0
   &NGHOSTATOMS [&Type "Integer"] 0
   &CartesianCoordinates [&Type "Coordinates", &Dim(27,4), &Units "Bohr"] 
              S      6.020656857663    3.216200973400   -2.825116521953
              O      2.860248293810    5.643391738070    4.538321116742
              O      0.722093779329    5.170441551350    0.894501895770
              N      2.782995918199    0.194497188256    3.576268177159
              C      4.007732061182    2.148765183778    2.016097750806
              C      4.094104222472    1.268482674797   -0.709282025376
              C      2.378198952819    4.485144536399    2.323631679606
              H      5.932882391546    2.609778958729    2.659484084616
              H      4.885731115828   -0.640165200113   -0.722577968279
              H      2.167980567394    1.159315264025   -1.437195203154
              H      2.877966909409    0.717410929476    5.427617489729
              H      3.835335554674   -1.411913750347    3.436951695151
              H      1.678897999626    7.051915330321    4.691696098595
              Cu     7.112859420683    6.481024001418   -0.738808273452
              S      8.281788962624    9.626542941781    1.489890916525
              O      8.506343131996   13.926142757813    6.641612903751
              O      5.994583526460   10.751269011515    7.923591550076
              N     10.924010703743    8.334779036034    8.624194413206
              C     10.189663778989    9.774980968846    6.375027151376
              C      9.338165499829    7.943489500254    4.328019870665
              C      7.991859401425   11.476807555583    7.067778886115
              H     11.710248505355   10.964022088352    5.624609429080
              H     10.931576331003    6.704504802761    3.868331907798
              H      7.802443427843    6.777138886701    5.072323564801
              H     11.762591424592    9.513297488320    9.894182511017
              H     12.288486271262    7.082286554811    8.099067366812
              H      7.008118248967   14.892324175250    7.110985443454
$End
$SCF_Energy
   &GeometryIndex 34
   &ListStatus       IN
   &SCF_ENERGY [&Type "Double"]      -3.0770564457131818e+03
$End
$Solvation_Details
   &GeometryIndex 34
   &ListStatus       IN
   &SOLVENT [&Type "String"] "WATER"
   &EPSILON [&Type "Double"]       8.0150999999999996e+01
   &REFRAC [&Type "Double"]       1.3328000000000000e+00
   &RSOLV [&Type "Double"]       1.3000000000000000e+00
   &SURFACETYPE [&Type "String"] "GAUSSIAN VDW"
   &NPOINTS [&Type "Integer"] 2467
   &SURFACEAREA [&Type "Double"]       1.0531629084480001e+03
   &CPCMDIELENERGY [&Type "Double"]      -1.2853127200000000e-01
$End
$MP2_Energies
   &GeometryIndex 34
   &ListStatus       IN
   &REFENERGY [&Type "Double"]      -3.0770564457131818e+03  "Reference Energy"
   &CORRENERGY [&Type "Double"]      -3.3960188273889949e+00  "MP2 correlation energy"
   &TOTALENERGY [&Type "Double"]      -3.0804524645405709e+03  "MP2 total energy"
$End
$MP2_Nuc_Gradient
   &GeometryIndex 34
   &ListStatus       IN
   &NATOMS [&Type "Integer"] 81
   &GRADNORM [&Type "Double"]       1.4388937671127183e-03
   &GRAD [&Type "ArrayOfDoubles", &Dim (81,1)] 
                                                         0

0                                      3.7772894371971948e-04
1                                     -2.6605827091836023e-04
2                                     -7.5036495179153437e-05
3                                      1.3368257968323499e-04
4                                      3.6164998387516745e-05
5                                      8.9199978956233661e-06
6                                     -3.6141392216748613e-06
7                                     -1.6393941219536301e-05
8                                     -7.7850472868679077e-05
9                                     -5.6627456650457098e-05
10                                     1.9771513328124823e-05
11                                     5.9660113310759655e-05
12                                     3.6213430437555261e-04
13                                    -2.9582663203600937e-04
14                                     3.9892670719396395e-05
15                                    -2.7579684744334643e-04
16                                     3.7498066337534296e-04
17                                    -7.6769301636789300e-05
18                                     4.2887508416529496e-05
19                                     3.1122471656756800e-05
20                                     1.2914449579026765e-04
21                                    -8.9621088807875782e-06
22                                     7.2823831091164276e-06
23                                     4.9837883470678183e-05
24                                    -3.8175593821538484e-05
25                                    -4.5524828729413130e-05
26                                     4.3560872092627493e-05
27                                    -1.2310272014259827e-07
28                                    -1.4767030594391552e-05
29                                    -1.1126398703452216e-04
30                                    -2.2477263808530056e-05
31                                    -8.8708391230412492e-06
32                                     7.6913300891059966e-06
33                                     1.0878692144295626e-05
34                                    -1.1535358086123271e-05
35                                    -4.4463026850658643e-05
36                                    -6.4640923086993485e-05
37                                     7.0507387109508546e-05
38                                    -4.0708251924247933e-05
39                                    -2.6456175361818529e-04
40                                     5.2026815051383311e-05
41                                     2.4365097809792794e-04
42                                    -1.1934096331637795e-04
43                                     2.5196741096634306e-04
44                                    -5.4857438398424850e-04
45                                    -1.1184013696423356e-05
46                                    -6.3391142511855930e-05
47                                     1.0141667501237239e-04
48                                     3.4907980958356899e-05
49                                    -3.9231128935363069e-05
50                                    -4.5027704997341322e-05
51                                    -2.6492575423246734e-06
52                                     1.4533978098064254e-04
53                                     3.1587632814217281e-05
54                                     1.5131013865183479e-04
55                                    -1.9113725186587632e-04
56                                    -1.5557186464808595e-04
57                                     2.3272398706260418e-04
58                                    -1.7712823401771355e-04
59                                     7.1091685966023777e-04
60                                    -1.9804954927327145e-04
61                                     5.2225785734348606e-05
62                                     9.9552928108995187e-06
63                                    -8.6807160296895058e-05
64                                     3.7980941482926300e-06
65                                    -1.2667537132575457e-05
66                                    -5.1091133438846414e-05
67                                    -3.0634138560851898e-05
68                                    -7.7883139072212892e-05
69                                    -3.7948012684571597e-05
70                                    -8.3054888731434739e-05
71                                    -4.7387897962356679e-05
72                                    -3.0740807613146084e-05
73                                    -1.8511925160176468e-05
74                                     7.7055372750652745e-05
75                                    -9.7914534988120805e-05
76                                    -2.6542082416439183e-05
77                                     2.8441326012809340e-05
78                                     8.2358204805517421e-05
79                                     1.1258562414677431e-06
80                                    -1.5187675725402555e-05
$End
$Geometry
   &GeometryIndex 35
   &ListStatus       OUT
   &NATOMS [&Type "Integer"] 27
   &NCORELESSECP [&Type "Integer"] 0
   &NGHOSTATOMS [&Type "Integer"] 0
   &CartesianCoordinates [&Type "Coordinates", &Dim(27,4), &Units "Bohr"] 
              S      6.034977558784    3.209791992703   -2.820287777456
              O      2.817117471177    5.636514257044    4.527844343713
              O      0.711589092540    5.161365464021    0.865283622499
              N      2.772591881357    0.193276736305    3.571041407052
              C      3.997546578973    2.148897470910    2.013027405434
              C      4.101955167028    1.262466032011   -0.709842049483
              C      2.357134338246    4.478909966753    2.307758375662
              H      5.917812223575    2.619013060807    2.664619734117
              H      4.899150843854   -0.643898399385   -0.713575733560
              H      2.180538773441    1.145302136130   -1.448753055759
              H      2.854409810851    0.722265828020    5.421293946625
              H      3.833324844047   -1.408559680807    3.443145396008
              H      1.630400492029    7.041209597897    4.673354556232
              Cu     7.115726992215    6.478551088662   -0.736809114784
              S      8.261952832213    9.623666260662    1.504141071634
              O      8.507202448621   13.928597167204    6.643106844572
              O      6.015263592951   10.750074772497    7.954205169855
              N     10.950396406863    8.342171351555    8.622455236303
              C     10.200785026856    9.780899033148    6.376982570671
              C      9.340602370741    7.946329952578    4.335312195849
              C      8.004201466020   11.478534182023    7.081355601626
              H     11.715930672694   10.971216611716    5.617718450527
              H     10.935472086111    6.711951801331    3.868008904002
              H      7.813494690065    6.776559485568    5.091770257645
              H     11.793954395382    9.523572776560    9.886562188856
              H     12.315444116170    7.093251303470    8.089983370491
              H      7.008587085920   14.889944898196    7.121502992306
$End
$SCF_Energy
   &GeometryIndex 35
   &ListStatus       IN
   &SCF_ENERGY [&Type "Double"]      -3.0770565002654293e+03
$End
$Solvation_Details
   &GeometryIndex 35
   &ListStatus       IN
   &SOLVENT [&Type "String"] "WATER"
   &EPSILON [&Type "Double"]       8.0150999999999996e+01
   &REFRAC [&Type "Double"]       1.3328000000000000e+00
   &RSOLV [&Type "Double"]       1.3000000000000000e+00
   &SURFACETYPE [&Type "String"] "GAUSSIAN VDW"
   &NPOINTS [&Type "Integer"] 2469
   &SURFACEAREA [&Type "Double"]       1.0550122051300000e+03
   &CPCMDIELENERGY [&Type "Double"]      -1.2860453699999999e-01
$End
$MP2_Energies
   &GeometryIndex 35
   &ListStatus       IN
   &REFENERGY [&Type "Double"]      -3.0770565002654293e+03  "Reference Energy"
   &CORRENERGY [&Type "Double"]      -3.3959693523303058e+00  "MP2 correlation energy"
   &TOTALENERGY [&Type "Double"]      -3.0804524696177596e+03  "MP2 total energy"
$End
$MP2_Nuc_Gradient
   &GeometryIndex 35
   &ListStatus       IN
   &NATOMS [&Type "Integer"] 81
   &GRADNORM [&Type "Double"]       1.0854616724073915e-03
   &GRAD [&Type "ArrayOfDoubles", &Dim (81,1)] 
                                                         0

0                                      4.1104275609851141e-04
1                                     -1.8433193798912673e-04
2                                      1.0454436658223661e-04
3                                      5.2752063711761221e-05
4                                      4.5321002383909986e-05
5                                      2.2420264023256808e-05
6                                     -1.0915232172392653e-05
7                                      6.2238831902400316e-05
8                                     -7.2798169946861058e-05
9                                     -8.9124741822856068e-05
10                                     4.1043161942732817e-05
11                                    -3.1402672389341940e-05
12                                     3.5377708889355527e-04
13                                    -2.1840766005069845e-04
14                                     1.9508132380439969e-04
15                                    -2.9588504994092560e-04
16                                     3.5274693041561361e-04
17                                    -9.6121171880507450e-05
18                                    -5.3530384018077304e-05
19                                    -1.7187608442439592e-04
20                                     3.3136921395476859e-05
21                                     3.1661604558350098e-05
22                                     1.7062349285598688e-06
23                                     1.7546237493634362e-06
24                                    -5.0733340316924669e-05
25                                    -4.9204213159664140e-05
26                                     4.7015364090268862e-05
27                                     1.9428435164059454e-05
28                                    -4.0209950372538730e-05
29                                    -1.0780445568329619e-04
30                                     2.5117051968711300e-06
31                                     6.5617664773611611e-06
32                                     5.1367515957467802e-07
33                                     1.4586206996635570e-05
34                                    -6.6156351124779800e-06
35                                    -1.8831364779420615e-05
36                                    -1.3929897710505956e-05
37                                     4.7266727567413236e-05
38                                    -1.5258008958906732e-05
39                                    -1.8967088473941505e-04
40                                     1.8594705747600583e-05
41                                    -7.6252833629645959e-05
42                                    -1.4666406715578735e-04
43                                     6.1371024040687144e-05
44                                    -2.4016084890295802e-04
45                                     3.9366408944981057e-05
46                                     1.3140355824372424e-04
47                                     1.6472468993229683e-05
48                                    -5.4725299457603072e-06
49                                     4.2758822618588210e-06
50                                     1.9309876197456943e-05
51                                    -5.5304057078042757e-05
52                                     4.7866432412394661e-05
53                                     7.1914187333160448e-05
54                                     8.6303035508002168e-05
55                                    -2.5809669798385060e-06
56                                    -1.3778079719453315e-04
57                                     6.0831726237728714e-05
58                                    -1.4761576926509978e-04
59                                     4.3439103338637625e-04
60                                    -4.8086082793274976e-05
61                                    -1.8261181491795522e-04
62                                     1.3528357265653324e-05
63                                    -2.9145885416154843e-05
64                                    -3.9709288448933761e-05
65                                     1.5359407515234610e-05
66                                     3.3149087533351773e-05
67                                     1.0470694887132481e-05
68                                    -3.3750859308389128e-05
69                                     5.7801514014958755e-06
70                                     7.7023507827796156e-06
71                                    -2.2986505002290866e-05
72                                    -4.7136805466415493e-06
73                                     1.4371898394611310e-05
74                                     4.8721479353003305e-05
75                                    -5.5347970373782057e-05
76                                    -3.7838232157000329e-05
77                                     5.0067695512558130e-05
78                                     1.6114201907502235e-05
79                                    -2.4812968168745619e-05
80                                     2.5069861129494928e-05
$End
$Geometry
   &GeometryIndex 36
   &ListStatus       OUT
   &NATOMS [&Type "Integer"] 27
   &NCORELESSECP [&Type "Integer"] 0
   &NGHOSTATOMS [&Type "Integer"] 0
   &CartesianCoordinates [&Type "Coordinates", &Dim(27,4), &Units "Bohr"] 
              S      6.012438630611    3.225015354997   -2.830195675436
              O      2.835046556723    5.621318160246    4.548643336213
              O      0.714964567500    5.169966643376    0.891467026370
              N      2.787236483597    0.188031520862    3.569950282236
              C      4.002989764990    2.148186178243    2.010231291405
              C      4.090762524251    1.270529359558   -0.715705298312
              C      2.365619837460    4.477659381307    2.323128166049
              H      5.927614451942    2.615368209532    2.650984611836
              H      4.887486612423   -0.635951643478   -0.730063429249
              H      2.165063139915    1.156342211284   -1.443606318859
              H      2.879218719890    0.712621413851    5.420981126544
              H      3.847719294597   -1.413178048563    3.432633754639
              H      1.649397891313    7.025165306803    4.708015978229
              Cu     7.117955899428    6.485007573709   -0.744908228117
              S      8.286422028439    9.621214969598    1.497416150761
              O      8.514912973015   13.932502816638    6.617766648482
              O      6.008144798266   10.769462976556    7.937349208033
              N     10.925056512093    8.337477171974    8.632042638656
              C     10.195849501543    9.777803983376    6.380510442743
              C      9.340392730865    7.944048071477    4.335377773201
              C      8.002688137635   11.486370438175    7.067622879657
              H     11.721995691916   10.959480367033    5.629665131048
              H     10.933529775704    6.702511217190    3.881238229787
              H      7.804310267526    6.782060297849    5.085739115815
              H     11.763174847883    9.517519435956    9.901000821078
              H     12.291173488062    7.085326828866    8.109657460070
              H      7.016398131134   14.900014951166    7.084262787761
$End
$SCF_Energy
   &GeometryIndex 36
   &ListStatus       IN
   &SCF_ENERGY [&Type "Double"]      -3.0770565666740686e+03
$End
$Solvation_Details
   &GeometryIndex 36
   &ListStatus       IN
   &SOLVENT [&Type "String"] "WATER"
   &EPSILON [&Type "Double"]       8.0150999999999996e+01
   &REFRAC [&Type "Double"]       1.3328000000000000e+00
   &RSOLV [&Type "Double"]       1.3000000000000000e+00
   &SURFACETYPE [&Type "String"] "GAUSSIAN VDW"
   &NPOINTS [&Type "Integer"] 2471
   &SURFACEAREA [&Type "Double"]       1.0547858223989999e+03
   &CPCMDIELENERGY [&Type "Double"]      -1.2857745900000001e-01
$End
$MP2_Energies
   &GeometryIndex 36
   &ListStatus       IN
   &REFENERGY [&Type "Double"]      -3.0770565666740686e+03  "Reference Energy"
   &CORRENERGY [&Type "Double"]      -3.3959168494162899e+00  "MP2 correlation energy"
   &TOTALENERGY [&Type "Double"]      -3.0804524835234847e+03  "MP2 total energy"
$End
$MP2_Nuc_Gradient
   &GeometryIndex 36
   &ListStatus       IN
   &NATOMS [&Type "Integer"] 81
   &GRADNORM [&Type "Double"]       9.4904784977457683e-04
   &GRAD [&Type "ArrayOfDoubles", &Dim (81,1)] 
                                                         0

0                                      3.7834367089552290e-04
1                                     -8.9565331675336285e-05
2                                      1.8348010326240879e-04
3                                     -2.3245006485893283e-05
4                                     -1.9407423729099482e-05
5                                      5.9699866065576757e-05
6                                     -8.5075501642661866e-06
7                                      4.0355524303023471e-05
8                                      9.6613568219550139e-06
9                                     -8.7618372845051085e-05
10                                     7.5050895537347520e-06
11                                    -4.0155007907312010e-05
12                                     3.0746937860420820e-04
13                                    -1.4985561893002090e-04
14                                     1.7407493362001786e-04
15                                    -3.5986439210843393e-04
16                                     2.6794929853083890e-04
17                                    -9.2604130884452185e-05
18                                    -3.2713780210857912e-05
19                                    -1.2868254037235252e-04
20                                    -1.0788096148102444e-04
21                                     3.2241932896664993e-05
22                                    -2.2269630326999038e-05
23                                    -3.0567073132284524e-05
24                                    -5.6564047470659615e-05
25                                    -4.9216666273180221e-05
26                                     7.8051427490040317e-05
27                                     3.4772028249363540e-05
28                                    -4.9645358178107579e-05
29                                    -6.5117135968507239e-05
30                                     1.2728962070311265e-05
31                                     8.6032833574098411e-06
32                                     3.4143068965430956e-06
33                                     4.4985382056036971e-06
34                                    -8.7176610069766847e-06
35                                     1.5331268972039458e-05
36                                     2.4080599582476658e-05
37                                    -1.8924391114401307e-05
38                                    -2.1882213129412534e-05
39                                    -1.5517613252496651e-04
40                                     1.2924381522830025e-04
41                                    -2.0980684601759007e-04
42                                     4.4720106908297148e-05
43                                    -1.2690239557413413e-04
44                                     3.4730822662070587e-05
45                                     8.6945131721187507e-05
46                                     1.5587959631220213e-04
47                                    -2.2371884373539874e-05
48                                    -6.6316021095080835e-06
49                                     4.8762142074471049e-05
50                                     3.4640840148057739e-05
51                                    -4.3116684658440346e-05
52                                    -4.1266075979587077e-05
53                                     1.3860259284451115e-04
54                                    -6.0730400858518413e-05
55                                     1.3746941441014279e-04
56                                    -9.7231992942727746e-05
57                                    -5.0765772347782442e-05
58                                    -3.0888722785445827e-05
59                                     6.0645386490105341e-05
60                                    -4.5823457352822672e-05
61                                    -2.4801587128346972e-04
62                                    -6.0050130379352140e-05
63                                     3.1381529124772239e-05
64                                    -6.7641749245540839e-05
65                                     2.2100708099607319e-05
66                                     5.4588544020232888e-05
67                                     3.5946717884656476e-05
68                                     2.1091676804721633e-05
69                                    -5.5937311840593973e-06
70                                     2.5212180892835584e-05
71                                     2.8172614094146980e-05
72                                    -5.2826173012315153e-06
73                                     1.1322373886790693e-05
74                                     6.0594027267851791e-06
75                                    -4.8645686309863045e-06
76                                    -3.6457376879368147e-05
77                                     5.4164196146195415e-05
78                                    -3.4304606337208499e-05
79                                    -3.0142363440399667e-05
80                                     3.9804466182359263e-05
$End
$Geometry
   &GeometryIndex 37
   &ListStatus       OUT
   &NATOMS [&Type "Integer"] 27
   &NCORELESSECP [&Type "Integer"] 0
   &NGHOSTATOMS [&Type "Integer"] 0
   &CartesianCoordinates [&Type "Coordinates", &Dim(27,4), &Units "Bohr"] 
              S      6.014686253301    3.221664446165   -2.828738033171
              O      2.831978736376    5.634892500873    4.541734502369
              O      0.714643613467    5.170605007777    0.884652579630
              N      2.791587943337    0.198643574953    3.578555521729
              C      4.005186628388    2.155871621170    2.013366027603
              C      4.093689738735    1.271160739313   -0.710131743732
              C      2.365519740022    4.484694506236    2.319101002696
              H      5.929159405603    2.626816289722    2.653168678243
              H      4.891854910145   -0.634739593838   -0.719980929434
              H      2.168070283775    1.154794887981   -1.437721446827
              H      2.882073792313    0.728671565769    5.428094406666
              H      3.854091991976   -1.401617998120    3.446185493956
              H      1.644052967138    7.037320426937    4.696688276531
              Cu     7.119624084497    6.483993804550   -0.745974191084
              S      8.286014005036    9.622261957149    1.495167685787
              O      8.502275481250   13.922426732855    6.621919183682
              O      6.004868961048   10.751132873857    7.939362531863
              N     10.928145605198    8.328818194746    8.626634170532
              C     10.194438105076    9.772861448882    6.379152997596
              C      9.342760779060    7.941776809278    4.329977657624
              C      7.997246893029   11.474748625641    7.070222258319
              H     11.717384258807   10.960153123125    5.630571975884
              H     10.937864937107    6.703585208006    3.873779941746
              H      7.808527460006    6.775565306693    5.077751093418
              H     11.762784337042    9.507786872756    9.898831907337
              H     12.298080337536    7.082452239245    8.100473817463
              H      7.000952009452   14.885533975860    7.088360544213
$End
$SCF_Energy
   &GeometryIndex 37
   &ListStatus       IN
   &SCF_ENERGY [&Type "Double"]      -3.0770565439515440e+03
$End
$Solvation_Details
   &GeometryIndex 37
   &ListStatus       IN
   &SOLVENT [&Type "String"] "WATER"
   &EPSILON [&Type "Double"]       8.0150999999999996e+01
   &REFRAC [&Type "Double"]       1.3328000000000000e+00
   &RSOLV [&Type "Double"]       1.3000000000000000e+00
   &SURFACETYPE [&Type "String"] "GAUSSIAN VDW"
   &NPOINTS [&Type "Integer"] 2467
   &SURFACEAREA [&Type "Double"]       1.0544558606950000e+03
   &CPCMDIELENERGY [&Type "Double"]      -1.2858724299999999e-01
$End
$MP2_Energies
   &GeometryIndex 37
   &ListStatus       IN
   &REFENERGY [&Type "Double"]      -3.0770565439515440e+03  "Reference Energy"
   &CORRENERGY [&Type "Double"]      -3.3959307517432951e+00  "MP2 correlation energy"
   &TOTALENERGY [&Type "Double"]      -3.0804524747032874e+03  "MP2 total energy"
$End
$MP2_Nuc_Gradient
   &GeometryIndex 37
   &ListStatus       IN
   &NATOMS [&Type "Integer"] 81
   &GRADNORM [&Type "Double"]       8.6972593728577808e-04
   &GRAD [&Type "ArrayOfDoubles", &Dim (81,1)] 
                                                         0

0                                      3.6021127129663190e-04
1                                     -1.7256254575736402e-04
2                                      1.7023120215360447e-04
3                                     -1.2326995116059003e-05
4                                      2.8578001796085439e-06
5                                      4.7731382708471326e-05
6                                      9.6688128824323760e-06
7                                     -6.9734325856551926e-06
8                                      2.4319332723454767e-05
9                                     -5.3072989473310073e-05
10                                    -2.5991354590715679e-05
11                                    -1.3945586717942909e-05
12                                     2.9215812575759947e-04
13                                    -1.4223357476650551e-04
14                                     1.1467791485897383e-04
15                                    -4.1916275824636570e-04
16                                     2.8762806906614154e-04
17                                    -8.4643752585579490e-05
18                                     2.6930548551816480e-05
19                                    -3.0630673584108870e-05
20                                    -1.4797092656949201e-04
21                                     7.5965888631790435e-06
22                                    -2.0629705363464992e-05
23                                    -2.3904970820005922e-05
24                                    -1.6487314714161774e-05
25                                    -3.9574324983752268e-05
26                                     6.4578428201394946e-05
27                                     3.6544189330391108e-05
28                                    -1.1441877814181100e-05
29                                    -4.5862487541164371e-05
30                                     3.6259417433596661e-06
31                                     1.3237152754839304e-06
32                                     5.2682860007605137e-06
33                                    -4.2129208141609975e-06
34                                    -1.2850470628426869e-05
35                                     1.8326976200484964e-05
36                                     1.4766785443095370e-05
37                                    -2.5714952763794541e-05
38                                    -1.9922993785616207e-05
39                                    -1.3037760865437103e-04
40                                     1.0657591746277418e-04
41                                    -1.2549288890907097e-04
42                                     4.4218144209494555e-05
43                                    -5.7832925940283497e-05
44                                     8.3391267518500775e-05
45                                     5.4491085444322018e-05
46                                     8.5165420328627700e-05
47                                    -1.9266772494891393e-05
48                                    -4.1856814765178774e-06
49                                     2.3328215184054146e-05
50                                    -3.0600157923485471e-05
51                                    -3.0068921262477177e-05
52                                    -2.1329048594635747e-05
53                                     1.1589463223790793e-04
54                                    -8.6972102266141132e-05
55                                     8.2716952757029560e-05
56                                    -9.5330997048507365e-05
57                                    -5.8757154851908633e-06
58                                    -4.1210146466387487e-05
59                                     7.3800148846815683e-06
60                                    -2.5794270892554039e-05
61                                    -1.3230108676014554e-04
62                                     5.1635142680951651e-05
63                                     2.7482280718169744e-05
64                                    -5.4527180241462775e-05
65                                     2.5531085230677195e-05
66                                     2.4772775341748432e-05
67                                     1.9129519678699053e-05
68                                     2.5714693100386578e-05
69                                    -1.6822628300956072e-05
70                                     1.7262596335429481e-05
71                                     1.9302793841711671e-05
72                                    -6.6966066956768155e-06
73                                    -3.8137594356724147e-06
74                                    -1.1003045452193105e-06
75                                    -7.3138320107017651e-06
76                                    -2.3733807484466185e-05
77                                     4.2818855940419259e-05
78                                    -2.0700662573022721e-05
79                                    -3.2276334717414729e-05
80                                     1.9562005289215992e-05
$End
$Geometry
   &GeometryIndex 38
   &ListStatus       OUT
   &NATOMS [&Type "Integer"] 27
   &NCORELESSECP [&Type "Integer"] 0
   &NGHOSTATOMS [&Type "Integer"] 0
   &CartesianCoordinates [&Type "Coordinates", &Dim(27,4), &Units "Bohr"] 
              S      6.016244075426    3.218350155006   -2.829023571340
              O      2.817594288897    5.652193109311    4.531348777176
              O      0.711046672106    5.169559894127    0.870603281776
              N      2.800685462320    0.214350961100    3.590756867257
              C      4.007868824089    2.168570618798    2.016928370086
              C      4.099661814030    1.272086336137   -0.702634114750
              C      2.360425223811    4.493555942138    2.311424395750
              H      5.929909570736    2.648947371356    2.655630671241
              H      4.903140560173   -0.631536031674   -0.704351906581
              H      2.174460615382    1.148367052461   -1.429896987041
              H      2.886649840537    0.753899175341    5.437701323655
              H      3.869440190170   -1.382402747179    3.467386119518
              H      1.624688277081    7.051253388800    4.678976658751
              Cu     7.120941512138    6.483157970142   -0.748994730887
              S      8.280355178073    9.622454291705    1.494849728086
              O      8.486597356383   13.907876561463    6.622119425776
              O      6.005618592463   10.728689502316    7.951255249554
              N     10.933826841057    8.315162687037    8.619625464116
              C     10.193945547467    9.765147593343    6.378369410330
              C      9.345405246934    7.938097862660    4.323831019719
              C      7.992570125523   11.459285784887    7.075410363042
              H     11.712816608534   10.959358824650    5.632342490972
              H     10.943240903576    6.705087469217    3.863182730729
              H      7.815482280874    6.765127204164    5.070189561005
              H     11.763489077060    9.492118309845    9.896944846562
              H     12.309073426437    7.077084379791    8.087904217734
              H      6.982385147444   14.866031480638    7.089326248400
$End
$SCF_Energy
   &GeometryIndex 38
   &ListStatus       IN
   &SCF_ENERGY [&Type "Double"]      -3.0770565294036028e+03
$End
$Solvation_Details
   &GeometryIndex 38
   &ListStatus       IN
   &SOLVENT [&Type "String"] "WATER"
   &EPSILON [&Type "Double"]       8.0150999999999996e+01
   &REFRAC [&Type "Double"]       1.3328000000000000e+00
   &RSOLV [&Type "Double"]       1.3000000000000000e+00
   &SURFACETYPE [&Type "String"] "GAUSSIAN VDW"
   &NPOINTS [&Type "Integer"] 2471
   &SURFACEAREA [&Type "Double"]       1.0543783247580000e+03
   &CPCMDIELENERGY [&Type "Double"]      -1.2863182000000001e-01
$End
$MP2_Energies
   &GeometryIndex 38
   &ListStatus       IN
   &REFENERGY [&Type "Double"]      -3.0770565294036028e+03  "Reference Energy"
   &CORRENERGY [&Type "Double"]      -3.3959368954646156e+00  "MP2 correlation energy"
   &TOTALENERGY [&Type "Double"]      -3.0804524662990675e+03  "MP2 total energy"
$End
$MP2_Nuc_Gradient
   &GeometryIndex 38
   &ListStatus       IN
   &NATOMS [&Type "Integer"] 81
   &GRADNORM [&Type "Double"]       8.8552608177867658e-04
   &GRAD [&Type "ArrayOfDoubles", &Dim (81,1)] 
                                                         0

0                                      3.4208962579789469e-04
1                                     -2.7730319321749020e-04
2                                      1.4969424749437972e-04
3                                     -2.0818567217702200e-05
4                                     -1.1226999941198884e-05
5                                     -8.3074758862600184e-06
6                                      3.8768135628003408e-05
7                                     -4.1815501363409724e-05
8                                      2.1028859922847531e-05
9                                      9.1975790293755133e-06
10                                    -3.2062652979689653e-05
11                                     1.0321522194330079e-05
12                                     2.9903096192093401e-04
13                                    -1.6454782211270010e-04
14                                     6.0119951027011453e-05
15                                    -4.7574330301642861e-04
16                                     2.8284530645883779e-04
17                                    -1.0864892208813787e-04
18                                     4.3834481647124501e-05
19                                     7.3047064865439104e-05
20                                    -1.1420206644727204e-04
21                                    -1.0613630639914884e-05
22                                    -1.4848798374149375e-05
23                                     4.8333483342755806e-06
24                                     2.6908689040150424e-05
25                                    -8.3917810892800149e-06
26                                     3.3642476972267632e-05
27                                     3.6851482449820616e-05
28                                     3.4242388787576652e-05
29                                    -1.7064265865696440e-05
30                                    -1.4261267274456044e-05
31                                    -6.8019282442131207e-06
32                                    -7.8918816515810564e-07
33                                    -1.9014379796074288e-05
34                                    -5.9165242248249150e-06
35                                     1.6924178242864671e-05
36                                    -5.0732135683136115e-06
37                                    -1.0980423533576977e-05
38                                    -8.0548863331710973e-06
39                                    -1.2366589483678233e-04
40                                     8.0394112941713615e-05
41                                    -6.4264870573440235e-05
42                                     9.4915988087225858e-06
43                                    -1.4165538963519658e-05
44                                     1.7851116073010209e-04
45                                     1.0899088777376054e-05
46                                    -4.3914023503250493e-05
47                                    -1.2023357556258801e-05
48                                     2.2740621188482857e-06
49                                    -8.7056882959596349e-06
50                                    -3.4843987357160988e-05
51                                    -2.1483403462859568e-05
52                                    -3.4726561758003510e-05
53                                     6.9768030570556069e-05
54                                    -7.8905411100983758e-05
55                                     2.6484132454783482e-05
56                                    -3.8168316568873428e-05
57                                     1.4112149066590821e-05
58                                    -1.0315250951020705e-05
59                                    -9.3466475285196998e-05
60                                    -3.1559962095223382e-05
61                                     3.9102353865620026e-05
62                                     4.2925062126913938e-05
63                                     2.3583765229456821e-05
64                                    -2.2357619286428321e-05
65                                     3.7799126097472560e-05
66                                    -1.2215462812589784e-06
67                                    -8.7419707589901641e-06
68                                     4.9316560961744707e-05
69                                    -7.3868318927992893e-06
70                                     9.0051543298608205e-07
71                                     1.4554867231697868e-05
72                                    -2.5507621260866670e-06
73                                    -8.5381772346286577e-06
74                                     1.3678087985562887e-05
75                                    -1.0619624470787487e-05
76                                    -3.2002088753320390e-06
77                                     3.4041004424473220e-05
78                                    -1.1742018843019508e-05
79                                    -2.5294247538366899e-05
80                                    -6.4364679983226758e-06
$End
$Geometry
   &GeometryIndex 39
   &ListStatus       OUT
   &NATOMS [&Type "Integer"] 27
   &NCORELESSECP [&Type "Integer"] 0
   &NGHOSTATOMS [&Type "Integer"] 0
   &CartesianCoordinates [&Type "Coordinates", &Dim(27,4), &Units "Bohr"] 
              S      6.011899354643    3.220794832391   -2.831867708239
              O      2.811107877260    5.660218232628    4.527256417425
              O      0.706341088070    5.164618713731    0.867264717994
              N      2.813518755674    0.221176563718    3.598660561020
              C      4.012324715833    2.175695681008    2.018930279878
              C      4.104186710640    1.273135429723   -0.698728174980
              C      2.357475815419    4.496036288053    2.309589026881
              H      5.933344380655    2.664154822819    2.654711905184
              H      4.914017501549   -0.627759431779   -0.697037634398
              H      2.178536578046    1.141680754694   -1.423446976944
              H      2.897799417639    0.766261501015    5.444047714175
              H      3.888402861581   -1.371746896505    3.479339333843
              H      1.614118149406    7.056122447862    4.672161620014
              Cu     7.120760323950    6.485838011599   -0.754270474445
              S      8.277734330358    9.624722481212    1.491807130475
              O      8.489163956439   13.903831313560    6.621704596351
              O      6.005824711290   10.728440802200    7.955444375687
              N     10.927734562641    8.302989022923    8.615805976003
              C     10.190991623445    9.758938587070    6.377703123354
              C      9.339313916025    7.936585933924    4.319687744072
              C      7.992731812611   11.456213306231    7.076935439736
              H     11.712151396643   10.951765212264    5.634129893023
              H     10.934895136016    6.700746778771    3.858613638854
              H      7.807259644127    6.765395549722    5.064641647784
              H     11.756688943389    9.476113836627    9.897138779954
              H     12.302871435298    7.065670199385    8.082092279243
              H      6.986368260075   14.864235172735    7.088890678694
$End
$SCF_Energy
   &GeometryIndex 39
   &ListStatus       IN
   &SCF_ENERGY [&Type "Double"]      -3.0770565260419094e+03
$End
$Solvation_Details
   &GeometryIndex 39
   &ListStatus       IN
   &SOLVENT [&Type "String"] "WATER"
   &EPSILON [&Type "Double"]       8.0150999999999996e+01
   &REFRAC [&Type "Double"]       1.3328000000000000e+00
   &RSOLV [&Type "Double"]       1.3000000000000000e+00
   &SURFACETYPE [&Type "String"] "GAUSSIAN VDW"
   &NPOINTS [&Type "Integer"] 2472
   &SURFACEAREA [&Type "Double"]       1.0544241910989999e+03
   &CPCMDIELENERGY [&Type "Double"]      -1.2867309599999999e-01
$End
$MP2_Energies
   &GeometryIndex 39
   &ListStatus       IN
   &REFENERGY [&Type "Double"]      -3.0770565260419094e+03  "Reference Energy"
   &CORRENERGY [&Type "Double"]      -3.3959276518307515e+00  "MP2 correlation energy"
   &TOTALENERGY [&Type "Double"]      -3.0804524536937402e+03  "MP2 total energy"
$End
$MP2_Nuc_Gradient
   &GeometryIndex 39
   &ListStatus       IN
   &NATOMS [&Type "Integer"] 81
   &GRADNORM [&Type "Double"]       9.1558773080299151e-04
   &GRAD [&Type "ArrayOfDoubles", &Dim (81,1)] 
                                                         0

0                                      3.3780281454682745e-04
1                                     -2.7768025694415756e-04
2                                      1.7149143737075177e-04
3                                     -2.3580471306711148e-05
4                                     -1.2348675609424875e-05
5                                     -2.5563600983928569e-05
6                                      2.8808146003561630e-05
7                                     -2.4287970584145613e-05
8                                     -3.6831037913687137e-06
9                                      3.6055512581005533e-05
10                                    -3.1386869267650483e-05
11                                     1.3198118956796526e-05
12                                     3.2059815520242910e-04
13                                    -1.8371891569354988e-04
14                                     4.3213173101908087e-05
15                                    -4.9582523163473752e-04
16                                     2.5741150839507509e-04
17                                    -1.4157892352736207e-04
18                                     3.7049097426640476e-05
19                                     6.5535857586059704e-05
20                                    -3.4484492385203347e-05
21                                    -1.5350777705640251e-05
22                                    -1.3021397311189370e-05
23                                     1.8798609680255492e-05
24                                     3.9193532933579078e-05
25                                     8.4936607516392093e-06
26                                     1.8383556878478514e-05
27                                     2.5094734160353849e-05
28                                     4.5701301102238617e-05
29                                    -5.6520362185247947e-06
30                                    -2.3701954067543822e-05
31                                    -2.9042620441916550e-06
32                                     1.8195801315679105e-06
33                                    -2.3022607320212496e-05
34                                    -3.0251962719884951e-06
35                                     1.3542222476622262e-05
36                                    -1.0206116199056037e-05
37                                     1.6530229641209537e-06
38                                    -4.5225202076242324e-06
39                                    -5.8604580072150385e-05
40                                     7.6632084832046858e-05
41                                    -8.4346278548183551e-05
42                                    -1.5539565304200330e-05
43                                    -1.5063904934676728e-05
44                                     1.7906595060161040e-04
45                                     6.5536756667858298e-06
46                                    -7.5308940249936562e-05
47                                     1.3285779912060314e-05
48                                    -2.3945343311154721e-05
49                                    -2.5153366608007821e-05
50                                    -3.5789782091982802e-06
51                                    -2.5985948591291524e-05
52                                    -4.4552461896106219e-05
53                                     1.7148091832959456e-05
54                                    -3.1992958838919505e-05
55                                     1.2420205471076751e-06
56                                     7.4266200643796632e-05
57                                    -4.0416319811451343e-06
58                                    -1.6120819413822929e-06
59                                    -1.9717634217147895e-04
60                                     1.5628304252487957e-05
61                                     1.1166599877654101e-04
62                                     7.2737648388263021e-06
63                                     1.2342199981446589e-05
64                                    -1.1764787477362010e-05
65                                     5.3071482797466957e-05
66                                    -1.1518835921806025e-05
67                                    -2.8286099354513095e-05
68                                     6.3291351606390746e-05
69                                    -7.5408785301898928e-06
70                                    -1.3815532963423749e-05
71                                     2.2862204997911237e-05
72                                    -3.8475072254816334e-06
73                                    -5.0003925545667738e-06
74                                     2.2415705499996552e-05
75                                    -1.1487496608258985e-05
76                                     1.1298356174305191e-05
77                                     2.4812945129997627e-05
78                                    -1.3792880535018481e-05
79                                    -7.0509527418972928e-06
80                                    -2.0897188431337130e-05
$End
$Geometry
   &GeometryIndex 40
   &ListStatus       OUT
   &NATOMS [&Type "Integer"] 27
   &NCORELESSECP [&Type "Integer"] 0
   &NGHOSTATOMS [&Type "Integer"] 0
   &CartesianCoordinates [&Type "Coordinates", &Dim(27,4), &Units "Bohr"] 
              S      5.992041835593    3.232056646078   -2.836942256615
              O      2.773713582522    5.694226316678    4.494581768988
              O      0.670084642462    5.130121205125    0.843961991067
              N      2.839390458745    0.239237667654    3.620461745893
              C      4.013514723937    2.194917666230    2.024371439927
              C      4.118938881493    1.270326443993   -0.685617407364
              C      2.330027814062    4.497623624289    2.292609903733
              H      5.927491936032    2.713948990876    2.657671939411
              H      4.960723176133   -0.616447746209   -0.669110048356
              H      2.195171846249    1.102104966421   -1.407754335656
              H      2.908333586950    0.804857828454    5.460248768307
              H      3.938498443731   -1.338425700560    3.521339493156
              H      1.562091243553    7.079269783583    4.623386861527
              Cu     7.115092609948    6.495200560532   -0.761155080893
              S      8.279013977228    9.632660340220    1.484754882669
              O      8.486786137052   13.887895452859    6.624443438845
              O      6.018924602631   10.712118371501    7.985256075869
              N     10.930693957602    8.270501558444    8.603195986256
              C     10.193954636604    9.745870279068    6.379144788567
              C      9.337588787492    7.937023826534    4.308899504249
              C      7.998402626481   11.441284415610    7.090566347188
              H     11.715318114073   10.942837842714    5.642530800821
              H     10.930319459128    6.697975384902    3.845761367185
              H      7.804382817854    6.765198754133    5.051217395115
              H     11.746811297319    9.433753436904    9.901711895281
              H     12.315497755166    7.047977025687    8.060618930359
              H      6.984754308680   14.847760205860    7.095049715108
$End
$SCF_Energy
   &GeometryIndex 40
   &ListStatus       IN
   &SCF_ENERGY [&Type "Double"]      -3.0770566708740907e+03
$End
$Solvation_Details
   &GeometryIndex 40
   &ListStatus       IN
   &SOLVENT [&Type "String"] "WATER"
   &EPSILON [&Type "Double"]       8.0150999999999996e+01
   &REFRAC [&Type "Double"]       1.3328000000000000e+00
   &RSOLV [&Type "Double"]       1.3000000000000000e+00
   &SURFACETYPE [&Type "String"] "GAUSSIAN VDW"
   &NPOINTS [&Type "Integer"] 2469
   &SURFACEAREA [&Type "Double"]       1.0558391026150000e+03
   &CPCMDIELENERGY [&Type "Double"]      -1.2888007500000001e-01
$End
$MP2_Energies
   &GeometryIndex 40
   &ListStatus       IN
   &REFENERGY [&Type "Double"]      -3.0770566708740907e+03  "Reference Energy"
   &CORRENERGY [&Type "Double"]      -3.3957601754020197e+00  "MP2 correlation energy"
   &TOTALENERGY [&Type "Double"]      -3.0804524310494926e+03  "MP2 total energy"
$End
$MP2_Nuc_Gradient
   &GeometryIndex 40
   &ListStatus       IN
   &NATOMS [&Type "Integer"] 81
   &GRADNORM [&Type "Double"]       1.4596840947862693e-03
   &GRAD [&Type "ArrayOfDoubles", &Dim (81,1)] 
                                                         0

0                                      3.2183098553030011e-04
1                                     -3.8522518635403583e-04
2                                      1.6308293950978783e-04
3                                     -1.0956623760313700e-05
4                                     -1.2860917185693668e-05
5                                     -1.5222067425176705e-04
6                                      2.8975468014766359e-05
7                                      4.9778731279287447e-05
8                                     -1.1949016914250543e-04
9                                      1.3430247554392649e-04
10                                    -1.7906912602540237e-05
11                                     4.5842742096629738e-05
12                                     3.5197055793926429e-04
13                                    -2.7474278425023910e-04
14                                     1.4568169830739275e-05
15                                    -6.0058170242576620e-04
16                                     1.2561020115571531e-04
17                                    -2.0074706828410865e-04
18                                    -6.4809155513163852e-05
19                                     1.6109902851665220e-05
20                                     3.0640367902776827e-04
21                                    -2.5900369261762368e-05
22                                     1.5391362738165909e-05
23                                     7.2198341235841547e-05
24                                     1.0608602513334335e-04
25                                     8.0702522112858360e-05
26                                    -6.5992924368560822e-05
27                                    -1.8204419566743291e-05
28                                     8.6294370830452280e-05
29                                     1.4473595015119731e-05
30                                    -6.5783606408929395e-05
31                                     1.2583509004951074e-05
32                                    -2.8209517478304524e-05
33                                    -2.8656527674371379e-05
34                                     1.2987100160545550e-05
35                                    -1.4786771093027243e-06
36                                    -8.9274963675362029e-06
37                                     3.2593713300929639e-05
38                                    -1.7196811108701826e-05
39                                     3.5299241812982427e-05
40                                     1.6016403033026734e-04
41                                    -7.2203748562167831e-05
42                                    -7.6003628867982696e-05
43                                    -7.2613718643668029e-05
44                                     3.2764661715384974e-05
45                                    -1.1272404214793252e-04
46                                    -2.2924459836276556e-04
47                                     1.1618865513561907e-04
48                                    -6.1916172438711281e-05
49                                    -6.2820029559838841e-05
50                                     1.1958601087692922e-04
51                                    -4.7734481416674551e-05
52                                    -7.3361743167868476e-05
53                                    -1.6905129424034035e-04
54                                     1.5166443852180495e-04
55                                    -1.0657593188400510e-04
56                                     5.4838515805727406e-04
57                                    -9.3754252232632063e-05
58                                     1.3629852532245912e-04
59                                    -4.9845412915193454e-04
60                                     1.6116352157577452e-04
61                                     3.4863434447838723e-04
62                                    -1.6351408545011575e-04
63                                    -2.8159985038501978e-05
64                                     3.7397709534703338e-05
65                                     7.9177533682864981e-05
66                                    -2.4942238453715126e-05
67                                    -1.0672452039552430e-04
68                                     1.3926801456500687e-04
69                                     3.5506227911385330e-05
70                                    -5.1748869406523235e-05
71                                     8.3382398765798060e-05
72                                    -2.3848695454287833e-05
73                                    -4.9402611053059320e-06
74                                     6.7898803332543112e-05
75                                    -5.9231879390789222e-06
76                                     4.1830608676067527e-05
77                                    -1.4821000220356650e-05
78                                     1.7924704352120790e-05
79                                     5.3456647091311427e-05
80                                    -6.5800937776697849e-05
$End
$Geometry
   &GeometryIndex 41
   &ListStatus       OUT
   &NATOMS [&Type "Integer"] 27
   &NCORELESSECP [&Type "Integer"] 0
   &NGHOSTATOMS [&Type "Integer"] 0
   &CartesianCoordinates [&Type "Coordinates", &Dim(27,4), &Units "Bohr"] 
              S      5.982232718158    3.240381548799   -2.841725432246
              O      2.769789951990    5.695440717085    4.493224682705
              O      0.660728553883    5.120867473488    0.847242752272
              N      2.850527188723    0.239791494359    3.622860997814
              C      4.016392490384    2.198110714184    2.024113681063
              C      4.122208313950    1.271718370514   -0.685175488208
              C      2.325733556951    4.495350604251    2.293089329148
              H      5.929453864480    2.724040639000    2.654754422294
              H      4.972411906191   -0.611350422500   -0.667812942667
              H      2.198359950254    1.093473895559   -1.404608030840
              H      2.920012472165    0.806853586334    5.462202090147
              H      3.954726832826   -1.334330069055    3.523414038537
              H      1.554011961035    7.076717859623    4.623012405291
              Cu     7.111045178412    6.499484103137   -0.763587308922
              S      8.278539374846    9.634285736034    1.484379042809
              O      8.499344393320   13.889688617886    6.621241513794
              O      6.019687944280   10.723375591580    7.982750494833
              N     10.922095081825    8.264752980959    8.604428122316
              C     10.192201229086    9.741733651923    6.379162108329
              C      9.330584318296    7.935358055299    4.309401103948
              C      8.002257376258   11.444960761483    7.088884696376
              H     11.717959551230   10.933237528351    5.642664642383
              H     10.919624255435    6.691455698173    3.846463922516
              H      7.793419652144    6.768451666054    5.051164055566
              H     11.739948372124    9.425665676285    9.903854179488
              H     12.303442598835    7.037308251232    8.064143620479
              H      7.000824171640   14.855050417544    7.091663211415
$End
$SCF_Energy
   &GeometryIndex 41
   &ListStatus       IN
   &SCF_ENERGY [&Type "Double"]      -3.0770566519398244e+03
$End
$Solvation_Details
   &GeometryIndex 41
   &ListStatus       IN
   &SOLVENT [&Type "String"] "WATER"
   &EPSILON [&Type "Double"]       8.0150999999999996e+01
   &REFRAC [&Type "Double"]       1.3328000000000000e+00
   &RSOLV [&Type "Double"]       1.3000000000000000e+00
   &SURFACETYPE [&Type "String"] "GAUSSIAN VDW"
   &NPOINTS [&Type "Integer"] 2471
   &SURFACEAREA [&Type "Double"]       1.0559403110779999e+03
   &CPCMDIELENERGY [&Type "Double"]      -1.2892156399999999e-01
$End
$MP2_Energies
   &GeometryIndex 41
   &ListStatus       IN
   &REFENERGY [&Type "Double"]      -3.0770566519398244e+03  "Reference Energy"
   &CORRENERGY [&Type "Double"]      -3.3957779229747249e+00  "MP2 correlation energy"
   &TOTALENERGY [&Type "Double"]      -3.0804524298627989e+03  "MP2 total energy"
$End
$MP2_Nuc_Gradient
   &GeometryIndex 41
   &ListStatus       IN
   &NATOMS [&Type "Integer"] 81
   &GRADNORM [&Type "Double"]       1.3028277527240891e-03
   &GRAD [&Type "ArrayOfDoubles", &Dim (81,1)] 
                                                         0

0                                      3.4847282164805586e-04
1                                     -3.1680999431752364e-04
2                                      1.4563975682968001e-04
3                                     -9.3085936156422910e-06
4                                     -1.6696590476403955e-05
5                                     -1.1633781261796011e-04
6                                      2.1441564711094374e-06
7                                      5.0327788704736254e-05
8                                     -1.0240562734795122e-04
9                                      1.1607171322230991e-04
10                                     1.0841123111007649e-05
11                                     3.2014583565411620e-05
12                                     3.3035712845206483e-04
13                                    -3.0124055109347243e-04
14                                     3.3377608006868176e-05
15                                    -5.9654279669085417e-04
16                                     1.6255274500197835e-04
17                                    -1.7712767024790493e-04
18                                    -5.4274776001644875e-05
19                                     9.1184453584330916e-07
20                                     2.7600965070879308e-04
21                                    -1.1810236695830589e-05
22                                     2.9591109963632636e-05
23                                     6.5435574406742629e-05
24                                     8.3621506498952891e-05
25                                     5.7484169024572124e-05
26                                    -5.9005138420718892e-05
27                                     3.0343308066935193e-06
28                                     6.6993068013234802e-05
29                                     4.8119808309238232e-06
30                                    -6.4777778575735804e-05
31                                     1.4886439409075511e-05
32                                    -2.7003778120912592e-05
33                                    -2.0559237697257565e-05
34                                     1.4634824011525160e-05
35                                    -4.0498889917958691e-06
36                                     8.1073618517016333e-06
37                                     1.9743963027556155e-05
38                                    -2.3826509221384256e-05
39                                     2.0741264420972433e-05
40                                     1.1618434441451977e-04
41                                    -8.3172976240084712e-05
42                                    -6.9671736837638963e-05
43                                    -4.5445049665261347e-05
44                                    -1.0175643707161647e-05
45                                    -1.2527488388633379e-04
46                                    -1.8448383910102395e-04
47                                     6.5911997121789745e-05
48                                    -5.4474268930015946e-05
49                                    -3.9106555231434303e-05
50                                     9.5445716321473917e-05
51                                    -3.4639002474551317e-05
52                                    -4.9075525726159641e-05
53                                    -1.5231763464709953e-04
54                                     1.4431739473178343e-04
55                                    -1.3125144601343688e-04
56                                     4.5704695246560900e-04
57                                    -1.0546196262449861e-04
58                                     1.4885849643059973e-04
59                                    -3.6338718918723506e-04
60                                     1.6295069192544254e-04
61                                     2.5176387729965513e-04
62                                    -7.9405080349953527e-05
63                                    -3.3643291770704686e-05
64                                     5.6157982714400562e-05
65                                     5.1417090000839896e-05
66                                    -1.4078861502550555e-05
67                                    -9.3039121159162186e-05
68                                     1.2459403293872597e-04
69                                     4.1135059291763643e-05
70                                    -5.6130556251306890e-05
71                                     8.3140726251542188e-05
72                                    -4.9795185583576332e-05
73                                    -2.0169409998379434e-05
74                                     6.6471504025045897e-05
75                                    -3.5829236879163229e-06
76                                     2.2155032254771168e-05
77                                    -4.0239692367782104e-06
78                                     3.9093662510349125e-05
79                                     4.6298909370724728e-05
80                                    -5.6268122473219009e-05
$End
$Geometry
   &GeometryIndex 42
   &ListStatus       OUT
   &NATOMS [&Type "Integer"] 27
   &NCORELESSECP [&Type "Integer"] 0
   &NGHOSTATOMS [&Type "Integer"] 0
   &CartesianCoordinates [&Type "Coordinates", &Dim(27,4), &Units "Bohr"] 
              S      5.880813138710    3.315328827498   -2.887684748317
              O      2.682441077421    5.739814189405    4.450531245215
              O      0.551286404087    5.005171246230    0.845672167014
              N      2.981736089508    0.276023544181    3.672597570515
              C      4.046933883574    2.254458534175    2.030154597829
              C      4.172922566526    1.284288340828   -0.662256373285
              C      2.260990872589    4.479673654806    2.278544408137
              H      5.941484472546    2.875219487077    2.632268147651
              H      5.126417278590   -0.548794782728   -0.616041241088
              H      2.255549270971    0.979190430378   -1.355450175363
              H      3.044897342681    0.877272374133    5.501485678021
              H      4.153135833644   -1.250018168266    3.588438894207
              H      1.410566829974    7.070368814699    4.571286849983
              Cu     7.074163421844    6.541559240899   -0.798460693304
              S      8.267727709277    9.652069306865    1.472700649306
              O      8.617246696084   13.886466479757    6.623528657017
              O      6.027658461629   10.798535416978    7.960109367695
              N     10.845555886412    8.184207827533    8.599654754322
              C     10.174778658706    9.687226919427    6.373318274424
              C      9.262424621300    7.914651650375    4.299295005488
              C      8.038207987437   11.456573086262    7.081032396249
              H     11.739002293034   10.831713239440    5.642367914417
              H     10.815582697696    6.627622001983    3.831425382426
              H      7.689640449729    6.791245772278    5.032590195699
              H     11.679584894956    9.316907919509    9.913060774968
              H     12.195044618347    6.917109534350    8.071012041516
              H      7.151769801450   14.897990259509    7.100024169898
$End
$SCF_Energy
   &GeometryIndex 42
   &ListStatus       IN
   &SCF_ENERGY [&Type "Double"]      -3.0770565555556404e+03
$End
$Solvation_Details
   &GeometryIndex 42
   &ListStatus       IN
   &SOLVENT [&Type "String"] "WATER"
   &EPSILON [&Type "Double"]       8.0150999999999996e+01
   &REFRAC [&Type "Double"]       1.3328000000000000e+00
   &RSOLV [&Type "Double"]       1.3000000000000000e+00
   &SURFACETYPE [&Type "String"] "GAUSSIAN VDW"
   &NPOINTS [&Type "Integer"] 2470
   &SURFACEAREA [&Type "Double"]       1.0561015494240000e+03
   &CPCMDIELENERGY [&Type "Double"]      -1.2951727299999999e-01
$End
$MP2_Energies
   &GeometryIndex 42
   &ListStatus       IN
   &REFENERGY [&Type "Double"]      -3.0770565555556404e+03  "Reference Energy"
   &CORRENERGY [&Type "Double"]      -3.3958052587450172e+00  "MP2 correlation energy"
   &TOTALENERGY [&Type "Double"]      -3.0804523608143854e+03  "MP2 total energy"
$End
$MP2_Nuc_Gradient
   &GeometryIndex 42
   &ListStatus       IN
   &NATOMS [&Type "Integer"] 81
   &GRADNORM [&Type "Double"]       1.9530644752176658e-03
   &GRAD [&Type "ArrayOfDoubles", &Dim (81,1)] 
                                                         0

0                                      4.8782056981256511e-04
1                                      1.9091207264612491e-04
2                                      2.3381196939911697e-05
3                                     -9.3455144330609197e-05
4                                     -4.1126348512023764e-05
5                                      1.2531600098221463e-04
6                                     -4.8801114793328715e-05
7                                      7.4720058031760295e-05
8                                      5.1903561046021118e-05
9                                     -7.4112152874512838e-05
10                                     1.7714022685497155e-04
11                                    -1.4481081704849873e-04
12                                     2.8767284929692022e-04
13                                    -5.3637677878904874e-04
14                                     1.6133904711242847e-04
15                                    -6.1639850985435382e-04
16                                     5.1371242962710770e-04
17                                     1.1312496433697056e-04
18                                    -8.9411852494142297e-05
19                                    -2.2255181192212814e-04
20                                     9.7810877949570940e-05
21                                     1.1988095868729898e-04
22                                     2.1829258076935809e-04
23                                    -1.8145273927783895e-05
24                                    -1.2104459333355660e-04
25                                    -8.2252000552073684e-05
26                                     5.0470725781032438e-05
27                                     1.5585341635111771e-04
28                                    -4.2334987489372165e-05
29                                    -1.1116447883624189e-04
30                                    -4.9088506771962151e-05
31                                     4.2516434368091230e-05
32                                     8.6381907193136542e-06
33                                     4.9345923342054843e-05
34                                     4.3198148400737379e-05
35                                    -2.7078614892217696e-05
36                                     1.0907073445254323e-04
37                                    -3.9344985729397597e-05
38                                    -1.0011143858960751e-04
39                                     6.5345267762021613e-05
40                                    -3.1022808801804843e-04
41                                    -2.8134455854256224e-04
42                                    -2.2000716646009867e-04
43                                     1.5994130939375392e-04
44                                    -4.9714543194456957e-04
45                                    -1.3799413509894137e-04
46                                     1.5210686690773564e-04
47                                    -2.1549992659693901e-04
48                                     2.8589442823190314e-05
49                                     2.6920096257825044e-04
50                                    -1.8438391882944632e-04
51                                     1.2885158773892624e-04
52                                    -4.3982991958999018e-06
53                                    -1.2054243438770068e-04
54                                     1.8083723793689901e-04
55                                    -2.2869743658341171e-04
56                                    -2.7147083875120326e-05
57                                    -2.1014876753398457e-04
58                                     1.8489815565388840e-04
59                                     7.1897396302490757e-04
60                                     1.1840482795087703e-04
61                                    -5.2646506857004921e-04
62                                     5.2285455359535327e-04
63                                    -9.4003873662276694e-05
64                                     1.4073472921105265e-04
65                                    -1.4819029726405135e-04
66                                     8.4713899563763906e-05
67                                     3.6683156364569758e-05
68                                    -5.1063232132145600e-05
69                                     4.2765344037933722e-05
70                                    -3.8638468131516751e-05
71                                     3.4352244363405893e-06
72                                    -2.3830958160920256e-04
73                                    -9.1594300978867227e-05
74                                     8.2959539620109518e-05
75                                    -4.7087261900443517e-05
76                                    -8.6072518410473808e-05
77                                     1.0222543623256142e-04
78                                     1.7635765781255641e-04
79                                    -6.6047896774588249e-05
80                                     3.1467528053550839e-05
$End
$Geometry
   &GeometryIndex 43
   &ListStatus       OUT
   &NATOMS [&Type "Integer"] 27
   &NCORELESSECP [&Type "Integer"] 0
   &NGHOSTATOMS [&Type "Integer"] 0
   &CartesianCoordinates [&Type "Coordinates", &Dim(27,4), &Units "Bohr"] 
              S      5.802305973267    3.374376654924   -2.902300461483
              O      2.607467492996    5.768929495665    4.397988281864
              O      0.455017940015    4.904631250264    0.834099595439
              N      3.015350213475    0.280081605850    3.684951789458
              C      4.035476999064    2.272517477506    2.031171821710
              C      4.199555300939    1.284600241154   -0.652211187703
              C      2.194316287435    4.454081067083    2.256493801791
              H      5.911954255382    2.945208249834    2.634099135780
              H      5.231764554480   -0.505212565918   -0.589943223065
              H      2.296838956960    0.888167544493   -1.339596831617
              H      3.059960071463    0.895384988191    5.509866567606
              H      4.224638921928   -1.217081240012    3.614645429031
              H      1.301986221634    7.067677547221    4.508397632284
              Cu     7.044540983807    6.570020326278   -0.793419432162
              S      8.296000164869    9.662165585982    1.473491954654
              O      8.667335165367   13.884854227323    6.629483616726
              O      6.051161909377   10.816334532487    7.960101303332
              N     10.844451732639    8.163926215676    8.603731891751
              C     10.190754403429    9.673162458770    6.377131104093
              C      9.264852960888    7.910830712097    4.301571466689
              C      8.067955708883   11.458849159471    7.084107631194
              H     11.765167959589   10.804881827094    5.647991226271
              H     10.805332588921    6.608745911196    3.833606860726
              H      7.678444863599    6.803681531051    5.030195612026
              H     11.672278219192    9.290919507502    9.925645515357
              H     12.192296781148    6.892346030922    8.082207044708
              H      7.210356627974   14.907794805480    7.107697764180
$End
$SCF_Energy
   &GeometryIndex 43
   &ListStatus       IN
   &SCF_ENERGY [&Type "Double"]      -3.0770567763695922e+03
$End
$Solvation_Details
   &GeometryIndex 43
   &ListStatus       IN
   &SOLVENT [&Type "String"] "WATER"
   &EPSILON [&Type "Double"]       8.0150999999999996e+01
   &REFRAC [&Type "Double"]       1.3328000000000000e+00
   &RSOLV [&Type "Double"]       1.3000000000000000e+00
   &SURFACETYPE [&Type "String"] "GAUSSIAN VDW"
   &NPOINTS [&Type "Integer"] 2474
   &SURFACEAREA [&Type "Double"]       1.0586382511209999e+03
   &CPCMDIELENERGY [&Type "Double"]      -1.3000180700000000e-01
$End
$MP2_Energies
   &GeometryIndex 43
   &ListStatus       IN
   &REFENERGY [&Type "Double"]      -3.0770567763695922e+03  "Reference Energy"
   &CORRENERGY [&Type "Double"]      -3.3956065702750911e+00  "MP2 correlation energy"
   &TOTALENERGY [&Type "Double"]      -3.0804523829398672e+03  "MP2 total energy"
$End
$MP2_Nuc_Gradient
   &GeometryIndex 43
   &ListStatus       IN
   &NATOMS [&Type "Integer"] 81
   &GRADNORM [&Type "Double"]       2.4730166285636358e-03
   &GRAD [&Type "ArrayOfDoubles", &Dim (81,1)] 
                                                         0

0                                      5.1427491559324218e-04
1                                      4.3658380443249017e-04
2                                     -1.7297493153343307e-04
3                                     -1.7018198002409501e-04
4                                     -8.9696716963490533e-05
5                                      1.7710798720020626e-04
6                                     -5.0614015450367589e-05
7                                      9.0756691421785274e-05
8                                      9.0269442992202409e-05
9                                     -1.1273362743919463e-04
10                                     1.8826594852350970e-04
11                                    -2.0620325025339122e-04
12                                     1.4107567278623737e-04
13                                    -5.6902822313099205e-04
14                                     1.8150125117021021e-04
15                                    -4.3381020519879521e-04
16                                     4.6716631490322652e-04
17                                     3.3440052939635173e-04
18                                    -5.6747631982899394e-05
19                                    -2.4432370576743696e-04
20                                     3.5406925777435594e-05
21                                     1.0974305971089143e-04
22                                     2.2754585652935179e-04
23                                    -9.8119673885953794e-05
24                                    -2.0986051822039983e-04
25                                    -1.5855183570757242e-04
26                                     9.3002969771158791e-05
27                                     2.3279761061613391e-04
28                                    -5.7291482434121410e-05
29                                    -1.4940098658304361e-04
30                                    -5.9189531841423405e-05
31                                     5.9517296572778738e-05
32                                     1.9823453128182955e-05
33                                     8.0861274416178797e-05
34                                     3.7351507299776543e-05
35                                    -9.3125075698993406e-06
36                                     1.3703569442265889e-04
37                                    -2.7549459480927241e-05
38                                    -1.0892914032746364e-04
39                                    -1.1568614656044297e-04
40                                    -3.2624376328954001e-04
41                                    -1.8650145078210126e-04
42                                    -5.6831946965560029e-05
43                                     1.6606246723939802e-04
44                                    -7.0689209369679228e-04
45                                    -1.0568223501419838e-04
46                                     2.9095876111971675e-04
47                                    -3.1793989661528868e-04
48                                     6.5707406447138017e-05
49                                     3.1453882021999224e-04
50                                    -2.2643269438342439e-04
51                                     1.8021686050787716e-04
52                                     9.2066826982562314e-05
53                                    -2.2117222661624525e-04
54                                     2.1439195129206723e-04
55                                    -2.5295466494090757e-04
56                                    -1.4914223968650470e-04
57                                    -1.9984135518207047e-04
58                                     1.5611598248562245e-04
59                                     1.1783480524035529e-03
60                                     8.3449145326541796e-05
61                                    -8.4155599159243047e-04
62                                     6.6602716657800098e-04
63                                    -9.1597521599727505e-05
64                                     1.3938154418698459e-04
65                                    -1.9914352016512163e-04
66                                     1.0143751684921903e-04
67                                     1.1122917477135452e-04
68                                    -1.7523756741876992e-04
69                                     4.1487025276287781e-06
70                                     9.1949989368816931e-06
71                                    -6.2537133687597113e-05
72                                    -3.3546645448950113e-04
73                                    -1.1803219243645274e-04
74                                     7.0934685539290193e-05
75                                    -7.3990355757173193e-05
76                                    -1.1161463608645728e-04
77                                     1.5934495446284086e-04
78                                     1.9179109647050885e-04
79                                    -7.7691144982208055e-05
80                                     5.5832037950233684e-05
$End
$Geometry
   &GeometryIndex 44
   &ListStatus       OUT
   &NATOMS [&Type "Integer"] 27
   &NCORELESSECP [&Type "Integer"] 0
   &NGHOSTATOMS [&Type "Integer"] 0
   &CartesianCoordinates [&Type "Coordinates", &Dim(27,4), &Units "Bohr"] 
              S      5.746216059744    3.407676101492   -2.902168110501
              O      2.549589574300    5.794556420198    4.339158960589
              O      0.384531835243    4.840110019113    0.805333180801
              N      2.988027555701    0.275956269307    3.680313254178
              C      4.001748012931    2.272390155140    2.026390300928
              C      4.205334522019    1.274426265577   -0.650330806564
              C      2.137815436560    4.436667811834    2.224315341371
              H      5.865847860077    2.965032841309    2.643089470543
              H      5.288755428492   -0.484507679428   -0.575922680965
              H      2.316894819713    0.821769069561   -1.343447438608
              H      3.017762859315    0.896226203851    5.503872749814
              H      4.209174324132   -1.212150870806    3.621854680481
              H      1.226565650320    7.076545905211    4.439531067674
              Cu     7.026554312182    6.579067316082   -0.770253216496
              S      8.336345878903    9.653815113653    1.487946259284
              O      8.655358264036   13.879351626369    6.648125108075
              O      6.072328198167   10.778333658061    7.969735620253
              N     10.900024709742    8.188713141645    8.615106142112
              C     10.223120517812    9.682970676869    6.385297978441
              C      9.311970177733    7.906818159615    4.314961216012
              C      8.081099312875   11.445765946703    7.093787028775
              H     11.784393118221   10.828908673578    5.650592105097
              H     10.859729985626    6.613412480313    3.848538836995
              H      7.730520110785    6.792798645693    5.044477612064
              H     11.719802751666    9.330378851591    9.929589183457
              H     12.261457607968    6.931609113501    8.093935008754
              H      7.186594374459   14.885233231551    7.127377058076
$End
$SCF_Energy
   &GeometryIndex 44
   &ListStatus       IN
   &SCF_ENERGY [&Type "Double"]      -3.0770571846591556e+03
$End
$Solvation_Details
   &GeometryIndex 44
   &ListStatus       IN
   &SOLVENT [&Type "String"] "WATER"
   &EPSILON [&Type "Double"]       8.0150999999999996e+01
   &REFRAC [&Type "Double"]       1.3328000000000000e+00
   &RSOLV [&Type "Double"]       1.3000000000000000e+00
   &SURFACETYPE [&Type "String"] "GAUSSIAN VDW"
   &NPOINTS [&Type "Integer"] 2481
   &SURFACEAREA [&Type "Double"]       1.0622401792060000e+03
   &CPCMDIELENERGY [&Type "Double"]      -1.3034319200000000e-01
$End
$MP2_Energies
   &GeometryIndex 44
   &ListStatus       IN
   &REFENERGY [&Type "Double"]      -3.0770571846591556e+03  "Reference Energy"
   &CORRENERGY [&Type "Double"]      -3.3952714543091784e+00  "MP2 correlation energy"
   &TOTALENERGY [&Type "Double"]      -3.0804524561134649e+03  "MP2 total energy"
$End
$MP2_Nuc_Gradient
   &GeometryIndex 44
   &ListStatus       IN
   &NATOMS [&Type "Integer"] 81
   &GRADNORM [&Type "Double"]       1.8979095751090744e-03
   &GRAD [&Type "ArrayOfDoubles", &Dim (81,1)] 
                                                         0

0                                      3.0525235272336852e-04
1                                      2.4431568414892170e-04
2                                     -3.2246275352554483e-04
3                                     -1.3137364671973739e-04
4                                     -7.2490979878698722e-05
5                                      7.8814084629182102e-05
6                                      3.1390070925355062e-05
7                                      7.2316342484425589e-05
8                                      1.0275387944994052e-04
9                                     -3.6789913487149384e-05
10                                     5.7823505984740467e-05
11                                    -1.1394747619800950e-04
12                                    -9.3442901294687325e-05
13                                    -1.6948094613257296e-04
14                                     5.1652092346927969e-05
15                                     4.1032651903416539e-05
16                                     7.8883249525932980e-05
17                                     3.9362531206628415e-04
18                                    -6.6464489019639472e-05
19                                    -9.4277641144856206e-05
20                                    -3.9230473267030941e-05
21                                    -8.3243793857212811e-06
22                                     4.7044889186635339e-05
23                                    -1.8905634303176353e-04
24                                    -2.0085008466828522e-04
25                                    -1.9230329891376310e-04
26                                     6.7464537608299176e-05
27                                     1.3732371921646586e-04
28                                     3.0527029466665898e-05
29                                    -1.8124600219056666e-04
30                                    -6.3041427382840498e-05
31                                     1.4043495216881433e-05
32                                     1.7501526684719770e-05
33                                     4.3044174121945056e-05
34                                    -7.2753875775197208e-06
35                                     6.5971518113675399e-05
36                                     9.3949728605637051e-05
37                                    -2.0467417653245029e-05
38                                    -1.6350361548987354e-05
39                                    -2.6523830915574104e-04
40                                     1.1813216375263728e-04
41                                     2.3252256472808784e-05
42                                     1.4749721155863510e-04
43                                     8.0937135598022070e-06
44                                    -4.8488283693906564e-04
45                                     4.5491572841366290e-07
46                                     3.0667101790685103e-04
47                                    -2.4421632841799268e-04
48                                     1.1483673413920092e-04
49                                     1.3930645686625887e-04
50                                    -9.5074095617764254e-05
51                                     1.4549440547549294e-04
52                                     2.2122027422790368e-04
53                                    -3.1480494658127529e-04
54                                     1.1199313314213741e-04
55                                    -1.1623990130246037e-04
56                                    -1.2623247695408776e-04
57                                     2.7663457550772264e-05
58                                    -6.0012538631252360e-05
59                                     1.0744262711648717e-03
60                                    -9.3970998849404741e-05
61                                    -6.9354701527021140e-04
62                                     4.4360522098294691e-04
63                                    -5.0480346773136564e-06
64                                     4.9032857722362821e-06
65                                    -1.1552291722895409e-04
66                                     3.5496162296554112e-05
67                                     1.4871064489399566e-04
68                                    -2.5840741491423014e-04
69                                    -7.3532210038907558e-05
70                                     1.0880612273854104e-04
71                                    -8.5720125480423862e-05
72                                    -2.8376882205311156e-04
73                                    -8.8850759475140456e-05
74                                     4.6530802634114909e-05
75                                    -6.7311316471193455e-05
76                                    -7.8084317481453419e-05
77                                     1.8604611118262608e-04
78                                     1.0296952049693164e-04
79                                    -3.9314615919106011e-05
80                                     4.0432587303299711e-05
$End
$Geometry
   &GeometryIndex 45
   &ListStatus       OUT
   &NATOMS [&Type "Integer"] 27
   &NCORELESSECP [&Type "Integer"] 0
   &NGHOSTATOMS [&Type "Integer"] 0
   &CartesianCoordinates [&Type "Coordinates", &Dim(27,4), &Units "Bohr"] 
              S      5.651996228431    3.458730903625   -2.915321863223
              O      2.430031736267    5.878745405328    4.233708890860
              O      0.269666730385    4.710268760423    0.760780819874
              N      3.037972977881    0.330216578490    3.727083411712
              C      3.990365105425    2.328014492416    2.039086074454
              C      4.255156725269    1.281467424926   -0.613521927505
              C      2.049328630984    4.427173521738    2.175706643289
              H      5.823502114698    3.100177231872    2.655118993886
              H      5.444263513963   -0.405537198320   -0.496599484154
              H      2.397875946063    0.699897926337   -1.295552485559
              H      3.040025636292    0.985323107035    5.538631395109
              H      4.308554786107   -1.116827274137    3.700914085223
              H      1.059548401141    7.112442645145    4.301903372183
              Cu     6.997881991250    6.600274308436   -0.775573230295
              S      8.354339897062    9.653533998262    1.488316340271
              O      8.663525159414   13.841144667353    6.678967489720
              O      6.090796330790   10.726050710748    7.987666213425
              N     10.925835524540    8.140652565374    8.601081575689
              C     10.238464133141    9.648917342349    6.383589875836
              C      9.325254749759    7.885311747557    4.302758946309
              C      8.095160150090   11.403712276641    7.109148772060
              H     11.796057483165   10.802063382559    5.652425166157
              H     10.870284745614    6.591289887945    3.829269624581
              H      7.742077295771    6.769460291039    5.026880311703
              H     11.745675126989    9.275800136941    9.921432337304
              H     12.291014225389    6.893168548018    8.066292100481
              H      7.192907912840   14.840401759483    7.167012461245
$End
$SCF_Energy
   &GeometryIndex 45
   &ListStatus       IN
   &SCF_ENERGY [&Type "Double"]      -3.0770572642771826e+03
$End
$Solvation_Details
   &GeometryIndex 45
   &ListStatus       IN
   &SOLVENT [&Type "String"] "WATER"
   &EPSILON [&Type "Double"]       8.0150999999999996e+01
   &REFRAC [&Type "Double"]       1.3328000000000000e+00
   &RSOLV [&Type "Double"]       1.3000000000000000e+00
   &SURFACETYPE [&Type "String"] "GAUSSIAN VDW"
   &NPOINTS [&Type "Integer"] 2481
   &SURFACEAREA [&Type "Double"]       1.0625737452700000e+03
   &CPCMDIELENERGY [&Type "Double"]      -1.3089688399999999e-01
$End
$MP2_Energies
   &GeometryIndex 45
   &ListStatus       IN
   &REFENERGY [&Type "Double"]      -3.0770572642771826e+03  "Reference Energy"
   &CORRENERGY [&Type "Double"]      -3.3951698721393320e+00  "MP2 correlation energy"
   &TOTALENERGY [&Type "Double"]      -3.0804524341493220e+03  "MP2 total energy"
$End
$MP2_Nuc_Gradient
   &GeometryIndex 45
   &ListStatus       IN
   &NATOMS [&Type "Integer"] 81
   &GRADNORM [&Type "Double"]       1.7852344235961537e-03
   &GRAD [&Type "ArrayOfDoubles", &Dim (81,1)] 
                                                         0

0                                      2.2836997027873319e-04
1                                      1.4082899101389330e-04
2                                     -4.8919535453835483e-04
3                                      3.9953552195957920e-05
4                                     -1.7084933039302700e-04
5                                      1.1097669908666230e-04
6                                     -8.4767091175261267e-05
7                                      6.2125847365000764e-05
8                                     -1.9551900428724234e-05
9                                      9.4954701593465141e-05
10                                    -3.0530279864342605e-05
11                                    -1.2869850052140558e-04
12                                    -2.0540150406006541e-04
13                                     1.6497560721470857e-05
14                                     2.9656185254134382e-05
15                                     2.7450935608706525e-04
16                                     1.5596186517592703e-05
17                                     5.2143701075380022e-04
18                                     1.0570451792144692e-04
19                                    -6.4248903970113430e-05
20                                    -1.7470517715558603e-04
21                                     1.2376807414895066e-04
22                                     1.5991796509708112e-04
23                                    -1.2955249203095744e-04
24                                    -1.6055864692303759e-04
25                                    -9.7129829141222312e-05
26                                     1.6325924511487394e-04
27                                     5.5467558003716166e-05
28                                     1.0743671075245237e-04
29                                    -2.8768348607610857e-04
30                                    -9.0462294339710512e-05
31                                     2.8583869076526450e-05
32                                    -3.5848352889389368e-05
33                                    -1.9308139623357146e-05
34                                     3.3968181192993441e-05
35                                     6.1232516171059494e-05
36                                     5.0070198682264366e-05
37                                     6.7023445269358967e-05
38                                     4.8246336150554656e-05
39                                    -5.7639083886143645e-04
40                                    -1.2895821771009342e-04
41                                     3.1003024332687534e-04
42                                     1.5362732043595288e-04
43                                     1.3985189256924754e-04
44                                    -3.5123543498936753e-04
45                                     5.5163911314562442e-05
46                                     2.4425487414488078e-04
47                                    -1.7765822908926560e-04
48                                     1.3194565182829410e-04
49                                     1.0913951819693790e-04
50                                    -8.1819646244249422e-06
51                                     1.6218389738859723e-04
52                                     1.5521489850633084e-04
53                                    -3.0618133691235304e-04
54                                    -6.3154049700833020e-06
55                                    -2.6969460528710604e-05
56                                    -6.6474701416498194e-05
57                                     1.2388085209586938e-04
58                                    -2.5385553235273556e-04
59                                     8.1374765392352305e-04
60                                    -1.9303841888512752e-04
61                                    -4.1824365419705634e-04
62                                     2.6561218866758690e-04
63                                     7.7249138941762330e-06
64                                    -2.9160745313172587e-05
65                                    -8.0535990214269590e-05
66                                     2.6993495401417267e-07
67                                     1.3560241451010882e-04
68                                    -2.4421263484209442e-04
69                                    -1.2420046482608527e-04
70                                     4.9232850852135024e-05
71                                    -9.6220783169679441e-05
72                                    -2.2298434796563446e-04
73                                    -6.7271880359244529e-05
74                                     7.5837244519171010e-05
75                                    -1.7153460726643255e-05
76                                    -8.4658301252503454e-05
77                                     1.5470017672926210e-04
78                                     3.2367535636519673e-05
79                                    -3.6700816821045451e-05
80                                     2.7061474704343641e-05
$End
$Geometry
   &GeometryIndex 46
   &ListStatus       OUT
   &NATOMS [&Type "Integer"] 27
   &NCORELESSECP [&Type "Integer"] 0
   &NGHOSTATOMS [&Type "Integer"] 0
   &CartesianCoordinates [&Type "Coordinates", &Dim(27,4), &Units "Bohr"] 
              S      5.619836753040    3.470433304182   -2.901458148004
              O      2.374486253846    5.932374926192    4.162941488284
              O      0.213495605206    4.655389300194    0.729028170642
              N      3.008158437141    0.348131874776    3.741380947709
              C      3.960242696274    2.341942729935    2.047974912052
              C      4.260206670196    1.278269644875   -0.594556224911
              C      2.000710578325    4.425810833748    2.143735076893
              H      5.780615495836    3.131707934621    2.677348980468
              H      5.485430276831   -0.381110832549   -0.458914047344
              H      2.417799827500    0.654584049579   -1.280547215614
              H      3.002246050181    1.011006176864    5.550125270047
              H      4.283421121529   -1.094857078782    3.725822607739
              H      0.988937232265    7.150378052026    4.208204146695
              Cu     7.005970014306    6.601188160441   -0.766534351571
              S      8.396312676483    9.643990274000    1.491511847900
              O      8.612202279456   13.814235014637    6.725602769642
              O      6.089447155868   10.635352191833    7.976770077024
              N     10.988128147063    8.153941157367    8.598269548419
              C     10.264014691955    9.653505593466    6.384779722957
              C      9.386384209561    7.878284062733    4.297458824757
              C      8.085080130949   11.361872471625    7.116857853715
              H     11.798546758046   10.839142709882    5.657569525324
              H     10.952069376044    6.608367510480    3.827473435764
              H      7.819112705686    6.736446191658    5.016657375728
              H     11.806636731224    9.302486533915    9.908618283088
              H     12.368581965730    6.929449775242    8.049097131640
              H      7.119489418180   14.779552584646    7.215987901594
$End
$SCF_Energy
   &GeometryIndex 46
   &ListStatus       IN
   &SCF_ENERGY [&Type "Double"]      -3.0770575420695391e+03
$End
$Solvation_Details
   &GeometryIndex 46
   &ListStatus       IN
   &SOLVENT [&Type "String"] "WATER"
   &EPSILON [&Type "Double"]       8.0150999999999996e+01
   &REFRAC [&Type "Double"]       1.3328000000000000e+00
   &RSOLV [&Type "Double"]       1.3000000000000000e+00
   &SURFACETYPE [&Type "String"] "GAUSSIAN VDW"
   &NPOINTS [&Type "Integer"] 2494
   &SURFACEAREA [&Type "Double"]       1.0645738246620001e+03
   &CPCMDIELENERGY [&Type "Double"]      -1.3116198300000001e-01
$End
$MP2_Energies
   &GeometryIndex 46
   &ListStatus       IN
   &REFENERGY [&Type "Double"]      -3.0770575420695391e+03  "Reference Energy"
   &CORRENERGY [&Type "Double"]      -3.3949386489094855e+00  "MP2 correlation energy"
   &TOTALENERGY [&Type "Double"]      -3.0804524807184484e+03  "MP2 total energy"
$End
$MP2_Nuc_Gradient
   &GeometryIndex 46
   &ListStatus       IN
   &NATOMS [&Type "Integer"] 81
   &GRADNORM [&Type "Double"]       1.3445536773329465e-03
   &GRAD [&Type "ArrayOfDoubles", &Dim (81,1)] 
                                                         0

0                                      1.1135502863715736e-04
1                                     -2.0015450292997991e-04
2                                     -8.3745491638680808e-05
3                                      1.1209211192820395e-04
4                                     -1.0517468854409108e-04
5                                      9.1326250154864785e-05
6                                      5.0116549991360837e-05
7                                     -5.1307590078781412e-06
8                                     -3.5142042563718334e-05
9                                      2.3084490049624096e-04
10                                    -1.8911904868333836e-04
11                                    -9.0100169675805600e-05
12                                    -1.9955746114507997e-04
13                                     3.6139888878953998e-04
14                                     3.0890063610761187e-05
15                                     2.5008720239354937e-04
16                                    -1.9774413606063815e-04
17                                     1.4656089723094623e-04
18                                     1.2883724129707230e-04
19                                     6.9617617356812489e-06
20                                    -3.2471345172711830e-04
21                                     5.2967657612135871e-05
22                                    -1.8818905767135213e-05
23                                    -3.6821892635342628e-05
24                                    -3.7827924681575059e-05
25                                     4.2914808236250296e-05
26                                     9.8988870388572354e-05
27                                    -1.1090159176244813e-04
28                                     1.3262350344781480e-04
29                                    -2.4633405167247963e-04
30                                    -8.2459056774024288e-05
31                                     3.9466883901420960e-05
32                                    -3.5471331415272422e-05
33                                    -7.7524300884181108e-05
34                                     2.1528346017211236e-05
35                                     6.7714858616074475e-05
36                                    -3.0497894788865387e-05
37                                     7.5929915882514548e-05
38                                     9.7998277623409687e-05
39                                    -5.4929298559810188e-04
40                                     1.9607013081958564e-04
41                                     2.8402700631125540e-04
42                                     1.5523108402187760e-04
43                                    -2.2483345662363541e-05
44                                     7.4868388262707211e-05
45                                     1.5502995133691300e-04
46                                     6.4548785922848712e-05
47                                     3.4786308543928446e-05
48                                     1.0442556062426056e-04
49                                    -7.7827001342907487e-05
50                                     1.5472657052394839e-04
51                                     8.9637341884451355e-05
52                                    -6.3903958268586580e-05
53                                    -1.2664551563104642e-04
54                                    -2.2072709192950610e-04
55                                     1.9973741960063393e-04
56                                     7.7012256476639840e-05
57                                     2.3556925605454533e-04
58                                    -3.3953605941882542e-04
59                                     8.8426305001436389e-06
60                                    -2.3327771690583032e-04
61                                     1.7018047734643910e-04
62                                    -2.5692066866413177e-04
63                                     6.6287116036144178e-05
64                                    -1.5601515783395664e-04
65                                     5.5223991186230392e-05
66                                    -6.5203128476600675e-05
67                                     6.9293967238509557e-05
68                                    -8.8823848801057245e-05
69                                    -1.0661696265123685e-04
70                                     4.4659856431986805e-05
71                                    -3.9201468849732468e-05
72                                    -7.1151504939664934e-06
73                                     4.0986031588814698e-05
74                                     8.5994724465219413e-05
75                                     1.3221297518239972e-05
76                                     1.6836191110668197e-05
77                                     5.6137312558218397e-05
78                                    -1.0383648823600322e-04
79                                    -4.7218871157404807e-05
80                                     5.4407464281473750e-06
$End
$Geometry
   &GeometryIndex 47
   &ListStatus       OUT
   &NATOMS [&Type "Integer"] 27
   &NCORELESSECP [&Type "Integer"] 0
   &NGHOSTATOMS [&Type "Integer"] 0
   &CartesianCoordinates [&Type "Coordinates", &Dim(27,4), &Units "Bohr"] 
              S      5.551687072430    3.510059177942   -2.904631667605
              O      2.287511640563    5.993166919307    4.088667278711
              O      0.122985573772    4.544028867734    0.726800187796
              N      3.049711913022    0.382141128891    3.777646368960
              C      3.950462117122    2.381649062465    2.063415725166
              C      4.287537807403    1.295491048523   -0.565916067146
              C      1.932922239366    4.411084661188    2.124580202777
              H      5.746190322352    3.228481313035    2.688320579108
              H      5.578206601550   -0.311993726123   -0.409283705368
              H      2.470342867183    0.589416916935   -1.238623829478
              H      3.034510912586    1.060897990858    5.580580241368
              H      4.358902937505   -1.030443151876    3.770446996164
              H      0.866707404661    7.170533272656    4.112237778430
              Cu     7.006311475877    6.619318652974   -0.781328283661
              S      8.439332289968    9.643843658679    1.476822702340
              O      8.623141588599   13.787602960283    6.760362170693
              O      6.085006424156   10.594649376749    7.942723734300
              N     10.990673317539    8.119787708352    8.591264407343
              C     10.274816557463    9.630176841393    6.381656916337
              C      9.409082875315    7.865202507001    4.281183186465
              C      8.089878975586   11.330854815774    7.112670873842
              H     11.810906302415   10.822247861200    5.668270792669
              H     10.976340489964    6.594430038722    3.817940360524
              H      7.837113344361    6.721596270934    4.987597688858
              H     11.808074879476    9.262144515493    9.907793547877
              H     12.371719730347    6.897258366969    8.038942251456
              H      7.127485598142   14.748248091524    7.251065472711
$End
$SCF_Energy
   &GeometryIndex 47
   &ListStatus       IN
   &SCF_ENERGY [&Type "Double"]      -3.0770577658805164e+03
$End
$Solvation_Details
   &GeometryIndex 47
   &ListStatus       IN
   &SOLVENT [&Type "String"] "WATER"
   &EPSILON [&Type "Double"]       8.0150999999999996e+01
   &REFRAC [&Type "Double"]       1.3328000000000000e+00
   &RSOLV [&Type "Double"]       1.3000000000000000e+00
   &SURFACETYPE [&Type "String"] "GAUSSIAN VDW"
   &NPOINTS [&Type "Integer"] 2490
   &SURFACEAREA [&Type "Double"]       1.0658429517790000e+03
   &CPCMDIELENERGY [&Type "Double"]      -1.3153989099999999e-01
$End
$MP2_Energies
   &GeometryIndex 47
   &ListStatus       IN
   &REFENERGY [&Type "Double"]      -3.0770577658805164e+03  "Reference Energy"
   &CORRENERGY [&Type "Double"]      -3.3947053477275460e+00  "MP2 correlation energy"
   &TOTALENERGY [&Type "Double"]      -3.0804524712282441e+03  "MP2 total energy"
$End
$MP2_Nuc_Gradient
   &GeometryIndex 47
   &ListStatus       IN
   &NATOMS [&Type "Integer"] 81
   &GRADNORM [&Type "Double"]       1.2657723183511422e-03
   &GRAD [&Type "ArrayOfDoubles", &Dim (81,1)] 
                                                         0

0                                      3.4415097009033802e-04
1                                     -2.6689460150509589e-04
2                                     -1.5662267476956523e-04
3                                      1.0594090963501890e-04
4                                     -5.0860079486785004e-05
5                                      2.0370943662122165e-04
6                                      7.1057362436802163e-05
7                                     -4.8350008388834721e-05
8                                     -1.6912604016150468e-05
9                                      1.8597882393522891e-04
10                                    -1.5011836776501926e-04
11                                    -8.4354332798687939e-05
12                                     5.1366827801716669e-05
13                                     2.0730167906438286e-04
14                                     6.4091884006210742e-05
15                                    -6.9250279197047293e-05
16                                    -5.7397214506572924e-06
17                                    -1.7864473195843000e-05
18                                     1.4525815713116452e-04
19                                     2.4155570263204376e-05
20                                    -3.3513376302850284e-04
21                                     9.4701840194187648e-05
22                                    -4.6389657395669998e-05
23                                     2.6622390300871067e-05
24                                     7.9036216678145255e-06
25                                     8.5029565767023862e-05
26                                     1.0451923980185976e-04
27                                    -7.3511524124193761e-05
28                                     6.9032904286151289e-05
29                                    -1.3975905742416410e-04
30                                    -8.7023059496666149e-05
31                                     7.9945664255089838e-05
32                                    -2.0743204686972383e-05
33                                    -6.8924891856145948e-05
34                                     2.7229243874035691e-06
35                                     1.3827189012912636e-05
36                                    -9.9405042847527936e-05
37                                     1.0651484601754621e-04
38                                     7.1448833162174232e-05
39                                    -5.7717081734260387e-04
40                                     1.5903631235943540e-04
41                                     3.1316328779163599e-04
42                                     4.8894681618682351e-05
43                                    -1.6532682943899007e-05
44                                    -4.0178068980607773e-06
45                                     1.3194583578506058e-04
46                                    -1.3137951609679815e-05
47                                     8.0992255544139885e-05
48                                     1.8382477439043976e-05
49                                    -1.2021524551206891e-04
50                                     1.5857928785190101e-04
51                                     5.3397702831459865e-05
52                                    -1.5884696812757358e-04
53                                     4.5221260865086280e-05
54                                    -2.0322726802961960e-04
55                                     1.9360427240615666e-04
56                                     1.1863194005989203e-04
57                                     1.1122496292172331e-04
58                                    -1.8381066993743145e-04
59                                    -1.3845099353717444e-04
60                                    -6.5189092860379327e-05
61                                     2.4330145667255179e-04
62                                    -3.8705541666192445e-04
63                                     3.8200574258007852e-05
64                                    -1.0847283572644473e-04
65                                     4.0765665134103943e-05
66                                    -2.7399976514429214e-05
67                                     1.7860757582664755e-05
68                                     2.4891799153031920e-05
69                                    -6.8099828237511845e-05
70                                    -2.1037171680504674e-06
71                                    -2.0067050750279328e-05
72                                     2.5415786779073302e-05
73                                     4.5777589117793061e-05
74                                     5.6090669726376746e-05
75                                     3.2160834719831277e-06
76                                     5.3362586139603374e-05
77                                    -1.6673626022974813e-05
78                                    -8.2454768701951953e-05
79                                    -6.2589957401208707e-05
80                                     1.6934141457361149e-05
$End
$Geometry
   &GeometryIndex 48
   &ListStatus       OUT
   &NATOMS [&Type "Integer"] 27
   &NCORELESSECP [&Type "Integer"] 0
   &NGHOSTATOMS [&Type "Integer"] 0
   &CartesianCoordinates [&Type "Coordinates", &Dim(27,4), &Units "Bohr"] 
              S      5.470167230753    3.558045024839   -2.908305684123
              O      2.191317443963    6.043020503658    4.012657048319
              O      0.028558472007    4.423577646355    0.728730193224
              N      3.096008764558    0.413493008062    3.810282277288
              C      3.936599492152    2.420151059434    2.074180484979
              C      4.311550397640    1.316034316846   -0.542421689246
              C      1.858876807371    4.388647763551    2.105436086119
              H      5.704638062825    3.327883923976    2.691276908533
              H      5.669172459158   -0.233973994685   -0.369607858217
              H      2.523306356121    0.526953459996   -1.200321176892
              H      3.069641441933    1.107916656981    5.607185516035
              H      4.443483127517   -0.962838281078    3.810872839131
              H      0.734798136150    7.176022454603    4.019451808829
              Cu     7.001708721166    6.637457418117   -0.791183004433
              S      8.488839796793    9.638083570534    1.467074865103
              O      8.640043048606   13.763512272083    6.780659322376
              O      6.087548920567   10.564149402010    7.913826470103
              N     10.994033697113    8.089818834861    8.591380601078
              C     10.289689538302    9.606914963058    6.382319273276
              C      9.434690664995    7.848897069106    4.271888551155
              C      8.100467710434   11.304800380939    7.107311855504
              H     11.829331425837   10.801598852410    5.681130978089
              H     11.001452564735    6.574323200211    3.817163556002
              H      7.855887731696    6.707257133177    4.966780708762
              H     11.806024527344    9.228386107329    9.914644699888
              H     12.377633768641    6.868963429738    8.041582859587
              H      7.142092950344   14.722778971470    7.267208420170
$End
$SCF_Energy
   &GeometryIndex 48
   &ListStatus       IN
   &SCF_ENERGY [&Type "Double"]      -3.0770580371424712e+03
$End
$Solvation_Details
   &GeometryIndex 48
   &ListStatus       IN
   &SOLVENT [&Type "String"] "WATER"
   &EPSILON [&Type "Double"]       8.0150999999999996e+01
   &REFRAC [&Type "Double"]       1.3328000000000000e+00
   &RSOLV [&Type "Double"]       1.3000000000000000e+00
   &SURFACETYPE [&Type "String"] "GAUSSIAN VDW"
   &NPOINTS [&Type "Integer"] 2489
   &SURFACEAREA [&Type "Double"]       1.0674052599720001e+03
   &CPCMDIELENERGY [&Type "Double"]      -1.3187071000000000e-01
$End
$MP2_Energies
   &GeometryIndex 48
   &ListStatus       IN
   &REFENERGY [&Type "Double"]      -3.0770580371424712e+03  "Reference Energy"
   &CORRENERGY [&Type "Double"]      -3.3944442921893501e+00  "MP2 correlation energy"
   &TOTALENERGY [&Type "Double"]      -3.0804524814346605e+03  "MP2 total energy"
$End
$MP2_Nuc_Gradient
   &GeometryIndex 48
   &ListStatus       IN
   &NATOMS [&Type "Integer"] 81
   &GRADNORM [&Type "Double"]       1.4939888936832807e-03
   &GRAD [&Type "ArrayOfDoubles", &Dim (81,1)] 
                                                         0

0                                      4.9062491975783397e-04
1                                     -3.7803313892228671e-04
2                                     -2.7911730163106101e-04
3                                      1.1922792149212519e-04
4                                      4.0193250039751924e-06
5                                      1.9642876675741300e-04
6                                      7.4463739764080161e-05
7                                     -1.0272633403454441e-04
8                                     -9.2207940332170168e-05
9                                      1.7962406576330775e-04
10                                    -1.5589895609157203e-04
11                                    -1.2779746416943100e-05
12                                     2.2389578877195226e-04
13                                     2.3546055266476969e-04
14                                    -9.8757795228221479e-05
15                                    -2.3034574048095419e-04
16                                     8.6440984978813917e-05
17                                    -7.4562065241458308e-05
18                                     1.0972585154177261e-04
19                                     5.9683375654389151e-05
20                                    -1.7854114265158927e-04
21                                     1.3291358498958988e-04
22                                    -1.0635055662880713e-04
23                                     4.5982180480944393e-05
24                                     3.9414762266619385e-05
25                                     1.1164634603708437e-04
26                                     1.1456993325389183e-04
27                                    -7.9268107632278484e-05
28                                     4.1032808304782356e-05
29                                    -4.4515115326059645e-05
30                                    -7.4664618747342752e-05
31                                     7.0900256066819267e-05
32                                    -2.1662593111641815e-05
33                                    -7.2581586352628291e-05
34                                    -7.3637640776585966e-06
35                                     4.4271544441532029e-07
36                                    -1.4344885771660348e-04
37                                     7.5125976245572768e-05
38                                     5.2073271935292997e-05
39                                    -6.6753271436163580e-04
40                                     1.2198001439109297e-04
41                                     3.6511482600406955e-04
42                                     4.9342115214922634e-05
43                                     8.7700051766576720e-06
44                                     1.0622609674021746e-04
45                                     9.2855061697004471e-05
46                                    -8.4203433475003864e-05
47                                     1.0040002204986243e-04
48                                    -1.7425505896409565e-05
49                                    -1.6409822463265417e-04
50                                     1.4395294047444412e-04
51                                     2.4715201662646458e-05
52                                    -2.0749661535804029e-04
53                                     1.0571505442201652e-04
54                                    -1.9258216297699492e-04
55                                     1.9369874771808446e-04
56                                     1.2292287092686982e-04
57                                     9.2755599008093048e-05
58                                    -7.6130659971355985e-05
59                                    -3.2035762825944475e-04
60                                     1.1677582345534510e-05
61                                     3.4325236530611050e-04
62                                    -4.1772980333285026e-04
63                                     1.5339060132756044e-05
64                                    -9.6590475361070516e-05
65                                     5.1435146135552293e-05
66                                    -3.2645242066552116e-05
67                                    -2.3018393872368398e-05
68                                     8.5022738403642620e-05
69                                    -1.0933470004378595e-04
70                                    -4.3697986542398648e-05
71                                    -1.0775002815025317e-05
72                                     4.6118891940566051e-05
73                                     6.0077881356940949e-05
74                                     5.2361335166374590e-05
75                                     8.6940733892530708e-06
76                                     7.3166360556920634e-05
77                                    -5.3480100150589058e-05
78                                    -6.7944150117044133e-05
79                                    -4.4863556169581764e-05
80                                     1.1709776453200718e-05
$End
$Geometry
   &GeometryIndex 49
   &ListStatus       OUT
   &NATOMS [&Type "Integer"] 27
   &NCORELESSECP [&Type "Integer"] 0
   &NGHOSTATOMS [&Type "Integer"] 0
   &CartesianCoordinates [&Type "Coordinates", &Dim(27,4), &Units "Bohr"] 
              S      5.389292929363    3.607550700249   -2.907393151711
              O      2.105766172013    6.082875394894    3.945444502499
              O     -0.056144779331    4.316166164307    0.738242685556
              N      3.130087461575    0.437367864677    3.834928232310
              C      3.918725031518    2.451720024271    2.083721343776
              C      4.328979773998    1.337921747273   -0.523304517419
              C      1.791046416622    4.366153908819    2.091418034691
              H      5.660657486886    3.411086434327    2.695798567695
              H      5.745560769155   -0.157526829864   -0.340412501841
              H      2.569693008314    0.475973841517   -1.167964065754
              H      3.093081359094    1.141957632117    5.627740950109
              H      4.510162037595   -0.906467704238    3.840096334384
              H      0.620642277714    7.177997166466    3.939808868916
              Cu     6.998622697402    6.653370000646   -0.796279909713
              S      8.545693201064    9.628318298560    1.457727629789
              O      8.648301771793   13.740971325188    6.792957104617
              O      6.089305827758   10.531605082774    7.882025316171
              N     11.000397712921    8.069529700727    8.595502387141
              C     10.306884899893    9.588679606869    6.384159321679
              C      9.469860858566    7.832975502692    4.264882883244
              C      8.108478233219   11.279722223544    7.098264455457
              H     11.848094904694   10.788709209786    5.695685732484
              H     11.040121498442    6.558943085997    3.820725820089
              H      7.886996919725    6.689488654575    4.947690648158
              H     11.801813385415    9.208021387633    9.925326772225
              H     12.390364238565    6.852902952964    8.052342530481
              H      7.145077164750   14.695861770812    7.272069935607
$End
$SCF_Energy
   &GeometryIndex 49
   &ListStatus       IN
   &SCF_ENERGY [&Type "Double"]      -3.0770582644630617e+03
$End
$Solvation_Details
   &GeometryIndex 49
   &ListStatus       IN
   &SOLVENT [&Type "String"] "WATER"
   &EPSILON [&Type "Double"]       8.0150999999999996e+01
   &REFRAC [&Type "Double"]       1.3328000000000000e+00
   &RSOLV [&Type "Double"]       1.3000000000000000e+00
   &SURFACETYPE [&Type "String"] "GAUSSIAN VDW"
   &NPOINTS [&Type "Integer"] 2498
   &SURFACEAREA [&Type "Double"]       1.0684359777440000e+03
   &CPCMDIELENERGY [&Type "Double"]      -1.3210501299999999e-01
$End
$MP2_Energies
   &GeometryIndex 49
   &ListStatus       IN
   &REFENERGY [&Type "Double"]      -3.0770582644630617e+03  "Reference Energy"
   &CORRENERGY [&Type "Double"]      -3.3942425971665569e+00  "MP2 correlation energy"
   &TOTALENERGY [&Type "Double"]      -3.0804525070602281e+03  "MP2 total energy"
$End
$MP2_Nuc_Gradient
   &GeometryIndex 49
   &ListStatus       IN
   &NATOMS [&Type "Integer"] 81
   &GRADNORM [&Type "Double"]       1.6914963802391512e-03
   &GRAD [&Type "ArrayOfDoubles", &Dim (81,1)] 
                                                         0

0                                      5.5207562355987817e-04
1                                     -4.6519792398303297e-04
2                                     -3.2976165661829752e-04
3                                      1.1274475269726358e-04
4                                      4.7342853465946050e-05
5                                      1.3039497336916200e-04
6                                      9.4230237683790019e-05
7                                     -9.5049699175244438e-05
8                                     -1.0968908460987081e-04
9                                      1.7616632486631978e-04
10                                    -1.5331919654720458e-04
11                                     4.7621861029681009e-05
12                                     2.7893113701035754e-04
13                                     3.3647354105023923e-04
14                                    -2.7905961181448613e-04
15                                    -2.4979672745676501e-04
16                                     1.0384045018547658e-04
17                                    -1.4312950565777138e-04
18                                     4.1111800493445760e-06
19                                     5.4815114198481993e-05
20                                    -7.0679737168150014e-05
21                                     1.4361046435085872e-04
22                                    -1.5123094887825941e-04
23                                     5.9075323432908507e-05
24                                     6.2830198905922813e-05
25                                     1.2870817552208119e-04
26                                     1.1352022000871934e-04
27                                    -9.4617901752108713e-05
28                                    -1.4133956314811569e-06
29                                     8.4720875163103379e-05
30                                    -5.9113740143645552e-05
31                                     4.1173994577009543e-05
32                                    -1.6790925256131295e-05
33                                    -5.4826114762193678e-05
34                                    -1.4171194941122595e-05
35                                    -1.0133764896403871e-05
36                                    -1.5465190790794198e-04
37                                     3.0366029606310879e-05
38                                     3.2000301176448491e-05
39                                    -6.9891768266454150e-04
40                                     1.0593185998710418e-04
41                                     3.4391552030163010e-04
42                                     5.0924773202653748e-05
43                                    -8.9284386360286017e-06
44                                     2.6257068335030012e-04
45                                     8.5023973073014569e-05
46                                    -1.5591706506331432e-04
47                                     1.2853322763274264e-04
48                                    -1.4133118808073997e-05
49                                    -1.7668509168432961e-04
50                                     1.2984427068907928e-04
51                                    -2.8088796082820222e-07
52                                    -2.3101658388769049e-04
53                                     1.4029432636698466e-04
54                                    -1.7564515523546889e-04
55                                     1.9014074331785355e-04
56                                     1.1350929034191493e-04
57                                     1.0991827812370514e-04
58                                     1.2191661552737876e-06
59                                    -4.5514575680355787e-04
60                                     1.3555603216960921e-05
61                                     4.0835074797875709e-04
62                                    -4.5632330985839742e-04
63                                    -2.3044590839807477e-06
64                                    -9.1122658292100422e-05
65                                     5.9400519376794428e-05
66                                    -4.8632057213761348e-05
67                                    -5.9561391715447914e-05
68                                     1.2797036814943871e-04
69                                    -9.1291505366384446e-05
70                                    -7.0211199098502153e-05
71                                     2.7740595490804293e-05
72                                     5.4392368151244194e-05
73                                     7.6224401475900871e-05
74                                     4.5171301102951700e-05
75                                     1.1601907469502293e-05
76                                     8.3759034056218873e-05
77                                    -6.9972097272077288e-05
78                                    -7.4834192462944205e-05
79                                    -2.9261377459958299e-05
80                                     4.0794914127669640e-06
$End
$Geometry
   &GeometryIndex 50
   &ListStatus       OUT
   &NATOMS [&Type "Integer"] 27
   &NCORELESSECP [&Type "Integer"] 0
   &NGHOSTATOMS [&Type "Integer"] 0
   &CartesianCoordinates [&Type "Coordinates", &Dim(27,4), &Units "Bohr"] 
              S      5.292482076975    3.676006300944   -2.898741473530
              O      2.034307586197    6.098628269813    3.906979753445
              O     -0.145990141062    4.217919932663    0.780162002042
              N      3.173568534157    0.441560648890    3.850747900334
              C      3.894587007655    2.470143057795    2.087362943219
              C      4.314125354142    1.365269438563   -0.521435846829
              C      1.722520771985    4.334464880757    2.099330424570
              H      5.614261737026    3.477663893766    2.682109490637
              H      5.772472859736   -0.091810253164   -0.353436125202
              H      2.572382695667    0.457575574431   -1.150597186911
              H      3.141869785870    1.146864628980    5.643332002938
              H      4.586445924667   -0.868174351889    3.841312582606
              H      0.527450780733    7.162652526666    3.903020175997
              Cu     7.022444957921    6.670124274836   -0.806425605399
              S      8.648627690154    9.607527545348    1.442109283826
              O      8.654739127629   13.726637948407    6.779891115803
              O      6.081014926881   10.512101614804    7.815723499580
              N     10.987785932601    8.064786841770    8.619265906192
              C     10.328405336628    9.577954259588    6.393678681591
              C      9.530111744748    7.816753735048    4.264588985257
              C      8.113333756648   11.264069013484    7.070894904024
              H     11.876861176546   10.782405077810    5.729378415901
              H     11.108489315894    6.543162478498    3.848339209363
              H      7.939742389004    6.672126130105    4.927083018959
              H     11.764766938490    9.207205065954    9.959952684613
              H     12.388072558258    6.848212181439    8.103093375682
              H      7.142682433571   14.680044432274    7.233485791928
$End
$SCF_Energy
   &GeometryIndex 50
   &ListStatus       IN
   &SCF_ENERGY [&Type "Double"]      -3.0770587670437608e+03
$End
$Solvation_Details
   &GeometryIndex 50
   &ListStatus       IN
   &SOLVENT [&Type "String"] "WATER"
   &EPSILON [&Type "Double"]       8.0150999999999996e+01
   &REFRAC [&Type "Double"]       1.3328000000000000e+00
   &RSOLV [&Type "Double"]       1.3000000000000000e+00
   &SURFACETYPE [&Type "String"] "GAUSSIAN VDW"
   &NPOINTS [&Type "Integer"] 2504
   &SURFACEAREA [&Type "Double"]       1.0698748706809999e+03
   &CPCMDIELENERGY [&Type "Double"]      -1.3221478400000000e-01
$End
$MP2_Energies
   &GeometryIndex 50
   &ListStatus       IN
   &REFENERGY [&Type "Double"]      -3.0770587670437608e+03  "Reference Energy"
   &CORRENERGY [&Type "Double"]      -3.3937786725702894e+00  "MP2 correlation energy"
   &TOTALENERGY [&Type "Double"]      -3.0804525457163309e+03  "MP2 total energy"
$End
$MP2_Nuc_Gradient
   &GeometryIndex 50
   &ListStatus       IN
   &NATOMS [&Type "Integer"] 81
   &GRADNORM [&Type "Double"]       2.0781978389007839e-03
   &GRAD [&Type "ArrayOfDoubles", &Dim (81,1)] 
                                                         0

0                                      7.1756322875324904e-04
1                                     -4.2721240648445694e-04
2                                      3.5236493145034478e-04
3                                     -7.0163407984824566e-05
4                                     -9.7633938987626984e-05
5                                     -1.7040144006748303e-04
6                                      1.4761914532761267e-04
7                                      1.8593856412444862e-04
8                                     -1.4691845498715495e-04
9                                      1.0551853740402295e-04
10                                    -4.6020579700833258e-05
11                                     2.5036256276924143e-04
12                                     4.4283114303680579e-04
13                                     3.4200168442920145e-04
14                                    -6.0062758974979008e-04
15                                    -6.6711078121116721e-04
16                                    -6.3865487085271178e-05
17                                    -5.8357060225614626e-04
18                                    -2.7553012496779605e-04
19                                     4.8082752992119684e-05
20                                     2.7289147922202744e-04
21                                    -9.9798966904152131e-05
22                                    -1.3778528864551859e-04
23                                    -3.4381997795812115e-05
24                                     1.5107514826630947e-04
25                                     6.1762987133413133e-05
26                                    -3.6332626426535675e-06
27                                    -1.4540575744553461e-04
28                                    -1.5532580302079872e-04
29                                     4.5994387144167662e-04
30                                    -6.6424587781763189e-06
31                                    -6.3719896867656806e-05
32                                    -1.5750341507643484e-05
33                                     5.0049473762289742e-05
34                                    -3.9859077180653957e-05
35                                    -1.8374763576137036e-05
36                                     5.5019649590544450e-05
37                                    -1.5130657023116820e-04
38                                    -2.2276247683352454e-05
39                                    -3.0053438875577050e-04
40                                     5.1446289047805635e-04
41                                    -2.4335606426077912e-04
42                                    -8.5250300441812310e-05
43                                    -1.6446120012320910e-04
44                                     5.0703263274500324e-04
45                                    -6.7014597505604678e-05
46                                    -2.6559893012268951e-04
47                                     1.0810906180029264e-04
48                                    -4.8440389819909280e-05
49                                    -3.1103834822701626e-05
50                                     6.7297972237700954e-06
51                                    -1.0573110950565928e-04
52                                    -1.1155407539631922e-04
53                                     1.5024392085456403e-04
54                                     1.4943629520470375e-05
55                                     5.7715989717058158e-05
56                                    -6.2247345924290598e-05
57                                     1.5275200337903222e-04
58                                     1.5164492845077746e-04
59                                    -4.8807320812876975e-04
60                                     3.9206696631696736e-05
61                                     3.0345278444503243e-04
62                                    -1.4008898269145253e-04
63                                    -2.1717059433969121e-05
64                                    -2.6637164057097262e-05
65                                     5.3244852630940712e-05
66                                    -6.5106921708493054e-05
67                                    -1.5894113026290388e-04
68                                     1.4346821823714526e-04
69                                     6.0959578541967124e-05
70                                    -2.0190575774764463e-05
71                                     1.2344049953472679e-04
72                                     5.9651488491501564e-06
73                                     6.0859882542552840e-05
74                                    -2.4779608684410981e-07
75                                     1.6794459755314212e-05
76                                     5.2056025796175937e-05
77                                    -5.2814969132185946e-05
78                                    -3.2780029930144783e-05
79                                     6.0567126616166422e-05
80                                    -1.2030326435704536e-05
$End
$Geometry
   &GeometryIndex 51
   &ListStatus       OUT
   &NATOMS [&Type "Integer"] 27
   &NCORELESSECP [&Type "Integer"] 0
   &NGHOSTATOMS [&Type "Integer"] 0
   &CartesianCoordinates [&Type "Coordinates", &Dim(27,4), &Units "Bohr"] 
              S      5.149265536510    3.779532189529   -2.889039068864
              O      1.911475170853    6.129007590734    3.837555467127
              O     -0.260607759499    4.050534027527    0.833240655272
              N      3.249063886685    0.467161865897    3.878748513824
              C      3.875238780575    2.513274745531    2.101143909260
              C      4.331996378551    1.416404371261   -0.504844291700
              C      1.630015143085    4.288097901539    2.103594761034
              H      5.551940408049    3.598277768991    2.681454895561
              H      5.868697128486    0.040589192082   -0.345871567782
              H      2.635188640960    0.412402956708   -1.109905129337
              H      3.204610567613    1.178478140297    5.668800429561
              H      4.714299107383   -0.784005387418    3.863712855533
              H      0.365289059070    7.134889694802    3.828483886607
              Cu     7.023614442134    6.696050268934   -0.812597253621
              S      8.762547560016    9.583062473642    1.418841076452
              O      8.689247762310   13.703118533439    6.758586453449
              O      6.081578828928   10.501338549943    7.747976175746
              N     10.961292159785    8.031742286888    8.636763430343
              C     10.349110831444    9.545854000150    6.399044156717
              C      9.576520368792    7.787739246702    4.258815035117
              C      8.130415893969   11.242875201012    7.038914074861
              H     11.913646471093   10.743557822457    5.760168938011
              H     11.151095928815    6.500339718421    3.871298668263
              H      7.965869141236    6.657227141494    4.895597291845
              H     11.714792844732    9.171018957889    9.993197412205
              H     12.365790010235    6.808036951236    8.150020973258
              H      7.175568966907   14.665268937895    7.187504161897
$End
$SCF_Energy
   &GeometryIndex 51
   &ListStatus       IN
   &SCF_ENERGY [&Type "Double"]      -3.0770589748738639e+03
$End
$Solvation_Details
   &GeometryIndex 51
   &ListStatus       IN
   &SOLVENT [&Type "String"] "WATER"
   &EPSILON [&Type "Double"]       8.0150999999999996e+01
   &REFRAC [&Type "Double"]       1.3328000000000000e+00
   &RSOLV [&Type "Double"]       1.3000000000000000e+00
   &SURFACETYPE [&Type "String"] "GAUSSIAN VDW"
   &NPOINTS [&Type "Integer"] 2504
   &SURFACEAREA [&Type "Double"]       1.0700168013410000e+03
   &CPCMDIELENERGY [&Type "Double"]      -1.3242324899999999e-01
$End
$MP2_Energies
   &GeometryIndex 51
   &ListStatus       IN
   &REFENERGY [&Type "Double"]      -3.0770589748738639e+03  "Reference Energy"
   &CORRENERGY [&Type "Double"]      -3.3936460192895428e+00  "MP2 correlation energy"
   &TOTALENERGY [&Type "Double"]      -3.0804526208931534e+03  "MP2 total energy"
$End
$MP2_Nuc_Gradient
   &GeometryIndex 51
   &ListStatus       IN
   &NATOMS [&Type "Integer"] 81
   &GRADNORM [&Type "Double"]       2.2414407996824938e-03
   &GRAD [&Type "ArrayOfDoubles", &Dim (81,1)] 
                                                         0

0                                      5.8409081999931649e-04
1                                     -1.2049945162065541e-04
2                                      6.3718933067513986e-04
3                                     -1.1895800772439291e-04
4                                     -2.9259168033375291e-04
5                                     -1.3942150605712744e-04
6                                      6.4946140206634251e-05
7                                      4.6227979534193414e-04
8                                     -2.8939033914683610e-04
9                                     -1.5861533287107876e-05
10                                     1.1262226393938569e-04
11                                     2.3433530773815832e-04
12                                     3.5154235832332917e-04
13                                     2.6052375777535670e-04
14                                    -8.4255123016534900e-04
15                                    -5.7810035495777304e-04
16                                    -2.7495148697952165e-05
17                                    -7.9108287837047903e-04
18                                    -1.5874439488696573e-04
19                                     2.2018065844623541e-05
20                                     3.1074872890920341e-04
21                                    -1.7582376385536988e-04
22                                     4.4873019762275979e-05
23                                    -1.4038172031621398e-04
24                                     1.0714970886356590e-04
25                                    -4.5374655723452034e-05
26                                    -4.4251623145358590e-05
27                                    -1.0289806658845754e-04
28                                    -2.2985373848169455e-04
29                                     7.8129414911033528e-04
30                                     4.4849616659301331e-05
31                                    -8.6871714176286335e-05
32                                    -1.7480834131930467e-05
33                                     6.3088028918537042e-05
34                                     1.8961101256105561e-05
35                                    -9.1633326714003760e-06
36                                     1.4412986007207584e-04
37                                    -1.7563746670285624e-04
38                                     1.5154669137922884e-05
39                                    -2.3477939440257121e-04
40                                     9.6806572232447687e-05
41                                    -3.0382290806020128e-04
42                                    -8.3816932072665155e-05
43                                    -6.4485615001002791e-05
44                                     5.9215138793479449e-04
45                                    -1.9789924036349438e-04
46                                    -2.1090450294017349e-04
47                                     5.8193738595408578e-05
48                                    -8.8249873425955139e-05
49                                     7.3665454609780912e-05
50                                    -6.7779299371371893e-05
51                                    -8.7815344682301566e-05
52                                     1.7633805032774355e-05
53                                     4.7489210303428703e-05
54                                     1.4648868301130047e-04
55                                    -1.0277984624430456e-04
56                                    -2.1043210696514159e-04
57                                     1.3303305165088264e-04
58                                     1.6200415687297673e-04
59                                    -2.9591927165756315e-04
60                                     3.5154509366891462e-05
61                                     7.6957000735840969e-05
62                                     8.0560395498155413e-05
63                                    -3.8847492182560173e-05
64                                     5.8580874329410004e-05
65                                     1.6115832339833047e-05
66                                    -7.6307250891825829e-05
67                                    -1.8939474789407551e-04
68                                     6.6868633401637873e-05
69                                     1.4496573483090483e-04
70                                     8.2974566318547160e-06
71                                     1.7253675794068161e-04
72                                    -6.2233189562043226e-05
73                                     2.6052199624617550e-05
74                                    -2.5510189692740104e-06
75                                     5.7538519151363599e-06
76                                    -5.8809060887107800e-06
77                                     3.8878809831416339e-06
78                                     3.5014691354168237e-05
79                                     1.3312874939267610e-04
80                                    -1.2395576313016521e-05
$End
$Geometry
   &GeometryIndex 52
   &ListStatus       OUT
   &NATOMS [&Type "Integer"] 27
   &NCORELESSECP [&Type "Integer"] 0
   &NGHOSTATOMS [&Type "Integer"] 0
   &CartesianCoordinates [&Type "Coordinates", &Dim(27,4), &Units "Bohr"] 
              S      4.999403171870    3.909799849888   -2.872870742044
              O      1.770324632803    6.129824819687    3.794845179712
              O     -0.365286671079    3.847925050455    0.913462660570
              N      3.363462199487    0.492417071106    3.903059899627
              C      3.870571384080    2.560745264712    2.117690826398
              C      4.358352813135    1.488487509577   -0.494760016329
              C      1.541435898022    4.221814520097    2.126277796931
              H      5.493091062702    3.736448851524    2.678332434887
              H      5.966080389282    0.193517320922   -0.357795143736
              H      2.711788535398    0.392633403829   -1.077543302490
              H      3.297229417072    1.205504773457    5.692037012633
              H      4.892638341271   -0.679702417378    3.880156662577
              H      0.179695472321    7.065073292166    3.786360763898
              Cu     7.026990003943    6.725274337909   -0.814999362328
              S      8.888246806556    9.558860180920    1.385415937249
              O      8.771253430395   13.692294479189    6.705305982445
              O      6.088750876008   10.545085780987    7.673563867056
              N     10.892127708968    7.983386210880    8.656761649238
              C     10.361575329771    9.502059351751    6.403903469660
              C      9.593317745841    7.756101941930    4.254441876361
              C      8.163146211466   11.243266035855    6.995914026748
              H     11.960631028206   10.669234423162    5.793010847152
              H     11.143757662548    6.430989151471    3.898098182507
              H      7.940986610683    6.668599220381    4.857125702636
              H     11.625388023073    9.108318488656   10.035335743365
              H     12.282116721943    6.727316906775    8.214159522487
              H      7.270488452956   14.686599327673    7.103914433429
$End
$SCF_Energy
   &GeometryIndex 52
   &ListStatus       IN
   &SCF_ENERGY [&Type "Double"]      -3.0770587083724126e+03
$End
$Solvation_Details
   &GeometryIndex 52
   &ListStatus       IN
   &SOLVENT [&Type "String"] "WATER"
   &EPSILON [&Type "Double"]       8.0150999999999996e+01
   &REFRAC [&Type "Double"]       1.3328000000000000e+00
   &RSOLV [&Type "Double"]       1.3000000000000000e+00
   &SURFACETYPE [&Type "String"] "GAUSSIAN VDW"
   &NPOINTS [&Type "Integer"] 2506
   &SURFACEAREA [&Type "Double"]       1.0693692772520001e+03
   &CPCMDIELENERGY [&Type "Double"]      -1.3254036299999999e-01
$End
$MP2_Energies
   &GeometryIndex 52
   &ListStatus       IN
   &REFENERGY [&Type "Double"]      -3.0770587083724126e+03  "Reference Energy"
   &CORRENERGY [&Type "Double"]      -3.3939558098407012e+00  "MP2 correlation energy"
   &TOTALENERGY [&Type "Double"]      -3.0804526641822536e+03  "MP2 total energy"
$End
$MP2_Nuc_Gradient
   &GeometryIndex 52
   &ListStatus       IN
   &NATOMS [&Type "Integer"] 81
   &GRADNORM [&Type "Double"]       3.6111577405069646e-03
   &GRAD [&Type "ArrayOfDoubles", &Dim (81,1)] 
                                                         0

0                                      5.7986343698542919e-04
1                                      1.0870112438815110e-03
2                                      9.7686391649622409e-04
3                                     -1.1601583421514544e-04
4                                     -5.5806574947940037e-04
5                                      3.0271825093567545e-04
6                                     -2.6667874073016407e-04
7                                      1.7948478389845368e-04
8                                     -4.3238317350985378e-04
9                                     -2.6876981272354328e-04
10                                     4.0795902680456492e-04
11                                    -9.0434983771920177e-05
12                                     6.7447137931293116e-05
13                                    -2.4741846746218280e-04
14                                    -3.9812208606613414e-04
15                                    -2.2397205029496721e-04
16                                     2.0296220274770155e-04
17                                    -1.1235251041709290e-03
18                                     7.4350046036329720e-04
19                                    -2.2162213061539815e-05
20                                    -1.0987259656411452e-05
21                                    -6.3678803476824308e-05
22                                     6.9142834995799055e-04
23                                    -2.8239863318028306e-04
24                                    -2.3665104705105147e-04
25                                    -4.1575434382927490e-04
26                                    -1.9129018029030199e-05
27                                     1.9312101303152474e-04
28                                    -2.9589064336093401e-04
29                                     9.9547616028541723e-04
30                                     1.1865511003477259e-04
31                                    -3.6806308151889761e-05
32                                     1.5202032516981046e-06
33                                     2.2365727545100439e-05
34                                     2.1749458473332983e-04
35                                    -2.6172439600267734e-05
36                                    -3.8418411622449800e-05
37                                     1.3076750091881723e-04
38                                    -1.2243757298014118e-05
39                                    -5.0271002020416469e-04
40                                    -1.1836769558246783e-03
41                                     1.3304335150163271e-06
42                                    -4.2219893933865757e-05
43                                     2.4379882360069625e-04
44                                    -1.9654666974122659e-05
45                                    -3.7979375210347305e-04
46                                     3.2323715282108964e-04
47                                    -1.5236646621600777e-04
48                                    -1.6415162955350782e-04
49                                     2.0080267082001058e-04
50                                    -2.0231395465492019e-04
51                                     8.2505193311065150e-05
52                                     4.8229681672283878e-04
53                                    -3.7301334349946688e-04
54                                     4.3333451962567979e-04
55                                    -5.7326479589838580e-04
56                                    -5.0965675459082455e-04
57                                    -3.9336151975443573e-05
58                                    -9.3309630090850776e-05
59                                     8.3741822193071289e-04
60                                     3.6916395830532966e-06
61                                    -8.2056171161791133e-04
62                                     6.2900742981501084e-04
63                                    -5.1460249102203842e-05
64                                     2.7272901249866463e-04
65                                    -1.0712245680671861e-04
66                                    -4.4585002475956703e-05
67                                    -7.2021981747726754e-05
68                                    -3.0051043959578461e-04
69                                     1.1259198610967525e-04
70                                     9.5101920809685658e-05
71                                     5.9268724818642080e-05
72                                    -2.2467274208857503e-04
73                                    -1.0499239269548197e-04
74                                     4.4106323111463286e-05
75                                    -8.6356216807054187e-05
76                                    -1.6721154436813435e-04
77                                     2.2343998953221200e-04
78                                     2.2754628660155013e-04
79                                     2.2623219477876585e-04
80                                     6.0132797297107743e-06
$End
$Geometry
   &GeometryIndex 53
   &ListStatus       OUT
   &NATOMS [&Type "Integer"] 27
   &NCORELESSECP [&Type "Integer"] 0
   &NGHOSTATOMS [&Type "Integer"] 0
   &CartesianCoordinates [&Type "Coordinates", &Dim(27,4), &Units "Bohr"] 
              S      4.820600376292    4.007317362845   -2.848576298090
              O      1.667751202145    6.198469244409    3.688744395105
              O     -0.466775400844    3.718479348961    0.979435412421
              N      3.402413223966    0.531997820728    3.930305988500
              C      3.833757753352    2.612797852102    2.137108056576
              C      4.367548175889    1.550808299057   -0.468201313047
              C      1.453278215426    4.201075177176    2.129379480953
              H      5.413622146628    3.842569787525    2.695624548105
              H      6.060581846275    0.367080950478   -0.342810975633
              H      2.782051094276    0.350120996543   -1.014620984297
              H      3.336469941465    1.242788059621    5.720021869305
              H      4.964261170144   -0.596860226581    3.891484873674
              H      0.050207930102    7.083470215104    3.675217838771
              Cu     7.019155946471    6.737168534864   -0.823976451137
              S      9.015801300040    9.489791213797    1.369584898721
              O      8.724442057882   13.635604069619    6.691327251519
              O      6.072169174643   10.443928970456    7.586368936548
              N     10.906945157983    7.968742764597    8.675623509117
              C     10.388237144155    9.473191653644    6.408048493433
              C      9.694008244375    7.705804773707    4.249083434537
              C      8.148768560158   11.177565669414    6.954258422373
              H     11.978560639235   10.666055385980    5.825768144966
              H     11.271897396622    6.401884980218    3.936631506889
              H      8.052089257329    6.592370850489    4.833187344614
              H     11.601135321919    9.113583077265   10.058502885287
              H     12.330487863172    6.742385204081    8.255288057082
              H      7.198097519620   14.603683111482    7.058396584345
$End
$SCF_Energy
   &GeometryIndex 53
   &ListStatus       IN
   &SCF_ENERGY [&Type "Double"]      -3.0770593682842164e+03
$End
$Solvation_Details
   &GeometryIndex 53
   &ListStatus       IN
   &SOLVENT [&Type "String"] "WATER"
   &EPSILON [&Type "Double"]       8.0150999999999996e+01
   &REFRAC [&Type "Double"]       1.3328000000000000e+00
   &RSOLV [&Type "Double"]       1.3000000000000000e+00
   &SURFACETYPE [&Type "String"] "GAUSSIAN VDW"
   &NPOINTS [&Type "Integer"] 2497
   &SURFACEAREA [&Type "Double"]       1.0695460246410000e+03
   &CPCMDIELENERGY [&Type "Double"]      -1.3264752199999999e-01
$End
$MP2_Energies
   &GeometryIndex 53
   &ListStatus       IN
   &REFENERGY [&Type "Double"]      -3.0770593682842164e+03  "Reference Energy"
   &CORRENERGY [&Type "Double"]      -3.3933133235513102e+00  "MP2 correlation energy"
   &TOTALENERGY [&Type "Double"]      -3.0804526816077678e+03  "MP2 total energy"
$End
$MP2_Nuc_Gradient
   &GeometryIndex 53
   &ListStatus       IN
   &NATOMS [&Type "Integer"] 81
   &GRADNORM [&Type "Double"]       4.4643079356861777e-03
   &GRAD [&Type "ArrayOfDoubles", &Dim (81,1)] 
                                                         0

0                                     -5.1099229471985317e-04
1                                      1.3040413374518917e-04
2                                      1.0998528016104153e-03
3                                     -3.4368692802529133e-04
4                                     -5.6250627864885827e-04
5                                     -4.2755879654635814e-04
6                                      4.8667026819880499e-04
7                                      9.0190605639843546e-04
8                                     -2.9972069901024190e-04
9                                     -2.6487623683196793e-04
10                                     2.4729049504120665e-04
11                                     2.7274643312813832e-04
12                                    -1.5497960356275833e-04
13                                     6.7781831893180475e-04
14                                    -2.1719257463854169e-03
15                                     6.0887352891025176e-04
16                                     1.3003597954053259e-04
17                                    -1.0368226491450430e-03
18                                    -5.1774680057942168e-04
19                                     4.4983616194871345e-05
20                                     5.4569274215524044e-04
21                                    -3.8977369847867718e-04
22                                     1.7799205507919302e-04
23                                    -4.6726680336581835e-04
24                                     3.6023594416735583e-04
25                                    -2.1458756249891076e-04
26                                    -1.5747002992950272e-04
27                                    -1.1403585172490432e-04
28                                    -1.6307644309059705e-04
29                                     1.8398333685684283e-03
30                                     1.8180118125983667e-04
31                                    -1.9057559113905623e-04
32                                    -4.8203024925620730e-05
33                                     1.7956858493438713e-04
34                                     3.9930739876778421e-05
35                                     2.8805812198657091e-05
36                                     4.4471050995124883e-04
37                                    -4.2055192981805059e-04
38                                    -1.0382718059723847e-05
39                                    -3.1331475573428123e-04
40                                    -1.0788557099321884e-03
41                                     2.3559886027993155e-04
42                                     2.9696789931389286e-04
43                                     9.5088949465103878e-05
44                                     1.1489846286773103e-03
45                                    -3.3372901703953434e-04
46                                    -4.3001140783871863e-04
47                                     1.2393548400280174e-04
48                                     7.2689201928599623e-05
49                                     3.5553714841142503e-04
50                                    -6.9245272563321636e-05
51                                    -6.0386399654430156e-05
52                                     3.1979289861351623e-05
53                                    -1.1906052498658962e-05
54                                     2.4866643582683624e-04
55                                    -1.4225144208663415e-04
56                                    -3.4832559700331139e-04
57                                     1.2287783619168748e-04
58                                     3.3927005516300179e-04
59                                    -7.1290373009217853e-04
60                                    -2.5043433103208446e-04
61                                     1.4356478926606797e-05
62                                     1.4908633034261404e-04
63                                    -4.9465761711178780e-05
64                                     1.3340356999474307e-04
65                                    -1.8669986855042800e-05
66                                    -1.1115293009386976e-04
67                                    -3.2658891820611449e-04
68                                     7.8135249199143102e-05
69                                     3.7894207045204714e-04
70                                     7.5780247920889665e-05
71                                     4.8443730348721875e-04
72                                    -1.1588466630499915e-04
73                                    -2.2906150857936874e-05
74                                    -9.1131953103958108e-05
75                                     4.9431028234774715e-05
76                                    -8.6092084353402154e-05
77                                     4.6781726136192053e-05
78                                     3.0670011304134714e-05
79                                     2.4380684106283315e-04
80                                    -1.6798204105607575e-05
$End
$Geometry
   &GeometryIndex 54
   &ListStatus       OUT
   &NATOMS [&Type "Integer"] 27
   &NCORELESSECP [&Type "Integer"] 0
   &NGHOSTATOMS [&Type "Integer"] 0
   &CartesianCoordinates [&Type "Coordinates", &Dim(27,4), &Units "Bohr"] 
              S      4.908560548923    3.945348669593   -2.884835476305
              O      2.026836384529    6.204219536289    3.880793151107
              O     -0.353946548933    4.046544559452    1.102973053816
              N      3.278613585884    0.410218111376    3.849140459327
              C      3.858587001005    2.525444235033    2.137164793726
              C      4.280503051931    1.514050303842   -0.510991901895
              C      1.617923194797    4.307237699348    2.235714082940
              H      5.544176972439    3.590462879121    2.722020497921
              H      5.878107567663    0.201563729783   -0.434403356895
              H      2.606453530744    0.446971611117   -1.072869296636
              H      3.278961790430    1.051217538964    5.665868922435
              H      4.744811554070   -0.837641319543    3.750683477412
              H      0.493143741661    7.223485187928    3.939287695431
              Cu     7.093291322622    6.727497189013   -0.872461174305
              S      9.054377978025    9.494396291100    1.341201133611
              O      8.587590368250   13.659180769058    6.640696907104
              O      5.995339322050   10.421239682610    7.534938988689
              N     10.849080746216    8.029732998194    8.689597844763
              C     10.340579511554    9.531038027059    6.414073105000
              C      9.727073028627    7.746590058825    4.240308793365
              C      8.061233677073   11.192198622749    6.913124446294
              H     11.923301020813   10.748846131786    5.865131451052
              H     11.347056127712    6.487180239515    3.965450442215
              H      8.104287353450    6.593504687659    4.799462379718
              H     11.514495062315    9.186365445792   10.076940591440
              H     12.298217211767    6.828355090349    8.282595699575
              H      7.028908153103   14.586627171567    6.979599199734
$End
$SCF_Energy
   &GeometryIndex 54
   &ListStatus       IN
   &SCF_ENERGY [&Type "Double"]      -3.0770607681498768e+03
$End
$Solvation_Details
   &GeometryIndex 54
   &ListStatus       IN
   &SOLVENT [&Type "String"] "WATER"
   &EPSILON [&Type "Double"]       8.0150999999999996e+01
   &REFRAC [&Type "Double"]       1.3328000000000000e+00
   &RSOLV [&Type "Double"]       1.3000000000000000e+00
   &SURFACETYPE [&Type "String"] "GAUSSIAN VDW"
   &NPOINTS [&Type "Integer"] 2517
   &SURFACEAREA [&Type "Double"]       1.0761913967129999e+03
   &CPCMDIELENERGY [&Type "Double"]      -1.3268140200000000e-01
$End
$MP2_Energies
   &GeometryIndex 54
   &ListStatus       IN
   &REFENERGY [&Type "Double"]      -3.0770607681498768e+03  "Reference Energy"
   &CORRENERGY [&Type "Double"]      -3.3918516780662604e+00  "MP2 correlation energy"
   &TOTALENERGY [&Type "Double"]      -3.0804526198279432e+03  "MP2 total energy"
$End
$MP2_Nuc_Gradient
   &GeometryIndex 54
   &ListStatus       IN
   &NATOMS [&Type "Integer"] 81
   &GRADNORM [&Type "Double"]       5.9724956493321588e-03
   &GRAD [&Type "ArrayOfDoubles", &Dim (81,1)] 
                                                         0

0                                     -8.3340462438070105e-04
1                                     -1.9018361071967416e-03
2                                     -1.2196188915413950e-03
3                                     -5.6976240995712524e-04
4                                      5.6221332141448421e-05
5                                     -2.7231941720274808e-04
6                                      4.3133662317554333e-04
7                                      1.3680382527952797e-03
8                                      4.1144125500032491e-04
9                                      1.2190698035020181e-04
10                                    -2.5861205486902260e-04
11                                     4.6688769296502133e-04
12                                    -4.6450884178663929e-04
13                                     3.2714297042679003e-04
14                                    -5.5468371676958839e-04
15                                     3.1344031376579276e-04
16                                     4.7766513368693170e-04
17                                    -1.6993028493622608e-04
18                                    -1.6382982830621326e-03
19                                     1.3786882506263906e-04
20                                    -2.1298133927442897e-04
21                                    -4.6947639197199298e-04
22                                    -6.1273332423041060e-04
23                                    -2.3514781065730149e-04
24                                     3.2079377741971865e-04
25                                     6.4261255851932875e-05
26                                    -3.8862759744900249e-04
27                                    -1.0088771544216127e-04
28                                    -3.9832705662173895e-04
29                                     1.3730088591602969e-03
30                                     6.0027783105010783e-05
31                                    -1.7595503935744113e-04
32                                    -1.1420273485292926e-04
33                                     2.6720770383923537e-04
34                                    -3.7090032040225721e-04
35                                     1.4963338898679214e-04
36                                     9.6311544942196542e-04
37                                    -7.1559284518972824e-04
38                                     3.8386447574840289e-05
39                                     1.0859920360130606e-03
40                                     1.8907248592299249e-03
41                                    -6.4485205627376040e-04
42                                     4.1105769138465205e-04
43                                    -6.6480753993667166e-04
44                                     1.7147462942887475e-03
45                                     4.1306318014718707e-04
46                                    -7.7879245934985020e-04
47                                     5.1068178858090264e-04
48                                     4.8176517004906716e-04
49                                     3.7959454881615617e-04
50                                     2.7713596198834789e-04
51                                     5.6272942676321991e-05
52                                    -6.2192940267496999e-04
53                                     6.2844782451438978e-04
54                                    -4.1761245796970506e-04
55                                     8.2551431513207610e-04
56                                     5.2975013647468122e-04
57                                     1.1341251152050501e-04
58                                     6.3158678143913904e-04
59                                    -1.4432575885705637e-03
60                                    -8.6471198668988669e-04
61                                     4.5375886114020283e-04
62                                    -1.3733433301850381e-03
63                                     1.2279576739157930e-04
64                                    -1.9424504813191773e-04
65                                     1.2226217694412053e-04
66                                     5.6719692305015612e-05
67                                     2.3862571622144946e-05
68                                     2.6080303975851808e-04
69                                     3.2742206447445785e-04
70                                     3.5181915629909841e-04
71                                     5.1967227368003577e-04
72                                     2.2542113500874025e-05
73                                     9.5567342823683898e-06
74                                    -2.4246276677540937e-04
75                                     2.4812842222071696e-04
76                                    -8.3298562308889434e-05
77                                    -2.6473853804940758e-05
78                                    -5.0893288070876647e-04
79                                    -1.5407031527975984e-04
80                                     7.4874724189249314e-05
$End
$Geometry
   &GeometryIndex 55
   &ListStatus       OUT
   &NATOMS [&Type "Integer"] 27
   &NCORELESSECP [&Type "Integer"] 0
   &NGHOSTATOMS [&Type "Integer"] 0
   &CartesianCoordinates [&Type "Coordinates", &Dim(27,4), &Units "Bohr"] 
              S      4.893377703650    4.008603559165   -2.858543716866
              O      1.917877779522    6.159281651312    3.874296214137
              O     -0.386521266078    3.908741735075    1.099757143975
              N      3.333338238876    0.409359032386    3.852091158672
              C      3.867416674697    2.532321251029    2.142041272130
              C      4.316875500153    1.538681158822   -0.511800637978
              C      1.577101209727    4.245763123937    2.230347089726
              H      5.520298578373    3.651226461305    2.730060380106
              H      5.932348741113    0.249147145758   -0.434815398556
              H      2.667358741876    0.442068083244   -1.087396966853
              H      3.309364974931    1.054213787443    5.667942744109
              H      4.832769335432   -0.797762779192    3.763098449951
              H      0.352215703974    7.134144754702    3.924143105001
              Cu     7.076537516562    6.744479675770   -0.839375351261
              S      9.058346504381    9.518365484303    1.335930097659
              O      8.710385459970   13.689851762606    6.628684473485
              O      6.026069310483   10.523595035252    7.526205803154
              N     10.810538968610    8.011641032945    8.691043296573
              C     10.348196655827    9.511915585419    6.410100266646
              C      9.677144249818    7.744750100379    4.244111104507
              C      8.115160132171   11.236149051771    6.911688546431
              H     11.959022964528   10.689211437703    5.851882064792
              H     11.257326802429    6.439950218899    3.951213510713
              H      8.016101862278    6.641622044328    4.790969909607
              H     11.496142366874    9.150085263377   10.082932946713
              H     12.218071076035    6.756785214152    8.304157036575
              H      7.184697472512   14.667684275693    6.970441367489
$End
$SCF_Energy
   &GeometryIndex 55
   &ListStatus       IN
   &SCF_ENERGY [&Type "Double"]      -3.0770594831931789e+03
$End
$Solvation_Details
   &GeometryIndex 55
   &ListStatus       IN
   &SOLVENT [&Type "String"] "WATER"
   &EPSILON [&Type "Double"]       8.0150999999999996e+01
   &REFRAC [&Type "Double"]       1.3328000000000000e+00
   &RSOLV [&Type "Double"]       1.3000000000000000e+00
   &SURFACETYPE [&Type "String"] "GAUSSIAN VDW"
   &NPOINTS [&Type "Integer"] 2514
   &SURFACEAREA [&Type "Double"]       1.0750573416520001e+03
   &CPCMDIELENERGY [&Type "Double"]      -1.3286613600000000e-01
$End
$MP2_Energies
   &GeometryIndex 55
   &ListStatus       IN
   &REFENERGY [&Type "Double"]      -3.0770594831931789e+03  "Reference Energy"
   &CORRENERGY [&Type "Double"]      -3.3933272675461921e+00  "MP2 correlation energy"
   &TOTALENERGY [&Type "Double"]      -3.0804528104607252e+03  "MP2 total energy"
$End
$MP2_Nuc_Gradient
   &GeometryIndex 55
   &ListStatus       IN
   &NATOMS [&Type "Integer"] 81
   &GRADNORM [&Type "Double"]       3.5101821243920177e-03
   &GRAD [&Type "ArrayOfDoubles", &Dim (81,1)] 
                                                         0

0                                      3.8089357494529871e-04
1                                      6.3401405471237397e-04
2                                     -4.2499802471847314e-05
3                                      3.8629772060871925e-05
4                                     -4.9245028448395220e-04
5                                      4.7429862748441312e-04
6                                     -7.8410583563198744e-04
7                                      3.6201923192975133e-04
8                                     -2.2571463273667047e-04
9                                     -2.3846806059856646e-04
10                                     4.0394693810065496e-04
11                                    -2.6053692528033197e-04
12                                    -7.0067477011912654e-04
13                                    -8.5112684549424472e-04
14                                     6.2015676285546301e-04
15                                     5.2604841658201833e-04
16                                     4.3871911421425325e-04
17                                    -1.1352561516063259e-03
18                                     7.0939179481860348e-04
19                                    -5.3251504513376208e-05
20                                    -4.8703387371527157e-04
21                                     4.5697449979169302e-06
22                                     3.7553709990559292e-04
23                                     3.1021152365332157e-05
24                                    -4.5178856975527232e-04
25                                    -3.5708693845159373e-04
26                                    -5.5458627853290175e-05
27                                     2.9804410264128514e-04
28                                    -5.5856430054871536e-04
29                                     1.1260432618526092e-03
30                                     1.2346628293459635e-04
31                                    -9.8342613591255457e-06
32                                     4.9797349918979938e-05
33                                     1.7264089020700008e-05
34                                     1.4357475444118362e-04
35                                     2.1333098103121229e-05
36                                     2.8581472406849495e-05
37                                     2.3094554583797181e-04
38                                     1.5497401105638288e-04
39                                    -1.4604263653452462e-05
40                                    -2.6444277413250586e-04
41                                    -5.2290015527660556e-04
42                                     6.4532475123099675e-05
43                                     6.4740118530189766e-05
44                                    -1.0120033881638561e-04
45                                    -7.1815361690277801e-05
46                                     5.2763202394968609e-04
47                                    -5.4767030779855064e-05
48                                    -3.7497729467816932e-05
49                                     2.3626577726666015e-04
50                                    -5.4922818776684257e-05
51                                     1.8131069332761457e-04
52                                     4.0812205009922199e-04
53                                    -2.5419542071538660e-04
54                                     2.5433194941545251e-04
55                                    -2.9523024786981197e-04
56                                    -2.1133144764758777e-04
57                                    -1.2802414506660892e-05
58                                    -2.2608060529917540e-04
59                                     1.0634095889050892e-03
60                                    -2.2297790909399373e-04
61                                    -9.4375242420213432e-04
62                                     2.3832358442296003e-04
63                                     1.1472530101037937e-05
64                                     2.0763798157490826e-04
65                                    -4.2974105149931607e-05
66                                     8.1364541814607505e-05
67                                     1.7482897854359178e-04
68                                    -4.1579755975933164e-04
69                                     2.0148253613221784e-05
70                                     2.1452034255774882e-04
71                                    -1.5021042052951877e-05
72                                    -1.7469749267398985e-04
73                                    -1.5409239610447364e-04
74                                    -3.0753380858054846e-05
75                                    -7.6050803607771722e-05
76                                    -1.9490029872172229e-04
77                                     3.0858381884948244e-04
78                                     6.9153043364529598e-05
79                                     5.4009804847487963e-05
80                                     4.6560048549280225e-05
$End
$Geometry
   &GeometryIndex 56
   &ListStatus       OUT
   &NATOMS [&Type "Integer"] 27
   &NCORELESSECP [&Type "Integer"] 0
   &NGHOSTATOMS [&Type "Integer"] 0
   &CartesianCoordinates [&Type "Coordinates", &Dim(27,4), &Units "Bohr"] 
              S      4.832627764924    4.036536554826   -2.841120436311
              O      1.816132472014    6.175723191489    3.793634883795
              O     -0.423889771125    3.797139955792    1.076295222108
              N      3.398716763149    0.456659982541    3.884078549833
              C      3.864473805288    2.565313816011    2.134562159311
              C      4.322018851647    1.549166265654   -0.504756109470
              C      1.527616970183    4.214573111689    2.199896729004
              H      5.488040943805    3.737773733628    2.695047169216
              H      5.972912704503    0.304222353292   -0.427316424419
              H      2.691690918955    0.417170195681   -1.067538839149
              H      3.366243531768    1.129354745477    5.689605174586
              H      4.930799833585   -0.709519934081    3.805133089593
              H      0.220191023803    7.100446928913    3.824936144221
              Cu     7.034445658547    6.748512822987   -0.810187846849
              S      9.056459748267    9.501322178362    1.355904602942
              O      8.738088405092   13.672751250079    6.614712605100
              O      6.048481329728   10.524010904131    7.556382138950
              N     10.824509005734    7.988263909089    8.698537779490
              C     10.359632492215    9.489202979441    6.418996029945
              C      9.676619171798    7.722174665271    4.255854274877
              C      8.136095770299   11.225794427760    6.923585155805
              H     11.973439336322   10.659171678673    5.855417662241
              H     11.248196745606    6.405751726027    3.966102818257
              H      8.014697608232    6.624380642531    4.812561718733
              H     11.517812093768    9.126573462240   10.087589750416
              H     12.232261048941    6.736361864599    8.303142737288
              H      7.219249031672   14.663041735477    6.950149171126
$End
$SCF_Energy
   &GeometryIndex 56
   &ListStatus       IN
   &SCF_ENERGY [&Type "Double"]      -3.0770592467862807e+03
$End
$Solvation_Details
   &GeometryIndex 56
   &ListStatus       IN
   &SOLVENT [&Type "String"] "WATER"
   &EPSILON [&Type "Double"]       8.0150999999999996e+01
   &REFRAC [&Type "Double"]       1.3328000000000000e+00
   &RSOLV [&Type "Double"]       1.3000000000000000e+00
   &SURFACETYPE [&Type "String"] "GAUSSIAN VDW"
   &NPOINTS [&Type "Integer"] 2508
   &SURFACEAREA [&Type "Double"]       1.0720054636499999e+03
   &CPCMDIELENERGY [&Type "Double"]      -1.3281364800000001e-01
$End
$MP2_Energies
   &GeometryIndex 56
   &ListStatus       IN
   &REFENERGY [&Type "Double"]      -3.0770592467862807e+03  "Reference Energy"
   &CORRENERGY [&Type "Double"]      -3.3935662238395352e+00  "MP2 correlation energy"
   &TOTALENERGY [&Type "Double"]      -3.0804528130101203e+03  "MP2 total energy"
$End
$MP2_Nuc_Gradient
   &GeometryIndex 56
   &ListStatus       IN
   &NATOMS [&Type "Integer"] 81
   &GRADNORM [&Type "Double"]       3.2637374751745200e-03
   &GRAD [&Type "ArrayOfDoubles", &Dim (81,1)] 
                                                         0

0                                      1.7539347649227904e-04
1                                      2.9622174276544566e-04
2                                      1.4629031748968190e-03
3                                     -4.9415231144024629e-05
4                                     -5.5051786793433935e-04
5                                     -2.1166801337301616e-04
6                                      1.7143904907336582e-04
7                                      4.1912198275080581e-04
8                                     -4.6254854901925380e-04
9                                     -2.0053332467315221e-04
10                                     3.0584290698669990e-04
11                                    -2.2102739058544804e-05
12                                     2.5251805850598150e-04
13                                     3.5442017697369724e-04
14                                    -1.2938521197952829e-03
15                                    -1.4093961733507680e-04
16                                     2.4112843011674795e-04
17                                    -1.0464846705738884e-03
18                                     1.2494960361477542e-04
19                                     5.9220634059421740e-06
20                                     3.9845250686629252e-04
21                                    -2.0878600200295236e-04
22                                     3.4551060780318998e-04
23                                    -2.0426796160239770e-04
24                                     1.0928758541213848e-04
25                                    -1.3774659760605601e-04
26                                     1.5437571402760267e-05
27                                    -1.3712164887422218e-04
28                                    -4.2147806410244154e-04
29                                     1.0439653505893622e-03
30                                     1.0503324000186217e-04
31                                    -6.8248450524917639e-05
32                                     3.7548993193074753e-05
33                                     1.9820183220296828e-05
34                                     1.4892163494640426e-04
35                                    -2.3867606553200360e-06
36                                     1.0184787989764299e-04
37                                    -1.0709481685744829e-04
38                                     4.6090308924468079e-05
39                                    -4.8742874538779428e-04
40                                    -9.3417115738400440e-04
41                                     6.3331676513677347e-05
42                                     2.3315701632025190e-04
43                                     2.8281892794169983e-04
44                                     5.2210156264886204e-04
45                                    -3.4577935467479393e-04
46                                    -1.2128237522825852e-04
47                                    -2.2095113239382902e-05
48                                    -5.3677578673139159e-05
49                                     1.3226406531832019e-04
50                                    -8.7479834746925778e-05
51                                    -3.7547488609609991e-05
52                                     2.0806660149710887e-04
53                                    -3.9508837406671340e-04
54                                     2.4255563852377572e-04
55                                    -3.8074512508145392e-04
56                                    -3.5671345935500004e-04
57                                     1.4235916844379352e-04
58                                    -6.8957465598790124e-05
59                                     3.7232728129974607e-05
60                                    -5.7787073352341678e-05
61                                    -7.9537225152345736e-05
62                                     4.6019651926907518e-04
63                                    -1.1029377670590881e-04
64                                     1.5291056745256326e-04
65                                     3.3587395463160336e-05
66                                    -6.8121049299256498e-05
67                                    -1.5756568584226333e-04
68                                    -7.8843364594490331e-05
69                                     1.7596323087927870e-04
70                                    -2.8850389781610170e-05
71                                     1.3684288421543338e-04
72                                    -4.5140874004761730e-05
73                                     8.9783160114181859e-07
74                                     8.0681692416931933e-05
75                                    -7.9896679496857526e-05
76                                     1.1053610503689720e-05
77                                     8.7766420127415035e-05
78                                     1.9367187732551028e-04
79                                     2.0121771479673922e-04
80                                    -7.5562990388943971e-05
$End
$Geometry
   &GeometryIndex 57
   &ListStatus       OUT
   &NATOMS [&Type "Integer"] 27
   &NCORELESSECP [&Type "Integer"] 0
   &NGHOSTATOMS [&Type "Integer"] 0
   &CartesianCoordinates [&Type "Coordinates", &Dim(27,4), &Units "Bohr"] 
              S      4.755548073717    4.116386667894   -2.829988915387
              O      1.856196491604    6.169263500026    3.833890379891
              O     -0.450254549007    3.766675654319    1.193434627362
              N      3.430939869348    0.412612064596    3.855044733991
              C      3.870134471342    2.554450033887    2.141417065561
              C      4.305380084313    1.588454480504   -0.523619575276
              C      1.530703990564    4.197098138333    2.259682803281
              H      5.495185505170    3.724899228488    2.703587061695
              H      5.962655825341    0.350000977114   -0.490036068518
              H      2.676593664504    0.452585914821   -1.083054308474
              H      3.419428934464    1.051759179751    5.673067572883
              H      4.965558192545   -0.747244261976    3.736982671707
              H      0.262814882776    7.096230198569    3.897937300956
              Cu     7.055197515193    6.758745716065   -0.818319647505
              S      9.149473610117    9.466156742205    1.333135666080
              O      8.772038928945   13.687674922378    6.569978469322
              O      6.026467295266   10.570395218168    7.453322534365
              N     10.754704096504    8.002137330141    8.726789066206
              C     10.351812889119    9.484432307740    6.423763742902
              C      9.687148128580    7.706608552275    4.265269185649
              C      8.136712130007   11.246904373330    6.870566107173
              H     11.988234973803   10.632234473321    5.879141677709
              H     11.247427018149    6.369606055291    4.012343616062
              H      7.998327061006    6.638059100476    4.794778622153
              H     11.429042997367    9.145710867000   10.120445641564
              H     12.153114158459    6.726434557085    8.377165622903
              H      7.256977019528   14.693603155778    6.874480256383
$End
$SCF_Energy
   &GeometryIndex 57
   &ListStatus       IN
   &SCF_ENERGY [&Type "Double"]      -3.0770593154812141e+03
$End
$Solvation_Details
   &GeometryIndex 57
   &ListStatus       IN
   &SOLVENT [&Type "String"] "WATER"
   &EPSILON [&Type "Double"]       8.0150999999999996e+01
   &REFRAC [&Type "Double"]       1.3328000000000000e+00
   &RSOLV [&Type "Double"]       1.3000000000000000e+00
   &SURFACETYPE [&Type "String"] "GAUSSIAN VDW"
   &NPOINTS [&Type "Integer"] 2505
   &SURFACEAREA [&Type "Double"]       1.0737015031989999e+03
   &CPCMDIELENERGY [&Type "Double"]      -1.3292130099999999e-01
$End
$MP2_Energies
   &GeometryIndex 57
   &ListStatus       IN
   &REFENERGY [&Type "Double"]      -3.0770593154812141e+03  "Reference Energy"
   &CORRENERGY [&Type "Double"]      -3.3935831448029452e+00  "MP2 correlation energy"
   &TOTALENERGY [&Type "Double"]      -3.0804528986260170e+03  "MP2 total energy"
$End
$MP2_Nuc_Gradient
   &GeometryIndex 57
   &ListStatus       IN
   &NATOMS [&Type "Integer"] 81
   &GRADNORM [&Type "Double"]       3.4462938745688713e-03
   &GRAD [&Type "ArrayOfDoubles", &Dim (81,1)] 
                                                         0

0                                      2.0846823917814112e-04
1                                      4.5623748634046266e-04
2                                      1.0604352126587849e-03
3                                     -2.2070725506152106e-04
4                                     -4.3340205100560192e-04
5                                      1.6809153557270640e-04
6                                     -2.3921448467364992e-04
7                                      3.8524754729064858e-04
8                                     -2.6525446570557776e-04
9                                     -3.7311454299619046e-04
10                                     3.9474563241007413e-04
11                                    -1.4082592768295717e-04
12                                    -4.1276017892587918e-04
13                                    -5.6645327987849686e-06
14                                    -4.7972185230955172e-04
15                                     6.7760292197457245e-04
16                                     4.5032235049289465e-04
17                                    -1.1955671452222108e-03
18                                     5.1926207063739127e-04
19                                    -1.2294787460486595e-04
20                                    -2.3212977201189644e-05
21                                    -1.7196096816474507e-04
22                                     5.2354674613869917e-04
23                                    -2.0554744095639330e-04
24                                    -1.6057949807394070e-04
25                                    -4.7827987540364353e-04
26                                    -7.3355768396829880e-05
27                                     7.8264080598085262e-05
28                                    -4.1292293837261185e-04
29                                     1.0454885033112024e-03
30                                     1.5678098781229553e-04
31                                    -5.6464094324863018e-05
32                                     4.3611417829728105e-05
33                                     5.8909516148099306e-05
34                                     1.1775966224906315e-04
35                                     6.1418357828242447e-05
36                                     2.3025604873581212e-04
37                                     3.3645729705301941e-05
38                                     8.2711564665511358e-05
39                                    -2.9409558936499981e-04
40                                    -9.4998341989193866e-04
41                                    -9.6576840701891042e-05
42                                    -1.4215047933327160e-07
43                                     2.4218919605973818e-04
44                                    -9.2321173478342178e-05
45                                    -3.5943060603976090e-04
46                                     2.6782991774813164e-04
47                                    -1.9489476997610646e-04
48                                    -6.3580626113224348e-05
49                                     1.9443505469738526e-04
50                                    -3.0284397513504965e-04
51                                     1.2921367684790713e-04
52                                     4.2979386588691722e-04
53                                    -5.0087834313430543e-04
54                                     3.7313168667557454e-04
55                                    -4.8157091752619105e-04
56                                    -4.2102516488242911e-04
57                                    -6.6781629246557769e-05
58                                    -1.7569224141712053e-04
59                                     9.7948506209741618e-04
60                                    -2.9790680258837132e-05
61                                    -7.0715362656044445e-04
62                                     7.2237362502398234e-04
63                                    -6.3021541431527994e-05
64                                     2.0933800772084468e-04
65                                    -4.3265956442226430e-05
66                                     4.8105153314388638e-05
67                                     1.5661739228390453e-05
68                                    -3.4045011344556626e-04
69                                     9.6242065891892492e-05
70                                     1.5447910806454593e-04
71                                    -3.5558581921137783e-05
72                                    -1.5032980109721747e-04
73                                    -6.3411668782160924e-05
74                                     8.3103433018285461e-05
75                                    -1.1203483950862972e-04
76                                    -1.6213189752089033e-04
77                                     2.8930401632341896e-04
78                                     2.0343021418844226e-04
79                                     1.5600714851975173e-04
80                                     1.6380934845749290e-05
$End
$Geometry
   &GeometryIndex 58
   &ListStatus       OUT
   &NATOMS [&Type "Integer"] 27
   &NCORELESSECP [&Type "Integer"] 0
   &NGHOSTATOMS [&Type "Integer"] 0
   &CartesianCoordinates [&Type "Coordinates", &Dim(27,4), &Units "Bohr"] 
              S      4.700521678057    4.178927170946   -2.830707329845
              O      1.968652824142    6.118372926431    3.917983947577
              O     -0.447099816446    3.785260416167    1.313234906537
              N      3.436787182001    0.307830980659    3.780202983390
              C      3.879165841008    2.494654177903    2.125310163122
              C      4.255704296306    1.601712363384   -0.575013365676
              C      1.568796052712    4.170857689245    2.329928191812
              H      5.532316632884    3.622802718380    2.691970547499
              H      5.893659290455    0.338031168302   -0.603629167644
              H      2.602027186914    0.506193373819   -1.142072643964
              H      3.460140373389    0.892789230736    5.616203011523
              H      4.953356256047   -0.868701789864    3.605621682833
              H      0.394295213132    7.071754298525    4.034795180417
              Cu     7.064172200953    6.768629465970   -0.811716709802
              S      9.211521032045    9.437099694499    1.336537787748
              O      8.846663347848   13.747139213929    6.494394110360
              O      6.024125548550   10.704885427013    7.393597216239
              N     10.673540614519    8.054106960368    8.776932970778
              C     10.338295534403    9.509658096583    6.445991213448
              C      9.667974318968    7.713396857047    4.304164141000
              C      8.156059130267   11.326071601328    6.828840962822
              H     12.008493016425   10.611748042791    5.909303555310
              H     11.204727815601    6.342564387960    4.093708013369
              H      7.948584666505    6.689278077145    4.821430958621
              H     11.346988020522    9.204792226381   10.164840894635
              H     12.051283369454    6.745485259167    8.469497090543
              H      7.346811632062   14.786535112765    6.759855597987
$End
$SCF_Energy
   &GeometryIndex 58
   &ListStatus       IN
   &SCF_ENERGY [&Type "Double"]      -3.0770598651773198e+03
$End
$Solvation_Details
   &GeometryIndex 58
   &ListStatus       IN
   &SOLVENT [&Type "String"] "WATER"
   &EPSILON [&Type "Double"]       8.0150999999999996e+01
   &REFRAC [&Type "Double"]       1.3328000000000000e+00
   &RSOLV [&Type "Double"]       1.3000000000000000e+00
   &SURFACETYPE [&Type "String"] "GAUSSIAN VDW"
   &NPOINTS [&Type "Integer"] 2502
   &SURFACEAREA [&Type "Double"]       1.0759611150390001e+03
   &CPCMDIELENERGY [&Type "Double"]      -1.3287440000000000e-01
$End
$MP2_Energies
   &GeometryIndex 58
   &ListStatus       IN
   &REFENERGY [&Type "Double"]      -3.0770598651773198e+03  "Reference Energy"
   &CORRENERGY [&Type "Double"]      -3.3931056843329381e+00  "MP2 correlation energy"
   &TOTALENERGY [&Type "Double"]      -3.0804529708616528e+03  "MP2 total energy"
$End
$MP2_Nuc_Gradient
   &GeometryIndex 58
   &ListStatus       IN
   &NATOMS [&Type "Integer"] 81
   &GRADNORM [&Type "Double"]       2.8040862634211372e-03
   &GRAD [&Type "ArrayOfDoubles", &Dim (81,1)] 
                                                         0

0                                     -1.9244283499770826e-05
1                                      7.0581663828284125e-06
2                                      1.5267604903114983e-04
3                                     -2.3057921597756381e-04
4                                     -3.3522887788678228e-04
5                                      2.6218300325099239e-04
6                                     -3.2564524103947945e-04
7                                      4.6399813636681733e-04
8                                     -9.0697290773607275e-05
9                                     -2.5704384289303162e-04
10                                     2.4569209947852833e-04
11                                    -1.7021671332212787e-05
12                                    -5.2063271187024682e-04
13                                    -2.2843213423081633e-04
14                                    -1.0438693333024440e-05
15                                     7.2021994167780802e-04
16                                     4.9802228190246739e-04
17                                    -7.0667680700064323e-04
18                                     2.5719462926817455e-04
19                                    -1.8231767257913603e-04
20                                    -2.7024217192414546e-04
21                                    -2.1057381324839086e-04
22                                     3.2964244553529767e-04
23                                    -2.2434558985205168e-04
24                                    -2.8989717991763711e-04
25                                    -4.9467750842890901e-04
26                                    -3.9301676559725610e-05
27                                     1.1911390281675593e-04
28                                    -3.3695031293589500e-04
29                                     7.2150289915499585e-04
30                                     1.5375715455475834e-04
31                                    -9.1447379473407267e-05
32                                    -1.4174657160422044e-05
33                                     8.5673590158708013e-05
34                                     7.9735688002062488e-06
35                                     1.2395408601535533e-04
36                                     3.6090688656196385e-04
37                                     1.2495600368828824e-05
38                                     7.5184793021276742e-05
39                                     1.3099483034674552e-04
40                                    -1.8493660812365855e-04
41                                    -1.9379285397862385e-04
42                                    -9.7665458887421803e-05
43                                     1.8452082469103299e-04
44                                    -1.3570616284523315e-04
45                                    -2.1829850460489825e-04
46                                     2.0406255472753612e-04
47                                    -2.2446659309197092e-04
48                                     9.1661918101726414e-05
49                                     2.2889901444912708e-04
50                                    -3.1472325574056700e-04
51                                     2.4874542452439641e-04
52                                     3.7209900621179223e-04
53                                    -3.9347002120940396e-04
54                                     2.9265638770409330e-04
55                                    -3.2294642540717580e-04
56                                    -2.4141167296172494e-04
57                                    -3.3623650975639699e-05
58                                    -1.2835617428929441e-04
59                                     1.2696474842578027e-03
60                                    -1.6940266731794995e-04
61                                    -6.5141443357999776e-04
62                                     5.6328560359134028e-04
63                                     1.3080943974466686e-06
64                                     1.4712232670256384e-04
65                                    -6.6828810569193042e-05
66                                     1.1589545567438492e-04
67                                     1.4572292035542125e-04
68                                    -4.0317373237850522e-04
69                                     6.2175053361659960e-05
70                                     2.8456224237426511e-04
71                                    -1.1330292225864187e-04
72                                    -2.2326672092233026e-04
73                                    -9.1958372302004820e-05
74                                     2.3967576798136769e-05
75                                    -1.3791934511065557e-04
76                                    -1.9003995039170232e-04
77                                     3.3031603679929168e-04
78                                     1.0918193731343506e-04
79                                     3.4168710583159373e-05
80                                     5.2510465240824568e-05
$End
$Geometry
   &GeometryIndex 59
   &ListStatus       OUT
   &NATOMS [&Type "Integer"] 27
   &NCORELESSECP [&Type "Integer"] 0
   &NGHOSTATOMS [&Type "Integer"] 0
   &CartesianCoordinates [&Type "Coordinates", &Dim(27,4), &Units "Bohr"] 
              S      4.615164280833    4.263710799463   -2.810412148182
              O      1.974096117674    6.101914772580    3.938784773994
              O     -0.471693160632    3.723930021100    1.403657307074
              N      3.481724133973    0.270967256419    3.748685014911
              C      3.884450283335    2.486134087349    2.122993626050
              C      4.235989857946    1.639845774358   -0.596961144636
              C      1.561560096327    4.138653261173    2.373430447411
              H      5.533764546468    3.622046395601    2.686243073192
              H      5.887922287933    0.396184588601   -0.668130068131
              H      2.586839450362    0.536021287449   -1.160422320464
              H      3.521562976510    0.828626660747    5.593034553474
              H      5.007056243498   -0.888254586740    3.538602172212
              H      0.392018418060    7.039242933614    4.082314065111
              Cu     7.063135548317    6.776233367898   -0.799144483935
              S      9.287907233300    9.390125275283    1.334340914286
              O      8.901493027337   13.763564609072    6.432556673583
              O      6.024937981473   10.772413098284    7.333220260451
              N     10.616816577316    8.072863715153    8.810445416604
              C     10.333591910722    9.504521167058    6.458091458234
              C      9.666062781993    7.692918979990    4.327993856395
              C      8.172743418544   11.356451899259    6.788486266343
              H     12.026767258392   10.575800853531    5.930770337890
              H     11.182238705868    6.293849151887    4.158188668874
              H      7.921207023134    6.704798823524    4.829706121816
              H     11.287317307497    9.230931236409   10.193626096774
              H     11.980712490010    6.742325381049    8.536871404712
              H      7.412176462532   14.826054337472    6.664233566593
$End
$SCF_Energy
   &GeometryIndex 59
   &ListStatus       IN
   &SCF_ENERGY [&Type "Double"]      -3.0770597203187617e+03
$End
$Solvation_Details
   &GeometryIndex 59
   &ListStatus       IN
   &SOLVENT [&Type "String"] "WATER"
   &EPSILON [&Type "Double"]       8.0150999999999996e+01
   &REFRAC [&Type "Double"]       1.3328000000000000e+00
   &RSOLV [&Type "Double"]       1.3000000000000000e+00
   &SURFACETYPE [&Type "String"] "GAUSSIAN VDW"
   &NPOINTS [&Type "Integer"] 2508
   &SURFACEAREA [&Type "Double"]       1.0748930097780001e+03
   &CPCMDIELENERGY [&Type "Double"]      -1.3285722699999999e-01
$End
$MP2_Energies
   &GeometryIndex 59
   &ListStatus       IN
   &REFENERGY [&Type "Double"]      -3.0770597203187617e+03  "Reference Energy"
   &CORRENERGY [&Type "Double"]      -3.3933052407333850e+00  "MP2 correlation energy"
   &TOTALENERGY [&Type "Double"]      -3.0804530255594950e+03  "MP2 total energy"
$End
$MP2_Nuc_Gradient
   &GeometryIndex 59
   &ListStatus       IN
   &NATOMS [&Type "Integer"] 81
   &GRADNORM [&Type "Double"]       2.8829141656841078e-03
   &GRAD [&Type "ArrayOfDoubles", &Dim (81,1)] 
                                                         0

0                                     -5.3932774159550726e-05
1                                      3.3776953515375976e-04
2                                      1.6303749644525252e-04
3                                     -1.6120339140091033e-04
4                                     -2.6488775288155755e-04
5                                      3.0847920716932722e-04
6                                     -3.1263718631667492e-04
7                                      3.7737099121170833e-04
8                                     -7.0338423592289367e-05
9                                     -2.9296512442812672e-04
10                                     2.5726273912177189e-04
11                                    -6.5879701488386067e-05
12                                    -5.1391718406434278e-04
13                                    -2.6811212003729872e-04
14                                     1.1339465216476941e-04
15                                     8.0224741414909942e-04
16                                     4.3609058681289004e-04
17                                    -8.3101664319479296e-04
18                                     3.4445995006616992e-04
19                                    -3.2102426709533158e-04
20                                    -3.0394552719488488e-04
21                                    -1.5594559703127620e-04
22                                     4.1970837743579917e-04
23                                    -2.2129908547357646e-04
24                                    -3.1995928193258652e-04
25                                    -5.1916497766805667e-04
26                                     2.1761944358499085e-05
27                                     1.6140228102985363e-04
28                                    -2.2545203846006598e-04
29                                     6.6323510701981128e-04
30                                     1.5947453737417548e-04
31                                    -4.0369171837927736e-05
32                                     3.2172056729298792e-06
33                                     8.3200880868650878e-05
34                                     2.9463448537977999e-05
35                                     1.0918386786015147e-04
36                                     2.4333675344549721e-04
37                                     7.0656858207000794e-05
38                                     8.1737243372756972e-05
39                                     7.8870637316932717e-05
40                                    -5.5736336360220711e-04
41                                    -6.9213768580122549e-05
42                                    -2.1050724280956366e-04
43                                     3.1432137313941975e-04
44                                    -2.2356986178927174e-04
45                                    -1.8063299727084925e-04
46                                     3.4949341340735976e-04
47                                    -2.7497784987360122e-04
48                                     2.0198740946372751e-05
49                                     1.5249739551951441e-04
50                                    -1.9873431146229595e-04
51                                     1.8677544967414528e-04
52                                     4.2575920124382147e-04
53                                    -4.1258489768271865e-04
54                                     3.0549375147555236e-04
55                                    -3.4998376869516123e-04
56                                    -1.7624159291413852e-04
57                                    -6.6874171531838833e-05
58                                    -2.0545109812360879e-04
59                                     1.1708299425431286e-03
60                                    -1.0566217615293194e-04
61                                    -6.9678120536045135e-04
62                                     5.0069295030074484e-04
63                                     2.6353562091515487e-05
64                                     1.3619386176853820e-04
65                                    -8.0861765475752009e-05
66                                     1.3536992754068639e-04
67                                     1.3203895855573577e-04
68                                    -4.0166479612678769e-04
69                                     3.2021691931928553e-05
70                                     2.7748198100697313e-04
71                                    -1.0889615848485093e-04
72                                    -2.2119554127751628e-04
73                                    -9.0236268675235320e-05
74                                     2.2880285494610020e-05
75                                    -1.3612502352558856e-04
76                                    -1.8107206613755464e-04
77                                     3.0676101976747586e-04
78                                     8.3468464877486936e-05
79                                     1.4129658115497740e-05
80                                     4.3585888148740815e-05
$End
$Geometry
   &GeometryIndex 60
   &ListStatus       OUT
   &NATOMS [&Type "Integer"] 27
   &NCORELESSECP [&Type "Integer"] 0
   &NGHOSTATOMS [&Type "Integer"] 0
   &CartesianCoordinates [&Type "Coordinates", &Dim(27,4), &Units "Bohr"] 
              S      4.503563608709    4.381367442466   -2.778155677280
              O      2.022100011560    6.057140184780    3.985931030893
              O     -0.487298841510    3.660424883718    1.533059410678
              N      3.523013808167    0.181937919979    3.671003051099
              C      3.892830093616    2.444942422267    2.105376291849
              C      4.185522211026    1.682316737758   -0.647060896450
              C      1.572376859048    4.087307466610    2.439635083393
              H      5.554386462629    3.563321432366    2.668181439607
              H      5.844971995456    0.455125682433   -0.791029757413
              H      2.528765651951    0.593028711682   -1.215479527538
              H      3.598987341183    0.684730111329    5.530158690713
              H      5.043140186076   -0.969687694591    3.394856513611
              H      0.436085007541    6.980061316980    4.178964302116
              Cu     7.055149778007    6.780382953976   -0.765273560785
              S      9.392789769057    9.303655103363    1.350103878354
              O      8.998246045163   13.810406678822    6.342528989090
              O      6.031805060689   10.910992421939    7.252259741486
              N     10.544183416178    8.137969504677    8.874607387641
              C     10.321988816968    9.517612096898    6.483647955386
              C      9.645523524096    7.668133247194    4.386567832954
              C      8.203213714213   11.430151503175    6.733461709383
              H     12.048720294360   10.532929478277    5.955031098294
              H     11.119911278307    6.218155492467    4.294214472689
              H      7.860455723763    6.746338163708    4.875370086657
              H     11.233485994729    9.315955945987   10.232051729151
              H     11.884308113365    6.775503318204    8.640956425999
              H      7.529337334373   14.911672621116    6.520238209061
$End
$SCF_Energy
   &GeometryIndex 60
   &ListStatus       IN
   &SCF_ENERGY [&Type "Double"]      -3.0770595029536416e+03
$End
$Solvation_Details
   &GeometryIndex 60
   &ListStatus       IN
   &SOLVENT [&Type "String"] "WATER"
   &EPSILON [&Type "Double"]       8.0150999999999996e+01
   &REFRAC [&Type "Double"]       1.3328000000000000e+00
   &RSOLV [&Type "Double"]       1.3000000000000000e+00
   &SURFACETYPE [&Type "String"] "GAUSSIAN VDW"
   &NPOINTS [&Type "Integer"] 2495
   &SURFACEAREA [&Type "Double"]       1.0733511890670000e+03
   &CPCMDIELENERGY [&Type "Double"]      -1.3268635400000001e-01
$End
$MP2_Energies
   &GeometryIndex 60
   &ListStatus       IN
   &REFENERGY [&Type "Double"]      -3.0770595029536416e+03  "Reference Energy"
   &CORRENERGY [&Type "Double"]      -3.3936372415859481e+00  "MP2 correlation energy"
   &TOTALENERGY [&Type "Double"]      -3.0804531401952277e+03  "MP2 total energy"
$End
$MP2_Nuc_Gradient
   &GeometryIndex 60
   &ListStatus       IN
   &NATOMS [&Type "Integer"] 81
   &GRADNORM [&Type "Double"]       1.8644223853091612e-03
   &GRAD [&Type "ArrayOfDoubles", &Dim (81,1)] 
                                                         0

0                                      9.5615898605680601e-05
1                                      6.0561752559748494e-04
2                                      3.6788059909019684e-04
3                                      9.8710785403320622e-05
4                                     -4.2158821664115692e-05
5                                      1.3765616555372687e-04
6                                      4.8471939344957304e-06
7                                      3.5130593845795685e-04
8                                     -1.2984695012207420e-04
9                                     -1.5052427123548456e-04
10                                     1.0911222173970621e-04
11                                    -6.9178004111639449e-05
12                                     1.9382163784029474e-04
13                                    -1.1756713470930172e-04
14                                     4.6613208182770538e-05
15                                     9.3281118414188791e-05
16                                     3.7846242521167445e-05
17                                    -7.5159764083126274e-04
18                                     5.5367577798018375e-05
19                                    -4.8242825456731517e-04
20                                    -4.1078828439906900e-05
21                                    -1.0434877152961514e-05
22                                     2.6833369986634104e-04
23                                    -1.2393517821867109e-04
24                                    -1.0450203832228569e-04
25                                    -2.1576245654443549e-04
26                                     2.2500771526776184e-04
27                                     6.3777604332831278e-05
28                                     3.8760344494105647e-05
29                                     2.0897107810466213e-04
30                                     8.5364714828186868e-05
31                                     1.1086087049692189e-04
32                                    -9.0670441238935306e-06
33                                    -2.7857515822980738e-05
34                                     9.4147428283845175e-05
35                                     1.8448397626451632e-05
36                                    -7.7229046411650404e-05
37                                     1.4220203405284487e-05
38                                     1.0487486361011183e-04
39                                    -1.5540127825800464e-04
40                                    -8.6846332610610575e-04
41                                     6.0137388270711627e-05
42                                    -2.2307660956677597e-04
43                                     2.3276889249783383e-04
44                                     1.9664981303796521e-04
45                                     1.8680613068713936e-06
46                                     3.4979901104425365e-04
47                                    -2.1107041956799390e-04
48                                    -2.4417996770037531e-04
49                                     2.6123589067429676e-05
50                                     1.6629047269013653e-04
51                                     3.7625615083941577e-05
52                                     2.1342663763330386e-04
53                                    -1.9725331825185509e-04
54                                    -1.0754278732108546e-05
55                                    -8.3360844368440823e-05
56                                     2.1398915052815715e-04
57                                     1.8912234771744502e-04
58                                    -3.6907399996340129e-04
59                                    -1.4330246284159631e-04
60                                     7.1924668436473826e-05
61                                    -1.8121313202412379e-04
62                                     3.2471759810769052e-05
63                                     5.4510717964181832e-05
64                                    -7.4036315767626870e-06
65                                    -4.1246396981303723e-05
66                                     1.8361349692474355e-05
67                                     1.1917928122936322e-05
68                                    -9.9605160687053730e-05
69                                    -3.7944501342673798e-05
70                                     9.8215817628763760e-05
71                                     8.1192601848996751e-05
72                                    -4.7734292759405925e-05
73                                     1.3530950069819137e-05
74                                    -1.6320868528409138e-05
75                                     5.1240330420608549e-06
76                                    -2.6428474273969271e-05
77                                    -2.1225638706726113e-05
78                                    -9.0269594399908226e-05
79                                    -4.6492563050677671e-05
80                                    -1.3432745008746388e-05
$End
$Geometry
   &GeometryIndex 61
   &ListStatus       OUT
   &NATOMS [&Type "Integer"] 27
   &NCORELESSECP [&Type "Integer"] 0
   &NGHOSTATOMS [&Type "Integer"] 0
   &CartesianCoordinates [&Type "Coordinates", &Dim(27,4), &Units "Bohr"] 
              S      4.382490011650    4.489878649334   -2.733737079311
              O      2.015353564929    6.023854513425    4.000416611222
              O     -0.523614576748    3.561516492656    1.645082076802
              N      3.568873095546    0.120428918053    3.616900181319
              C      3.889636411396    2.422604785170    2.099613546403
              C      4.160946798141    1.727858821950   -0.673564885071
              C      1.553686814551    4.030341974776    2.488999744494
              H      5.541836451289    3.552524369378    2.666886286114
              H      5.841432513030    0.537441600267   -0.874430373070
              H      2.514901157422    0.619910672483   -1.237601122599
              H      3.666892243245    0.580000174874    5.486237582177
              H      5.098852267157   -1.005551048735    3.292260104454
              H      0.422916963848    6.927955265558    4.223200338191
              Cu     7.044896908460    6.786450336571   -0.741547156122
              S      9.481459170112    9.234037468224    1.352359701187
              O      9.097591348866   13.839990888922    6.300015548807
              O      6.043844910209   11.009571535593    7.134360371280
              N     10.477099228300    8.184126412203    8.917135717531
              C     10.323893782017    9.520925827451    6.496278740839
              C      9.642938227137    7.648439388520    4.423759895925
              C      8.239948208726   11.478957790657    6.677410917032
              H     12.078464235014   10.492979057209    5.977367557678
              H     11.086814343671    6.165948910022    4.380145128374
              H      7.830064205642    6.774472092987    4.894760022645
              H     11.165233978542    9.373748421894   10.264786528025
              H     11.790497829764    6.788260640200    8.735525784455
              H      7.650613166803   14.975201187936    6.438584141857
$End
$SCF_Energy
   &GeometryIndex 61
   &ListStatus       IN
   &SCF_ENERGY [&Type "Double"]      -3.0770596461941832e+03
$End
$Solvation_Details
   &GeometryIndex 61
   &ListStatus       IN
   &SOLVENT [&Type "String"] "WATER"
   &EPSILON [&Type "Double"]       8.0150999999999996e+01
   &REFRAC [&Type "Double"]       1.3328000000000000e+00
   &RSOLV [&Type "Double"]       1.3000000000000000e+00
   &SURFACETYPE [&Type "String"] "GAUSSIAN VDW"
   &NPOINTS [&Type "Integer"] 2496
   &SURFACEAREA [&Type "Double"]       1.0735037576210000e+03
   &CPCMDIELENERGY [&Type "Double"]      -1.3269917500000000e-01
$End
$MP2_Energies
   &GeometryIndex 61
   &ListStatus       IN
   &REFENERGY [&Type "Double"]      -3.0770596461941832e+03  "Reference Energy"
   &CORRENERGY [&Type "Double"]      -3.3935833437922875e+00  "MP2 correlation energy"
   &TOTALENERGY [&Type "Double"]      -3.0804532295379754e+03  "MP2 total energy"
$End
$MP2_Nuc_Gradient
   &GeometryIndex 61
   &ListStatus       IN
   &NATOMS [&Type "Integer"] 81
   &GRADNORM [&Type "Double"]       2.6882067813573302e-03
   &GRAD [&Type "ArrayOfDoubles", &Dim (81,1)] 
                                                         0

0                                     -2.6012224768880935e-04
1                                      6.8412403314746517e-04
2                                      1.8421202539090423e-04
3                                     -7.9744840105804016e-05
4                                      2.9183873243524699e-05
5                                      1.5967944245815976e-04
6                                     -1.0828904081916502e-04
7                                      4.0564443936599859e-04
8                                     -1.1693134839857455e-04
9                                     -3.5363080755138748e-04
10                                     1.4842120492226420e-04
11                                    -1.3142371019079016e-05
12                                    -2.2638530182831837e-04
13                                    -2.4936036235413683e-05
14                                    -1.9501315016602627e-04
15                                     9.4449732712525471e-04
16                                     9.2825810780860357e-05
17                                    -8.3654849114851021e-04
18                                     2.5260540363178374e-04
19                                    -4.9365136646533844e-04
20                                     7.5839580447444738e-05
21                                    -8.3988025043606196e-05
22                                     3.6521150308641698e-04
23                                    -2.3413232563941101e-04
24                                    -6.4415180249074305e-05
25                                    -3.5736955775432164e-04
26                                     9.1496610326572640e-05
27                                     2.8967473297145802e-05
28                                     1.3307454811977565e-04
29                                     4.8630482368225945e-04
30                                     1.3011590385452647e-04
31                                     1.0067618488302302e-04
32                                    -5.1818928479323290e-05
33                                     4.5317113072797233e-05
34                                     7.6377118688446960e-05
35                                     2.5477669180701615e-05
36                                     1.1378409704741743e-04
37                                    -7.4811272953719671e-05
38                                     7.7397968651228555e-05
39                                    -8.9685698977167100e-05
40                                    -1.4024112799527191e-03
41                                     2.4447238152465814e-04
42                                    -1.7093304427482216e-04
43                                     4.1912018620089003e-04
44                                    -3.5759299433710257e-07
45                                    -1.3854584806227005e-04
46                                     4.3377580533505294e-04
47                                    -3.1400836284197105e-04
48                                    -1.0312626189290519e-04
49                                     1.7548479469203446e-04
50                                    -7.8933867754090586e-05
51                                     1.3528095709995636e-04
52                                     2.6578658777132343e-04
53                                    -2.0599928443634612e-04
54                                     8.7590041245101322e-05
55                                    -2.1101092528072116e-04
56                                    -3.9183780654802880e-06
57                                     7.4673132634053840e-06
58                                    -2.6139413758129171e-04
59                                     5.0973994560661595e-04
60                                    -3.5613145359103537e-05
61                                    -5.1797022972661574e-04
62                                     3.6167733613417380e-04
63                                     4.3250409230373432e-05
64                                     9.5091255500789201e-05
65                                    -1.4069084676466247e-04
66                                     4.4253711888712216e-05
67                                     4.7515703530280617e-05
68                                    -1.8187087336697671e-04
69                                     9.0953315765356091e-05
70                                     1.4784525161796319e-04
71                                    -7.6003081078829249e-06
72                                    -1.1493759041563377e-04
73                                    -1.6559489890273504e-05
74                                     2.3507620340847135e-05
75                                    -4.6128895141557547e-05
76                                    -7.0945202337319851e-05
77                                     3.4416803676873969e-05
78                                     1.6752772063560739e-05
79                                    -5.8350786587862968e-05
80                                     2.0227567170388611e-05
$End
$Geometry
   &GeometryIndex 62
   &ListStatus       OUT
   &NATOMS [&Type "Integer"] 27
   &NCORELESSECP [&Type "Integer"] 0
   &NGHOSTATOMS [&Type "Integer"] 0
   &CartesianCoordinates [&Type "Coordinates", &Dim(27,4), &Units "Bohr"] 
              S      4.309286585177    4.553870545243   -2.702675641774
              O      2.044843568319    5.964395902083    4.042237902335
              O     -0.529485519735    3.505524916031    1.722714655961
              N      3.600326634038    0.043824932885    3.557453591745
              C      3.894412284637    2.379336535020    2.086269576814
              C      4.128379413835    1.744801146071   -0.702893145116
              C      1.560982388140    3.976172159921    2.532492791209
              H      5.551558178934    3.501158520322    2.654864461572
              H      5.814107157243    0.571141170504   -0.953707609593
              H      2.480164850055    0.641105461840   -1.268821526030
              H      3.720725393836    0.460779024014    5.435467329480
              H      5.129350317283   -1.069553148697    3.187702085855
              H      0.454823524853    6.864785909879    4.292164620820
              Cu     7.030617884130    6.794572457747   -0.722661798061
              S      9.521795855845    9.198630309099    1.359731660721
              O      9.224184027012   13.888208245501    6.279209267213
              O      6.066779398738   11.154130351062    7.045578820598
              N     10.400316240639    8.230814661954    8.950978757117
              C     10.314788868012    9.537119137931    6.509058650638
              C      9.607359551338    7.655033540063    4.455782157295
              C      8.285796558757   11.555717934144    6.639666608630
              H     12.101536988373   10.453628005038    5.998838882919
              H     11.011962333529    6.134456667422    4.450890995377
              H      7.768867308705    6.832841493623    4.919154624927
              H     11.103383238554    9.420952392159   10.290294675848
              H     11.678524140841    6.798501868696    8.805195638060
              H      7.812176087633   15.069925008027    6.386217876076
$End
$SCF_Energy
   &GeometryIndex 62
   &ListStatus       IN
   &SCF_ENERGY [&Type "Double"]      -3.0770598977726240e+03
$End
$Solvation_Details
   &GeometryIndex 62
   &ListStatus       IN
   &SOLVENT [&Type "String"] "WATER"
   &EPSILON [&Type "Double"]       8.0150999999999996e+01
   &REFRAC [&Type "Double"]       1.3328000000000000e+00
   &RSOLV [&Type "Double"]       1.3000000000000000e+00
   &SURFACETYPE [&Type "String"] "GAUSSIAN VDW"
   &NPOINTS [&Type "Integer"] 2487
   &SURFACEAREA [&Type "Double"]       1.0732821249040001e+03
   &CPCMDIELENERGY [&Type "Double"]      -1.3263917100000000e-01
$End
$MP2_Energies
   &GeometryIndex 62
   &ListStatus       IN
   &REFENERGY [&Type "Double"]      -3.0770598977726240e+03  "Reference Energy"
   &CORRENERGY [&Type "Double"]      -3.3933822622771541e+00  "MP2 correlation energy"
   &TOTALENERGY [&Type "Double"]      -3.0804532800349011e+03  "MP2 total energy"
$End
$MP2_Nuc_Gradient
   &GeometryIndex 62
   &ListStatus       IN
   &NATOMS [&Type "Integer"] 81
   &GRADNORM [&Type "Double"]       2.4958583621597949e-03
   &GRAD [&Type "ArrayOfDoubles", &Dim (81,1)] 
                                                         0

0                                     -2.9051700137245218e-04
1                                      4.6449077220893364e-04
2                                      8.4511090617691090e-05
3                                     -1.1718733514774760e-04
4                                     -4.3709018115730552e-05
5                                      3.4776570515576005e-05
6                                      2.9069804752535067e-06
7                                      4.5586285545447941e-04
8                                     -1.8965190024895773e-04
9                                     -2.8395149852989549e-04
10                                     7.9677711391248213e-05
11                                     1.1785387470200116e-04
12                                    -2.5409725890095103e-05
13                                     5.8235399584200594e-05
14                                    -7.7669626689226556e-04
15                                     3.7836738688556189e-04
16                                     6.2294880481480325e-05
17                                    -2.9455306837705003e-04
18                                     4.2737365682041228e-05
19                                    -2.5989601857913380e-04
20                                     2.2680877024674681e-04
21                                    -1.3732537193690206e-04
22                                     3.0514945955449277e-04
23                                    -2.1537096094293925e-04
24                                     1.1684690449045160e-04
25                                    -1.9393139116617025e-04
26                                     1.0494774707072926e-04
27                                    -4.4786928431184148e-07
28                                     1.3572837019083447e-04
29                                     4.4439634712827199e-04
30                                     1.1079661503416273e-04
31                                     4.3681926641878088e-05
32                                    -1.4094371869069477e-05
33                                     8.4257091179155280e-05
34                                     5.6769087317897621e-05
35                                     2.5857609437690207e-05
36                                     2.8718730144029758e-04
37                                    -2.7162573144042662e-04
38                                    -6.7080939132953439e-05
39                                     1.7210331797280331e-05
40                                    -1.4499359400104621e-03
41                                     2.2128314038640916e-04
42                                    -1.1953984755833167e-04
43                                     4.7856175153065256e-04
44                                    -2.6852342261322534e-05
45                                    -1.9691376639552338e-04
46                                     2.0630605576405642e-04
47                                    -2.6216033882648163e-04
48                                     4.6885478809363668e-05
49                                     3.5530810612861494e-04
50                                    -3.7013788555859128e-04
51                                     1.2910340542823806e-04
52                                     2.8964866040807891e-05
53                                     1.2320425834258172e-04
54                                     1.5015034500604797e-04
55                                    -1.7010236601355117e-04
56                                    -1.5672328886760789e-04
57                                    -3.0662409371821908e-05
58                                     4.5690088025161085e-05
59                                     5.3112483101453584e-04
60                                    -1.8596533046480457e-04
61                                    -4.4150493071863812e-04
62                                     5.7738298869203231e-04
63                                     2.9941898279511880e-07
64                                     1.8969720098095492e-04
65                                    -2.1934138697579653e-04
66                                    -6.9488261800684792e-06
67                                    -5.8125117268562065e-06
68                                    -6.0824582313912597e-05
69                                     2.5500689472066074e-04
70                                     3.6736752908087325e-05
71                                     7.0079572566751624e-05
72                                    -1.6607104353651668e-04
73                                    -4.3274422646275013e-05
74                                    -4.0344039543227517e-05
75                                    -1.6638568422513295e-05
76                                    -4.7365515637817768e-05
77                                    -3.6019967912125431e-05
78                                     1.1411272983552490e-04
79                                    -3.1008168663380908e-05
80                                     4.8166980495300063e-06
$End
$Geometry
   &GeometryIndex 63
   &ListStatus       OUT
   &NATOMS [&Type "Integer"] 27
   &NCORELESSECP [&Type "Integer"] 0
   &NGHOSTATOMS [&Type "Integer"] 0
   &CartesianCoordinates [&Type "Coordinates", &Dim(27,4), &Units "Bohr"] 
              S      4.243941036678    4.633634321833   -2.656654790073
              O      2.090951443219    5.901678930803    4.097681594298
              O     -0.531845961826    3.460555094747    1.813787995722
              N      3.617755174031   -0.044172193210    3.485422838498
              C      3.897498758218    2.330219548774    2.076307969305
              C      4.091853838442    1.770694794149   -0.731539575948
              C      1.574761034929    3.924180842459    2.585965058293
              H      5.564198696185    3.433542876849    2.653195235590
              H      5.775070772873    0.607816248700   -1.041315417387
              H      2.436555564546    0.680465618063   -1.303047843440
              H      3.761493085633    0.317465823738    5.373132962089
              H      5.140193490385   -1.148576938326    3.065289586856
              H      0.508830132865    6.807273078619    4.378222693452
              Cu     7.029907445435    6.810100570052   -0.698181073274
              S      9.583782884762    9.160333824396    1.368626585699
              O      9.332472256941   13.929371817192    6.234893558718
              O      6.091432415349   11.282147236201    6.959688241354
              N     10.320781569235    8.287246367303    8.985943466705
              C     10.307320993587    9.555893829710    6.522884954358
              C      9.583906640524    7.661827353462    4.487576814079
              C      8.327205364590   11.624944005559    6.594947295017
              H     12.123328554247   10.421759333175    6.028230431998
              H     10.949547143113    6.106310319630    4.526434869631
              H      7.719294714572    6.891265311294    4.934876368580
              H     11.028841920354    9.482401584325   10.318183967520
              H     11.566791472823    6.823103741295    8.885799227304
              H      7.951692817009   15.150391806790    6.304852895695
$End
$SCF_Energy
   &GeometryIndex 63
   &ListStatus       IN
   &SCF_ENERGY [&Type "Double"]      -3.0770600057878842e+03
$End
$Solvation_Details
   &GeometryIndex 63
   &ListStatus       IN
   &SOLVENT [&Type "String"] "WATER"
   &EPSILON [&Type "Double"]       8.0150999999999996e+01
   &REFRAC [&Type "Double"]       1.3328000000000000e+00
   &RSOLV [&Type "Double"]       1.3000000000000000e+00
   &SURFACETYPE [&Type "String"] "GAUSSIAN VDW"
   &NPOINTS [&Type "Integer"] 2482
   &SURFACEAREA [&Type "Double"]       1.0725732199800000e+03
   &CPCMDIELENERGY [&Type "Double"]      -1.3253824000000000e-01
$End
$MP2_Energies
   &GeometryIndex 63
   &ListStatus       IN
   &REFENERGY [&Type "Double"]      -3.0770600057878842e+03  "Reference Energy"
   &CORRENERGY [&Type "Double"]      -3.3933527168410098e+00  "MP2 correlation energy"
   &TOTALENERGY [&Type "Double"]      -3.0804533585047252e+03  "MP2 total energy"
$End
$MP2_Nuc_Gradient
   &GeometryIndex 63
   &ListStatus       IN
   &NATOMS [&Type "Integer"] 81
   &GRADNORM [&Type "Double"]       2.5462867550097501e-03
   &GRAD [&Type "ArrayOfDoubles", &Dim (81,1)] 
                                                         0

0                                     -2.9353590835131879e-05
1                                      4.1266829890088466e-04
2                                      1.2370689111011746e-04
3                                     -5.9620856860724547e-05
4                                     -2.4949138066593726e-04
5                                     -6.2949238224464105e-05
6                                     -1.4980844504348945e-04
7                                      3.6304207641517025e-04
8                                     -2.9880704415480297e-04
9                                     -1.8471273794792159e-04
10                                     1.2365602034765909e-04
11                                     1.7336374428162347e-04
12                                    -4.6841641427881886e-05
13                                    -9.2916799422092505e-05
14                                    -1.0088097866720325e-03
15                                    -5.8425665827491202e-05
16                                    -5.2945444012748866e-05
17                                     8.5382901420391621e-05
18                                     1.6837745199280163e-04
19                                     1.1309234704342391e-04
20                                     1.9484127252732131e-04
21                                    -1.9206835865166055e-04
22                                     3.0740502064889250e-04
23                                    -1.2065131241339837e-04
24                                     1.2831216958543792e-04
25                                    -6.8224516990636475e-05
26                                    -5.8819548731919163e-05
27                                     3.1531949391958719e-05
28                                     1.6912043792602360e-05
29                                     4.6427408556161051e-04
30                                     1.3876762358739953e-04
31                                    -3.0459279629796790e-05
32                                     6.1693344670661621e-05
33                                     1.1300813340402172e-04
34                                     5.5992441280582755e-05
35                                     7.5125549595848537e-05
36                                     2.4312420133271867e-04
37                                    -2.1221996148560254e-04
38                                    -1.2251894859060218e-04
39                                     6.3531504071146069e-05
40                                    -1.4245407242436765e-03
41                                     8.0248989044628960e-05
42                                    -1.9456717466205347e-04
43                                     4.5097825581372902e-04
44                                     7.2437933805891835e-05
45                                    -1.4028811011006226e-04
46                                     4.2781494414789040e-05
47                                    -2.0938326142759880e-04
48                                     1.0002655006710603e-04
49                                     2.3590492766530080e-04
50                                    -4.2894949324174050e-04
51                                     4.7139455323946811e-05
52                                     4.9850367342683770e-05
53                                     8.5755186384451135e-05
54                                     3.1550488737379367e-04
55                                    -2.2668216296645866e-04
56                                    -3.2203572301579830e-04
57                                    -5.6443111077896652e-05
58                                     3.4682413484660515e-04
59                                     4.5375801781683683e-04
60                                    -2.1740765850836175e-04
61                                    -4.5115824137339534e-04
62                                     7.0567581604745813e-04
63                                    -4.9939919483921874e-05
64                                     2.6561526552396075e-04
65                                    -1.9884969566257363e-04
66                                    -1.3171087640984069e-05
67                                    -8.8446956438077012e-05
68                                    -3.0284076872331197e-05
69                                     2.7759249692663884e-04
70                                    -3.8227680368277395e-05
71                                     1.4695074001889671e-04
72                                    -1.8208004104614331e-04
73                                    -1.9533526458496986e-05
74                                    -4.0090890127002926e-05
75                                     2.8183453439703521e-06
76                                    -4.0039624346926983e-05
77                                    -2.1585800790341770e-05
78                                     1.3604760784959036e-04
79                                     8.5882174133366379e-05
80                                    -1.7837503690716888e-05
$End
$Geometry
   &GeometryIndex 64
   &ListStatus       OUT
   &NATOMS [&Type "Integer"] 27
   &NCORELESSECP [&Type "Integer"] 0
   &NGHOSTATOMS [&Type "Integer"] 0
   &CartesianCoordinates [&Type "Coordinates", &Dim(27,4), &Units "Bohr"] 
              S      4.179128241531    4.718668657123   -2.613161043580
              O      2.149051858771    5.815603086958    4.180951175339
              O     -0.526548663945    3.413793286305    1.916741916207
              N      3.637501217934   -0.142227702826    3.393718350406
              C      3.905304382819    2.275525354687    2.059080400403
              C      4.052380648809    1.801442070582   -0.767769101249
              C      1.596974637669    3.862882551173    2.650073736083
              H      5.586210362594    3.353582756664    2.642855351447
              H      5.729476763497    0.647124359335   -1.137181741130
              H      2.387865274170    0.730042957714   -1.348270841243
              H      3.807900238257    0.155875176839    5.290078687339
              H      5.149705768216   -1.237172484732    2.915975492943
              H      0.575128498185    6.720165089241    4.507454667171
              Cu     7.024453108388    6.826540495508   -0.665818382049
              S      9.640591639235    9.118310046238    1.386259900237
              O      9.468704935416   13.974702078038    6.164640834593
              O      6.129672088393   11.447881075581    6.874384847039
              N     10.221871995146    8.355442860349    9.028650383873
              C     10.293475339938    9.577895251730    6.543101462012
              C      9.545091481955    7.672212203601    4.528456746142
              C      8.381257267105   11.711000850650    6.543653696364
              H     12.145213028317   10.375262122350    6.066519304129
              H     10.862208896712    6.077264811748    4.615073523530
              H      7.650969757494    6.965653238634    4.956358212010
              H     10.944451796316    9.552279050861   10.351583770680
              H     11.421456976064    6.850669336034    8.978297253446
              H      8.128065719735   15.241456567195    6.189497308494
$End
$SCF_Energy
   &GeometryIndex 64
   &ListStatus       IN
   &SCF_ENERGY [&Type "Double"]      -3.0770601398855188e+03
$End
$Solvation_Details
   &GeometryIndex 64
   &ListStatus       IN
   &SOLVENT [&Type "String"] "WATER"
   &EPSILON [&Type "Double"]       8.0150999999999996e+01
   &REFRAC [&Type "Double"]       1.3328000000000000e+00
   &RSOLV [&Type "Double"]       1.3000000000000000e+00
   &SURFACETYPE [&Type "String"] "GAUSSIAN VDW"
   &NPOINTS [&Type "Integer"] 2499
   &SURFACEAREA [&Type "Double"]       1.0719226670900000e+03
   &CPCMDIELENERGY [&Type "Double"]      -1.3244521900000000e-01
$End
$MP2_Energies
   &GeometryIndex 64
   &ListStatus       IN
   &REFENERGY [&Type "Double"]      -3.0770601398855188e+03  "Reference Energy"
   &CORRENERGY [&Type "Double"]      -3.3932865406414816e+00  "MP2 correlation energy"
   &TOTALENERGY [&Type "Double"]      -3.0804534264261601e+03  "MP2 total energy"
$End
$MP2_Nuc_Gradient
   &GeometryIndex 64
   &ListStatus       IN
   &NATOMS [&Type "Integer"] 81
   &GRADNORM [&Type "Double"]       2.6218693495308957e-03
   &GRAD [&Type "ArrayOfDoubles", &Dim (81,1)] 
                                                         0

0                                     -3.5168714798233108e-05
1                                      3.8324570442228867e-04
2                                     -2.7188292789266481e-04
3                                     -1.1794405613676368e-04
4                                     -2.4648062172466165e-04
5                                     -6.6997052413010627e-05
6                                     -7.0543733333816583e-05
7                                      3.3215908313974016e-04
8                                     -2.6480463591401632e-04
9                                     -8.6650868884943777e-05
10                                     6.3194883647147565e-05
11                                     1.3258093510333697e-04
12                                     1.8880652048549468e-04
13                                    -3.9806460003329568e-05
14                                    -8.8414412942834641e-04
15                                    -4.2263661206655857e-04
16                                    -1.3566971307794537e-04
17                                     4.4675208835732311e-04
18                                    -8.6711651711868232e-05
19                                     3.1278698080310779e-04
20                                     1.7519565437825596e-04
21                                    -1.7076177284717359e-04
22                                     2.7022177974608472e-04
23                                    -9.3446463229665197e-05
24                                     1.2895979133984922e-04
25                                    -2.1041396545681129e-05
26                                     2.2236189545347430e-05
27                                     7.4486821338218268e-05
28                                    -2.4977130332139857e-05
29                                     2.2977094319005104e-04
30                                     1.4082496143520608e-04
31                                    -1.9857626501220554e-04
32                                    -7.5672214580324582e-06
33                                     1.4435201620890611e-04
34                                     1.0719716094932663e-05
35                                     9.8954650590760140e-05
36                                     2.3836573220117202e-04
37                                    -2.2549383694680028e-04
38                                    -1.5372738013160608e-04
39                                     1.7798990485425178e-04
40                                    -1.4369103823209050e-03
41                                     1.8497803038234999e-04
42                                    -3.5181711020543086e-04
43                                     5.8429500989493587e-04
44                                     1.0565538278499258e-04
45                                    -4.0661276228134979e-05
46                                    -5.1593642105343673e-06
47                                    -1.4498382615351843e-04
48                                     3.0346702132305614e-04
49                                     1.7577741255241780e-04
50                                    -4.0215006915455057e-04
51                                    -1.8039486023788132e-06
52                                     1.2284735890682585e-05
53                                     8.8591214182797209e-05
54                                     3.5909884778238810e-04
55                                    -2.2037873452874363e-04
56                                    -4.3888647394864366e-04
57                                     5.1024090506248537e-06
58                                     3.6295119749623836e-04
59                                     4.0495598703485514e-04
60                                    -4.0878367372945701e-04
61                                    -4.0084806923843495e-04
62                                     6.3711941517086146e-04
63                                    -5.4729323236829552e-05
64                                     2.2791813703122894e-04
65                                    -2.1114692428975991e-04
66                                    -1.2980241955670019e-05
67                                    -8.4504779408710318e-05
68                                    -2.4569396819716736e-05
69                                     2.8854726554141535e-04
70                                    -3.1023003884961611e-05
71                                     1.7387579867320264e-04
72                                    -1.9346070007785279e-04
73                                     5.8573842440720614e-06
74                                    -3.9041423801958880e-05
75                                    -5.2765375903561507e-06
76                                    -2.1321028508866635e-05
77                                     1.6856372089656818e-06
78                                     1.0433482675802769e-04
79                                     6.2156541024743078e-05
80                                     4.0808364594514552e-06
$End
$Geometry
   &GeometryIndex 65
   &ListStatus       OUT
   &NATOMS [&Type "Integer"] 27
   &NCORELESSECP [&Type "Integer"] 0
   &NGHOSTATOMS [&Type "Integer"] 0
   &CartesianCoordinates [&Type "Coordinates", &Dim(27,4), &Units "Bohr"] 
              S      4.117301003090    4.807513236539   -2.559984384844
              O      2.201939065124    5.743422318016    4.252455527519
              O     -0.521207966935    3.368251579839    2.016603920231
              N      3.653160286396   -0.222347256209    3.311808938273
              C      3.911572992115    2.231487307416    2.044846549565
              C      4.016352895413    1.838237744025   -0.797314761221
              C      1.617505363768    3.809636595160    2.709519984255
              H      5.604855099640    3.286997042540    2.634074576222
              H      5.686498990317    0.693815537255   -1.224609108709
              H      2.342012501841    0.786166325984   -1.385035553406
              H      3.848468195602    0.020538467410    5.213685208279
              H      5.155310166837   -1.307407551536    2.782855223258
              H      0.635421363150    6.644336608580    4.622233786395
              Cu     7.026746275445    6.840405570705   -0.631908351971
              S      9.709122305103    9.066859730072    1.403049405579
              O      9.571574033622   14.003846255696    6.093004058496
              O      6.159747817410   11.571777091565    6.787418772433
              N     10.136556216591    8.417776828481    9.066364102873
              C     10.281364484545    9.595230473807    6.562084118130
              C      9.521858782010    7.674812302747    4.565493721955
              C      8.422597413553   11.774105979495    6.492178480264
              H     12.160508196534   10.338325832665    6.105841148333
              H     10.797486446438    6.049911527687    4.701630675708
              H      7.603265324461    7.022374034804    4.969405511714
              H     10.866167525837    9.619435464638   10.381093821422
              H     11.299610518459    6.883777944312    9.062413228770
              H      8.261767962352   15.302588155889    6.071997311115
$End
$SCF_Energy
   &GeometryIndex 65
   &ListStatus       IN
   &SCF_ENERGY [&Type "Double"]      -3.0770600959965541e+03
$End
$Solvation_Details
   &GeometryIndex 65
   &ListStatus       IN
   &SOLVENT [&Type "String"] "WATER"
   &EPSILON [&Type "Double"]       8.0150999999999996e+01
   &REFRAC [&Type "Double"]       1.3328000000000000e+00
   &RSOLV [&Type "Double"]       1.3000000000000000e+00
   &SURFACETYPE [&Type "String"] "GAUSSIAN VDW"
   &NPOINTS [&Type "Integer"] 2499
   &SURFACEAREA [&Type "Double"]       1.0715167960130000e+03
   &CPCMDIELENERGY [&Type "Double"]      -1.3232562800000000e-01
$End
$MP2_Energies
   &GeometryIndex 65
   &ListStatus       IN
   &REFENERGY [&Type "Double"]      -3.0770600959965541e+03  "Reference Energy"
   &CORRENERGY [&Type "Double"]      -3.3934153308064232e+00  "MP2 correlation energy"
   &TOTALENERGY [&Type "Double"]      -3.0804535113273605e+03  "MP2 total energy"
$End
$MP2_Nuc_Gradient
   &GeometryIndex 65
   &ListStatus       IN
   &NATOMS [&Type "Integer"] 81
   &GRADNORM [&Type "Double"]       2.6712542360038277e-03
   &GRAD [&Type "ArrayOfDoubles", &Dim (81,1)] 
                                                         0

0                                     -1.1085385804942161e-04
1                                      4.7956921973846267e-04
2                                     -3.9329235021981750e-04
3                                     -1.0248982052911415e-04
4                                     -1.7397273610548006e-04
5                                     -1.0245497650048646e-05
6                                     -1.0589485608131222e-04
7                                      2.6545208136238146e-04
8                                     -2.0958824595476017e-04
9                                     -5.7768995229495745e-05
10                                     9.7002862924950792e-05
11                                     1.7911815390745170e-05
12                                     1.7631250492362513e-04
13                                    -2.6232398637526799e-05
14                                    -6.1763537452406980e-04
15                                    -4.1064717435281527e-04
16                                    -2.3841850982963750e-04
17                                     4.5356242106604078e-04
18                                    -2.6951626454274624e-05
19                                     2.7806487372271371e-04
20                                     1.2088149859344061e-04
21                                    -1.6598065462359798e-04
22                                     2.3610045385386719e-04
23                                    -1.1305000063435711e-04
24                                     1.2013776953808536e-04
25                                    -2.3669233186723870e-05
26                                     3.0959627236371891e-05
27                                     8.0849347312453995e-05
28                                     1.6264996489632338e-05
29                                     8.8879459263502270e-05
30                                     1.1737852712282956e-04
31                                    -2.0394580082167251e-04
32                                     1.9440389687500059e-05
33                                     1.4571264001107115e-04
34                                     1.1962153597184361e-05
35                                     8.4842711846952815e-05
36                                     2.1008053845585073e-04
37                                    -2.2004708253626701e-04
38                                    -1.5898842696863112e-04
39                                     1.3300983796109300e-04
40                                    -1.5604889571368282e-03
41                                     3.1474430012171269e-04
42                                    -4.9932048871612501e-04
43                                     7.4563831882817205e-04
44                                     1.5717500983662182e-04
45                                    -9.8843728391709296e-06
46                                     4.2578311170094613e-05
47                                    -1.4313598995926557e-04
48                                     2.9886492792596808e-04
49                                     1.2570393806473484e-04
50                                    -4.1086437496125512e-04
51                                    -7.5506795562604867e-06
52                                     3.5500094162445577e-05
53                                     9.6423408241659223e-05
54                                     3.9259703778291369e-04
55                                    -2.3131987063138015e-04
56                                    -5.1750657632666092e-04
57                                     4.5911322328456503e-05
58                                     2.5647269383273497e-04
59                                     2.5531039827943885e-04
60                                    -3.8013195693996360e-04
61                                    -3.8734555264477791e-04
62                                     7.0294289343156291e-04
63                                    -4.7908275790958799e-05
64                                     1.7138759185795702e-04
65                                    -2.0776817393960631e-04
66                                    -1.5238274860628065e-05
67                                    -8.6979634225690244e-05
68                                    -1.2963634523160093e-05
69                                     2.0763337542079041e-04
70                                     2.3461448713400432e-05
71                                     1.7644834902096063e-04
72                                    -1.8396822231700471e-04
73                                     3.6956879296418110e-05
74                                    -3.6754813664007652e-05
75                                    -3.8246355458265713e-05
76                                    -1.8219049222237271e-05
77                                     3.6538561567432768e-05
78                                     8.2604496237752290e-05
79                                     5.4552953506221274e-05
80                                    -3.1514542028629401e-06
$End
$Geometry
   &GeometryIndex 66
   &ListStatus       OUT
   &NATOMS [&Type "Integer"] 27
   &NCORELESSECP [&Type "Integer"] 0
   &NGHOSTATOMS [&Type "Integer"] 0
   &CartesianCoordinates [&Type "Coordinates", &Dim(27,4), &Units "Bohr"] 
              S      4.098052271487    4.945953755430   -2.470182954234
              O      2.369740588255    5.642589857895    4.432080706832
              O     -0.463211363247    3.399919586670    2.193195171684
              N      3.646724502631   -0.313691552556    3.206108846844
              C      3.942319027930    2.184560927815    2.044066792934
              C      3.971901922615    1.913687610868   -0.818240544395
              C      1.703165714062    3.778820702722    2.834961836237
              H      5.676066401708    3.170125885371    2.636463401613
              H      5.604752576858    0.750738210758   -1.330628280798
              H      2.263028985088    0.926247539528   -1.419266805161
              H      3.888026846616   -0.155958661157    5.111719912534
              H      5.106686331041   -1.412448840369    2.595623367389
              H      0.831384676091    6.555125045375    4.886026736417
              Cu     7.088708830818    6.890189560353   -0.599465128475
              S      9.859949218917    9.014676443645    1.409415406938
              O      9.641175420073   14.016254874188    5.963149264474
              O      6.154558402350   11.683739188350    6.626767002824
              N      9.963430399665    8.471051723744    9.091924887181
              C     10.232318760794    9.603449238713    6.576690873310
              C      9.509773898752    7.668924681750    4.577003687587
              C      8.429961582534   11.824663585560    6.391670093749
              H     12.146663419149   10.291293751613    6.186605866153
              H     10.736839883336    6.015381042165    4.789412256800
              H      7.558259246514    7.073423353152    4.908073690797
              H     10.680443172420    9.674493544095   10.412281909831
              H     11.086434942976    6.908599035619    9.153236265814
              H      8.360407599289   15.340065056283    5.862511645758
$End
$SCF_Energy
   &GeometryIndex 66
   &ListStatus       IN
   &SCF_ENERGY [&Type "Double"]      -3.0770594674783356e+03
$End
$Solvation_Details
   &GeometryIndex 66
   &ListStatus       IN
   &SOLVENT [&Type "String"] "WATER"
   &EPSILON [&Type "Double"]       8.0150999999999996e+01
   &REFRAC [&Type "Double"]       1.3328000000000000e+00
   &RSOLV [&Type "Double"]       1.3000000000000000e+00
   &SURFACETYPE [&Type "String"] "GAUSSIAN VDW"
   &NPOINTS [&Type "Integer"] 2521
   &SURFACEAREA [&Type "Double"]       1.0689954815920000e+03
   &CPCMDIELENERGY [&Type "Double"]      -1.3214845500000000e-01
$End
$MP2_Energies
   &GeometryIndex 66
   &ListStatus       IN
   &REFENERGY [&Type "Double"]      -3.0770594674783356e+03  "Reference Energy"
   &CORRENERGY [&Type "Double"]      -3.3941175669554355e+00  "MP2 correlation energy"
   &TOTALENERGY [&Type "Double"]      -3.0804535850452912e+03  "MP2 total energy"
$End
$MP2_Nuc_Gradient
   &GeometryIndex 66
   &ListStatus       IN
   &NATOMS [&Type "Integer"] 81
   &GRADNORM [&Type "Double"]       3.2588963833834602e-03
   &GRAD [&Type "ArrayOfDoubles", &Dim (81,1)] 
                                                         0

0                                      7.5696625725963848e-04
1                                      8.7122375759669628e-04
2                                      2.8017200409376566e-05
3                                      2.5451051957576382e-04
4                                     -4.5835576416197038e-05
5                                      2.5643749709456168e-04
6                                     -7.3875991247820960e-05
7                                      8.3581593670431498e-05
8                                      5.8103150543525883e-06
9                                     -1.7384792531621035e-04
10                                     5.5733974067999001e-04
11                                    -3.1224482751980413e-04
12                                     1.7741086051296928e-04
13                                    -5.4377985120271605e-04
14                                     1.0158513294957205e-03
15                                    -7.9003104518700178e-04
16                                    -4.6964378139730326e-04
17                                     1.0282723731890736e-04
18                                     3.0306412100813973e-04
19                                    -4.5801835425536216e-04
20                                    -3.8510931091810877e-04
21                                    -6.5025728663216376e-05
22                                     2.1134808967348748e-04
23                                    -7.2928170244547508e-05
24                                    -3.2987589027796971e-06
25                                    -5.5083493589676985e-05
26                                     5.6193710418289688e-05
27                                     9.6858348373290298e-05
28                                     5.2782473097916227e-05
29                                    -5.5374741260605549e-04
30                                    -6.9733506375028054e-05
31                                     2.3858514891458328e-04
32                                     5.4277845071358521e-05
33                                    -1.9216102231465332e-05
34                                     1.8254201863863312e-04
35                                    -8.8106900738847346e-05
36                                    -8.4884699679883824e-05
37                                    -6.6885190898473279e-05
38                                    -1.7242172587798865e-05
39                                    -1.0529450533136630e-05
40                                    -1.1281789383374053e-03
41                                     4.7729577570949488e-04
42                                    -8.3397782320734524e-04
43                                     9.6137284168102723e-04
44                                     3.8243061437821801e-04
45                                     4.8713857249534087e-05
46                                     3.9571876982008765e-04
47                                    -2.3941676795452820e-04
48                                    -1.8952521817684753e-04
49                                     4.0781170171273057e-05
50                                    -1.8742185946915048e-04
51                                     1.0940520900380030e-04
52                                     5.4845512316705966e-05
53                                     1.2357822176598844e-04
54                                     1.9164219631658680e-04
55                                    -1.2787348511664881e-04
56                                    -5.1126155558613856e-04
57                                     4.4973404859192934e-04
58                                    -6.7407396560388577e-04
59                                    -7.2905920037290295e-04
60                                    -1.9575445480890519e-04
61                                    -2.1529178335395575e-04
62                                     4.8176545289903977e-04
63                                    -3.9988433705187565e-05
64                                    -1.4921557650829885e-04
65                                    -4.7976989350364575e-05
66                                    -6.3503472432877017e-05
67                                    -8.6616907054117009e-05
68                                     4.3792075947375088e-05
69                                    -1.9259275448145485e-04
70                                     1.7136147758978204e-04
71                                     1.1218165778722859e-04
72                                    -2.8119644541321417e-05
73                                     9.0223502171804526e-05
74                                    -3.4690790679303696e-05
75                                     3.2996601050973295e-06
76                                     4.7717530814617160e-05
77                                     2.6436660102984550e-05
78                                    -3.6038285255939051e-05
79                                     2.8067054205736797e-05
80                                    -5.6249688705250784e-05
$End
$Geometry
   &GeometryIndex 67
   &ListStatus       OUT
   &NATOMS [&Type "Integer"] 27
   &NCORELESSECP [&Type "Integer"] 0
   &NGHOSTATOMS [&Type "Integer"] 0
   &CartesianCoordinates [&Type "Coordinates", &Dim(27,4), &Units "Bohr"] 
              S      3.899121761423    5.084565865163   -2.425337442961
              O      2.457455499162    5.624827182597    4.491824836340
              O     -0.414648355342    3.284238574634    2.404657219975
              N      3.810686527937   -0.332421390930    3.124185233044
              C      4.006025979780    2.201334091126    2.018329954697
              C      3.915752127415    2.009636579802   -0.850195810966
              C      1.769817905887    3.733700210764    2.936442188840
              H      5.745206465112    3.202541418325    2.565751802626
              H      5.548925243611    0.894930134931   -1.460635638346
              H      2.204894891538    1.003560723667   -1.414254254889
              H      4.135079558623   -0.223216931343    5.021139310720
              H      5.259911713908   -1.389285036766    2.420179621821
              H      0.920670033098    6.496051824196    5.026375295534
              Cu     6.999773122173    6.859193440624   -0.562719403632
              S      9.899097235433    8.831280517289    1.446807052952
              O      9.799863998980   13.979158854459    5.781392091002
              O      6.207453217836   11.834334968425    6.520999374303
              N      9.780485232633    8.533430441191    9.148782622145
              C     10.178487982542    9.570991866545    6.612385354912
              C      9.419868145792    7.609350325261    4.649127985330
              C      8.489633645367   11.864375204306    6.293042080987
              H     12.134712527718   10.155593957314    6.265084028221
              H     10.561008813065    5.906565685465    4.939198218879
              H      7.435305836918    7.111309836106    4.942811034066
              H     10.518099388472    9.739706070951   10.455646352950
              H     10.819556175851    6.918960097439    9.292993772206
              H      8.585318583790   15.357160636041    5.607193029885
$End
$SCF_Energy
   &GeometryIndex 67
   &ListStatus       IN
   &SCF_ENERGY [&Type "Double"]      -3.0770589951686820e+03
$End
$Solvation_Details
   &GeometryIndex 67
   &ListStatus       IN
   &SOLVENT [&Type "String"] "WATER"
   &EPSILON [&Type "Double"]       8.0150999999999996e+01
   &REFRAC [&Type "Double"]       1.3328000000000000e+00
   &RSOLV [&Type "Double"]       1.3000000000000000e+00
   &SURFACETYPE [&Type "String"] "GAUSSIAN VDW"
   &NPOINTS [&Type "Integer"] 2498
   &SURFACEAREA [&Type "Double"]       1.0617329969739999e+03
   &CPCMDIELENERGY [&Type "Double"]      -1.3223722299999999e-01
$End
$MP2_Energies
   &GeometryIndex 67
   &ListStatus       IN
   &REFENERGY [&Type "Double"]      -3.0770589951686820e+03  "Reference Energy"
   &CORRENERGY [&Type "Double"]      -3.3944237974816436e+00  "MP2 correlation energy"
   &TOTALENERGY [&Type "Double"]      -3.0804534189661636e+03  "MP2 total energy"
$End
$MP2_Nuc_Gradient
   &GeometryIndex 67
   &ListStatus       IN
   &NATOMS [&Type "Integer"] 81
   &GRADNORM [&Type "Double"]       7.0772638857913017e-03
   &GRAD [&Type "ArrayOfDoubles", &Dim (81,1)] 
                                                         0

0                                     -1.0609765862054513e-03
1                                      1.3039393442542298e-03
2                                     -1.2184786219499727e-03
3                                     -3.5424990571828602e-04
4                                      5.7585646898464411e-04
5                                      3.0385311472061471e-04
6                                     -1.0401590218747092e-03
7                                     -5.5795653339907325e-04
8                                     -5.5978312596413615e-04
9                                      1.7683022539037585e-05
10                                     5.8162165410042752e-04
11                                    -1.1981256814351179e-04
12                                     8.9788333810774008e-04
13                                    -5.4293903040048995e-04
14                                     1.8001438564499428e-04
15                                     2.7842227855937214e-04
16                                     7.5969376100918848e-04
17                                     1.1858946241528057e-03
18                                     1.9223336517715101e-03
19                                    -2.6238822413877927e-05
20                                    -1.3715051345989694e-04
21                                    -1.3980767155072696e-04
22                                    -1.0823686150733536e-04
23                                    -1.0464409258521129e-05
24                                    -6.2788697001218280e-05
25                                    -2.8579112806468784e-04
26                                     3.2601661331733631e-04
27                                     8.8001080358751649e-05
28                                     7.1519877047738351e-04
29                                    -1.4450941693862161e-03
30                                    -2.0034221417732610e-05
31                                    -3.8870971829046801e-06
32                                     1.6330808041808281e-04
33                                     3.3093459994665286e-05
34                                    -7.7601854285368199e-05
35                                     3.5275821476884323e-05
36                                    -4.5114236936955043e-05
37                                     3.2356080512023835e-04
38                                     4.1875833075166215e-04
39                                    -1.1651079427437527e-03
40                                    -3.8003805360167816e-03
41                                     6.2253443014222490e-04
42                                     1.1432005150818466e-04
43                                     1.8997586354140006e-03
44                                     9.7383236380233981e-04
45                                    -3.6544617355647319e-04
46                                     7.5600512316188924e-04
47                                    -3.5463526444597451e-06
48                                    -1.1542669906281222e-03
49                                    -3.8420028620823974e-04
50                                     8.3940520776556657e-04
51                                     2.0078346071406017e-04
52                                     1.5264356461268565e-04
53                                    -4.9674697820060489e-04
54                                    -2.6983054930530478e-04
55                                    -2.3500004577826569e-04
56                                     1.0418082761845943e-03
57                                     6.7872606942883350e-04
58                                    -3.8345808462109804e-04
59                                    -3.4459380003230844e-04
60                                     1.7093868036439225e-03
61                                    -4.1109405210040112e-04
62                                    -1.8017741340831395e-03
63                                    -1.5228259154604490e-04
64                                    -1.0490505972706246e-04
65                                     3.1707087472862983e-04
66                                    -2.7905369292735224e-04
67                                    -2.8517158059556194e-04
68                                    -1.0162854333860098e-04
69                                    -3.3488821048765355e-04
70                                     4.8801292774694471e-06
71                                    -2.1426560211564982e-04
72                                     1.0837286006746757e-04
73                                     1.1685711104764823e-04
74                                     1.6128151257019038e-04
75                                     5.0979047383561960e-05
76                                    -9.4360161588639968e-05
77                                     1.7807490876448951e-04
78                                     4.8264881358332790e-05
79                                     5.5650501810473180e-04
80                                    -7.6019916445374536e-05
$End
$Geometry
   &GeometryIndex 68
   &ListStatus       OUT
   &NATOMS [&Type "Integer"] 27
   &NCORELESSECP [&Type "Integer"] 0
   &NGHOSTATOMS [&Type "Integer"] 0
   &CartesianCoordinates [&Type "Coordinates", &Dim(27,4), &Units "Bohr"] 
              S      3.959141175553    5.089052044670   -2.374419125481
              O      2.528347172761    5.479746989803    4.589322107784
              O     -0.421637115075    3.337624198310    2.404070238236
              N      3.702625359334   -0.461155546648    3.034421416544
              C      3.962100297969    2.099894065960    1.992866259673
              C      3.854395485863    1.978566784118   -0.875876395212
              C      1.774050660921    3.671446329558    2.968197945935
              H      5.733055979312    3.035934544715    2.553399361945
              H      5.442517150273    0.821390528717   -1.523934480314
              H      2.103658892987    1.044986341211   -1.441456203248
              H      4.043113098165   -0.414648236671    4.930494542023
              H      5.115374694765   -1.540242128050    2.290500654683
              H      1.022729911704    6.391309650011    5.143923479224
              Cu     7.085915284642    6.869391298432   -0.547622608805
              S     10.000149817087    8.836191373541    1.438376548177
              O      9.859745032807   14.076181985930    5.887058224540
              O      6.230525058661   11.926279980535    6.380146027131
              N      9.747985876481    8.628808505559    9.150879661561
              C     10.195162183104    9.656940821620    6.617361992976
              C      9.471035629924    7.677302816805    4.659765370971
              C      8.519796519603   11.953709584721    6.268653238522
              H     12.158469772585   10.237993415263    6.301356407354
              H     10.612586026635    5.983465783789    4.994042642996
              H      7.486045118473    7.173295335622    4.932226442584
              H     10.465710956960    9.836547082120   10.466707579442
              H     10.779479410642    7.011637748755    9.316671734956
              H      8.655483806586   15.460223849184    5.694072846443
$End
$SCF_Energy
   &GeometryIndex 68
   &ListStatus       IN
   &SCF_ENERGY [&Type "Double"]      -3.0770603812661393e+03
$End
$Solvation_Details
   &GeometryIndex 68
   &ListStatus       IN
   &SOLVENT [&Type "String"] "WATER"
   &EPSILON [&Type "Double"]       8.0150999999999996e+01
   &REFRAC [&Type "Double"]       1.3328000000000000e+00
   &RSOLV [&Type "Double"]       1.3000000000000000e+00
   &SURFACETYPE [&Type "String"] "GAUSSIAN VDW"
   &NPOINTS [&Type "Integer"] 2508
   &SURFACEAREA [&Type "Double"]       1.0705057192060001e+03
   &CPCMDIELENERGY [&Type "Double"]      -1.3214151099999999e-01
$End
$MP2_Energies
   &GeometryIndex 68
   &ListStatus       IN
   &REFENERGY [&Type "Double"]      -3.0770603812661393e+03  "Reference Energy"
   &CORRENERGY [&Type "Double"]      -3.3932951868146031e+00  "MP2 correlation energy"
   &TOTALENERGY [&Type "Double"]      -3.0804536764529539e+03  "MP2 total energy"
$End
$MP2_Nuc_Gradient
   &GeometryIndex 68
   &ListStatus       IN
   &NATOMS [&Type "Integer"] 81
   &GRADNORM [&Type "Double"]       4.6987405606603860e-03
   &GRAD [&Type "ArrayOfDoubles", &Dim (81,1)] 
                                                         0

0                                      1.0458067918499465e-05
1                                      6.6379823749347991e-04
2                                     -2.6491273151176865e-04
3                                     -2.7650287029632598e-04
4                                      7.4009925371143481e-04
5                                     -9.7670184282000472e-05
6                                     -1.4447385917334965e-04
7                                      5.3736834512432483e-04
8                                     -7.9096098015584565e-04
9                                      2.1013064972912748e-04
10                                    -3.7370633893331340e-04
11                                     4.3059817645391997e-04
12                                     3.6017061189597653e-04
13                                     8.9783668989102013e-04
14                                    -1.4169954855391756e-03
15                                    -8.1675666099909755e-04
16                                    -2.7853504594800918e-04
17                                     5.4601534634629578e-04
18                                    -8.6651421840638898e-05
19                                    -1.0174003520435349e-03
20                                     1.5933139528049485e-03
21                                    -1.5490798340213330e-05
22                                    -8.3602887298445117e-05
23                                    -2.8217434653894993e-04
24                                     2.1596692632012970e-05
25                                    -8.2351554657536519e-06
26                                    -2.8524011547372691e-05
27                                     8.2200394811538652e-05
28                                    -4.8297619965062891e-05
29                                    -3.0084318006290064e-04
30                                    -2.2577393975489572e-05
31                                    -2.1997061498240647e-04
32                                    -2.7473983355938425e-05
33                                     1.3891803811103345e-04
34                                    -3.1026422341781656e-04
35                                     4.4878600123688522e-05
36                                     1.7587865490407972e-05
37                                     6.5266766437095669e-05
38                                     1.2813552036084787e-04
39                                    -1.1059784933047708e-06
40                                    -1.5082305712851790e-03
41                                     2.5253103141787032e-04
42                                    -4.7041064687630089e-05
43                                     9.2215671205308353e-04
44                                    -3.2635107314785486e-04
45                                    -1.8047942123091548e-04
46                                     4.6529557258674983e-05
47                                     7.1881850309373852e-04
48                                    -1.8622225962713901e-04
49                                     6.9490489170050129e-07
50                                     6.2507087011565762e-04
51                                     1.3876141576577017e-04
52                                    -1.1036814911838735e-04
53                                    -3.0826772342590347e-04
54                                    -2.8273901529632904e-04
55                                     5.6936962296737226e-04
56                                     1.6747987862896080e-03
57                                     3.6114296301557186e-04
58                                    -7.9863563532574233e-05
59                                    -9.3958190245824191e-05
60                                     6.8315134424666579e-04
61                                     4.9245986150518728e-05
62                                    -1.8314549147782425e-03
63                                     3.5789592550683480e-05
64                                     7.5354989323733745e-05
65                                     7.9962767063479837e-05
66                                    -2.5764255424308782e-04
67                                    -3.4586120984426982e-05
68                                    -1.5106134578190579e-05
69                                     5.2405286577676680e-05
70                                    -8.1558028017302692e-05
71                                    -1.4514333429248814e-05
72                                    -2.3386956824278035e-05
73                                    -2.5210840399712831e-05
74                                    -5.2938735395594017e-05
75                                     2.9449507702394850e-05
76                                    -5.7951941870713897e-05
77                                     2.4306043855166657e-05
78                                    -4.0325169459162757e-05
79                                     7.1157230797494475e-05
80                                     2.5148085225574004e-06
$End
$Geometry
   &GeometryIndex 69
   &ListStatus       OUT
   &NATOMS [&Type "Integer"] 27
   &NCORELESSECP [&Type "Integer"] 0
   &NGHOSTATOMS [&Type "Integer"] 0
   &CartesianCoordinates [&Type "Coordinates", &Dim(27,4), &Units "Bohr"] 
              S      4.009739745707    5.140344827335   -2.350743297726
              O      2.643013301896    5.544384672376    4.639719087680
              O     -0.363136571837    3.433764145561    2.505003374470
              N      3.708946247193   -0.393258812452    3.070904355918
              C      4.005074756436    2.160615953600    2.026868216725
              C      3.885669437718    2.035262120965   -0.841717171204
              C      1.845799953361    3.761762098053    3.012077681169
              H      5.791034468547    3.073263360277    2.580455928218
              H      5.461599310627    0.863618764623   -1.492735467374
              H      2.124239822358    1.112846384035   -1.391280128708
              H      4.058707460924   -0.347508672965    4.965214867351
              H      5.103822869196   -1.490641137545    2.321792171946
              H      1.151652999758    6.460869887300    5.222734974219
              Cu     7.138694448157    6.897720911169   -0.550428884398
              S     10.044234496261    8.833707383684    1.410618641157
              O      9.751334161998   14.006615206661    5.846954222675
              O      6.144565003883   11.809789587719    6.283052680497
              N      9.671901191072    8.543137031013    9.110721969399
              C     10.141794352305    9.599228792997    6.591145836672
              C      9.480482365489    7.627629741460    4.607501556304
              C      8.434063963241   11.872297369588    6.241553833098
              H     12.099457118198   10.214286182132    6.305955002204
              H     10.648561646863    5.952423785607    4.944963455572
              H      7.500580352628    7.088902649126    4.847932677405
              H     10.350705899899    9.751379771138   10.446463631332
              H     10.727352612366    6.941963834626    9.277741505988
              H      8.527671844475   15.367469309496    5.618735190048
$End
$SCF_Energy
   &GeometryIndex 69
   &ListStatus       IN
   &SCF_ENERGY [&Type "Double"]      -3.0770580568638502e+03
$End
$Solvation_Details
   &GeometryIndex 69
   &ListStatus       IN
   &SOLVENT [&Type "String"] "WATER"
   &EPSILON [&Type "Double"]       8.0150999999999996e+01
   &REFRAC [&Type "Double"]       1.3328000000000000e+00
   &RSOLV [&Type "Double"]       1.3000000000000000e+00
   &SURFACETYPE [&Type "String"] "GAUSSIAN VDW"
   &NPOINTS [&Type "Integer"] 2503
   &SURFACEAREA [&Type "Double"]       1.0645666411469999e+03
   &CPCMDIELENERGY [&Type "Double"]      -1.3207345200000001e-01
$End
$MP2_Energies
   &GeometryIndex 69
   &ListStatus       IN
   &REFENERGY [&Type "Double"]      -3.0770580568638502e+03  "Reference Energy"
   &CORRENERGY [&Type "Double"]      -3.3955113961331236e+00  "MP2 correlation energy"
   &TOTALENERGY [&Type "Double"]      -3.0804535682599835e+03  "MP2 total energy"
$End
$MP2_Nuc_Gradient
   &GeometryIndex 69
   &ListStatus       IN
   &NATOMS [&Type "Integer"] 81
   &GRADNORM [&Type "Double"]       7.5788948675645793e-03
   &GRAD [&Type "ArrayOfDoubles", &Dim (81,1)] 
                                                         0

0                                      2.1482919929328298e-03
1                                      1.8390454470623534e-03
2                                      5.6387407810993152e-04
3                                      1.7884779937990536e-04
4                                     -7.1499666020542925e-04
5                                      4.4590431802336156e-04
6                                      6.5345479835703102e-04
7                                     -3.0767699226537382e-04
8                                      1.1036659753037442e-03
9                                      3.6280772976411690e-05
10                                    -3.0445780823668868e-04
11                                     1.0336796623936807e-04
12                                     3.7737518721081206e-05
13                                    -8.5477214543532715e-05
14                                     3.4842613037101150e-04
15                                    -8.0032114245515498e-04
16                                    -1.6421160383876462e-04
17                                     1.9633881578540874e-04
18                                    -9.5387343658415169e-04
19                                     1.5627225958888581e-03
20                                    -1.9205098787917728e-03
21                                     2.0085891639069070e-04
22                                     2.0385114633756501e-04
23                                    -1.4187447945025397e-04
24                                     6.0626783107496640e-05
25                                     1.0978009345785633e-04
26                                     1.0881417463408372e-04
27                                     1.7999142223579928e-04
28                                    -6.5027627932735810e-05
29                                     1.0312464628010540e-04
30                                    -3.9962960242147239e-05
31                                    -7.3072833281645488e-06
32                                    -6.9675740924861340e-05
33                                    -5.9556483839155044e-05
34                                     7.4082598463070387e-05
35                                     3.6156218209959512e-06
36                                    -2.7276524709622663e-05
37                                    -3.4497550315635075e-04
38                                    -1.8045676104489969e-04
39                                     7.7344725208224486e-04
40                                    -9.1507879276609468e-04
41                                     1.7433889260137026e-03
42                                    -2.2996947224221296e-03
43                                    -1.6883953234543038e-04
44                                    -1.5741226552234127e-03
45                                     1.2178208036932314e-04
46                                    -5.1412069983279574e-04
47                                    -9.5072980285026932e-04
48                                     8.2821686159095798e-04
49                                    -2.5309084290143710e-05
50                                    -1.6748837154546606e-03
51                                    -1.9978446551924961e-04
52                                     1.1785711411911332e-04
53                                     1.4938282007462798e-04
54                                     2.4649492421846206e-04
55                                    -8.3748160851351144e-05
56                                    -1.2640782846823906e-03
57                                     1.4928762466031101e-04
58                                    -4.8574379030769110e-04
59                                    -5.7260565146090986e-04
60                                    -1.0700877583182666e-03
61                                     9.6272988326053140e-04
62                                     4.0754893042618829e-03
63                                     4.4027421578898829e-05
64                                    -1.0139076952391662e-05
65                                    -2.8412428416172038e-04
66                                    -1.5183208868563280e-04
67                                     1.0275512978868279e-05
68                                     7.4416285537074779e-05
69                                    -4.6829757415559059e-05
70                                     2.4583132245736827e-05
71                                     1.7166831601774912e-04
72                                    -6.7297765229758916e-05
73                                    -4.9344526965269808e-05
74                                    -1.2626420076776793e-04
75                                    -4.5009646919107194e-06
76                                     1.3395552868521177e-04
77                                    -1.7413338662598549e-04
78                                    -1.1057438233370159e-04
79                                    -3.6470847979439003e-04
80                                     4.8147508114107333e-05
$End
$Geometry
   &GeometryIndex 70
   &ListStatus       OUT
   &NATOMS [&Type "Integer"] 27
   &NCORELESSECP [&Type "Integer"] 0
   &NGHOSTATOMS [&Type "Integer"] 0
   &CartesianCoordinates [&Type "Coordinates", &Dim(27,4), &Units "Bohr"] 
              S      4.004567554654    5.098442123845   -2.392822607317
              O      2.594563737163    5.646357321633    4.550922130933
              O     -0.384586270565    3.462328109663    2.448416607283
              N      3.693960747297   -0.338868521857    3.123824186334
              C      3.988995298997    2.195217817072    2.035043107586
              C      3.887107601765    2.019206674573   -0.832854106565
              C      1.818764679140    3.810636377061    2.972347337184
              H      5.768859655259    3.120607683075    2.585842635641
              H      5.469162118948    0.841218724953   -1.457584446878
              H      2.131108653144    1.083335768047   -1.378404255657
              H      4.032754115418   -0.257975899324    5.019156359709
              H      5.094771373351   -1.447942556961    2.403393262926
              H      1.098230446867    6.578747644038    5.095951319765
              Cu     7.140048718590    6.876692033354   -0.585415258335
              S     10.057570983129    8.825306123383    1.404989855354
              O      9.610138806772   13.985373822935    5.870456606872
              O      6.094907549384   11.651671407125    6.359265019945
              N      9.763347078130    8.509884018577    9.110645223599
              C     10.171093058139    9.587317901886    6.590137483201
              C      9.560491562573    7.598908763458    4.605820885592
              C      8.380236275666   11.798007987907    6.258532696463
              H     12.103290369245   10.272297781510    6.292221634795
              H     10.784219735546    5.960553960128    4.928081442086
              H      7.600630450526    6.994921036433    4.855677876234
              H     10.411741818850    9.737764537909   10.444065264975
              H     10.874216920756    6.945177705885    9.265402573064
              H      8.337370219977   15.306686801273    5.678093075848
$End
$SCF_Energy
   &GeometryIndex 70
   &ListStatus       IN
   &SCF_ENERGY [&Type "Double"]      -3.0770597347878834e+03
$End
$Solvation_Details
   &GeometryIndex 70
   &ListStatus       IN
   &SOLVENT [&Type "String"] "WATER"
   &EPSILON [&Type "Double"]       8.0150999999999996e+01
   &REFRAC [&Type "Double"]       1.3328000000000000e+00
   &RSOLV [&Type "Double"]       1.3000000000000000e+00
   &SURFACETYPE [&Type "String"] "GAUSSIAN VDW"
   &NPOINTS [&Type "Integer"] 2502
   &SURFACEAREA [&Type "Double"]       1.0662467700510001e+03
   &CPCMDIELENERGY [&Type "Double"]      -1.3215162499999999e-01
$End
$MP2_Energies
   &GeometryIndex 70
   &ListStatus       IN
   &REFENERGY [&Type "Double"]      -3.0770597347878834e+03  "Reference Energy"
   &CORRENERGY [&Type "Double"]      -3.3939716223710978e+00  "MP2 correlation energy"
   &TOTALENERGY [&Type "Double"]      -3.0804537064102547e+03  "MP2 total energy"
$End
$MP2_Nuc_Gradient
   &GeometryIndex 70
   &ListStatus       IN
   &NATOMS [&Type "Integer"] 81
   &GRADNORM [&Type "Double"]       2.5823644190956251e-03
   &GRAD [&Type "ArrayOfDoubles", &Dim (81,1)] 
                                                         0

0                                      1.7676843012111049e-04
1                                      7.5137241217027376e-04
2                                     -1.6809825692701025e-04
3                                     -1.3983439081002164e-04
4                                     -1.0451721358260488e-04
5                                      2.9059994095742905e-04
6                                     -2.2347564622375582e-04
7                                     -2.7442305506077819e-04
8                                      1.3897536237396022e-04
9                                      1.7151568231418141e-04
10                                     3.4024835515868851e-05
11                                    -6.3651748218691503e-06
12                                    -3.0352022870754752e-05
13                                    -4.4051552752425241e-05
14                                    -5.3054967109576745e-05
15                                    -4.7790893689075853e-04
16                                    -8.4573416327986956e-05
17                                     1.6070928082189545e-04
18                                     4.2415637424011998e-04
19                                     6.4872060268378329e-04
20                                    -6.9655169559880784e-04
21                                     7.1712887869463532e-05
22                                    -2.1440127259554631e-05
23                                     7.5810353011301554e-05
24                                     1.0290000879407263e-05
25                                     3.6159907902816313e-06
26                                    -6.7698879942157050e-05
27                                     6.7765120031787474e-05
28                                     1.2666400134234493e-05
29                                    -1.7589165024910550e-04
30                                    -2.7924433245549163e-05
31                                    -3.3538488109514236e-05
32                                     2.5846147646474416e-05
33                                    -4.5246915371412871e-05
34                                    -3.4189488475198232e-05
35                                     5.0670854206603944e-05
36                                    -7.4915649534684770e-05
37                                     1.1282021916364862e-04
38                                     1.6152542354844895e-04
39                                     8.7972958806329868e-06
40                                    -1.5803988626322952e-03
41                                     4.5693647917534330e-04
42                                    -2.6528637619995183e-04
43                                     8.6122854443266249e-04
44                                    -1.7624538480695909e-04
45                                    -1.6508751035785446e-04
46                                    -1.5963500366970862e-06
47                                    -2.6715997051630566e-05
48                                    -1.8098837364091680e-04
49                                    -3.0020915063417794e-04
50                                    -8.8282473388904756e-05
51                                     4.0571112441038781e-05
52                                     1.1515165342184264e-04
53                                    -2.2589752603016308e-04
54                                    -1.4235600932189021e-04
55                                     1.5661916862235586e-05
56                                     1.4247949086154676e-04
57                                     1.4331662957921612e-04
58                                     1.0994370759368974e-04
59                                    -1.4165614192207521e-06
60                                     4.7626080571214202e-04
61                                     1.8593228194248995e-04
62                                     3.7166216786116077e-04
63                                     5.7857259786603388e-06
64                                     2.7359557231298667e-05
65                                     3.8364690376740951e-05
66                                    -8.9419157872454996e-05
67                                    -1.2929395395399126e-04
68                                    -8.5629802478786807e-06
69                                     2.6668899352051689e-05
70                                    -1.1189655220034470e-05
71                                    -5.3653235584636728e-05
72                                    -2.9975414579698489e-06
73                                     1.8218566212493958e-05
74                                     6.8033723897069354e-05
75                                     8.6696159994313626e-06
76                                    -5.2801722686887653e-06
77                                     3.7839090207939224e-05
78                                     2.3639030687035156e-05
79                                     1.0746972060336757e-04
80                                     1.7907836269736785e-05
$End
$Geometry
   &GeometryIndex 71
   &ListStatus       OUT
   &NATOMS [&Type "Integer"] 27
   &NCORELESSECP [&Type "Integer"] 0
   &NGHOSTATOMS [&Type "Integer"] 0
   &CartesianCoordinates [&Type "Coordinates", &Dim(27,4), &Units "Bohr"] 
              S      3.943883346373    5.158759566890   -2.347939788896
              O      2.676268635729    5.602701360993    4.602528768601
              O     -0.348636922457    3.444354492926    2.539947566740
              N      3.738498266063   -0.382225475158    3.072383895133
              C      4.014063720609    2.172876049938    2.028200883148
              C      3.858135699518    2.052116213903   -0.840393176923
              C      1.863578135602    3.771033338155    3.038578931072
              H      5.804738820569    3.086855642953    2.561946232235
              H      5.429222573133    0.887389975198   -1.515149419292
              H      2.093221511570    1.123888277223   -1.370101079027
              H      4.116853679353   -0.339210064514    4.961382133101
              H      5.123435776419   -1.477138111824    2.301225228366
              H      1.194054025543    6.539992244920    5.175722364440
              Cu     7.119450444194    6.878469017478   -0.563801318035
              S     10.075197164186    8.766797630297    1.414883841787
              O      9.706224133177   13.989723187627    5.822428747570
              O      6.121859353998   11.760752949454    6.290109692487
              N      9.658612346985    8.549062747664    9.120746074716
              C     10.137556672272    9.587428809084    6.595911488829
              C      9.511335882958    7.591187432389    4.624470414736
              C      8.411013880106   11.840379361739    6.208884164746
              H     12.091534346078   10.219601313415    6.324558901530
              H     10.696596727516    5.932171628318    4.981783610823
              H      7.536535073533    7.030346368531    4.855887104317
              H     10.317151248802    9.773705404071   10.452019494302
              H     10.724391149306    6.957176474630    9.310785646749
              H      8.472787567586   15.343679311283    5.604205507384
$End
$SCF_Energy
   &GeometryIndex 71
   &ListStatus       IN
   &SCF_ENERGY [&Type "Double"]      -3.0770592472327235e+03
$End
$Solvation_Details
   &GeometryIndex 71
   &ListStatus       IN
   &SOLVENT [&Type "String"] "WATER"
   &EPSILON [&Type "Double"]       8.0150999999999996e+01
   &REFRAC [&Type "Double"]       1.3328000000000000e+00
   &RSOLV [&Type "Double"]       1.3000000000000000e+00
   &SURFACETYPE [&Type "String"] "GAUSSIAN VDW"
   &NPOINTS [&Type "Integer"] 2502
   &SURFACEAREA [&Type "Double"]       1.0644684973120000e+03
   &CPCMDIELENERGY [&Type "Double"]      -1.3210606699999999e-01
$End
$MP2_Energies
   &GeometryIndex 71
   &ListStatus       IN
   &REFENERGY [&Type "Double"]      -3.0770592472327235e+03  "Reference Energy"
   &CORRENERGY [&Type "Double"]      -3.3944615970646113e+00  "MP2 correlation energy"
   &TOTALENERGY [&Type "Double"]      -3.0804537088297880e+03  "MP2 total energy"
$End
$MP2_Nuc_Gradient
   &GeometryIndex 71
   &ListStatus       IN
   &NATOMS [&Type "Integer"] 81
   &GRADNORM [&Type "Double"]       4.3111363856968695e-03
   &GRAD [&Type "ArrayOfDoubles", &Dim (81,1)] 
                                                         0

0                                      3.6203034449491800e-04
1                                      1.1838138286950177e-03
2                                     -1.8431681906300526e-04
3                                     -4.4164884443850805e-05
4                                      4.9833394972219683e-04
5                                     -4.5224278197449411e-04
6                                      1.2465362316797790e-04
7                                      5.7528664070201005e-04
8                                     -7.9212820416031671e-04
9                                      3.6291447516670350e-06
10                                     1.3972095018633876e-04
11                                     2.1287040256597577e-04
12                                     2.2812291581173101e-04
13                                     5.0145922916738569e-04
14                                    -1.0121173279946868e-03
15                                    -4.5741011916351770e-06
16                                    -8.1571494299707836e-05
17                                     2.6377542407465815e-04
18                                    -2.1485141970842281e-04
19                                    -1.3881040703884028e-03
20                                     2.0733293903888120e-03
21                                     3.4431039197736768e-05
22                                    -7.9777220944529659e-06
23                                    -7.9889563348988640e-05
24                                    -4.8545494419034024e-05
25                                     2.5111433346575174e-05
26                                    -4.6892046815743757e-05
27                                     6.7307676387871884e-05
28                                     7.1121475442956217e-05
29                                    -1.9648034539595030e-04
30                                     2.8517702649489413e-06
31                                    -6.3780538505275788e-05
32                                    -2.7007843597062764e-05
33                                    -6.5242944770338429e-07
34                                     6.1328333190054790e-05
35                                     2.0004607794551349e-05
36                                     8.1662761627909752e-05
37                                    -1.8744220738334955e-05
38                                     9.9885674005699421e-06
39                                     7.6718330684130394e-05
40                                    -1.7999274118859604e-03
41                                     8.8609919998791468e-04
42                                    -6.1603091827289007e-04
43                                     5.0219006057805778e-04
44                                    -6.8257424271796728e-04
45                                    -2.0015590114454834e-04
46                                    -5.6305733797407803e-05
47                                     4.3628947644868375e-04
48                                     1.7251515085262015e-05
49                                     5.7282038371308380e-05
50                                     5.0497645094656467e-04
51                                     8.1220843073367965e-05
52                                    -9.7602805384388105e-05
53                                    -3.6366242446888436e-05
54                                    -7.1677292644373169e-05
55                                     1.1967350112857683e-04
56                                     6.0013136361597441e-04
57                                     1.5999298579250955e-04
58                                     9.8883403098191242e-05
59                                    -1.1747291921571784e-04
60                                     1.5962383228261545e-04
61                                     1.0414083531254392e-04
62                                    -1.2797139742564620e-03
63                                     9.9229727433119974e-06
64                                     1.0934665914570652e-05
65                                     2.7468652469463117e-05
66                                    -9.7886418641987549e-05
67                                    -2.3923067016463906e-05
68                                     1.4853012487489776e-05
69                                    -5.5881882183424214e-05
70                                    -3.8268313744985877e-05
71                                    -1.6854363422679278e-05
72                                    -1.5261932774280479e-05
73                                    -3.5732274053054680e-05
74                                     5.1151116820361692e-05
75                                    -2.4518910408260347e-05
76                                     1.3274074220588628e-05
77                                     5.6736476653222907e-05
78                                     1.0099451347438115e-05
79                                    -5.5423638077103932e-06
80                                     8.7418920989759848e-05
$End
$Geometry
   &GeometryIndex 72
   &ListStatus       OUT
   &NATOMS [&Type "Integer"] 27
   &NCORELESSECP [&Type "Integer"] 0
   &NGHOSTATOMS [&Type "Integer"] 0
   &CartesianCoordinates [&Type "Coordinates", &Dim(27,4), &Units "Bohr"] 
              S      3.934362668694    5.172460385115   -2.339862157653
              O      2.684259573949    5.562165598362    4.623234394555
              O     -0.354079518092    3.418936212104    2.564494837923
              N      3.723149872882   -0.410374905648    3.037290585245
              C      4.004788407245    2.152182763053    2.013714806249
              C      3.840760348511    2.054840389949   -0.855666985425
              C      1.862525492193    3.750390687423    3.041070578138
              H      5.799878675906    3.054870480697    2.551216884076
              H      5.404696429210    0.889166833737   -1.545258853762
              H      2.070058978254    1.137602794079   -1.385746679599
              H      4.107791527342   -0.384278316297    4.925343065274
              H      5.101347294159   -1.504268510621    2.252551546931
              H      1.206158306568    6.493341007870    5.216760335162
              Cu     7.123167148263    6.884666913673   -0.557434306331
              S     10.090924145584    8.759172114109    1.433656981220
              O      9.735371985127   14.004645937179    5.803544352062
              O      6.138816206863   11.792090026897    6.260442249035
              N      9.651029445822    8.584154262227    9.139671480574
              C     10.144124022970    9.605850265698    6.610756848948
              C      9.517981100384    7.601204411604    4.648125681599
              C      8.429215942760   11.864115916684    6.203730298941
              H     12.101780797974   10.228446026697    6.344157991587
              H     10.699579719909    5.941801781504    5.015712184503
              H      7.541632952434    7.045207616642    4.877384376651
              H     10.310228052278    9.813358236295   10.466433033048
              H     10.708448772768    6.988293705770    9.342952584390
              H      8.509564908766   15.361832512781    5.562929797299
$End
$SCF_Energy
   &GeometryIndex 72
   &ListStatus       IN
   &SCF_ENERGY [&Type "Double"]      -3.0770599282233907e+03
$End
$Solvation_Details
   &GeometryIndex 72
   &ListStatus       IN
   &SOLVENT [&Type "String"] "WATER"
   &EPSILON [&Type "Double"]       8.0150999999999996e+01
   &REFRAC [&Type "Double"]       1.3328000000000000e+00
   &RSOLV [&Type "Double"]       1.3000000000000000e+00
   &SURFACETYPE [&Type "String"] "GAUSSIAN VDW"
   &NPOINTS [&Type "Integer"] 2505
   &SURFACEAREA [&Type "Double"]       1.0664161738890000e+03
   &CPCMDIELENERGY [&Type "Double"]      -1.3208985700000000e-01
$End
$MP2_Energies
   &GeometryIndex 72
   &ListStatus       IN
   &REFENERGY [&Type "Double"]      -3.0770599282233907e+03  "Reference Energy"
   &CORRENERGY [&Type "Double"]      -3.3938365222873443e+00  "MP2 correlation energy"
   &TOTALENERGY [&Type "Double"]      -3.0804537647456782e+03  "MP2 total energy"
$End
$MP2_Nuc_Gradient
   &GeometryIndex 72
   &ListStatus       IN
   &NATOMS [&Type "Integer"] 81
   &GRADNORM [&Type "Double"]       2.3678143521617049e-03
   &GRAD [&Type "ArrayOfDoubles", &Dim (81,1)] 
                                                         0

0                                     -4.1546458607657870e-05
1                                      7.9879665905746057e-04
2                                     -4.9154936026701932e-04
3                                     -1.7671217949710716e-04
4                                      3.7102000977593669e-05
5                                      4.5425394086941878e-05
6                                     -9.8841878236374803e-05
7                                     -7.7330858203283198e-05
8                                     -6.3339662990612861e-05
9                                      1.1493613471322273e-04
10                                     1.0792845206790934e-04
11                                     7.4486135056364006e-05
12                                    -1.5686138734753718e-05
13                                     1.1950971690969335e-04
14                                    -3.2262965425630674e-04
15                                    -2.0472375018120055e-04
16                                    -9.7383897627610627e-05
17                                     1.6480638222446387e-04
18                                     2.0406354097031454e-04
19                                     1.3305580530457994e-04
20                                     3.0916921475851802e-04
21                                    -1.9692505910186980e-05
22                                    -9.9096364762234213e-05
23                                    -1.9871204305094842e-05
24                                    -2.1408115204613748e-05
25                                     4.2785435219967749e-05
26                                    -8.3369674300845867e-05
27                                     2.4905768174442872e-05
28                                     4.3417119852656033e-06
29                                    -1.0935312157849854e-04
30                                     1.9136832168544470e-05
31                                    -5.4344662701658313e-05
32                                    -4.5021235773115564e-06
33                                     1.5520695978703258e-05
34                                    -2.1715470336535619e-05
35                                     1.6744002209592712e-05
36                                     9.3004235068784580e-05
37                                     1.8216949750928663e-05
38                                     5.2858045814226789e-05
39                                     5.0005280906853218e-05
40                                    -1.6594389189507081e-03
41                                     3.9292456468466167e-04
42                                    -6.3645446095239935e-05
43                                     8.2365412633662524e-04
44                                    -1.0348589132041196e-04
45                                    -1.7021941054917722e-04
46                                    -1.4543717212876436e-05
47                                    -1.8209085970236506e-05
48                                    -2.3660080130931405e-04
49                                    -2.5297139581974964e-05
50                                    -1.1986222240212285e-04
51                                     9.6846795331770319e-05
52                                    -2.5848286617903213e-05
53                                    -4.0236463108123816e-05
54                                    -1.5416975195018182e-04
55                                    -1.0022761444273762e-04
56                                     1.3506677917728138e-04
57                                     3.1576922655907579e-04
58                                     1.5970959510014718e-04
59                                     1.2632766607928447e-04
60                                     4.3718315972773869e-04
61                                     2.3099600677740049e-04
62                                     2.2623354124302539e-04
63                                    -1.5917118659163065e-05
64                                     1.1206764870192940e-05
65                                     4.5493729719532812e-05
66                                    -7.1300051361012501e-05
67                                    -6.2363392788169353e-05
68                                    -2.6265656689718371e-05
69                                    -3.6415853572682733e-05
70                                    -2.4633916627126232e-05
71                                    -2.1615216381457893e-05
72                                    -1.8303107819203981e-05
73                                    -3.2652738016825805e-05
74                                     6.6563674533857975e-05
75                                    -9.3159530432131155e-06
76                                    -1.0979644329695004e-06
77                                     4.6794072479712078e-05
78                                     2.6737948867192052e-05
79                                     8.9906649038927478e-05
80                                     5.7832778766497318e-05
$End
$Geometry
   &GeometryIndex 73
   &ListStatus       OUT
   &NATOMS [&Type "Integer"] 27
   &NCORELESSECP [&Type "Integer"] 0
   &NGHOSTATOMS [&Type "Integer"] 0
   &CartesianCoordinates [&Type "Coordinates", &Dim(27,4), &Units "Bohr"] 
              S      3.994130698633    5.132751905127   -2.375717406144
              O      2.675907080676    5.722210381192    4.550706329268
              O     -0.345593308368    3.513162800566    2.538159618171
              N      3.717936652757   -0.298690807481    3.150245410941
              C      4.018521739225    2.234342557663    2.060793181126
              C      3.885596844683    2.058108228272   -0.806361030277
              C      1.867608252443    3.865174440311    3.015096090675
              H      5.808930149323    3.148616684375    2.594651499051
              H      5.456034734045    0.873637813580   -1.447312264314
              H      2.119425900024    1.125965604137   -1.325444146738
              H      4.081752702087   -0.221555480012    5.041001775104
              H      5.101888666564   -1.416653494906    2.410895662789
              H      1.192337475961    6.669849116650    5.103373137411
              Cu     7.162772184530    6.899887633045   -0.611988600267
              S     10.103052902764    8.804099399993    1.386710164337
              O      9.533234845537   13.936756709514    5.850639667940
              O      6.037259016253   11.564743360924    6.289199404046
              N      9.695736711468    8.456904544359    9.087821631085
              C     10.135549684530    9.547863470253    6.577837222855
              C      9.591720978006    7.557064395569    4.578155305080
              C      8.321830025836   11.735605936605    6.220145359632
              H     12.062993146234   10.261228916692    6.318597164777
              H     10.848746491025    5.946169825518    4.909453764568
              H      7.643186798599    6.909006840017    4.801675190261
              H     10.306573252482    9.687511987857   10.436240918071
              H     10.821645718331    6.904421006619    9.256546878735
              H      8.248783915073   15.243691371139    5.640083982455
$End
$SCF_Energy
   &GeometryIndex 73
   &ListStatus       IN
   &SCF_ENERGY [&Type "Double"]      -3.0770595622537767e+03
$End
$Solvation_Details
   &GeometryIndex 73
   &ListStatus       IN
   &SOLVENT [&Type "String"] "WATER"
   &EPSILON [&Type "Double"]       8.0150999999999996e+01
   &REFRAC [&Type "Double"]       1.3328000000000000e+00
   &RSOLV [&Type "Double"]       1.3000000000000000e+00
   &SURFACETYPE [&Type "String"] "GAUSSIAN VDW"
   &NPOINTS [&Type "Integer"] 2505
   &SURFACEAREA [&Type "Double"]       1.0638020295870001e+03
   &CPCMDIELENERGY [&Type "Double"]      -1.3211695200000001e-01
$End
$MP2_Energies
   &GeometryIndex 73
   &ListStatus       IN
   &REFENERGY [&Type "Double"]      -3.0770595622537767e+03  "Reference Energy"
   &CORRENERGY [&Type "Double"]      -3.3941655814159137e+00  "MP2 correlation energy"
   &TOTALENERGY [&Type "Double"]      -3.0804537278351927e+03  "MP2 total energy"
$End
$MP2_Nuc_Gradient
   &GeometryIndex 73
   &ListStatus       IN
   &NATOMS [&Type "Integer"] 81
   &GRADNORM [&Type "Double"]       2.3610515917410150e-03
   &GRAD [&Type "ArrayOfDoubles", &Dim (81,1)] 
                                                         0

0                                      1.6018438506301431e-04
1                                      6.3821003645054587e-04
2                                     -1.6437709033225670e-04
3                                     -4.8951455044243808e-05
4                                     -2.2058630941193882e-04
5                                      2.3953445445547283e-04
6                                     -9.1654614470498830e-05
7                                     -2.9844423041297183e-04
8                                      3.8629214627820124e-04
9                                      3.3885983846619616e-05
10                                    -7.7673903257934052e-05
11                                     3.7078547834469046e-05
12                                    -2.2975854361388659e-06
13                                    -5.5708187175711361e-05
14                                     7.0263466040269840e-05
15                                    -3.7141189106519243e-04
16                                     5.0794518462096011e-05
17                                     5.5972190041567171e-05
18                                     2.0531723008936076e-04
19                                     7.8261432056419764e-04
20                                    -1.0162969546397586e-03
21                                     9.6073151603637968e-05
22                                     5.3079002625459892e-05
23                                     1.6160889448919337e-04
24                                    -2.2409667279309209e-06
25                                     6.8303758631149680e-05
26                                    -4.5254507431910507e-05
27                                     1.0770786899871876e-05
28                                    -4.1937401868700347e-05
29                                     9.1831570596686771e-05
30                                    -5.6744354357167806e-06
31                                     6.6327175614068999e-06
32                                     4.0297174988407347e-06
33                                     1.8032384013592917e-06
34                                    -4.2917520320200075e-05
35                                     3.6647728614350172e-06
36                                    -1.0565540639606574e-05
37                                     8.8749175286246401e-05
38                                     6.8964016181147919e-05
39                                     2.4003982223139392e-04
40                                    -1.2913014411478733e-03
41                                     3.4285803452973381e-04
42                                    -2.5834046966437350e-04
43                                     7.5594252619600767e-04
44                                    -1.1611734980038549e-04
45                                    -1.1860119462477059e-04
46                                    -1.0786880277777883e-04
47                                    -1.9753237575523231e-05
48                                    -7.5889269700674111e-05
49                                    -1.7638984072835401e-04
50                                    -5.4092118942623921e-05
51                                     2.8705871066431188e-06
52                                     1.1980080811895694e-04
53                                    -4.6750264693952437e-06
54                                    -4.2926031250997004e-06
55                                    -1.5050706263076974e-04
56                                    -2.4381161995983003e-04
57                                    -5.6962236223534468e-05
58                                     1.6257699289567648e-04
59                                     2.0554577788948342e-04
60                                     8.5179630870388379e-05
61                                     7.8634564762425363e-07
62                                     2.6859239039601218e-04
63                                     7.2831112021345956e-06
64                                     3.4502320239238396e-05
65                                     3.8660201165875881e-05
66                                     9.4065568034228109e-06
67                                     8.0778139854471853e-06
68                                     5.8031819175395974e-06
69                                     8.5098741582717574e-05
70                                    -6.9727414436638116e-05
71                                    -5.7673799677420041e-05
72                                    -2.6094976423713528e-05
73                                    -4.6159338456495946e-06
74                                     4.5755506823685205e-05
75                                    -4.0611047975452896e-06
76                                    -2.3099661893635770e-06
77                                     2.2983301388343176e-05
78                                     8.2491314334673382e-05
79                                     5.2153303991425010e-05
80                                     5.0637291742470537e-05
$End
$Geometry
   &GeometryIndex 74
   &ListStatus       OUT
   &NATOMS [&Type "Integer"] 27
   &NCORELESSECP [&Type "Integer"] 0
   &NGHOSTATOMS [&Type "Integer"] 0
   &CartesianCoordinates [&Type "Coordinates", &Dim(27,4), &Units "Bohr"] 
              S      3.954599763777    5.143403798690   -2.358264359072
              O      2.669967682311    5.630936118552    4.579817492943
              O     -0.350429853614    3.438073256526    2.548161478842
              N      3.733351399883   -0.367238963865    3.092093324970
              C      4.016810878977    2.182456112188    2.038457063140
              C      3.869551510136    2.047047570588   -0.830311475356
              C      1.862703746203    3.788441666662    3.026345239717
              H      5.805283981343    3.098013764531    2.576182333817
              H      5.442360658712    0.879189299146   -1.495524108346
              H      2.105331181508    1.113824534090   -1.354041074101
              H      4.106115533341   -0.315565584730    4.981981530236
              H      5.119091900598   -1.467343099306    2.329812898847
              H      1.184790020217    6.566730061175    5.148059633239
              Cu     7.125899132553    6.903991778342   -0.592153929166
              S     10.067739841360    8.801420577606    1.410691871403
              O      9.687145470948   13.979319166404    5.829488042895
              O      6.110413769654   11.738073736636    6.302039612126
              N      9.661223159680    8.522787036492    9.113680302437
              C     10.135462131009    9.578474704278    6.594852984422
              C      9.520548028360    7.592730655800    4.610628782647
              C      8.399232408907   11.825984128918    6.222238213905
              H     12.086324515306   10.221938070172    6.328223185228
              H     10.723930525878    5.943252531834    4.951109680047
              H      7.551706178559    7.012269506497    4.842240469633
              H     10.317061715465    9.741584889677   10.451647118646
              H     10.732288115357    6.933121521570    9.292926405546
              H      8.449059862291   15.328958309109    5.610823191993
$End
$SCF_Energy
   &GeometryIndex 74
   &ListStatus       IN
   &SCF_ENERGY [&Type "Double"]      -3.0770597392839991e+03
$End
$Solvation_Details
   &GeometryIndex 74
   &ListStatus       IN
   &SOLVENT [&Type "String"] "WATER"
   &EPSILON [&Type "Double"]       8.0150999999999996e+01
   &REFRAC [&Type "Double"]       1.3328000000000000e+00
   &RSOLV [&Type "Double"]       1.3000000000000000e+00
   &SURFACETYPE [&Type "String"] "GAUSSIAN VDW"
   &NPOINTS [&Type "Integer"] 2498
   &SURFACEAREA [&Type "Double"]       1.0646420849220001e+03
   &CPCMDIELENERGY [&Type "Double"]      -1.3203885000000001e-01
$End
$MP2_Energies
   &GeometryIndex 74
   &ListStatus       IN
   &REFENERGY [&Type "Double"]      -3.0770597392839991e+03  "Reference Energy"
   &CORRENERGY [&Type "Double"]      -3.3940242811032904e+00  "MP2 correlation energy"
   &TOTALENERGY [&Type "Double"]      -3.0804537635651022e+03  "MP2 total energy"
$End
$MP2_Nuc_Gradient
   &GeometryIndex 74
   &ListStatus       IN
   &NATOMS [&Type "Integer"] 81
   &GRADNORM [&Type "Double"]       1.8280057786507209e-03
   &GRAD [&Type "ArrayOfDoubles", &Dim (81,1)] 
                                                         0

0                                      5.1078156006673266e-05
1                                      6.7919607187481683e-04
2                                     -2.4100624295663245e-04
3                                     -4.4341948990223035e-05
4                                     -1.9211794812093626e-04
5                                     -2.8035276294809119e-06
6                                      1.1017077569869249e-05
7                                     -6.3528759586831129e-05
8                                      9.7761292635615421e-05
9                                     -1.9190928274272212e-05
10                                     3.9765226319711869e-05
11                                     7.9730755259020333e-06
12                                     1.5872730396901749e-04
13                                    -3.1931177827471732e-05
14                                    -1.6896712111962031e-05
15                                    -3.8142824470889514e-04
16                                     1.9828295890516462e-05
17                                     1.3363371698743576e-04
18                                     5.2897250055930489e-05
19                                     1.9509156578438949e-04
20                                    -2.1817083546845761e-04
21                                     1.7814956640403723e-05
22                                     1.3609247128731905e-05
23                                     4.6553028051659479e-05
24                                    -1.0027859806603645e-05
25                                     5.9741812785576998e-05
26                                    -2.6438519703320465e-05
27                                     8.5639808823298469e-07
28                                    -2.2018019152077878e-05
29                                     4.9491294774434494e-05
30                                     2.1094178895789822e-06
31                                     3.1320030988238497e-05
32                                    -7.3344080769796594e-06
33                                    -3.9874711285151077e-06
34                                     3.1420020213255434e-05
35                                    -1.3271445456361497e-05
36                                     2.9788346744122340e-05
37                                     1.0697220713208611e-05
38                                     1.4953144433421661e-05
39                                     2.6116952889789174e-04
40                                    -1.2589089572712167e-03
41                                     2.8019004898150986e-04
42                                    -2.7239332748183473e-04
43                                     7.3673255599116493e-04
44                                    -8.0028068172883354e-06
45                                    -2.1589069840816100e-05
46                                    -2.0145994999845596e-05
47                                     5.0019795044480442e-05
48                                    -1.6900828618091057e-05
49                                     2.8623501079164462e-05
50                                     5.4479605995081878e-05
51                                     8.4382836414154117e-06
52                                     4.2850736444073785e-05
53                                     6.4525944030705343e-05
54                                    -2.8216207676476021e-05
55                                    -1.5835272430653538e-04
56                                    -1.5735493299864900e-04
57                                     6.9716858894553618e-05
58                                     1.2603447483843649e-04
59                                     1.6239879074109176e-04
60                                     1.6153220271722390e-05
61                                    -3.5975548197168805e-05
62                                    -1.5106621156599220e-05
63                                    -2.4395295700335717e-06
64                                     1.6363916562074643e-05
65                                     3.4709180551924929e-05
66                                     3.2751490513360099e-05
67                                     4.9393248299462594e-05
68                                    -4.8181639055212833e-06
69                                     2.1930139627139578e-05
70                                    -8.9036502686282160e-06
71                                    -4.3786051201573015e-06
72                                    -2.0526031569538528e-05
73                                     1.0516339436980604e-06
74                                     4.4083320650416258e-05
75                                    -1.0035332906301736e-05
76                                    -4.7379057248608802e-06
77                                     1.5142259606206430e-05
78                                     1.1788537280149614e-05
79                                     1.5661065610572678e-05
80                                     5.0284207472876818e-05
$End
$Geometry
   &GeometryIndex 75
   &ListStatus       OUT
   &NATOMS [&Type "Integer"] 27
   &NCORELESSECP [&Type "Integer"] 0
   &NGHOSTATOMS [&Type "Integer"] 0
   &CartesianCoordinates [&Type "Coordinates", &Dim(27,4), &Units "Bohr"] 
              S      3.942395754687    5.147226366756   -2.355897617449
              O      2.676098591585    5.646645803550    4.574927720917
              O     -0.343734550167    3.430479314964    2.568024162477
              N      3.754194202339   -0.361389392852    3.098779181294
              C      4.026459198652    2.189773550291    2.044939848197
              C      3.871161169239    2.052907313114   -0.823661953664
              C      1.869761290097    3.790273454576    3.037535988375
              H      5.813596782973    3.110708827092    2.577182077975
              H      5.445270438741    0.888614340491   -1.492154958133
              H      2.107988389063    1.114041035176   -1.340847391988
              H      4.133772728221   -0.309555171162    4.987289343979
              H      5.140236408781   -1.457405603819    2.331031136776
              H      1.189541451925    6.580813911189    5.142323727517
              Cu     7.120851161904    6.910158319253   -0.603080505191
              S     10.066468843425    8.796619307815    1.405743612548
              O      9.697214036552   13.972342679738    5.828538321927
              O      6.110254861447   11.745666083264    6.292346860545
              N      9.640949933908    8.510796630099    9.108473928481
              C     10.125839191680    9.569526927934    6.593012148789
              C      9.508251181666    7.588468416600    4.604388639998
              C      8.399601497563   11.824541563609    6.219738330443
              H     12.079919925801   10.205679482632    6.332559827525
              H     10.705361906328    5.934603826025    4.945821345102
              H      7.537024026448    7.014520356582    4.831282721479
              H     10.300084697516    9.723482428106   10.450312419584
              H     10.703983607505    6.915576909924    9.286463726407
              H      8.465016530843   15.326758466632    5.606133266728
$End
$SCF_Energy
   &GeometryIndex 75
   &ListStatus       IN
   &SCF_ENERGY [&Type "Double"]      -3.0770597413159535e+03
$End
$Solvation_Details
   &GeometryIndex 75
   &ListStatus       IN
   &SOLVENT [&Type "String"] "WATER"
   &EPSILON [&Type "Double"]       8.0150999999999996e+01
   &REFRAC [&Type "Double"]       1.3328000000000000e+00
   &RSOLV [&Type "Double"]       1.3000000000000000e+00
   &SURFACETYPE [&Type "String"] "GAUSSIAN VDW"
   &NPOINTS [&Type "Integer"] 2501
   &SURFACEAREA [&Type "Double"]       1.0638847034620001e+03
   &CPCMDIELENERGY [&Type "Double"]      -1.3204237799999999e-01
$End
$MP2_Energies
   &GeometryIndex 75
   &ListStatus       IN
   &REFENERGY [&Type "Double"]      -3.0770597413159535e+03  "Reference Energy"
   &CORRENERGY [&Type "Double"]      -3.3940273791869107e+00  "MP2 correlation energy"
   &TOTALENERGY [&Type "Double"]      -3.0804537686951403e+03  "MP2 total energy"
$End
$MP2_Nuc_Gradient
   &GeometryIndex 75
   &ListStatus       IN
   &NATOMS [&Type "Integer"] 81
   &GRADNORM [&Type "Double"]       1.7855613990797315e-03
   &GRAD [&Type "ArrayOfDoubles", &Dim (81,1)] 
                                                         0

0                                     -5.4925046917810721e-05
1                                      5.8932285435116943e-04
2                                     -2.7696055838144409e-04
3                                     -2.9525900650889669e-05
4                                     -3.2487197720858230e-05
5                                     -9.0363247169218675e-05
6                                      4.4796385611362011e-06
7                                      6.3294841392762952e-05
8                                     -4.7900376310423820e-05
9                                     -2.7480761463645476e-05
10                                    -5.2476585127150810e-05
11                                     4.0812143466845488e-05
12                                     2.8250593578887408e-04
13                                     7.6388920202300793e-05
14                                    -1.9737686987914005e-04
15                                    -3.1757277473620782e-04
16                                     9.5449724953487053e-05
17                                     1.0765429092422785e-04
18                                    -4.0034985178086235e-05
19                                    -8.8789284477468200e-05
20                                     2.2178942051312347e-04
21                                    -4.9215375922534443e-07
22                                     1.8107397887143217e-06
23                                     2.7398853028796563e-05
24                                    -2.4564086696099441e-06
25                                     4.9574896213589598e-05
26                                    -1.6855354830504904e-05
27                                    -7.4945916997797013e-06
28                                    -3.7525015536971074e-06
29                                     6.2763642821409352e-05
30                                     1.1200523393848499e-05
31                                     7.6873279876094394e-06
32                                    -1.6689730354006727e-05
33                                     1.7524757330474039e-05
34                                     1.6419483855889538e-08
35                                    -1.1768358708620641e-05
36                                     2.1999400570849037e-05
37                                     3.6646387759246141e-05
38                                     1.9092119760257334e-05
39                                     3.0400252412805329e-04
40                                    -1.2345956624171257e-03
41                                     2.0001977673535318e-04
42                                    -2.3138363200530263e-04
43                                     6.8675667364793795e-04
44                                    -1.9597052421101852e-05
45                                    -5.3130699163364548e-06
46                                    -2.6953095190066466e-05
47                                    -3.3491607077415541e-05
48                                    -3.6894082399985262e-06
49                                     3.1347525360603257e-05
50                                    -9.6277758244734009e-05
51                                    -8.4595453268415666e-06
52                                     4.0592574849087487e-05
53                                     6.5069324989489377e-05
54                                    -3.1859091167017045e-05
55                                    -1.1152620736949725e-04
56                                    -1.6355355952257095e-04
57                                     6.8126730155469023e-05
58                                     6.3903982462896330e-05
59                                     2.1356393432445109e-04
60                                    -1.4505446019455470e-05
61                                     3.6662357694660155e-05
62                                     3.4341152266659236e-04
63                                    -5.7046237621274920e-06
64                                     1.8064684967910444e-05
65                                     3.5507852671442727e-05
66                                     3.7949001964021623e-05
67                                     4.8680663607712782e-05
68                                    -2.0254938967389884e-05
69                                     4.8290882093682264e-06
70                                    -2.3152879708089602e-05
71                                    -1.2038489994786739e-05
72                                    -1.6419579459360858e-05
73                                    -1.1749154602596484e-05
74                                     2.0792213948583188e-05
75                                    -2.5068910361018826e-06
76                                    -9.2480688671583988e-06
77                                     4.6323625795571637e-06
78                                     7.4911227995813623e-06
79                                     6.4969613778262381e-06
80                                     4.7422018826130848e-05
$End
$Geometry
   &GeometryIndex 76
   &ListStatus       OUT
   &NATOMS [&Type "Integer"] 27
   &NCORELESSECP [&Type "Integer"] 0
   &NGHOSTATOMS [&Type "Integer"] 0
   &CartesianCoordinates [&Type "Coordinates", &Dim(27,4), &Units "Bohr"] 
              S      3.928432143158    5.131507247415   -2.363071742786
              O      2.661186576296    5.690664650116    4.547920629104
              O     -0.334633215285    3.398738218778    2.591293546469
              N      3.806508350217   -0.335596191007    3.136024567385
              C      4.050358801579    2.212063229862    2.066792764756
              C      3.893590966118    2.052084045540   -0.801296025026
              C      1.875481280172    3.797663938017    3.044744140917
              H      5.827146916202    3.156264842998    2.591034417571
              H      5.479175917560    0.898032519173   -1.460736138092
              H      2.139532629297    1.089787431618   -1.306406819878
              H      4.189241153590   -0.268791098956    5.023424357958
              H      5.202491842652   -1.421473987239    2.371869819513
              H      1.162817849009    6.612762040369    5.104058373034
              Cu     7.104222611966    6.934152572127   -0.644045586427
              S     10.036854553424    8.816107840985    1.384591000134
              O      9.734334516086   13.956262240345    5.847446384228
              O      6.118303015329   11.777030165049    6.311616650259
              N      9.603869126634    8.465321154866    9.084233917019
              C     10.104313203071    9.543113879100    6.579816433212
              C      9.461945429174    7.587961073208    4.572742175458
              C      8.407938480848   11.823545033520    6.226198334366
              H     12.066697102676   10.155925865479    6.326461664828
              H     10.639034236825    5.916859706232    4.900236504554
              H      7.483713192850    7.037325768908    4.794983211023
              H     10.282679746875    9.653623980489   10.437986405764
              H     10.642797451221    6.852368110574    9.244505479347
              H      8.519529381177   15.328570870015    5.638781445950
$End
$SCF_Energy
   &GeometryIndex 76
   &ListStatus       IN
   &SCF_ENERGY [&Type "Double"]      -3.0770595795130439e+03
$End
$Solvation_Details
   &GeometryIndex 76
   &ListStatus       IN
   &SOLVENT [&Type "String"] "WATER"
   &EPSILON [&Type "Double"]       8.0150999999999996e+01
   &REFRAC [&Type "Double"]       1.3328000000000000e+00
   &RSOLV [&Type "Double"]       1.3000000000000000e+00
   &SURFACETYPE [&Type "String"] "GAUSSIAN VDW"
   &NPOINTS [&Type "Integer"] 2501
   &SURFACEAREA [&Type "Double"]       1.0613790567500000e+03
   &CPCMDIELENERGY [&Type "Double"]      -1.3193811200000000e-01
$End
$MP2_Energies
   &GeometryIndex 76
   &ListStatus       IN
   &REFENERGY [&Type "Double"]      -3.0770595795130439e+03  "Reference Energy"
   &CORRENERGY [&Type "Double"]      -3.3941696269026007e+00  "MP2 correlation energy"
   &TOTALENERGY [&Type "Double"]      -3.0804537491399465e+03  "MP2 total energy"
$End
$MP2_Nuc_Gradient
   &GeometryIndex 76
   &ListStatus       IN
   &NATOMS [&Type "Integer"] 81
   &GRADNORM [&Type "Double"]       1.6341850773165824e-03
   &GRAD [&Type "ArrayOfDoubles", &Dim (81,1)] 
                                                         0

0                                     -8.9886100767203568e-05
1                                      3.6004311935050777e-04
2                                     -1.3265491087771641e-04
3                                      3.8357088597403000e-05
4                                      2.1126796044806245e-05
5                                     -8.2468703373958507e-06
6                                      2.0872202604743650e-06
7                                      1.9644782531212657e-05
8                                      5.3998652006906345e-05
9                                     -3.7493390597220788e-05
10                                    -2.3418467315559736e-04
11                                    -3.6569643617700119e-05
12                                     5.0071338446160477e-04
13                                    -1.5668792184043122e-05
14                                     9.2856827912796147e-06
15                                    -4.1420190484271757e-04
16                                     3.0162464159907976e-04
17                                     3.7220330782669619e-06
18                                    -1.3643308317667913e-04
19                                     6.8079753505437268e-05
20                                     4.5478705209362966e-06
21                                    -5.8242588905580567e-05
22                                     1.0054377627813360e-05
23                                     2.4030629603929293e-05
24                                     3.4000076054162276e-05
25                                     2.7555095697833626e-05
26                                     5.1348011765189189e-05
27                                    -2.9934035297433936e-05
28                                     2.0103941214481835e-05
29                                     1.3063714027689542e-04
30                                     2.2742387224748868e-05
31                                     9.7690579175390042e-06
32                                    -2.5453388069987537e-05
33                                     2.0444551200052286e-05
34                                    -1.9589258505151724e-05
35                                    -1.0099968415132332e-05
36                                    -1.9872640955591325e-05
37                                     1.9641906312456436e-05
38                                     3.3747638720701967e-07
39                                     5.5779003243826026e-04
40                                    -8.6836806466395085e-04
41                                    -9.6896135568236286e-06
42                                    -4.0059598255571312e-04
43                                     4.0259306734906700e-04
44                                    -1.0679897417200865e-05
45                                     1.5382723137846721e-04
46                                     2.5779710752115229e-05
47                                     1.7976754136511371e-04
48                                     6.9590823935622437e-05
49                                     1.3765308181979720e-04
50                                     1.9958633294014927e-04
51                                    -7.9625270749568433e-05
52                                    -8.7473327558925534e-05
53                                     1.2344613824298752e-04
54                                     2.7829862795310939e-05
55                                     1.1998240016313638e-04
56                                     1.0184757585911947e-04
57                                    -7.5992692190931729e-05
58                                    -2.1337458562777772e-05
59                                     2.0674765200445061e-04
60                                    -2.1495876733491903e-04
61                                    -1.8510740520121839e-04
62                                    -4.0462460437740155e-04
63                                    -1.3680454015271848e-05
64                                     7.9499076733272750e-06
65                                     3.6103980678851497e-05
66                                     1.0793313797187454e-04
67                                     9.9913485325706791e-05
68                                    -6.5412087828682630e-06
69                                    -2.8571597419077555e-05
70                                    -2.4530493633502168e-05
71                                    -9.5160197586749429e-06
72                                    -3.1488029669964057e-07
73                                     1.8670044551818976e-06
74                                    -1.4444049052705216e-05
75                                    -3.6674586659721231e-06
76                                    -2.8062651298454977e-05
77                                    -6.4879122057236172e-07
78                                    -3.2486726627180273e-05
79                                    -2.3569780666053697e-05
80                                     4.5158901418754747e-05
$End
$Geometry
   &GeometryIndex 77
   &ListStatus       OUT
   &NATOMS [&Type "Integer"] 27
   &NCORELESSECP [&Type "Integer"] 0
   &NGHOSTATOMS [&Type "Integer"] 0
   &CartesianCoordinates [&Type "Coordinates", &Dim(27,4), &Units "Bohr"] 
              S      3.940103867328    5.082738034742   -2.392866321194
              O      2.592453346049    5.752321782677    4.484467787826
              O     -0.348169464143    3.373391042197    2.548292927821
              N      3.840316781967   -0.288119906451    3.200751072116
              C      4.058810531591    2.243626693516    2.091116967379
              C      3.932831771908    2.032003105357   -0.775815343885
              C      1.850749819231    3.813717563332    3.017415298972
              H      5.816038851526    3.222871116378    2.615986472894
              H      5.540096736702    0.887513200522   -1.398631191474
              H      2.196584040826    1.037380773525   -1.279914835857
              H      4.202758089424   -0.183933778921    5.090524591111
              H      5.259437860233   -1.366025135512    2.468918396338
              H      1.073933386802    6.662505600790    5.004321356363
              Cu     7.085799520546    6.954763864190   -0.687771309904
              S      9.984877187825    8.866394075445    1.363694551639
              O      9.730167507476   13.938362924958    5.882623820517
              O      6.118619287043   11.760336234308    6.385315359363
              N      9.633725769903    8.401330007750    9.059484110568
              C     10.103922039003    9.516753074996    6.565756247250
              C      9.431414495650    7.593400569511    4.537335508511
              C      8.406772951993   11.804716718985    6.267616102999
              H     12.064139938395   10.129296942678    6.296091241867
              H     10.601949153839    5.911106940931    4.829903855896
              H      7.451884459890    7.052306197765    4.770739953913
              H     10.334634588538    9.566452042214   10.422122293650
              H     10.670155714140    6.783368531939    9.180550729009
              H      8.513555025037   15.313296929757    5.703176266947
$End
$SCF_Energy
   &GeometryIndex 77
   &ListStatus       IN
   &SCF_ENERGY [&Type "Double"]      -3.0770596321043386e+03
$End
$Solvation_Details
   &GeometryIndex 77
   &ListStatus       IN
   &SOLVENT [&Type "String"] "WATER"
   &EPSILON [&Type "Double"]       8.0150999999999996e+01
   &REFRAC [&Type "Double"]       1.3328000000000000e+00
   &RSOLV [&Type "Double"]       1.3000000000000000e+00
   &SURFACETYPE [&Type "String"] "GAUSSIAN VDW"
   &NPOINTS [&Type "Integer"] 2508
   &SURFACEAREA [&Type "Double"]       1.0588183698050000e+03
   &CPCMDIELENERGY [&Type "Double"]      -1.3192966100000000e-01
$End
$MP2_Energies
   &GeometryIndex 77
   &ListStatus       IN
   &REFENERGY [&Type "Double"]      -3.0770596321043386e+03  "Reference Energy"
   &CORRENERGY [&Type "Double"]      -3.3940956654625531e+00  "MP2 correlation energy"
   &TOTALENERGY [&Type "Double"]      -3.0804537277698009e+03  "MP2 total energy"
$End
$MP2_Nuc_Gradient
   &GeometryIndex 77
   &ListStatus       IN
   &NATOMS [&Type "Integer"] 81
   &GRADNORM [&Type "Double"]       1.7649946691926178e-03
   &GRAD [&Type "ArrayOfDoubles", &Dim (81,1)] 
                                                         0

0                                     -1.7968063805930742e-04
1                                      8.4789072926725467e-05
2                                      5.8474385611653051e-05
3                                      6.9998159307471663e-05
4                                      1.8392245970272163e-04
5                                     -1.0647332144438082e-04
6                                      1.8775079879143619e-05
7                                      1.6289557787288120e-04
8                                     -1.6459627113992598e-04
9                                     -8.6806083476803630e-05
10                                    -1.3132193547870513e-04
11                                    -1.3355605620878758e-04
12                                     5.9944705877576152e-04
13                                    -1.2061293940538505e-04
14                                     1.1430360738001744e-04
15                                    -4.7174196862340839e-04
16                                     3.3572745132943657e-04
17                                    -1.3257952689960800e-04
18                                    -1.7161598734911909e-04
19                                    -3.6025941905951445e-04
20                                     4.3371285433590080e-04
21                                    -6.4762292129722648e-05
22                                     5.2971073717184014e-05
23                                     4.2552228650783591e-05
24                                     3.7550851912440675e-05
25                                    -7.2004055807414757e-06
26                                     8.8529609017727259e-05
27                                    -5.7922036704769614e-05
28                                     3.6844196667738804e-05
29                                     1.5276041332772106e-04
30                                     1.2452422173362711e-05
31                                     4.6109626287545169e-05
32                                    -1.4003423079195221e-05
33                                    -6.3146584425438634e-06
34                                     5.1143278005958553e-05
35                                    -2.1055636264939032e-05
36                                    -5.3039939364965538e-05
37                                     8.0311685218444062e-06
38                                    -3.0901618529017780e-05
39                                     6.6020590200787819e-04
40                                    -5.2655060924028884e-04
41                                    -3.3375545459215887e-04
42                                    -3.8443601060198168e-04
43                                     3.7121723750414663e-04
44                                     2.7094052681782971e-04
45                                     1.9466252818788748e-04
46                                     8.6159881299906899e-05
47                                    -8.2063024033914890e-05
48                                     1.0429088720061153e-04
49                                     8.4273418124448420e-05
50                                    -7.5834456720063996e-05
51                                    -1.3090475986360373e-04
52                                    -4.6790640517348041e-05
53                                     1.3287263766772681e-04
54                                     5.9620351902075000e-05
55                                     1.2023862933705984e-04
56                                    -1.8272237019237997e-04
57                                    -1.0743154435460811e-04
58                                    -1.9805404630064694e-04
59                                     1.9999295292642827e-04
60                                    -3.1589499034342938e-04
61                                    -1.9150368074201743e-04
62                                     4.1259642498128746e-04
63                                    -1.9304557108461295e-05
64                                    -1.4971187983220044e-05
65                                     2.4470237969530760e-05
66                                     1.4120916205546258e-04
67                                     8.5688267114161082e-05
68                                    -9.1295917379495203e-06
69                                    -2.0119279870743634e-05
70                                     2.6378786567728130e-05
71                                    -8.8566471639064601e-06
72                                     1.7896908342624959e-05
73                                     2.7312910350262010e-05
74                                    -2.7373163706396336e-05
75                                     3.0697182502210929e-06
76                                    -1.5603411235604048e-05
77                                    -2.2648193237139076e-05
78                                    -6.8554981461847742e-05
79                                    -2.2432458310711612e-05
80                                     1.6947112591409949e-05
$End
$Geometry
   &GeometryIndex 78
   &ListStatus       OUT
   &NATOMS [&Type "Integer"] 27
   &NCORELESSECP [&Type "Integer"] 0
   &NGHOSTATOMS [&Type "Integer"] 0
   &CartesianCoordinates [&Type "Coordinates", &Dim(27,4), &Units "Bohr"] 
              S      3.946830486979    5.063066690961   -2.405294874027
              O      2.564821025751    5.750676532106    4.471794064540
              O     -0.358341713050    3.361916966154    2.521028058405
              N      3.840105598267   -0.281291492666    3.213146499497
              C      4.054087730638    2.244614250505    2.089143919380
              C      3.943089878886    2.017949235151   -0.777066985331
              C      1.836901345257    3.811140149006    2.998983718409
              H      5.805688343294    3.232863581058    2.616374173140
              H      5.557949901225    0.877253689977   -1.386959165737
              H      2.213498804191    1.014708306757   -1.286833040661
              H      4.191733157145   -0.164709462439    5.104280707442
              H      5.267219006057   -1.358247142451    2.495490058899
              H      1.040750950004    6.654553507289    4.986341795359
              Cu     7.077140831073    6.950405840246   -0.690540397341
              S      9.964342221847    8.880013053267    1.359991459932
              O      9.740489726139   13.944163480716    5.901455788619
              O      6.128781481287   11.768168045229    6.411061381239
              N      9.654300986305    8.396749725563    9.056320260831
              C     10.111018774533    9.518244268886    6.562975824842
              C      9.420115166717    7.602568044458    4.533125857391
              C      8.416459100859   11.810401364699    6.281730167162
              H     12.070885516701   10.127098701621    6.282344536582
              H     10.582254490951    5.912958768427    4.816701278081
              H      7.438892792667    7.071094532841    4.774772931984
              H     10.364664797160    9.556856447215   10.418347539183
              H     10.688880036502    6.776909295952    9.167063207377
              H      8.525002821338   15.321748767052    5.735427145443
$End
$SCF_Energy
   &GeometryIndex 78
   &ListStatus       IN
   &SCF_ENERGY [&Type "Double"]      -3.0770596366369905e+03
$End
$Solvation_Details
   &GeometryIndex 78
   &ListStatus       IN
   &SOLVENT [&Type "String"] "WATER"
   &EPSILON [&Type "Double"]       8.0150999999999996e+01
   &REFRAC [&Type "Double"]       1.3328000000000000e+00
   &RSOLV [&Type "Double"]       1.3000000000000000e+00
   &SURFACETYPE [&Type "String"] "GAUSSIAN VDW"
   &NPOINTS [&Type "Integer"] 2501
   &SURFACEAREA [&Type "Double"]       1.0587641732930001e+03
   &CPCMDIELENERGY [&Type "Double"]      -1.3192459600000001e-01
$End
$MP2_Energies
   &GeometryIndex 78
   &ListStatus       IN
   &REFENERGY [&Type "Double"]      -3.0770596366369905e+03  "Reference Energy"
   &CORRENERGY [&Type "Double"]      -3.3940964981745134e+00  "MP2 correlation energy"
   &TOTALENERGY [&Type "Double"]      -3.0804537331351648e+03  "MP2 total energy"
$End
$MP2_Nuc_Gradient
   &GeometryIndex 78
   &ListStatus       IN
   &NATOMS [&Type "Integer"] 81
   &GRADNORM [&Type "Double"]       1.3891361392401012e-03
   &GRAD [&Type "ArrayOfDoubles", &Dim (81,1)] 
                                                         0

0                                     -1.4533722603758594e-04
1                                      1.3960172141461342e-04
2                                      9.1709462698982142e-05
3                                      2.3360959789005264e-05
4                                      9.8826765262637756e-05
5                                      3.5006439693049951e-06
6                                     -1.8924591356619946e-05
7                                      3.2058165258606885e-05
8                                     -2.9291622727144889e-05
9                                     -3.0535441636371508e-05
10                                    -8.2525055550808704e-05
11                                    -8.4626690148597097e-05
12                                     4.2076161285882485e-04
13                                    -1.5146224697498917e-04
14                                     1.7773186310970218e-04
15                                    -4.2155363907073889e-04
16                                     2.8683128102381314e-04
17                                    -1.5071051467347579e-04
18                                    -6.4958900743053438e-05
19                                    -4.4813779801890913e-05
20                                     4.7626850311406621e-05
21                                    -4.5556259211772254e-05
22                                     3.4585673425787528e-05
23                                     3.5910828597331482e-05
24                                     2.0489605222700352e-05
25                                    -1.6089360113075157e-05
26                                     8.7669911853263324e-05
27                                    -3.0895274132317074e-05
28                                     4.2487371940604091e-05
29                                     9.5346641728603909e-05
30                                     3.1533947868860046e-06
31                                     2.5887817000370614e-05
32                                     1.9194229422057896e-05
33                                     2.6134454648302219e-07
34                                     1.8127148595177556e-05
35                                    -1.1166690971946280e-05
36                                    -4.4064649675282230e-05
37                                     1.1800532924155505e-06
38                                    -5.6331633918257906e-06
39                                     6.0262698731270272e-04
40                                    -5.8533768269837809e-04
41                                    -2.7960505211182575e-04
42                                    -4.4363154873905322e-04
43                                     3.3764522770164153e-04
44                                     1.8211836530550828e-04
45                                     1.0062392376774393e-04
46                                     8.7119381898138198e-05
47                                    -1.0831781105094876e-05
48                                     3.3904217949881632e-05
49                                     3.7858675364967932e-05
50                                     1.4300323464820977e-05
51                                    -8.7839524861278717e-05
52                                    -4.9612347741104668e-05
53                                     8.4113526089479515e-05
54                                     2.4639082923140487e-05
55                                     1.4632305563405668e-04
56                                     2.1663520878956177e-05
57                                    -4.7799720745648339e-05
58                                    -1.5965696869218310e-04
59                                     9.1463997281764076e-05
60                                    -1.6185527337915506e-04
61                                    -1.3454440696964755e-04
62                                     1.3739644892734118e-04
63                                    -1.4826796689404453e-05
64                                    -1.2092310817160210e-05
65                                     2.6663465765238564e-05
66                                     7.2022470770302660e-05
67                                     5.9665358182903888e-05
68                                     1.4300113721022259e-06
69                                    -7.1230298978111617e-06
70                                     3.0038096559634880e-05
71                                    -3.6536832952530074e-07
72                                     1.4518264160911717e-05
73                                     1.1179336392608263e-05
74                                    -5.8837377588071005e-06
75                                    -3.6275583987464832e-06
76                                    -6.2018433451688226e-06
77                                    -3.6375558025813874e-06
78                                    -4.6274090081364905e-05
79                                    -2.4254197199070904e-05
80                                     2.5136480191460635e-05
$End
$Geometry
   &GeometryIndex 79
   &ListStatus       OUT
   &NATOMS [&Type "Integer"] 27
   &NCORELESSECP [&Type "Integer"] 0
   &NGHOSTATOMS [&Type "Integer"] 0
   &CartesianCoordinates [&Type "Coordinates", &Dim(27,4), &Units "Bohr"] 
              S      3.949800661022    5.070294023488   -2.400823349535
              O      2.568124781490    5.708440230402    4.497114477975
              O     -0.364453356761    3.364078604217    2.506605870890
              N      3.817606991271   -0.303463928011    3.188477939538
              C      4.042250750110    2.225597786984    2.073486824948
              C      3.934140933017    2.013194279680   -0.793376749083
              C      1.832327343271    3.795484125176    2.993745413204
              H      5.798101769802    3.204002788641    2.606076252817
              H      5.546440167633    0.872002343700   -1.408792229715
              H      2.202664221900    1.018371458508   -1.313278461280
              H      4.165830058120   -0.195241635634    5.080701129218
              H      5.241931174930   -1.383376158609    2.469768417873
              H      1.048404937718    6.612570730930    5.023838231075
              Cu     7.080051472559    6.940431671913   -0.669722131904
              S      9.974256529367    8.869166991913    1.370738579351
              O      9.754785075408   13.961194442642    5.897210932688
              O      6.141315605040   11.787425042119    6.402847283173
              N      9.666523042087    8.429349651763    9.068928826626
              C     10.121428038419    9.535876934277    6.568788660867
              C      9.422939612556    7.611713494436    4.550002094883
              C      8.429374260844   11.828858394982    6.277813194504
              H     12.081858027153   10.140119861537    6.281710304433
              H     10.574665159832    5.916780866965    4.844044743883
              H      7.438774592181    7.091747893056    4.793762466985
              H     10.376618298085    9.597366769363   10.424343854380
              H     10.700970646849    6.810179111869    9.189288153063
              H      8.540832464817   15.339709371275    5.727905179782
$End
$SCF_Energy
   &GeometryIndex 79
   &ListStatus       IN
   &SCF_ENERGY [&Type "Double"]      -3.0770596889910798e+03
$End
$Solvation_Details
   &GeometryIndex 79
   &ListStatus       IN
   &SOLVENT [&Type "String"] "WATER"
   &EPSILON [&Type "Double"]       8.0150999999999996e+01
   &REFRAC [&Type "Double"]       1.3328000000000000e+00
   &RSOLV [&Type "Double"]       1.3000000000000000e+00
   &SURFACETYPE [&Type "String"] "GAUSSIAN VDW"
   &NPOINTS [&Type "Integer"] 2502
   &SURFACEAREA [&Type "Double"]       1.0601471442070001e+03
   &CPCMDIELENERGY [&Type "Double"]      -1.3191219100000001e-01
$End
$MP2_Energies
   &GeometryIndex 79
   &ListStatus       IN
   &REFENERGY [&Type "Double"]      -3.0770596889910798e+03  "Reference Energy"
   &CORRENERGY [&Type "Double"]      -3.3940579503403985e+00  "MP2 correlation energy"
   &TOTALENERGY [&Type "Double"]      -3.0804537469414204e+03  "MP2 total energy"
$End
$MP2_Nuc_Gradient
   &GeometryIndex 79
   &ListStatus       IN
   &NATOMS [&Type "Integer"] 81
   &GRADNORM [&Type "Double"]       1.2443819551937127e-03
   &GRAD [&Type "ArrayOfDoubles", &Dim (81,1)] 
                                                         0

0                                     -9.4950983290847946e-05
1                                      3.5343273088972796e-04
2                                      4.1053470181007072e-05
3                                     -7.2758009436874049e-06
4                                     -4.1133824969643434e-05
5                                      8.5514914429412475e-05
6                                      1.5457671972973763e-07
7                                     -6.3810453966122588e-05
8                                      9.9788457910282569e-05
9                                      2.1279824461713226e-05
10                                     7.3382060519615669e-05
11                                    -4.7687832886158729e-06
12                                     1.0051710446007563e-04
13                                    -1.1433356558247332e-04
14                                     1.6792558015867737e-04
15                                    -2.9546771903433446e-04
16                                     8.7367583079353550e-05
17                                    -8.4529684263062732e-05
18                                     3.6028415480754417e-05
19                                     1.6499097046164188e-04
20                                    -2.0233065161638468e-04
21                                    -1.3865492921545652e-05
22                                    -8.0915889584358414e-06
23                                     1.6027271369029733e-05
24                                    -9.4482588939015510e-06
25                                    -1.6177410745079474e-05
26                                     3.4875066476463407e-05
27                                    -4.3441403996639927e-06
28                                     2.6198553037502792e-06
29                                     2.4469171847550999e-05
30                                    -1.7380908393835846e-05
31                                    -1.5623325301834714e-05
32                                     7.6811338433277476e-06
33                                    -9.8565660099705910e-06
34                                     1.1737608537717992e-05
35                                     1.4404468594159114e-06
36                                    -1.0301065909650020e-05
37                                    -3.0724921541339101e-05
38                                     1.6455740456349302e-05
39                                     5.1951157203958200e-04
40                                    -6.9026063262121479e-04
41                                    -1.2059516859414757e-04
42                                    -4.3892435412872964e-04
43                                     3.4835327181293070e-04
44                                     1.7364168662276774e-04
45                                    -2.8226703254266572e-05
46                                     2.7238067824651019e-05
47                                     3.7666291147800315e-05
48                                    -2.2369989385748190e-05
49                                    -1.6724974708063473e-05
50                                     5.1469466606758607e-05
51                                    -2.5872174418184457e-05
52                                    -2.0650180365253644e-05
53                                    -2.1932308677391488e-06
54                                    -1.9478890660236392e-05
55                                     6.8454468227584220e-05
56                                     1.1712991432953623e-04
57                                     1.0461846307078734e-04
58                                    -2.3398678800287676e-06
59                                    -5.0174967759442080e-05
60                                     9.4017554699149519e-06
61                                    -1.4409255666151394e-05
62                                    -3.2909078440654382e-05
63                                    -3.8477579328288769e-06
64                                    -1.8531322841346121e-06
65                                     2.0647880785985319e-05
66                                    -2.7651813042546547e-05
67                                     5.3736425360308149e-06
68                                     2.4784877222074411e-05
69                                    -2.3725484676558051e-05
70                                     5.2029958435105897e-05
71                                     2.6694237653795798e-05
72                                     5.8021307519327825e-06
73                                    -1.1473485041768594e-05
74                                     3.7054963805779884e-05
75                                    -1.1157152803926984e-05
76                                    -3.6700213804780057e-07
77                                     2.3649101862333391e-05
78                                    -2.0866031019320386e-05
79                                    -9.3399372840252681e-06
80                                     3.7297027450460679e-05
$End
$Geometry
   &GeometryIndex 80
   &ListStatus       OUT
   &NATOMS [&Type "Integer"] 27
   &NCORELESSECP [&Type "Integer"] 0
   &NGHOSTATOMS [&Type "Integer"] 0
   &CartesianCoordinates [&Type "Coordinates", &Dim(27,4), &Units "Bohr"] 
              S      3.946121108127    5.056656981532   -2.408652758334
              O      2.543767432198    5.725459979656    4.478490137082
              O     -0.367846205691    3.345504630919    2.499539413980
              N      3.838587885480   -0.287761161067    3.209605312488
              C      4.047818017233    2.236775250514    2.081271207884
              C      3.947643070338    2.008131543726   -0.784637020095
              C      1.824786824185    3.796131185943    2.987989684086
              H      5.795650574060    3.230282937842    2.612053220129
              H      5.569074896263    0.874592340577   -1.390093803148
              H      2.224100850999    0.998880061733   -1.303193658295
              H      4.182177215976   -0.166955398151    5.101925278585
              H      5.271816426324   -1.361710115761    2.499704171300
              H      1.016435162572    6.622020365551    4.996069215124
              Cu     7.067366889270    6.947869693447   -0.683772519403
              S      9.953464362048    8.882851811127    1.361995090198
              O      9.769864048148   13.955060590645    5.910852302934
              O      6.148121050192   11.796011353585    6.420031533302
              N      9.664876732170    8.408778717337    9.058916325533
              C     10.118032140101    9.525203584841    6.562938571906
              C      9.404565215170    7.613858604754    4.537052017536
              C      8.435913450446   11.827447673649    6.287405685482
              H     12.080447870436   10.121620664161    6.273226866724
              H     10.548369418121    5.911704677057    4.820427347549
              H      7.418574189940    7.102592173190    4.784134729009
              H     10.384104654610    9.566799369783   10.418067231553
              H     10.691965952725    6.784183469180    9.168674327839
              H      8.561764027280   15.339884161809    5.751185999690
$End
$SCF_Energy
   &GeometryIndex 80
   &ListStatus       IN
   &SCF_ENERGY [&Type "Double"]      -3.0770596569175204e+03
$End
$Solvation_Details
   &GeometryIndex 80
   &ListStatus       IN
   &SOLVENT [&Type "String"] "WATER"
   &EPSILON [&Type "Double"]       8.0150999999999996e+01
   &REFRAC [&Type "Double"]       1.3328000000000000e+00
   &RSOLV [&Type "Double"]       1.3000000000000000e+00
   &SURFACETYPE [&Type "String"] "GAUSSIAN VDW"
   &NPOINTS [&Type "Integer"] 2499
   &SURFACEAREA [&Type "Double"]       1.0591663025949999e+03
   &CPCMDIELENERGY [&Type "Double"]      -1.3191765000000000e-01
$End
$MP2_Energies
   &GeometryIndex 80
   &ListStatus       IN
   &REFENERGY [&Type "Double"]      -3.0770596569175204e+03  "Reference Energy"
   &CORRENERGY [&Type "Double"]      -3.3940832024076122e+00  "MP2 correlation energy"
   &TOTALENERGY [&Type "Double"]      -3.0804537401199282e+03  "MP2 total energy"
$End
$MP2_Nuc_Gradient
   &GeometryIndex 80
   &ListStatus       IN
   &NATOMS [&Type "Integer"] 81
   &GRADNORM [&Type "Double"]       1.1622397300673315e-03
   &GRAD [&Type "ArrayOfDoubles", &Dim (81,1)] 
                                                         0

0                                     -1.0142085351812647e-04
1                                      3.2154779306942279e-04
2                                      7.3439319701454342e-05
3                                     -1.8840033001746304e-05
4                                      6.8004448098776815e-06
5                                      5.6689649409198684e-05
6                                     -1.6548918069625440e-05
7                                     -4.1747515799252233e-05
8                                      4.8396365207269837e-05
9                                      3.0400732436812461e-05
10                                     5.3041883936212619e-05
11                                     1.8985877238168400e-05
12                                     1.0340225455631596e-04
13                                    -9.6150831062345927e-05
14                                     8.6452499115874382e-05
15                                    -2.4943258885292384e-04
16                                     9.2365839627094048e-05
17                                    -6.7853657248921617e-05
18                                     2.3648716387020263e-05
19                                     8.8940816711041704e-05
20                                    -6.8699682640862431e-05
21                                     4.0456241000227933e-06
22                                     5.3918120398142866e-06
23                                     8.1804378664982608e-06
24                                    -1.3436344785535542e-05
25                                    -1.5035735331066918e-05
26                                     4.4079383789561583e-05
27                                    -1.2763917575386169e-05
28                                     1.0868772816790412e-05
29                                     1.4621023484073445e-05
30                                    -1.1808773881288349e-05
31                                    -1.3596903189527776e-05
32                                     1.3547789684861811e-05
33                                    -1.2036087547455387e-05
34                                     2.7789872344662070e-06
35                                     1.1459640088282846e-05
36                                    -1.5278549621258741e-05
37                                    -1.3561458429661027e-05
38                                     1.7478803703322235e-05
39                                     5.2266200413016834e-04
40                                    -6.3664839085204135e-04
41                                    -1.5677262588493796e-04
42                                    -4.6610097182146239e-04
43                                     3.0442870290604829e-04
44                                     1.5782363563843389e-04
45                                    -4.2615803527629170e-05
46                                     6.1236295342322750e-06
47                                     4.4834408084597904e-05
48                                    -3.5048946644661294e-05
49                                    -1.1482133415998026e-05
50                                     4.9160191324858216e-05
51                                    -2.3153431986014383e-05
52                                    -1.7271816841113972e-05
53                                    -1.9120058351099201e-06
54                                    -8.8171223001521498e-06
55                                     6.6470017627003053e-05
56                                     1.5136152167493505e-04
57                                     8.0810742270689961e-05
58                                    -9.2915011218192012e-06
59                                    -7.9362941282995481e-05
60                                     2.7100459021822676e-05
61                                     7.5033716715189325e-06
62                                    -5.0171183731295699e-05
63                                    -1.5041597963595665e-05
64                                     2.6791604304486627e-06
65                                     2.6646357594956212e-05
66                                    -3.5728159952647109e-05
67                                    -1.0107065147799132e-06
68                                     3.0216271192795227e-05
69                                    -6.3061228477226394e-06
70                                     3.1526991506970747e-05
71                                     2.3434488953827208e-05
72                                     1.5916041992396907e-06
73                                    -1.6472694228841095e-05
74                                     3.3909987314135331e-05
75                                    -1.8537076397383973e-05
76                                     3.6154947301580975e-06
77                                     2.6652247725380412e-05
78                                    -1.6214095734420897e-05
79                                    -4.0341254451195518e-06
80                                     4.1569604059823843e-05
$End
$Geometry
   &GeometryIndex 81
   &ListStatus       OUT
   &NATOMS [&Type "Integer"] 27
   &NCORELESSECP [&Type "Integer"] 0
   &NGHOSTATOMS [&Type "Integer"] 0
   &CartesianCoordinates [&Type "Coordinates", &Dim(27,4), &Units "Bohr"] 
              S      3.941010914351    5.052073888637   -2.410686982320
              O      2.525968039084    5.730028917231    4.471461576981
              O     -0.371014044511    3.331567843065    2.493411443935
              N      3.851488167526   -0.280055776394    3.219632494217
              C      4.050549138152    2.242753770812    2.085413154108
              C      3.956611083023    2.006814994273   -0.779907461913
              C      1.818590770460    3.793379782671    2.984988030839
              H      5.792726828698    3.245771638410    2.616636044228
              H      5.585213893614    0.880943024973   -1.380330762266
              H      2.239431754155    0.987229412690   -1.299404054323
              H      4.191136274821   -0.152981325608    5.112272069629
              H      5.291093429799   -1.348959316460    2.515002916803
              H      0.993639986191    6.620685190215    4.984450455200
              Cu     7.058052113934    6.955661365176   -0.690754787483
              S      9.944091807551    8.888093436545    1.358054077964
              O      9.783320177925   13.951297123520    5.915355879185
              O      6.154893679454   11.804622878127    6.429155478162
              N      9.663525992874    8.399193792459    9.053948468399
              C     10.116510041904    9.518894748744    6.559511705488
              C      9.392066345868    7.614812499921    4.530788639236
              C      8.442509867042   11.828096648546    6.291740660022
              H     12.080629401253   10.108620826076    6.267681110406
              H     10.527887284591    5.906512921501    4.809691182207
              H      7.403959134373    7.112267083341    4.779078855379
              H     10.387864311668    9.552426367192   10.414435424467
              H     10.685734484236    6.771235233412    9.159398440599
              H      8.580072380687   15.340888178505    5.760181851488
$End
$SCF_Energy
   &GeometryIndex 81
   &ListStatus       IN
   &SCF_ENERGY [&Type "Double"]      -3.0770596643373347e+03
$End
$Solvation_Details
   &GeometryIndex 81
   &ListStatus       IN
   &SOLVENT [&Type "String"] "WATER"
   &EPSILON [&Type "Double"]       8.0150999999999996e+01
   &REFRAC [&Type "Double"]       1.3328000000000000e+00
   &RSOLV [&Type "Double"]       1.3000000000000000e+00
   &SURFACETYPE [&Type "String"] "GAUSSIAN VDW"
   &NPOINTS [&Type "Integer"] 2500
   &SURFACEAREA [&Type "Double"]       1.0585903004910001e+03
   &CPCMDIELENERGY [&Type "Double"]      -1.3191316600000000e-01
$End
$MP2_Energies
   &GeometryIndex 81
   &ListStatus       IN
   &REFENERGY [&Type "Double"]      -3.0770596643373347e+03  "Reference Energy"
   &CORRENERGY [&Type "Double"]      -3.3940764531382999e+00  "MP2 correlation energy"
   &TOTALENERGY [&Type "Double"]      -3.0804537407904731e+03  "MP2 total energy"
$End
$MP2_Nuc_Gradient
   &GeometryIndex 81
   &ListStatus       IN
   &NATOMS [&Type "Integer"] 81
   &GRADNORM [&Type "Double"]       1.0708531076668861e-03
   &GRAD [&Type "ArrayOfDoubles", &Dim (81,1)] 
                                                         0

0                                     -1.3826193521204646e-04
1                                      2.9343925752147587e-04
2                                      7.3791538205822058e-05
3                                     -3.1975398926131771e-05
4                                      5.0905178267737772e-06
5                                      1.5389136614678972e-05
6                                     -2.6900490087231055e-05
7                                     -1.3836154400183320e-05
8                                      3.3294087996259270e-06
9                                      1.9362636638327324e-05
10                                     5.2621529565177391e-05
11                                     1.9354140861586357e-05
12                                     7.3030707187669505e-05
13                                    -4.6545842045496856e-05
14                                     4.8857218905296040e-07
15                                    -1.8823344117563888e-04
16                                     3.4420799564886806e-05
17                                     1.2719276045375372e-05
18                                     3.6544408005517726e-05
19                                     1.9503825845500200e-05
20                                     5.4755223376072928e-05
21                                     1.0977132435616849e-05
22                                     1.2086868512665994e-05
23                                     1.4068042152037830e-06
24                                    -1.7767861970809096e-05
25                                    -1.0136538708956783e-05
26                                     3.4259824876710365e-05
27                                    -1.1602874458362805e-05
28                                     1.5362106532780528e-05
29                                     3.9092502513472793e-06
30                                    -8.6303889509121989e-06
31                                    -1.2232297339377987e-05
32                                     2.4671088438323052e-05
33                                    -1.1102225990922837e-05
34                                    -4.8784961928123594e-06
35                                     1.7008657894834744e-05
36                                    -1.6057429361886200e-05
37                                    -2.2617424814616593e-07
38                                     2.4763015541081138e-05
39                                     5.2159850204956887e-04
40                                    -5.6429653206741025e-04
41                                    -1.8661020161848344e-04
42                                    -4.0671239999816788e-04
43                                     2.9419609329310592e-04
44                                     2.0579198900984481e-04
45                                    -6.5436009214513147e-05
46                                    -1.9703217158545741e-05
47                                     3.4643112874421615e-05
48                                    -3.9826931437211832e-05
49                                    -1.5758936423075631e-05
50                                     3.8300563842525413e-05
51                                    -2.3012978272521356e-06
52                                     1.1939914447906159e-05
53                                    -1.9598072922412044e-05
54                                    -2.3994492009730972e-05
55                                     4.4671159330628152e-06
56                                     1.1514082982874013e-04
57                                     7.4501125060081469e-05
58                                    -5.4834800339298440e-08
59                                    -1.0072426370807963e-04
60                                     5.5081998349859607e-05
61                                     5.1577400886956143e-05
62                                    -1.4600280203780347e-05
63                                    -2.1885929659813674e-05
64                                     1.2480916650323831e-05
65                                     3.7844629194802581e-05
66                                    -4.4330480609307971e-05
67                                    -2.0368505766702599e-05
68                                     3.8010960706737033e-05
69                                    -1.4850853336786929e-05
70                                     7.5512217874735416e-06
71                                     3.0877970050086599e-05
72                                    -6.3128306506399223e-06
73                                    -2.1558292885606040e-05
74                                     3.6351741089686584e-05
75                                    -1.6696514741832563e-05
76                                    -1.3339706131099138e-06
77                                     3.2243663782507634e-05
78                                    -1.1828481013734238e-05
79                                     1.2714947932090936e-05
80                                     3.9780905153766286e-05
$End
$Geometry
   &GeometryIndex 82
   &ListStatus       OUT
   &NATOMS [&Type "Integer"] 27
   &NCORELESSECP [&Type "Integer"] 0
   &NGHOSTATOMS [&Type "Integer"] 0
   &CartesianCoordinates [&Type "Coordinates", &Dim(27,4), &Units "Bohr"] 
              S      3.921961302030    5.050853160513   -2.408893663537
              O      2.489692890823    5.729155243697    4.464463163207
              O     -0.377872132401    3.296946059478    2.484755547689
              N      3.878721918201   -0.269972228890    3.232521025221
              C      4.055633998618    2.251843787398    2.091661493004
              C      3.973448996553    2.007900791978   -0.772755829967
              C      1.805582282504    3.781614104668    2.981480506445
              H      5.785949269989    3.273494592895    2.625485868782
              H      5.618419864138    0.902897649816   -1.367118387958
              H      2.271141144006    0.965413811981   -1.295841804293
              H      4.210568386640   -0.134029308391    5.125912935989
              H      5.331686737825   -1.326179592176    2.536153419337
              H      0.947554370359    6.605853561421    4.971906876895
              Cu     7.033481397903    6.974504061530   -0.699246112360
              S      9.929015822521    8.891675162788    1.351882438300
              O      9.821806051393   13.944439620561    5.919131119772
              O      6.174336967451   11.831535871166    6.438258627742
              N      9.654705317199    8.387416981716    9.046857670053
              C     10.113601301735    9.507466932557    6.553802277286
              C      9.365391416479    7.616323396754    4.521984262122
              C      8.461742019742   11.833779946483    6.295166288951
              H     12.082820788385   10.078647560211    6.259192282100
              H     10.481473805495    5.894125869609    4.795669993334
              H      7.372173664762    7.135244716921    4.771826426159
              H     10.387927308147    9.533201856824   10.408842110028
              H     10.664615149349    6.751656506072    9.149405084698
              H      8.631983218874   15.346065030001    5.768702291640
$End
$SCF_Energy
   &GeometryIndex 82
   &ListStatus       IN
   &SCF_ENERGY [&Type "Double"]      -3.0770596782900507e+03
$End
$Solvation_Details
   &GeometryIndex 82
   &ListStatus       IN
   &SOLVENT [&Type "String"] "WATER"
   &EPSILON [&Type "Double"]       8.0150999999999996e+01
   &REFRAC [&Type "Double"]       1.3328000000000000e+00
   &RSOLV [&Type "Double"]       1.3000000000000000e+00
   &SURFACETYPE [&Type "String"] "GAUSSIAN VDW"
   &NPOINTS [&Type "Integer"] 2500
   &SURFACEAREA [&Type "Double"]       1.0575392310909999e+03
   &CPCMDIELENERGY [&Type "Double"]      -1.3189975400000001e-01
$End
$MP2_Energies
   &GeometryIndex 82
   &ListStatus       IN
   &REFENERGY [&Type "Double"]      -3.0770596782900507e+03  "Reference Energy"
   &CORRENERGY [&Type "Double"]      -3.3940513373617511e+00  "MP2 correlation energy"
   &TOTALENERGY [&Type "Double"]      -3.0804537296274125e+03  "MP2 total energy"
$End
$MP2_Nuc_Gradient
   &GeometryIndex 82
   &ListStatus       IN
   &NATOMS [&Type "Integer"] 81
   &GRADNORM [&Type "Double"]       1.0639333298917946e-03
   &GRAD [&Type "ArrayOfDoubles", &Dim (81,1)] 
                                                         0

0                                     -2.5902088684639103e-04
1                                      2.6247294929882328e-04
2                                      5.3441661252797736e-05
3                                     -7.8815477836717551e-05
4                                     -8.8370294706249797e-06
5                                     -4.6054855994279165e-05
6                                     -2.3338713898646279e-05
7                                      2.2122954194576938e-05
8                                     -5.5974137380784134e-05
9                                     -2.0483933738171811e-06
10                                     2.8398180035403911e-05
11                                     6.5305065130934377e-05
12                                     1.8071120128108561e-05
13                                     1.0127253660515150e-04
14                                    -1.9560387499724385e-04
15                                    -2.1762036700890414e-05
16                                    -1.0419268154816114e-04
17                                     2.1752015191189855e-04
18                                     4.6498940647149434e-05
19                                    -6.3450414213982176e-05
20                                     2.0477891251529951e-04
21                                     2.6288918075240142e-05
22                                     1.0889932270490010e-05
23                                    -2.2140272555447316e-05
24                                    -1.8516249775359789e-05
25                                     6.7876929248297802e-06
26                                     1.2567452316661343e-07
27                                    -6.3436390005111587e-06
28                                     2.6413908569559302e-05
29                                    -2.2351052090861454e-05
30                                    -1.2922933055901052e-05
31                                    -1.4566048502269620e-05
32                                     1.5004388921657785e-05
33                                    -1.3187860799686313e-05
34                                    -1.9378583697920310e-05
35                                     4.0675097298412816e-05
36                                     1.3732695217524848e-05
37                                     1.4842186133699753e-05
38                                     3.4476915558856458e-05
39                                     4.6662221383465341e-04
40                                    -4.6629548111757593e-04
41                                    -1.8757588653349217e-04
42                                    -2.2820697150532660e-04
43                                     2.9718038160475579e-04
44                                     2.4678242858683190e-04
45                                    -1.2316023965529277e-04
46                                    -7.8493537687412615e-05
47                                     4.2058235712328761e-05
48                                    -4.8987539807698877e-05
49                                    -4.2243750469482533e-05
50                                     3.0080899441412012e-05
51                                     3.7449334376493670e-05
52                                     8.3474609685056395e-05
53                                    -1.9884191096294565e-05
54                                    -3.1165861179092980e-05
55                                    -1.4361281905411055e-04
56                                     3.6699652475255529e-05
57                                     2.5014990108807728e-05
58                                     4.0943411010473801e-05
59                                    -1.2642501440086190e-04
60                                     9.0887422434418608e-05
61                                     1.5380976434761946e-04
62                                     1.9500275512982640e-05
63                                    -2.1777258693678192e-05
64                                     2.8545653874348376e-05
65                                     5.1642745840721829e-05
66                                    -7.8412003572798233e-05
67                                    -4.9984968241049282e-05
68                                     6.0819043479521349e-05
69                                     4.8302810649047956e-06
70                                    -4.4336359984863821e-05
71                                     5.4541858996677572e-05
72                                    -3.3799238368334775e-05
73                                    -3.1173259849175822e-05
74                                     4.2189857274017167e-05
75                                    -2.9262957278394092e-05
76                                     5.2332310099129087e-06
77                                     4.6997037927268108e-05
78                                     2.2636834505866676e-05
79                                     2.0404484233335629e-05
80                                     3.4754287267186722e-05
$End
$Geometry
   &GeometryIndex 83
   &ListStatus       OUT
   &NATOMS [&Type "Integer"] 27
   &NCORELESSECP [&Type "Integer"] 0
   &NGHOSTATOMS [&Type "Integer"] 0
   &CartesianCoordinates [&Type "Coordinates", &Dim(27,4), &Units "Bohr"] 
              S      3.907727810835    5.051829637573   -2.404751147287
              O      2.454596199385    5.719717919074    4.461609204922
              O     -0.387370629739    3.264349836330    2.473503457630
              N      3.894797731939   -0.268420223257    3.237269326725
              C      4.055923739505    2.254480687953    2.095945581103
              C      3.987245298419    2.008943953154   -0.768437042951
              C      1.790508725101    3.766324552994    2.977151250276
              H      5.775748986059    3.289869337652    2.636420013285
              H      5.646316477336    0.922371051829   -1.357422459440
              H      2.298051126572    0.948173898106   -1.297309756149
              H      4.217764938943   -0.128744776892    5.131950502861
              H      5.359385347328   -1.312924857080    2.547545502091
              H      0.904066182814    6.584490922127    4.964013204827
              Cu     7.012760610702    6.993055193732   -0.701810478502
              S      9.918505271583    8.895854821096    1.348673322872
              O      9.858109526969   13.942304318114    5.920761159599
              O      6.194413173439   11.858874009613    6.444846279604
              N      9.650702233867    8.383501216758    9.043143147988
              C     10.114413688991    9.502344121708    6.550385624381
              C      9.346466632031    7.620595602171    4.517638237952
              C      8.481454621111   11.842631899937    6.297587626607
              H     12.087787727162   10.057456925896    6.252708497546
              H     10.447253097357    5.887934047793    4.787564953196
              H      7.349353026621    7.156893217522    4.769567389730
              H     10.390970158719    9.524447342000   10.405405180017
              H     10.651089398775    6.741799376781    9.144330815971
              H      8.679522156897   15.353721114897    5.772916515786
$End
$SCF_Energy
   &GeometryIndex 83
   &ListStatus       IN
   &SCF_ENERGY [&Type "Double"]      -3.0770597014198811e+03
$End
$Solvation_Details
   &GeometryIndex 83
   &ListStatus       IN
   &SOLVENT [&Type "String"] "WATER"
   &EPSILON [&Type "Double"]       8.0150999999999996e+01
   &REFRAC [&Type "Double"]       1.3328000000000000e+00
   &RSOLV [&Type "Double"]       1.3000000000000000e+00
   &SURFACETYPE [&Type "String"] "GAUSSIAN VDW"
   &NPOINTS [&Type "Integer"] 2503
   &SURFACEAREA [&Type "Double"]       1.0570924407479999e+03
   &CPCMDIELENERGY [&Type "Double"]      -1.3187994800000000e-01
$End
$MP2_Energies
   &GeometryIndex 83
   &ListStatus       IN
   &REFENERGY [&Type "Double"]      -3.0770597014198811e+03  "Reference Energy"
   &CORRENERGY [&Type "Double"]      -3.3940224254459079e+00  "MP2 correlation energy"
   &TOTALENERGY [&Type "Double"]      -3.0804537238453272e+03  "MP2 total energy"
$End
$MP2_Nuc_Gradient
   &GeometryIndex 83
   &ListStatus       IN
   &NATOMS [&Type "Integer"] 81
   &GRADNORM [&Type "Double"]       1.0421033707982167e-03
   &GRAD [&Type "ArrayOfDoubles", &Dim (81,1)] 
                                                         0

0                                     -3.0229973249871686e-04
1                                      2.0483287780671648e-04
2                                      5.8069173025650234e-05
3                                     -5.8910699668478228e-05
4                                     -3.2580959562277662e-05
5                                     -5.9935712455539553e-05
6                                      6.7614833514084705e-07
7                                      4.5748615280311045e-05
8                                     -6.0750407055411987e-05
9                                     -3.1602752048019711e-05
10                                    -4.9214074600567592e-06
11                                     7.5736617802729840e-05
12                                    -2.3663259500093445e-05
13                                     1.9250708189040566e-04
14                                    -2.5849764043091306e-04
15                                     8.9249241491217227e-05
16                                    -2.2175710948375144e-04
17                                     2.8969021375106069e-04
18                                    -6.9448934926635841e-06
19                                    -9.4623705666447427e-05
20                                     2.1969799589537618e-04
21                                     5.4460251878440946e-06
22                                    -6.9472553901224476e-06
23                                    -2.1791979731421163e-05
24                                    -8.5427043174969575e-06
25                                     2.9263246139402121e-05
26                                    -2.8327701365342406e-05
27                                    -3.8400105610604529e-06
28                                     2.8049351683288870e-05
29                                     3.0758664844431766e-06
30                                    -1.3143317544405883e-05
31                                    -6.5920071759756685e-06
32                                     2.7926845629779040e-05
33                                    -7.1683313449151520e-06
34                                    -2.3293721877835905e-05
35                                     4.1477706449799534e-05
36                                     8.4664814701262969e-06
37                                     2.5713630039177204e-05
38                                     3.7156246191468248e-05
39                                     4.2306493273210066e-04
40                                    -2.6950721238936152e-04
41                                    -2.2573055210364790e-04
42                                    -8.5387056158564480e-05
43                                     2.7093331778053377e-04
44                                     2.4869282281876799e-04
45                                    -1.1981151615597652e-04
46                                    -1.0914780474375815e-04
47                                     3.5214793085239400e-05
48                                    -1.0636287691212498e-05
49                                    -3.4556180138343301e-05
50                                     1.4598219808021826e-05
51                                     4.3603640006863176e-05
52                                     8.1229687548087411e-05
53                                    -4.0857389364042790e-06
54                                    -3.0547622985117179e-05
55                                    -2.0333162778362127e-04
56                                    -4.9366299474697117e-05
57                                    -2.3708901788922071e-05
58                                     5.6387077176773409e-05
59                                    -9.7400764190694322e-05
60                                     4.9604646956372123e-05
61                                     1.7886688890080514e-04
62                                     4.9900684108636351e-05
63                                    -1.7783749775374114e-05
64                                     3.1673362876105324e-05
65                                     5.0694228815026388e-05
66                                    -7.7547496615631289e-05
67                                    -5.7175882139617884e-05
68                                     6.9176497746588524e-05
69                                     8.6321708427511412e-06
70                                    -7.0849142520701403e-05
71                                     7.1536097009698534e-05
72                                    -5.0060482828318334e-05
73                                    -1.8819021109027501e-05
74                                     4.9394614263429532e-05
75                                    -2.9423670309759731e-05
76                                    -6.4443673526357048e-06
77                                     5.5495653538861073e-05
78                                     2.1965600008132247e-05
79                                     3.0664420702389283e-05
80                                     2.9689698420905589e-05
$End
$Geometry
   &GeometryIndex 84
   &ListStatus       OUT
   &NATOMS [&Type "Integer"] 27
   &NCORELESSECP [&Type "Integer"] 0
   &NGHOSTATOMS [&Type "Integer"] 0
   &CartesianCoordinates [&Type "Coordinates", &Dim(27,4), &Units "Bohr"] 
              S      3.895924374511    5.061132007431   -2.396163793683
              O      2.429935034750    5.697514638647    4.467197020627
              O     -0.398812923886    3.239170706487    2.463662487562
              N      3.894856508840   -0.280723694132    3.224746307057
              C      4.049359663916    2.247008800737    2.093059703216
              C      3.989808901807    2.011911837879   -0.772334900975
              C      1.776098854273    3.747170892428    2.973961602663
              H      5.763588902114    3.286878408160    2.642673819170
              H      5.656913554301    0.937943209699   -1.361627410734
              H      2.308189618833    0.943294730239   -1.309620026611
              H      4.211759493799   -0.146284225339    5.120836775138
              H      5.365906584052   -1.316582852368    2.535686701182
              H      0.875236116622    6.555054181056    4.969298705354
              Cu     6.998963819324    7.002194939470   -0.689861739434
              S      9.919620249611    8.889759520118    1.353485936876
              O      9.885977274364   13.947509484057    5.913791781165
              O      6.212274113131   11.882511121988    6.441711338641
              N      9.653627862638    8.398073565795    9.049339292058
              C     10.120936580874    9.507758853161    6.553119420517
              C      9.342555697646    7.624565527112    4.525926599912
              C      8.499255454115   11.855139780851    6.295008204771
              H     12.096791997313   10.052339020123    6.252437352136
              H     10.435353185105    5.887386608468    4.799151902718
              H      7.343267501250    7.171017429532    4.779662910827
              H     10.396222944209    9.541858187295   10.407982825255
              H     10.650000463927    6.754279896419    9.156110331637
              H      8.713951431283   15.363992572266    5.761962763595
$End
$SCF_Energy
   &GeometryIndex 84
   &ListStatus       IN
   &SCF_ENERGY [&Type "Double"]      -3.0770597290487444e+03
$End
$Solvation_Details
   &GeometryIndex 84
   &ListStatus       IN
   &SOLVENT [&Type "String"] "WATER"
   &EPSILON [&Type "Double"]       8.0150999999999996e+01
   &REFRAC [&Type "Double"]       1.3328000000000000e+00
   &RSOLV [&Type "Double"]       1.3000000000000000e+00
   &SURFACETYPE [&Type "String"] "GAUSSIAN VDW"
   &NPOINTS [&Type "Integer"] 2505
   &SURFACEAREA [&Type "Double"]       1.0575614923310000e+03
   &CPCMDIELENERGY [&Type "Double"]      -1.3187000199999999e-01
$End
$MP2_Energies
   &GeometryIndex 84
   &ListStatus       IN
   &REFENERGY [&Type "Double"]      -3.0770597290487444e+03  "Reference Energy"
   &CORRENERGY [&Type "Double"]      -3.3940020379136131e+00  "MP2 correlation energy"
   &TOTALENERGY [&Type "Double"]      -3.0804537310866581e+03  "MP2 total energy"
$End
$MP2_Nuc_Gradient
   &GeometryIndex 84
   &ListStatus       IN
   &NATOMS [&Type "Integer"] 81
   &GRADNORM [&Type "Double"]       9.7349667601199380e-04
   &GRAD [&Type "ArrayOfDoubles", &Dim (81,1)] 
                                                         0

0                                     -3.1756501209014455e-04
1                                      1.6337741844305205e-04
2                                      4.8332112277899540e-05
3                                     -3.5829238744178316e-05
4                                     -3.4372956391234832e-05
5                                     -4.8291208550849118e-05
6                                     -5.4330559922100008e-06
7                                      5.7052321022477842e-05
8                                     -5.7038496267428768e-05
9                                     -4.5557352554764785e-05
10                                    -3.1263593697436823e-05
11                                     7.8705193552927252e-05
12                                    -5.3063075253743236e-05
13                                     2.2982561656606244e-04
14                                    -2.8174466320041169e-04
15                                     1.6862421798063444e-04
16                                    -2.6831914484689440e-04
17                                     2.8769780370372505e-04
18                                    -3.2325019796219934e-05
19                                    -1.2384432089075290e-04
20                                     1.9636840192142381e-04
21                                    -4.1880743393597764e-06
22                                    -2.8691995501824163e-05
23                                    -2.7486021391825988e-06
24                                    -3.4468722667907459e-06
25                                     5.0498691507951110e-05
26                                    -4.4770840140135812e-05
27                                    -9.9470662995107539e-06
28                                     2.6123652923468188e-05
29                                     6.9141493684570648e-06
30                                    -1.8941587025950168e-05
31                                     1.2914266545802078e-06
32                                     1.8084787623530441e-05
33                                    -1.4281562584587959e-06
34                                    -1.4754631991742428e-05
35                                     3.6110056546894559e-05
36                                    -1.5718597372732512e-06
37                                     3.9190640712744723e-05
38                                     3.8013583867345033e-05
39                                     3.1048159960131157e-04
40                                    -2.3767068282847881e-04
41                                    -1.2967572985355270e-04
42                                     3.6973124097937262e-05
43                                     2.6160420150282346e-04
44                                     2.1858991680182710e-04
45                                    -8.1277653052810872e-05
46                                    -8.7028570303800557e-05
47                                     3.2632114373487998e-05
48                                    -1.2094805538848119e-05
49                                    -2.8006030548928963e-05
50                                    -3.0924000006321214e-06
51                                     4.7185355121798223e-05
52                                     4.9824057174937056e-05
53                                     4.3430161431635972e-06
54                                    -2.7124206376922394e-05
55                                    -1.8771346552118665e-04
56                                    -7.6103862360510366e-05
57                                    -4.7556630162242514e-05
58                                     5.3295622574802554e-05
59                                    -2.6913526444433122e-05
60                                     4.4830381210309023e-05
61                                     1.3624564128323323e-04
62                                     7.3999947616594508e-05
63                                    -1.8343267579670752e-05
64                                     2.3437251569580556e-05
65                                     4.6256894600514922e-05
66                                    -5.5362369246744064e-05
67                                    -5.1720153650632039e-05
68                                     6.2549472665394089e-05
69                                     5.5996397255869690e-07
70                                    -6.2866131171420044e-05
71                                     6.4843568687746392e-05
72                                    -6.3564537968675144e-05
73                                     6.6639595114256767e-06
74                                     3.6874411669211848e-05
75                                    -2.5163509263969458e-05
76                                    -8.8837767041882731e-06
77                                     4.6751877534617278e-05
78                                     1.3402879952498920e-05
79                                     3.0254806233157017e-05
80                                     2.3016424176992411e-05
$End
$Geometry
   &GeometryIndex 85
   &ListStatus       OUT
   &NATOMS [&Type "Integer"] 27
   &NCORELESSECP [&Type "Integer"] 0
   &NGHOSTATOMS [&Type "Integer"] 0
   &CartesianCoordinates [&Type "Coordinates", &Dim(27,4), &Units "Bohr"] 
              S      3.890046328686    5.059348924772   -2.395017795755
              O      2.401065409161    5.688262987442    4.460380075555
              O     -0.409472617544    3.213746351702    2.450916126721
              N      3.897941263059   -0.284859139799    3.223395250876
              C      4.044795464383    2.244156087188    2.093964931953
              C      3.997683968142    2.010336588263   -0.772214884871
              C      1.761398119560    3.733704766769    2.966265570816
              H      5.751753527904    3.291959375981    2.651233195894
              H      5.673782949522    0.946979544888   -1.355306856317
              H      2.324848630927    0.931134050749   -1.315879887691
              H      4.207093195426   -0.149944672520    5.120744204615
              H      5.376667620457   -1.312964407403    2.539212124453
              H      0.840325060828    6.537746327754    4.957403501757
              Cu     6.984198570949    7.009735798507   -0.685025063352
              S      9.909338246183    8.893420576095    1.353749852075
              O      9.909275878017   13.950895306000    5.914644032775
              O      6.227988405920   11.901916089178    6.452963995456
              N      9.660912441167    8.401580956813    9.050567510479
              C     10.126356814784    9.510115983012    6.553351122848
              C      9.334197544453    7.630666708948    4.527815663697
              C      8.514400325845   11.864434368926    6.299769130003
              H     12.103872041224   10.045548981479    6.247194873919
              H     10.420123767926    5.888750924391    4.797782991632
              H      7.333335772884    7.186456403387    4.786033195475
              H     10.411354739611    9.542467147816   10.407386780197
              H     10.651727314070    6.754240701622    9.154391814575
              H      8.742552475179   15.372038415621    5.765484452852
$End
$SCF_Energy
   &GeometryIndex 85
   &ListStatus       IN
   &SCF_ENERGY [&Type "Double"]      -3.0770596958580372e+03
$End
$Solvation_Details
   &GeometryIndex 85
   &ListStatus       IN
   &SOLVENT [&Type "String"] "WATER"
   &EPSILON [&Type "Double"]       8.0150999999999996e+01
   &REFRAC [&Type "Double"]       1.3328000000000000e+00
   &RSOLV [&Type "Double"]       1.3000000000000000e+00
   &SURFACETYPE [&Type "String"] "GAUSSIAN VDW"
   &NPOINTS [&Type "Integer"] 2502
   &SURFACEAREA [&Type "Double"]       1.0577426200689999e+03
   &CPCMDIELENERGY [&Type "Double"]      -1.3185193900000000e-01
$End
$MP2_Energies
   &GeometryIndex 85
   &ListStatus       IN
   &REFENERGY [&Type "Double"]      -3.0770596958580372e+03  "Reference Energy"
   &CORRENERGY [&Type "Double"]      -3.3940376798003218e+00  "MP2 correlation energy"
   &TOTALENERGY [&Type "Double"]      -3.0804537335378377e+03  "MP2 total energy"
$End
$MP2_Nuc_Gradient
   &GeometryIndex 85
   &ListStatus       IN
   &NATOMS [&Type "Integer"] 81
   &GRADNORM [&Type "Double"]       6.6804051271866262e-04
   &GRAD [&Type "ArrayOfDoubles", &Dim (81,1)] 
                                                         0

0                                     -2.6409935619004475e-04
1                                      1.2341481467051385e-04
2                                      6.5454519264153757e-05
3                                     -6.3987056986847257e-06
4                                     -2.1766282847456714e-05
5                                      7.6592524884608326e-06
6                                      4.7474833033828157e-06
7                                      1.8523945608910075e-05
8                                     -1.3988197378266010e-05
9                                     -4.4579270168154661e-05
10                                    -4.2282546668163251e-05
11                                     6.4684224069695706e-05
12                                    -8.4050304551141694e-05
13                                     1.5019834944217251e-04
14                                    -1.3646788192787918e-04
15                                     1.9913146592550821e-04
16                                    -2.0071789017462455e-04
17                                     1.6453571122091587e-04
18                                    -5.0305748674692174e-05
19                                    -3.2426330203279979e-05
20                                     3.8262796640362029e-05
21                                    -1.1362660372639388e-05
22                                    -2.1174463942171678e-05
23                                     3.2403112469476733e-05
24                                     6.8581149996714552e-06
25                                     4.1507105199154598e-05
26                                    -2.7480362379896789e-05
27                                    -9.5364284071371153e-06
28                                     2.9191131207008392e-05
29                                     1.1072293983747927e-05
30                                    -1.8775130741201240e-05
31                                     1.4167115657852045e-05
32                                     2.1998598099322308e-05
33                                    -3.2372941371275332e-06
34                                     1.2575846401671753e-06
35                                     3.0678259931350010e-05
36                                    -1.4364869589875151e-06
37                                     1.7686945864993364e-05
38                                     2.6123232359344731e-05
39                                     2.3771317656887711e-04
40                                    -1.8391914620732950e-04
41                                    -7.1615094941123239e-05
42                                     3.4693826858722254e-05
43                                     1.8664837994908368e-04
44                                     1.0056093452175639e-04
45                                    -1.8533168732515204e-05
46                                    -2.0464002368067967e-05
47                                     3.9670345658584117e-05
48                                    -2.4180854102093252e-05
49                                    -1.8475463778565683e-05
50                                     9.3062294874053653e-06
51                                     2.2685900351704369e-05
52                                    -8.6364385196761005e-06
53                                     3.9451829284510229e-05
54                                    -2.1022603463562856e-05
55                                    -7.8936337282918545e-05
56                                    -3.2855078946070204e-05
57                                    -6.0974158179169513e-05
58                                    -1.2414248146568052e-05
59                                     1.2311779379457766e-05
60                                     1.3795489380963311e-05
61                                     5.4302839552487422e-05
62                                     4.2765408867509458e-05
63                                    -1.3176114508413328e-05
64                                    -7.4566782583967983e-07
65                                     3.4581711588876039e-05
66                                    -2.9282523013249295e-05
67                                    -2.3598073492205052e-05
68                                     4.1786962003784178e-05
69                                    -1.0524956912325023e-05
70                                    -3.9338871247186248e-05
71                                     4.6521218145455581e-05
72                                    -5.5001072169947804e-05
73                                     1.6590733051307510e-05
74                                     3.2057625146870300e-05
75                                    -2.0572308829434199e-05
76                                    -8.2776283997360034e-07
77                                     4.3156419902151601e-05
78                                     2.2701449426086595e-06
79                                     1.3313393927981421e-05
80                                     2.0082139312720907e-05
$End
$Geometry
   &GeometryIndex 86
   &ListStatus       OUT
   &NATOMS [&Type "Integer"] 27
   &NCORELESSECP [&Type "Integer"] 0
   &NGHOSTATOMS [&Type "Integer"] 0
   &CartesianCoordinates [&Type "Coordinates", &Dim(27,4), &Units "Bohr"] 
              S      3.885513015113    5.059893344949   -2.392536544590
              O      2.377809595269    5.675733811954    4.453356623484
              O     -0.420533110188    3.188542627076    2.442488568635
              N      3.895191723087   -0.296950223684    3.213598251233
              C      4.037768197448    2.235472637562    2.092162227630
              C      3.999775572467    2.008848441402   -0.775441096082
              C      1.747720391391    3.717219393781    2.960086207461
              H      5.739822189163    3.287158262235    2.657428381558
              H      5.681394695655    0.952162249570   -1.354958326039
              H      2.332599078528    0.924148779438   -1.325731022420
              H      4.199514541215   -0.166756143473    5.112072517120
              H      5.378422695485   -1.318706369105    2.529688844879
              H      0.812752103066    6.519659213979    4.946381193587
              Cu     6.972276466506    7.013655673880   -0.675228127504
              S      9.901419194137    8.894626652826    1.358549369871
              O      9.931490335436   13.957970734928    5.909697921564
              O      6.244203137352   11.924099496543    6.464558281916
              N      9.670055866305    8.413709557710    9.056951838666
              C     10.133779444807    9.517950057993    6.557407652005
              C      9.330296735570    7.638389531876    4.536123373490
              C      8.529925654780   11.877413325597    6.304055171688
              H     12.112634129773   10.045205116233    6.245805415899
              H     10.412036269234    5.893838826330    4.805227479450
              H      7.328480268809    7.201391412716    4.799205217334
              H     10.430133739935    9.552414831166   10.410299676745
              H     10.654036169401    6.762144295745    9.159105019406
              H      8.769045158977   15.382639608354    5.760851793652
$End
$SCF_Energy
   &GeometryIndex 86
   &ListStatus       IN
   &SCF_ENERGY [&Type "Double"]      -3.0770596894447876e+03
$End
$Solvation_Details
   &GeometryIndex 86
   &ListStatus       IN
   &SOLVENT [&Type "String"] "WATER"
   &EPSILON [&Type "Double"]       8.0150999999999996e+01
   &REFRAC [&Type "Double"]       1.3328000000000000e+00
   &RSOLV [&Type "Double"]       1.3000000000000000e+00
   &SURFACETYPE [&Type "String"] "GAUSSIAN VDW"
   &NPOINTS [&Type "Integer"] 2506
   &SURFACEAREA [&Type "Double"]       1.0583743277450001e+03
   &CPCMDIELENERGY [&Type "Double"]      -1.3182861200000001e-01
$End
$MP2_Energies
   &GeometryIndex 86
   &ListStatus       IN
   &REFENERGY [&Type "Double"]      -3.0770596894447876e+03  "Reference Energy"
   &CORRENERGY [&Type "Double"]      -3.3940482742902875e+00  "MP2 correlation energy"
   &TOTALENERGY [&Type "Double"]      -3.0804537377190777e+03  "MP2 total energy"
$End
$MP2_Nuc_Gradient
   &GeometryIndex 86
   &ListStatus       IN
   &NATOMS [&Type "Integer"] 81
   &GRADNORM [&Type "Double"]       4.7808478249210116e-04
   &GRAD [&Type "ArrayOfDoubles", &Dim (81,1)] 
                                                         0

0                                     -1.6847608619800433e-04
1                                      7.0996382127147886e-05
2                                      9.2364108665528126e-05
3                                      2.5360379250591314e-05
4                                      2.6666207171496814e-05
5                                      6.1413701484398092e-05
6                                      8.0681860939457728e-06
7                                     -1.2845346534375024e-05
8                                      2.1145757733358889e-05
9                                     -3.5363488236114793e-05
10                                    -4.3537049354624296e-05
11                                     1.7312630799629775e-05
12                                    -8.9073967176535318e-05
13                                     2.2478156120078058e-05
14                                     5.1164051710357594e-05
15                                     1.7180984075731640e-04
16                                    -4.5284596093344426e-05
17                                    -9.1622620782133568e-06
18                                    -5.0335763037812065e-05
19                                     1.5496262519856807e-05
20                                    -8.6308247348915873e-05
21                                    -2.4015446913501493e-05
22                                    -1.7306456535491621e-05
23                                     5.9365150853916623e-05
24                                     8.7080341235959424e-06
25                                     1.7099901722154864e-05
26                                     1.5837372042500422e-05
27                                    -8.9651329302151139e-06
28                                     1.6524402422953000e-05
29                                     1.3630232238343726e-05
30                                    -1.4689044750031393e-05
31                                     1.8055357778580961e-05
32                                     2.9216604742247909e-05
33                                    -3.8272351995521925e-06
34                                     1.4507340644630967e-05
35                                     1.7790736331495943e-05
36                                    -1.7659219719960706e-05
37                                     5.0470729154664107e-07
38                                     1.2638839058908002e-05
39                                     1.6197685392860131e-04
40                                    -1.5859379761927819e-04
41                                    -3.4141214882784862e-05
42                                    -5.3906221599057079e-06
43                                     9.6891745629284001e-05
44                                     1.1725344630838380e-06
45                                     4.7203590615635393e-05
46                                     4.0432379926196374e-05
47                                     2.6856100272134795e-05
48                                    -1.4780337588379822e-05
49                                     9.1875521644967616e-06
50                                     1.0548120541509914e-05
51                                    -2.8015879119047682e-05
52                                    -5.3721469884760072e-05
53                                     5.8021370214624696e-05
54                                    -2.5403192799068608e-05
55                                     7.1896497561660389e-05
56                                     1.7829323178328305e-05
57                                    -6.4395516325223973e-05
58                                    -8.6353060645159851e-05
59                                     9.5229013211073354e-05
60                                    -3.0747936069344672e-05
61                                    -8.4105905382032484e-05
62                                     3.3067411618063758e-05
63                                    -2.6192357932275367e-06
64                                    -2.3706803310454688e-05
65                                     2.3271414136337258e-05
66                                     2.0974109244280281e-05
67                                     1.7073612999018994e-05
68                                     1.6384194489214160e-05
69                                    -9.7245190298425599e-06
70                                     1.7576159958360843e-05
71                                     1.1894495608447651e-05
72                                    -3.1355529442583796e-05
73                                     2.4516366120778260e-05
74                                     2.1873753094821258e-05
75                                    -1.0468320292632283e-05
76                                     3.9532723776977696e-06
77                                     3.0589092849577556e-05
78                                    -1.1251421519989369e-05
79                                    -7.0452787266778172e-06
80                                     2.4058671688787035e-05
$End
$Geometry
   &GeometryIndex 87
   &ListStatus       OUT
   &NATOMS [&Type "Integer"] 27
   &NCORELESSECP [&Type "Integer"] 0
   &NGHOSTATOMS [&Type "Integer"] 0
   &CartesianCoordinates [&Type "Coordinates", &Dim(27,4), &Units "Bohr"] 
              S      3.883942140384    5.053817081844   -2.395567064836
              O      2.367178817109    5.674765474235    4.444690849039
              O     -0.423959478051    3.176942164080    2.437183647158
              N      3.898151331099   -0.298135979242    3.215041687618
              C      4.036700064551    2.233466742862    2.091653587579
              C      4.002811687325    2.004418046061   -0.775939339263
              C      1.742739284443    3.711514335580    2.955348262591
              H      5.735964850314    3.289350084649    2.657725814073
              H      5.687505689008    0.950694328765   -1.352023201005
              H      2.338919022197    0.915361552718   -1.327624898272
              H      4.200135840723   -0.165908002849    5.113728041242
              H      5.384011692912   -1.317631857239    2.533492747062
              H      0.799750871913    6.516193269739    4.934428934333
              Cu     6.964458403520    7.014102641393   -0.674943931465
              S      9.889751627017    8.900131492209    1.359505786830
              O      9.943410659882   13.960123666940    5.911109316278
              O      6.252538684741   11.936256199240    6.478188333262
              N      9.674918969712    8.414495525609    9.057912375928
              C     10.135665134081    9.519395319472    6.558172637094
              C      9.321881505936    7.643622604915    4.537367506989
              C      8.537601553850   11.883408829212    6.310322928110
              H     12.115218521373   10.041302759292    6.242144695473
              H     10.398624120228    5.895449064031    4.802983913452
              H      7.319233083309    7.212814063317    4.804513152402
              H     10.443139297101    9.548916253168   10.410262960703
              H     10.652994896790    6.759157905669    9.155672089842
              H      8.784274987255   15.387851581911    5.765855078421
$End
$SCF_Energy
   &GeometryIndex 87
   &ListStatus       IN
   &SCF_ENERGY [&Type "Double"]      -3.0770596948831985e+03
$End
$Solvation_Details
   &GeometryIndex 87
   &ListStatus       IN
   &SOLVENT [&Type "String"] "WATER"
   &EPSILON [&Type "Double"]       8.0150999999999996e+01
   &REFRAC [&Type "Double"]       1.3328000000000000e+00
   &RSOLV [&Type "Double"]       1.3000000000000000e+00
   &SURFACETYPE [&Type "String"] "GAUSSIAN VDW"
   &NPOINTS [&Type "Integer"] 2509
   &SURFACEAREA [&Type "Double"]       1.0584562323550001e+03
   &CPCMDIELENERGY [&Type "Double"]      -1.3181397400000000e-01
$End
$MP2_Energies
   &GeometryIndex 87
   &ListStatus       IN
   &REFENERGY [&Type "Double"]      -3.0770596948831985e+03  "Reference Energy"
   &CORRENERGY [&Type "Double"]      -3.3940431059909164e+00  "MP2 correlation energy"
   &TOTALENERGY [&Type "Double"]      -3.0804537379891894e+03  "MP2 total energy"
$End
$MP2_Nuc_Gradient
   &GeometryIndex 87
   &ListStatus       IN
   &NATOMS [&Type "Integer"] 81
   &GRADNORM [&Type "Double"]       4.5186134574702971e-04
   &GRAD [&Type "ArrayOfDoubles", &Dim (81,1)] 
                                                         0

0                                     -1.5730116542202015e-04
1                                      6.0764396568680282e-05
2                                      1.0824600623991678e-04
3                                      2.1391589430402869e-05
4                                      3.5995183343420778e-05
5                                      4.5613207435978020e-05
6                                      1.2941209120542752e-05
7                                     -1.0078630226957597e-06
8                                      1.3964860030045434e-05
9                                     -3.3601593009940922e-05
10                                    -1.8216105613652958e-05
11                                     1.8730109407413473e-05
12                                    -1.1731515624883830e-04
13                                    -4.1816145119064410e-06
14                                     5.8270464794826782e-05
15                                     1.7661210314694718e-04
16                                    -1.5231887321928705e-06
17                                    -3.2318747023293848e-05
18                                    -3.1452674203860664e-05
19                                     2.3124832745080592e-06
20                                    -5.1049239509836503e-05
21                                    -1.4279392500572696e-05
22                                    -8.9004870301792605e-06
23                                     4.5299980952717006e-05
24                                     6.1943082601476074e-06
25                                    -1.5871642188372559e-06
26                                     2.9677193387860068e-05
27                                    -7.4590600191923317e-07
28                                     8.3496853819226002e-06
29                                     2.3515668901366582e-06
30                                    -1.6823874092604732e-05
31                                     1.5630533491661422e-05
32                                     2.5761527313622468e-05
33                                    -3.3694351400277711e-06
34                                     1.1733689972544259e-05
35                                     1.9260663426869107e-05
36                                    -1.5356874616928584e-05
37                                    -4.2685739702896797e-06
38                                     5.9537684594743873e-06
39                                     1.2581956296436869e-04
40                                    -1.7411277349364102e-04
41                                    -3.8730422360488438e-05
42                                    -2.6700029902456974e-05
43                                     8.1248634882570905e-05
44                                     7.9997543520633069e-06
45                                     3.5923640374045662e-05
46                                     3.8557108204578371e-05
47                                     1.5481721250989837e-05
48                                    -2.1228288673499907e-05
49                                     6.0581577476976917e-06
50                                     1.2844539341612740e-05
51                                    -4.0729265227162914e-05
52                                    -3.2758952475276520e-05
53                                     5.5583751923944658e-05
54                                    -2.0411536624177079e-05
55                                     7.2286470532055558e-05
56                                     2.2535875439821940e-05
57                                    -2.9711505036777996e-05
58                                    -8.7079712548704391e-05
59                                     7.9411200064605225e-05
60                                    -2.3707319482701994e-05
61                                    -7.0878566207016949e-05
62                                     4.5194798149936904e-05
63                                    -4.8463075084798080e-06
64                                    -2.5287315864439344e-05
65                                     2.8741135144227936e-05
66                                     1.6772587282852525e-05
67                                     1.4246916856249653e-05
68                                     9.0096337162729606e-06
69                                    -1.3605484286985381e-05
70                                     2.3302910711824748e-05
71                                     9.3560141902065963e-06
72                                    -2.4333196390115622e-05
73                                     1.1949383213017556e-05
74                                     2.9788215830186399e-05
75                                    -8.6275292291229655e-06
76                                     2.4029030766814508e-06
77                                     3.4597672555331232e-05
78                                    -1.1396417905637501e-05
79                                    -2.0335910871638330e-06
80                                     2.6454288883888139e-05
$End
$Geometry
   &GeometryIndex 88
   &ListStatus       OUT
   &NATOMS [&Type "Integer"] 27
   &NCORELESSECP [&Type "Integer"] 0
   &NGHOSTATOMS [&Type "Integer"] 0
   &CartesianCoordinates [&Type "Coordinates", &Dim(27,4), &Units "Bohr"] 
              S      3.881090521182    5.046799266819   -2.398861234857
              O      2.349041782840    5.668572214303    4.434733460550
              O     -0.429645564586    3.154007112640    2.431218351420
              N      3.905521571885   -0.302230766752    3.214581697692
              C      4.035295086605    2.229262401849    2.090259049233
              C      4.006086038930    1.998706929274   -0.777406598968
              C      1.734431123591    3.698960528393    2.949867243501
              H      5.729776754465    3.292432525628    2.657374458420
              H      5.694800983771    0.949385752423   -1.349900453057
              H      2.346581965050    0.903930525259   -1.331092018433
              H      4.205096110809   -0.168499811912    5.113510170218
              H      5.395490461877   -1.316810412389    2.534709892128
              H      0.777490612345    6.504531509025    4.920707753140
              Cu     6.953146680169    7.015976726827   -0.673969989783
              S      9.873567448053    8.907078268753    1.361976445374
              O      9.968912986901   13.964130172478    5.912187616488
              O      6.268954541235   11.961728382565    6.495292626088
              N      9.678610755163    8.418563955842    9.060157223130
              C     10.138079914868    9.522369023652    6.559888737757
              C      9.306445325998    7.652873109823    4.540507608812
              C      8.552970347834   11.895770462140    6.318123922982
              H     12.119647860690   10.032776352576    6.237927861363
              H     10.372140366522    5.897396452629    4.802663206944
              H      7.301741307859    7.235018753016    4.813028791407
              H     10.460978164307    9.545362865021   10.410753561737
              H     10.643994562785    6.755481572402    9.152372554079
              H      8.817315547574   15.398301275295    5.770593973272
$End
$SCF_Energy
   &GeometryIndex 88
   &ListStatus       IN
   &SCF_ENERGY [&Type "Double"]      -3.0770597092493831e+03
$End
$Solvation_Details
   &GeometryIndex 88
   &ListStatus       IN
   &SOLVENT [&Type "String"] "WATER"
   &EPSILON [&Type "Double"]       8.0150999999999996e+01
   &REFRAC [&Type "Double"]       1.3328000000000000e+00
   &RSOLV [&Type "Double"]       1.3000000000000000e+00
   &SURFACETYPE [&Type "String"] "GAUSSIAN VDW"
   &NPOINTS [&Type "Integer"] 2510
   &SURFACEAREA [&Type "Double"]       1.0587178665619999e+03
   &CPCMDIELENERGY [&Type "Double"]      -1.3178040699999999e-01
$End
$MP2_Energies
   &GeometryIndex 88
   &ListStatus       IN
   &REFENERGY [&Type "Double"]      -3.0770597092493831e+03  "Reference Energy"
   &CORRENERGY [&Type "Double"]      -3.3940356804873342e+00  "MP2 correlation energy"
   &TOTALENERGY [&Type "Double"]      -3.0804537449298705e+03  "MP2 total energy"
$End
$MP2_Nuc_Gradient
   &GeometryIndex 88
   &ListStatus       IN
   &NATOMS [&Type "Integer"] 81
   &GRADNORM [&Type "Double"]       3.8647344242623700e-04
   &GRAD [&Type "ArrayOfDoubles", &Dim (81,1)] 
                                                         0

0                                     -8.8731296924268906e-05
1                                      6.2521630848560300e-05
2                                      1.1888840885328905e-04
3                                     -3.0489032674732575e-06
4                                      3.6978012122407256e-05
5                                      2.0283909826869506e-05
6                                     -1.4373314009455407e-05
7                                     -9.1181888078606388e-06
8                                      7.7635783576578132e-06
9                                     -2.0397437957370146e-05
10                                     4.8223438541567659e-06
11                                     3.1452862537592954e-05
12                                    -1.4515330285065457e-04
13                                    -2.6681041833008165e-05
14                                     5.7575831281360401e-05
15                                     1.4595323942861831e-04
16                                     5.4231570461294593e-05
17                                    -5.6187555005741963e-05
18                                     9.3769788185593672e-06
19                                    -1.3403748643631835e-05
20                                     1.9239650454350860e-06
21                                     4.2049937124012671e-06
22                                     5.1197468967922877e-06
23                                     1.9039414715283157e-05
24                                    -6.2361288220499911e-07
25                                    -2.4750870647686357e-05
26                                     4.4756914539053824e-05
27                                     1.3737973357949573e-05
28                                    -1.2407356389774332e-05
29                                    -3.6586792606860263e-06
30                                    -1.6223075715270530e-05
31                                    -3.4857051631927150e-06
32                                     2.1885387094126851e-05
33                                    -1.1822630459328715e-05
34                                    -5.3899590531057695e-06
35                                     2.7316466115975130e-05
36                                    -1.8542071926648529e-05
37                                     2.7293140988891851e-06
38                                     3.3076226072861759e-06
39                                     1.1103113309242569e-04
40                                    -1.3357416534951838e-04
41                                    -4.2386776910019984e-05
42                                    -7.5016888326848077e-05
43                                     3.9411014628397065e-05
44                                     2.5272778868672477e-05
45                                     9.8081209211134390e-06
46                                     8.2304844212293879e-06
47                                     2.3315526975230261e-05
48                                    -1.3844702450194202e-05
49                                    -8.2434585033019578e-06
50                                     1.9155614274426330e-05
51                                    -4.6453625656639463e-05
52                                    -7.5376608374769227e-06
53                                     2.9119605678378305e-05
54                                    -2.9407378137301377e-06
55                                     4.7014539751293744e-05
56                                     4.2536019938983760e-05
57                                     1.4471262856884104e-06
58                                    -4.1264543312550389e-05
59                                     4.9947998716222408e-05
60                                    -6.6537454154330655e-06
61                                    -3.7795462557735360e-05
62                                     2.5291488652046112e-05
63                                    -1.3889417152662675e-05
64                                    -1.7429128545087130e-05
65                                     3.7968335977052806e-05
66                                     1.9800612884313118e-06
67                                     7.8638141552955787e-06
68                                     2.0642360258053827e-05
69                                    -1.5845210089709960e-05
70                                     2.4337304106348753e-05
71                                     1.1338104854666242e-05
72                                    -1.1792850285768930e-05
73                                    -4.6092519878776494e-06
74                                     3.4268205713523098e-05
75                                    -9.2428690814626291e-06
76                                     4.4814108735719005e-06
77                                     3.7902326409770988e-05
78                                    -1.2045403787130926e-05
79                                     5.1734108590176242e-06
80                                     2.6947059484272798e-05
$End
$Geometry
   &GeometryIndex 89
   &ListStatus       OUT
   &NATOMS [&Type "Integer"] 27
   &NCORELESSECP [&Type "Integer"] 0
   &NGHOSTATOMS [&Type "Integer"] 0
   &CartesianCoordinates [&Type "Coordinates", &Dim(27,4), &Units "Bohr"] 
              S      3.881247585155    5.050029605626   -2.397989997180
              O      2.361964442867    5.669959581789    4.440321903572
              O     -0.424811061583    3.162372990435    2.439518488840
              N      3.906360939976   -0.302062190838    3.212626602760
              C      4.037862971853    2.229873786820    2.089487035061
              C      4.001924361948    2.000848679179   -0.778118668604
              C      1.741185860635    3.702873559193    2.954858779878
              H      5.735387835064    3.289888678164    2.653365610997
              H      5.686927162550    0.947837615080   -1.354764389050
              H      2.338737977979    0.910290162900   -1.329029708090
              H      4.210387310134   -0.170042782503    5.110958937449
              H      5.392976520627   -1.318905432577    2.528819615711
              H      0.792894554892    6.508550192280    4.929719874923
              Cu     6.957953327815    7.013586923137   -0.674723047010
              S      9.879010820661    8.902587304341    1.362373002344
              O      9.963721085452   13.962766901783    5.909153699653
              O      6.264227498721   11.958412020204    6.487963386562
              N      9.671733011801    8.419207135972    9.060592469266
              C     10.134962077643    9.521613557789    6.560454804510
              C      9.308398058413    7.650118298063    4.540885970624
              C      8.548552646751   11.893834305929    6.314346624690
              H     12.116700347832   10.033481760817    6.241850309486
              H     10.375279980216    5.895782368839    4.806045778164
              H      7.303797351854    7.230164168864    4.810785764737
              H     10.451945323865    9.546642650895   10.411879099431
              H     10.636718964631    6.756036142823    9.155222660416
              H      8.811516300967   15.396127162578    5.764601301496
$End
$SCF_Energy
   &GeometryIndex 89
   &ListStatus       IN
   &SCF_ENERGY [&Type "Double"]      -3.0770597084613541e+03
$End
$Solvation_Details
   &GeometryIndex 89
   &ListStatus       IN
   &SOLVENT [&Type "String"] "WATER"
   &EPSILON [&Type "Double"]       8.0150999999999996e+01
   &REFRAC [&Type "Double"]       1.3328000000000000e+00
   &RSOLV [&Type "Double"]       1.3000000000000000e+00
   &SURFACETYPE [&Type "String"] "GAUSSIAN VDW"
   &NPOINTS [&Type "Integer"] 2508
   &SURFACEAREA [&Type "Double"]       1.0585637020260001e+03
   &CPCMDIELENERGY [&Type "Double"]      -1.3177941000000001e-01
$End
$MP2_Energies
   &GeometryIndex 89
   &ListStatus       IN
   &REFENERGY [&Type "Double"]      -3.0770597084613541e+03  "Reference Energy"
   &CORRENERGY [&Type "Double"]      -3.3940312529429706e+00  "MP2 correlation energy"
   &TOTALENERGY [&Type "Double"]      -3.0804537397142972e+03  "MP2 total energy"
$End
$MP2_Nuc_Gradient
   &GeometryIndex 89
   &ListStatus       IN
   &NATOMS [&Type "Integer"] 81
   &GRADNORM [&Type "Double"]       3.7447932004570477e-04
   &GRAD [&Type "ArrayOfDoubles", &Dim (81,1)] 
                                                         0

0                                     -9.3820577143475907e-05
1                                      8.8386109407213517e-05
2                                      1.0477303436373826e-04
3                                     -2.4456711367172590e-05
4                                      5.2501917775643614e-06
5                                      4.1953468979498421e-06
6                                     -2.1667185429022351e-05
7                                      1.1058604313697595e-05
8                                      1.0588762644838517e-05
9                                     -3.3146242819082072e-06
10                                     8.0885733578159313e-06
11                                     2.7393596853752741e-05
12                                    -1.2320838270050635e-04
13                                    -1.7353990492197709e-05
14                                     4.3199238053771849e-05
15                                     1.1517643741535896e-04
16                                     4.2486783426064906e-05
17                                    -1.2969776745586081e-05
18                                     2.4587949459864422e-05
19                                     4.3733787344034381e-06
20                                     3.5233831769711232e-05
21                                     6.3719770528811170e-06
22                                     8.2725109392181584e-06
23                                     7.6326194048126350e-06
24                                    -8.0166238651188659e-07
25                                    -2.0664493640909498e-05
26                                     3.8825081598336739e-05
27                                     1.8428498853195752e-05
28                                    -1.9942422761612399e-05
29                                    -9.8708189754243003e-06
30                                    -1.4172023512254439e-05
31                                    -9.0587513371168105e-06
32                                     1.8323229143329955e-05
33                                    -1.2104896974923784e-05
34                                    -1.0185372529655790e-05
35                                     3.0259003479162633e-05
36                                    -1.6557786872227476e-05
37                                     4.6666319563730407e-06
38                                    -4.9366652219925977e-07
39                                     1.3416704823967943e-04
40                                    -1.5379956313230038e-04
41                                    -5.3241082406785267e-05
42                                    -8.5061680914653211e-05
43                                     4.6328693558514433e-05
44                                     4.0747631300318277e-05
45                                    -2.3871543301023923e-05
46                                    -1.0611150345814571e-05
47                                     3.1002817057786472e-05
48                                     4.3827367775250980e-07
49                                    -3.4936046080240486e-06
50                                     2.8050854701961933e-05
51                                    -3.7025175756044693e-05
52                                     1.2085003871151884e-05
53                                     1.8562954235776946e-05
54                                     1.1911230760712488e-06
55                                    -2.3950567002752055e-06
56                                     3.7208348981358080e-05
57                                     1.2449232376830766e-05
58                                    -9.9329371226059004e-06
59                                     3.4900475903404393e-05
60                                    -3.5833078870783908e-06
61                                     3.3841513279583499e-06
62                                     1.3429232354519871e-05
63                                    -1.5916270944438260e-05
64                                    -9.3985954965451757e-06
65                                     4.2728735515670628e-05
66                                    -1.1403803923837330e-05
67                                    -1.7995005356652438e-06
68                                     3.2187768911983924e-05
69                                    -9.6357138247293861e-06
70                                     1.0278141713684040e-05
71                                     2.2875378455767918e-05
72                                    -1.5893677390112215e-05
73                                    -9.1027086842020155e-06
74                                     3.7907060295230832e-05
75                                    -1.8227365843941079e-05
76                                    -3.5764498000634415e-07
77                                     3.5502575414618053e-05
78                                    -4.3335186692902705e-06
79                                    -2.0822334589679081e-06
80                                     2.5463596126455799e-05
$End
$Geometry
   &GeometryIndex 90
   &ListStatus       OUT
   &NATOMS [&Type "Integer"] 27
   &NCORELESSECP [&Type "Integer"] 0
   &NGHOSTATOMS [&Type "Integer"] 0
   &CartesianCoordinates [&Type "Coordinates", &Dim(27,4), &Units "Bohr"] 
              S      3.881423975641    5.055640459509   -2.395314390649
              O      2.375701812682    5.669211529590    4.448706594751
              O     -0.420486607291    3.173065104787    2.446574302670
              N      3.903735420637   -0.303102518160    3.208824712212
              C      4.039325649848    2.229875633649    2.088517724637
              C      3.997553920892    2.004268549944   -0.779145261029
              C      1.747587134768    3.706995004649    2.959915276990
              H      5.740268314440    3.285130741731    2.650850783179
              H      5.678833407493    0.947947177193   -1.360510578130
              H      2.330534646885    0.918629401697   -1.328088065361
              H      4.211224009062   -0.173919925313    5.106806593987
              H      5.386900910431   -1.322494103285    2.521356147321
              H      0.809659371732    6.510865109131    4.942443664228
              Cu     6.963583485536    7.012634585612   -0.673804206017
              S      9.888710031724    8.896084315066    1.362915990557
              O      9.955599374612   13.961732649568    5.905868049557
              O      6.257778589485   11.951792275416    6.476160722795
              N      9.665824355802    8.421255290848    9.061469567587
              C     10.132594634021    9.521502317731    6.560981441737
              C      9.314189015474    7.646085323995    4.541753837481
              C      8.542667766385   11.890802551124    6.308747832887
              H     12.114110779847   10.036736023483    6.246267422818
              H     10.384337261951    5.894364575309    4.811125999843
              H      7.310029471454    7.221812490401    4.808113437935
              H     10.440761065730    9.551847347781   10.413135603302
              H     10.633585642407    6.759951993242    9.160360303858
              H      8.801529817071   15.393161242883    5.757172401494
$End
$SCF_Energy
   &GeometryIndex 90
   &ListStatus       IN
   &SCF_ENERGY [&Type "Double"]      -3.0770597128100812e+03
$End
$Solvation_Details
   &GeometryIndex 90
   &ListStatus       IN
   &SOLVENT [&Type "String"] "WATER"
   &EPSILON [&Type "Double"]       8.0150999999999996e+01
   &REFRAC [&Type "Double"]       1.3328000000000000e+00
   &RSOLV [&Type "Double"]       1.3000000000000000e+00
   &SURFACETYPE [&Type "String"] "GAUSSIAN VDW"
   &NPOINTS [&Type "Integer"] 2505
   &SURFACEAREA [&Type "Double"]       1.0585083043540001e+03
   &CPCMDIELENERGY [&Type "Double"]      -1.3178144600000000e-01
$End
$MP2_Energies
   &GeometryIndex 90
   &ListStatus       IN
   &REFENERGY [&Type "Double"]      -3.0770597128100812e+03  "Reference Energy"
   &CORRENERGY [&Type "Double"]      -3.3940260651874739e+00  "MP2 correlation energy"
   &TOTALENERGY [&Type "Double"]      -3.0804537388752688e+03  "MP2 total energy"
$End
$MP2_Nuc_Gradient
   &GeometryIndex 90
   &ListStatus       IN
   &NATOMS [&Type "Integer"] 81
   &GRADNORM [&Type "Double"]       3.5624937820916960e-04
   &GRAD [&Type "ArrayOfDoubles", &Dim (81,1)] 
                                                         0

0                                     -1.0950817929230704e-04
1                                      8.4674710409380488e-05
2                                      9.4248835288772946e-05
3                                     -2.3220469764356766e-05
4                                     -1.4134603115150551e-05
5                                      3.6271065068094188e-06
6                                     -1.3527407840330241e-05
7                                      7.1269137630579349e-06
8                                      1.0771943137668355e-05
9                                     -3.9014302836357095e-06
10                                     6.1707481446605927e-06
11                                     6.7180692156550842e-06
12                                    -1.0276075010385612e-04
13                                    -2.8742069413645842e-06
14                                     4.8027452821168548e-05
15                                     1.0087101362655712e-04
16                                     1.1397151090521834e-05
17                                     1.6027271757493300e-05
18                                     4.1760442943822307e-06
19                                     5.6619740322477741e-06
20                                     3.1344677255823461e-05
21                                    -6.5023252485071903e-06
22                                    -4.9338844363214229e-07
23                                     1.6502397508645628e-05
24                                    -8.7614807089617108e-07
25                                    -7.9350264619096333e-06
26                                     2.3102663353010214e-05
27                                     1.4061375478723742e-05
28                                    -1.2335353507347130e-05
29                                     4.0397785707642353e-06
30                                    -1.6061133211988255e-05
31                                    -1.7521235707060150e-06
32                                     1.6403331872714977e-05
33                                    -1.4104694609228668e-05
34                                    -3.4351536274089545e-06
35                                     2.6496380488297971e-05
36                                    -5.7546765154375956e-06
37                                     2.2594505743704640e-06
38                                     6.0727267155516462e-07
39                                     1.4862226699512051e-04
40                                    -1.4862428958605520e-04
41                                    -5.9971801759912610e-05
42                                    -6.4915186536029269e-05
43                                     4.3157378440140601e-05
44                                     4.3037014403238261e-05
45                                    -9.6801091133552619e-06
46                                    -1.0939890728538845e-05
47                                     2.8176780276245074e-05
48                                    -5.3095035396771850e-06
49                                     3.4218471012563076e-07
50                                     2.1923944735255385e-05
51                                    -2.1517337525929492e-05
52                                     4.2526245034096508e-06
53                                     3.4467350282068807e-05
54                                    -3.8229686794219453e-06
55                                    -1.6694567055358656e-05
56                                     1.8918124040138984e-05
57                                     5.9553347163121551e-06
58                                    -1.8750776477234610e-06
59                                     2.0713140859232593e-05
60                                    -1.6907578332114870e-05
61                                     2.2943915647383531e-05
62                                     3.1469926493190442e-05
63                                    -1.0927437825283826e-05
64                                     1.1304564668246364e-06
65                                     3.9916182337336285e-05
66                                    -1.6068963605592179e-05
67                                    -7.6972711114398074e-06
68                                     3.9622103582328920e-05
69                                    -1.1708283889584614e-05
70                                    -8.0164456251518093e-06
71                                     2.8058780991418314e-05
72                                    -2.2561058315927543e-05
73                                    -5.6096602799871054e-06
74                                     3.5443068968729619e-05
75                                    -2.3443654682781673e-05
76                                    -3.6047963984098264e-06
77                                     3.2830063878149050e-05
78                                    -1.3661444419194035e-06
79                                    -4.9941407563730555e-06
80                                     2.3997962896872473e-05
$End
$Geometry
   &GeometryIndex 91
   &ListStatus       OUT
   &NATOMS [&Type "Integer"] 27
   &NCORELESSECP [&Type "Integer"] 0
   &NGHOSTATOMS [&Type "Integer"] 0
   &CartesianCoordinates [&Type "Coordinates", &Dim(27,4), &Units "Bohr"] 
              S      3.883558274536    5.056950186638   -2.395304050153
              O      2.383107645128    5.671869107302    4.451948119112
              O     -0.418023540727    3.182504529463    2.448131707176
              N      3.901142017226   -0.300803768228    3.209784243180
              C      4.040090804932    2.231677839244    2.088640853089
              C      3.996384570880    2.005502933845   -0.778853082278
              C      1.751073323232    3.712230779374    2.961376045742
              H      5.742899544219    3.284387264909    2.649960449360
              H      5.675778743749    0.946849962721   -1.361335897990
              H      2.327355539791    0.922347979376   -1.326578358152
              H      4.209508405773   -0.171410965341    5.107625140178
              H      5.382608565362   -1.322516655741    2.522108046054
              H      0.818745185485    6.515668735174    4.947335260412
              Cu     6.967331339820    7.012110932212   -0.674218027849
              S      9.893801609115    8.894049604084    1.362272378595
              O      9.945572685004   13.960200397355    5.906035530360
              O      6.251398876580   11.942027844164    6.470666715036
              N      9.665131426034    8.419411799474    9.060631135133
              C     10.131577918283    9.520297738204    6.560355818017
              C      9.319269604780    7.642876350759    4.540648476699
              C      8.536641963309   11.886066127106    6.306420158038
              H     12.112206616350   10.039972472199    6.247284889107
              H     10.393197527727    5.893629040039    4.811097286033
              H      7.315889813417    7.213952375040    4.805362134136
              H     10.435794921842    9.552321190376   10.412784714867
              H     10.636946266775    6.760566350650    9.160897525819
              H      8.788573610099   15.389134997180    5.756128700920
$End
$SCF_Energy
   &GeometryIndex 91
   &ListStatus       LAST
   &SCF_ENERGY [&Type "Double"]      -3.0770597116468989e+03
$End
$Solvation_Details
   &GeometryIndex 91
   &ListStatus       LAST
   &SOLVENT [&Type "String"] "WATER"
   &EPSILON [&Type "Double"]       8.0150999999999996e+01
   &REFRAC [&Type "Double"]       1.3328000000000000e+00
   &RSOLV [&Type "Double"]       1.3000000000000000e+00
   &SURFACETYPE [&Type "String"] "GAUSSIAN VDW"
   &NPOINTS [&Type "Integer"] 2504
   &SURFACEAREA [&Type "Double"]       1.0584054618210000e+03
   &CPCMDIELENERGY [&Type "Double"]      -1.3178671700000000e-01
$End
$Mulliken_Population_Analysis
   &GeometryIndex 91
   &ListStatus       LAST
   &NATOMS [&Type "Integer"] 27
   &ATNO [&Type "ArrayOfIntegers", &Dim (27,1)] 
                                                         0

0                                                       16
1                                                        8
2                                                        8
3                                                        7
4                                                        6
5                                                        6
6                                                        6
7                                                        1
8                                                        1
9                                                        1
10                                                       1
11                                                       1
12                                                       1
13                                                      29
14                                                      16
15                                                       8
16                                                       8
17                                                       7
18                                                       6
19                                                       6
20                                                       6
21                                                       1
22                                                       1
23                                                       1
24                                                       1
25                                                       1
26                                                       1
   &ATOMICCHARGES [&Type "ArrayOfDoubles", &Dim (27,1)] 
                                                         0

0                                     -7.5032940666093850e-01
1                                     -5.0113872570664419e-01
2                                     -5.6641578448274466e-01
3                                     -6.6703383187568033e-01
4                                      2.1537930424044216e-01
5                                     -1.2147971508331690e-01
6                                      4.8546860700680039e-01
7                                      8.9661595060920862e-02
8                                      1.2138558635161878e-01
9                                      1.0277317201522673e-01
10                                     2.6027272495294884e-01
11                                     2.6289145830529659e-01
12                                     3.9682331486255951e-01
13                                     3.5058348734332512e-01
14                                    -7.5363988053666020e-01
15                                    -5.1218713246928260e-01
16                                    -5.6679120351507706e-01
17                                    -6.6855721506587429e-01
18                                     2.2792274252992684e-01
19                                    -1.2400976295574750e-01
20                                     4.8675683691557392e-01
21                                     9.4495019019824156e-02
22                                     1.1843073032539220e-01
23                                     9.7896454820390444e-02
24                                     2.5898627233307980e-01
25                                     2.6309862410781626e-01
26                                     3.9875672816076269e-01
$End
$Loewdin_Population_Analysis
   &GeometryIndex 91
   &ListStatus       LAST
   &NATOMS [&Type "Integer"] 27
   &ATNO [&Type "ArrayOfIntegers", &Dim (27,1)] 
                                                         0

0                                                       16
1                                                        8
2                                                        8
3                                                        7
4                                                        6
5                                                        6
6                                                        6
7                                                        1
8                                                        1
9                                                        1
10                                                       1
11                                                       1
12                                                       1
13                                                      29
14                                                      16
15                                                       8
16                                                       8
17                                                       7
18                                                       6
19                                                       6
20                                                       6
21                                                       1
22                                                       1
23                                                       1
24                                                       1
25                                                       1
26                                                       1
   &ATOMICCHARGES [&Type "ArrayOfDoubles", &Dim (27,1)] 
                                                         0

0                                      8.4944941753279934e-02
1                                      6.6009116096806153e-02
2                                     -1.4490724341866823e-02
3                                     -1.6320139528378874e-01
4                                     -3.0632894143399003e-01
5                                     -4.3999794886783228e-01
6                                     -3.9815942065586629e-01
7                                      1.5037331597040704e-01
8                                      1.2134555184360307e-01
9                                      1.1724633218088032e-01
10                                     1.6401925107548232e-01
11                                     1.6634698867344611e-01
12                                     2.2443044766989617e-01
13                                    -5.2373722679394064e-01
14                                     9.5789306812916308e-02
15                                     5.7441193491968079e-02
16                                    -1.5678425004541197e-02
17                                    -1.6573410610101025e-01
18                                    -3.1644617309355194e-01
19                                    -4.3253846048039613e-01
20                                    -4.0398921862907056e-01
21                                     1.3763627162576453e-01
22                                     1.1989829940493846e-01
23                                     1.2245148793157190e-01
24                                     1.6276890309023995e-01
25                                     1.6530450365257576e-01
26                                     2.2429612941201227e-01
$End
$Mayer_Population_Analysis
   &GeometryIndex 91
   &ListStatus       IN
   &NATOMS [&Type "Integer"] 27 "Total number of atoms"
   &BONDTHRESH [&Type "Double"]       1.0000000000000001e-01  "The threshold for printing"
   &NBONDORDERSPRINT [&Type "Integer"] 26 "The number of bond orders larger than threshold"
   &BONDORDERS [&Type "ArrayOfDoubles", &Dim (26,1)] "The bond orders"
                                                         0

0                                      9.1509006621339206e-01
1                                      6.4260649073054676e-01
2                                      1.1858205176394612e+00
3                                      8.1905893260716311e-01
4                                      1.9147255455258994e+00
5                                      9.3010349572615048e-01
6                                      9.2348650518628228e-01
7                                      9.2207714593962464e-01
8                                      9.7276959657918627e-01
9                                      9.1362670889001407e-01
10                                     9.9622754576748740e-01
11                                     9.8906976121189405e-01
12                                     9.7077840363863332e-01
13                                     6.4118171865339912e-01
14                                     9.3877038698226722e-01
15                                     1.1843608169429665e+00
16                                     8.2014408187952281e-01
17                                     1.9071993140795516e+00
18                                     9.4048117170009371e-01
19                                     9.2243498143014979e-01
20                                     9.2003197314743268e-01
21                                     9.7223987188097172e-01
22                                     9.0591783693309114e-01
23                                     9.9859919917037909e-01
24                                     9.9210074981996121e-01
25                                     9.7834888179934998e-01
   &COMPONENTS [&Type "ArrayOfIntegers", &Dim (26,4)] "The indices and atomic numbers of the bonding atoms"
                                                         0                           1                           2                           3

0                                                        0                          16                           5                           6
1                                                        0                          16                          13                          29
2                                                        1                           8                           6                           6
3                                                        1                           8                          12                           1
4                                                        2                           8                           6                           6
5                                                        3                           7                           4                           6
6                                                        3                           7                          10                           1
7                                                        3                           7                          11                           1
8                                                        4                           6                           5                           6
9                                                        4                           6                           6                           6
10                                                       4                           6                           7                           1
11                                                       5                           6                           8                           1
12                                                       5                           6                           9                           1
13                                                      13                          29                          14                          16
14                                                      14                          16                          19                           6
15                                                      15                           8                          20                           6
16                                                      15                           8                          26                           1
17                                                      16                           8                          20                           6
18                                                      17                           7                          18                           6
19                                                      17                           7                          24                           1
20                                                      17                           7                          25                           1
21                                                      18                           6                          19                           6
22                                                      18                           6                          20                           6
23                                                      18                           6                          21                           1
24                                                      19                           6                          22                           1
25                                                      19                           6                          23                           1
   &ATNO [&Type "ArrayOfIntegers", &Dim (27,1)] "Atomic number of the elements"
                                                         0

0                                                       16
1                                                        8
2                                                        8
3                                                        7
4                                                        6
5                                                        6
6                                                        6
7                                                        1
8                                                        1
9                                                        1
10                                                       1
11                                                       1
12                                                       1
13                                                      29
14                                                      16
15                                                       8
16                                                       8
17                                                       7
18                                                       6
19                                                       6
20                                                       6
21                                                       1
22                                                       1
23                                                       1
24                                                       1
25                                                       1
26                                                       1
   &NA [&Type "ArrayOfDoubles", &Dim (27,1)] "Mulliken gross atomic population"
                                                         0

0                                      1.6750329406660924e+01
1                                      8.5011387257066602e+00
2                                      8.5664157844827553e+00
3                                      7.6670338318756839e+00
4                                      5.7846206957595587e+00
5                                      6.1214797150833196e+00
6                                      5.5145313929932023e+00
7                                      9.1033840493907880e-01
8                                      8.7861441364838111e-01
9                                      8.9722682798477382e-01
10                                     7.3972727504705105e-01
11                                     7.3710854169470363e-01
12                                     6.0317668513744127e-01
13                                     2.8649416512656693e+01
14                                     1.6753639880536657e+01
15                                     8.5121871324692808e+00
16                                     8.5667912035150842e+00
17                                     7.6685572150658823e+00
18                                     5.7720772574700732e+00
19                                     6.1240097629557440e+00
20                                     5.5132431630844287e+00
21                                     9.0550498098017651e-01
22                                     8.8156926967460802e-01
23                                     9.0210354517960933e-01
24                                     7.4101372766692053e-01
25                                     7.3690137589218385e-01
26                                     6.0124327183923754e-01
   &ZA [&Type "ArrayOfDoubles", &Dim (27,1)] "Total nuclear charge"
                                                         0

0                                      1.6000000000000000e+01
1                                      8.0000000000000000e+00
2                                      8.0000000000000000e+00
3                                      7.0000000000000000e+00
4                                      6.0000000000000000e+00
5                                      6.0000000000000000e+00
6                                      6.0000000000000000e+00
7                                      1.0000000000000000e+00
8                                      1.0000000000000000e+00
9                                      1.0000000000000000e+00
10                                     1.0000000000000000e+00
11                                     1.0000000000000000e+00
12                                     1.0000000000000000e+00
13                                     2.9000000000000000e+01
14                                     1.6000000000000000e+01
15                                     8.0000000000000000e+00
16                                     8.0000000000000000e+00
17                                     7.0000000000000000e+00
18                                     6.0000000000000000e+00
19                                     6.0000000000000000e+00
20                                     6.0000000000000000e+00
21                                     1.0000000000000000e+00
22                                     1.0000000000000000e+00
23                                     1.0000000000000000e+00
24                                     1.0000000000000000e+00
25                                     1.0000000000000000e+00
26                                     1.0000000000000000e+00
   &QA [&Type "ArrayOfDoubles", &Dim (27,1)] "Mulliken gross atomic charge"
                                                         0

0                                     -7.5032940666092429e-01
1                                     -5.0113872570666018e-01
2                                     -5.6641578448275531e-01
3                                     -6.6703383187568388e-01
4                                      2.1537930424044127e-01
5                                     -1.2147971508331956e-01
6                                      4.8546860700679773e-01
7                                      8.9661595060921195e-02
8                                      1.2138558635161889e-01
9                                      1.0277317201522618e-01
10                                     2.6027272495294895e-01
11                                     2.6289145830529637e-01
12                                     3.9682331486255873e-01
13                                     3.5058348734330735e-01
14                                    -7.5363988053665665e-01
15                                    -5.1218713246928083e-01
16                                    -5.6679120351508416e-01
17                                    -6.6855721506588228e-01
18                                     2.2792274252992684e-01
19                                    -1.2400976295574395e-01
20                                     4.8675683691557126e-01
21                                     9.4495019019823490e-02
22                                     1.1843073032539198e-01
23                                     9.7896454820390666e-02
24                                     2.5898627233307947e-01
25                                     2.6309862410781615e-01
26                                     3.9875672816076246e-01
   &VA [&Type "ArrayOfDoubles", &Dim (27,1)] "Mayer's total valence"
                                                         0

0                                      1.6200478668847538e+00
1                                      1.9561036964251655e+00
2                                      1.9160936751122903e+00
3                                      2.8128399719346753e+00
4                                      3.6961121838587618e+00
5                                      3.8637737948894242e+00
6                                      4.1440303517023462e+00
7                                      9.9407630028821481e-01
8                                      9.7672102792710658e-01
9                                      9.9264889347329199e-01
10                                     9.3416411396685384e-01
11                                     9.3136483017693705e-01
12                                     8.6507331795872267e-01
13                                     1.2828810478005330e+00
14                                     1.6451090533604456e+00
15                                     1.9597519548239331e+00
16                                     1.9111200889009192e+00
17                                     2.8086927048578860e+00
18                                     3.6871899263523109e+00
19                                     3.8809554076255082e+00
20                                     4.1538656474975273e+00
21                                     9.9892491852497667e-01
22                                     9.7820881553393058e-01
23                                     9.9652204945776113e-01
24                                     9.3470875711591273e-01
25                                     9.3166649911447896e-01
26                                     8.6326595470196654e-01
   &BVA [&Type "ArrayOfDoubles", &Dim (27,1)] "Mayer's bonded valence"
                                                         0

0                                      1.6200478668846969e+00
1                                      1.9561036964251564e+00
2                                      1.9160936751122577e+00
3                                      2.8128399719347144e+00
4                                      3.6961121838587796e+00
5                                      3.8637737948893545e+00
6                                      4.1440303517023107e+00
7                                      9.9407630028823868e-01
8                                      9.7672102792711513e-01
9                                      9.9264889347329011e-01
10                                     9.3416411396686783e-01
11                                     9.3136483017695415e-01
12                                     8.6507331795872378e-01
13                                     1.2828810478005366e+00
14                                     1.6451090533604891e+00
15                                     1.9597519548239646e+00
16                                     1.9111200889010220e+00
17                                     2.8086927048577630e+00
18                                     3.6871899263523042e+00
19                                     3.8809554076255512e+00
20                                     4.1538656474975619e+00
21                                     9.9892491852495702e-01
22                                     9.7820881553394323e-01
23                                     9.9652204945776779e-01
24                                     9.3470875711589918e-01
25                                     9.3166649911446930e-01
26                                     8.6326595470196366e-01
   &FA [&Type "ArrayOfDoubles", &Dim (27,1)] "Mayer's free valence"
                                                         0

0                                      0.0000000000000000e+00
1                                      0.0000000000000000e+00
2                                      0.0000000000000000e+00
3                                      0.0000000000000000e+00
4                                      0.0000000000000000e+00
5                                      0.0000000000000000e+00
6                                      0.0000000000000000e+00
7                                      0.0000000000000000e+00
8                                      0.0000000000000000e+00
9                                      0.0000000000000000e+00
10                                     0.0000000000000000e+00
11                                     0.0000000000000000e+00
12                                     0.0000000000000000e+00
13                                     0.0000000000000000e+00
14                                     0.0000000000000000e+00
15                                     0.0000000000000000e+00
16                                     0.0000000000000000e+00
17                                     0.0000000000000000e+00
18                                     0.0000000000000000e+00
19                                     0.0000000000000000e+00
20                                     0.0000000000000000e+00
21                                     0.0000000000000000e+00
22                                     0.0000000000000000e+00
23                                     0.0000000000000000e+00
24                                     0.0000000000000000e+00
25                                     0.0000000000000000e+00
26                                     0.0000000000000000e+00
$End
$Mayer_Population_Analysis
   &GeometryIndex 91
   &ListStatus       IN
   &NATOMS [&Type "Integer"] 27 "Total number of atoms"
   &BONDTHRESH [&Type "Double"]       1.0000000000000001e-01  "The threshold for printing"
   &NBONDORDERSPRINT [&Type "Integer"] 26 "The number of bond orders larger than threshold"
   &BONDORDERS [&Type "ArrayOfDoubles", &Dim (26,1)] "The bond orders"
                                                         0

0                                      8.3975260544866104e-01
1                                      6.0913415750923117e-01
2                                      1.1144757994932402e+00
3                                      7.8067859276588203e-01
4                                      1.7850749712085836e+00
5                                      8.6928897073649702e-01
6                                      8.8263316751800180e-01
7                                      8.8127328237422120e-01
8                                      9.1128675926972380e-01
9                                      8.5816066955333004e-01
10                                     9.5477411266222634e-01
11                                     9.4770430386350568e-01
12                                     9.2958903970931628e-01
13                                     6.0782834148154830e-01
14                                     8.6264795232691616e-01
15                                     1.1139960298502081e+00
16                                     7.8196484288043522e-01
17                                     1.7778826117965818e+00
18                                     8.7964593891028597e-01
19                                     8.8171202661862424e-01
20                                     8.7933407634712657e-01
21                                     9.1160560911168154e-01
22                                     8.5086044801120131e-01
23                                     9.5797581008759070e-01
24                                     9.5071156980197269e-01
25                                     9.3510946787387950e-01
   &COMPONENTS [&Type "ArrayOfIntegers", &Dim (26,4)] "The indices and atomic numbers of the bonding atoms"
                                                         0                           1                           2                           3

0                                                        0                          16                           5                           6
1                                                        0                          16                          13                          29
2                                                        1                           8                           6                           6
3                                                        1                           8                          12                           1
4                                                        2                           8                           6                           6
5                                                        3                           7                           4                           6
6                                                        3                           7                          10                           1
7                                                        3                           7                          11                           1
8                                                        4                           6                           5                           6
9                                                        4                           6                           6                           6
10                                                       4                           6                           7                           1
11                                                       5                           6                           8                           1
12                                                       5                           6                           9                           1
13                                                      13                          29                          14                          16
14                                                      14                          16                          19                           6
15                                                      15                           8                          20                           6
16                                                      15                           8                          26                           1
17                                                      16                           8                          20                           6
18                                                      17                           7                          18                           6
19                                                      17                           7                          24                           1
20                                                      17                           7                          25                           1
21                                                      18                           6                          19                           6
22                                                      18                           6                          20                           6
23                                                      18                           6                          21                           1
24                                                      19                           6                          22                           1
25                                                      19                           6                          23                           1
   &ATNO [&Type "ArrayOfIntegers", &Dim (27,1)] "Atomic number of the elements"
                                                         0

0                                                       16
1                                                        8
2                                                        8
3                                                        7
4                                                        6
5                                                        6
6                                                        6
7                                                        1
8                                                        1
9                                                        1
10                                                       1
11                                                       1
12                                                       1
13                                                      29
14                                                      16
15                                                       8
16                                                       8
17                                                       7
18                                                       6
19                                                       6
20                                                       6
21                                                       1
22                                                       1
23                                                       1
24                                                       1
25                                                       1
26                                                       1
   &NA [&Type "ArrayOfDoubles", &Dim (27,1)] "Mulliken gross atomic population"
                                                         0

0                                      1.6742478371646399e+01
1                                      8.4850666666198702e+00
2                                      8.5412319603929898e+00
3                                      7.6626942143725909e+00
4                                      5.7978311535435783e+00
5                                      6.1338297582333761e+00
6                                      5.5520115241464927e+00
7                                      9.0530855007462596e-01
8                                      8.7450671794337509e-01
9                                      8.9371136354784131e-01
10                                     7.3916025788355522e-01
11                                     7.3644472666658789e-01
12                                     6.0604198258373898e-01
13                                     2.8651528907970576e+01
14                                     1.6745828405369895e+01
15                                     8.4963095591288322e+00
16                                     8.5418179172127342e+00
17                                     7.6643775569138812e+00
18                                     5.7834117613209139e+00
19                                     6.1371759754692388e+00
20                                     5.5502837677694981e+00
21                                     9.0162886776388818e-01
22                                     8.7750610634715165e-01
23                                     8.9898962224924461e-01
24                                     7.4042401447555606e-01
25                                     7.3624162876468147e-01
26                                     6.0415866158887011e-01
   &ZA [&Type "ArrayOfDoubles", &Dim (27,1)] "Total nuclear charge"
                                                         0

0                                      1.6000000000000000e+01
1                                      8.0000000000000000e+00
2                                      8.0000000000000000e+00
3                                      7.0000000000000000e+00
4                                      6.0000000000000000e+00
5                                      6.0000000000000000e+00
6                                      6.0000000000000000e+00
7                                      1.0000000000000000e+00
8                                      1.0000000000000000e+00
9                                      1.0000000000000000e+00
10                                     1.0000000000000000e+00
11                                     1.0000000000000000e+00
12                                     1.0000000000000000e+00
13                                     2.9000000000000000e+01
14                                     1.6000000000000000e+01
15                                     8.0000000000000000e+00
16                                     8.0000000000000000e+00
17                                     7.0000000000000000e+00
18                                     6.0000000000000000e+00
19                                     6.0000000000000000e+00
20                                     6.0000000000000000e+00
21                                     1.0000000000000000e+00
22                                     1.0000000000000000e+00
23                                     1.0000000000000000e+00
24                                     1.0000000000000000e+00
25                                     1.0000000000000000e+00
26                                     1.0000000000000000e+00
   &QA [&Type "ArrayOfDoubles", &Dim (27,1)] "Mulliken gross atomic charge"
                                                         0

0                                     -7.4247837164639918e-01
1                                     -4.8506666661987019e-01
2                                     -5.4123196039298982e-01
3                                     -6.6269421437259091e-01
4                                      2.0216884645642175e-01
5                                     -1.3382975823337606e-01
6                                      4.4798847585350732e-01
7                                      9.4691449925374038e-02
8                                      1.2549328205662491e-01
9                                      1.0628863645215869e-01
10                                     2.6083974211644478e-01
11                                     2.6355527333341211e-01
12                                     3.9395801741626102e-01
13                                     3.4847109202942406e-01
14                                    -7.4582840536989536e-01
15                                    -4.9630955912883223e-01
16                                    -5.4181791721273420e-01
17                                    -6.6437755691388123e-01
18                                     2.1658823867908605e-01
19                                    -1.3717597546923876e-01
20                                     4.4971623223050194e-01
21                                     9.8371132236111825e-02
22                                     1.2249389365284835e-01
23                                     1.0101037775075539e-01
24                                     2.5957598552444394e-01
25                                     2.6375837123531853e-01
26                                     3.9584133841112989e-01
   &VA [&Type "ArrayOfDoubles", &Dim (27,1)] "Mayer's total valence"
                                                         0

0                                      2.1178212479404177e+00
1                                      2.2485033122449902e+00
2                                      2.2309982882157180e+00
3                                      3.0570004193023865e+00
4                                      3.7957148502730034e+00
5                                      3.9854364646999798e+00
6                                      4.2225883544777902e+00
7                                      1.0013080343682645e+00
8                                      9.8414484395987734e-01
9                                      1.0017362116598301e+00
10                                     9.3989406749604443e-01
11                                     9.3691467094837910e-01
12                                     8.7100999005994129e-01
13                                     2.2233609984986926e+00
14                                     2.1440494098887251e+00
15                                     2.2516121443819106e+00
16                                     2.2262502500841226e+00
17                                     3.0529637885930909e+00
18                                     3.7827150365808868e+00
19                                     4.0039282550354525e+00
20                                     4.2319662354170653e+00
21                                     1.0074025088132432e+00
22                                     9.8593892727781540e-01
23                                     1.0056543647835634e+00
24                                     9.4044018165821253e-01
25                                     9.3719408682827987e-01
26                                     8.6926172413850111e-01
   &BVA [&Type "ArrayOfDoubles", &Dim (27,1)] "Mayer's bonded valence"
                                                         0

0                                      1.5032983720058213e+00
1                                      1.8395579056015519e+00
2                                      1.7766957860051058e+00
3                                      2.6647734799432166e+00
4                                      3.4731742876986971e+00
5                                      3.6387909545605770e+00
6                                      3.8797297461871030e+00
7                                      9.5097257135142821e-01
8                                      9.3298157796764336e-01
9                                      9.4856348050282380e-01
10                                     8.9131934912590205e-01
11                                     8.8852956697436902e-01
12                                     8.2430792771494255e-01
13                                     1.2122217788273590e+00
14                                     1.5270449583166774e+00
15                                     1.8443081295388222e+00
16                                     1.7719605733785544e+00
17                                     2.6613473286361331e+00
18                                     3.4658754988360396e+00
19                                     3.6544234674798695e+00
20                                     3.8900416936815607e+00
21                                     9.5602494836773100e-01
22                                     9.3432132141375035e-01
23                                     9.5131935069850615e-01
24                                     8.9195693285119571e-01
25                                     8.8894831897443904e-01
26                                     8.2276566047546562e-01
   &FA [&Type "ArrayOfDoubles", &Dim (27,1)] "Mayer's free valence"
                                                         0

0                                      6.1452287593459642e-01
1                                      4.0894540664343842e-01
2                                      4.5430250221061219e-01
3                                      3.9222693935916997e-01
4                                      3.2254056257430636e-01
5                                      3.4664551013940276e-01
6                                      3.4285860829068721e-01
7                                      5.0335463016836342e-02
8                                      5.1163265992233961e-02
9                                      5.3172731157006249e-02
10                                     4.8574718370142413e-02
11                                     4.8385103974010066e-02
12                                     4.6702062344998775e-02
13                                     1.0111392196713336e+00
14                                     6.1700445157204764e-01
15                                     4.0730401484308831e-01
16                                     4.5428967670556808e-01
17                                     3.9161645995695793e-01
18                                     3.1683953774484708e-01
19                                     3.4950478755558306e-01
20                                     3.4192454173550474e-01
21                                     5.1377560445512171e-02
22                                     5.1617605864065080e-02
23                                     5.4335014085057282e-02
24                                     4.8483248807016800e-02
25                                     4.8245767853840861e-02
26                                     4.6496063663035526e-02
$End
$Mayer_Population_Analysis
   &GeometryIndex 91
   &ListStatus       LAST
   &NATOMS [&Type "Integer"] 27 "Total number of atoms"
   &BONDTHRESH [&Type "Double"]       1.0000000000000001e-01  "The threshold for printing"
   &NBONDORDERSPRINT [&Type "Integer"] 26 "The number of bond orders larger than threshold"
   &BONDORDERS [&Type "ArrayOfDoubles", &Dim (26,1)] "The bond orders"
                                                         0

0                                      9.0420149611496792e-01
1                                      8.2345918870277768e-01
2                                      1.1751565434909730e+00
3                                      7.8317238219615481e-01
4                                      1.9307407034734614e+00
5                                      8.7991645575727429e-01
6                                      8.7355136566530700e-01
7                                      8.7293028331804434e-01
8                                      9.0594830498866474e-01
9                                      8.5899106768665268e-01
10                                     9.3235011734190121e-01
11                                     9.3280805381171350e-01
12                                     9.1040154801759687e-01
13                                     8.2420080341428825e-01
14                                     9.1872449037564252e-01
15                                     1.1838461066019768e+00
16                                     7.8475567805104640e-01
17                                     1.9207605173385249e+00
18                                     8.8200981258124311e-01
19                                     8.7197125006384990e-01
20                                     8.7020806270960127e-01
21                                     9.1239596373137200e-01
22                                     8.5409091599874176e-01
23                                     9.3787915525535837e-01
24                                     9.3674326137497521e-01
25                                     9.1507004179766538e-01
   &COMPONENTS [&Type "ArrayOfIntegers", &Dim (26,4)] "The indices and atomic numbers of the bonding atoms"
                                                         0                           1                           2                           3

0                                                        0                          16                           5                           6
1                                                        0                          16                          13                          29
2                                                        1                           8                           6                           6
3                                                        1                           8                          12                           1
4                                                        2                           8                           6                           6
5                                                        3                           7                           4                           6
6                                                        3                           7                          10                           1
7                                                        3                           7                          11                           1
8                                                        4                           6                           5                           6
9                                                        4                           6                           6                           6
10                                                       4                           6                           7                           1
11                                                       5                           6                           8                           1
12                                                       5                           6                           9                           1
13                                                      13                          29                          14                          16
14                                                      14                          16                          19                           6
15                                                      15                           8                          20                           6
16                                                      15                           8                          26                           1
17                                                      16                           8                          20                           6
18                                                      17                           7                          18                           6
19                                                      17                           7                          24                           1
20                                                      17                           7                          25                           1
21                                                      18                           6                          19                           6
22                                                      18                           6                          20                           6
23                                                      18                           6                          21                           1
24                                                      19                           6                          22                           1
25                                                      19                           6                          23                           1
   &ATNO [&Type "ArrayOfIntegers", &Dim (27,1)] "Atomic number of the elements"
                                                         0

0                                                       16
1                                                        8
2                                                        8
3                                                        7
4                                                        6
5                                                        6
6                                                        6
7                                                        1
8                                                        1
9                                                        1
10                                                       1
11                                                       1
12                                                       1
13                                                      29
14                                                      16
15                                                       8
16                                                       8
17                                                       7
18                                                       6
19                                                       6
20                                                       6
21                                                       1
22                                                       1
23                                                       1
24                                                       1
25                                                       1
26                                                       1
   &NA [&Type "ArrayOfDoubles", &Dim (27,1)] "Mulliken gross atomic population"
                                                         0

0                                      1.6574173947372778e+01
1                                      8.3986054978868729e+00
2                                      8.3960011707270166e+00
3                                      7.6408923285225310e+00
4                                      5.8763019650248554e+00
5                                      6.2072745313498912e+00
6                                      5.7259669713828343e+00
7                                      8.8764233534944625e-01
8                                      8.5063482443168381e-01
9                                      8.7472637344765936e-01
10                                     7.3434993147100691e-01
11                                     7.3308198378634148e-01
12                                     6.2456111665424197e-01
13                                     2.8939841959502740e+01
14                                     1.6572893314950463e+01
15                                     8.4114385106008740e+00
16                                     8.3973417696557053e+00
17                                     7.6444626222686374e+00
18                                     5.8646937542013937e+00
19                                     6.2111101264980304e+00
20                                     5.7256750970661905e+00
21                                     8.8751660475973160e-01
22                                     8.5298807409984367e-01
23                                     8.7905350553647343e-01
24                                     7.3485749399857403e-01
25                                     7.3233270055697319e-01
26                                     6.2158148889718390e-01
   &ZA [&Type "ArrayOfDoubles", &Dim (27,1)] "Total nuclear charge"
                                                         0

0                                      1.6000000000000000e+01
1                                      8.0000000000000000e+00
2                                      8.0000000000000000e+00
3                                      7.0000000000000000e+00
4                                      6.0000000000000000e+00
5                                      6.0000000000000000e+00
6                                      6.0000000000000000e+00
7                                      1.0000000000000000e+00
8                                      1.0000000000000000e+00
9                                      1.0000000000000000e+00
10                                     1.0000000000000000e+00
11                                     1.0000000000000000e+00
12                                     1.0000000000000000e+00
13                                     2.9000000000000000e+01
14                                     1.6000000000000000e+01
15                                     8.0000000000000000e+00
16                                     8.0000000000000000e+00
17                                     7.0000000000000000e+00
18                                     6.0000000000000000e+00
19                                     6.0000000000000000e+00
20                                     6.0000000000000000e+00
21                                     1.0000000000000000e+00
22                                     1.0000000000000000e+00
23                                     1.0000000000000000e+00
24                                     1.0000000000000000e+00
25                                     1.0000000000000000e+00
26                                     1.0000000000000000e+00
   &QA [&Type "ArrayOfDoubles", &Dim (27,1)] "Mulliken gross atomic charge"
                                                         0

0                                     -5.7417394737277760e-01
1                                     -3.9860549788687294e-01
2                                     -3.9600117072701657e-01
3                                     -6.4089232852253097e-01
4                                      1.2369803497514464e-01
5                                     -2.0727453134989116e-01
6                                      2.7403302861716572e-01
7                                      1.1235766465055375e-01
8                                      1.4936517556831619e-01
9                                      1.2527362655234064e-01
10                                     2.6565006852899309e-01
11                                     2.6691801621365852e-01
12                                     3.7543888334575803e-01
13                                     6.0158040497260146e-02
14                                    -5.7289331495046270e-01
15                                    -4.1143851060087400e-01
16                                    -3.9734176965570533e-01
17                                    -6.4446262226863738e-01
18                                     1.3530624579860628e-01
19                                    -2.1111012649803040e-01
20                                     2.7432490293380951e-01
21                                     1.1248339524026840e-01
22                                     1.4701192590015633e-01
23                                     1.2094649446352657e-01
24                                     2.6514250600142597e-01
25                                     2.6766729944302681e-01
26                                     3.7841851110281610e-01
   &VA [&Type "ArrayOfDoubles", &Dim (27,1)] "Mayer's total valence"
                                                         0

0                                      2.3943577805494316e+00
1                                      2.3331801349179195e+00
2                                      2.4010243790582275e+00
3                                      3.0709546995446542e+00
4                                      3.7533090627252772e+00
5                                      4.0127124966569703e+00
6                                      4.4400962305750626e+00
7                                      9.9704328324901759e-01
8                                      9.7229920737907294e-01
9                                      9.9545067612170668e-01
10                                     9.3442642675839382e-01
11                                     9.3245721371103218e-01
12                                     8.8912554235966967e-01
13                                     2.5377530088950007e+00
14                                     2.4171572445914240e+00
15                                     2.3373753756149376e+00
16                                     2.3929247750598797e+00
17                                     3.0591312512750330e+00
18                                     3.7689180748115176e+00
19                                     4.0284264324342614e+00
20                                     4.4493588199731970e+00
21                                     1.0000724763929092e+00
22                                     9.7208786294857907e-01
23                                     1.0010338798378853e+00
24                                     9.3446639436213397e-01
25                                     9.3287417152236307e-01
26                                     8.8618442752338289e-01
   &BVA [&Type "ArrayOfDoubles", &Dim (27,1)] "Mayer's bonded valence"
                                                         0

0                                      1.8144798839533873e+00
1                                      1.9352473075015093e+00
2                                      1.9655097794301952e+00
3                                      2.6851123125058267e+00
4                                      3.4364574246451900e+00
5                                      3.6715927790188800e+00
6                                      4.1206644939035026e+00
7                                      9.4919271318138732e-01
8                                      9.2182632490784655e-01
9                                      9.4454505323400861e-01
10                                     8.8621628017612231e-01
11                                     8.8445847089927088e-01
12                                     8.4308990532038586e-01
13                                     1.6791885191446700e+00
14                                     1.8338595483447464e+00
15                                     1.9409370968801825e+00
16                                     1.9573313909893379e+00
17                                     2.6735879270230591e+00
18                                     3.4584931554751264e+00
19                                     3.6851372049685542e+00
20                                     4.1306338460708538e+00
21                                     9.4982780284626900e-01
22                                     9.2156357612753770e-01
23                                     9.4791601394278779e-01
24                                     8.8634788647368534e-01
25                                     8.8499340441930330e-01
26                                     8.4032680117211311e-01
   &FA [&Type "ArrayOfDoubles", &Dim (27,1)] "Mayer's free valence"
                                                         0

0                                      5.7987789659604438e-01
1                                      3.9793282741641017e-01
2                                      4.3551459962803224e-01
3                                      3.8584238703882739e-01
4                                      3.1685163808008721e-01
5                                      3.4111971763809046e-01
6                                      3.1943173667155994e-01
7                                      4.7850570067630271e-02
8                                      5.0472882471226388e-02
9                                      5.0905622887698017e-02
10                                     4.8210146582271560e-02
11                                     4.7998742811761259e-02
12                                     4.6035637039283796e-02
13                                     8.5856448975033062e-01
14                                     5.8329769624667749e-01
15                                     3.9643827873475523e-01
16                                     4.3559338407054166e-01
17                                     3.8554332425197380e-01
18                                     3.1042491933639110e-01
19                                     3.4328922746570711e-01
20                                     3.1872497390234350e-01
21                                     5.0244673546640153e-02
22                                     5.0524286821041389e-02
23                                     5.3117865895097489e-02
24                                     4.8118507888448611e-02
25                                     4.7880767103059788e-02
26                                     4.5857626351269748e-02
$End
$MP2_Energies
   &GeometryIndex 91
   &ListStatus       LAST
   &REFENERGY [&Type "Double"]      -3.0770597116468989e+03  "Reference Energy"
   &CORRENERGY [&Type "Double"]      -3.3940378010120691e+00  "MP2 correlation energy"
   &TOTALENERGY [&Type "Double"]      -3.0804537494479109e+03  "MP2 total energy"
$End
$MP2_Nuc_Gradient
   &GeometryIndex 91
   &ListStatus       LAST
   &NATOMS [&Type "Integer"] 81
   &GRADNORM [&Type "Double"]       3.5820903115534925e-04
   &GRAD [&Type "ArrayOfDoubles", &Dim (81,1)] 
                                                         0

0                                     -1.2114581726019747e-04
1                                      7.7463064428233419e-05
2                                      8.8745238299030131e-05
3                                     -1.1111692887616487e-05
4                                     -1.1563151577673181e-05
5                                      2.5024160788915395e-06
6                                     -8.4534406773056903e-06
7                                      7.4692644702820110e-06
8                                      1.3963908360239974e-05
9                                     -5.1903466524866326e-06
10                                     9.7875581840916465e-06
11                                     2.1209493438218568e-06
12                                    -1.0280348742175080e-04
13                                     1.0192820069310216e-05
14                                     3.6397962490039570e-05
15                                     1.1624565701060310e-04
16                                    -2.5891172993813827e-05
17                                     2.3000280508750359e-05
18                                    -1.3391000853540946e-05
19                                     3.1095417249021873e-06
20                                     1.6912241018495963e-05
21                                    -1.0984189995049548e-05
22                                    -4.5616687853432258e-06
23                                     1.9975125427257323e-05
24                                     4.9143767191089927e-07
25                                     1.7917516708168546e-06
26                                     1.3323751874351822e-05
27                                     7.1904865922185757e-06
28                                    -1.0638775063864098e-05
29                                     7.6459860877016450e-06
30                                    -1.6639336681010912e-05
31                                     3.1676356806622889e-06
32                                     2.2255130021339720e-05
33                                    -1.5984184940344426e-05
34                                     8.7416953261851282e-07
35                                     2.4707029368312150e-05
36                                    -4.9884870055305619e-06
37                                     2.1524146082141371e-07
38                                     5.2745705723233199e-06
39                                     1.4960378694547948e-04
40                                    -1.4056450155452158e-04
41                                    -4.4827004846663757e-05
42                                    -3.4485443285298123e-05
43                                     6.1353433530251730e-05
44                                     6.4114428293063006e-05
45                                    -1.5475357101453480e-05
46                                    -1.6734509031856182e-05
47                                     2.6296929824901408e-05
48                                    -4.2384765180647488e-06
49                                     9.7086578603388859e-06
50                                     2.0173373073639755e-05
51                                    -6.1548998290597567e-06
52                                     1.1728358827846688e-06
53                                     3.6833696232634050e-05
54                                    -1.6434957261859257e-05
55                                    -3.2402357334399001e-05
56                                     4.9354209834887031e-06
57                                     9.0754056105216141e-06
58                                     1.3488406590992513e-05
59                                     1.5915703096759659e-05
60                                    -2.3020240343368803e-05
61                                     2.2313082565893726e-05
62                                     3.2268457814569468e-05
63                                    -7.8493120813996620e-06
64                                    -1.2542908677266179e-06
65                                     3.6173190947015599e-05
66                                    -1.8430325812831411e-05
67                                    -1.0141493271664803e-05
68                                     4.1774456964677534e-05
69                                    -9.5371287221895917e-06
70                                    -1.1564589349587727e-05
71                                     3.1905716352064080e-05
72                                    -2.7571248674047172e-05
73                                    -3.3821770257722039e-07
74                                     3.0457571041312553e-05
75                                    -2.5944727345503238e-05
76                                    -6.4049530795057263e-06
77                                     3.3779923358382650e-05
78                                    -4.1266214151729208e-06
79                                    -1.2325581882459413e-05
80                                     2.0795228679064501e-05
$End
$SCF_Dipole_Moment
   &GeometryIndex 91
   &ListStatus       FIRST
   &METHOD [&Type "String"] "SCF"
   &LEVEL [&Type "String"] "Relaxed density"
   &MULT [&Type "Integer"] 1
   &STATE [&Type "Integer"] -1
   &IRREP [&Type "Integer"] 0
   &NATOMS [&Type "Integer"] 27
   &DODIPOLEATOM [&Type "Boolean"] false
   &DIPOLEELECCONTRIB [&Type "ArrayOfDoubles", &Dim (3,1)] "Electronic contribution"
                                                         0

0                                      3.0621073247635383e-01
1                                      8.5370026251993139e+00
2                                     -1.7420368087813770e+01
   &DIPOLENUCCONTRIB [&Type "ArrayOfDoubles", &Dim (3,1)] "Nuclear contribution"
                                                         0

0                                      2.3033699566397940e+00
1                                     -8.8422541653990088e+00
2                                      2.1116207283673141e+01
   &DIPOLETOTAL [&Type "ArrayOfDoubles", &Dim (3,1)] "Total"
                                                         0

0                                      2.6095806891161479e+00
1                                     -3.0525154019969492e-01
2                                      3.6958391958593708e+00
   &DIPOLEMAGNITUDE [&Type "Double", &Units "a.u."]       4.5345691347086809e+00
$End
$MP2_Dipole_Moment
   &GeometryIndex 91
   &ListStatus       IN
   &METHOD [&Type "String"] "MP2"
   &LEVEL [&Type "String"] "Unrelaxed density"
   &MULT [&Type "Integer"] 1
   &STATE [&Type "Integer"] -1
   &IRREP [&Type "Integer"] 0
   &NATOMS [&Type "Integer"] 27
   &DODIPOLEATOM [&Type "Boolean"] false
   &DIPOLEELECCONTRIB [&Type "ArrayOfDoubles", &Dim (3,1)] "Electronic contribution"
                                                         0

0                                      2.3972816485117460e-01
1                                      8.5461935647616585e+00
2                                     -1.7421272747809521e+01
   &DIPOLENUCCONTRIB [&Type "ArrayOfDoubles", &Dim (3,1)] "Nuclear contribution"
                                                         0

0                                      2.3033699566397940e+00
1                                     -8.8422541653990088e+00
2                                      2.1116207283673141e+01
   &DIPOLETOTAL [&Type "ArrayOfDoubles", &Dim (3,1)] "Total"
                                                         0

0                                      2.5430981214909685e+00
1                                     -2.9606060063735029e-01
2                                      3.6949345358636201e+00
   &DIPOLEMAGNITUDE [&Type "Double", &Units "a.u."]       4.4952798755025638e+00
$End
$MP2_Dipole_Moment
   &GeometryIndex 91
   &ListStatus       LAST
   &METHOD [&Type "String"] "MP2"
   &LEVEL [&Type "String"] "Relaxed density"
   &MULT [&Type "Integer"] 1
   &STATE [&Type "Integer"] -1
   &IRREP [&Type "Integer"] 0
   &NATOMS [&Type "Integer"] 27
   &DODIPOLEATOM [&Type "Boolean"] false
   &DIPOLEELECCONTRIB [&Type "ArrayOfDoubles", &Dim (3,1)] "Electronic contribution"
                                                         0

0                                     -1.1946195466771070e-01
1                                      8.6480036588320157e+00
2                                     -1.7395158656813496e+01
   &DIPOLENUCCONTRIB [&Type "ArrayOfDoubles", &Dim (3,1)] "Nuclear contribution"
                                                         0

0                                      2.3033699566397940e+00
1                                     -8.8422541653990088e+00
2                                      2.1116207283673141e+01
   &DIPOLETOTAL [&Type "ArrayOfDoubles", &Dim (3,1)] "Total"
                                                         0

0                                      2.1839080019720836e+00
1                                     -1.9425050656699305e-01
2                                      3.7210486268596448e+00
   &DIPOLEMAGNITUDE [&Type "Double", &Units "a.u."]       4.3189570852039365e+00
$End
