 operating system is UNIX !

 force (vap-workplace) : TURBOMOLE rev. V7-6 19 Oct 2021 at 10:10:11 compiled Oct 19th 2021
 Copyright (C) 2021 TURBOMOLE GmbH, Karlsruhe


    2023-12-07 17:55:04.287 



                             T U R B O M O L E   

                          a o f o r c e - program

                        using direct algorithms for

                       SCF level calculations of
                         * harmonic force constants
                         * hyperpolarizabilities
                         * IR and RAMAN intensities
                         * VCD intensities

                       DFT level calculations of
                         * harmonic force constants
                         * IR intensities
                                                   
       Stephan Boecker, Peter Deglmann, Filipp Furche and Marco Haeser
                          Quantum Chemistry Group
                          Universitaet  Karlsruhe
                                   Germany

 
 
 
 
     References :
 
       RI-J implementation:
         Peter Deglmann, Klaus May, Filipp Furche, Reinhart Ahlrichs
                 Chem. Phys. Lett. 384:103 (2004)
 
       Efficiency, technical details:
         Peter Deglmann, Filipp Furche, Reinhart Ahlrichs
                 Chem. Phys. Lett. 362:511 (2002)
 
       Search of lowest eigenvalues by iterative diagonalization:
         Peter Deglmann, Filipp Furche
                 J. Chem. Phys. 117:9535 (2002)
 
       Vibrational circular dichroism implementation:
        Kevin Reiter, Michael Kuehn, Florian Weigend
                 J. Chem. Phys. 146:054102 (2017)  
 
 


              +--------------------------------------------------+
              | Atomic coordinate, charge and isotop information |
              +--------------------------------------------------+

                    atomic coordinates            atom    charge  isotop
          7.82819678   -3.69908369   -3.72823149    ag    47.000     0
          7.91488079    3.86297673   -1.74071317    n      7.000     0
          7.38439348    1.46891200   -2.63669525    c      6.000     0
          9.15975513   -0.37311609   -2.14628720    n      7.000     0
         11.28242873    0.13276482   -0.88070431    c      6.000     0
         11.79635153    2.61619040    0.02553276    c      6.000     0
         10.04996740    4.42498438   -0.45150704    c      6.000     0
          5.42785681    1.03485892   -3.80272547    o      8.000     0
         12.93600223   -1.72378487   -0.49835876    n      7.000     0
         12.50851723   -3.50551129   -1.03344215    h      1.000     0
         14.48261272   -1.42821723    0.57072988    h      1.000     0
         13.50770595    3.04926278    1.04812898    h      1.000     0
         10.26968888    6.36452561    0.15958950    h      1.000     0
          6.59747193    5.20265617   -2.11000742    h      1.000     0
          5.66194244  -10.77692139   -6.63220479    n      7.000     0
          6.94527650   -8.82495928   -5.44324751    c      6.000     0
          5.80141186   -6.48646967   -5.54071170    n      7.000     0
          3.59224005   -6.10697228   -6.70152490    c      6.000     0
          2.30946525   -8.14659287   -7.90801860    c      6.000     0
          3.42423330  -10.45017400   -7.82095595    c      6.000     0
          8.96152362   -9.17199043   -4.37971720    o      8.000     0
          2.61374937   -3.78877342   -6.72990325    n      7.000     0
          3.47434253   -2.33992649   -5.81262913    h      1.000     0
          0.90996734   -3.49218289   -7.52418570    h      1.000     0
          0.52445285   -7.87691968   -8.85807652    h      1.000     0
          2.59350845  -12.10902574   -8.68279840    h      1.000     0
          6.50551852  -12.49373622   -6.55873969    h      1.000     0
 
       center of nuclear mass  :    7.41085928   -3.41467492   -3.87950823
       center of nuclear charge:    7.38487367   -3.38589425   -3.88593760

   *************************************************************************
   job_SP_22                                                                
   *************************************************************************



              +--------------------------------------------------+
              |               basis set information              |
              +--------------------------------------------------+

              we will work with the 1s 3p 5d 7f 9g ... basis set
              ...i.e. with spherical basis functions...

   type   atoms  prim   cont   basis
   ---------------------------------------------------------------------------
    o        2     46     31   def2-TZVP   [5s3p2d1f|11s6p2d1f]
    ag       1     81     56   def2-TZVPP   [6s4p3d2f1g|7s7p6d2f1g]
    n        6     24     14   def2-SVP   [3s2p1d|7s4p1d]
    h       10      8      6   def2-TZVP   [3s1p|5s1p]
    c        8     46     31   def2-TZVP   [5s3p2d1f|11s6p2d1f]
   ---------------------------------------------------------------------------
   total:   27    765    510
   ---------------------------------------------------------------------------

   total number of primitive shells          :   81
   total number of contracted shells         :  202
   total number of cartesian basis functions :  581
   total number of SCF-basis functions       :  510

 number of unique ecp types :                     1

 symmetry group of the molecule :   c1 

 the group has the following generators :
   c1(z)

    1 symmetry operations found

 there are 1 real representations :   a   

 maximum number of shells which are related by symmetry :  1


 determining totally symmetric integral contributions 
    - equivalent to irreducible tensor elements - 
 which can be formed within each triple of representations :

             representation triple      contributions

              a     a     a               1

 reading cartesian hessian from $hessian,
 file=<hessian>


 actual cartesian coordinates & gradients will be read from $grad 

            ----------------------------
            actual cartesian coordinates
            ----------------------------
    1 ag      7.82819677873984     -3.69908368952534     -3.72823149362667
    2 n       7.91488078967161      3.86297672992935     -1.74071317463344
    3 c       7.38439347723097      1.46891199748474     -2.63669525113480
    4 n       9.15975512652496     -0.37311608533665     -2.14628720428114
    5 c      11.28242873158124      0.13276482415382     -0.88070431383008
    6 c      11.79635153346558      2.61619040251711      0.02553275606177
    7 c      10.04996740294234      4.42498438449757     -0.45150703796551
    8 o       5.42785681369135      1.03485891759674     -3.80272546507718
    9 n      12.93600223059654     -1.72378487232830     -0.49835875618859
   10 h      12.50851723286194     -3.50551129021750     -1.03344214614935
   11 h      14.48261271881655     -1.42821722582847      0.57072988218013
   12 h      13.50770595182820      3.04926277505762      1.04812898253433
   13 h      10.26968888358283      6.36452560567972      0.15958949572830
   14 h       6.59747192971809      5.20265617308680     -2.11000742378187
   15 n       5.66194244204714    -10.77692139073945     -6.63220479176282
   16 c       6.94527649703856     -8.82495927918415     -5.44324751177775
   17 n       5.80141185671148     -6.48646966989865     -5.54071169852948
   18 c       3.59224004908103     -6.10697228099484     -6.70152489502100
   19 c       2.30946524627249     -8.14659286885356     -7.90801859751926
   20 c       3.42423330277788    -10.45017399603287     -7.82095595262814
   21 o       8.96152361872886     -9.17199043327184     -4.37971720287397
   22 n       2.61374937082500     -3.78877342227360     -6.72990325324936
   23 h       3.47434252645311     -2.33992649031213     -5.81262912818472
   24 h       0.90996734087100     -3.49218289335843     -7.52418569525210
   25 h       0.52445285343055     -7.87691967885143     -8.85807651729121
   26 h       2.59350845350398    -12.10902574021053     -8.68279839839350
   27 h       6.50551851878394    -12.49373621566789     -6.55873968871631

              --------------------------
              actual cartesian gradients
              --------------------------
    1 ag     -0.00000799341513      0.00001327994629      0.00001470291264
    2 n      -0.00000042618400      0.00000054289276      0.00000755870271
    3 c      -0.00001374690538      0.00000171960128     -0.00000314820078
    4 n       0.00001075434067     -0.00002583266796     -0.00000361574752
    5 c      -0.00001656152492      0.00000625170923      0.00000173757729
    6 c      -0.00000026011603      0.00000034795980      0.00000213636537
    7 c       0.00000059546301      0.00000027417558     -0.00000864779349
    8 o       0.00000453982634     -0.00000003317163      0.00000064095346
    9 n       0.00002958502792      0.00000262963311     -0.00003481365883
   10 h      -0.00000671932975     -0.00000262263315      0.00000925174769
   11 h      -0.00000827675406     -0.00000518469921      0.00001484211150
   12 h      -0.00000008170684      0.00000086728230     -0.00000090673005
   13 h      -0.00000146135299     -0.00000014184671      0.00000281629301
   14 h      -0.00000031078805      0.00000026004796     -0.00000053704244
   15 n       0.00000629675966      0.00000560532913     -0.00000166975165
   16 c      -0.00000504814751     -0.00001262752538      0.00000397539988
   17 n       0.00001183867991      0.00001548902481     -0.00001427812329
   18 c       0.00000040435235     -0.00001170529648      0.00001234678858
   19 c       0.00000345424024      0.00000224510914     -0.00000045717633
   20 c      -0.00000389724043     -0.00000063602295      0.00000601924426
   21 o       0.00000100803007      0.00000214167148      0.00000260356978
   22 n      -0.00000902511186      0.00001623995055     -0.00002175563579
   23 h       0.00000604979846     -0.00000834079809      0.00000932534358
   24 h      -0.00000010665497      0.00000202040992      0.00000414170304
   25 h       0.00000118025460     -0.00000104792942     -0.00000196962930
   26 h       0.00000032284912     -0.00000027738996     -0.00000031254309
   27 h      -0.00000211449992     -0.00000146467151      0.00000001327143

 dipole moment read from <control>

                -----------------------
                permanent dipole moment
                -----------------------
             x              y             z
         18.5503898     -5.8977728     -9.1193817      (debyes)

 dipole derivatives read from <dipgrad>

        ----------------------------------------------------
        cartesian dipole derivative matrix (debyes/angstrom)
        ----------------------------------------------------

  atom       1 ag                             2 n 
            x          y          z          x          y          z
 
  x      1.810795   0.703278   0.304604  -3.852112   1.123229  -1.292051
  y      0.995792   4.310070   1.239611  -2.590697  -3.426392  -2.040992
  z      0.386158   1.080839   2.039263  -2.227914  -0.055212  -2.105694

  atom       3 c                              4 n 
            x          y          z          x          y          z
 
  x      7.656702   0.759911   3.582633  -6.069555  -0.114568  -2.673830
  y      1.122472   5.200135   1.604950   1.206468  -2.591722   0.269385
  z      3.640041   1.394907   3.626540  -2.395092  -0.452832  -2.453649

  atom       5 c                              6 c 
            x          y          z          x          y          z
 
  x      6.459775  -0.332401   2.765406  -1.178818   0.106909  -0.182265
  y     -3.033326   6.204708  -0.240639   1.399905  -3.866719  -0.047224
  z      2.029936   1.219388   2.382465   0.127672  -0.688991  -0.938006

  atom       7 c                              8 o 
            x          y          z          x          y          z
 
  x      3.764065  -1.914023   1.427090  -5.749903  -1.245563  -2.536294
  y     -0.160613   1.278593   0.206076  -0.912840  -3.555062  -0.987837
  z      1.866836  -0.722997   0.979264  -2.440810  -1.177192  -3.235107

  atom       9 n                             10 h 
            x          y          z          x          y          z
 
  x     -4.427876   1.885477  -0.714960   1.127588  -0.009153  -0.105810
  y      3.127935  -3.695947   1.172476  -0.158758   1.443725  -0.035627
  z      0.034202   0.199056  -1.975454  -0.296025   0.204688   1.253806

  atom      11 h                             12 h 
            x          y          z          x          y          z
 
  x      1.886590  -0.249181   0.124209   0.406089   0.034743  -0.201014
  y     -0.036912   0.767314  -0.209867   0.069804   0.254202  -0.100163
  z     -0.009574  -0.214762   1.432520  -0.179841  -0.116710   0.662230

  atom      13 h                             14 h 
            x          y          z          x          y          z
 
  x      0.508394   0.009184  -0.101638   1.242760  -0.533560  -0.237845
  y     -0.028011   0.397438  -0.091045  -0.507698   1.473161  -0.260569
  z     -0.106913  -0.073361   0.620603  -0.231340  -0.274541   1.232052

  atom      15 n                             16 c 
            x          y          z          x          y          z
 
  x     -4.132608   2.098360  -1.341979   7.401647  -1.799009   3.028953
  y     -1.890689  -2.889059  -1.532731  -0.264887   5.358812   0.794540
  z     -2.265056   0.692283  -2.036197   3.350773  -0.080700   3.211249

  atom      17 n                             18 c 
            x          y          z          x          y          z
 
  x     -5.219359   1.520192  -1.991938   4.889197  -0.244924   2.206349
  y      2.084794  -4.037877   0.505693  -2.410733   7.588719   0.138193
  z     -1.829442   0.151294  -2.143911   1.708471   1.359007   2.250599

  atom      19 c                             20 c 
            x          y          z          x          y          z
 
  x     -1.014601  -0.770390  -0.259009   2.927188  -2.974183   0.864994
  y      0.340848  -4.166244  -0.585201  -0.906655   2.488126   0.036284
  z      0.012163  -1.224562  -1.145818   1.339982  -1.114464   0.641590

  atom      21 o                             22 n 
            x          y          z          x          y          z
 
  x     -5.416135   0.811285  -1.930762  -2.426512   1.077251  -0.010319
  y      0.544099  -3.013782  -0.001649   2.217425  -5.982344   0.389639
  z     -1.970086   0.147159  -2.786611   0.075835   0.001421  -1.971280

  atom      23 h                             24 h 
            x          y          z          x          y          z
 
  x      1.250423   0.811840   0.198413   1.465010  -0.398136  -0.089579
  y      0.537017   2.126722   0.509670  -0.352169   1.001631  -0.315357
  z      0.186904   0.561314   1.463922   0.013790  -0.453376   1.380233

  atom      25 h                             26 h 
            x          y          z          x          y          z
 
  x      0.376418   0.003441  -0.234480   0.472406  -0.021472  -0.127724
  y      0.067631   0.234827  -0.094280  -0.063730   0.390713  -0.107405
  z     -0.223485  -0.129933   0.637886  -0.138167  -0.079717   0.592132

  atom      27 h 
            x          y          z
 
  x      0.941812  -0.350190  -0.359163
  y     -0.319116   1.759663  -0.103556
  z     -0.352717  -0.114991   1.201438
 

             -----------------------------------
             rotational and vibrational analysis
             -----------------------------------


            ==============================================================
            ATOMIC WEIGHTS (average over the natural occurance of isotops)
            ==============================================================
            ('*' denotes special isotop !)
              1     ag              107.87000
              2     n                14.00670
              3     c                12.01115
              4     n                14.00670
              5     c                12.01115
              6     c                12.01115
              7     c                12.01115
              8     o                15.99940
              9     n                14.00670
             10     h                 1.00797
             11     h                 1.00797
             12     h                 1.00797
             13     h                 1.00797
             14     h                 1.00797
             15     n                14.00670
             16     c                12.01115
             17     n                14.00670
             18     c                12.01115
             19     c                12.01115
             20     c                12.01115
             21     o                15.99940
             22     n                14.00670
             23     h                 1.00797
             24     h                 1.00797
             25     h                 1.00797
             26     h                 1.00797
             27     h                 1.00797

          -------------------------------------------------
          CARTESIAN FORCE CONSTANT MATRIX (hartree/bohr**2)
         (translational & rotational space projected out)
          -------------------------------------------------

   ATOM              1 ag                          2 n 
                  dx        dy        dz        dx        dy        dz
   1 ag    dx  0.0627398
           dy  0.0607163 0.1708741
           dz  0.0384045 0.0710916 0.0592099
   2 n     dx -0.0020019 0.0017507-0.0018642 0.7134211
           dy  0.0005261 0.0030093 0.0001655-0.1512362 0.7337334
           dz -0.0021752 0.0010617 0.0006776 0.3153556 0.0925239 0.2500531
   3 c     dx  0.0135593-0.0032791 0.0054345-0.1266591-0.0189048-0.0392340
           dy  0.0033904-0.0229609-0.0041870 0.0273771-0.2550878-0.0341864
           dz  0.0070252-0.0081900 0.0043245-0.0275408-0.0585361-0.0893319
   4 n     dx -0.0263851-0.0143597-0.0103786 0.0296417 0.0356537 0.0186785
           dy -0.0217538-0.0733616-0.0273591 0.0219985-0.0521479-0.0040553
           dz -0.0122544-0.0230224-0.0266323 0.0155155 0.0031846 0.0206101
   5 c     dx -0.0016751-0.0117655-0.0039840-0.0194829-0.0270754-0.0148521
           dy -0.0070122 0.0024591-0.0026412-0.0371635-0.0251142-0.0253102
           dz -0.0028736-0.0055698-0.0024076-0.0178992-0.0195699-0.0195474
   6 c     dx -0.0004505 0.0024127-0.0006748-0.0475829 0.0187704-0.0264872
           dy  0.0011102 0.0005928-0.0000157 0.0347696 0.0357439 0.0248385
           dz -0.0009695 0.0009688 0.0012513-0.0229329 0.0159755 0.0030976
   7 c     dx  0.0006666-0.0007926 0.0002187-0.2927862-0.0075780-0.1370283
           dy -0.0001408-0.0002922 0.0001755-0.0477434-0.1514217-0.0524773
           dz  0.0002717-0.0005371 0.0004473-0.1471813-0.0306827-0.1248073
   8 o     dx -0.0056879 0.0011757-0.0017296-0.0165466-0.0316140-0.0280831
           dy -0.0008141-0.0018828-0.0005696-0.0653186-0.0250916-0.0466812
           dz -0.0021738 0.0006600-0.0033192-0.0364697-0.0283672-0.0060416
   9 n     dx -0.0013154 0.0035045 0.0013476-0.0039723 0.0084949 0.0006524
           dy -0.0012920-0.0028431-0.0013823 0.0108823 0.0010149 0.0064090
           dz  0.0001805 0.0010224-0.0017782 0.0022507 0.0041035 0.0016090
  10 h     dx -0.0006222 0.0011828-0.0007197-0.0003592-0.0006558-0.0004799
           dy  0.0005234 0.0017363 0.0005248-0.0013815 0.0005228-0.0006845
           dz -0.0009900 0.0012087 0.0007373-0.0011901-0.0002476-0.0005904
  11 h     dx -0.0004462-0.0003490-0.0004869 0.0013404-0.0000516 0.0006997
           dy  0.0000137-0.0007538-0.0000913-0.0001683-0.0006819-0.0003032
           dz -0.0002173-0.0002686-0.0000354 0.0003845 0.0000067 0.0000938
  12 h     dx  0.0000361 0.0000299-0.0001006 0.0014233 0.0045917-0.0024810
           dy -0.0000242 0.0004196 0.0000573 0.0052439-0.0027948-0.0000247
           dz -0.0000623 0.0000202 0.0003019-0.0023201-0.0003318 0.0068982
  13 h     dx -0.0001278 0.0000704 0.0000705-0.0030735-0.0326672-0.0120762
           dy -0.0000798-0.0000712-0.0000040 0.0001625-0.0013614-0.0012614
           dz  0.0000571 0.0001830-0.0003279-0.0038664-0.0189356-0.0027002
  14 h     dx  0.0000510 0.0000180 0.0001287-0.2345761 0.2008258-0.0725277
           dy  0.0002022-0.0006571 0.0002255 0.2000422-0.2611522 0.0392275
           dz  0.0002129-0.0000815 0.0002840-0.0730105 0.0399198-0.0403650
  15 n     dx -0.0025662 0.0035630-0.0013482 0.0009493 0.0005576 0.0002265
           dy  0.0017323 0.0013157 0.0008516-0.0000080-0.0003771-0.0000748
           dz -0.0021768 0.0017816 0.0011176 0.0003214 0.0000425-0.0000093
  16 c     dx  0.0145613-0.0122797 0.0042220-0.0013877-0.0006349-0.0007940
           dy -0.0062971-0.0140339-0.0071155 0.0005851 0.0010884 0.0004808
           dz  0.0061762-0.0105479 0.0020282-0.0008313-0.0003430-0.0001442
  17 n     dx -0.0339052-0.0306512-0.0188857 0.0013474 0.0005591 0.0008327
           dy -0.0245867-0.0682216-0.0271737-0.0015408-0.0008078-0.0008180
           dz -0.0175783-0.0304528-0.0302435 0.0006074 0.0002553-0.0003441
  18 c     dx -0.0067070-0.0091998-0.0066646-0.0017040-0.0006837-0.0009626
           dy -0.0056362 0.0070621-0.0015511 0.0021760 0.0015371 0.0014643
           dz -0.0054101-0.0037259-0.0036149-0.0004334 0.0000676 0.0001605
  19 c     dx  0.0002673 0.0019682-0.0002935 0.0003012-0.0000446-0.0001613
           dy  0.0017482-0.0007520 0.0002685-0.0007518-0.0007781-0.0004976
           dz -0.0007446 0.0004461 0.0020420 0.0000439 0.0000155-0.0001794
  20 c     dx  0.0011009-0.0010422 0.0001291-0.0006876-0.0004916-0.0004505
           dy -0.0005712 0.0004466-0.0001740 0.0003736 0.0002759 0.0002451
           dz  0.0005836-0.0004776-0.0001134-0.0003419-0.0002554 0.0000896
  21 o     dx -0.0072374 0.0026312-0.0018827 0.0010802 0.0005771 0.0004819
           dy -0.0021455 0.0013192-0.0004544-0.0001575-0.0005487-0.0001844
           dz -0.0035395 0.0022879-0.0031026 0.0003920-0.0001795-0.0002461
  22 n     dx -0.0019478 0.0021049 0.0005947 0.0005252 0.0000478 0.0001868
           dy -0.0014471-0.0043266-0.0015469-0.0020843-0.0014950-0.0011980
           dz -0.0010114 0.0007277-0.0015408 0.0001584 0.0001902-0.0003911
  23 h     dx -0.0015729 0.0028052-0.0009621 0.0010309 0.0010267 0.0006782
           dy  0.0015742 0.0017595 0.0009032 0.0021867 0.0019644 0.0015625
           dz -0.0011677 0.0016037 0.0011754 0.0010239 0.0010154 0.0011278
  24 h     dx -0.0006268-0.0002721-0.0005688-0.0000317 0.0000957 0.0000309
           dy  0.0000004-0.0005004-0.0000777-0.0000969-0.0001470-0.0001324
           dz -0.0000482-0.0003069-0.0004250-0.0000839 0.0000092 0.0001508
  25 h     dx  0.0001138 0.0001668-0.0000607 0.0000014-0.0000078-0.0000102
           dy  0.0000232 0.0002941 0.0000545 0.0000271-0.0000041-0.0000037
           dz  0.0001663 0.0001510 0.0000228-0.0000349-0.0000086 0.0001316
  26 h     dx -0.0002411 0.0001179 0.0000754-0.0000063 0.0000317-0.0000189
           dy -0.0000259-0.0001537 0.0000392-0.0000143-0.0000127-0.0000018
           dz  0.0000389 0.0001564-0.0003142-0.0000065 0.0000295-0.0000370
  27 h     dx  0.0004206-0.0002271-0.0000212-0.0002040-0.0001124-0.0000011
           dy  0.0002660-0.0004773-0.0000136 0.0000896 0.0001341 0.0000817
           dz  0.0002758-0.0001902 0.0002354-0.0000460-0.0000471 0.0000354

   ATOM              3 c                           4 n 
                  dx        dy        dz        dx        dy        dz
   3 c     dx  0.7885046
           dy  0.0250052 0.6048562
           dz  0.3187588 0.1130680 0.3985571
   4 n     dx -0.1616348 0.0743278-0.0348691 0.6196641
           dy  0.0717345-0.2076364 0.0000219-0.0704158 0.4549158
           dz -0.0351088 0.0009043-0.0828267 0.2771762 0.0609077 0.2309169
   5 c     dx -0.0583343 0.0447475-0.0137689-0.2952427-0.0469503-0.1394792
           dy  0.0093884 0.0565483 0.0228770-0.0396637-0.1555237-0.0445330
           dz -0.0217873 0.0415013-0.0140341-0.1384263-0.0491159-0.1398047
   6 c     dx -0.0029697 0.0174316 0.0056137-0.0024204-0.0365861-0.0176335
           dy  0.0123603-0.0469840-0.0036476-0.0407452 0.0089392-0.0230715
           dz  0.0043947-0.0008465-0.0027817-0.0188899-0.0208981-0.0018549
   7 c     dx  0.0103395-0.0831609-0.0151739-0.0392310 0.0177299-0.0159377
           dy -0.0335316 0.0015784-0.0173887 0.0055336-0.0022897 0.0026638
           dz -0.0024391-0.0439244-0.0137096-0.0188870 0.0092724-0.0091281
   8 o     dx -0.4808714-0.0920681-0.2404434-0.0668781 0.0210652-0.0407549
           dy -0.0810133-0.1132000-0.0502133 0.0421129 0.0186632 0.0227318
           dz -0.2376931-0.0565461-0.2119878-0.0349995 0.0116518 0.0024821
   9 n     dx  0.0125746-0.0161070-0.0004008-0.0681490 0.0415981-0.0305696
           dy -0.0077746-0.0030332-0.0061326 0.0126103 0.0180734 0.0082976
           dz  0.0000603-0.0096349 0.0044432-0.0358246 0.0242654-0.0025678
  10 h     dx -0.0002497 0.0001966 0.0006759-0.0006609-0.0013168 0.0013980
           dy  0.0021899-0.0008100 0.0009291-0.0062205 0.0025375-0.0019506
           dz  0.0015771 0.0001965-0.0007207-0.0011557 0.0007542-0.0037867
  11 h     dx -0.0007371 0.0006055-0.0022916 0.0024381 0.0029493-0.0000760
           dy  0.0005198 0.0026108-0.0001862 0.0047963-0.0040206 0.0005928
           dz -0.0016647-0.0004514 0.0027484 0.0000723-0.0006068 0.0031116
  12 h     dx  0.0000697 0.0000235-0.0000620 0.0021167 0.0004367-0.0010135
           dy  0.0008529-0.0030777-0.0003878-0.0013335-0.0057456-0.0032667
           dz  0.0001675-0.0007929 0.0000363-0.0014564-0.0023512 0.0028676
  13 h     dx -0.0024636 0.0033506-0.0029900 0.0000405-0.0003384 0.0007120
           dy  0.0003014 0.0030858-0.0002187 0.0005385 0.0003407 0.0007494
           dz -0.0038061 0.0013915 0.0030592 0.0009400 0.0002881-0.0008353
  14 h     dx  0.0118603-0.0038676 0.0060694 0.0009909-0.0028117-0.0023428
           dy  0.0246257-0.0175957 0.0090128-0.0003959-0.0057266-0.0026528
           dz  0.0133208-0.0062119 0.0041872-0.0017289-0.0039320 0.0021305
  15 n     dx -0.0020631 0.0000091-0.0011003 0.0015503-0.0009169 0.0007253
           dy  0.0003065 0.0006813 0.0003203-0.0006895-0.0000662-0.0002911
           dz -0.0010090 0.0003235-0.0006106 0.0008199-0.0005435-0.0000569
  16 c     dx  0.0031069 0.0003328 0.0019827-0.0043386 0.0021154-0.0020528
           dy -0.0013098-0.0010259-0.0010450 0.0013244-0.0008566 0.0005017
           dz  0.0015091 0.0000733 0.0011402-0.0022214 0.0008510-0.0009917
  17 n     dx -0.0038707-0.0000987-0.0021489 0.0065514 0.0017977 0.0015679
           dy  0.0046246 0.0009424 0.0027564-0.0062593 0.0056075-0.0031331
           dz -0.0009792 0.0002053-0.0006698-0.0005020 0.0012302 0.0047162
  18 c     dx  0.0053375-0.0016115 0.0027242-0.0014205 0.0011469-0.0007416
           dy -0.0073080 0.0005965-0.0038940 0.0034464-0.0018707 0.0014199
           dz  0.0012584-0.0009971 0.0005363-0.0000822 0.0002781 0.0003459
  19 c     dx -0.0004109 0.0003221 0.0000131 0.0002794-0.0001638 0.0001311
           dy  0.0022523 0.0001891 0.0012713-0.0012268 0.0005983-0.0004088
           dz  0.0002862 0.0000938-0.0002769 0.0000292 0.0002998-0.0000739
  20 c     dx  0.0015580 0.0000181 0.0011789-0.0008872 0.0005648-0.0005237
           dy -0.0009427 0.0001117-0.0005507 0.0004782-0.0004233 0.0001782
           dz  0.0006787-0.0000240 0.0004403-0.0003890 0.0002210-0.0000531
  21 o     dx -0.0019590-0.0001725-0.0011898 0.0022245-0.0011262 0.0007105
           dy  0.0005041 0.0006450 0.0004589 0.0001717-0.0001309-0.0000451
           dz -0.0007855 0.0004907-0.0002403 0.0008766-0.0011033 0.0005972
  22 n     dx -0.0013393 0.0004581-0.0005078 0.0007263-0.0004634-0.0000526
           dy  0.0068024-0.0008461 0.0035246-0.0024635 0.0016230-0.0009785
           dz  0.0005030-0.0002620-0.0003218-0.0003187 0.0002574 0.0004619
  23 h     dx -0.0032210-0.0004575-0.0016226 0.0012073-0.0004006 0.0006987
           dy -0.0072314 0.0004032-0.0036758 0.0027835-0.0014482 0.0011929
           dz -0.0033652-0.0000457-0.0021547 0.0014992-0.0004963 0.0004776
  24 h     dx -0.0000785-0.0001579-0.0000619 0.0000583 0.0000328 0.0000337
           dy  0.0001963 0.0000688 0.0000724-0.0001368-0.0000599-0.0000700
           dz  0.0000509-0.0001635 0.0001233 0.0000561 0.0000828-0.0000299
  25 h     dx -0.0000428 0.0000295 0.0000021-0.0000015 0.0000135 0.0000169
           dy -0.0001443 0.0000848-0.0000785 0.0000269-0.0000189 0.0000330
           dz -0.0001099-0.0000139 0.0000238 0.0000696 0.0000444-0.0000307
  26 h     dx -0.0000707 0.0000093-0.0000224 0.0000340 0.0000002-0.0000362
           dy  0.0000080-0.0000186-0.0000022 0.0000013-0.0000027-0.0000091
           dz -0.0000358 0.0000050-0.0000499-0.0000146-0.0000015 0.0000332
  27 h     dx  0.0000653 0.0000671 0.0001501-0.0002737 0.0000602-0.0001085
           dy -0.0002326-0.0001259-0.0001655 0.0001044 0.0000311 0.0000749
           dz  0.0000182 0.0000345 0.0000967-0.0000739 0.0000366-0.0000779

   ATOM              5 c                           6 c 
                  dx        dy        dz        dx        dy        dz
   5 c     dx  0.6890054
           dy -0.1245860 0.7696327
           dz  0.2465607 0.0830681 0.3256055
   6 c     dx -0.1142546-0.0461511-0.0382880 0.6823455
           dy -0.0137997-0.2579465-0.0552626-0.1180876 0.6776187
           dz -0.0302650-0.0723987-0.0975501 0.2862780 0.0856633 0.2656082
   7 c     dx  0.0392011 0.0472182 0.0331348-0.2614490 0.1574615-0.0737142
           dy  0.0217872-0.0453025-0.0000435 0.1876513-0.2963242 0.0351950
           dz  0.0262493 0.0138088 0.0181399-0.0668983 0.0193479-0.0829921
   8 o     dx  0.0112090 0.0104446 0.0045912-0.0012782-0.0075404-0.0020336
           dy -0.0035312-0.0103517-0.0064899-0.0039625 0.0083610 0.0001245
           dz  0.0011526 0.0006920 0.0075935-0.0008242-0.0012703-0.0021006
   9 n     dx -0.2362654 0.1578260-0.0631861 0.0089355 0.0099469 0.0023700
           dy  0.1660717-0.3128478 0.0147529 0.0358024-0.0536371 0.0018573
           dz -0.0698118 0.0203073-0.0756297 0.0087079-0.0135580 0.0103782
  10 h     dx  0.0111007 0.0234746 0.0109114-0.0026834 0.0029969-0.0031001
           dy -0.0019772-0.0261292-0.0049116 0.0029906 0.0016603 0.0007387
           dz  0.0088367 0.0020942 0.0020787-0.0030191 0.0015217 0.0035099
  11 h     dx -0.0198565-0.0024854-0.0090584 0.0011322-0.0030732 0.0013086
           dy  0.0195080 0.0112066 0.0176506 0.0009323-0.0003379 0.0010797
           dz  0.0018791 0.0011973-0.0056347 0.0019054-0.0004146-0.0011114
  12 h     dx -0.0012016 0.0022154 0.0015190-0.2680547-0.0506845-0.1440836
           dy -0.0251420 0.0000534-0.0126241-0.0525819-0.0693189-0.0381765
           dz -0.0054007 0.0019341-0.0052820-0.1448313-0.0374374-0.1058013
  13 h     dx -0.0017131 0.0044383-0.0054713 0.0082691 0.0198444 0.0060163
           dy  0.0038217-0.0015311-0.0011050-0.0045918-0.0112280-0.0069833
           dz -0.0056682-0.0008363 0.0074840-0.0001313 0.0062186 0.0080248
  14 h     dx -0.0003520 0.0013248 0.0002778-0.0007125-0.0046633-0.0041005
           dy -0.0021620-0.0038607-0.0020607-0.0036748 0.0031112-0.0023596
           dz -0.0007050-0.0002733-0.0005091-0.0038826-0.0028338 0.0020486
  15 n     dx -0.0010490 0.0006030-0.0001106 0.0003615-0.0001792 0.0000266
           dy  0.0006447-0.0000067 0.0002727-0.0000659-0.0001890-0.0000853
           dz -0.0003630 0.0005280 0.0001001-0.0000703-0.0003406 0.0000508
  16 c     dx  0.0026990-0.0020877 0.0008311-0.0003968 0.0007077-0.0002000
           dy -0.0024663 0.0007022-0.0010570 0.0002833 0.0000786 0.0002503
           dz  0.0012024-0.0008064 0.0001204-0.0001044 0.0002627-0.0002966
  17 n     dx -0.0012729 0.0013209-0.0002961 0.0005564-0.0004768 0.0003280
           dy  0.0019942-0.0021269 0.0003459-0.0006369 0.0003927-0.0001668
           dz -0.0004440 0.0001163 0.0002648 0.0001839-0.0000853-0.0000653
  18 c     dx -0.0007304-0.0001815-0.0003847-0.0001728 0.0005992-0.0001127
           dy -0.0008279 0.0006083-0.0002593 0.0004475-0.0005313 0.0001736
           dz -0.0005249-0.0001241-0.0006778 0.0001082 0.0003341 0.0000884
  19 c     dx  0.0000686 0.0001453 0.0002533 0.0001662-0.0001660-0.0001944
           dy  0.0009620-0.0002033 0.0003412-0.0002342-0.0000181-0.0001281
           dz  0.0000937-0.0001366 0.0000928-0.0001610 0.0000311 0.0002880
  20 c     dx  0.0006971-0.0003183 0.0004187-0.0000674 0.0001895-0.0001731
           dy -0.0002720 0.0001634-0.0001180 0.0000503-0.0000929 0.0000723
           dz  0.0005217-0.0001514-0.0000974 0.0000288 0.0000490-0.0000799
  21 o     dx -0.0018099 0.0009478-0.0005014 0.0004093-0.0003221 0.0002205
           dy  0.0013579-0.0003920 0.0005521-0.0001091 0.0000093-0.0000960
           dz -0.0005528 0.0008087 0.0004070-0.0000374-0.0005910-0.0000784
  22 n     dx  0.0001438 0.0003924 0.0003658 0.0001456-0.0004249-0.0001844
           dy  0.0009236-0.0003967 0.0002587-0.0004149 0.0003608-0.0001376
           dz -0.0000081-0.0001830-0.0000846-0.0001351 0.0001531 0.0003227
  23 h     dx -0.0009012-0.0000176-0.0005188 0.0002674 0.0000359 0.0001352
           dy -0.0012201 0.0002940-0.0005864 0.0003929-0.0001633 0.0001641
           dz -0.0008455-0.0000192-0.0003238 0.0002385-0.0000329 0.0002432
  24 h     dx -0.0001389-0.0000302-0.0001147-0.0000036 0.0000700-0.0000227
           dy  0.0000984 0.0000802 0.0001101-0.0000662-0.0000814-0.0000102
           dz  0.0000228-0.0000172-0.0001849 0.0000813 0.0000898-0.0000826
  25 h     dx  0.0000219-0.0000073 0.0000293-0.0000054-0.0000044-0.0000154
           dy  0.0000482 0.0000198 0.0000446-0.0000280-0.0000228 0.0000029
           dz  0.0000832 0.0000082-0.0001182 0.0000470 0.0000396-0.0000696
  26 h     dx -0.0000431 0.0000263-0.0000093-0.0000028 0.0000269-0.0000273
           dy -0.0000105-0.0000016-0.0000159-0.0000084-0.0000064-0.0000057
           dz -0.0000223 0.0000254-0.0000337-0.0000123 0.0000248-0.0000240
  27 h     dx  0.0001768-0.0000612 0.0000328-0.0000840 0.0000484-0.0000585
           dy -0.0001789-0.0000333-0.0001084 0.0000341 0.0000132 0.0000265
           dz  0.0000933-0.0000345 0.0000331-0.0000019-0.0000131-0.0000232

   ATOM              7 c                           8 o 
                  dx        dy        dz        dx        dy        dz
   7 c     dx  0.6367252
           dy -0.1177384 0.8182952
           dz  0.2389042 0.1107729 0.2885420
   8 o     dx -0.0030026 0.0004620-0.0038270 0.5717314
           dy  0.0163908-0.0061519 0.0060356 0.0958172 0.1275593
           dz  0.0001487-0.0028727 0.0036318 0.3129180 0.0727285 0.2151987
   9 n     dx  0.0008043-0.0068620-0.0034093-0.0051762 0.0021298-0.0016782
           dy -0.0149010 0.0011263-0.0086608 0.0005327 0.0021528 0.0012964
           dz -0.0063515-0.0030421-0.0003684-0.0020253 0.0016830-0.0012193
  10 h     dx  0.0017736 0.0011869-0.0000038-0.0001227-0.0006074-0.0003911
           dy  0.0008308-0.0010563-0.0003590-0.0011528-0.0003633-0.0007821
           dz  0.0004699-0.0005522 0.0024002-0.0006727-0.0005529-0.0002834
  11 h     dx -0.0019495-0.0000517-0.0000679 0.0003370 0.0000738 0.0007476
           dy -0.0003947 0.0001265 0.0001750 0.0003557-0.0005557 0.0002154
           dz -0.0000954 0.0002160-0.0012757 0.0006885 0.0001318-0.0006673
  12 h     dx -0.0131771-0.0084048-0.0079942 0.0001613-0.0000485 0.0004182
           dy  0.0194130 0.0090641 0.0132213 0.0000416 0.0010216 0.0003681
           dz -0.0009810-0.0015385-0.0031493 0.0004821 0.0003966-0.0003914
  13 h     dx -0.0599899-0.0212327-0.0143301-0.0011908-0.0018066-0.0009793
           dy -0.0272849-0.3406746-0.0893206 0.0000087-0.0003669-0.0000066
           dz -0.0158308-0.0863888-0.0705254-0.0005275-0.0010078-0.0007074
  14 h     dx -0.0169767 0.0191967-0.0008641-0.0035709 0.0000899-0.0002171
           dy -0.0069185 0.0131657 0.0012116-0.0000485 0.0044014 0.0017307
           dz -0.0075003 0.0152462-0.0065242-0.0001616 0.0019899-0.0029734
  15 n     dx -0.0006174-0.0000377-0.0002581 0.0016932 0.0001754 0.0006055
           dy  0.0000262-0.0000132-0.0000108-0.0002053-0.0007186-0.0002213
           dz -0.0002772 0.0001858-0.0002200 0.0009524-0.0000532 0.0000035
  16 c     dx  0.0007094-0.0002002 0.0004815-0.0023593-0.0004438-0.0011019
           dy -0.0003727 0.0001588-0.0001999 0.0011002 0.0011453 0.0007460
           dz  0.0004437 0.0000735 0.0003390-0.0012962-0.0001114-0.0000466
  17 n     dx -0.0007016-0.0000583-0.0004095 0.0031228 0.0005588 0.0010938
           dy  0.0006663-0.0001187 0.0003133-0.0021359-0.0023140-0.0018353
           dz -0.0002781-0.0000431-0.0001874 0.0008910-0.0004480 0.0007762
  18 c     dx  0.0008644 0.0000690 0.0007129-0.0048187 0.0001255-0.0023267
           dy -0.0011401 0.0000513-0.0006849 0.0057331 0.0002662 0.0031568
           dz  0.0002870-0.0001407 0.0000697-0.0013107 0.0002924-0.0002635
  19 c     dx -0.0000596 0.0000540 0.0000568 0.0004946-0.0001356-0.0000814
           dy  0.0004159 0.0000292 0.0002100-0.0019485-0.0005662-0.0011291
           dz  0.0000100-0.0000855-0.0002650 0.0000357-0.0000003-0.0003098
  20 c     dx  0.0001157-0.0000228 0.0003821-0.0014841-0.0003047-0.0007883
           dy -0.0000909 0.0000357-0.0000840 0.0007713 0.0000514 0.0003423
           dz  0.0002154-0.0000250-0.0000048-0.0007517-0.0001494 0.0002314
  21 o     dx -0.0006578-0.0001516-0.0003505 0.0015559 0.0000871 0.0007427
           dy  0.0001487-0.0001374 0.0000547-0.0002898-0.0012371-0.0003000
           dz -0.0001829 0.0003169 0.0000956 0.0009724-0.0002319-0.0005172
  22 n     dx -0.0003338 0.0001278-0.0000664 0.0014762-0.0003412-0.0002912
           dy  0.0012841 0.0000477 0.0007691-0.0061069-0.0000132-0.0034393
           dz -0.0000674-0.0002044-0.0004875-0.0009188-0.0003107 0.0003316
  23 h     dx -0.0001395 0.0000812-0.0001319 0.0015392 0.0009140 0.0020478
           dy -0.0010488 0.0001179-0.0006106 0.0055328-0.0003047 0.0033543
           dz -0.0004091-0.0000126 0.0000017 0.0032118 0.0008682 0.0002899
  24 h     dx  0.0000122 0.0000184 0.0000166-0.0001284 0.0000809 0.0001280
           dy -0.0000862-0.0000072-0.0000626-0.0002309-0.0005674-0.0003290
           dz  0.0000182-0.0000390 0.0000125-0.0001393-0.0000530 0.0000117
  25 h     dx -0.0000125 0.0000036 0.0000208 0.0000185-0.0000324 0.0000024
           dy -0.0000367 0.0000140-0.0000221 0.0001145-0.0000325 0.0000207
           dz -0.0000181-0.0000188-0.0000228-0.0000329-0.0000591 0.0002268
  26 h     dx -0.0000414 0.0000204-0.0000136 0.0000200 0.0000176-0.0000057
           dy -0.0000052-0.0000022-0.0000084-0.0000304-0.0000263-0.0000165
           dz -0.0000188 0.0000245-0.0000503 0.0000026 0.0000143-0.0000018
  27 h     dx -0.0000865-0.0000164 0.0000364-0.0002434-0.0002138 0.0000160
           dy -0.0000355-0.0000190-0.0000247 0.0002162 0.0001218 0.0001524
           dz  0.0000140 0.0000027 0.0000382-0.0000374-0.0000646 0.0000531

   ATOM              9 n                          10 h 
                  dx        dy        dz        dx        dy        dz
   9 n     dx  0.6888965
           dy -0.0644585 0.8659506
           dz  0.3803612 0.1438747 0.2640677
  10 h     dx -0.0788247-0.0862269-0.0567095 0.0711333
           dy -0.0844631-0.4331073-0.1196688 0.0849355 0.4502754
           dz -0.0564135-0.1109178-0.0515126 0.0484663 0.1214583 0.0534679
  11 h     dx -0.3215337-0.0508882-0.2221104-0.0000030 0.0028108 0.0028701
           dy -0.0497849-0.0855364-0.0501426-0.0252808 0.0049053-0.0153493
           dz -0.2309535-0.0504836-0.1477388-0.0009356 0.0035871-0.0045697
  12 h     dx  0.0003629 0.0002619 0.0008327-0.0000661-0.0001414 0.0002177
           dy -0.0001900 0.0016017 0.0004775 0.0000742 0.0001363 0.0002734
           dz  0.0007644 0.0008749-0.0002641 0.0002600 0.0000902-0.0003577
  13 h     dx  0.0008145 0.0007713 0.0010243-0.0004083 0.0001736 0.0002609
           dy -0.0007260-0.0005670-0.0002197 0.0001152-0.0001512 0.0001721
           dz  0.0007577 0.0005740-0.0004168 0.0001887 0.0002437-0.0005821
  14 h     dx  0.0008038-0.0011791 0.0004488-0.0000342 0.0001111 0.0000859
           dy -0.0006790 0.0014369 0.0005729-0.0001572-0.0001282-0.0001472
           dz  0.0005938-0.0000327-0.0002248-0.0000082 0.0000787-0.0000115
  15 n     dx  0.0007453-0.0004825 0.0002853-0.0000201 0.0006028 0.0002302
           dy -0.0002204 0.0000775-0.0000963 0.0001529 0.0001392 0.0001130
           dz  0.0000983-0.0004136 0.0002510 0.0000370 0.0004056 0.0002210
  16 c     dx -0.0015621 0.0016679-0.0005739 0.0002621-0.0013844-0.0003574
           dy  0.0011900-0.0008088 0.0005033-0.0004527 0.0004934-0.0000921
           dz -0.0003582 0.0006980-0.0008245 0.0000273-0.0006546-0.0001533
  17 n     dx  0.0009617-0.0007464 0.0001312 0.0001439 0.0007416 0.0004807
           dy -0.0009614 0.0009990-0.0002882-0.0000171-0.0005857-0.0001877
           dz -0.0001330-0.0003001 0.0007294 0.0001943 0.0003424 0.0000801
  18 c     dx  0.0001727 0.0002683-0.0002947-0.0004038-0.0003519-0.0003597
           dy  0.0007793-0.0007543 0.0002698 0.0000491 0.0003865 0.0001819
           dz  0.0003530 0.0001072-0.0001022-0.0001893-0.0001006-0.0001631
  19 c     dx  0.0001507-0.0001376-0.0002047 0.0000784 0.0001232 0.0001151
           dy -0.0005624 0.0003702-0.0002126 0.0000900-0.0002006-0.0000489
           dz -0.0004677 0.0000801 0.0006398 0.0000783 0.0000317 0.0001071
  20 c     dx -0.0003188 0.0005743-0.0004263 0.0001202-0.0002363-0.0000042
           dy  0.0002018-0.0002278 0.0001460-0.0000706 0.0000835-0.0000114
           dz -0.0000873 0.0002803-0.0003534 0.0001005-0.0000831 0.0000055
  21 o     dx  0.0011720-0.0008854 0.0003926-0.0001823 0.0010387 0.0004703
           dy -0.0006231 0.0006318-0.0002874 0.0003227-0.0001340 0.0002229
           dz  0.0000789-0.0008349 0.0004186 0.0001608 0.0006742 0.0000345
  22 n     dx  0.0001934-0.0003559-0.0002413 0.0001715 0.0001745 0.0001962
           dy -0.0006829 0.0006503-0.0003317-0.0001215-0.0004265-0.0002448
           dz -0.0005021 0.0001405 0.0008785 0.0000894 0.0000148 0.0000658
  23 h     dx  0.0005539-0.0003299 0.0001385-0.0001848 0.0000846-0.0000814
           dy  0.0007298-0.0006144 0.0001479 0.0001041 0.0002382 0.0001533
           dz  0.0004611-0.0003542 0.0002098-0.0000798 0.0000975 0.0000083
  24 h     dx  0.0000611 0.0000116-0.0000513-0.0000274-0.0000189-0.0000356
           dy -0.0001145-0.0000388 0.0000473 0.0000483 0.0000107 0.0000337
           dz  0.0002005 0.0001117-0.0002839 0.0000005-0.0000137-0.0000187
  25 h     dx -0.0000090 0.0000061-0.0000212 0.0000082-0.0000006 0.0000027
           dy -0.0000574 0.0000042 0.0000273 0.0000228-0.0000031 0.0000127
           dz  0.0001203 0.0000953-0.0002209 0.0000210 0.0000040-0.0000042
  26 h     dx  0.0000167 0.0000288-0.0000260 0.0000016 0.0000187 0.0000072
           dy  0.0000030-0.0000073-0.0000034-0.0000065-0.0000059-0.0000082
           dz -0.0000081 0.0000269-0.0000050 0.0000021 0.0000127 0.0000083
  27 h     dx -0.0000933 0.0001682-0.0001416 0.0000593-0.0000213-0.0000078
           dy  0.0000883-0.0000664 0.0000376-0.0000392-0.0000240-0.0000365
           dz  0.0000082 0.0000356-0.0001148 0.0000057-0.0000247 0.0000296

   ATOM             11 h                          12 h 
                  dx        dy        dz        dx        dy        dz
  11 h     dx  0.3389820
           dy  0.0499238 0.0742293
           dz  0.2287287 0.0473278 0.1547324
  12 h     dx  0.0006370-0.0001655-0.0003389 0.2781409
           dy  0.0003433-0.0012167-0.0002546 0.0530459 0.0687625
           dz -0.0003356-0.0006339 0.0008566 0.1517861 0.0392308 0.1069196
  13 h     dx  0.0001244-0.0000367-0.0000663-0.0004335-0.0008003 0.0021325
           dy  0.0000093 0.0000151-0.0000696-0.0006936 0.0005086 0.0010007
           dz -0.0001104-0.0000616 0.0001840 0.0021684 0.0009061-0.0034365
  14 h     dx -0.0001351-0.0000995-0.0000334 0.0000034 0.0009538-0.0006374
           dy  0.0002280-0.0000267 0.0000990-0.0003538 0.0006859-0.0004236
           dz -0.0000325-0.0000666-0.0000379-0.0009721 0.0002714 0.0012034
  15 n     dx -0.0000576-0.0000103 0.0000758 0.0000034-0.0000067 0.0000283
           dy  0.0000969-0.0000192 0.0000122-0.0000019-0.0000345-0.0000210
           dz -0.0000260-0.0000073 0.0000632-0.0000127-0.0000058 0.0000258
  16 c     dx  0.0001352-0.0000663-0.0000488 0.0000238-0.0000682-0.0000234
           dy -0.0002458 0.0000759-0.0000745-0.0000243 0.0000799-0.0000006
           dz -0.0000003-0.0000065-0.0000030 0.0000123-0.0000089 0.0000110
  17 n     dx -0.0000279-0.0000641 0.0001104-0.0000054 0.0000337 0.0000781
           dy  0.0001189 0.0000314 0.0000176 0.0000123-0.0000713-0.0000001
           dz  0.0000478-0.0000341-0.0000235 0.0000242 0.0000011-0.0000406
  18 c     dx -0.0001637 0.0000695 0.0000457-0.0000093 0.0001362 0.0000979
           dy -0.0001341 0.0000111-0.0000038-0.0000442-0.0000604-0.0000192
           dz -0.0000087-0.0000012-0.0002418 0.0000289 0.0000300-0.0001140
  19 c     dx -0.0000397-0.0000116 0.0001673-0.0000078-0.0000048 0.0000885
           dy  0.0000864 0.0000063 0.0000387-0.0000094 0.0000155 0.0000184
           dz  0.0001009-0.0000612-0.0001581 0.0000147-0.0000357-0.0001094
  20 c     dx  0.0000440-0.0000324 0.0001054 0.0000059 0.0000067 0.0000666
           dy -0.0000633 0.0000259-0.0000060-0.0000271 0.0000024-0.0000002
           dz  0.0001001-0.0000407-0.0001403 0.0000370-0.0000131-0.0000902
  21 o     dx -0.0000537-0.0000263-0.0000078 0.0000081-0.0000045-0.0000359
           dy  0.0001762-0.0001023-0.0000066 0.0000180-0.0000666-0.0000469
           dz -0.0000963 0.0000309 0.0002427-0.0000398 0.0000191 0.0001648
  22 n     dx -0.0000678-0.0000031 0.0002203-0.0000275-0.0000156 0.0001138
           dy  0.0000578 0.0000314 0.0000415-0.0000046 0.0000910 0.0000524
           dz  0.0001391-0.0000645-0.0002735 0.0000228-0.0000435-0.0001789
  23 h     dx -0.0001004 0.0000228-0.0000329-0.0000035 0.0000169 0.0000075
           dy -0.0001090-0.0000305-0.0000358-0.0000165-0.0000483-0.0000212
           dz -0.0000836-0.0000101-0.0000294-0.0000040-0.0000120-0.0000080
  24 h     dx -0.0000224 0.0000070-0.0000001-0.0000023 0.0000111 0.0000064
           dy  0.0000029-0.0000036 0.0000130-0.0000071-0.0000088 0.0000019
           dz  0.0000174-0.0000010-0.0000549 0.0000108 0.0000019-0.0000301
  25 h     dx -0.0000046-0.0000001 0.0000165-0.0000019-0.0000003 0.0000102
           dy  0.0000014-0.0000016 0.0000069-0.0000050-0.0000023 0.0000022
           dz  0.0000248-0.0000017-0.0000439 0.0000097-0.0000017-0.0000288
  26 h     dx -0.0000037 0.0000009 0.0000084-0.0000010 0.0000025 0.0000037
           dy -0.0000037 0.0000035-0.0000021-0.0000021 0.0000017-0.0000008
           dz  0.0000019-0.0000014-0.0000093 0.0000001 0.0000010-0.0000083
  27 h     dx  0.0000324-0.0000053-0.0000133-0.0000007-0.0000036-0.0000095
           dy -0.0000293 0.0000077-0.0000174-0.0000009 0.0000015-0.0000029
           dz -0.0000021-0.0000076 0.0000159-0.0000002-0.0000039 0.0000055

   ATOM             13 h                          14 h 
                  dx        dy        dz        dx        dy        dz
  13 h     dx  0.0594973
           dy  0.0288329 0.3514700
           dz  0.0243156 0.0968939 0.0624273
  14 h     dx  0.0004490-0.0003612 0.0015412 0.2426288
           dy -0.0006156 0.0004158 0.0004253-0.2095795 0.2658226
           dz  0.0014505 0.0005780-0.0016357 0.0723980-0.0445871 0.0424092
  15 n     dx  0.0000524 0.0000069 0.0000065-0.0002010-0.0001374-0.0000753
           dy  0.0000011 0.0000211 0.0000172-0.0000664 0.0000630-0.0000148
           dz -0.0000089-0.0000338-0.0000245-0.0000500 0.0000578-0.0000577
  16 c     dx -0.0000080-0.0000153-0.0000111 0.0000452-0.0000827 0.0000947
           dy  0.0000195-0.0000005 0.0000133 0.0000628-0.0001479-0.0000115
           dz -0.0000257-0.0000456-0.0000080 0.0000944 0.0000233 0.0001079
  17 n     dx  0.0000622 0.0000172-0.0000134-0.0002067-0.0000457-0.0000825
           dy -0.0000279 0.0000031-0.0000161 0.0000709 0.0001765 0.0001008
           dz -0.0000232-0.0000187 0.0000342-0.0000646 0.0000402-0.0000868
  18 c     dx -0.0000470-0.0000420-0.0000326 0.0002125 0.0000190 0.0001476
           dy  0.0000482 0.0000285 0.0000351-0.0001337-0.0001201-0.0001618
           dz -0.0000194-0.0000278 0.0000016 0.0000079-0.0001370 0.0000869
  19 c     dx  0.0000286-0.0000073-0.0000041-0.0000495 0.0000101-0.0000151
           dy -0.0000355 0.0000142-0.0000002 0.0000578 0.0001505 0.0000401
           dz -0.0000032-0.0000077-0.0000203-0.0000764-0.0000747-0.0000382
  20 c     dx  0.0000035-0.0000135-0.0000012-0.0000453-0.0000359 0.0000490
           dy  0.0000027 0.0000221 0.0000131 0.0000109 0.0000089-0.0000253
           dz -0.0000148-0.0000375-0.0000012-0.0000292-0.0000360 0.0000404
  21 o     dx  0.0000534 0.0000052 0.0000189-0.0002541-0.0001789-0.0000632
           dy  0.0000129 0.0000071 0.0000230-0.0001432-0.0000437-0.0000278
           dz -0.0000038-0.0000438-0.0000296 0.0000313 0.0001938-0.0000721
  22 n     dx  0.0000090 0.0000017-0.0000123-0.0000897 0.0000961-0.0000253
           dy -0.0000725-0.0000038-0.0000140 0.0002126 0.0002299 0.0001715
           dz -0.0000097 0.0000209-0.0000179-0.0001122-0.0001116-0.0001145
  23 h     dx  0.0000558-0.0000042 0.0000261 0.0001488-0.0001317 0.0000063
           dy  0.0000846 0.0000157 0.0000444 0.0000199-0.0002465-0.0000777
           dz  0.0000529-0.0000007 0.0000403 0.0000421-0.0001709 0.0000643
  24 h     dx  0.0000020-0.0000026-0.0000023 0.0000453-0.0000129-0.0000063
           dy -0.0000157 0.0000041-0.0000096-0.0000551 0.0000444-0.0000447
           dz -0.0000042-0.0000020 0.0000076-0.0000350-0.0000389 0.0000588
  25 h     dx  0.0000011-0.0000005-0.0000010-0.0000007 0.0000035-0.0000044
           dy -0.0000026 0.0000039-0.0000005-0.0000044 0.0000106-0.0000100
           dz -0.0000029-0.0000009 0.0000047-0.0000255-0.0000197 0.0000178
  26 h     dx  0.0000022 0.0000013-0.0000029-0.0000087-0.0000079-0.0000036
           dy -0.0000020 0.0000010-0.0000009 0.0000026 0.0000030-0.0000010
           dz -0.0000033-0.0000017-0.0000021-0.0000063-0.0000047-0.0000017
  27 h     dx -0.0000094-0.0000000 0.0000012-0.0000261-0.0000089 0.0000041
           dy  0.0000031-0.0000014 0.0000012 0.0000072-0.0000210-0.0000030
           dz -0.0000033-0.0000063 0.0000031-0.0000033 0.0000042 0.0000138

   ATOM             15 n                          16 c 
                  dx        dy        dz        dx        dy        dz
  15 n     dx  0.6441639
           dy -0.1722002 0.8085049
           dz  0.2939983 0.0804561 0.2409211
  16 c     dx -0.1321731-0.0437728-0.0518019 0.8228031
           dy  0.0017412-0.2157100-0.0362655-0.0942442 0.5896359
           dz -0.0408203-0.0621540-0.0961861 0.3263020 0.0384357 0.3899515
  17 n     dx  0.0398496 0.0026747 0.0170235-0.1274779 0.0538629-0.0262343
           dy -0.0094682-0.0572195-0.0213853 0.0521647-0.2554346-0.0153528
           dz  0.0141098-0.0146121 0.0156748-0.0267977-0.0141134-0.0815822
  18 c     dx -0.0401197-0.0178201-0.0243059-0.0297166 0.0722798 0.0074143
           dy -0.0290899-0.0005907-0.0153508 0.0382427 0.0185766 0.0287275
           dz -0.0270551-0.0092237-0.0222539-0.0003939 0.0483996-0.0018853
  19 c     dx -0.0245342 0.0409360-0.0103455 0.0013167 0.0012575 0.0041798
           dy  0.0566910 0.0034668 0.0298407-0.0043965-0.0483382-0.0124985
           dz -0.0069448 0.0212868 0.0123782 0.0030577-0.0095957-0.0056001
  20 c     dx -0.3094881 0.0612756-0.1360469-0.0255172-0.0704755-0.0306214
           dy  0.0212278-0.1498682-0.0141210-0.0219406 0.0438895-0.0017031
           dz -0.1453590 0.0082743-0.1171830-0.0189338-0.0291126-0.0187448
  21 o     dx -0.0462510-0.0181452-0.0426047-0.5393834 0.0700874-0.2416933
           dy -0.0519632 0.0121408-0.0315625 0.0783253-0.1065721 0.0361312
           dz -0.0501954-0.0123984-0.0098222-0.2404467 0.0315869-0.1981739
  22 n     dx  0.0037281 0.0065934 0.0043284 0.0028148-0.0168252-0.0060900
           dy  0.0103390-0.0064792 0.0042778-0.0097777 0.0081685-0.0051270
           dz  0.0040018 0.0029148 0.0022017-0.0030446-0.0101471 0.0024221
  23 h     dx -0.0016541 0.0001146-0.0009605 0.0009612-0.0007892 0.0012467
           dy -0.0013176 0.0010980-0.0004860 0.0018343-0.0020166 0.0011518
           dz -0.0010552 0.0002258-0.0005419 0.0017051-0.0004255-0.0005737
  24 h     dx  0.0009687-0.0004521 0.0003785 0.0002208 0.0011776-0.0018547
           dy -0.0008853-0.0002617-0.0005739 0.0015467 0.0018035 0.0004680
           dz  0.0004269-0.0004986 0.0001039-0.0019053 0.0006249 0.0029685
  25 h     dx  0.0038228 0.0027396-0.0018479 0.0000670-0.0009551-0.0003250
           dy  0.0032882-0.0051515-0.0012549-0.0002317-0.0027517-0.0008098
           dz -0.0016484-0.0015848 0.0067368-0.0000212-0.0012405-0.0002041
  26 h     dx -0.0131463-0.0274025-0.0163389-0.0009411 0.0052278-0.0019501
           dy  0.0051057 0.0098252 0.0042027 0.0020470 0.0010569 0.0003051
           dz -0.0087764-0.0141695-0.0039222-0.0027022 0.0021139 0.0037120
  27 h     dx -0.1239476 0.1637556-0.0297119 0.0155352-0.0157413 0.0058185
           dy  0.1627844-0.4006283 0.0002956 0.0126420-0.0192567 0.0029683
           dz -0.0299997 0.0007117-0.0289609 0.0125340-0.0131601 0.0026174

   ATOM             17 n                          18 c 
                  dx        dy        dz        dx        dy        dz
  17 n     dx  0.5708074
           dy -0.1491307 0.5425923
           dz  0.2504439 0.0277451 0.2124785
  18 c     dx -0.3181153 0.0253110-0.1398158 0.6384350
           dy  0.0312876-0.1432680-0.0035478-0.1169365 0.8221811
           dz -0.1380269-0.0069672-0.1320341 0.2351844 0.0872346 0.3238759
  19 c     dx -0.0255109-0.0224553-0.0273855-0.1440325-0.0712509-0.0635923
           dy -0.0260120 0.0331454-0.0101995-0.0397702-0.1998036-0.0554691
           dz -0.0285826-0.0079635-0.0043493-0.0553801-0.0737082-0.1106993
  20 c     dx -0.0294712 0.0274302-0.0095136 0.0524179 0.0105730 0.0323605
           dy  0.0167638-0.0156429 0.0060021-0.0148902-0.0546956-0.0210520
           dz -0.0121207 0.0120738-0.0050826 0.0262548-0.0070090 0.0134311
  21 o     dx -0.0412318 0.0450085-0.0239670 0.0099597 0.0034676 0.0023863
           dy  0.0683494-0.0166486 0.0301601-0.0113667-0.0084477-0.0099892
           dz -0.0178903 0.0167438 0.0132257-0.0013171-0.0014582 0.0053699
  22 n     dx -0.0416302 0.0648796-0.0142013-0.1549922 0.1194141-0.0398004
           dy  0.0373690-0.0133423 0.0156148 0.1146060-0.4139026-0.0188920
           dz -0.0227664 0.0316263 0.0042628-0.0365954-0.0240792-0.0693847
  23 h     dx -0.0036789 0.0007062-0.0000750 0.0149439 0.0043300 0.0122306
           dy -0.0057265 0.0046039-0.0011846-0.0110309-0.0277087-0.0136047
           dz -0.0008896 0.0021164-0.0035447 0.0074773-0.0004863 0.0011600
  24 h     dx  0.0034180 0.0002940 0.0002875-0.0105677 0.0023582-0.0008042
           dy  0.0021225-0.0057189-0.0009587 0.0302356-0.0002438 0.0170284
           dz  0.0009136-0.0019337 0.0035780 0.0032616 0.0051640-0.0043705
  25 h     dx  0.0009313-0.0016280-0.0022379-0.0082734 0.0052949-0.0015013
           dy -0.0033065-0.0038412-0.0037647-0.0217655 0.0075695-0.0097017
           dz -0.0026539-0.0028018 0.0020188-0.0079176 0.0056359-0.0062554
  26 h     dx  0.0002362-0.0004255 0.0008328 0.0005070 0.0044067-0.0047487
           dy  0.0004599 0.0001958 0.0006389 0.0039577-0.0039811-0.0011842
           dz  0.0010324 0.0001264-0.0007758-0.0048546-0.0008824 0.0077298
  27 h     dx -0.0008818-0.0040078-0.0036263-0.0008560 0.0004470-0.0003035
           dy -0.0016020-0.0033278-0.0025890-0.0031732-0.0028964-0.0024338
           dz -0.0030354-0.0039423 0.0011901-0.0012544-0.0003675-0.0007953

   ATOM             19 c                          20 c 
                  dx        dy        dz        dx        dy        dz
  19 c     dx  0.6263604
           dy -0.1432293 0.7370459
           dz  0.2713966 0.0711414 0.2591952
  20 c     dx -0.1671249 0.1228981-0.0393422 0.6012413
           dy  0.1526449-0.4091094 0.0024391-0.0828524 0.8447467
           dz -0.0324894-0.0142990-0.0742723 0.2441820 0.1206421 0.2979058
  21 o     dx -0.0033563-0.0028003-0.0022323 0.0012907-0.0022066-0.0021666
           dy  0.0001780 0.0107319 0.0029167 0.0140157-0.0114878 0.0042478
           dz -0.0008956 0.0011297-0.0014144 0.0013754-0.0048271 0.0034247
  22 n     dx  0.0159361-0.0156363 0.0002196-0.0069875-0.0023097-0.0065709
           dy  0.0114681-0.0579332-0.0086162-0.0119669 0.0086656-0.0054208
           dz  0.0069673-0.0233481 0.0077962-0.0079773-0.0010959-0.0007631
  23 h     dx -0.0007099 0.0049205-0.0018363 0.0027343-0.0003122 0.0000783
           dy  0.0036007 0.0001507 0.0010655 0.0006131-0.0015043-0.0006354
           dz -0.0023099 0.0016126 0.0034136 0.0001038-0.0006902 0.0021724
  24 h     dx  0.0007678-0.0029096 0.0009379-0.0015348 0.0003982-0.0000604
           dy  0.0004527 0.0006057 0.0008961 0.0002652-0.0001456 0.0005195
           dz  0.0016354-0.0014402-0.0016003-0.0000787 0.0007265-0.0013205
  25 h     dx -0.2884021 0.0395186-0.1411946-0.0080858-0.0025009-0.0036981
           dy  0.0378941-0.0613880 0.0115843 0.0252204 0.0014233 0.0152406
           dz -0.1421287 0.0125222-0.0954475 0.0028942-0.0004778-0.0009626
  26 h     dx  0.0110059 0.0119712 0.0055134-0.0989849-0.0910476-0.0538831
           dy -0.0123518-0.0131388-0.0116132-0.0968134-0.2603306-0.1067471
           dz -0.0002156 0.0021570 0.0067954-0.0552501-0.1036199-0.0948138
  27 h     dx -0.0029835-0.0020893-0.0048522-0.0106446 0.0271743 0.0041152
           dy -0.0010961 0.0057098-0.0004297 0.0009611 0.0035759 0.0029686
           dz -0.0046872-0.0009121 0.0020658-0.0020483 0.0177497-0.0036648

   ATOM             21 o                          22 n 
                  dx        dy        dz        dx        dy        dz
  21 o     dx  0.6323752
           dy -0.1018113 0.1170945
           dz  0.3121244-0.0368532 0.1948865
  22 n     dx -0.0030438 0.0042406 0.0001257 0.7187483
           dy  0.0028032-0.0003566 0.0014645-0.0935928 0.8333393
           dz -0.0013516 0.0025817-0.0005855 0.3603358 0.1670947 0.2500544
  23 h     dx -0.0010803-0.0002691-0.0008193-0.1344783-0.1177680-0.1095716
           dy -0.0011774 0.0004572-0.0006057-0.1242939-0.2786176-0.1524851
           dz -0.0010140-0.0000857-0.0004080-0.1133667-0.1542309-0.1079140
  24 h     dx  0.0003407-0.0002700 0.0005011-0.4013527 0.0608302-0.1904728
           dy -0.0000571-0.0006237 0.0000878 0.0570395-0.0780349 0.0062410
           dz  0.0008208-0.0000855-0.0007594-0.1871698 0.0057962-0.0859620
  25 h     dx  0.0002642 0.0001525 0.0004746 0.0006681 0.0004620 0.0011062
           dy  0.0001832 0.0008580 0.0004672-0.0000102 0.0013991 0.0005966
           dz  0.0005780 0.0004703-0.0003853 0.0007674 0.0007573-0.0001399
  26 h     dx -0.0016525-0.0012896-0.0010945 0.0007143 0.0002289 0.0010439
           dy  0.0005114 0.0001343 0.0003738-0.0012066-0.0004448-0.0006442
           dz -0.0006833-0.0006414-0.0007651 0.0006346 0.0002033-0.0005059
  27 h     dx -0.0025807 0.0024645 0.0007835 0.0002897-0.0008830 0.0004959
           dy  0.0017171 0.0029003 0.0024511-0.0000916 0.0020124 0.0004195
           dz  0.0007972 0.0028466-0.0022673 0.0004915 0.0001512-0.0001322

   ATOM             23 h                          24 h 
                  dx        dy        dz        dx        dy        dz
  23 h     dx  0.1295985
           dy  0.1282787 0.2900688
           dz  0.1067005 0.1561292 0.1117719
  24 h     dx -0.0049639 0.0053017 0.0015285 0.4131628
           dy -0.0228292 0.0119903-0.0068444-0.0667070 0.0727344
           dz -0.0079117 0.0078741-0.0056874 0.1906196-0.0153753 0.0928544
  25 h     dx -0.0000368-0.0001408 0.0002111 0.0004106-0.0006098-0.0005828
           dy  0.0001256 0.0000231 0.0001682-0.0000349-0.0008713-0.0005943
           dz  0.0002850 0.0000367-0.0003291-0.0003458-0.0008821 0.0007381
  26 h     dx -0.0003222 0.0001472 0.0002702 0.0000844-0.0000333-0.0001185
           dy  0.0001141-0.0002882 0.0002201-0.0000294 0.0000610-0.0000506
           dz  0.0002933 0.0001964-0.0005650-0.0000850-0.0000863 0.0001956
  27 h     dx  0.0000066 0.0001285 0.0000646-0.0000739-0.0000772-0.0000589
           dy -0.0002678-0.0001936-0.0001397 0.0002104-0.0000886 0.0001324
           dz -0.0000484 0.0000326-0.0000764 0.0000178-0.0000624 0.0000072

   ATOM             25 h                          26 h 
                  dx        dy        dz        dx        dy        dz
  25 h     dx  0.2990111
           dy -0.0418316 0.0612739
           dz  0.1482732-0.0132653 0.0963695
  26 h     dx -0.0006741-0.0007349 0.0021444 0.1032800
           dy -0.0005924 0.0006903 0.0009659 0.0994060 0.2658210
           dz  0.0022132 0.0008601-0.0033398 0.0669631 0.1130820 0.0884475
  27 h     dx  0.0002106 0.0012178-0.0005443 0.0002376-0.0005139 0.0015131
           dy -0.0000788 0.0004203-0.0003541-0.0007493 0.0006269 0.0003492
           dz -0.0008785 0.0003839 0.0013123 0.0014375 0.0004876-0.0016969

   ATOM             27 h 
                  dx        dy        dz
  27 h     dx  0.1259548
           dy -0.1715489 0.4116047
           dz  0.0264270-0.0036407 0.0300571
 

   *** projected hessian written onto $hessian (projected), file=<hessian> ***

 dipole moment in principle axis system (a.u.) :
     5.9092803763    -0.4951562883    -6.0295762356
 norm :   8.45698314389676     

 rotational constants b for rotations around axis of inertia
 and optical intensities for (1 <-- 0) transition

   b   :     0.0073237389     0.0332159407     0.0060012099   (cm**(-1))
   b   :         219.5602         995.7889         179.9117     (MHz)
  int. :    34.9195945657     0.2451797498    36.3557895806     (a.u.)

   x   :     0.7854326936     0.3987469980    -0.4733881235
   y   :    -0.5410598574     0.8137554674    -0.2122646227
   z   :     0.3005822926     0.4228508849     0.8548961425

   ***  normal modes written onto $vibrational normal modes, file=<control>  ***

  Keyword $vibrational reduced masses missing in file <control>


   ***  vibrational spectroscopic data written onto$vibrational spectrum   
        file=<control>  ***

          ---------------------------------------------------
          NORMAL MODES and VIBRATIONAL FREQUENCIES (cm**(-1))
          ---------------------------------------------------

 imaginary wave numbers indicate a negative curvature of the energy surface.
 zero frequency modes have no physical meaning except being generators of
 translations and rotations. each vibrational normal mode - given in terms of
 cartesian displacement vectors of all atoms - has been normalized to unity.
 to obtain mass-weigthed normal coordinates in a.u. divide the tabulated
 modes by sqrt(reduced mass * 1822.88853).
 band intensities or cross sections refer to independent non-degenerate normal
 modes, that is, the intensities of degenerate modes have yet to be added.
 dDIP/dQ is the normal mode derivative of the dipole moment.

 WARNING: values of IR intensities are questionable for saddle point structures


       mode               1        2        3        4        5        6

     frequency        i343.59  i260.93   i63.26   i39.76     0.00     0.00

     symmetry            a        a        a        a                     

        IR               YES      YES      YES      YES       -        - 
|dDIP/dQ|   (a.u.)     0.0000   0.0000   0.0000   0.0000   0.0000   0.0000
intensity (km/mol)       0.00     0.00     0.00     0.00     0.00     0.00
intensity (  %   )       0.00     0.00     0.00     0.00     0.00     0.00
 
       RAMAN             YES      YES      YES      YES       -        - 
 
  1   ag          x   0.00069 -0.00055  0.01006 -0.09844 -0.00687  0.01540
                  y  -0.00062 -0.00006  0.01871  0.04375 -0.00035  0.03299
                  z  -0.00161  0.00195 -0.04399  0.01075  0.08668 -0.01503
  2   n           x   0.00101 -0.00238  0.05143  0.15421  0.05634  0.17500
                  y  -0.00046 -0.00181  0.02232  0.05585  0.06830  0.04314
                  z  -0.00122  0.00868 -0.05231  0.00230 -0.17730 -0.06062
  3   c           x   0.00355  0.00323  0.05670  0.02982  0.04163  0.13277
                  y   0.00285  0.00126  0.03659  0.06760  0.04403  0.05295
                  z  -0.00974 -0.00274 -0.09371  0.03773 -0.10372 -0.06182
  4   n           x   0.00487  0.00230  0.00231 -0.03667  0.00687  0.06358
                  y  -0.00015  0.00092  0.00482 -0.00187  0.03715  0.00410
                  z  -0.00818 -0.00254 -0.01532  0.02773 -0.00373  0.00514
  5   c           x  -0.00981  0.00295 -0.05897  0.00526 -0.01140  0.03904
                  y  -0.00438  0.00043 -0.04148 -0.08309  0.05279 -0.04996
                  z   0.00779 -0.00317  0.10838 -0.01304  0.02066  0.06792
  6   c           x  -0.01038  0.00282 -0.07914  0.13165  0.00432  0.08357
                  y  -0.00704 -0.00008 -0.06272 -0.09555  0.07765 -0.05922
                  z   0.01192 -0.00140  0.17787 -0.05394 -0.05639  0.06804
  7   c           x  -0.00415 -0.00076 -0.02274  0.21058  0.03837  0.15137
                  y  -0.00183 -0.00165 -0.02969 -0.02056  0.08461 -0.01114
                  z   0.00715  0.00605  0.09557 -0.05815 -0.15463  0.00219
  8   o           x  -0.00090  0.00881  0.11441 -0.01089  0.05890  0.15632
                  y   0.00003  0.00503  0.07376  0.13094  0.02963  0.10279
                  z   0.00083 -0.01438 -0.20560  0.08824 -0.12734 -0.11989
  9   n           x   0.06882  0.00315 -0.11275 -0.06984 -0.04421 -0.02720
                  y   0.02688  0.00041 -0.07306 -0.15425  0.04377 -0.09594
                  z  -0.08055 -0.00554  0.17485 -0.02141  0.11874  0.13119
 10   h           x  -0.12741  0.00541 -0.06505 -0.18523 -0.05777 -0.06273
                  y  -0.03683  0.00151 -0.04383 -0.14865  0.03077 -0.08684
                  z   0.28414 -0.01121  0.03843  0.04979  0.17285  0.12927
 11   h           x  -0.49582  0.00986 -0.09910 -0.09362 -0.06143 -0.05179
                  y  -0.12278  0.00134 -0.09347 -0.22692  0.06033 -0.13439
                  z   0.79180 -0.01565  0.15953  0.03398  0.13908  0.17740
 12   h           x   0.01164  0.00395 -0.15205  0.17999 -0.01011  0.06445
                  y  -0.00171 -0.00004 -0.10576 -0.15458  0.09034 -0.10280
                  z  -0.02727 -0.00332  0.31937 -0.11075 -0.03761  0.11849
 13   h           x   0.00111 -0.00251 -0.03199  0.31313  0.05256  0.18915
                  y   0.00067 -0.00274 -0.04189 -0.01912  0.10310 -0.01367
                  z  -0.00287  0.01018  0.13812 -0.09979 -0.21842 -0.00336
 14   h           x   0.00030 -0.00469  0.10461  0.22653  0.08187  0.22571
                  y  -0.00044 -0.00280  0.05544  0.12363  0.07322  0.07935
                  z  -0.00029  0.01348 -0.12230 -0.00948 -0.25054 -0.11013
 15   n           x  -0.00100  0.00051  0.02573  0.16588 -0.04530 -0.10153
                  y   0.00039  0.00047 -0.00031 -0.00075 -0.07297  0.07787
                  z  -0.00109  0.00251  0.00157 -0.02012  0.29233 -0.03719
 16   c           x  -0.00082 -0.00352  0.06301  0.06829 -0.04241 -0.08135
                  y   0.00010  0.00121  0.02908  0.04484 -0.04862  0.04789
                  z  -0.00070  0.00595 -0.08756  0.00741  0.24924 -0.00975
 17   n           x  -0.00225  0.00091  0.02937 -0.02684 -0.00871 -0.00985
                  y  -0.00017  0.00231  0.01410 -0.00144 -0.03651  0.08076
                  z   0.00167  0.00077 -0.05577  0.00792  0.14435 -0.06025
 18   c           x  -0.00304  0.00633 -0.04652 -0.02531  0.01950  0.03735
                  y  -0.00052  0.00397 -0.03154 -0.08458 -0.04730  0.13803
                  z   0.00331 -0.01294  0.07626 -0.01921  0.08713 -0.13137
 19   c           x  -0.00353  0.00854 -0.11074  0.07097  0.01577  0.01515
                  y  -0.00041  0.00118 -0.07253 -0.13081 -0.07227  0.16788
                  z   0.00391 -0.01577  0.21323 -0.04290  0.13332 -0.15823
 20   c           x  -0.00239  0.00505 -0.07451  0.16909 -0.01724 -0.05500
                  y   0.00000  0.00121 -0.05634 -0.08469 -0.08435  0.13580
                  z   0.00167 -0.00719  0.17742 -0.04883  0.23640 -0.10886
 21   o           x  -0.00042  0.00126  0.12369  0.06916 -0.06825 -0.12458
                  y   0.00043  0.00230  0.06619  0.12081 -0.03863 -0.00435
                  z  -0.00184 -0.00204 -0.19251  0.03163  0.30149  0.05516
 22   n           x  -0.00453 -0.07178 -0.06804 -0.11102  0.05154  0.10611
                  y  -0.00111 -0.03762 -0.04116 -0.11924 -0.03501  0.16649
                  z   0.00583  0.10904  0.07891 -0.03094 -0.01376 -0.17660
 23   h           x  -0.00091  0.16366  0.03172 -0.18988  0.05300  0.12001
                  y   0.00056  0.12971  0.01920 -0.10210 -0.01446  0.14715
                  z  -0.00077 -0.38200 -0.11168  0.01193 -0.04757 -0.15909
 24   h           x  -0.00119  0.37624 -0.12617 -0.13737  0.07135  0.13949
                  y   0.00069  0.17427 -0.07663 -0.18902 -0.03978  0.21130
                  z  -0.00072 -0.78562  0.19282  0.00045 -0.05802 -0.23147
 25   h           x  -0.00481 -0.01302 -0.19866  0.07487  0.03830  0.05259
                  y  -0.00080 -0.00953 -0.11951 -0.19672 -0.08141  0.21407
                  z   0.00625  0.02226  0.36718 -0.06891  0.08838 -0.21546
 26   h           x  -0.00257  0.00067 -0.11810  0.25163 -0.02265 -0.07677
                  y   0.00012 -0.00140 -0.08548 -0.11281 -0.10335  0.15462
                  z   0.00160  0.00222  0.27613 -0.07376  0.27818 -0.12410
 27   h           x   0.00065  0.00122  0.05033  0.24855 -0.07007 -0.15408
                  y   0.00103  0.00117  0.01079  0.03860 -0.08184  0.05364
                  z  -0.00396  0.00442 -0.01765 -0.03196  0.36941  0.00000

reduced mass(g/mol)     1.174    1.263    6.244    6.282    8.340    6.595


       mode               7        8        9       10       11       12

     frequency           0.00     0.00     0.00     0.00    14.16    63.44

     symmetry                                                a        a   

        IR                -        -        -        -       YES      YES
|dDIP/dQ|   (a.u.)     0.0000   0.0000   0.0000   0.0000   0.0012   0.0003
intensity (km/mol)       0.00     0.00     0.00     0.00     2.66     0.21
intensity (  %   )       0.00     0.00     0.00     0.00     0.30     0.02
 
       RAMAN              -        -        -        -       YES      YES
 
  1   ag          x   0.03626  0.14169 -0.10392 -0.00602  0.00496  0.00709
                  y   0.12262 -0.01622  0.02621  0.09203  0.05029  0.00316
                  z   0.01581  0.08824  0.12045 -0.02609 -0.10143 -0.01036
  2   n           x  -0.11339  0.15907 -0.07818  0.05855 -0.03122 -0.02176
                  y   0.12482 -0.04066 -0.00006  0.08755 -0.02700 -0.00474
                  z   0.01397  0.18049  0.21929 -0.01188  0.19991  0.04303
  3   c           x  -0.06209  0.14941 -0.08513  0.02880  0.00192 -0.06472
                  y   0.11600 -0.03052  0.01404  0.08926  0.01976 -0.01981
                  z   0.00716  0.15912  0.18573  0.00116  0.05085  0.10813
  4   n           x  -0.03996  0.16036 -0.09579  0.04706  0.03111 -0.07438
                  y   0.14448 -0.03340 -0.00049  0.08926  0.01724 -0.02722
                  z   0.03400  0.10866  0.16975 -0.06495 -0.06409  0.11831
  5   c           x  -0.06661  0.17917 -0.09918  0.09088  0.02600 -0.02947
                  y   0.17881 -0.04526 -0.02671  0.08771 -0.03038 -0.01307
                  z   0.06497  0.08185  0.18591 -0.13782 -0.03705  0.03543
  6   c           x  -0.11948  0.18883 -0.09187  0.12092 -0.01499  0.05783
                  y   0.18737 -0.05555 -0.04086  0.08596 -0.08095  0.02212
                  z   0.07150  0.10458  0.22056 -0.15008  0.12798 -0.11386
  7   c           x  -0.14128  0.17814 -0.08141  0.10315 -0.04676  0.06244
                  y   0.15936 -0.05278 -0.02664  0.08596 -0.07993  0.02693
                  z   0.04510  0.15418  0.23623 -0.08506  0.24827 -0.11148
  8   o           x  -0.03805  0.13202 -0.08186 -0.01159  0.00700 -0.09153
                  y   0.08435 -0.01961  0.03820  0.09069  0.05919 -0.02601
                  z  -0.02141  0.18423  0.17125  0.06840  0.02936  0.15675
  9   n           x  -0.04265  0.18846 -0.10942  0.10537  0.05541 -0.05646
                  y   0.20531 -0.04702 -0.03927  0.08787 -0.02880 -0.03089
                  z   0.09003  0.03311  0.16920 -0.19971 -0.15950  0.07813
 10   h           x  -0.00641  0.18332 -0.11518  0.08783  0.09380 -0.15239
                  y   0.19828 -0.04116 -0.03035  0.08882  0.00335 -0.06163
                  z   0.08449  0.01772  0.14408 -0.18887 -0.30019  0.25839
 11   h           x  -0.06307  0.20458 -0.11288  0.14247  0.06745 -0.07775
                  y   0.23038 -0.05747 -0.06029  0.08641 -0.07008 -0.02695
                  z   0.11263  0.01267  0.18002 -0.25298 -0.16589  0.10888
 12   h           x  -0.14140  0.20398 -0.09449  0.15631 -0.02877  0.13338
                  y   0.21505 -0.06513 -0.06203  0.08471 -0.12133  0.04734
                  z   0.09646  0.08328  0.23391 -0.20878  0.16819 -0.25229
 13   h           x  -0.18115  0.18418 -0.07527  0.12325 -0.08130  0.12503
                  y   0.16311 -0.05995 -0.03560  0.08470 -0.11783  0.05370
                  z   0.04753  0.17476  0.26247 -0.08830  0.38317 -0.22042
 14   h           x  -0.12931  0.15091 -0.07037  0.04483 -0.05766 -0.00700
                  y   0.10368 -0.03846  0.01079  0.08757 -0.02763  0.00554
                  z  -0.00594  0.21759  0.23078  0.03711  0.29292  0.02738
 15   n           x   0.19166  0.10915 -0.12331 -0.10285 -0.02953 -0.06270
                  y   0.08691  0.01583  0.07396  0.09729 -0.04925 -0.02722
                  z  -0.01310  0.03439  0.01855  0.03333  0.18999  0.10703
 16   c           x   0.14311  0.12417 -0.11971 -0.06262 -0.03102  0.03400
                  y   0.10785  0.00342  0.05259  0.09538 -0.00670  0.00819
                  z   0.00495  0.03856  0.04974 -0.00698  0.12002 -0.05536
 17   n           x   0.10729  0.11845 -0.10854 -0.06748 -0.00114  0.07941
                  y   0.08959  0.00258  0.05911  0.09489  0.00226  0.02766
                  z  -0.01282  0.08532  0.07503  0.03824 -0.01566 -0.12582
 18   c           x   0.11830  0.09969 -0.10156 -0.10820  0.01445  0.06161
                  y   0.05392  0.01298  0.08436  0.09614 -0.03330  0.02426
                  z  -0.04543  0.12444  0.07001  0.11615 -0.05635 -0.09351
 19   c           x   0.16851  0.08455 -0.10548 -0.14900  0.01627 -0.02528
                  y   0.03299  0.02560  0.10595  0.09809 -0.07571 -0.00761
                  z  -0.06344  0.11918  0.03767  0.15623  0.01488  0.05343
 20   c           x   0.20392  0.09005 -0.11645 -0.14451 -0.00496 -0.09668
                  y   0.05078  0.02653  0.09970  0.09859 -0.08148 -0.03689
                  z  -0.04611  0.07330  0.01271  0.11211  0.13384  0.16842
 21   o           x   0.13301  0.14137 -0.12610 -0.02531 -0.05912  0.07112
                  y   0.14040 -0.00612  0.02949  0.09422  0.01971  0.01917
                  z   0.03471  0.00285  0.05432 -0.07808  0.18345 -0.12376
 22   n           x   0.08179  0.09508 -0.09080 -0.11064  0.02941  0.10367
                  y   0.03832  0.01157  0.08922  0.09560 -0.02782  0.03921
                  z  -0.06076  0.16837  0.09577  0.15555 -0.16360 -0.16576
 23   h           x   0.04523  0.10677 -0.08828 -0.07956  0.00476  0.18203
                  y   0.05241  0.00176  0.07333  0.09405 -0.00847  0.08801
                  z  -0.04871  0.17290  0.11851  0.12884 -0.17312 -0.31750
 24   h           x   0.08873  0.08217 -0.08585 -0.13853  0.02978  0.16537
                  y   0.01085  0.01834  0.10738  0.09634 -0.05376  0.07306
                  z  -0.08591  0.19859  0.09195  0.21564 -0.17420 -0.28718
 25   h           x   0.17817  0.06927 -0.09996 -0.18230  0.03730 -0.06127
                  y   0.00416  0.03416  0.12651  0.09913 -0.10064 -0.01844
                  z  -0.08977  0.15033  0.03313  0.21910 -0.03230  0.11877
 26   h           x   0.24301  0.07960 -0.12017 -0.17353 -0.00492 -0.18124
                  y   0.03719  0.03570  0.11473  0.10003 -0.11367 -0.07027
                  z  -0.05763  0.06571 -0.01263  0.13730  0.19647  0.31500
 27   h           x   0.21793  0.11338 -0.13152 -0.09921 -0.04968 -0.10967
                  y   0.10038  0.01644  0.06913  0.09765 -0.05512 -0.04695
                  z   0.00000  0.00000  0.00000  0.00000  0.28286  0.17619

reduced mass(g/mol)     9.040   10.847   10.547    7.444    6.537    4.530


       mode              13       14       15       16       17       18

     frequency          82.77    94.14   101.97   122.73   127.20   153.88

     symmetry            a        a        a        a        a        a   

        IR               YES      YES      YES      YES      YES      YES
|dDIP/dQ|   (a.u.)     0.0011   0.0007   0.0002   0.0017   0.0017   0.0015
intensity (km/mol)       2.34     0.83     0.09     4.99     5.25     3.78
intensity (  %   )       0.26     0.09     0.01     0.56     0.59     0.42
 
       RAMAN             YES      YES      YES      YES      YES      YES
 
  1   ag          x  -0.09582  0.01314 -0.01742 -0.02017 -0.12535  0.10376
                  y  -0.02913 -0.02521 -0.00740 -0.00633  0.08703 -0.06739
                  z   0.14569  0.00721  0.03452  0.02830 -0.05269  0.03903
  2   n           x  -0.02538 -0.00826 -0.07099  0.14975  0.04274  0.06619
                  y  -0.01679 -0.07114 -0.02550  0.07157  0.01272  0.21300
                  z   0.07501 -0.01492  0.13130 -0.27221  0.04608  0.10219
  3   c           x   0.05294  0.07810 -0.01891  0.01990  0.12889 -0.01004
                  y   0.02250 -0.10417  0.01023  0.00935 -0.01253  0.22961
                  z  -0.07458  0.02993  0.00476 -0.02860  0.07583  0.05069
  4   n           x   0.02876  0.12163 -0.05503  0.05117  0.14746 -0.06108
                  y   0.00869 -0.04819 -0.01214  0.02391  0.01833  0.14951
                  z  -0.03449  0.07488  0.05697 -0.09207  0.10225  0.01685
  5   c           x   0.06394  0.10238 -0.00129  0.00312  0.13192 -0.04565
                  y   0.02217  0.04961 -0.00342  0.00431  0.10871  0.12981
                  z  -0.10046  0.07128 -0.03950 -0.00142  0.10711  0.00877
  6   c           x   0.01051  0.02795  0.04969 -0.11008  0.07733  0.03075
                  y  -0.00393  0.09075  0.00936 -0.04778  0.15183  0.10279
                  z   0.00615  0.00991 -0.10475  0.20758  0.04088  0.04911
  7   c           x  -0.04714 -0.03010  0.00030 -0.00908  0.03230  0.08258
                  y  -0.03087  0.02566 -0.00975  0.00207  0.10170  0.16019
                  z   0.11779 -0.02246  0.00585  0.02342  0.02498  0.09271
  8   o           x   0.13808  0.10115  0.05899 -0.11543  0.15380 -0.02492
                  y   0.05975 -0.17764  0.05343 -0.04514 -0.07883  0.33855
                  z  -0.23350  0.01355 -0.14313  0.22138  0.04845  0.05241
  9   n           x   0.15594  0.16204  0.01002  0.05887  0.18654 -0.05210
                  y   0.06966  0.11618 -0.00427  0.03603  0.17817  0.11691
                  z  -0.26585  0.13259 -0.08432 -0.09797  0.19037 -0.01471
 10   h           x   0.21660  0.23241 -0.04327  0.16389  0.26326 -0.06163
                  y   0.08577  0.09138 -0.01778  0.06891  0.14930  0.11682
                  z  -0.37005  0.16289  0.00281 -0.29297  0.22995 -0.00114
 11   h           x   0.15051  0.17961  0.01066  0.06830  0.19657 -0.03980
                  y   0.05939  0.20790 -0.00971  0.02559  0.27887  0.10755
                  z  -0.25466  0.08057 -0.08304 -0.10930  0.14713 -0.03067
 12   h           x   0.00787  0.01148  0.11960 -0.24910  0.07253  0.05801
                  y  -0.00713  0.16417  0.02756 -0.10684  0.20915  0.02830
                  z   0.01194  0.00695 -0.23076  0.46776  0.02531  0.03398
 13   h           x  -0.09977 -0.09253  0.01590 -0.04250 -0.01583  0.13082
                  y  -0.05775  0.04467 -0.00930 -0.01381  0.11852  0.14693
                  z   0.22360 -0.06160 -0.00103  0.08640 -0.01241  0.11933
 14   h           x  -0.02574 -0.06657 -0.04490  0.12294 -0.01367  0.09948
                  y  -0.01576 -0.13393 -0.00590  0.05490 -0.04705  0.24765
                  z   0.08002 -0.03393  0.10889 -0.23650  0.03053  0.11017
 15   n           x  -0.06130  0.04982  0.15676  0.04894 -0.06011 -0.09355
                  y  -0.03369  0.06427  0.06460  0.01634 -0.13666 -0.10972
                  z   0.12644 -0.00627 -0.28106 -0.09880 -0.09248 -0.07348
 16   c           x   0.04135 -0.06402  0.04143  0.02109  0.00602 -0.10441
                  y   0.01507  0.14121  0.00365 -0.00144 -0.19043 -0.09286
                  z  -0.06311 -0.02199 -0.05721 -0.03884 -0.04710 -0.07925
 17   n           x  -0.01938 -0.13676  0.10975  0.04719  0.06920 -0.08112
                  y  -0.01004  0.09442  0.03293  0.01040 -0.13813 -0.07531
                  z   0.02929 -0.09680 -0.15599 -0.07284 -0.00555 -0.06609
 18   c           x   0.04382 -0.15165  0.02963  0.02618  0.05976 -0.08937
                  y   0.00925 -0.02069  0.01198  0.00617 -0.10941 -0.12605
                  z  -0.08590 -0.10067 -0.00931 -0.03498  0.01294 -0.07963
 19   c           x   0.04399 -0.08768 -0.11025 -0.04603 -0.00616 -0.08541
                  y   0.00269 -0.11385 -0.03379 -0.01812 -0.05655 -0.13805
                  z  -0.07282 -0.01890  0.21670  0.08265 -0.00499 -0.08169
 20   c           x  -0.02762  0.01807 -0.02222 -0.02960 -0.06469 -0.08992
                  y  -0.02676 -0.06278  0.00229 -0.01131 -0.08404 -0.13774
                  z   0.06408  0.01692  0.04372  0.04376 -0.05899 -0.08533
 21   o           x   0.17084 -0.07615 -0.10955 -0.02167 -0.01237 -0.10535
                  y   0.07346  0.25112 -0.06933 -0.02613 -0.31470 -0.10728
                  z  -0.29479  0.04716  0.21015  0.03525 -0.06858 -0.07951
 22   n           x   0.11864 -0.21710  0.06608  0.05464  0.07301 -0.13454
                  y   0.04017 -0.04987  0.02555  0.01615 -0.10088 -0.14572
                  z  -0.22552 -0.17821 -0.05817 -0.08039  0.03671 -0.11425
 23   h           x   0.10834 -0.23729  0.19747  0.11266  0.08026 -0.17414
                  y   0.03656 -0.02062  0.08916  0.05224 -0.09644 -0.12978
                  z  -0.20997 -0.20880 -0.28270 -0.19281  0.01781 -0.10857
 24   h           x   0.08082 -0.25257  0.02726  0.10886  0.08020 -0.16528
                  y   0.02243 -0.12330  0.01829  0.04632 -0.08674 -0.19644
                  z  -0.15020 -0.12685  0.02401 -0.18705  0.02656 -0.06540
 25   h           x   0.09233 -0.11294 -0.26757 -0.11902 -0.01466 -0.08102
                  y   0.01759 -0.21604 -0.08963 -0.04356  0.00954 -0.12962
                  z  -0.16066 -0.00022  0.50042  0.21442  0.03052 -0.08806
 26   h           x  -0.05202  0.08302 -0.08443 -0.07493 -0.11139 -0.07809
                  y  -0.04253 -0.12181 -0.01558 -0.02678 -0.05211 -0.14307
                  z   0.11834  0.06937  0.13835  0.11754 -0.07647 -0.08637
 27   h           x  -0.03525  0.12533  0.10290  0.02237 -0.09748 -0.06348
                  y  -0.02248  0.10274  0.04142  0.00500 -0.15551 -0.09505
                  z   0.09584  0.03804 -0.21619 -0.06486 -0.10992 -0.06782

reduced mass(g/mol)    10.648    6.968    5.892    5.020   10.537   10.369


       mode              19       20       21       22       23       24

     frequency         184.69   209.81   244.47   388.46   389.67   393.37

     symmetry            a        a        a        a        a        a   

        IR               YES      YES      YES      YES      YES      YES
|dDIP/dQ|   (a.u.)     0.0004   0.0032   0.0020   0.0029   0.0026   0.0050
intensity (km/mol)       0.31    18.26     7.44    14.68    12.41    45.29
intensity (  %   )       0.04     2.04     0.83     1.64     1.39     5.06
 
       RAMAN             YES      YES      YES      YES      YES      YES
 
  1   ag          x  -0.00155 -0.02209  0.11369  0.00390  0.00113 -0.00370
                  y   0.00189 -0.00856  0.22390  0.01130  0.00093 -0.00616
                  z  -0.00159  0.04461  0.11772  0.00690 -0.00074  0.00077
  2   n           x   0.04462 -0.03123 -0.07144 -0.03190 -0.02343 -0.06603
                  y   0.01849 -0.01625 -0.09910 -0.07421 -0.00265 -0.00298
                  z  -0.08509  0.06027 -0.07176  0.07629  0.04209  0.11711
  3   c           x  -0.02737  0.04884 -0.05138 -0.05317 -0.00038  0.00230
                  y  -0.01400  0.01957 -0.09338 -0.02461  0.00166  0.00518
                  z   0.05133 -0.08865 -0.04565 -0.01776  0.01176  0.03671
  4   n           x  -0.14377  0.16874  0.00137 -0.01062  0.01940  0.06521
                  y  -0.07206  0.08077  0.00143 -0.06853  0.01928  0.06275
                  z   0.26921 -0.31167  0.00902 -0.11275 -0.01903 -0.06615
  5   c           x  -0.04722  0.06706  0.01386 -0.06503 -0.00871 -0.02175
                  y  -0.02696  0.03203 -0.09371 -0.09741  0.00421  0.02110
                  z   0.08368 -0.11590 -0.01620  0.00899  0.03149  0.08933
  6   c           x  -0.04908  0.04952 -0.01840 -0.07183 -0.01606 -0.04548
                  y  -0.02793  0.02486 -0.09756 -0.12386  0.00220  0.01638
                  z   0.08690 -0.08492 -0.02659  0.03379  0.04587  0.13490
  7   c           x   0.01957 -0.03385 -0.05840  0.06575  0.02582  0.07493
                  y   0.00517 -0.01552 -0.13179 -0.05618  0.02103  0.07036
                  z  -0.03458  0.06125 -0.06583 -0.11081 -0.04566 -0.13505
  8   o           x   0.04707 -0.03350 -0.01758 -0.08599  0.01763  0.04210
                  y   0.01227 -0.01181 -0.22410  0.13546 -0.01901 -0.06915
                  z  -0.08502  0.06264 -0.06107 -0.02068 -0.01096 -0.00360
  9   n           x   0.10239 -0.08724 -0.07562  0.14180 -0.01356 -0.05081
                  y   0.04953 -0.04703 -0.19506  0.10448 -0.00899 -0.02951
                  z  -0.17493  0.14776 -0.10960  0.10531 -0.01864 -0.05785
 10   h           x   0.07945 -0.03955 -0.22591  0.59405  0.01319  0.03661
                  y   0.02667 -0.01291 -0.14990  0.05074  0.02802  0.09641
                  z  -0.08167 -0.00348 -0.15143 -0.06711 -0.16626 -0.55698
 11   h           x   0.13400 -0.13324 -0.08326  0.08015 -0.02804 -0.10360
                  y   0.07126 -0.08012 -0.35227  0.40407 -0.06792 -0.23140
                  z  -0.22574  0.22262 -0.05358  0.11338  0.01830  0.07331
 12   h           x  -0.04834  0.02843 -0.04153  0.00504  0.01485  0.04667
                  y  -0.02945  0.01959 -0.03730 -0.14202  0.01994  0.07075
                  z   0.08641 -0.04712 -0.01281 -0.09032 -0.01374 -0.04331
 13   h           x   0.06444 -0.10624 -0.06170  0.20492  0.08045  0.23165
                  y   0.02676 -0.05019 -0.12939 -0.00887  0.05018  0.15643
                  z  -0.12083  0.19970 -0.07302 -0.31790 -0.15909 -0.46809
 14   h           x   0.16670 -0.17752 -0.03467  0.10514  0.04313  0.10830
                  y   0.08381 -0.09471 -0.06402  0.00811  0.03358  0.09042
                  z  -0.28550  0.29972 -0.07875 -0.11255 -0.06515 -0.16930
 15   n           x  -0.06510 -0.04356 -0.09135  0.00078  0.06529 -0.02516
                  y  -0.02629 -0.01897 -0.05982  0.02601  0.01916 -0.02387
                  z   0.11921  0.07599 -0.06847  0.00147 -0.12105  0.04084
 16   c           x   0.02719  0.04379 -0.07782  0.01562  0.01086 -0.01420
                  y   0.01246  0.01793 -0.05473  0.00652  0.00339 -0.00501
                  z  -0.04641 -0.08113 -0.05122  0.00930 -0.03067  0.00171
 17   n           x   0.14823  0.16432 -0.00733  0.02664 -0.05813  0.00674
                  y   0.06333  0.06899  0.00888  0.02952 -0.03023 -0.00655
                  z  -0.25737 -0.28773  0.01198  0.02656  0.07443 -0.04928
 18   c           x   0.04635  0.05968 -0.02421  0.02433  0.03559 -0.02663
                  y   0.01939  0.02242 -0.09923  0.02099  0.00917 -0.01643
                  z  -0.07354 -0.10042 -0.03360  0.01542 -0.08975  0.01849
 19   c           x   0.06905  0.05619 -0.04398  0.02494  0.06571 -0.03923
                  y   0.02927  0.02108 -0.09955  0.02863  0.01915 -0.02512
                  z  -0.11496 -0.09555 -0.04265  0.01585 -0.14012  0.03718
 20   c           x  -0.00702 -0.02469 -0.08391  0.00064 -0.08902  0.02863
                  y  -0.00129 -0.01112 -0.10925  0.02515 -0.04597 -0.00083
                  z   0.01333  0.03999 -0.07709  0.01191  0.14959 -0.06043
 21   o           x  -0.03423 -0.02810 -0.08363  0.01172 -0.01050 -0.00697
                  y  -0.01139 -0.01116 -0.18467 -0.06420  0.02096  0.03319
                  z   0.06454  0.04860 -0.09059 -0.00707  0.01604  0.00098
 22   n           x  -0.11582 -0.09745 -0.14597 -0.07469  0.00658  0.04439
                  y  -0.04547 -0.04091 -0.15236 -0.01972 -0.00013  0.01153
                  z   0.18910  0.14477 -0.13631 -0.04808  0.04512  0.01584
 23   h           x  -0.08744 -0.04062 -0.25652 -0.15967 -0.21946  0.19958
                  y  -0.03398 -0.01088 -0.07288  0.06952 -0.15866  0.02042
                  z   0.14353  0.04290 -0.16729 -0.11203  0.51082 -0.14333
 24   h           x  -0.21054 -0.20206 -0.17916 -0.10407  0.10226  0.01885
                  y  -0.10374 -0.10575 -0.30148 -0.15800  0.07434  0.06979
                  z   0.37494  0.34980 -0.11771 -0.03632 -0.13611  0.09397
 25   h           x   0.09946  0.05722 -0.03992  0.02767 -0.05523  0.00379
                  y   0.04414  0.02462 -0.04503  0.04870 -0.03692 -0.01633
                  z  -0.16858 -0.09648 -0.03496  0.01711  0.07399 -0.04265
 26   h           x  -0.03624 -0.08258 -0.07505 -0.00878 -0.29283  0.10569
                  y  -0.01422 -0.03675 -0.10970  0.02866 -0.14048  0.03002
                  z   0.06685  0.14588 -0.08514  0.01518  0.52975 -0.19536
 27   h           x  -0.16507 -0.16010 -0.03620 -0.00586 -0.12296  0.04085
                  y  -0.06776 -0.06728 -0.03259  0.02348 -0.05948  0.00360
                  z   0.27865  0.26251 -0.06598  0.01078  0.17041 -0.06002

reduced mass(g/mol)     5.932    6.525   14.129    3.261    2.305    2.478


       mode              25       26       27       28       29       30

     frequency         405.43   477.65   484.83   538.03   541.18   559.98

     symmetry            a        a        a        a        a        a   

        IR               YES      YES      YES      YES      YES      YES
|dDIP/dQ|   (a.u.)     0.0026   0.0011   0.0031   0.0018   0.0031   0.0016
intensity (km/mol)      11.59     2.34    17.34     5.47    16.84     4.66
intensity (  %   )       1.29     0.26     1.94     0.61     1.88     0.52
 
       RAMAN             YES      YES      YES      YES      YES      YES
 
  1   ag          x   0.01093 -0.00119 -0.00203 -0.00087  0.00047  0.00061
                  y   0.03431 -0.00152 -0.00144 -0.00113  0.00076 -0.00773
                  z   0.01539  0.00165  0.00211 -0.00036  0.00002 -0.00187
  2   n           x   0.00390  0.00329 -0.02351  0.02406  0.13364 -0.12806
                  y  -0.02597  0.00009 -0.00444  0.00433 -0.03271  0.31212
                  z  -0.01220 -0.00574  0.04625  0.01425  0.06419  0.01201
  3   c           x  -0.02343  0.00453 -0.01127 -0.02242 -0.11439 -0.01315
                  y  -0.00719  0.00073  0.00166  0.00980  0.01222  0.22688
                  z  -0.02017 -0.00743  0.01344 -0.00991 -0.05563  0.05721
  4   n           x  -0.02324 -0.00500  0.03146 -0.02406 -0.11474 -0.04171
                  y  -0.03398 -0.00444  0.02395  0.01456  0.06455  0.09220
                  z  -0.01953  0.00932 -0.05868 -0.00778 -0.03498  0.00384
  5   c           x  -0.01268  0.00040 -0.00119 -0.02628 -0.12708 -0.00100
                  y  -0.04856  0.00014  0.00296  0.01469  0.10228 -0.16901
                  z  -0.02533 -0.00016 -0.00199 -0.01906 -0.08330 -0.07482
  6   c           x  -0.01100  0.00553 -0.02621  0.03010  0.17175 -0.12243
                  y  -0.05852  0.00376 -0.01611 -0.01207 -0.03741 -0.14470
                  z  -0.03155 -0.01074  0.05629  0.00617  0.04784 -0.12525
  7   c           x  -0.00114 -0.00596  0.02671  0.03791  0.18604 -0.01199
                  y  -0.05292 -0.00206  0.00995 -0.01149 -0.06641  0.00925
                  z  -0.00061  0.01004 -0.04033  0.02751  0.13175  0.01789
  8   o           x  -0.04625  0.00343  0.00669 -0.00421 -0.05649  0.11903
                  y   0.06154  0.00480 -0.01342 -0.05833 -0.25179 -0.19652
                  z  -0.00958 -0.00675 -0.01042 -0.01609 -0.08077  0.02222
  9   n           x   0.06908 -0.00549  0.01621 -0.01838 -0.11100  0.11622
                  y   0.03773 -0.00076  0.00260  0.03795  0.20116 -0.07938
                  z   0.05613  0.01191 -0.04369  0.00643  0.01768  0.06851
 10   h           x   0.20939  0.08740 -0.36141  0.03339  0.10348  0.43550
                  y  -0.02168  0.03609 -0.14424  0.02754  0.16361 -0.14999
                  z   0.14796 -0.18704  0.75556  0.00288 -0.01296  0.05247
 11   h           x   0.06001 -0.04470  0.17177 -0.03140 -0.16942  0.05367
                  y   0.21068 -0.03042  0.11788  0.08162  0.37133  0.17994
                  z   0.02282  0.07680 -0.30071  0.01239  0.05123  0.09156
 12   h           x  -0.01479  0.02213 -0.09413  0.04308  0.23724 -0.14294
                  y  -0.07701  0.01025 -0.04469 -0.05906 -0.26482 -0.14487
                  z  -0.01813 -0.04163  0.18348  0.00360  0.03072 -0.08882
 13   h           x   0.00341 -0.00989  0.04798  0.03729  0.13914  0.24581
                  y  -0.06414 -0.00325  0.01798 -0.01443 -0.06712 -0.07622
                  z   0.03161  0.01529 -0.07368  0.03751  0.15173  0.20039
 14   h           x   0.00595 -0.01352  0.08759  0.09260  0.46207  0.03521
                  y  -0.01792 -0.00991  0.06024  0.06339  0.24925  0.45116
                  z   0.01037  0.01847 -0.11784 -0.01447 -0.07704 -0.08136
 15   n           x  -0.02068 -0.01930 -0.00559 -0.13920  0.02586  0.00795
                  y  -0.08174 -0.00388 -0.00108  0.11991 -0.02583 -0.05609
                  z  -0.00670  0.04464  0.01331 -0.05141  0.00779 -0.00971
 16   c           x  -0.05999 -0.00820 -0.00021  0.11001 -0.02079 -0.00877
                  y  -0.01442  0.00240  0.00142 -0.03017  0.00235 -0.03591
                  z  -0.03610  0.01607  0.00174  0.05708 -0.01084 -0.01263
 17   n           x  -0.05957  0.03509  0.00990  0.10245 -0.01918 -0.00086
                  y  -0.06458  0.02266  0.00620 -0.08524  0.01215 -0.01916
                  z  -0.08067 -0.05965 -0.01739  0.02767 -0.00487 -0.00451
 18   c           x  -0.06523 -0.00505 -0.00078  0.11157 -0.01945  0.00856
                  y  -0.07779  0.00425  0.00154 -0.17536  0.03557  0.03127
                  z  -0.04324  0.00550  0.00048  0.04087 -0.00590  0.01436
 19   c           x  -0.07797 -0.02663 -0.00693 -0.16540  0.03237  0.03100
                  y  -0.10415 -0.01274 -0.00293  0.09133 -0.01225  0.01997
                  z  -0.04286  0.05993  0.01558 -0.05115  0.01040  0.02332
 20   c           x  -0.01162  0.03395  0.00866 -0.18864  0.03400  0.00491
                  y  -0.09581  0.01143  0.00328  0.13080 -0.02055  0.00532
                  z  -0.05513 -0.04348 -0.01016 -0.10089  0.01879  0.00271
 21   o           x  -0.05257  0.00307  0.00161  0.13173 -0.02454 -0.00760
                  y   0.17344 -0.01760 -0.00419  0.19891 -0.03066  0.03354
                  z   0.00914 -0.01192 -0.00378  0.11548 -0.01929  0.00390
 22   n           x   0.21273  0.00532  0.00079  0.05598 -0.01262 -0.02533
                  y   0.03400  0.01285  0.00336 -0.25401  0.04876  0.02539
                  z   0.13344 -0.02893 -0.00632 -0.04214  0.00623 -0.01053
 23   h           x   0.48177 -0.41587 -0.09392 -0.14054  0.02393 -0.06403
                  y  -0.20410 -0.17790 -0.04044 -0.17972  0.03976  0.05177
                  z   0.26462  0.67120  0.15225  0.01157 -0.01252 -0.01907
 24   h           x   0.28030  0.18655  0.04095  0.06915 -0.01537 -0.02572
                  y   0.42479  0.06909  0.01569 -0.41543  0.07170 -0.02480
                  z   0.13453 -0.40513 -0.08969 -0.12416  0.01961 -0.02892
 25   h           x  -0.07939 -0.09418 -0.02210 -0.15902  0.03231  0.03221
                  y  -0.14350 -0.04585 -0.01086  0.34900 -0.05893  0.01325
                  z  -0.05360  0.17926  0.04226  0.01311 -0.00339  0.01878
 26   h           x   0.02902  0.05897  0.01578 -0.12753  0.01848 -0.04074
                  y  -0.10342  0.02099  0.00600  0.09595 -0.01080  0.04037
                  z  -0.08306 -0.08609 -0.02228 -0.09319  0.01510 -0.02105
 27   h           x   0.02525  0.07114  0.01972 -0.41137  0.06862 -0.02069
                  y  -0.06150  0.03441  0.00962 -0.00991 -0.00532 -0.07032
                  z  -0.03785 -0.08025 -0.02240 -0.06307  0.01214 -0.00818

reduced mass(g/mol)     3.687    1.227    1.234    5.624    5.017    5.437


       mode              31       32       33       34       35       36

     frequency         562.10   585.24   604.83   616.55   628.15   694.22

     symmetry            a        a        a        a        a        a   

        IR               YES      YES      YES      YES      YES      YES
|dDIP/dQ|   (a.u.)     0.0023   0.0041   0.0036   0.0028   0.0047   0.0057
intensity (km/mol)       9.49    29.83    22.89    13.52    39.04    58.39
intensity (  %   )       1.06     3.33     2.56     1.51     4.36     6.52
 
       RAMAN             YES      YES      YES      YES      YES      YES
 
  1   ag          x   0.00003  0.00255  0.00653 -0.00486 -0.00341  0.00004
                  y  -0.00868  0.00554  0.01015 -0.01049 -0.00569 -0.00012
                  z  -0.00231  0.00303  0.00655 -0.00527 -0.00289 -0.00030
  2   n           x  -0.01767  0.06337  0.00542 -0.01940 -0.00333  0.00026
                  y   0.05327  0.01680  0.00132  0.03950  0.00657  0.00039
                  z   0.00384 -0.01567 -0.01661 -0.05675 -0.00428 -0.00092
  3   c           x  -0.00411  0.07378 -0.01516 -0.11151 -0.01218  0.00143
                  y   0.03909 -0.00850  0.00600  0.05503  0.00744  0.00083
                  z   0.00886  0.01404 -0.01496 -0.06475 -0.00697 -0.00285
  4   n           x  -0.01040 -0.03164  0.00247  0.02254  0.00289  0.00093
                  y   0.01335 -0.07155  0.02349  0.13742  0.01424  0.00050
                  z  -0.00150 -0.04816  0.00304  0.03716  0.00394 -0.00115
  5   c           x  -0.00653 -0.12742 -0.00359  0.05393  0.00775 -0.00211
                  y  -0.02559 -0.02862 -0.00483 -0.00791 -0.00033 -0.00112
                  z  -0.01520  0.01947  0.03248  0.12587  0.01216  0.00482
  6   c           x  -0.01975 -0.08386  0.01230  0.09604  0.01090  0.00018
                  y  -0.02461 -0.03340 -0.00696 -0.00506  0.00073  0.00029
                  z  -0.02082  0.00091  0.02090  0.08418  0.00888 -0.00004
  7   c           x   0.00213  0.04702  0.01335  0.03635  0.00362 -0.00249
                  y   0.00365  0.07492 -0.01374 -0.07853 -0.00711 -0.00099
                  z   0.00628 -0.01417 -0.01547 -0.04900 -0.00383  0.00436
  8   o           x   0.01876  0.08761 -0.01824 -0.11486 -0.01173 -0.00133
                  y  -0.03478 -0.03455 -0.00309 -0.02418 -0.00330 -0.00058
                  z   0.00377  0.02471 -0.01572 -0.07869 -0.00871  0.00232
  9   n           x   0.01285 -0.04888  0.01399  0.08917  0.00962  0.00127
                  y  -0.00818  0.05695 -0.00156 -0.04322 -0.00605  0.00011
                  z   0.00925 -0.04178 -0.00365  0.00596  0.00124 -0.00205
 10   h           x   0.07392 -0.01900  0.00098  0.03048  0.00060 -0.00291
                  y  -0.02093  0.01454 -0.00819 -0.04554 -0.00622 -0.00148
                  z   0.00444  0.08065  0.02858  0.05670  0.00861  0.00664
 11   h           x   0.00071 -0.02911  0.02555  0.12775  0.01320  0.00451
                  y   0.03757  0.15170  0.00434 -0.07477 -0.01159  0.00108
                  z   0.01485 -0.09865 -0.02158 -0.03783 -0.00198 -0.00701
 12   h           x  -0.01892  0.04179  0.03429  0.12091  0.01094  0.01782
                  y  -0.03274 -0.11835  0.01532  0.13289  0.01534  0.00748
                  z  -0.01870 -0.17919 -0.02507 -0.01043  0.00337 -0.03292
 13   h           x   0.04580  0.09882  0.01817  0.04931  0.00530  0.00201
                  y  -0.01069  0.07866 -0.00970 -0.06975 -0.00667  0.00138
                  z   0.03691 -0.04508 -0.03068 -0.08174 -0.00565 -0.00490
 14   h           x   0.00989 -0.46642 -0.14354 -0.35450 -0.02577  0.00507
                  y   0.07766 -0.30593 -0.06735 -0.06420  0.00319  0.00310
                  z  -0.00884  0.71350  0.26732  0.76063  0.06280 -0.00837
 15   n           x   0.00216 -0.00524  0.07116 -0.01450  0.01574 -0.00890
                  y   0.30836  0.00139 -0.04620  0.00584  0.03886 -0.00391
                  z   0.07631 -0.00029 -0.01599  0.01272 -0.05135  0.01931
 16   c           x   0.05708 -0.01123  0.12721 -0.01640 -0.03985 -0.03701
                  y   0.19772  0.00832 -0.10038  0.01105  0.05958 -0.01156
                  z   0.07792 -0.00368  0.01733  0.00387 -0.04464  0.05845
 17   n           x  -0.03813  0.00762 -0.08012  0.00928  0.03571 -0.01298
                  y   0.08828  0.01193 -0.12167  0.01093  0.06471 -0.00172
                  z   0.00179  0.00685 -0.08466  0.01161  0.01854  0.02548
 18   c           x  -0.09542  0.01169 -0.15970  0.03184 -0.00541  0.03829
                  y  -0.11917 -0.00239  0.02530  0.00105 -0.03488  0.01573
                  z  -0.09447  0.00263 -0.00427 -0.01573  0.11400 -0.06590
 19   c           x  -0.16518  0.01140 -0.13751  0.02084  0.04020  0.01631
                  y  -0.09099 -0.00430  0.02629  0.00208 -0.03021  0.00237
                  z  -0.12402  0.00413 -0.02769 -0.00178  0.05625 -0.02123
 20   c           x   0.02984 -0.00368  0.05172 -0.01027  0.01513  0.06016
                  y   0.00558 -0.01079  0.10155 -0.01002 -0.03726  0.02111
                  z   0.02510 -0.00232  0.01307  0.00499 -0.03495 -0.10265
 21   o           x   0.05314 -0.01285  0.14036 -0.01504 -0.06481  0.00794
                  y  -0.24141  0.00578 -0.04778  0.00629  0.00719  0.00510
                  z  -0.02324 -0.00648  0.06133 -0.00525 -0.04256 -0.02637
 22   n           x   0.08325  0.00491 -0.06431  0.00550  0.04494 -0.00641
                  y  -0.06672 -0.00779  0.10465 -0.01551 -0.03136 -0.00258
                  z   0.04249  0.00246 -0.03334  0.00882 -0.01498  0.01148
 23   h           x   0.36707 -0.00220 -0.03648  0.00088 -0.01227  0.07095
                  y  -0.24745 -0.00901  0.04766 -0.00371 -0.03701  0.02481
                  z   0.06300  0.01017  0.03491 -0.00601  0.04702 -0.10482
 24   h           x   0.09225  0.00337 -0.03188 -0.00718  0.08300 -0.07095
                  y   0.23639 -0.01310  0.19711 -0.03763 -0.03304 -0.02639
                  z   0.13934  0.00433 -0.07551  0.02913 -0.09701  0.14384
 25   h           x  -0.16569  0.00648 -0.04861 -0.01667  0.17423 -0.41458
                  y  -0.14208  0.00637 -0.09854  0.00908  0.07655 -0.17094
                  z  -0.13683  0.01701 -0.23915  0.07261 -0.16543  0.75103
 26   h           x   0.27972 -0.00680  0.08420 -0.02060  0.04631 -0.05996
                  y  -0.18523 -0.00990  0.10188 -0.01202 -0.02618 -0.03527
                  z   0.15495 -0.00109 -0.01956  0.01913 -0.08616  0.12300
 27   h           x   0.13204  0.03123 -0.49874  0.16296 -0.42270 -0.19370
                  y   0.37450  0.01812 -0.30133  0.08184 -0.13508 -0.08049
                  z   0.09444 -0.02394  0.50219 -0.22178  0.80732  0.31222

reduced mass(g/mol)     5.126    1.868    3.094    2.546    1.625    1.329


       mode              37       38       39       40       41       42

     frequency         695.99   723.37   730.57   754.00   758.60   809.47

     symmetry            a        a        a        a        a        a   

        IR               YES      YES      YES      YES      YES      YES
|dDIP/dQ|   (a.u.)     0.0049   0.0012   0.0023   0.0026   0.0031   0.0004
intensity (km/mol)      43.19     2.56     9.17    11.78    17.11     0.32
intensity (  %   )       4.82     0.29     1.02     1.32     1.91     0.04
 
       RAMAN             YES      YES      YES      YES      YES      YES
 
  1   ag          x   0.00021 -0.00023  0.00011  0.00043  0.00102 -0.00194
                  y   0.00008 -0.00028  0.00030 -0.00025  0.00042 -0.00295
                  z  -0.00004 -0.00028  0.00029 -0.00185 -0.00252 -0.00166
  2   n           x  -0.00656  0.00115 -0.02286  0.01170 -0.12080  0.06194
                  y  -0.00688  0.00081 -0.01121  0.00566 -0.04994  0.02661
                  z   0.02251 -0.00253  0.04919 -0.02238  0.22159  0.04300
  3   c           x  -0.04349 -0.00224  0.06195 -0.03392  0.36034 -0.07450
                  y  -0.02019 -0.00075  0.02620 -0.01561  0.17133 -0.03260
                  z   0.07981  0.00339 -0.10072  0.06341 -0.68926 -0.04599
  4   n           x  -0.02271  0.00030  0.01918  0.01044 -0.13831 -0.01464
                  y  -0.00905  0.00022  0.00534  0.00477 -0.06510 -0.10012
                  z   0.03324 -0.00041 -0.04645 -0.02061  0.26404 -0.03384
  5   c           x   0.06094  0.00079 -0.16461 -0.00992  0.10212  0.01893
                  y   0.03117  0.00034 -0.07164 -0.00447  0.04697 -0.05611
                  z  -0.12444 -0.00086  0.28965  0.01729 -0.17862 -0.00110
  6   c           x   0.00502 -0.00112  0.11113  0.00664 -0.07572 -0.02784
                  y  -0.00280 -0.00029  0.05137  0.00350 -0.03477  0.08731
                  z  -0.00386  0.00251 -0.21439 -0.01366  0.14960 -0.00014
  7   c           x   0.06185 -0.00092  0.00432 -0.00627  0.06407  0.05531
                  y   0.02368 -0.00016 -0.00304 -0.00240  0.03028  0.24234
                  z  -0.10420  0.00163 -0.00990  0.01141 -0.11898  0.09004
  8   o           x   0.01437  0.00058 -0.00799  0.00926 -0.09702 -0.10865
                  y   0.00573  0.00048 -0.01012  0.00504 -0.05489 -0.04739
                  z  -0.03000 -0.00201  0.03876 -0.01806  0.17393 -0.07052
  9   n           x  -0.01545 -0.00068  0.02349 -0.00082 -0.00661  0.07960
                  y   0.00112 -0.00064  0.02259  0.00015 -0.00666 -0.10460
                  z   0.02667  0.00168 -0.06486  0.00118  0.02209  0.01630
 10   h           x   0.05622 -0.00217  0.06129  0.00876 -0.04078  0.07783
                  y   0.02907 -0.00099  0.02651  0.00320 -0.01211 -0.10678
                  z  -0.12394  0.00411 -0.11230 -0.01699  0.06830  0.01207
 11   h           x  -0.09418 -0.00041  0.02400 -0.00425  0.02567  0.08963
                  y  -0.02064 -0.00059  0.00491 -0.00290  0.00929 -0.13226
                  z   0.14703  0.00128 -0.05933  0.00699 -0.02949  0.01523
 12   h           x  -0.41086  0.00827 -0.39225  0.00636 -0.07583 -0.00493
                  y  -0.16826  0.00352 -0.14320  0.00268 -0.02759 -0.02517
                  z   0.76998 -0.01497  0.71913 -0.01286  0.14721  0.01995
 13   h           x  -0.04714  0.00133 -0.10810 -0.00160  0.01203 -0.00065
                  y  -0.03314  0.00110 -0.06263 -0.00011  0.00317  0.25950
                  z   0.11853 -0.00322  0.22301  0.00229 -0.01181  0.08599
 14   h           x  -0.14776  0.00110  0.07252  0.00768 -0.06074  0.04309
                  y  -0.08348  0.00086  0.04079  0.00311 -0.01132 -0.00238
                  z   0.25071 -0.00222 -0.10252 -0.01721  0.14611 -0.00880
 15   n           x  -0.00020  0.02792  0.00039 -0.12791 -0.01207 -0.11897
                  y  -0.00002  0.01126 -0.00008 -0.05108 -0.00443  0.00617
                  z   0.00065 -0.04985 -0.00032  0.21316  0.01855 -0.07460
 16   c           x  -0.00227 -0.08154 -0.00042  0.37831  0.03341  0.12777
                  y  -0.00070 -0.02868 -0.00036  0.16307  0.01467  0.01640
                  z   0.00368  0.13289  0.00118 -0.67820 -0.06105  0.09084
 17   n           x  -0.00071 -0.02964  0.00000 -0.13715 -0.01598  0.08367
                  y  -0.00014 -0.01004 -0.00005 -0.04819 -0.00544  0.14093
                  z   0.00159  0.06608  0.00034  0.26099  0.02911  0.07478
 18   c           x   0.00260  0.21388  0.00226  0.10229  0.01129 -0.00211
                  y   0.00107  0.08620  0.00084  0.04223  0.00511  0.10231
                  z  -0.00452 -0.37095 -0.00410 -0.16576 -0.01897  0.02604
 19   c           x   0.00073 -0.13440 -0.00085 -0.07278 -0.00897  0.00865
                  y   0.00004 -0.05895 -0.00062 -0.03655 -0.00350 -0.15588
                  z  -0.00094  0.24339  0.00146  0.14329  0.01651 -0.02809
 20   c           x   0.00310  0.01632  0.00065  0.05908  0.00407 -0.21029
                  y   0.00105  0.00453 -0.00003  0.01491  0.00159 -0.33103
                  z  -0.00518 -0.02130 -0.00082 -0.13039 -0.01093 -0.19637
 21   o           x   0.00024  0.01658  0.00016 -0.09931 -0.00918  0.19094
                  y   0.00014  0.01360 -0.00002 -0.04277 -0.00376 -0.00152
                  z  -0.00101 -0.04943  0.00018  0.18128  0.01540  0.10318
 22   n           x   0.00003 -0.04035  0.00001 -0.00824 -0.00254 -0.07218
                  y  -0.00001 -0.02040  0.00002 -0.00252 -0.00049  0.21025
                  z   0.00011  0.07875 -0.00016  0.01910  0.00500  0.00694
 23   h           x   0.00335 -0.05101 -0.00036 -0.03890 -0.00096 -0.07184
                  y   0.00108 -0.04545 -0.00069 -0.01711 -0.00013  0.21997
                  z  -0.00471  0.12731  0.00123  0.07152  0.00271  0.00755
 24   h           x  -0.00377 -0.06014  0.00013  0.02091  0.00103 -0.07472
                  y  -0.00149 -0.03801  0.00030  0.00321  0.00089  0.24285
                  z   0.00784  0.11785 -0.00033 -0.04215 -0.00217  0.01100
 25   h           x  -0.01872  0.34018  0.00298 -0.09113 -0.00528  0.01236
                  y  -0.00780  0.13428  0.00077 -0.02652 -0.00019  0.02462
                  z   0.03391 -0.60568 -0.00546  0.18107  0.01044 -0.00420
 26   h           x  -0.00238  0.11504  0.00142 -0.00860 -0.00207 -0.13456
                  y  -0.00165  0.05030  0.00021 -0.01342 -0.00053 -0.39540
                  z   0.00537 -0.20578 -0.00204 -0.01092 -0.00095 -0.18063
 27   h           x  -0.01016 -0.15413 -0.00181 -0.06001 -0.00577 -0.06420
                  y  -0.00415 -0.06420 -0.00101 -0.02152 -0.00172  0.03262
                  z   0.01654  0.23637  0.00296  0.14053  0.01137  0.01978

reduced mass(g/mol)     1.554    4.546    3.286   11.663   11.823    7.567


       mode              43       44       45       46       47       48

     frequency         811.28   937.84   953.93   985.02   991.91  1024.34

     symmetry            a        a        a        a        a        a   

        IR               YES      YES      YES      YES      YES      YES
|dDIP/dQ|   (a.u.)     0.0006   0.0009   0.0011   0.0011   0.0017   0.0006
intensity (km/mol)       0.67     1.59     2.33     2.18     5.00     0.62
intensity (  %   )       0.07     0.18     0.26     0.24     0.56     0.07
 
       RAMAN             YES      YES      YES      YES      YES      YES
 
  1   ag          x   0.00357 -0.00002  0.00006  0.00057 -0.00026 -0.00091
                  y   0.01079  0.00009 -0.00012  0.00150 -0.00239 -0.00386
                  z   0.00466  0.00001  0.00004  0.00064 -0.00080 -0.00149
  2   n           x   0.10808  0.00007  0.00862  0.00619  0.02106  0.18749
                  y   0.03235 -0.00015 -0.00341 -0.02205 -0.11566 -0.18995
                  z   0.07198 -0.00018 -0.01454 -0.00113 -0.01222  0.05381
  3   c           x  -0.12018  0.00019  0.00953  0.00520  0.01595  0.00070
                  y  -0.05961  0.00004  0.01275  0.00620  0.04748 -0.01094
                  z  -0.07586 -0.00002 -0.01314  0.00450  0.02157 -0.00709
  4   n           x  -0.02547 -0.00021 -0.01498 -0.01142 -0.06520  0.03769
                  y  -0.16468  0.00031  0.00490  0.02701  0.12997  0.31998
                  z  -0.05636 -0.00003  0.00690  0.00047 -0.00359  0.10249
  5   c           x   0.02853 -0.00006  0.00825 -0.00717 -0.05355  0.03337
                  y  -0.09483 -0.00009 -0.00212 -0.01004 -0.06123  0.03435
                  z  -0.00426  0.00004 -0.03499 -0.00529 -0.03797  0.02540
  6   c           x  -0.05129 -0.00013  0.03246  0.00276  0.05061 -0.28381
                  y   0.14500  0.00007  0.01968  0.00945  0.07662 -0.14553
                  z  -0.00386  0.00007 -0.03726  0.00530  0.05593 -0.19789
  7   c           x   0.08946 -0.00004 -0.06623 -0.00129 -0.01420  0.00193
                  y   0.40539  0.00018 -0.02746  0.01021  0.04574  0.07402
                  z   0.14922 -0.00003  0.12393 -0.00272 -0.02241  0.03177
  8   o           x  -0.17837  0.00007  0.00509  0.00712  0.05061 -0.03412
                  y  -0.07287 -0.00005 -0.00184 -0.00089  0.00107 -0.01021
                  z  -0.11402 -0.00015  0.00533  0.00382  0.02772 -0.01995
  9   n           x   0.13126 -0.00004 -0.00301 -0.00009 -0.01630  0.05339
                  y  -0.17361 -0.00011 -0.01240 -0.01627 -0.10749  0.02124
                  z   0.02595  0.00024  0.00080 -0.00383 -0.03180  0.03431
 10   h           x   0.13621  0.00016  0.04820  0.08209  0.56641 -0.24582
                  y  -0.17952 -0.00024 -0.03525 -0.04426 -0.30183  0.12899
                  z   0.02042  0.00044  0.03799  0.02460  0.16615 -0.08984
 11   h           x   0.14622 -0.00017 -0.01835 -0.01993 -0.15488  0.13450
                  y  -0.21216  0.00028  0.04992  0.06455  0.45158 -0.27094
                  z   0.02455  0.00034  0.00651  0.00395  0.02184 -0.00355
 12   h           x  -0.01266 -0.00019 -0.13459  0.00519  0.05648 -0.25703
                  y  -0.04747  0.00012 -0.02992  0.02103  0.18157 -0.38489
                  z   0.03042  0.00017  0.26876 -0.00158  0.01901 -0.19126
 13   h           x  -0.01153 -0.00032  0.37858 -0.05597 -0.35921  0.06229
                  y   0.43611  0.00025  0.21562  0.01452  0.07964  0.07309
                  z   0.13817 -0.00015 -0.82307  0.00349 -0.00398 -0.00754
 14   h           x   0.07098  0.00001 -0.04865 -0.00470 -0.03730  0.15708
                  y  -0.02510 -0.00029 -0.03919 -0.03890 -0.20585 -0.24640
                  z  -0.02554 -0.00047  0.06203 -0.02000 -0.11306  0.00884
 15   n           x   0.07246 -0.00558  0.00005  0.02484 -0.00705 -0.05035
                  y  -0.00945 -0.00074  0.00056  0.09853 -0.00769  0.10730
                  z   0.04402  0.01716  0.00008  0.03424 -0.00539 -0.00295
 16   c           x  -0.07539 -0.01212 -0.00009 -0.03254  0.00459  0.00150
                  y  -0.01291 -0.01011 -0.00004 -0.05567  0.01039 -0.00407
                  z  -0.05383  0.01301 -0.00006 -0.03468  0.00548  0.00073
 17   n           x  -0.05025  0.01067  0.00015  0.03271 -0.00804 -0.05861
                  y  -0.08289 -0.00378 -0.00062 -0.11863  0.01068 -0.11470
                  z  -0.04490 -0.00959 -0.00010 -0.00638 -0.00236 -0.06010
 18   c           x  -0.00259 -0.01046  0.00031  0.07508 -0.01212 -0.01381
                  y  -0.06090 -0.00320  0.00016  0.04016 -0.00577 -0.00592
                  z  -0.01782  0.03605  0.00003  0.04646 -0.00747 -0.00986
 19   c           x  -0.00967 -0.03458  0.00016 -0.09599  0.02394  0.13213
                  y   0.09368 -0.01187 -0.00020 -0.05243  0.00821  0.00435
                  z   0.01336  0.03885 -0.00015 -0.07310  0.01663  0.07878
 20   c           x   0.12664  0.06941  0.00004  0.00518 -0.00272 -0.01268
                  y   0.20025  0.02699 -0.00031 -0.04045  0.00309 -0.02974
                  z   0.11839 -0.12449 -0.00016  0.01164 -0.00366 -0.01814
 21   o           x  -0.11291 -0.00325 -0.00004 -0.05211  0.00966  0.01434
                  y   0.00112  0.00295  0.00002  0.02237 -0.00375 -0.00007
                  z  -0.06054 -0.00414  0.00008 -0.02384  0.00454  0.00783
 22   n           x   0.04362  0.00464  0.00004  0.04524 -0.00929 -0.01897
                  y  -0.12362  0.00716  0.00030  0.08961 -0.01352  0.00375
                  z  -0.00399 -0.00161 -0.00012  0.04469 -0.00808 -0.00862
 23   h           x   0.05029 -0.01779 -0.00110 -0.43123  0.07138  0.05861
                  y  -0.13538  0.03956  0.00084  0.47900 -0.07873 -0.05684
                  z  -0.00348 -0.03153  0.00017 -0.11986  0.02020  0.01477
 24   h           x   0.04576  0.00211 -0.00001  0.00435 -0.00246 -0.01177
                  y  -0.13368 -0.02843 -0.00092 -0.47349  0.07964  0.09226
                  z  -0.00441 -0.00998 -0.00049 -0.08290  0.01275  0.00849
 25   h           x  -0.01243  0.13747  0.00020 -0.12570  0.02932  0.14740
                  y  -0.02043  0.05781 -0.00020 -0.15820  0.03197  0.09234
                  z  -0.00202 -0.27117 -0.00025 -0.06731  0.01751  0.09504
 26   h           x   0.07928 -0.40895  0.00108  0.33349 -0.05401 -0.01995
                  y   0.24015 -0.21432 -0.00077 -0.20947  0.02991 -0.03072
                  z   0.10817  0.80660 -0.00026  0.02207 -0.00586 -0.00264
 27   h           x   0.03552  0.06216  0.00038  0.09209 -0.01462 -0.03092
                  y  -0.02763  0.02810  0.00076  0.13793 -0.01196  0.12225
                  z  -0.01728 -0.07500  0.00045  0.11143 -0.01457  0.01446

reduced mass(g/mol)     7.531    1.300    1.294    1.970    1.987    5.933


       mode              49       50       51       52       53       54

     frequency        1030.13  1130.97  1133.20  1144.76  1148.35  1225.95

     symmetry            a        a        a        a        a        a   

        IR               YES      YES      YES      YES      YES      YES
|dDIP/dQ|   (a.u.)     0.0015   0.0017   0.0039   0.0016   0.0015   0.0028
intensity (km/mol)       4.19     5.23    27.41     4.48     4.00    14.10
intensity (  %   )       0.47     0.58     3.06     0.50     0.45     1.57
 
       RAMAN             YES      YES      YES      YES      YES      YES
 
  1   ag          x  -0.00517 -0.00040 -0.00134  0.00011  0.00091 -0.00006
                  y  -0.01134  0.00010 -0.00134  0.00060  0.00026  0.00014
                  z  -0.00567 -0.00018 -0.00111  0.00019  0.00056 -0.00001
  2   n           x   0.08557  0.08955 -0.08556 -0.00419 -0.02912 -0.00393
                  y  -0.09384 -0.02276  0.01392 -0.00359 -0.06439 -0.00913
                  z   0.02304  0.03729 -0.03737 -0.00276 -0.02933 -0.00238
  3   c           x   0.00093 -0.01909  0.01491 -0.00118 -0.01675  0.00125
                  y   0.00339  0.05309 -0.04096  0.00611  0.12203  0.00922
                  z  -0.00072  0.00437 -0.00358  0.00096  0.02187  0.00272
  4   n           x   0.01245 -0.05242  0.04096 -0.00672 -0.12427 -0.02095
                  y   0.15780 -0.03550  0.03875  0.00051  0.00162  0.00734
                  z   0.04716 -0.03718  0.03189 -0.00350 -0.06701 -0.00954
  5   c           x   0.01094 -0.00544  0.00257 -0.00276 -0.04797 -0.00213
                  y   0.01211 -0.00470  0.00444 -0.00106 -0.02174 -0.00789
                  z   0.00876 -0.00487  0.00315 -0.00183 -0.03230 -0.00317
  6   c           x  -0.12280 -0.05503  0.05577  0.00570  0.06751  0.00006
                  y  -0.05891  0.05537 -0.05312 -0.00047  0.01296  0.00166
                  z  -0.08398 -0.01074  0.01183  0.00275  0.03836  0.00136
  7   c           x  -0.00133 -0.02950  0.02709  0.00021 -0.00408  0.02298
                  y   0.03333 -0.06365  0.06155  0.00204  0.00804 -0.00419
                  z   0.01157 -0.03401  0.03185  0.00055 -0.00344  0.01219
  8   o           x  -0.00983  0.02322 -0.01726  0.00310  0.05838 -0.00180
                  y  -0.00585 -0.01455  0.01348 -0.00011 -0.01028 -0.00306
                  z  -0.00628  0.00829 -0.00543  0.00178  0.02943 -0.00139
  9   n           x   0.02108  0.02829 -0.01740  0.00672  0.11238  0.00714
                  y   0.00024 -0.00703  0.00815  0.00195  0.02284  0.00649
                  z   0.01195  0.01289 -0.00693  0.00380  0.06298  0.00494
 10   h           x  -0.05736 -0.07391  0.04061 -0.02297 -0.36117 -0.04246
                  y   0.03027  0.02513 -0.00947  0.01149  0.17564  0.02166
                  z  -0.02483 -0.02280  0.01282 -0.00650 -0.10218 -0.01124
 11   h           x   0.04421  0.05761 -0.03313  0.01592  0.25934  0.01854
                  y  -0.07770 -0.11631  0.06690 -0.03279 -0.52998 -0.03683
                  z   0.00005  0.00290 -0.00244  0.00025  0.00709  0.00122
 12   h           x  -0.11291 -0.17612  0.18115  0.01599  0.17624 -0.06096
                  y  -0.15043  0.49082 -0.50318 -0.03594 -0.35428  0.22504
                  z  -0.08298  0.00114 -0.00135  0.00124  0.02069  0.01259
 13   h           x  -0.00246 -0.12701  0.09025 -0.02166 -0.39184  0.21411
                  y   0.03675 -0.05024  0.05583  0.00753  0.10101 -0.05224
                  z  -0.00890 -0.07154  0.05550 -0.00846 -0.16268  0.09729
 14   h           x   0.07030  0.30520 -0.29953 -0.01458 -0.10308 -0.12743
                  y  -0.12225  0.23898 -0.24672 -0.01664 -0.16011 -0.16327
                  z  -0.00031  0.27735 -0.27582 -0.01444 -0.11456 -0.13547
 15   n           x   0.12949 -0.02136 -0.02469  0.10045 -0.00667  0.02579
                  y  -0.29972  0.04972  0.05024 -0.01857 -0.00327  0.02395
                  z   0.00215  0.00133 -0.00034  0.04778 -0.00436  0.01693
 16   c           x   0.00246 -0.01175 -0.01127 -0.01305  0.00219 -0.00871
                  y   0.03562 -0.09756 -0.09897 -0.02113  0.01224 -0.02172
                  z   0.00821 -0.03110 -0.03135 -0.01211  0.00418 -0.00978
 17   n           x   0.14393  0.09738  0.09902  0.00577 -0.00760  0.04052
                  y   0.32553 -0.00604 -0.00305 -0.03739  0.00367 -0.03584
                  z   0.15775  0.05351  0.05510 -0.00525 -0.00341  0.01456
 18   c           x   0.02804  0.02806  0.02782  0.02390 -0.00513  0.01381
                  y   0.01286  0.00452  0.00490 -0.00101 -0.00070  0.01049
                  z   0.02108  0.01855  0.01870  0.01316 -0.00305  0.01110
 19   c           x  -0.32934 -0.01416 -0.01210 -0.06465  0.00611 -0.00903
                  y  -0.00220 -0.03234 -0.03557  0.07446 -0.00351 -0.01018
                  z  -0.19335 -0.01688 -0.01630 -0.01859  0.00280 -0.00723
 20   c           x   0.02524  0.02676  0.02870 -0.04735  0.00193 -0.04360
                  y   0.07567  0.02680  0.02930 -0.05342  0.00232  0.01965
                  z   0.04048  0.02353  0.02517 -0.03612  0.00121 -0.02214
 21   o           x  -0.02541 -0.03477 -0.03444 -0.01358  0.00420  0.00035
                  y  -0.00703  0.02965  0.03033 -0.00175 -0.00256  0.00566
                  z  -0.01561 -0.01212 -0.01204 -0.00856  0.00161  0.00106
 22   n           x   0.05017 -0.07303 -0.07261 -0.04298  0.00879 -0.02133
                  y  -0.02569  0.01665  0.01563 -0.00252 -0.00115 -0.00166
                  z   0.01946 -0.03731 -0.03708 -0.02439  0.00483 -0.01271
 23   h           x  -0.11334  0.19887  0.19954  0.11013 -0.02409  0.06507
                  y   0.10276 -0.20637 -0.20597 -0.12960  0.02585 -0.07159
                  z  -0.02550  0.06545  0.06657  0.03397 -0.00772  0.02212
 24   h           x   0.03455 -0.05118 -0.05102 -0.02806  0.00592 -0.01682
                  y  -0.20931  0.38594  0.38408  0.22236 -0.04863  0.09894
                  z  -0.01337  0.04699  0.04734  0.02585 -0.00598  0.01175
 25   h           x  -0.36535 -0.01700 -0.01521 -0.05685  0.00556 -0.02048
                  y  -0.19778 -0.12131 -0.14608  0.73668 -0.05506 -0.42097
                  z  -0.23148 -0.03632 -0.04076  0.13723 -0.00942 -0.10703
 26   h           x  -0.02167  0.25904  0.26143  0.11111 -0.03656 -0.45505
                  y   0.11630 -0.12314 -0.12076 -0.16462  0.02807  0.30096
                  z  -0.01247  0.10383  0.10626  0.00643 -0.01120 -0.17241
 27   h           x   0.08303 -0.14516 -0.16311  0.40699 -0.02003  0.37849
                  y  -0.33783 -0.00776 -0.01431  0.12925 -0.00988  0.20036
                  z  -0.04060 -0.10192 -0.11594  0.30400 -0.01558  0.30182

reduced mass(g/mol)     7.048    1.896    1.849    1.429    1.922    1.142


       mode              55       56       57       58       59       60

     frequency        1226.51  1335.76  1337.51  1395.15  1399.77  1459.07

     symmetry            a        a        a        a        a        a   

        IR               YES      YES      YES      YES      YES      YES
|dDIP/dQ|   (a.u.)     0.0061   0.0009   0.0046   0.0024   0.0016   0.0047
intensity (km/mol)      65.50     1.58    37.46     9.84     4.57    39.98
intensity (  %   )       7.31     0.18     4.18     1.10     0.51     4.46
 
       RAMAN             YES      YES      YES      YES      YES      YES
 
  1   ag          x  -0.00029 -0.00030 -0.00046 -0.00005  0.00010 -0.00016
                  y   0.00009 -0.00080 -0.00062  0.00022 -0.00003 -0.00060
                  z  -0.00011 -0.00033 -0.00040  0.00003  0.00004 -0.00021
  2   n           x   0.00823 -0.02213 -0.01717  0.00068  0.05261 -0.14937
                  y   0.02073 -0.10909 -0.08279  0.00079  0.11579 -0.08227
                  z   0.00548 -0.03792 -0.02898  0.00063  0.06011 -0.10532
  3   c           x  -0.00149 -0.09050 -0.06726  0.00057  0.04149  0.00600
                  y  -0.02318  0.32755  0.25095  0.00049 -0.07673 -0.12590
                  z  -0.00595  0.03224  0.02579  0.00044  0.00278 -0.02840
  4   n           x   0.04514  0.24161  0.18769 -0.00006 -0.03035  0.01673
                  y  -0.01547 -0.12213 -0.09610 -0.00079  0.02905  0.08605
                  z   0.02079  0.09658  0.07486 -0.00021 -0.00911  0.03031
  5   c           x   0.00670  0.00919  0.01472  0.00161  0.04335 -0.05125
                  y   0.01784 -0.12495 -0.09732 -0.00008 -0.05327 -0.17449
                  z   0.00822 -0.02423 -0.01478  0.00083  0.01079 -0.06994
  6   c           x  -0.00048 -0.04094 -0.03199  0.00007  0.05375  0.04893
                  y  -0.00422 -0.00867 -0.00829 -0.00099 -0.15020 -0.04851
                  z  -0.00320 -0.02387 -0.01909 -0.00022 -0.00812  0.01446
  7   c           x  -0.04972  0.10281  0.07877 -0.00017 -0.00063  0.08000
                  y   0.00915 -0.00327 -0.00139 -0.00009  0.02109  0.12100
                  z  -0.02611  0.05198  0.04012 -0.00010  0.00381  0.07312
  8   o           x   0.00277 -0.04613 -0.03818 -0.00090 -0.03468  0.04681
                  y   0.00692 -0.01985 -0.01477  0.00002 -0.00975  0.04166
                  z   0.00262 -0.02848 -0.02319 -0.00042 -0.02090  0.03475
  9   n           x  -0.01620 -0.08632 -0.07013 -0.00079 -0.01816  0.00555
                  y  -0.01368  0.06758  0.05423  0.00071  0.04491  0.05936
                  z  -0.01112 -0.02744 -0.02270 -0.00032  0.00167  0.01818
 10   h           x   0.09341 -0.17137 -0.13194  0.00010 -0.14507 -0.30517
                  y  -0.04779  0.10525  0.08150  0.00031  0.09369  0.16791
                  z   0.02534 -0.06844 -0.05219  0.00025 -0.05382 -0.10797
 11   h           x  -0.04152 -0.12838 -0.10557 -0.00090 -0.02989  0.02380
                  y   0.08179  0.21716  0.17955  0.00061  0.09133  0.00038
                  z  -0.00247 -0.03052 -0.02327 -0.00008  0.00151  0.00083
 12   h           x   0.13096 -0.09031 -0.06865 -0.00052 -0.10463 -0.06406
                  y  -0.48558  0.16487  0.12052  0.00108  0.42591  0.39843
                  z  -0.02741 -0.01459 -0.01215 -0.00010  0.02975  0.05331
 13   h           x  -0.45364 -0.38828 -0.30562 -0.00516 -0.67477  0.05082
                  y   0.11085  0.10953  0.08719  0.00112  0.19406  0.15324
                  z  -0.20613 -0.16064 -0.12642 -0.00229 -0.29057  0.06510
 14   h           x   0.27381 -0.08330 -0.06155 -0.00208 -0.20796  0.33604
                  y   0.35222 -0.19070 -0.14191 -0.00249 -0.19839  0.51910
                  z   0.29170 -0.10398 -0.07687 -0.00211 -0.20150  0.37719
 15   n           x   0.01186  0.04733 -0.06180 -0.07198  0.00063 -0.00680
                  y   0.01151  0.05776 -0.07406 -0.08007  0.00082 -0.00110
                  z   0.00801  0.03941 -0.05106 -0.06209  0.00053 -0.00418
 16   c           x  -0.00392 -0.00853  0.01348 -0.01126 -0.00034 -0.00172
                  y  -0.01150 -0.24476  0.31855  0.08498 -0.00171 -0.00460
                  z  -0.00468 -0.06067  0.08038  0.01389 -0.00063 -0.00194
 17   n           x   0.01762 -0.15093  0.19573  0.01639  0.00031  0.00413
                  y  -0.01633  0.17054 -0.22758 -0.04537  0.00137  0.00332
                  z   0.00618 -0.04534  0.05719 -0.00130  0.00049  0.00309
 18   c           x   0.00719  0.02048 -0.01999 -0.01525 -0.00139 -0.00711
                  y   0.00485  0.08769 -0.11880  0.06090  0.00049 -0.00443
                  z   0.00552  0.03079 -0.03761  0.00591 -0.00064 -0.00515
 19   c           x  -0.00418  0.03428 -0.04570 -0.00006  0.00034  0.00165
                  y  -0.00469 -0.00548  0.00645  0.15149 -0.00127 -0.00041
                  z  -0.00338  0.01838 -0.02487  0.03510 -0.00007  0.00078
 20   c           x  -0.02035 -0.08320  0.10941 -0.02710 -0.00002  0.00369
                  y   0.00906  0.03249 -0.04234 -0.00956  0.00029  0.00273
                  z  -0.01030 -0.03837  0.05047 -0.01631  0.00005  0.00268
 21   o           x  -0.00007  0.04385 -0.05984  0.03004  0.00022  0.00218
                  y   0.00264 -0.00168  0.00362 -0.00484  0.00002  0.00068
                  z   0.00055  0.02393 -0.03206  0.01547  0.00005  0.00148
 22   n           x  -0.00940  0.05054 -0.06780  0.00015  0.00034  0.00183
                  y  -0.00030 -0.07459  0.10272 -0.04530 -0.00077 -0.00050
                  z  -0.00560  0.01193 -0.01550 -0.01011  0.00004  0.00067
 23   h           x   0.02896  0.09981 -0.13350  0.11538  0.00004 -0.01440
                  y  -0.03200 -0.11956  0.15949 -0.14112  0.00052  0.01341
                  z   0.00944  0.02345 -0.03311  0.02799  0.00054 -0.00405
 24   h           x  -0.00734  0.05542 -0.07373  0.00187  0.00028  0.00141
                  y   0.04360 -0.20744  0.27160 -0.07756  0.00084  0.00922
                  z   0.00497 -0.02296  0.02786 -0.01963  0.00062  0.00402
 25   h           x  -0.00945  0.03102 -0.04148 -0.01967  0.00053  0.00250
                  y  -0.19443 -0.17211  0.22054 -0.49902  0.00499  0.01078
                  z  -0.04950 -0.02107  0.02569 -0.12194  0.00147  0.00377
 26   h           x  -0.20816  0.19606 -0.26456  0.52659 -0.00293  0.00772
                  y   0.13749 -0.15291  0.20625 -0.39689  0.00240  0.00092
                  z  -0.07891  0.06536 -0.08857  0.18760 -0.00100  0.00440
 27   h           x   0.17472  0.10693 -0.13493  0.31526 -0.00188  0.02233
                  y   0.09296  0.08947 -0.11292  0.10784 -0.00038  0.01339
                  z   0.13961  0.08719 -0.10962  0.23737 -0.00145  0.01810

reduced mass(g/mol)     1.130    5.970    6.078    1.689    1.769    2.719


       mode              61       62       63       64       65       66

     frequency        1472.70  1570.04  1571.31  1609.18  1612.09  1672.71

     symmetry            a        a        a        a        a        a   

        IR               YES      YES      YES      YES      YES      YES
|dDIP/dQ|   (a.u.)     0.0055   0.0031   0.0045   0.0133   0.0059   0.0099
intensity (km/mol)      53.21    16.64    35.65   314.59    61.41   175.90
intensity (  %   )       5.94     1.86     3.98    35.12     6.86    19.64
 
       RAMAN             YES      YES      YES      YES      YES      YES
 
  1   ag          x  -0.00011 -0.00016 -0.00046  0.00030  0.00017 -0.00002
                  y  -0.00069  0.00007  0.00042  0.00084  0.00034  0.00015
                  z  -0.00024 -0.00007 -0.00015  0.00037  0.00026  0.00004
  2   n           x   0.00623 -0.03745 -0.02288 -0.04770 -0.12638 -0.03357
                  y   0.00354  0.02117  0.00998 -0.05542 -0.13977  0.03012
                  z   0.00451 -0.01460 -0.00972 -0.04003 -0.10495 -0.01003
  3   c           x  -0.00057 -0.00588  0.00348 -0.05386 -0.11482 -0.02717
                  y   0.00548 -0.03224 -0.01536  0.03849  0.10693 -0.04615
                  z   0.00115 -0.01085 -0.00184 -0.01871 -0.03421 -0.02614
  4   n           x   0.00073  0.06958  0.03808 -0.06654 -0.16523  0.00498
                  y  -0.00229 -0.00356 -0.00247 -0.04068 -0.10342  0.00143
                  z  -0.00019  0.03664  0.01999 -0.04552 -0.11358  0.00294
  5   c           x  -0.00096 -0.14997 -0.08135  0.11067  0.26886 -0.07107
                  y   0.00763  0.12314  0.06846  0.11284  0.30474  0.10153
                  z   0.00134 -0.05293 -0.02835  0.08730  0.22040 -0.00830
  6   c           x  -0.00237 -0.02096 -0.01264  0.00211 -0.00543 -0.06783
                  y   0.00317 -0.03286 -0.01787 -0.11405 -0.28016  0.06031
                  z  -0.00051 -0.01870 -0.01079 -0.02753 -0.07306 -0.02113
  7   c           x  -0.00306  0.09937  0.05743  0.03138  0.09691  0.13121
                  y  -0.00594 -0.03354 -0.01883  0.05730  0.13143 -0.07976
                  z  -0.00309  0.04418  0.02569  0.03157  0.08532  0.04942
  8   o           x  -0.00169  0.00395 -0.00166  0.04594  0.10506  0.02605
                  y  -0.00233  0.00979  0.00538  0.00503  0.00858  0.01122
                  z  -0.00134  0.00439  0.00043  0.02589  0.05770  0.01662
  9   n           x   0.00128  0.01762  0.00858 -0.02008 -0.04100  0.09586
                  y  -0.00395 -0.01936 -0.00951 -0.01277 -0.04663 -0.12567
                  z  -0.00032  0.00295  0.00124 -0.01446 -0.03360  0.02452
 10   h           x   0.00967  0.42800  0.24486  0.11710  0.28003 -0.51212
                  y  -0.00673 -0.17388 -0.09903 -0.05770 -0.15348  0.10236
                  z   0.00233  0.20289  0.11691  0.04086  0.09184 -0.29458
 11   h           x  -0.00066  0.14175  0.07942 -0.04325 -0.11167 -0.07250
                  y   0.00462 -0.54125 -0.30844  0.06922  0.21633  0.65745
                  z   0.00005 -0.02443 -0.01399  0.00020  0.00541  0.06011
 12   h           x   0.00278 -0.10418 -0.05862 -0.06302 -0.16678 -0.05634
                  y  -0.01720  0.21176  0.11674  0.10191  0.24520 -0.03192
                  z  -0.00233 -0.00863 -0.00532 -0.01252 -0.03773 -0.03649
 13   h           x  -0.00216 -0.22397 -0.12511 -0.02569 -0.09239 -0.19921
                  y  -0.00742  0.04487  0.02537  0.08409  0.20769 -0.01033
                  z  -0.00291 -0.10303 -0.05747  0.00802  0.00459 -0.10260
 14   h           x  -0.01469 -0.05272 -0.02425  0.04915  0.12067 -0.08893
                  y  -0.02264  0.01131  0.01331  0.06973  0.17770 -0.02906
                  z  -0.01622 -0.02644 -0.00946  0.05495  0.13611 -0.06018
 15   n           x  -0.16395  0.02021 -0.03783 -0.17671  0.07442 -0.01008
                  y  -0.01788 -0.01654  0.02793 -0.07614  0.03111  0.00858
                  z  -0.09992  0.00734 -0.01445 -0.11894  0.05010 -0.00356
 16   c           x  -0.02965  0.00828 -0.00976 -0.06171  0.02298 -0.00316
                  y  -0.11800  0.01390 -0.02216  0.11836 -0.05112 -0.00632
                  z  -0.04352  0.00808 -0.01099 -0.00578  0.00079 -0.00322
 17   n           x   0.04904 -0.03526  0.06048 -0.19369  0.07877 -0.00277
                  y   0.07283  0.01579 -0.03052 -0.02198  0.01142 -0.00075
                  z   0.04443 -0.01592  0.02648 -0.11321  0.04663 -0.00174
 18   c           x  -0.11552  0.06168 -0.10164  0.34797 -0.14449 -0.00179
                  y  -0.13393 -0.09552  0.16465  0.13736 -0.06607  0.03262
                  z  -0.09691  0.01092 -0.01601  0.22812 -0.09709  0.00601
 19   c           x   0.03210  0.01669 -0.03118 -0.08060  0.03626 -0.01423
                  y  -0.04263  0.00874 -0.01410 -0.24853  0.10118  0.02121
                  z   0.00860  0.01201 -0.02172 -0.10438  0.04411 -0.00323
 20   c           x   0.10549 -0.04894  0.08833  0.13146 -0.05812  0.02918
                  y   0.07112  0.03826 -0.06865  0.09926 -0.03597 -0.03309
                  z   0.07517 -0.01822  0.03310  0.09695 -0.04106  0.00857
 21   o           x   0.05403 -0.00487  0.00551  0.09617 -0.03829  0.00392
                  y   0.02073 -0.00437  0.00809 -0.02846  0.01178  0.00028
                  z   0.03455 -0.00379  0.00499  0.04679 -0.01791  0.00227
 22   n           x   0.02637 -0.00591  0.00849 -0.05649  0.02158  0.01230
                  y   0.04551  0.01588 -0.02424 -0.00929  0.01119 -0.03598
                  z   0.02535 -0.00032  0.00059 -0.03382  0.01424 -0.00214
 23   h           x  -0.24288 -0.21990  0.39097  0.21937 -0.07719 -0.10864
                  y   0.26609  0.18122 -0.32222 -0.23771  0.09505  0.05246
                  z  -0.07099 -0.06809  0.12025  0.06764 -0.02333 -0.03959
 24   h           x   0.01602  0.00245 -0.00621 -0.03605  0.01250  0.01925
                  y  -0.00385  0.31455 -0.55366  0.20342 -0.10976  0.14211
                  z   0.01885  0.08237 -0.14645  0.01320 -0.01511  0.05013
 25   h           x   0.05450  0.02122 -0.03949 -0.07345  0.03435 -0.01918
                  y   0.33066 -0.12910  0.22196  0.29823 -0.12123 -0.00348
                  z   0.10679 -0.01805  0.02958  0.02783 -0.00944 -0.01141
 26   h           x   0.11826  0.09322 -0.16548  0.02170 -0.00171 -0.04667
                  y   0.08884 -0.05785  0.10277  0.21125 -0.08914  0.01534
                  z   0.08616  0.03572 -0.06327  0.06316 -0.02266 -0.02172
 27   h           x   0.52905  0.01930 -0.03005  0.25115 -0.09978 -0.01957
                  y   0.33080 -0.02047  0.03767  0.14946 -0.06048  0.00507
                  z   0.42831  0.00611 -0.00767  0.20274 -0.08055 -0.01031

reduced mass(g/mol)     2.636    1.983    1.935    7.025    7.389    2.040


       mode              67       68       69       70       71       72

     frequency        1675.91  1731.10  1738.62  1771.55  1799.93  3257.78

     symmetry            a        a        a        a        a        a   

        IR               YES      YES      YES      YES      YES      YES
|dDIP/dQ|   (a.u.)     0.0053   0.0082   0.0225   0.0170   0.0201   0.0010
intensity (km/mol)      50.65   120.38   895.70   510.99   719.16     1.72
intensity (  %   )       5.66    13.44   100.00    57.05    80.29     0.19
 
       RAMAN             YES      YES      YES      YES      YES      YES
 
  1   ag          x  -0.00009 -0.00025  0.00022  0.00109 -0.00159  0.00000
                  y  -0.00007 -0.00006 -0.00039 -0.00043  0.00082  0.00000
                  z  -0.00006 -0.00015 -0.00001  0.00053 -0.00065  0.00000
  2   n           x  -0.00472  0.07816 -0.03632 -0.10815  0.02095  0.00000
                  y   0.00942 -0.02025  0.03703 -0.08316  0.01076 -0.00000
                  z  -0.00002  0.03675 -0.00954 -0.08025  0.01378  0.00001
  3   c           x  -0.01438 -0.11667 -0.04151  0.55155 -0.08144  0.00001
                  y  -0.01530  0.05029 -0.07797  0.12898 -0.01245  0.00000
                  z  -0.01147 -0.04932 -0.04139  0.32527 -0.04666  0.00001
  4   n           x   0.00465  0.11291 -0.07766 -0.08125  0.02804 -0.00000
                  y   0.00222 -0.03269  0.03329 -0.00863 -0.00397  0.00000
                  z   0.00303  0.05201 -0.03301 -0.04587  0.01413 -0.00000
  5   c           x  -0.02154 -0.18441  0.16978 -0.04081 -0.02321  0.00001
                  y   0.01976  0.11338 -0.13423  0.11476  0.00367 -0.00001
                  z  -0.00552 -0.06917  0.05573  0.00834 -0.01115  0.00001
  6   c           x  -0.01396  0.15447 -0.12632  0.00329  0.01247  0.00000
                  y   0.01533 -0.19907  0.17582 -0.04117 -0.01228 -0.00000
                  z  -0.00362  0.03276 -0.02369 -0.00809  0.00376  0.00000
  7   c           x   0.02734 -0.23648  0.18086  0.04104 -0.02357  0.00001
                  y  -0.01825  0.13446 -0.11104  0.01123  0.00783  0.00000
                  z   0.00991 -0.09125  0.06787  0.02454 -0.01060  0.00001
  8   o           x   0.00998  0.04477  0.03884 -0.30427  0.04279 -0.00000
                  y   0.00455  0.00188  0.01444 -0.06090  0.00840 -0.00000
                  z   0.00650  0.02444  0.02434 -0.17703  0.02441  0.00001
  9   n           x   0.02398  0.07388 -0.07810  0.04685  0.00700  0.00000
                  y  -0.02983 -0.07219  0.08175 -0.06025 -0.00463 -0.00001
                  z   0.00657  0.02595 -0.02548  0.01085  0.00336 -0.00001
 10   h           x  -0.13399 -0.24632  0.24417 -0.11394 -0.03213  0.00005
                  y   0.03020  0.06001 -0.04424 -0.00881  0.00669  0.00007
                  z  -0.07593 -0.14978  0.14940 -0.07349 -0.01566  0.00003
 11   h           x  -0.01667  0.01529 -0.01176 -0.00184  0.00299 -0.00002
                  y   0.16031  0.22706 -0.25364  0.18279  0.01578 -0.00002
                  z   0.01459  0.02320 -0.03045  0.03114  0.00256 -0.00003
 12   h           x  -0.01099  0.05088 -0.03151 -0.02937  0.00604  0.00004
                  y  -0.00597  0.23613 -0.21329  0.06985  0.01523  0.00000
                  z  -0.00702  0.07770 -0.06280  0.00021  0.00682  0.00002
 13   h           x  -0.04215  0.30417 -0.24436  0.00718  0.01978 -0.00000
                  y  -0.00382  0.02556 -0.02629  0.02179 -0.00143 -0.00005
                  z  -0.02203  0.16129 -0.13083  0.00905  0.00959 -0.00000
 14   h           x  -0.02367  0.06004 -0.10539  0.22761 -0.02545 -0.00000
                  y  -0.01120 -0.04577 -0.04429  0.32762 -0.04671  0.00001
                  z  -0.01723  0.01848 -0.07290  0.23321 -0.02991  0.00001
 15   n           x   0.02976 -0.04622 -0.04137 -0.00294  0.12817 -0.00155
                  y  -0.03652  0.04298  0.04720  0.01733  0.02365 -0.00064
                  z   0.00764 -0.01560 -0.01177  0.00281  0.07897 -0.00101
 16   c           x   0.03370  0.03179 -0.00912 -0.07189 -0.63059 -0.00077
                  y   0.02878 -0.06884 -0.06909 -0.01150  0.11933 -0.00095
                  z   0.02541  0.00168 -0.02115 -0.04250 -0.32370 -0.00067
 17   n           x  -0.00098 -0.07370 -0.07908 -0.02966  0.09302 -0.00015
                  y   0.00170  0.06122  0.07050  0.02854 -0.03756  0.00005
                  z  -0.00023 -0.02709 -0.02777 -0.00978  0.04440 -0.00007
 18   c           x   0.02868  0.11663  0.13270  0.06767 -0.01243  0.00024
                  y  -0.13033 -0.16000 -0.19431 -0.10366 -0.08236  0.00020
                  z  -0.01176  0.02889  0.03015  0.01401 -0.02592  0.00020
 19   c           x   0.04887 -0.07230 -0.07603 -0.02637  0.01294 -0.01085
                  y  -0.08328  0.21141  0.23072  0.08711  0.01206 -0.00295
                  z   0.00851  0.00823  0.01074  0.00502  0.00990 -0.00678
 20   c           x  -0.10517  0.15151  0.15895  0.05214 -0.04949  0.03386
                  y   0.12527 -0.18251 -0.19268 -0.06384  0.02002  0.07225
                  z  -0.02965  0.04217  0.04407  0.01423 -0.02285  0.03600
 21   o           x  -0.02685 -0.01076  0.01408  0.04498  0.35697  0.00020
                  y  -0.00112  0.00775  0.00400 -0.00642 -0.06486  0.00009
                  z  -0.01518 -0.00428  0.00856  0.02385  0.18332  0.00012
 22   n           x  -0.05585 -0.04462 -0.05447 -0.03217 -0.01671 -0.00004
                  y   0.15495  0.08955  0.10794  0.05606  0.04953 -0.00000
                  z   0.00773 -0.00172 -0.00278 -0.00490  0.00149 -0.00002
 23   h           x   0.50147  0.21125  0.25340  0.14354  0.06409  0.00065
                  y  -0.26505 -0.12236 -0.13287 -0.05196 -0.00111  0.00065
                  z   0.17631  0.06456  0.08397  0.05949  0.03063  0.00055
 24   h           x  -0.08493 -0.04834 -0.06087 -0.03809 -0.03147 -0.00053
                  y  -0.62273 -0.18543 -0.21914 -0.09931 -0.10179 -0.00031
                  z  -0.22164 -0.08942 -0.10654 -0.05435 -0.04283 -0.00032
 25   h           x   0.06709 -0.09994 -0.10545 -0.03646  0.01354  0.14629
                  y   0.01041 -0.18120 -0.20283 -0.08794 -0.04297 -0.01910
                  z   0.03926 -0.09694 -0.10493 -0.04116 -0.00343  0.07739
 26   h           x   0.17255 -0.23285 -0.24495 -0.08113  0.00352 -0.39445
                  y  -0.05149  0.05572  0.05749  0.01848 -0.01526 -0.80046
                  z   0.08148 -0.11281 -0.11887 -0.03973 -0.00190 -0.40987
 27   h           x   0.08921 -0.06958 -0.09591 -0.06856 -0.33832  0.00035
                  y  -0.01311  0.03243  0.02198 -0.01373 -0.20959  0.00912
                  z   0.05019 -0.03280 -0.05175 -0.04485 -0.26204  0.00234

reduced mass(g/mol)     2.097    5.910    5.522    8.882    9.969    1.094


       mode              73       74       75       76       77       78

     frequency        3288.90  3303.14  3311.40  3581.52  3670.94  3694.07

     symmetry            a        a        a        a        a        a   

        IR               YES      YES      YES      YES      YES      YES
|dDIP/dQ|   (a.u.)     0.0017   0.0016   0.0014   0.0137   0.0107   0.0085
intensity (km/mol)       5.22     4.50     3.37   331.68   203.23   127.23
intensity (  %   )       0.58     0.50     0.38    37.03    22.69    14.20
 
       RAMAN             YES      YES      YES      YES      YES      YES
 
  1   ag          x  -0.00000 -0.00000 -0.00000 -0.00000 -0.00000  0.00001
                  y   0.00000  0.00000 -0.00000 -0.00007 -0.00001  0.00004
                  z  -0.00000  0.00000 -0.00000 -0.00002 -0.00000  0.00001
  2   n           x  -0.00032  0.00001  0.00135 -0.00093  0.05060 -0.00517
                  y   0.00021  0.00000  0.00136  0.00005 -0.05198  0.00495
                  z  -0.00011 -0.00001  0.00105 -0.00048  0.01384 -0.00151
  3   c           x   0.00014  0.00001  0.00037  0.00191  0.00024  0.00072
                  y   0.00076  0.00001  0.00093  0.00000  0.00098 -0.00039
                  z   0.00028 -0.00001  0.00044  0.00102  0.00037  0.00023
  4   n           x  -0.00029  0.00000  0.00034 -0.00063 -0.00023 -0.00148
                  y  -0.00019 -0.00001  0.00010  0.00026  0.00038  0.00021
                  z  -0.00020  0.00000  0.00021 -0.00027 -0.00002 -0.00069
  5   c           x  -0.00027 -0.00001 -0.00009  0.00035 -0.00022 -0.00079
                  y  -0.00311  0.00000  0.00139 -0.00003 -0.00083  0.00095
                  z  -0.00092  0.00001  0.00028  0.00017 -0.00031  0.00014
  6   c           x   0.06971 -0.00001 -0.02880 -0.00017 -0.00095 -0.00014
                  y   0.01680 -0.00001 -0.00168  0.00004  0.00128  0.00103
                  z   0.04108  0.00001 -0.01562 -0.00009 -0.00019  0.00013
  7   c           x  -0.00551  0.00000 -0.00579  0.00030 -0.00150  0.00072
                  y  -0.02557 -0.00001 -0.08140  0.00002 -0.00102 -0.00021
                  z  -0.00935 -0.00001 -0.02339  0.00016 -0.00107  0.00030
  8   o           x  -0.00016  0.00001 -0.00008 -0.00108  0.00032 -0.00027
                  y  -0.00013  0.00001 -0.00010 -0.00011 -0.00002 -0.00007
                  z  -0.00010 -0.00002 -0.00006 -0.00060  0.00016 -0.00016
  9   n           x  -0.00007 -0.00001  0.00008  0.00017  0.00292  0.03275
                  y   0.00037 -0.00000 -0.00019 -0.00040 -0.00366 -0.04052
                  z   0.00001  0.00003 -0.00000  0.00008  0.00144  0.01479
 10   h           x  -0.00174 -0.00004  0.00054  0.00204  0.01491  0.15116
                  y  -0.00037 -0.00010 -0.00051  0.00773  0.06442  0.65071
                  z  -0.00088 -0.00000  0.00014  0.00229  0.01884  0.19298
 11   h           x   0.00065  0.00000  0.00010 -0.00589 -0.05631 -0.57984
                  y   0.00240 -0.00000 -0.00083 -0.00119 -0.01098 -0.11235
                  z   0.00102  0.00004 -0.00016 -0.00412 -0.03855 -0.39462
 12   h           x  -0.78868  0.00003  0.28454  0.00062 -0.00012 -0.00170
                  y  -0.19403  0.00001  0.06678  0.00023  0.00029 -0.00011
                  z  -0.46538  0.00004  0.16721  0.00038  0.00003 -0.00082
 13   h           x   0.03805  0.00003  0.09623 -0.00035  0.00182  0.00001
                  y   0.32325  0.00017  0.89108 -0.00061  0.00804 -0.00043
                  z   0.10091  0.00005  0.27370 -0.00033  0.00295 -0.00002
 14   h           x   0.00081  0.00003  0.00430  0.00585 -0.67692  0.06383
                  y  -0.00264 -0.00001 -0.01024 -0.00522  0.70207 -0.06634
                  z  -0.00021 -0.00001 -0.00034  0.00182 -0.18367  0.01741
 15   n           x   0.00000 -0.00108  0.00001 -0.00003  0.00006 -0.00000
                  y   0.00001 -0.00004  0.00000  0.00107 -0.00006  0.00017
                  z  -0.00000 -0.00059 -0.00001  0.00022  0.00003  0.00004
 16   c           x  -0.00001 -0.00003 -0.00000 -0.00083 -0.00006 -0.00022
                  y   0.00001  0.00021 -0.00000  0.00053 -0.00002  0.00009
                  z  -0.00001  0.00005 -0.00001 -0.00038 -0.00003 -0.00010
 17   n           x   0.00001 -0.00047  0.00001  0.00143  0.00005  0.00009
                  y  -0.00001 -0.00001  0.00000 -0.00068 -0.00001 -0.00008
                  z   0.00000 -0.00026  0.00000  0.00067  0.00003  0.00003
 18   c           x  -0.00002 -0.00108 -0.00001 -0.00037 -0.00006 -0.00005
                  y   0.00003 -0.00300  0.00001 -0.00065  0.00002  0.00009
                  z   0.00001 -0.00135 -0.00001 -0.00017 -0.00003 -0.00000
 19   c           x  -0.00001  0.07712 -0.00001  0.00000  0.00001  0.00002
                  y  -0.00001 -0.01443  0.00000 -0.00163 -0.00000 -0.00003
                  z   0.00001  0.03980 -0.00001 -0.00039  0.00000  0.00002
 20   c           x  -0.00001  0.00362 -0.00000 -0.00065 -0.00002 -0.00004
                  y   0.00001  0.01655  0.00000  0.00065  0.00001  0.00001
                  z   0.00000  0.00585 -0.00001 -0.00021 -0.00001 -0.00001
 21   o           x   0.00001 -0.00011  0.00000  0.00035  0.00003  0.00013
                  y   0.00000 -0.00003  0.00000 -0.00003  0.00001 -0.00002
                  z  -0.00001 -0.00004 -0.00001  0.00018  0.00003  0.00007
 22   n           x   0.00002  0.00003  0.00001  0.00896 -0.00015  0.00013
                  y   0.00006  0.00043  0.00002  0.05765  0.00036 -0.00068
                  z   0.00006  0.00011  0.00001  0.02280  0.00003 -0.00013
 23   h           x  -0.00054 -0.00169 -0.00018 -0.42117 -0.00288  0.00445
                  y  -0.00079  0.00058 -0.00022 -0.71593 -0.00440  0.00782
                  z  -0.00052 -0.00092 -0.00016 -0.44786 -0.00291  0.00478
 24   h           x   0.00018  0.00104  0.00008  0.29063  0.00477 -0.00559
                  y  -0.00003  0.00220 -0.00001 -0.05091 -0.00063  0.00097
                  z   0.00011  0.00106  0.00004  0.13400  0.00222 -0.00257
 25   h           x   0.00002 -0.86272  0.00016  0.00150 -0.00000 -0.00008
                  y   0.00000  0.13093 -0.00002 -0.00023  0.00003  0.00001
                  z   0.00004 -0.45226  0.00008  0.00084 -0.00000 -0.00003
 26   h           x  -0.00002 -0.06205  0.00000 -0.00035  0.00000  0.00004
                  y  -0.00004 -0.13304  0.00000 -0.00062  0.00001  0.00003
                  z  -0.00002 -0.06628 -0.00001 -0.00029  0.00000  0.00004
 27   h           x   0.00002 -0.00024 -0.00000  0.00781 -0.00052  0.00092
                  y  -0.00004  0.00261  0.00001 -0.01651  0.00106 -0.00216
                  z  -0.00001  0.00054 -0.00001  0.00067 -0.00004  0.00002

reduced mass(g/mol)     1.092    1.097    1.099    1.059    1.079    1.047


       mode              79       80       81

     frequency        3720.12  3813.67  3831.91

     symmetry            a        a        a   

        IR               YES      YES      YES
|dDIP/dQ|   (a.u.)     0.0097   0.0093   0.0079
intensity (km/mol)     168.79   154.66   110.03
intensity (  %   )      18.84    17.27    12.28
 
       RAMAN             YES      YES      YES
 
  1   ag          x   0.00000  0.00001 -0.00000
                  y   0.00001 -0.00001  0.00002
                  z   0.00000  0.00001  0.00000
  2   n           x   0.00005  0.00005 -0.00015
                  y  -0.00010 -0.00029 -0.00005
                  z   0.00001 -0.00007 -0.00011
  3   c           x   0.00003  0.00050  0.00009
                  y   0.00004  0.00005  0.00023
                  z   0.00004  0.00026  0.00009
  4   n           x  -0.00004 -0.00017  0.00026
                  y  -0.00000  0.00006 -0.00020
                  z  -0.00002 -0.00007  0.00010
  5   c           x   0.00006  0.00013 -0.00006
                  y  -0.00000  0.00000 -0.00085
                  z   0.00002  0.00008 -0.00018
  6   c           x  -0.00002 -0.00005 -0.00007
                  y  -0.00000 -0.00002  0.00053
                  z  -0.00001 -0.00002  0.00008
  7   c           x  -0.00000  0.00005  0.00014
                  y   0.00000 -0.00000 -0.00005
                  z   0.00001  0.00002  0.00006
  8   o           x  -0.00003 -0.00025 -0.00003
                  y  -0.00003 -0.00005 -0.00008
                  z  -0.00001 -0.00017 -0.00005
  9   n           x  -0.00002  0.00030 -0.05208
                  y   0.00021  0.00059 -0.05557
                  z   0.00001  0.00033 -0.04193
 10   h           x  -0.00045 -0.00151  0.15201
                  y  -0.00264 -0.00726  0.66868
                  z  -0.00070 -0.00201  0.19351
 11   h           x   0.00060 -0.00334  0.56767
                  y   0.00006 -0.00067  0.10829
                  z   0.00036 -0.00228  0.38820
 12   h           x   0.00003  0.00009  0.00027
                  y  -0.00001  0.00001  0.00002
                  z   0.00001  0.00008  0.00011
 13   h           x  -0.00001 -0.00008  0.00005
                  y   0.00002 -0.00003  0.00011
                  z   0.00001 -0.00006  0.00009
 14   h           x  -0.00104 -0.00223  0.00040
                  y   0.00109  0.00250 -0.00050
                  z  -0.00026 -0.00059  0.00010
 15   n           x  -0.03188 -0.00022  0.00002
                  y   0.06687  0.00056  0.00013
                  z  -0.00255  0.00002  0.00005
 16   c           x  -0.00053  0.00004 -0.00017
                  y  -0.00072 -0.00036  0.00001
                  z  -0.00048 -0.00003 -0.00009
 17   n           x  -0.00007 -0.00068  0.00009
                  y  -0.00032  0.00056 -0.00005
                  z  -0.00011 -0.00026  0.00004
 18   c           x   0.00048 -0.00003 -0.00008
                  y   0.00076  0.00125  0.00005
                  z   0.00044  0.00013 -0.00004
 19   c           x   0.00051 -0.00000  0.00003
                  y  -0.00137 -0.00006 -0.00001
                  z  -0.00002 -0.00004  0.00001
 20   c           x   0.00176  0.00003 -0.00002
                  y   0.00011 -0.00007  0.00000
                  z   0.00100  0.00000 -0.00001
 21   o           x  -0.00026 -0.00004  0.00010
                  y   0.00014  0.00006  0.00001
                  z  -0.00013  0.00002  0.00007
 22   n           x  -0.00059  0.07153  0.00063
                  y  -0.00148  0.00511 -0.00005
                  z  -0.00069  0.03867  0.00030
 23   h           x   0.00865 -0.12930 -0.00088
                  y   0.01439 -0.23008 -0.00108
                  z   0.00899 -0.14182 -0.00085
 24   h           x   0.00078 -0.85380 -0.00746
                  y   0.00003  0.14123  0.00130
                  z   0.00027 -0.39311 -0.00345
 25   h           x  -0.00010 -0.00063 -0.00003
                  y  -0.00029  0.00034  0.00003
                  z  -0.00009 -0.00033 -0.00002
 26   h           x  -0.00353  0.00005  0.00003
                  y  -0.00493 -0.00008 -0.00001
                  z  -0.00315  0.00000  0.00002
 27   h           x   0.42417  0.00296  0.00063
                  y  -0.90176 -0.00622 -0.00145
                  z   0.03126  0.00024  0.00003

reduced mass(g/mol)     1.080    1.094    1.106
 

 <geterg> : there is no data group $energy 


         **************************************************************
         *                                                            *
         *  zero point VIBRATIONAL energy  :      0.2007316  Hartree  *
         *                                                            *
         **************************************************************




 time elapsed for vibrational analysis     0.05 sec


    ------------------------------------------------------------------------
         total  cpu-time :   0.08 seconds
         total wall-time :   0.10 seconds
    ------------------------------------------------------------------------

   ****  force : all done  ****


    2023-12-07 17:55:04.373 

