$hessian
 1  1   0.0628254184   0.0607433815   0.0383892259  -0.0024343996   0.0002372815
 1  2  -0.0023751299   0.0136461546   0.0036188963   0.0072858679  -0.0264572594
 1  3  -0.0218483508  -0.0124352732  -0.0016795975  -0.0067503917  -0.0027248866
 1  4  -0.0005089788   0.0010712225  -0.0010890782   0.0007335632  -0.0000882860
 1  5   0.0004995277  -0.0056354458  -0.0009308810  -0.0021899371  -0.0014786776
 1  6  -0.0013769685  -0.0000026735  -0.0005552866   0.0005387312  -0.0009579056
 1  7  -0.0003682546  -0.0000169475  -0.0002157905   0.0000892533  -0.0000722846
 1  8  -0.0000737190  -0.0001081433  -0.0000571681   0.0000740857   0.0002955886
 1  9   0.0003845653   0.0001987337  -0.0028088262   0.0017878595  -0.0022921571
 1 10   0.0146097749  -0.0063891945   0.0060103830  -0.0338368412  -0.0245579574
 1 11  -0.0174735172  -0.0067997330  -0.0055537980  -0.0054127705   0.0003426975
 1 12   0.0017053577  -0.0005264441   0.0009479792  -0.0006818497   0.0005128097
 1 13  -0.0070273764  -0.0021765447  -0.0032187761  -0.0021879364  -0.0015487065
 1 14  -0.0007354567  -0.0014419477   0.0015399451  -0.0010853305  -0.0005877958
 1 15   0.0000638007  -0.0003375460   0.0001396467   0.0000520403  -0.0000373481
 1 16  -0.0001501491  -0.0000240115   0.0000550797   0.0004817595   0.0002571678
 1 17   0.0002672465
 2  1   0.0607433815   0.1712426752   0.0711205002   0.0017876866   0.0027572241
 2  2   0.0011151539  -0.0033135645  -0.0231671911  -0.0081979676  -0.0144985897
 2  3  -0.0733665060  -0.0231045376  -0.0118127473   0.0026992581  -0.0055407486
 2  4   0.0023058485   0.0005851726   0.0008589289  -0.0007837715  -0.0002709394
 2  5  -0.0004294952   0.0013030393  -0.0017845156   0.0007324916   0.0036845336
 2  6  -0.0031586169   0.0010736131   0.0010742042   0.0017381543   0.0010243611
 2  7  -0.0003487333  -0.0006105106  -0.0001906650   0.0000366748   0.0004596643
 2  8   0.0000837641   0.0000049358  -0.0000457700   0.0000629282   0.0001842209
 2  9  -0.0003501717  -0.0000168667   0.0035892635   0.0011640136   0.0018310839
 2 10  -0.0123012643  -0.0142603314  -0.0106786588  -0.0306292550  -0.0680603072
 2 11  -0.0303681887  -0.0092840157   0.0072353484  -0.0037312066   0.0020104249
 2 12  -0.0007232861   0.0005021787  -0.0011612261   0.0004333651  -0.0004943287
 2 13   0.0026956878   0.0013642831   0.0023796779   0.0022252124  -0.0046851098
 2 14   0.0009141721   0.0027682032   0.0018909981   0.0015236772  -0.0002924485
 2 15  -0.0004010672  -0.0003722045   0.0001452075   0.0003033161   0.0001003060
 2 16   0.0000351985  -0.0000470720   0.0000712261  -0.0001074454  -0.0003907311
 2 17  -0.0001781427
 3  1   0.0383892259   0.0711205002   0.0592887664  -0.0019834848   0.0003352535
 3  2   0.0011025410   0.0055179544  -0.0044446815   0.0036659107  -0.0104232112
 3  3  -0.0271581045  -0.0262613767  -0.0040211933  -0.0028209239  -0.0027945761
 3  4  -0.0007408080   0.0001890966   0.0016786819   0.0003048011  -0.0000539710
 3  5  -0.0000916044  -0.0016559302  -0.0004320840  -0.0029654472   0.0010191740
 3  6  -0.0012484375  -0.0013549277  -0.0006376978   0.0005015473   0.0006842834
 3  7  -0.0002991733  -0.0001480681  -0.0001767613  -0.0000465501   0.0000346289
 3  8   0.0001761353   0.0000869840   0.0000291999  -0.0002187577   0.0001490572
 3  9   0.0000968242   0.0002100357  -0.0018631452   0.0008387300   0.0011231286
 3 10   0.0045582168  -0.0073110278   0.0022454077  -0.0190900176  -0.0270601580
 3 11  -0.0304622669  -0.0063409298  -0.0015934626  -0.0034438115  -0.0004320099
 3 12   0.0003486365   0.0017966730   0.0004002985  -0.0002277827  -0.0000782628
 3 13  -0.0020643287  -0.0003306157  -0.0034444218   0.0002694657  -0.0015306175
 3 14  -0.0018887918  -0.0008486770   0.0009724548   0.0011716373  -0.0004140484
 3 15  -0.0000775282  -0.0002525126  -0.0000175500   0.0000433069   0.0002285394
 3 16   0.0000697840   0.0000346527  -0.0002082833   0.0001847953   0.0000248953
 3 17   0.0002211554
 4  1  -0.0024343996   0.0017876866  -0.0019834848   0.7134619565  -0.1510825447
 4  2   0.3150178982  -0.1266799852   0.0273195939  -0.0276128040   0.0296771044
 4  3   0.0221359332   0.0154005780  -0.0197005486  -0.0372591928  -0.0178609404
 4  4  -0.0474824365   0.0349525968  -0.0229959895  -0.2929460540  -0.0478585300
 4  5  -0.1472662875  -0.0164800887  -0.0652718819  -0.0367229457  -0.0040007768
 4  6   0.0110319558   0.0023146291  -0.0003277199  -0.0013483777  -0.0011098870
 4  7   0.0013707873  -0.0002203316   0.0003709300   0.0014529583   0.0052141809
 4  8  -0.0023441310  -0.0030293602   0.0001703313  -0.0038702642  -0.2346584469
 4  9   0.1999130978  -0.0730428907   0.0007681807  -0.0000656149   0.0003998646
 4 10  -0.0013662547   0.0005660407  -0.0006343238   0.0011388374  -0.0015049592
 4 11   0.0005106412  -0.0015913339   0.0021188414  -0.0004303105   0.0001812733
 4 12  -0.0007282761  -0.0000938067  -0.0005869094   0.0003043546  -0.0002569830
 4 13   0.0008379838  -0.0001828536   0.0004390314   0.0004578118  -0.0020554431
 4 14  -0.0000848515   0.0009550017   0.0022287746   0.0009639798   0.0000078329
 4 15  -0.0000745844  -0.0000397658   0.0000091191   0.0000376468   0.0000159816
 4 16   0.0000161200  -0.0000060235   0.0000138175  -0.0000646657   0.0000752846
 4 17  -0.0000153634
 5  1   0.0002372815   0.0027572241   0.0003352535  -0.1510825447   0.7337847073
 5  2   0.0923419814  -0.0188793739  -0.2551556401  -0.0587472457   0.0356267316
 5  3  -0.0521461464   0.0031965562  -0.0271856466  -0.0251921189  -0.0195278560
 5  4   0.0187294373   0.0357548612   0.0160443126  -0.0075650101  -0.1514838228
 5  5  -0.0307851236  -0.0314413252  -0.0250200673  -0.0286252138   0.0083648599
 5  6   0.0009065521   0.0044394169  -0.0006978273   0.0004998939  -0.0002661949
 5  7  -0.0000556384  -0.0006719572   0.0000043344   0.0045870920  -0.0027983259
 5  8  -0.0003357838  -0.0326671149  -0.0013442609  -0.0189603864   0.2008437321
 5  9  -0.2611352806   0.0399034812   0.0004012621  -0.0004461483   0.0001114767
 5 10  -0.0006800001   0.0009734576  -0.0001553158   0.0005097549  -0.0007999872
 5 11   0.0001973585  -0.0005977717   0.0015414609   0.0000127357  -0.0000094483
 5 12  -0.0007509386  -0.0001908847  -0.0004826946   0.0002446808  -0.0002137379
 5 13   0.0003561284  -0.0006330028   0.0000593238   0.0001720593  -0.0014516577
 5 14  -0.0001737579   0.0010472014   0.0019680762   0.0010125881   0.0001132510
 5 15  -0.0001463246   0.0000173694   0.0000000190  -0.0000076715  -0.0000009110
 5 16   0.0000130998  -0.0000023570   0.0000098662  -0.0000870684   0.0001410346
 5 17  -0.0000142751
 6  1  -0.0023751299   0.0011151539   0.0011025410   0.3150178982   0.0923419814
 6  2   0.2499456749  -0.0391740301  -0.0340019696  -0.0892196055   0.0185228852
 6  3  -0.0041364017   0.0206139017  -0.0148502806  -0.0250728481  -0.0192717622
 6  4  -0.0267373665   0.0247030958   0.0031359989  -0.1370840118  -0.0522287427
 6  5  -0.1247604911  -0.0281519897  -0.0467123674  -0.0063199556   0.0003861039
 6  6   0.0063306290   0.0016714259  -0.0004278775  -0.0006272273  -0.0005204575
 6  7   0.0006621862  -0.0003037555   0.0002421510  -0.0024989017  -0.0000078539
 6  8   0.0069838255  -0.0121051841  -0.0013037373  -0.0026938379  -0.0724685834
 6  9   0.0393220558  -0.0403831809   0.0004939667  -0.0001548552   0.0002752145
 6 10  -0.0008961070   0.0005518726  -0.0003839940   0.0009831238  -0.0008896293
 6 11  -0.0001391145  -0.0010060256   0.0015191560  -0.0002063948   0.0000626207
 6 12  -0.0005927656  -0.0000445753  -0.0004373005   0.0002254980  -0.0001924107
 6 13   0.0005499839  -0.0002553653   0.0002274751   0.0003738997  -0.0014322463
 6 14  -0.0002331263   0.0006419659   0.0016296044   0.0010113621   0.0000370619
 6 15  -0.0000711635  -0.0000227622   0.0000051968   0.0000181865   0.0000075702
 6 16   0.0000178126  -0.0000010329  -0.0000008467  -0.0000547175   0.0000770545
 6 17  -0.0000150366
 7  1   0.0136461546  -0.0033135645   0.0055179544  -0.1266799852  -0.0188793739
 7  2  -0.0391740301   0.7884748004   0.0249239105   0.3188716155  -0.1615827472
 7  3   0.0717905156  -0.0350883747  -0.0584120612   0.0093030871  -0.0217541550
 7  4  -0.0028729166   0.0124357434   0.0044423506   0.0102420544  -0.0336671540
 7  5  -0.0023241641  -0.4808856131  -0.0810431212  -0.2375382353   0.0126588155
 7  6  -0.0076905213   0.0000262155  -0.0002189675   0.0022091861   0.0016155632
 7  7  -0.0007000753   0.0004848112  -0.0016963636   0.0000958598   0.0008286927
 7  8   0.0001468887  -0.0024384280   0.0003016020  -0.0037886899   0.0118101662
 7  9   0.0245418396   0.0133250240  -0.0021033304   0.0003190919  -0.0011145180
 7 10   0.0032077948  -0.0013057887   0.0015504200  -0.0039604637   0.0046618524
 7 11  -0.0010526742   0.0054031172  -0.0073406086   0.0013531615  -0.0004874923
 7 12   0.0022832266   0.0002461115   0.0016522138  -0.0009598174   0.0007073662
 7 13  -0.0019555326   0.0005337866  -0.0009903585  -0.0014442660   0.0068110976
 7 14   0.0005368793  -0.0032629345  -0.0072110669  -0.0033845690  -0.0000580356
 7 15   0.0002057233   0.0000999881  -0.0000409612  -0.0001380897  -0.0000665348
 7 16  -0.0000509161   0.0000165434  -0.0000286341   0.0001632867  -0.0002373666
 7 17   0.0000240227
 8  1   0.0036188963  -0.0231671911  -0.0044446815   0.0273195939  -0.2551556401
 8  2  -0.0340019696   0.0249239105   0.6047319694   0.1131399902   0.0743380637
 8  3  -0.2076423722   0.0008963966   0.0447729674   0.0565325077   0.0413704165
 8  4   0.0174721695  -0.0469540198  -0.0009048381  -0.0832142723   0.0014933873
 8  5  -0.0438759230  -0.0921829134  -0.1132978852  -0.0562483273  -0.0159318021
 8  6  -0.0029986392  -0.0098493259   0.0001923293  -0.0008127292   0.0001513751
 8  7   0.0006298383   0.0026270789  -0.0004930047   0.0000334922  -0.0030761074
 8  8  -0.0008138869   0.0033427225   0.0030909342   0.0013873834  -0.0038765799
 8  9  -0.0175953926  -0.0061860551   0.0000640112   0.0006486092   0.0001871460
 8 10   0.0004448420  -0.0010788693   0.0000159172  -0.0001076151   0.0009271114
 8 11   0.0001736907  -0.0016387353   0.0005273958  -0.0008317399   0.0002529280
 8 12   0.0001262531   0.0001782759   0.0000470407   0.0000532694   0.0000410254
 8 13  -0.0000006364   0.0006872199   0.0001625076   0.0003187591  -0.0009676765
 8 14  -0.0000550134  -0.0004678032   0.0004041087  -0.0000281887  -0.0001680155
 8 15   0.0000600868  -0.0001112547   0.0000188102   0.0000731933   0.0000253765
 8 16  -0.0000006614  -0.0000111246  -0.0000052011   0.0001114410  -0.0001156688
 8 17   0.0000313784
 9  1   0.0072858679  -0.0081979676   0.0036659107  -0.0276128040  -0.0587472457
 9  2  -0.0892196055   0.3188716155   0.1131399902   0.3987710833  -0.0347851919
 9  3  -0.0000797052  -0.0829888323  -0.0134764930   0.0229912750  -0.0141975608
 9  4   0.0058010937  -0.0038057898  -0.0030831704  -0.0149466399  -0.0173075088
 9  5  -0.0137293230  -0.2405531904  -0.0502974055  -0.2117431206  -0.0001395350
 9  6  -0.0062220687   0.0037674827   0.0007360067   0.0009617515  -0.0007314376
 9  7  -0.0022793611  -0.0001869566   0.0027950478  -0.0000368905  -0.0003814097
 9  8   0.0000588156  -0.0029828066  -0.0002517791   0.0030642034   0.0061193838
 9  9   0.0090730872   0.0042042956  -0.0011141895   0.0003361819  -0.0005442858
 9 10   0.0018582526  -0.0009576450   0.0007704487  -0.0021762266   0.0027355216
 9 11  -0.0004945425   0.0024535529  -0.0038293338   0.0005639346  -0.0001904787
 9 12   0.0012538914   0.0001767323   0.0009001759  -0.0004975705   0.0003779930
 9 13  -0.0010483968   0.0004623320  -0.0004779748  -0.0007336268   0.0033784638
 9 14   0.0003419239  -0.0016605743  -0.0036324461  -0.0021839061  -0.0000882712
 9 15   0.0001166813   0.0000545486  -0.0000238328  -0.0000587400  -0.0000170618
 9 16  -0.0000308851   0.0000037894  -0.0000099830   0.0001063952  -0.0001608290
 9 17   0.0000377619
10  1  -0.0264572594  -0.0144985897  -0.0104232112   0.0296771044   0.0356267316
10  2   0.0185228852  -0.1615827472   0.0743380637  -0.0347851919   0.6197106913
10  3  -0.0704303673   0.2770818551  -0.2952796081  -0.0396960140  -0.1383421119
10  4  -0.0023216297  -0.0407575646  -0.0189572445  -0.0392217841   0.0054808448
10  5  -0.0188299438  -0.0668021560   0.0421013849  -0.0351341018  -0.0681139062
10  6   0.0125717974  -0.0358893754  -0.0006419754  -0.0062075349  -0.0011179941
10  7   0.0024413447   0.0047725952   0.0001100225   0.0021336886  -0.0013505933
10  8  -0.0014386032   0.0000675409   0.0005374271   0.0009402840   0.0009940086
10  9  -0.0004140868  -0.0017380565   0.0014413974  -0.0007108267   0.0008729045
10 10  -0.0043863712   0.0013251213  -0.0022501840   0.0064772140  -0.0062551835
10 11  -0.0004791463  -0.0014196308   0.0034624302  -0.0001378831   0.0002097860
10 12  -0.0012013655   0.0000525162  -0.0009159336   0.0004744346  -0.0004335496
10 13   0.0021330232   0.0001129101   0.0009688849   0.0006895395  -0.0024598882
10 14  -0.0003102732   0.0011793507   0.0028046909   0.0014873119   0.0000720040
10 15  -0.0001061478   0.0000103136   0.0000021662   0.0000433145   0.0000431170
10 16   0.0000449817   0.0000067783  -0.0000051220  -0.0002289563   0.0000977755
10 17  -0.0000745311
11  1  -0.0218483508  -0.0733665060  -0.0271581045   0.0221359332  -0.0521461464
11  2  -0.0041364017   0.0717905156  -0.2076423722  -0.0000797052  -0.0704303673
11  3   0.4548918190   0.0609271322  -0.0469780474  -0.1555384640  -0.0490414781
11  4  -0.0366136637   0.0088968757  -0.0208338328   0.0178064214  -0.0022954404
11  5   0.0092625791   0.0212278204   0.0187458948   0.0114757778   0.0415203239
11  6   0.0179303993   0.0245081711  -0.0013575019   0.0025146309   0.0007235665
11  7   0.0029344516  -0.0039987377  -0.0005816023   0.0004290925  -0.0057419873
11  8  -0.0023331078  -0.0003437581   0.0003534906   0.0002678159  -0.0027630862
11  9  -0.0056650021  -0.0039352221  -0.0010217218  -0.0000754497  -0.0004945025
11 10   0.0020464308  -0.0009143911   0.0009129600   0.0018042958   0.0056447058
11 11   0.0012287517   0.0011798314  -0.0017981467   0.0001968760  -0.0001154367
11 12   0.0006632373   0.0001817655   0.0005235832  -0.0003858830   0.0001907613
11 13  -0.0012630573  -0.0001775369  -0.0008785950  -0.0003374602   0.0016848125
11 14   0.0000484819  -0.0003708309  -0.0014441045  -0.0004857368   0.0000386303
11 15  -0.0000479732   0.0000516597   0.0000187106  -0.0000146120   0.0000185495
11 16  -0.0000208073   0.0000110722  -0.0000239324   0.0000514078   0.0000440072
11 17   0.0000513963
12  1  -0.0124352732  -0.0231045376  -0.0262613767   0.0154005780   0.0031965562
12  2   0.0206139017  -0.0350883747   0.0008963966  -0.0829888323   0.2770818551
12  3   0.0609271322   0.2310714612  -0.1395756136  -0.0445411143  -0.1396969243
12  4  -0.0178164543  -0.0230790370  -0.0016170948  -0.0160029684   0.0026760076
12  5  -0.0092018918  -0.0407100364   0.0227778336   0.0023717943  -0.0308598368
12  6   0.0082769896  -0.0021755342   0.0014217767  -0.0019339264  -0.0037474152
12  7  -0.0000548531   0.0005705551   0.0031039703  -0.0010158452  -0.0032736360
12  8   0.0028578360   0.0006984440   0.0007363708  -0.0008180690  -0.0023419674
12  9  -0.0026685462   0.0021055067   0.0007646845  -0.0003247549  -0.0000290861
12 10  -0.0020077411   0.0004650703  -0.0008980138   0.0016018494  -0.0031328578
12 11   0.0046438468  -0.0006164565   0.0014211819   0.0002060305   0.0002956032
12 12  -0.0004067359  -0.0002876904  -0.0003992305   0.0001507460  -0.0001365133
12 13   0.0006191183  -0.0000732143   0.0007576641   0.0000945612  -0.0010021880
12 14   0.0001920658   0.0007066777   0.0012218970   0.0004026583   0.0000696549
12 15  -0.0000642971  -0.0000270430   0.0000353418   0.0000333226  -0.0000230212
12 16  -0.0000124832  -0.0000067068   0.0000473965  -0.0000862275   0.0000738200
12 17  -0.0000781448
13  1  -0.0016795975  -0.0118127473  -0.0040211933  -0.0197005486  -0.0271856466
13  2  -0.0148502806  -0.0584120612   0.0447729674  -0.0134764930  -0.2952796081
13  3  -0.0469780474  -0.1395756136   0.6889368168  -0.1245084507   0.2467036802
13  4  -0.1142709251  -0.0137917195  -0.0303451486   0.0390302103   0.0217948389
13  5   0.0264868072   0.0110672545  -0.0036559847   0.0011613812  -0.2361800286
13  6   0.1661305525  -0.0700560258   0.0111217705  -0.0019532489   0.0088655972
13  7  -0.0198753435   0.0195062949   0.0019621441  -0.0012010925  -0.0251433393
13  8  -0.0053470444  -0.0017073192   0.0038181963  -0.0056575698  -0.0003547743
13  9  -0.0021553732  -0.0006919050  -0.0009092761   0.0006127839  -0.0003605759
13 10   0.0027413022  -0.0024202259   0.0009812241  -0.0012518851   0.0019565121
13 11  -0.0003573651  -0.0007506547  -0.0008613881  -0.0006041053   0.0000585167
13 12   0.0008866131   0.0002364009   0.0007776142  -0.0003105908   0.0003615400
13 13  -0.0016357033   0.0013621276  -0.0005592301   0.0000479012   0.0007741045
13 14   0.0002358886  -0.0009450526  -0.0012015066  -0.0008388851  -0.0001420428
13 15   0.0001320437  -0.0000601742   0.0000279317   0.0000606762   0.0000248366
13 16  -0.0000209958  -0.0000112446  -0.0000166633   0.0002183793  -0.0001828044
13 17   0.0000661328
14  1  -0.0067503917   0.0026992581  -0.0028209239  -0.0372591928  -0.0251921189
14  2  -0.0250728481   0.0093030871   0.0565325077   0.0229912750  -0.0396960140
14  3  -0.1555384640  -0.0445411143  -0.1245084507   0.7697380877   0.0829651766
14  4  -0.0461801984  -0.2579342799  -0.0724651655   0.0472092646  -0.0452651316
14  5   0.0139134591   0.0103095161  -0.0104062201   0.0009750508   0.1579818514
14  6  -0.3128251494   0.0200746539   0.0234436315  -0.0261503060   0.0020102640
14  7  -0.0024891629   0.0112576466   0.0011928347   0.0022063457   0.0000745041
14  8   0.0019416156   0.0044129113  -0.0015145030  -0.0008429307   0.0013730276
14  9  -0.0037759426  -0.0002383780   0.0006989382   0.0000310111   0.0004108484
14 10  -0.0020125379   0.0006966813  -0.0009609758   0.0014022120  -0.0021090482
14 11   0.0001652572  -0.0002587399   0.0006166913  -0.0000043464   0.0001307373
14 12  -0.0002412414   0.0000203768  -0.0003380644   0.0001723934  -0.0001509879
14 13   0.0012069204  -0.0002906443   0.0006013199   0.0002765009  -0.0004753938
14 14   0.0000910801   0.0000190358   0.0002716570   0.0000531786  -0.0000562359
14 15   0.0000726134  -0.0000291185  -0.0000158337   0.0000101942  -0.0000064019
14 16   0.0000057957   0.0000027569   0.0000035679  -0.0000803406  -0.0000127635
14 17  -0.0000483308
15  1  -0.0027248866  -0.0055407486  -0.0027945761  -0.0178609404  -0.0195278560
15  2  -0.0192717622  -0.0217541550   0.0413704165  -0.0141975608  -0.1383421119
15  3  -0.0490414781  -0.1396969243   0.2467036802   0.0829651766   0.3252525941
15  4  -0.0381453869  -0.0552193414  -0.0975349945   0.0332747555  -0.0001669074
15  5   0.0179098678   0.0045377339  -0.0064614512   0.0081067498  -0.0630882712
15  6   0.0148206618  -0.0757924223   0.0109664295  -0.0048965529   0.0020635709
15  7  -0.0089557653   0.0176136987  -0.0058085916   0.0015643059  -0.0126446527
15  8  -0.0053975516  -0.0054630508  -0.0011190408   0.0075038562   0.0002422067
15  9  -0.0021428924  -0.0005064968  -0.0002861081   0.0003331334  -0.0000945579
15 10   0.0009220366  -0.0010864969   0.0002432134  -0.0004372954   0.0004130437
15 11   0.0001120420  -0.0004450454  -0.0002794025  -0.0003528249   0.0000674777
15 12   0.0004000112   0.0001269132   0.0003155302  -0.0001160425   0.0001540117
15 13  -0.0005257357   0.0006469683  -0.0001704065   0.0001358237   0.0002971584
15 14   0.0000875899  -0.0005206852  -0.0005695375  -0.0003735593  -0.0001008430
15 15   0.0000836163  -0.0000164021   0.0000065627   0.0000330030   0.0000183848
15 16  -0.0000110620  -0.0000058951  -0.0000046468   0.0000846401  -0.0001036280
15 17   0.0000375228
16  1  -0.0005089788   0.0023058485  -0.0007408080  -0.0474824365   0.0187294373
16  2  -0.0267373665  -0.0028729166   0.0174721695   0.0058010937  -0.0023216297
16  3  -0.0366136637  -0.0178164543  -0.1142709251  -0.0461801984  -0.0381453869
16  4   0.6825455348  -0.1181220089   0.2861120290  -0.2614072272   0.1876062620
16  5  -0.0667918121  -0.0011654890  -0.0039716980  -0.0010591129   0.0090669869
16  6   0.0357398653   0.0085062209  -0.0026582595   0.0030130604  -0.0029633211
16  7   0.0011159938   0.0009048404   0.0020024191  -0.2680336624  -0.0525990186
16  8  -0.1447789786   0.0083132794  -0.0045969422  -0.0001352700  -0.0007166319
16  9  -0.0036974310  -0.0038919451   0.0002242517  -0.0000961233   0.0000877854
16 10  -0.0005170608   0.0003276355  -0.0002106128   0.0004431032  -0.0006311309
16 11   0.0002852046  -0.0002070022   0.0004929098  -0.0000026433   0.0000235472
16 12  -0.0001873268  -0.0000389019  -0.0001417898   0.0000786104  -0.0000630328
16 13   0.0002738717  -0.0001965620   0.0001336277   0.0000944316  -0.0004125758
16 14  -0.0000260389   0.0002028666   0.0004352600   0.0002203347   0.0000065436
16 15  -0.0000098563  -0.0000008912  -0.0000041765   0.0000021031  -0.0000022546
16 16   0.0000025370   0.0000007061   0.0000053652  -0.0000335768   0.0000255854
16 17  -0.0000117130
17  1   0.0010712225   0.0005851726   0.0001890966   0.0349525968   0.0357548612
17  2   0.0247030958   0.0124357434  -0.0469540198  -0.0038057898  -0.0407575646
17  3   0.0088968757  -0.0230790370  -0.0137917195  -0.2579342799  -0.0552193414
17  4  -0.1181220089   0.6775692313   0.0856850976   0.1575988651  -0.2962870464
17  5   0.0192830791  -0.0073419002   0.0084529427  -0.0015248992   0.0098609424
17  6  -0.0538016799  -0.0133068362   0.0029361681   0.0016179195   0.0014661567
17  7  -0.0031011000  -0.0002996679  -0.0003815182  -0.0507011429  -0.0693068067
17  8  -0.0374153760   0.0198352427  -0.0112042457   0.0061914966  -0.0045838865
17  9   0.0032085144  -0.0028413309  -0.0003136868  -0.0002021513  -0.0002334893
17 10   0.0006133654   0.0000012429   0.0003442107  -0.0004329466   0.0004115678
17 11  -0.0000429631   0.0006214182  -0.0004569092   0.0002549268  -0.0001000140
17 12   0.0000287651  -0.0000528676   0.0001145095  -0.0000613936   0.0000483008
17 13  -0.0004517114  -0.0000525712  -0.0002469795  -0.0002785701   0.0004417075
17 14  -0.0000856788   0.0001025893  -0.0001836519   0.0000195569   0.0000704797
17 15  -0.0000789763   0.0000339416   0.0000030191  -0.0000231807  -0.0000051638
17 16  -0.0000034972  -0.0000011374  -0.0000007733   0.0000031207   0.0000271808
17 17   0.0000070841
18  1  -0.0010890782   0.0008589289   0.0016786819  -0.0229959895   0.0160443126
18  2   0.0031359989   0.0044423506  -0.0009048381  -0.0030831704  -0.0189572445
18  3  -0.0208338328  -0.0016170948  -0.0303451486  -0.0724651655  -0.0975349945
18  4   0.2861120290   0.0856850976   0.2659177713  -0.0737370244   0.0351638966
18  5  -0.0831934115  -0.0019481889   0.0002135420  -0.0020981403   0.0020340871
18  6   0.0018605747   0.0108952588  -0.0030577349   0.0007651556   0.0035628931
18  7   0.0013704570   0.0010359172  -0.0012059473  -0.1440703572  -0.0381953284
18  8  -0.1058681342   0.0060034868  -0.0070048057   0.0080421411  -0.0041248497
18  9  -0.0024199434   0.0020166868   0.0000239346  -0.0001105625   0.0000210483
18 10  -0.0001143159   0.0001828646  -0.0000334668   0.0003265557  -0.0001428982
18 11  -0.0002326614   0.0000426898   0.0001579925   0.0000569406  -0.0000231230
18 12  -0.0001009221  -0.0000167925  -0.0000514840   0.0000270644  -0.0000193967
18 13   0.0000614118  -0.0001111658  -0.0000394681  -0.0000168024  -0.0001205447
18 14  -0.0000371527   0.0001416473   0.0001977592   0.0001208485   0.0000232397
18 15  -0.0000235725   0.0000027658  -0.0000023378  -0.0000049270  -0.0000006200
18 16   0.0000041920   0.0000015619  -0.0000039376  -0.0000169181   0.0000217814
18 17  -0.0000053049
19  1   0.0007335632  -0.0007837715   0.0003048011  -0.2929460540  -0.0075650101
19  2  -0.1370840118   0.0102420544  -0.0832142723  -0.0149466399  -0.0392217841
19  3   0.0178064214  -0.0160029684   0.0390302103   0.0472092646   0.0332747555
19  4  -0.2614072272   0.1575988651  -0.0737370244   0.6364599028  -0.1178212981
19  5   0.2390995067  -0.0031027208   0.0162994220   0.0001537924   0.0009030123
19  6  -0.0147187758  -0.0064732336   0.0018103433   0.0008698723   0.0005356510
19  7  -0.0019397489  -0.0004243562  -0.0000555204  -0.0131605363   0.0193969202
19  8  -0.0009589469  -0.0599648096  -0.0272843383  -0.0158157601  -0.0170496691
19  9  -0.0070099020  -0.0074984205  -0.0004998624  -0.0000228481  -0.0002856957
19 10   0.0008496590  -0.0003399875   0.0003975960  -0.0007550697   0.0006594169
19 11  -0.0002851809   0.0009696309  -0.0012258160   0.0002804343  -0.0000887829
19 12   0.0003587832   0.0000263805   0.0003356599  -0.0001655384   0.0001521019
19 13  -0.0005541300   0.0001763743  -0.0002710011  -0.0004252069   0.0011677914
19 14   0.0000163411  -0.0002225921  -0.0010117501  -0.0004393353   0.0000332515
19 15  -0.0000582424   0.0000174333  -0.0000014087  -0.0000268698  -0.0000079506
19 16  -0.0000073081  -0.0000013506  -0.0000057851   0.0000399484  -0.0000451090
19 17   0.0000096803
20  1  -0.0000882860  -0.0002709394  -0.0000539710  -0.0478585300  -0.1514838228
20  2  -0.0522287427  -0.0336671540   0.0014933873  -0.0173075088   0.0054808448
20  3  -0.0022954404   0.0026760076   0.0217948389  -0.0452651316  -0.0001669074
20  4   0.1876062620  -0.2962870464   0.0351638966  -0.1178212981   0.8182583914
20  5   0.1108671988   0.0002919006  -0.0062342353  -0.0025593697  -0.0067329433
20  6   0.0011689854  -0.0032292377   0.0011562896  -0.0010780920  -0.0006299043
20  7  -0.0000440938   0.0001664329   0.0001842466  -0.0084110366   0.0090771624
20  8  -0.0015483445  -0.0212554429  -0.3406567032  -0.0863917111   0.0192153242
20  9   0.0132098614   0.0152792770   0.0000226425  -0.0000031535   0.0000122766
20 10  -0.0000962614   0.0001178207  -0.0000256320  -0.0000324177  -0.0001161917
20 11  -0.0000600036   0.0000175064   0.0000100669   0.0000133779   0.0000080973
20 12  -0.0000256138  -0.0000044327  -0.0000053156   0.0000068238   0.0000003079
20 13   0.0000627494  -0.0000505400   0.0000195080  -0.0000288266  -0.0000422533
20 14  -0.0000085207   0.0001073954   0.0000947927   0.0000533972  -0.0000012103
20 15  -0.0000242384  -0.0000113447  -0.0000052282  -0.0000010640  -0.0000026966
20 16   0.0000015574   0.0000012985   0.0000010031  -0.0000047903  -0.0000014666
20 17  -0.0000031270
21  1   0.0004995277  -0.0004294952  -0.0000916044  -0.1472662875  -0.0307851236
21  2  -0.1247604911  -0.0023241641  -0.0438759230  -0.0137293230  -0.0188299438
21  3   0.0092625791  -0.0092018918   0.0264868072   0.0139134591   0.0179098678
21  4  -0.0667918121   0.0192830791  -0.0831934115   0.2390995067   0.1108671988
21  5   0.2883235699  -0.0038994406   0.0060228700   0.0038491148  -0.0033081627
21  6  -0.0086611421  -0.0007862823   0.0000738161  -0.0003103051   0.0024150375
21  7  -0.0000178605   0.0001551560  -0.0013120355  -0.0079611042   0.0132209666
21  8  -0.0031851725  -0.0143304133  -0.0893584336  -0.0705243046  -0.0008431142
21  9   0.0012266914  -0.0065282812  -0.0002604453  -0.0000117880  -0.0001526421
21 10   0.0004286659  -0.0001530524   0.0002038858  -0.0004413786   0.0003113119
21 11  -0.0001201086   0.0005349110  -0.0006571492   0.0001480699  -0.0000535422
21 12   0.0001845899   0.0000254863   0.0001823802  -0.0000858288   0.0000759934
21 13  -0.0002848782   0.0000810891  -0.0001311054  -0.0002017710   0.0006389860
21 14  -0.0000556337  -0.0001675730  -0.0005595262  -0.0000928202   0.0000103148
21 15  -0.0000396778   0.0000191288  -0.0000012746  -0.0000146183  -0.0000054962
21 16  -0.0000044679  -0.0000007408  -0.0000014826   0.0000196594  -0.0000251662
21 17   0.0000051115
22  1  -0.0056354458   0.0013030393  -0.0016559302  -0.0164800887  -0.0314413252
22  2  -0.0281519897  -0.4808856131  -0.0921829134  -0.2405531904  -0.0668021560
22  3   0.0212278204  -0.0407100364   0.0110672545   0.0103095161   0.0045377339
22  4  -0.0011654890  -0.0073419002  -0.0019481889  -0.0031027208   0.0002919006
22  5  -0.0038994406   0.5718083413   0.0958772761   0.3129981251  -0.0051712228
22  6   0.0007077288  -0.0018646720  -0.0000868808  -0.0011311067  -0.0006190991
22  7   0.0004101995   0.0003015395   0.0005809216   0.0002013685   0.0000060821
22  8   0.0004060346  -0.0011554737   0.0000188660  -0.0005161495  -0.0036500060
22  9  -0.0001890889  -0.0001797410   0.0015462630  -0.0001929321   0.0008498103
22 10  -0.0022040569   0.0010607821  -0.0010111308   0.0029713059  -0.0020554250
22 11   0.0007074757  -0.0046566762   0.0056770139  -0.0011351325   0.0004245744
22 12  -0.0018870493  -0.0001596172  -0.0013344804   0.0007201096  -0.0005635242
22 13   0.0014302715  -0.0002378577   0.0007715540   0.0014023089  -0.0060179531
22 14  -0.0011425754   0.0015037908   0.0055531231   0.0031665806  -0.0000845040
22 15  -0.0002388486  -0.0000167178   0.0000244554   0.0001126896   0.0000711281
22 16   0.0000469266  -0.0000196890   0.0000152572  -0.0000983051   0.0002079397
22 17   0.0000015612
23  1  -0.0009308810  -0.0017845156  -0.0004320840  -0.0652718819  -0.0250200673
23  2  -0.0467123674  -0.0810431212  -0.1132978852  -0.0502974055   0.0421013849
23  3   0.0187458948   0.0227778336  -0.0036559847  -0.0104062201  -0.0064614512
23  4  -0.0039716980   0.0084529427   0.0002135420   0.0162994220  -0.0062342353
23  5   0.0060228700   0.0958772761   0.1276216086   0.0727125053   0.0020982704
23  6   0.0021830767   0.0018858636  -0.0006150356  -0.0003534617  -0.0005471331
23  7   0.0000966740  -0.0005604363   0.0001029842  -0.0000374990   0.0010128680
23  8   0.0003782671  -0.0018034937  -0.0003602640  -0.0010198617   0.0000571814
23  9   0.0043655084   0.0019880387   0.0001330627  -0.0007434273  -0.0000865834
23 10  -0.0003840428   0.0010969731   0.0000297821   0.0004874209  -0.0022529484
23 11  -0.0005473366   0.0002236771   0.0002648502   0.0003192208  -0.0001313090
23 12  -0.0005222578  -0.0001696327  -0.0002115820   0.0000351669  -0.0001003883
23 13  -0.0000167342  -0.0012159129  -0.0002705993  -0.0002992000  -0.0000066013
23 14  -0.0005006895   0.0008819851  -0.0002706227   0.0008206593   0.0001007695
23 15  -0.0005587082   0.0000071317  -0.0000299042  -0.0000325925  -0.0000107692
23 16   0.0000152260  -0.0000049283   0.0000028842  -0.0001293961   0.0001304699
23 17  -0.0000422084
24  1  -0.0021899371   0.0007324916  -0.0029654472  -0.0367229457  -0.0286252138
24  2  -0.0063199556  -0.2375382353  -0.0562483273  -0.2117431206  -0.0351341018
24  3   0.0114757778   0.0023717943   0.0011613812   0.0009750508   0.0081067498
24  4  -0.0010591129  -0.0015248992  -0.0020981403   0.0001537924  -0.0025593697
24  5   0.0038491148   0.3129981251   0.0727125053   0.2145358710  -0.0019409695
24  6   0.0010601428  -0.0011430071  -0.0003664247  -0.0007402178  -0.0002107393
24  7   0.0006417091   0.0002346338  -0.0003653346   0.0003791569   0.0003952043
24  8  -0.0002068241  -0.0009992644  -0.0000435488  -0.0007053247  -0.0001009919
24  9   0.0019017116  -0.0029953909   0.0009091515  -0.0002968671   0.0003948053
24 10  -0.0013160052   0.0008698494  -0.0005200166   0.0013396674  -0.0019141357
24 11   0.0010825207  -0.0023443177   0.0033143747  -0.0009468259   0.0002247724
24 12  -0.0011758463  -0.0001863132  -0.0007711091   0.0004111238  -0.0003594966
24 13   0.0007953542  -0.0004513346   0.0003109367   0.0000544585  -0.0036358078
24 14   0.0004081076   0.0020201556   0.0034272688   0.0002125644   0.0001330352
24 15  -0.0002246488  -0.0003161441   0.0000350106   0.0000668097  -0.0000152669
24 16   0.0000232668  -0.0000158887   0.0000197893  -0.0000810467   0.0001515086
24 17  -0.0000223191
25  1  -0.0014786776   0.0036845336   0.0010191740  -0.0040007768   0.0083648599
25  2   0.0003861039   0.0126588155  -0.0159318021  -0.0001395350  -0.0681139062
25  3   0.0415203239  -0.0308598368  -0.2361800286   0.1579818514  -0.0630882712
25  4   0.0090669869   0.0098609424   0.0020340871   0.0009030123  -0.0067329433
25  5  -0.0033081627  -0.0051712228   0.0020982704  -0.0019409695   0.6890463344
25  6  -0.0645402314   0.3798992448  -0.0788112899  -0.0844459389  -0.0563976084
25  7  -0.3215820767  -0.0497734301  -0.2308032539   0.0003668970  -0.0001825427
25  8   0.0008506453   0.0008369227  -0.0007294510   0.0007418191   0.0008724104
25  9  -0.0005904781   0.0005933049   0.0006656927  -0.0002286201   0.0003338054
25 10  -0.0017725495   0.0012793714  -0.0006610311   0.0009274955  -0.0009767952
25 11   0.0001130557  -0.0000180821   0.0008715671   0.0001919764   0.0000099315
25 12  -0.0005675272  -0.0001166226  -0.0005347328   0.0002499219  -0.0002371490
25 13   0.0011697637  -0.0006805448   0.0003567926   0.0000864719  -0.0007528258
25 14  -0.0001380011   0.0005220428   0.0007553590   0.0004853641   0.0000412328
25 15  -0.0000483933   0.0000193652  -0.0000146275  -0.0000252719  -0.0000061855
25 16   0.0000124931   0.0000048762   0.0000102916  -0.0001264521   0.0000862872
25 17  -0.0000258613
26  1  -0.0013769685  -0.0031586169  -0.0012484375   0.0110319558   0.0009065521
26  2   0.0063306290  -0.0076905213  -0.0029986392  -0.0062220687   0.0125717974
26  3   0.0179303993   0.0082769896   0.1661305525  -0.3128251494   0.0148206618
26  4   0.0357398653  -0.0538016799   0.0018605747  -0.0147187758   0.0011689854
26  5  -0.0086611421   0.0007077288   0.0021830767   0.0010601428  -0.0645402314
26  6   0.8656647535   0.1440538145  -0.0862972347  -0.4331598215  -0.1109941152
26  7  -0.0509335388  -0.0854848702  -0.0504186290   0.0002368267   0.0016184146
26  8   0.0009211399   0.0007518839  -0.0005492850   0.0005454824  -0.0010605893
26  9   0.0015882583  -0.0000299405  -0.0006020093   0.0000439277  -0.0003228940
26 10   0.0015169466  -0.0009043164   0.0006529766  -0.0006655095   0.0009737879
26 11  -0.0002110911   0.0002191861  -0.0006695657  -0.0000268181  -0.0000664285
26 12   0.0003901716   0.0000577634   0.0004229366  -0.0001933716   0.0001940696
26 13  -0.0009751310   0.0005173900  -0.0004678159  -0.0002138927   0.0006777556
26 14   0.0000023967  -0.0002473186  -0.0006421522  -0.0002836396  -0.0000015826
26 15  -0.0000303916   0.0000064309   0.0000103544   0.0000055367   0.0000087983
26 16  -0.0000093934  -0.0000035510  -0.0000061725   0.0000816924  -0.0000498097
26 17   0.0000396607
27  1  -0.0000026735   0.0010736131  -0.0013549277   0.0023146291   0.0044394169
27  2   0.0016714259   0.0000262155  -0.0098493259   0.0037674827  -0.0358893754
27  3   0.0245081711  -0.0021755342  -0.0700560258   0.0200746539  -0.0757924223
27  4   0.0085062209  -0.0133068362   0.0108952588  -0.0064732336  -0.0032292377
27  5  -0.0007862823  -0.0018646720   0.0018858636  -0.0011430071   0.3798992448
27  6   0.1440538145   0.2650084482  -0.0566915132  -0.1196711221  -0.0514796520
27  7  -0.2219860129  -0.0502038540  -0.1479987394   0.0008557352   0.0004425974
27  8  -0.0004371145   0.0010163294  -0.0002074133  -0.0003931957   0.0003569557
27  9   0.0003982382  -0.0002768640   0.0001274378  -0.0000903694   0.0000269406
27 10  -0.0002899429   0.0003302070  -0.0001488779   0.0000435733  -0.0001865211
27 11   0.0002766629   0.0000829889   0.0001751394   0.0000760116  -0.0000130330
27 12  -0.0001295926  -0.0000537664  -0.0001068144   0.0000500423  -0.0000549734
27 13   0.0000971840  -0.0002151987   0.0002392649  -0.0000696549  -0.0001390221
27 14  -0.0000066353   0.0001901610   0.0001474991   0.0001072385   0.0000328818
27 15  -0.0000270478  -0.0000165424   0.0000020163  -0.0000085560  -0.0000128019
27 16   0.0000042775   0.0000021940   0.0000000787  -0.0000124391   0.0000355434
27 17  -0.0000380422
28  1  -0.0005552866   0.0010742042  -0.0006376978  -0.0003277199  -0.0006978273
28  2  -0.0004278775  -0.0002189675   0.0001923293   0.0007360067  -0.0006419754
28  3  -0.0013575019   0.0014217767   0.0111217705   0.0234436315   0.0109664295
28  4  -0.0026582595   0.0029361681  -0.0030577349   0.0018103433   0.0011562896
28  5   0.0000738161  -0.0000868808  -0.0006150356  -0.0003664247  -0.0788112899
28  6  -0.0862972347  -0.0566915132   0.0711336243   0.0849321948   0.0484689118
28  7  -0.0000067948  -0.0252847378  -0.0009204061  -0.0000648630   0.0000697372
28  8   0.0002726716  -0.0004046449   0.0001110130   0.0001944564  -0.0000243559
28  9  -0.0001499160  -0.0000028465  -0.0000332541   0.0001678517   0.0000062293
28 10   0.0002414848  -0.0004461386  -0.0000199838   0.0001499923  -0.0000124316
28 11   0.0001977421  -0.0004086663   0.0000778569  -0.0002210542   0.0000781299
28 12   0.0001226348   0.0000679588   0.0001007320  -0.0000379199   0.0000417289
28 13  -0.0001932460   0.0003001185   0.0001590791   0.0001879796  -0.0000976615
28 14   0.0001068705  -0.0001835786   0.0001065334  -0.0000768626  -0.0000272862
28 15   0.0000557678  -0.0000149587   0.0000087808   0.0000288265   0.0000071390
28 16   0.0000006839  -0.0000034480  -0.0000019515   0.0000535308  -0.0000383768
28 17  -0.0000010567
29  1   0.0005387312   0.0017381543   0.0005015473  -0.0013483777   0.0004998939
29  2  -0.0006272273   0.0022091861  -0.0008127292   0.0009617515  -0.0062075349
29  3   0.0025146309  -0.0019339264  -0.0019532489  -0.0261503060  -0.0048965529
29  4   0.0030130604   0.0016179195   0.0007651556   0.0008698723  -0.0010780920
29  5  -0.0003103051  -0.0011311067  -0.0003534617  -0.0007402178  -0.0844459389
29  6  -0.4331598215  -0.1196711221   0.0849321948   0.4502701018   0.1214513618
29  7   0.0028097739   0.0049056457   0.0035904058  -0.0001403674   0.0001340715
29  8   0.0000953747   0.0001749518  -0.0001526650   0.0002469589   0.0001209092
29  9  -0.0001183655   0.0000848310   0.0005730389   0.0001685522   0.0003564110
29 10  -0.0014064714   0.0005038178  -0.0006972899   0.0007365085  -0.0005654848
29 11   0.0003306498  -0.0003696210   0.0004227048  -0.0001130357   0.0001062885
29 12  -0.0001584099   0.0000183979  -0.0002710071   0.0001248793  -0.0001246724
29 13   0.0010235064  -0.0001336018   0.0006319619   0.0001710368  -0.0003885038
29 14   0.0000293338   0.0000894545   0.0002386117   0.0001040274  -0.0000211202
29 15   0.0000148410  -0.0000187251  -0.0000024757   0.0000012948  -0.0000023515
29 16   0.0000136862  -0.0000016711   0.0000067759  -0.0000289138  -0.0000206626
29 17  -0.0000299716
30  1  -0.0009579056   0.0010243611   0.0006842834  -0.0011098870  -0.0002661949
30  2  -0.0005204575   0.0016155632   0.0001513751  -0.0007314376  -0.0011179941
30  3   0.0007235665  -0.0037474152   0.0088655972   0.0020102640   0.0020635709
30  4  -0.0029633211   0.0014661567   0.0035628931   0.0005356510  -0.0006299043
30  5   0.0024150375  -0.0006190991  -0.0005471331  -0.0002107393  -0.0563976084
30  6  -0.1109941152  -0.0514796520   0.0484689118   0.1214513618   0.0534656974
30  7   0.0028832505  -0.0153614858  -0.0045923836   0.0002258621   0.0002629196
30  8  -0.0003699482   0.0002682689   0.0001680093  -0.0005753065   0.0000844833
30  9  -0.0001629110  -0.0000087098   0.0001500389   0.0001330130   0.0001400196
30 10  -0.0003721266  -0.0001066498  -0.0001494259   0.0004448399  -0.0001727182
30 11   0.0000250745  -0.0003618031   0.0002028786  -0.0001457706   0.0000756393
30 12   0.0000039384   0.0000492360  -0.0000434766   0.0000209164  -0.0000059318
30 13   0.0004077950   0.0001999174  -0.0000672066   0.0001855691  -0.0001886937
30 14   0.0000330931  -0.0000771740   0.0001542068   0.0000059263  -0.0000312698
30 15   0.0000320337   0.0000053774  -0.0000003095   0.0000152694   0.0000124620
30 16   0.0000022112  -0.0000035960   0.0000046967  -0.0000033023  -0.0000355720
30 17   0.0000293016
31  1  -0.0003682546  -0.0003487333  -0.0002991733   0.0013707873  -0.0000556384
31  2   0.0006621862  -0.0007000753   0.0006298383  -0.0022793611   0.0024413447
31  3   0.0029344516  -0.0000548531  -0.0198753435  -0.0024891629  -0.0089557653
31  4   0.0011159938  -0.0031011000   0.0013704570  -0.0019397489  -0.0000440938
31  5  -0.0000178605   0.0004101995   0.0000966740   0.0006417091  -0.3215820767
31  6  -0.0509335388  -0.2219860129  -0.0000067948   0.0028097739   0.0028832505
31  7   0.3389702382   0.0499218485   0.2287588774   0.0006328248   0.0003418453
31  8  -0.0003155730   0.0001264724   0.0000084514  -0.0001089444  -0.0001245690
31  9   0.0002381733  -0.0000367245  -0.0000396853   0.0000996556   0.0000025575
31 10   0.0001222602  -0.0002392806  -0.0000027442   0.0000062377   0.0001255492
31 11   0.0000563970  -0.0001178860  -0.0001037387  -0.0000964550   0.0000239676
31 12   0.0001126887   0.0000408051   0.0000770840  -0.0000407519   0.0000308979
31 13  -0.0000833361   0.0001501677   0.0000378763   0.0000233864   0.0000860512
31 14   0.0000482920  -0.0000971971  -0.0001042592  -0.0000891311  -0.0000154669
31 15   0.0000125513  -0.0000126635   0.0000034892   0.0000075928   0.0000008275
31 16   0.0000007099  -0.0000018002  -0.0000020259   0.0000286971  -0.0000297322
31 17  -0.0000025901
32  1  -0.0000169475  -0.0006105106  -0.0001480681  -0.0002203316  -0.0006719572
32  2  -0.0003037555   0.0004848112   0.0026270789  -0.0001869566   0.0047725952
32  3  -0.0039987377   0.0005705551   0.0195062949   0.0112576466   0.0176136987
32  4   0.0009048404  -0.0002996679   0.0010359172  -0.0004243562   0.0001664329
32  5   0.0001551560   0.0003015395  -0.0005604363   0.0002346338  -0.0497734301
32  6  -0.0854848702  -0.0502038540  -0.0252847378   0.0049056457  -0.0153614858
32  7   0.0499218485   0.0742404797   0.0473263644  -0.0001690490  -0.0012094491
32  8  -0.0006352597  -0.0000433377   0.0000198597  -0.0000655012  -0.0000952819
32  9  -0.0000131436  -0.0000644671   0.0000194095  -0.0000190721   0.0000070643
32 10  -0.0000505265   0.0000810056  -0.0000167715  -0.0000518632   0.0000307178
32 11  -0.0000123262   0.0000510962  -0.0000005356   0.0000264884  -0.0000129370
32 12  -0.0000219228  -0.0000118750  -0.0000288217   0.0000105049  -0.0000148706
32 13   0.0000269407  -0.0000698249   0.0000217145  -0.0000353801   0.0000011795
32 14  -0.0000123567   0.0000271200  -0.0000353579   0.0000009593   0.0000014934
32 15  -0.0000069948  -0.0000039703  -0.0000014667  -0.0000054936  -0.0000033353
32 16  -0.0000004147   0.0000014306  -0.0000008869  -0.0000091112   0.0000099409
32 17  -0.0000078732
33  1  -0.0002157905  -0.0001906650  -0.0001767613   0.0003709300   0.0000043344
33  2   0.0002421510  -0.0016963636  -0.0004930047   0.0027950478   0.0001100225
33  3  -0.0005816023   0.0031039703   0.0019621441   0.0011928347  -0.0058085916
33  4   0.0020024191  -0.0003815182  -0.0012059473  -0.0000555204   0.0001842466
33  5  -0.0013120355   0.0005809216   0.0001029842  -0.0003653346  -0.2308032539
33  6  -0.0504186290  -0.1479987394  -0.0009204061   0.0035904058  -0.0045923836
33  7   0.2287588774   0.0473263644   0.1546753904  -0.0003225016  -0.0002560203
33  8   0.0008203532  -0.0000626308  -0.0000702014   0.0001880858  -0.0000478023
33  9   0.0000786843  -0.0000231982   0.0000101964   0.0000411400   0.0000126645
33 10  -0.0000299573  -0.0000654103  -0.0000052219   0.0000351552   0.0000333716
33 11  -0.0000067679  -0.0000561271  -0.0000263926  -0.0000293589   0.0000122423
33 12   0.0000322962   0.0000115744   0.0000109180  -0.0000096369   0.0000087301
33 13   0.0000514267   0.0000565216  -0.0000375755   0.0000243256   0.0000234262
33 14  -0.0000050538  -0.0000410734  -0.0000390435  -0.0000154693  -0.0000124986
33 15   0.0000017818   0.0000048068  -0.0000013808   0.0000010241   0.0000048966
33 16  -0.0000010761  -0.0000010524   0.0000024936  -0.0000021305  -0.0000144645
33 17   0.0000140220
34  1   0.0000892533   0.0000366748  -0.0000465501   0.0014529583   0.0045870920
34  2  -0.0024989017   0.0000958598   0.0000334922  -0.0000368905   0.0021336886
34  3   0.0004290925  -0.0010158452  -0.0012010925   0.0022063457   0.0015643059
34  4  -0.2680336624  -0.0507011429  -0.1440703572  -0.0131605363  -0.0084110366
34  5  -0.0079611042   0.0002013685  -0.0000374990   0.0003791569   0.0003668970
34  6   0.0002368267   0.0008557352  -0.0000648630  -0.0001403674   0.0002258621
34  7   0.0006328248  -0.0001690490  -0.0003225016   0.2781421064   0.0530433903
34  8   0.1517966096  -0.0004283490  -0.0006946995   0.0021696101   0.0000062837
34  9  -0.0003533199  -0.0009730435  -0.0000043764   0.0000047381  -0.0000016862
34 10   0.0000104016  -0.0000141785  -0.0000020038  -0.0000033052   0.0000212979
34 11   0.0000309745   0.0000031975  -0.0000233832  -0.0000065574  -0.0000013746
34 12   0.0000135498   0.0000019860   0.0000081066  -0.0000077179   0.0000028038
34 13  -0.0000123467   0.0000059673   0.0000018889  -0.0000010744   0.0000153806
34 14   0.0000060423  -0.0000076482  -0.0000109838  -0.0000070034   0.0000008091
34 15   0.0000010278  -0.0000032747   0.0000004791   0.0000003270  -0.0000007070
34 16   0.0000002648   0.0000001503  -0.0000004799   0.0000020684  -0.0000011956
34 17  -0.0000019322
35  1  -0.0000722846   0.0004596643   0.0000346289   0.0052141809  -0.0027983259
35  2  -0.0000078539   0.0008286927  -0.0030761074  -0.0003814097  -0.0013505933
35  3  -0.0057419873  -0.0032736360  -0.0251433393   0.0000745041  -0.0126446527
35  4  -0.0525990186  -0.0693068067  -0.0381953284   0.0193969202   0.0090771624
35  5   0.0132209666   0.0000060821   0.0010128680   0.0003952043  -0.0001825427
35  6   0.0016184146   0.0004425974   0.0000697372   0.0001340715   0.0002629196
35  7   0.0003418453  -0.0012094491  -0.0002560203   0.0530433903   0.0687662239
35  8   0.0392304606  -0.0008047442   0.0005116283   0.0009044765   0.0009581721
35  9   0.0006959223   0.0002744327   0.0000007165  -0.0000347485  -0.0000077105
35 10  -0.0000635627   0.0000777898  -0.0000197566   0.0000360423  -0.0000737803
35 11   0.0000129104   0.0001188251  -0.0000672388   0.0000506657  -0.0000130891
35 12   0.0000003566  -0.0000073668   0.0000002299  -0.0000052753  -0.0000010553
35 13   0.0000227093  -0.0000521002   0.0000035531  -0.0000425904   0.0000737569
35 14  -0.0000078125   0.0000213804  -0.0000526472  -0.0000016826   0.0000069128
35 15  -0.0000113695   0.0000006702  -0.0000018641  -0.0000047636  -0.0000027198
35 16  -0.0000001457   0.0000007495  -0.0000003170  -0.0000071483   0.0000034449
35 17  -0.0000044789
36  1  -0.0000737190   0.0000837641   0.0001761353  -0.0023441310  -0.0003357838
36  2   0.0069838255   0.0001468887  -0.0008138869   0.0000588156  -0.0014386032
36  3  -0.0023331078   0.0028578360  -0.0053470444   0.0019416156  -0.0053975516
36  4  -0.1447789786  -0.0374153760  -0.1058681342  -0.0009589469  -0.0015483445
36  5  -0.0031851725   0.0004060346   0.0003782671  -0.0002068241   0.0008506453
36  6   0.0009211399  -0.0004371145   0.0002726716   0.0000953747  -0.0003699482
36  7  -0.0003155730  -0.0006352597   0.0008203532   0.1517966096   0.0392304606
36  8   0.1068958118   0.0021334748   0.0009985984  -0.0034344477  -0.0006461717
36  9  -0.0004351217   0.0012114917  -0.0000039811  -0.0000053407  -0.0000027298
36 10  -0.0000122016   0.0000073010   0.0000035654   0.0000328789   0.0000081781
36 11  -0.0000307151   0.0000296426  -0.0000344057   0.0000128285  -0.0000045492
36 12   0.0000088884   0.0000010351   0.0000057852  -0.0000062052   0.0000010274
36 13   0.0000052400  -0.0000054108  -0.0000128176  -0.0000090454   0.0000307817
36 14  -0.0000043872   0.0000004023  -0.0000207859  -0.0000056952  -0.0000013774
36 15  -0.0000042170   0.0000057921  -0.0000013039  -0.0000015251   0.0000008909
36 16  -0.0000006422  -0.0000000940   0.0000008361  -0.0000033293  -0.0000012837
36 17   0.0000029461
37  1  -0.0001081433   0.0000049358   0.0000869840  -0.0030293602  -0.0326671149
37  2  -0.0121051841  -0.0024384280   0.0033427225  -0.0029828066   0.0000675409
37  3  -0.0003437581   0.0006984440  -0.0017073192   0.0044129113  -0.0054630508
37  4   0.0083132794   0.0198352427   0.0060034868  -0.0599648096  -0.0212554429
37  5  -0.0143304133  -0.0011554737  -0.0018034937  -0.0009992644   0.0008369227
37  6   0.0007518839   0.0010163294  -0.0004046449   0.0001749518   0.0002682689
37  7   0.0001264724  -0.0000433377  -0.0000626308  -0.0004283490  -0.0008047442
37  8   0.0021334748   0.0595053430   0.0288318414   0.0243150954   0.0004456827
37  9  -0.0006254617   0.0014484739   0.0000140551  -0.0000048356   0.0000105499
37 10  -0.0000244440   0.0000165222  -0.0000143753   0.0000382675  -0.0000266594
37 11  -0.0000183728  -0.0000462199   0.0000522428  -0.0000174107   0.0000020641
37 12  -0.0000222672   0.0000023888  -0.0000122832   0.0000064243  -0.0000063123
37 13   0.0000158763  -0.0000065945   0.0000090600   0.0000059119  -0.0000603756
37 14  -0.0000104840   0.0000480935   0.0000899121   0.0000486323   0.0000049173
37 15  -0.0000106669  -0.0000036060   0.0000004928   0.0000006936  -0.0000005791
37 16   0.0000014408  -0.0000003297  -0.0000005186  -0.0000007058   0.0000016278
37 17  -0.0000015066
38  1  -0.0000571681  -0.0000457700   0.0000291999   0.0001703313  -0.0013442609
38  2  -0.0013037373   0.0003016020   0.0030909342  -0.0002517791   0.0005374271
38  3   0.0003534906   0.0007363708   0.0038181963  -0.0015145030  -0.0011190408
38  4  -0.0045969422  -0.0112042457  -0.0070048057  -0.0272843383  -0.3406567032
38  5  -0.0893584336   0.0000188660  -0.0003602640  -0.0000435488  -0.0007294510
38  6  -0.0005492850  -0.0002074133   0.0001110130  -0.0001526650   0.0001680093
38  7   0.0000084514   0.0000198597  -0.0000702014  -0.0006946995   0.0005116283
38  8   0.0009985984   0.0288318414   0.3514740134   0.0968887034  -0.0003579231
38  9   0.0004210206   0.0005745409   0.0000079528   0.0000062297   0.0000078043
38 10  -0.0000097102  -0.0000128323  -0.0000110739   0.0000244386  -0.0000026472
38 11  -0.0000031160  -0.0000323858   0.0000173551  -0.0000158262   0.0000029278
38 12  -0.0000030698   0.0000040656  -0.0000053035   0.0000037345  -0.0000025358
38 13   0.0000072600   0.0000062462   0.0000068799   0.0000128501  -0.0000155160
38 14   0.0000038503   0.0000001480   0.0000134062   0.0000028300  -0.0000018596
38 15   0.0000019014  -0.0000024676   0.0000006284   0.0000012912   0.0000001811
38 16   0.0000001154  -0.0000004219  -0.0000005065   0.0000003342  -0.0000011968
38 17  -0.0000008234
39  1   0.0000740857   0.0000629282  -0.0002187577  -0.0038702642  -0.0189603864
39  2  -0.0026938379  -0.0037886899   0.0013873834   0.0030642034   0.0009402840
39  3   0.0002678159  -0.0008180690  -0.0056575698  -0.0008429307   0.0075038562
39  4  -0.0001352700   0.0061914966   0.0080421411  -0.0158157601  -0.0863917111
39  5  -0.0705243046  -0.0005161495  -0.0010198617  -0.0007053247   0.0007418191
39  6   0.0005454824  -0.0003931957   0.0001944564   0.0002469589  -0.0005753065
39  7  -0.0001089444  -0.0000655012   0.0001880858   0.0021696101   0.0009044765
39  8  -0.0034344477   0.0243150954   0.0968887034   0.0624287245   0.0015448943
39  9   0.0004274336  -0.0016368747   0.0000126161   0.0000003611   0.0000005335
39 10  -0.0000196105   0.0000036875  -0.0000037763  -0.0000073066  -0.0000313814
39 11   0.0000508305  -0.0000341233   0.0000306153  -0.0000072376   0.0000080945
39 12  -0.0000100594  -0.0000092204  -0.0000079482   0.0000035584  -0.0000017169
39 13   0.0000113404  -0.0000010611   0.0000040445   0.0000050263  -0.0000343739
39 14  -0.0000030147   0.0000238075   0.0000492473   0.0000287435  -0.0000006517
39 15  -0.0000069051   0.0000026876  -0.0000006193   0.0000002108   0.0000016950
39 16  -0.0000004305  -0.0000008893   0.0000018865  -0.0000017410  -0.0000003502
39 17   0.0000015017
40  1   0.0002955886   0.0001842209   0.0001490572  -0.2346584469   0.2008437321
40  2  -0.0724685834   0.0118101662  -0.0038765799   0.0061193838   0.0009940086
40  3  -0.0027630862  -0.0023419674  -0.0003547743   0.0013730276   0.0002422067
40  4  -0.0007166319  -0.0045838865  -0.0041248497  -0.0170496691   0.0192153242
40  5  -0.0008431142  -0.0036500060   0.0000571814  -0.0001009919   0.0008724104
40  6  -0.0010605893   0.0003569557  -0.0000243559   0.0001209092   0.0000844833
40  7  -0.0001245690  -0.0000952819  -0.0000478023   0.0000062837   0.0009581721
40  8  -0.0006461717   0.0004456827  -0.0003579231   0.0015448943   0.2426110519
40  9  -0.2095945173   0.0724046531  -0.0000912534  -0.0000676035  -0.0000665758
40 10   0.0001456608   0.0000766554   0.0000916173  -0.0001708490   0.0000693502
40 11  -0.0000533684   0.0002393521  -0.0001775175   0.0000847157  -0.0000307915
40 12   0.0000091345  -0.0000129701   0.0000419861  -0.0000259136   0.0000173360
40 13  -0.0001094890  -0.0000817033  -0.0000682595  -0.0001324681   0.0001511916
40 14  -0.0000045745   0.0001391450   0.0000191277   0.0000455993   0.0000444910
40 15  -0.0000612331  -0.0000143709   0.0000001170  -0.0000105133  -0.0000081020
40 16   0.0000007824   0.0000001298  -0.0000015946  -0.0000009988   0.0000075428
40 17  -0.0000042288
41  1   0.0003845653  -0.0003501717   0.0000968242   0.1999130978  -0.2611352806
41  2   0.0393220558   0.0245418396  -0.0175953926   0.0090730872  -0.0004140868
41  3  -0.0056650021  -0.0026685462  -0.0021553732  -0.0037759426  -0.0021428924
41  4  -0.0036974310   0.0032085144  -0.0024199434  -0.0070099020   0.0132098614
41  5   0.0012266914  -0.0001890889   0.0043655084   0.0019017116  -0.0005904781
41  6   0.0015882583   0.0003982382  -0.0001499160  -0.0001183655  -0.0001629110
41  7   0.0002381733  -0.0000131436   0.0000786843  -0.0003533199   0.0006959223
41  8  -0.0004351217  -0.0006254617   0.0004210206   0.0004274336  -0.2095945173
41  9   0.2658194208  -0.0445750329  -0.0000105197   0.0000778906   0.0000130983
41 10   0.0000226966  -0.0001200122  -0.0000189851  -0.0000092625   0.0001838370
41 11   0.0000528431   0.0000108273  -0.0001617123  -0.0000364681   0.0000092393
41 12   0.0000934852   0.0000266286   0.0000339233  -0.0000230904   0.0000136389
41 13   0.0000098800   0.0000548652   0.0000236475   0.0000066954   0.0001539341
41 14   0.0000603716  -0.0001391291  -0.0002504630  -0.0001587807  -0.0000212529
41 15   0.0000355655  -0.0000160671   0.0000003302   0.0000022384  -0.0000016144
41 16  -0.0000019466   0.0000005939  -0.0000016438   0.0000093033  -0.0000172484
41 17  -0.0000011753
42  1   0.0001987337  -0.0000168667   0.0002100357  -0.0730428907   0.0399034812
42  2  -0.0403831809   0.0133250240  -0.0061860551   0.0042042956  -0.0017380565
42  3  -0.0039352221   0.0021055067  -0.0006919050  -0.0002383780  -0.0005064968
42  4  -0.0038919451  -0.0028413309   0.0020166868  -0.0074984205   0.0152792770
42  5  -0.0065282812  -0.0001797410   0.0019880387  -0.0029953909   0.0005933049
42  6  -0.0000299405  -0.0002768640  -0.0000028465   0.0000848310  -0.0000087098
42  7  -0.0000367245  -0.0000644671  -0.0000231982  -0.0009730435   0.0002744327
42  8   0.0012114917   0.0014484739   0.0005745409  -0.0016368747   0.0724046531
42  9  -0.0445750329   0.0424085677  -0.0000533144  -0.0000150861  -0.0000357262
42 10   0.0000790171   0.0000050044   0.0000624663  -0.0000729703   0.0000987706
42 11  -0.0000646492   0.0001258309  -0.0001518160   0.0000572931  -0.0000123890
42 12   0.0000325026  -0.0000018665   0.0000339559  -0.0000213922   0.0000136746
42 13  -0.0000457708  -0.0000238086  -0.0000543677  -0.0000282238   0.0001492219
42 14  -0.0000684861   0.0000010797  -0.0000714534   0.0000566364  -0.0000088881
42 15  -0.0000377458   0.0000399951  -0.0000050326  -0.0000073139   0.0000045009
42 16  -0.0000019288  -0.0000007202   0.0000020763  -0.0000031970  -0.0000027301
42 17   0.0000068028
43  1  -0.0028088262   0.0035892635  -0.0018631452   0.0007681807   0.0004012621
43  2   0.0004939667  -0.0021033304   0.0000640112  -0.0011141895   0.0014413974
43  3  -0.0010217218   0.0007646845  -0.0009092761   0.0006989382  -0.0002861081
43  4   0.0002242517  -0.0003136868   0.0000239346  -0.0004998624   0.0000226425
43  5  -0.0002604453   0.0015462630   0.0001330627   0.0009091515   0.0006656927
43  6  -0.0006020093   0.0001274378  -0.0000332541   0.0005730389   0.0001500389
43  7  -0.0000396853   0.0000194095   0.0000101964  -0.0000043764   0.0000007165
43  8  -0.0000039811   0.0000140551   0.0000079528   0.0000126161  -0.0000912534
43  9  -0.0000105197  -0.0000533144   0.6441038717  -0.1721024507   0.2937380705
43 10  -0.1322147394   0.0017169368  -0.0409992540   0.0399157172  -0.0094591003
43 11   0.0140733280  -0.0403160465  -0.0290274831  -0.0269867160  -0.0245363077
43 12   0.0566928552  -0.0068702295  -0.3097094331   0.0212666429  -0.1453979121
43 13  -0.0461111872  -0.0519075047  -0.0504268387   0.0035820185   0.0103436411
43 14   0.0041950981  -0.0015514002  -0.0013705258  -0.0009883186   0.0009404459
43 15  -0.0009085784   0.0003835678   0.0038091338   0.0032783579  -0.0016945700
43 16  -0.0131538081   0.0051016094  -0.0087951349  -0.1240458939   0.1627967148
43 17  -0.0300220980
44  1   0.0017878595   0.0011640136   0.0008387300  -0.0000656149  -0.0004461483
44  2  -0.0001548552   0.0003190919   0.0006486092   0.0003361819  -0.0007108267
44  3  -0.0000754497  -0.0003247549   0.0006127839   0.0000310111   0.0003331334
44  4  -0.0000961233  -0.0002021513  -0.0001105625  -0.0000228481  -0.0000031535
44  5  -0.0000117880  -0.0001929321  -0.0007434273  -0.0002968671  -0.0002286201
44  6   0.0000439277  -0.0000903694   0.0001678517   0.0001685522   0.0001330130
44  7   0.0000996556  -0.0000190721   0.0000411400   0.0000047381  -0.0000347485
44  8  -0.0000053407  -0.0000048356   0.0000062297   0.0000003611  -0.0000676035
44  9   0.0000778906  -0.0000150861  -0.1721024507   0.8084228491   0.0805167652
44 10  -0.0437645419  -0.2157386598  -0.0621860827   0.0026880787  -0.0572385729
44 11  -0.0145997704  -0.0178029833  -0.0006045728  -0.0093018274   0.0409907475
44 12   0.0034217181   0.0212866055   0.0613138796  -0.1499191908   0.0082337218
44 13  -0.0181333892   0.0121006469  -0.0123407101   0.0066673522  -0.0066200079
44 14   0.0029430461   0.0000670182   0.0011448337   0.0001500023  -0.0004471736
44 15  -0.0002342466  -0.0005174062   0.0027397562  -0.0051462445  -0.0015963212
44 16  -0.0273942399   0.0098410345  -0.0141676662   0.1637940919  -0.4006257669
44 17   0.0007069426
45  1  -0.0022921571   0.0018310839   0.0011231286   0.0003998646   0.0001114767
45  2   0.0002752145  -0.0011145180   0.0001871460  -0.0005442858   0.0008729045
45  3  -0.0004945025  -0.0000290861  -0.0003605759   0.0004108484  -0.0000945579
45  4   0.0000877854  -0.0002334893   0.0000210483  -0.0002856957   0.0000122766
45  5  -0.0001526421   0.0008498103  -0.0000865834   0.0003948053   0.0003338054
45  6  -0.0003228940   0.0000269406   0.0000062293   0.0003564110   0.0001400196
45  7   0.0000025575   0.0000070643   0.0000126645  -0.0000016862  -0.0000077105
45  8  -0.0000027298   0.0000105499   0.0000078043   0.0000005335  -0.0000665758
45  9   0.0000130983  -0.0000357262   0.2937380705   0.0805167652   0.2408085276
45 10  -0.0517190371  -0.0363012863  -0.0961652363   0.0168681642  -0.0213370640
45 11   0.0156749591  -0.0243375518  -0.0153898868  -0.0219367056  -0.0106330625
45 12   0.0298801450   0.0125052884  -0.1360702002  -0.0140988858  -0.1170407766
45 13  -0.0425693908  -0.0314633020  -0.0101868562   0.0039733753   0.0043628856
45 14   0.0023816076  -0.0009225526  -0.0005233047  -0.0004002960   0.0003812678
45 15  -0.0005978670   0.0001915551  -0.0018561898  -0.0012652226   0.0068159357
45 16  -0.0163784579   0.0041965268  -0.0039223819  -0.0296557948   0.0003121435
45 17  -0.0289528381
46  1   0.0146097749  -0.0123012643   0.0045582168  -0.0013662547  -0.0006800001
46  2  -0.0008961070   0.0032077948   0.0004448420   0.0018582526  -0.0043863712
46  3   0.0020464308  -0.0020077411   0.0027413022  -0.0020125379   0.0009220366
46  4  -0.0005170608   0.0006133654  -0.0001143159   0.0008496590  -0.0000962614
46  5   0.0004286659  -0.0022040569  -0.0003840428  -0.0013160052  -0.0017725495
46  6   0.0015169466  -0.0002899429   0.0002414848  -0.0014064714  -0.0003721266
46  7   0.0001222602  -0.0000505265  -0.0000299573   0.0000104016  -0.0000635627
46  8  -0.0000122016  -0.0000244440  -0.0000097102  -0.0000196105   0.0001456608
46  9   0.0000226966   0.0000790171  -0.1322147394  -0.0437645419  -0.0517190371
46 10   0.8227316383  -0.0942928816   0.3263533635  -0.1273573651   0.0521571013
46 11  -0.0267456416  -0.0297034545   0.0383157030  -0.0005165030   0.0014893133
46 12  -0.0043820274   0.0029937649  -0.0255843948  -0.0219285525  -0.0189706153
46 13  -0.5394324837   0.0782606598  -0.2400555786   0.0029919089  -0.0097269052
46 14  -0.0032251946   0.0010447252   0.0018074368   0.0017279643   0.0002264431
46 15   0.0015473448  -0.0019987761   0.0000803523  -0.0002304195  -0.0000965324
46 16  -0.0009358401   0.0020424390  -0.0027109499   0.0154618859   0.0126437381
46 17   0.0125414212
47  1  -0.0063891945  -0.0142603314  -0.0073110278   0.0005660407   0.0009734576
47  2   0.0005518726  -0.0013057887  -0.0010788693  -0.0009576450   0.0013251213
47  3  -0.0009143911   0.0004650703  -0.0024202259   0.0006966813  -0.0010864969
47  4   0.0003276355   0.0000012429   0.0001828646  -0.0003399875   0.0001178207
47  5  -0.0001530524   0.0010607821   0.0010969731   0.0008698494   0.0012793714
47  6  -0.0009043164   0.0003302070  -0.0004461386   0.0005038178  -0.0001066498
47  7  -0.0002392806   0.0000810056  -0.0000654103  -0.0000141785   0.0000777898
47  8   0.0000073010   0.0000165222  -0.0000128323   0.0000036875   0.0000766554
47  9  -0.0001200122   0.0000050044   0.0017169368  -0.2157386598  -0.0363012863
47 10  -0.0942928816   0.5896171077   0.0383227439   0.0538158247  -0.2554401242
47 11  -0.0140939886   0.0721819135   0.0185911391   0.0484185867   0.0011728635
47 12  -0.0483414832  -0.0095025900  -0.0705792279   0.0438909504  -0.0291373513
47 13   0.0700931713  -0.1065978034   0.0314521771  -0.0168995012   0.0080813087
47 14  -0.0099522271  -0.0008183146  -0.0019888994  -0.0004530611   0.0011660983
47 15   0.0018238289   0.0006182692  -0.0009686284  -0.0027458634  -0.0012455227
47 16   0.0052168732   0.0010720705   0.0021109910  -0.0157298304  -0.0192493933
47 17  -0.0131739843
48  1   0.0060103830  -0.0106786588   0.0022454077  -0.0006343238  -0.0001553158
48  2  -0.0003839940   0.0015504200   0.0000159172   0.0007704487  -0.0022501840
48  3   0.0009129600  -0.0008980138   0.0009812241  -0.0009609758   0.0002432134
48  4  -0.0002106128   0.0003442107  -0.0000334668   0.0003975960  -0.0000256320
48  5   0.0002038858  -0.0010111308   0.0000297821  -0.0005200166  -0.0006610311
48  6   0.0006529766  -0.0001488779  -0.0000199838  -0.0006972899  -0.0001494259
48  7  -0.0000027442  -0.0000167715  -0.0000052219  -0.0000020038  -0.0000197566
48  8   0.0000035654  -0.0000143753  -0.0000110739  -0.0000037763   0.0000916173
48  9  -0.0000189851   0.0000624663  -0.0409992540  -0.0621860827  -0.0961652363
48 10   0.3263533635   0.0383227439   0.3902293787  -0.0262434007  -0.0153195436
48 11  -0.0817655755   0.0077123865   0.0287305519  -0.0020736187   0.0043371781
48 12  -0.0124176769  -0.0060938073  -0.0304010924  -0.0017114347  -0.0188233075
48 13  -0.2419820688   0.0360567736  -0.1978232216  -0.0058482697  -0.0049399802
48 14   0.0016317284   0.0013081400   0.0011357941  -0.0005476571  -0.0017974270
48 15   0.0004539744   0.0029852122  -0.0002881544  -0.0008141843  -0.0001850305
48 16  -0.0019536803   0.0003006711   0.0036938355   0.0058670808   0.0029707466
48 17   0.0026587176
49  1  -0.0338368412  -0.0306292550  -0.0190900176   0.0011388374   0.0005097549
49  2   0.0009831238  -0.0039604637  -0.0001076151  -0.0021762266   0.0064772140
49  3   0.0018042958   0.0016018494  -0.0012518851   0.0014022120  -0.0004372954
49  4   0.0004431032  -0.0004329466   0.0003265557  -0.0007550697  -0.0000324177
49  5  -0.0004413786   0.0029713059   0.0004874209   0.0013396674   0.0009274955
49  6  -0.0006655095   0.0000435733   0.0001499923   0.0007365085   0.0004448399
49  7   0.0000062377  -0.0000518632   0.0000351552  -0.0000033052   0.0000360423
49  8   0.0000328789   0.0000382675   0.0000244386  -0.0000073066  -0.0001708490
49  9  -0.0000092625  -0.0000729703   0.0399157172   0.0026880787   0.0168681642
49 10  -0.1273573651   0.0538158247  -0.0262434007   0.5708723772  -0.1491489368
49 11   0.2504007553  -0.3181475637   0.0312297018  -0.1378893627  -0.0254626897
49 12  -0.0260975320  -0.0285363782  -0.0294538967   0.0166878820  -0.0120427505
49 13  -0.0410271382   0.0684205503  -0.0180839160  -0.0417426111   0.0372824745
49 14  -0.0226508164  -0.0036265803  -0.0057603341  -0.0008573433   0.0034126896
49 15   0.0020954702   0.0009259603   0.0009295798  -0.0033243145  -0.0026476559
49 16   0.0002513177   0.0004521633   0.0010292292  -0.0008864675  -0.0015992443
49 17  -0.0030359068
50  1  -0.0245579574  -0.0680603072  -0.0270601580  -0.0015049592  -0.0007999872
50  2  -0.0008896293   0.0046618524   0.0009271114   0.0027355216  -0.0062551835
50  3   0.0056447058  -0.0031328578   0.0019565121  -0.0021090482   0.0004130437
50  4  -0.0006311309   0.0004115678  -0.0001428982   0.0006594169  -0.0001161917
50  5   0.0003113119  -0.0020554250  -0.0022529484  -0.0019141357  -0.0009767952
50  6   0.0009737879  -0.0001865211  -0.0000124316  -0.0005654848  -0.0001727182
50  7   0.0001255492   0.0000307178   0.0000333716   0.0000212979  -0.0000737803
50  8   0.0000081781  -0.0000266594  -0.0000026472  -0.0000313814   0.0000693502
50  9   0.0001838370   0.0000987706  -0.0094591003  -0.0572385729  -0.0213370640
50 10   0.0521571013  -0.2554401242  -0.0153195436  -0.1491489368   0.5426401591
50 11   0.0277331418   0.0253491078  -0.1432239127  -0.0070216793  -0.0224243487
50 12   0.0331867931  -0.0080213736   0.0274518226  -0.0156297644   0.0120600423
50 13   0.0449401160  -0.0166491499   0.0168165326   0.0649642827  -0.0133633179
50 14   0.0315667497   0.0006706851   0.0046476248   0.0020545291   0.0003044077
50 15  -0.0056926770  -0.0019342607  -0.0016271924  -0.0038321090  -0.0027998254
50 16  -0.0004246325   0.0002167392   0.0001234154  -0.0039654680  -0.0033206790
50 17  -0.0039371486
51  1  -0.0174735172  -0.0303681887  -0.0304622669   0.0005106412   0.0001973585
51  2  -0.0001391145  -0.0010526742   0.0001736907  -0.0004945425  -0.0004791463
51  3   0.0012287517   0.0046438468  -0.0003573651   0.0001652572   0.0001120420
51  4   0.0002852046  -0.0000429631  -0.0002326614  -0.0002851809  -0.0000600036
51  5  -0.0001201086   0.0007074757  -0.0005473366   0.0010825207   0.0001130557
51  6  -0.0002110911   0.0002766629   0.0001977421   0.0003306498   0.0000250745
51  7   0.0000563970  -0.0000123262  -0.0000067679   0.0000309745   0.0000129104
51  8  -0.0000307151  -0.0000183728  -0.0000031160   0.0000508305  -0.0000533684
51  9   0.0000528431  -0.0000646492   0.0140733280  -0.0145997704   0.0156749591
51 10  -0.0267456416  -0.0140939886  -0.0817655755   0.2504007553   0.0277331418
51 11   0.2125967651  -0.1399234865  -0.0035857537  -0.1318575258  -0.0275816099
51 12  -0.0102565451  -0.0040373198  -0.0095582703   0.0059915471  -0.0050522368
51 13  -0.0237666481   0.0302401803   0.0129657591  -0.0145009502   0.0155185594
51 14   0.0046932988  -0.0000696862  -0.0011928521  -0.0034607494   0.0002753203
51 15  -0.0009545995   0.0035758211  -0.0022475205  -0.0037670528   0.0020304329
51 16   0.0008130212   0.0006312945  -0.0007585804  -0.0036087432  -0.0025773524
51 17   0.0011654150
52  1  -0.0067997330  -0.0092840157  -0.0063409298  -0.0015913339  -0.0005977717
52  2  -0.0010060256   0.0054031172  -0.0016387353   0.0024535529  -0.0014196308
52  3   0.0011798314  -0.0006164565  -0.0007506547  -0.0002587399  -0.0004450454
52  4  -0.0002070022   0.0006214182   0.0000426898   0.0009696309   0.0000175064
52  5   0.0005349110  -0.0046566762   0.0002236771  -0.0023443177  -0.0000180821
52  6   0.0002191861   0.0000829889  -0.0004086663  -0.0003696210  -0.0003618031
52  7  -0.0001178860   0.0000510962  -0.0000561271   0.0000031975   0.0001188251
52  8   0.0000296426  -0.0000462199  -0.0000323858  -0.0000341233   0.0002393521
52  9   0.0000108273   0.0001258309  -0.0403160465  -0.0178029833  -0.0243375518
52 10  -0.0297034545   0.0721819135   0.0077123865  -0.3181475637   0.0253491078
52 11  -0.1399234865   0.6385083918  -0.1169244022   0.2352811094  -0.1439778275
52 12  -0.0397119615  -0.0555772556   0.0523870678  -0.0149112473   0.0264342521
52 13   0.0097786468  -0.0113924149  -0.0012171655  -0.1549199468   0.1147355499
52 14  -0.0369084509   0.0150070186  -0.0110535026   0.0074716260  -0.0105424407
52 15   0.0302087763   0.0033165421  -0.0082680443  -0.0217757647  -0.0078759814
52 16   0.0005128648   0.0039590134  -0.0048565030  -0.0008494498  -0.0031749397
52 17  -0.0012154920
53  1  -0.0055537980   0.0072353484  -0.0015934626   0.0021188414   0.0015414609
53  2   0.0015191560  -0.0073406086   0.0005273958  -0.0038293338   0.0034624302
53  3  -0.0017981467   0.0014211819  -0.0008613881   0.0006166913  -0.0002794025
53  4   0.0004929098  -0.0004569092   0.0001579925  -0.0012258160   0.0000100669
53  5  -0.0006571492   0.0056770139   0.0002648502   0.0033143747   0.0008715671
53  6  -0.0006695657   0.0001751394   0.0000778569   0.0004227048   0.0002028786
53  7  -0.0001037387  -0.0000005356  -0.0000263926  -0.0000233832  -0.0000672388
53  8  -0.0000344057   0.0000522428   0.0000173551   0.0000306153  -0.0001775175
53  9  -0.0001617123  -0.0001518160  -0.0290274831  -0.0006045728  -0.0153898868
53 10   0.0383157030   0.0185911391   0.0287305519   0.0312297018  -0.1432239127
53 11  -0.0035857537  -0.1169244022   0.8221680640   0.0873074090  -0.0712966798
53 12  -0.1997987402  -0.0736851959   0.0106283125  -0.0547136146  -0.0069642638
53 13   0.0035063976  -0.0083901041  -0.0016636427   0.1193599750  -0.4139842116
53 14  -0.0239527580   0.0042636012  -0.0276593149  -0.0005577173   0.0023643818
53 15  -0.0002252712   0.0052170355   0.0052872110   0.0075734929   0.0056804950
53 16   0.0044153616  -0.0039608001  -0.0008758162   0.0005264046  -0.0028916783
53 17  -0.0003687650
54  1  -0.0054127705  -0.0037312066  -0.0034438115  -0.0004303105   0.0000127357
54  2  -0.0002063948   0.0013531615  -0.0008317399   0.0005639346  -0.0001378831
54  3   0.0001968760   0.0002060305  -0.0006041053  -0.0000043464  -0.0003528249
54  4  -0.0000026433   0.0002549268   0.0000569406   0.0002804343   0.0000133779
54  5   0.0001480699  -0.0011351325   0.0003192208  -0.0009468259   0.0001919764
54  6  -0.0000268181   0.0000760116  -0.0002210542  -0.0001130357  -0.0001457706
54  7  -0.0000964550   0.0000264884  -0.0000293589  -0.0000065574   0.0000506657
54  8   0.0000128285  -0.0000174107  -0.0000158262  -0.0000072376   0.0000847157
54  9  -0.0000364681   0.0000572931  -0.0269867160  -0.0093018274  -0.0219367056
54 10  -0.0005165030   0.0484185867  -0.0020736187  -0.1378893627  -0.0070216793
54 11  -0.1318575258   0.2352811094   0.0873074090   0.3234215202  -0.0634079497
54 12  -0.0554953660  -0.1107307335   0.0324478862  -0.0210305068   0.0130782783
54 13   0.0023310105  -0.0101185456   0.0060792116  -0.0395459301  -0.0189339696
54 14  -0.0696200235   0.0122494172  -0.0135891009   0.0011894929  -0.0007875833
54 15   0.0170834276  -0.0045849424  -0.0014667269  -0.0096780316  -0.0064086336
54 16  -0.0047490722  -0.0011933885   0.0077295475  -0.0003468378  -0.0024320460
54 17  -0.0008172334
55  1   0.0003426975   0.0020104249  -0.0004320099   0.0001812733  -0.0000094483
55  2   0.0000626207  -0.0004874923   0.0002529280  -0.0001904787   0.0002097860
55  3  -0.0001154367   0.0002956032   0.0000585167   0.0001307373   0.0000674777
55  4   0.0000235472  -0.0001000140  -0.0000231230  -0.0000887829   0.0000080973
55  5  -0.0000535422   0.0004245744  -0.0001313090   0.0002247724   0.0000099315
55  6  -0.0000664285  -0.0000130330   0.0000781299   0.0001062885   0.0000756393
55  7   0.0000239676  -0.0000129370   0.0000122423  -0.0000013746  -0.0000130891
55  8  -0.0000045492   0.0000020641   0.0000029278   0.0000080945  -0.0000307915
55  9   0.0000092393  -0.0000123890  -0.0245363077   0.0409907475  -0.0106330625
55 10   0.0014893133   0.0011728635   0.0043371781  -0.0254626897  -0.0224243487
55 11  -0.0275816099  -0.1439778275  -0.0712966798  -0.0634079497   0.6264566560
55 12  -0.1432420325   0.2712141144  -0.1670624266   0.1525920234  -0.0323523026
55 13  -0.0032521617   0.0002699092  -0.0011893543   0.0158922300   0.0115011703
55 14   0.0068183326  -0.0006311156   0.0035567870  -0.0022925413   0.0007785445
55 15   0.0004004758   0.0017263882  -0.2884008841   0.0378678807  -0.1420679914
55 16   0.0110212716  -0.0123550871  -0.0002297072  -0.0029746340  -0.0010914153
55 17  -0.0046671905
56  1   0.0017053577  -0.0007232861   0.0003486365  -0.0007282761  -0.0007509386
56  2  -0.0005927656   0.0022832266   0.0001262531   0.0012538914  -0.0012013655
56  3   0.0006632373  -0.0004067359   0.0008866131  -0.0002412414   0.0004000112
56  4  -0.0001873268   0.0000287651  -0.0001009221   0.0003587832  -0.0000256138
56  5   0.0001845899  -0.0018870493  -0.0005222578  -0.0011758463  -0.0005675272
56  6   0.0003901716  -0.0001295926   0.0001226348  -0.0001584099   0.0000039384
56  7   0.0001126887  -0.0000219228   0.0000322962   0.0000135498   0.0000003566
56  8   0.0000088884  -0.0000222672  -0.0000030698  -0.0000100594   0.0000091345
56  9   0.0000934852   0.0000325026   0.0566928552   0.0034217181   0.0298801450
56 10  -0.0043820274  -0.0483414832  -0.0124176769  -0.0260975320   0.0331867931
56 11  -0.0102565451  -0.0397119615  -0.1997987402  -0.0554953660  -0.1432420325
56 12   0.7370808477   0.0710580353   0.1229516744  -0.4091257005  -0.0142765624
56 13  -0.0029183591   0.0107190576   0.0011037844  -0.0155836622  -0.0579780207
56 14  -0.0234082783   0.0048420554   0.0002166301   0.0015023604  -0.0028894597
56 15   0.0006350903  -0.0013983621   0.0395167857  -0.0613772193   0.0125603660
56 16   0.0119841208  -0.0131151204   0.0021670395  -0.0020031830   0.0057090206
56 17  -0.0009042751
57  1  -0.0005264441   0.0005021787   0.0017966730  -0.0000938067  -0.0001908847
57  2  -0.0000445753   0.0002461115   0.0001782759   0.0001767323   0.0000525162
57  3   0.0001817655  -0.0002876904   0.0002364009   0.0000203768   0.0001269132
57  4  -0.0000389019  -0.0000528676  -0.0000167925   0.0000263805  -0.0000044327
57  5   0.0000254863  -0.0001596172  -0.0001696327  -0.0001863132  -0.0001166226
57  6   0.0000577634  -0.0000537664   0.0000679588   0.0000183979   0.0000492360
57  7   0.0000408051  -0.0000118750   0.0000115744   0.0000019860  -0.0000073668
57  8   0.0000010351   0.0000023888   0.0000040656  -0.0000092204  -0.0000129701
57  9   0.0000266286  -0.0000018665  -0.0068702295   0.0212866055   0.0125052884
57 10   0.0029937649  -0.0095025900  -0.0060938073  -0.0285363782  -0.0080213736
57 11  -0.0040373198  -0.0555772556  -0.0736851959  -0.1107307335   0.2712141144
57 12   0.0710580353   0.2597112369  -0.0394475548   0.0024801583  -0.0744840033
57 13  -0.0019207528   0.0029403899  -0.0014353731  -0.0000479543  -0.0087881660
57 14   0.0084657840  -0.0018445509   0.0010630693   0.0035376880   0.0009017757
57 15   0.0009424623  -0.0017571316  -0.1412007674   0.0116022423  -0.0955550019
57 16   0.0054867606  -0.0116237441   0.0068067726  -0.0048907489  -0.0004163241
57 17   0.0020043577
58  1   0.0009479792  -0.0011612261   0.0004002985  -0.0005869094  -0.0004826946
58  2  -0.0004373005   0.0016522138   0.0000470407   0.0009001759  -0.0009159336
58  3   0.0005235832  -0.0003992305   0.0007776142  -0.0003380644   0.0003155302
58  4  -0.0001417898   0.0001145095  -0.0000514840   0.0003356599  -0.0000053156
58  5   0.0001823802  -0.0013344804  -0.0002115820  -0.0007711091  -0.0005347328
58  6   0.0004229366  -0.0001068144   0.0001007320  -0.0002710071  -0.0000434766
58  7   0.0000770840  -0.0000288217   0.0000109180   0.0000081066   0.0000002299
58  8   0.0000057852  -0.0000122832  -0.0000053035  -0.0000079482   0.0000419861
58  9   0.0000339233   0.0000339559  -0.3097094331   0.0613138796  -0.1360702002
58 10  -0.0255843948  -0.0705792279  -0.0304010924  -0.0294538967   0.0274518226
58 11  -0.0095582703   0.0523870678   0.0106283125   0.0324478862  -0.1670624266
58 12   0.1229516744  -0.0394475548   0.6010726516  -0.0828455954   0.2443473492
58 13   0.0011377175   0.0139752733   0.0015322182  -0.0069210146  -0.0118377013
58 14  -0.0081874067   0.0028421102   0.0005692892   0.0001295892  -0.0015279729
58 15   0.0002339519  -0.0000687247  -0.0080867816   0.0252083880   0.0028966784
58 16  -0.0989918352  -0.0968160231  -0.0552571100  -0.0107117549   0.0009645095
58 17  -0.0020199571
59  1  -0.0006818497   0.0004333651  -0.0002277827   0.0003043546   0.0002446808
59  2   0.0002254980  -0.0009598174   0.0000532694  -0.0004975705   0.0004744346
59  3  -0.0003858830   0.0001507460  -0.0003105908   0.0001723934  -0.0001160425
59  4   0.0000786104  -0.0000613936   0.0000270644  -0.0001655384   0.0000068238
59  5  -0.0000858288   0.0007201096   0.0000351669   0.0004111238   0.0002499219
59  6  -0.0001933716   0.0000500423  -0.0000379199   0.0001248793   0.0000209164
59  7  -0.0000407519   0.0000105049  -0.0000096369  -0.0000077179  -0.0000052753
59  8  -0.0000062052   0.0000064243   0.0000037345   0.0000035584  -0.0000259136
59  9  -0.0000230904  -0.0000213922   0.0212666429  -0.1499191908  -0.0140988858
59 10  -0.0219285525   0.0438909504  -0.0017114347   0.0166878820  -0.0156297644
59 11   0.0059915471  -0.0149112473  -0.0547136146  -0.0210305068   0.1525920234
59 12  -0.4091257005   0.0024801583  -0.0828455954   0.8447107200   0.1206702975
59 13  -0.0022267844  -0.0114825273  -0.0049419807  -0.0023499567   0.0085499162
59 14  -0.0009717694  -0.0003870776  -0.0014472547  -0.0007798605   0.0004027639
59 15  -0.0001193815   0.0007561139  -0.0025098934   0.0014299520  -0.0004496778
59 16  -0.0910387224  -0.2603111515  -0.1036082748   0.0272413032   0.0035769476
59 17   0.0177459310
60  1   0.0005128097  -0.0004943287  -0.0000782628  -0.0002569830  -0.0002137379
60  2  -0.0001924107   0.0007073662   0.0000410254   0.0003779930  -0.0004335496
60  3   0.0001907613  -0.0001365133   0.0003615400  -0.0001509879   0.0001540117
60  4  -0.0000630328   0.0000483008  -0.0000193967   0.0001521019   0.0000003079
60  5   0.0000759934  -0.0005635242  -0.0001003883  -0.0003594966  -0.0002371490
60  6   0.0001940696  -0.0000549734   0.0000417289  -0.0001246724  -0.0000059318
60  7   0.0000308979  -0.0000148706   0.0000087301   0.0000028038  -0.0000010553
60  8   0.0000010274  -0.0000063123  -0.0000025358  -0.0000017169   0.0000173360
60  9   0.0000136389   0.0000136746  -0.1453979121   0.0082337218  -0.1170407766
60 10  -0.0189706153  -0.0291373513  -0.0188233075  -0.0120427505   0.0120600423
60 11  -0.0050522368   0.0264342521  -0.0069642638   0.0130782783  -0.0323523026
60 12  -0.0142765624  -0.0744840033   0.2443473492   0.1206702975   0.2976011536
60 13  -0.0022667421   0.0041611558   0.0039341723  -0.0063759113  -0.0053518854
60 14  -0.0012071613   0.0001235697  -0.0006478893   0.0022529084  -0.0000326818
60 15   0.0005459887  -0.0014566078  -0.0036606369   0.0152534799  -0.0010587056
60 16  -0.0538946497  -0.1067571691  -0.0948335050   0.0041127513   0.0029750992
60 17  -0.0036659006
61  1  -0.0070273764   0.0026956878  -0.0020643287   0.0008379838   0.0003561284
61  2   0.0005499839  -0.0019555326  -0.0000006364  -0.0010483968   0.0021330232
61  3  -0.0012630573   0.0006191183  -0.0016357033   0.0012069204  -0.0005257357
61  4   0.0002738717  -0.0004517114   0.0000614118  -0.0005541300   0.0000627494
61  5  -0.0002848782   0.0014302715  -0.0000167342   0.0007953542   0.0011697637
61  6  -0.0009751310   0.0000971840  -0.0001932460   0.0010235064   0.0004077950
61  7  -0.0000833361   0.0000269407   0.0000514267  -0.0000123467   0.0000227093
61  8   0.0000052400   0.0000158763   0.0000072600   0.0000113404  -0.0001094890
61  9   0.0000098800  -0.0000457708  -0.0461111872  -0.0181333892  -0.0425693908
61 10  -0.5394324837   0.0700931713  -0.2419820688  -0.0410271382   0.0449401160
61 11  -0.0237666481   0.0097786468   0.0035063976   0.0023310105  -0.0032521617
61 12  -0.0029183591  -0.0019207528   0.0011377175  -0.0022267844  -0.0022667421
61 13   0.6326855713  -0.1018042047   0.3122891361  -0.0030886337   0.0026477172
61 14  -0.0009713855  -0.0009946184  -0.0012195800  -0.0009357297   0.0003052586
61 15  -0.0000491941   0.0006535633   0.0002629413   0.0001814006   0.0004453730
61 16  -0.0016490399   0.0004973210  -0.0006872545  -0.0027000322   0.0017246053
61 17   0.0007613459
62  1  -0.0021765447   0.0013642831  -0.0003306157  -0.0001828536  -0.0006330028
62  2  -0.0002553653   0.0005337866   0.0006872199   0.0004623320   0.0001129101
62  3  -0.0001775369  -0.0000732143   0.0013621276  -0.0002906443   0.0006469683
62  4  -0.0001965620  -0.0000525712  -0.0001111658   0.0001763743  -0.0000505400
62  5   0.0000810891  -0.0002378577  -0.0012159129  -0.0004513346  -0.0006805448
62  6   0.0005173900  -0.0002151987   0.0003001185  -0.0001336018   0.0001999174
62  7   0.0001501677  -0.0000698249   0.0000565216   0.0000059673  -0.0000521002
62  8  -0.0000054108  -0.0000065945   0.0000062462  -0.0000010611  -0.0000817033
62  9   0.0000548652  -0.0000238086  -0.0519075047   0.0121006469  -0.0314633020
62 10   0.0782606598  -0.1065978034   0.0360567736   0.0684205503  -0.0166491499
62 11   0.0302401803  -0.0113924149  -0.0083901041  -0.0101185456   0.0002699092
62 12   0.0107190576   0.0029403899   0.0139752733  -0.0114825273   0.0041611558
62 13  -0.1018042047   0.1170595588  -0.0366140597   0.0043575985  -0.0004360704
62 14   0.0025847274  -0.0002619800   0.0004779401  -0.0001027530  -0.0002770190
62 15  -0.0005968467  -0.0001640437   0.0001550796   0.0008643789   0.0004086686
62 16  -0.0012994535   0.0001476913  -0.0006550484   0.0024401337   0.0029126061
62 17   0.0028401671
63  1  -0.0032187761   0.0023796779  -0.0034444218   0.0004390314   0.0000593238
63  2   0.0002274751  -0.0009903585   0.0001625076  -0.0004779748   0.0009688849
63  3  -0.0008785950   0.0007576641  -0.0005592301   0.0006013199  -0.0001704065
63  4   0.0001336277  -0.0002469795  -0.0000394681  -0.0002710011   0.0000195080
63  5  -0.0001311054   0.0007715540  -0.0002705993   0.0003109367   0.0003567926
63  6  -0.0004678159   0.0002392649   0.0001590791   0.0006319619  -0.0000672066
63  7   0.0000378763   0.0000217145  -0.0000375755   0.0000018889   0.0000035531
63  8  -0.0000128176   0.0000090600   0.0000068799   0.0000040445  -0.0000682595
63  9   0.0000236475  -0.0000543677  -0.0504268387  -0.0123407101  -0.0101868562
63 10  -0.2400555786   0.0314521771  -0.1978232216  -0.0180839160   0.0168165326
63 11   0.0129657591  -0.0012171655  -0.0016636427   0.0060792116  -0.0011893543
63 12   0.0011037844  -0.0014353731   0.0015322182  -0.0049419807   0.0039341723
63 13   0.3122891361  -0.0366140597   0.1939509718  -0.0003545602   0.0015278803
63 14  -0.0005137480  -0.0007669150  -0.0006632278  -0.0002963735   0.0005259664
63 15  -0.0000072742  -0.0004403166   0.0004590712   0.0004170348  -0.0001279304
63 16  -0.0011177924   0.0003641357  -0.0007558934   0.0009342232   0.0024662334
63 17  -0.0022193491
64  1  -0.0021879364   0.0022252124   0.0002694657   0.0004578118   0.0001720593
64  2   0.0003738997  -0.0014442660   0.0003187591  -0.0007336268   0.0006895395
64  3  -0.0003374602   0.0000945612   0.0000479012   0.0002765009   0.0001358237
64  4   0.0000944316  -0.0002785701  -0.0000168024  -0.0004252069  -0.0000288266
64  5  -0.0002017710   0.0014023089  -0.0002992000   0.0000544585   0.0000864719
64  6  -0.0002138927  -0.0000696549   0.0001879796   0.0001710368   0.0001855691
64  7   0.0000233864  -0.0000353801   0.0000243256  -0.0000010744  -0.0000425904
64  8  -0.0000090454   0.0000059119   0.0000128501   0.0000050263  -0.0001324681
64  9   0.0000066954  -0.0000282238   0.0035820185   0.0066673522   0.0039733753
64 10   0.0029919089  -0.0168995012  -0.0058482697  -0.0417426111   0.0649642827
64 11  -0.0145009502  -0.1549199468   0.1193599750  -0.0395459301   0.0158922300
64 12  -0.0155836622  -0.0000479543  -0.0069210146  -0.0023499567  -0.0063759113
64 13  -0.0030886337   0.0043575985  -0.0003545602   0.7185979150  -0.0934896277
64 14   0.3601116561  -0.1344445891  -0.1243159892  -0.1133789832  -0.4013276221
64 15   0.0569909089  -0.1870078297   0.0006634943  -0.0000314815   0.0008877140
64 16   0.0007308852  -0.0012006881   0.0006268764   0.0003712310  -0.0000902216
64 17   0.0005237327
65  1  -0.0015487065  -0.0046851098  -0.0015306175  -0.0020554431  -0.0014516577
65  2  -0.0014322463   0.0068110976  -0.0009676765   0.0033784638  -0.0024598882
65  3   0.0016848125  -0.0010021880   0.0007741045  -0.0004753938   0.0002971584
65  4  -0.0004125758   0.0004417075  -0.0001205447   0.0011677914  -0.0000422533
65  5   0.0006389860  -0.0060179531  -0.0000066013  -0.0036358078  -0.0007528258
65  6   0.0006777556  -0.0001390221  -0.0000976615  -0.0003885038  -0.0001886937
65  7   0.0000860512   0.0000011795   0.0000234262   0.0000153806   0.0000737569
65  8   0.0000307817  -0.0000603756  -0.0000155160  -0.0000343739   0.0001511916
65  9   0.0001539341   0.0001492219   0.0103436411  -0.0066200079   0.0043628856
65 10  -0.0097269052   0.0080813087  -0.0049399802   0.0372824745  -0.0133633179
65 11   0.0155185594   0.1147355499  -0.4139842116  -0.0189339696   0.0115011703
65 12  -0.0579780207  -0.0087881660  -0.0118377013   0.0085499162  -0.0053518854
65 13   0.0026477172  -0.0004360704   0.0015278803  -0.0934896277   0.8332267513
65 14   0.1668566493  -0.1178444555  -0.2785567812  -0.1543493865   0.0608609544
65 15  -0.0780168177   0.0058527121   0.0004671221   0.0013989763   0.0008094943
65 16   0.0002448299  -0.0004273659   0.0002122771  -0.0007743009   0.0020059816
65 17   0.0001759719
66  1  -0.0007354567   0.0009141721  -0.0018887918  -0.0000848515  -0.0001737579
66  2  -0.0002331263   0.0005368793  -0.0000550134   0.0003419239  -0.0003102732
66  3   0.0000484819   0.0001920658   0.0002358886   0.0000910801   0.0000875899
66  4  -0.0000260389  -0.0000856788  -0.0000371527   0.0000163411  -0.0000085207
66  5  -0.0000556337  -0.0011425754  -0.0005006895   0.0004081076  -0.0001380011
66  6   0.0000023967  -0.0000066353   0.0001068705   0.0000293338   0.0000330931
66  7   0.0000482920  -0.0000123567  -0.0000050538   0.0000060423  -0.0000078125
66  8  -0.0000043872  -0.0000104840   0.0000038503  -0.0000030147  -0.0000045745
66  9   0.0000603716  -0.0000684861   0.0041950981   0.0029430461   0.0023816076
66 10  -0.0032251946  -0.0099522271   0.0016317284  -0.0226508164   0.0315667497
66 11   0.0046932988  -0.0369084509  -0.0239527580  -0.0696200235   0.0068183326
66 12  -0.0234082783   0.0084657840  -0.0081874067  -0.0009717694  -0.0012071613
66 13  -0.0009713855   0.0025847274  -0.0005137480   0.3601116561   0.1668566493
66 14   0.2509866992  -0.1096099021  -0.1524508813  -0.1078335391  -0.1905245701
66 15   0.0063335317  -0.0862341162   0.0010968698   0.0006384916  -0.0003371438
66 16   0.0010261101  -0.0006467281  -0.0004853528   0.0004048722   0.0004342099
66 17  -0.0002394274
67  1  -0.0014419477   0.0027682032  -0.0008486770   0.0009550017   0.0010472014
67  2   0.0006419659  -0.0032629345  -0.0004678032  -0.0016605743   0.0011793507
67  3  -0.0003708309   0.0007066777  -0.0009450526   0.0000190358  -0.0005206852
67  4   0.0002028666   0.0001025893   0.0001416473  -0.0002225921   0.0001073954
67  5  -0.0001675730   0.0015037908   0.0008819851   0.0020201556   0.0005220428
67  6  -0.0002473186   0.0001901610  -0.0001835786   0.0000894545  -0.0000771740
67  7  -0.0000971971   0.0000271200  -0.0000410734  -0.0000076482   0.0000213804
67  8   0.0000004023   0.0000480935   0.0000001480   0.0000238075   0.0001391450
67  9  -0.0001391291   0.0000010797  -0.0015514002   0.0000670182  -0.0009225526
67 10   0.0010447252  -0.0008183146   0.0013081400  -0.0036265803   0.0006706851
67 11  -0.0000696862   0.0150070186   0.0042636012   0.0122494172  -0.0006311156
67 12   0.0048420554  -0.0018445509   0.0028421102  -0.0003870776   0.0001235697
67 13  -0.0009946184  -0.0002619800  -0.0007669150  -0.1344445891  -0.1178444555
67 14  -0.1096099021   0.1296010112   0.1282731133   0.1066970222  -0.0049585239
67 15  -0.0228394526  -0.0079041829  -0.0000297144   0.0001157203   0.0002924283
67 16  -0.0003106437   0.0001074569   0.0002963247   0.0000226923  -0.0002709234
67 17  -0.0000404966
68  1   0.0015399451   0.0018909981   0.0009724548   0.0022287746   0.0019680762
68  2   0.0016296044  -0.0072110669   0.0004041087  -0.0036324461   0.0028046909
68  3  -0.0014441045   0.0012218970  -0.0012015066   0.0002716570  -0.0005695375
68  4   0.0004352600  -0.0001836519   0.0001977592  -0.0010117501   0.0000947927
68  5  -0.0005595262   0.0055531231  -0.0002706227   0.0034272688   0.0007553590
68  6  -0.0006421522   0.0001474991   0.0001065334   0.0002386117   0.0001542068
68  7  -0.0001042592  -0.0000353579  -0.0000390435  -0.0000109838  -0.0000526472
68  8  -0.0000207859   0.0000899121   0.0000134062   0.0000492473   0.0000191277
68  9  -0.0002504630  -0.0000714534  -0.0013705258   0.0011448337  -0.0005233047
68 10   0.0018074368  -0.0019888994   0.0011357941  -0.0057603341   0.0046476248
68 11  -0.0011928521  -0.0110535026  -0.0276593149  -0.0135891009   0.0035567870
68 12   0.0002166301   0.0010630693   0.0005692892  -0.0014472547  -0.0006478893
68 13  -0.0012195800   0.0004779401  -0.0006632278  -0.1243159892  -0.2785567812
68 14  -0.1524508813   0.1282731133   0.2900763869   0.1561264764   0.0053012246
68 15   0.0119970603   0.0078828699  -0.0001448500   0.0000298535   0.0000423084
68 16   0.0001426208  -0.0002808661   0.0001945446   0.0001313735  -0.0001900601
68 17   0.0000296595
69  1  -0.0010853305   0.0015236772   0.0011716373   0.0009639798   0.0010125881
69  2   0.0010113621  -0.0033845690  -0.0000281887  -0.0021839061   0.0014873119
69  3  -0.0004857368   0.0004026583  -0.0008388851   0.0000531786  -0.0003735593
69  4   0.0002203347   0.0000195569   0.0001208485  -0.0004393353   0.0000533972
69  5  -0.0000928202   0.0031665806   0.0008206593   0.0002125644   0.0004853641
69  6  -0.0002836396   0.0001072385  -0.0000768626   0.0001040274   0.0000059263
69  7  -0.0000891311   0.0000009593  -0.0000154693  -0.0000070034  -0.0000016826
69  8  -0.0000056952   0.0000486323   0.0000028300   0.0000287435   0.0000455993
69  9  -0.0001587807   0.0000566364  -0.0009883186   0.0001500023  -0.0004002960
69 10   0.0017279643  -0.0004530611  -0.0005476571  -0.0008573433   0.0020545291
69 11  -0.0034607494   0.0074716260  -0.0005577173   0.0011894929  -0.0022925413
69 12   0.0015023604   0.0035376880   0.0001295892  -0.0007798605   0.0022529084
69 13  -0.0009357297  -0.0001027530  -0.0002963735  -0.1133789832  -0.1543493865
69 14  -0.1078335391   0.1066970222   0.1561264764   0.1117748169   0.0015249041
69 15  -0.0068471279  -0.0057045737   0.0002122468   0.0001600972  -0.0003357356
69 16   0.0002735062   0.0002103396  -0.0005518142   0.0000630031  -0.0001438380
69 17  -0.0000726289
70  1  -0.0005877958  -0.0002924485  -0.0004140484   0.0000078329   0.0001132510
70  2   0.0000370619  -0.0000580356  -0.0001680155  -0.0000882712   0.0000720040
70  3   0.0000386303   0.0000696549  -0.0001420428  -0.0000562359  -0.0001008430
70  4   0.0000065436   0.0000704797   0.0000232397   0.0000332515  -0.0000012103
70  5   0.0000103148  -0.0000845040   0.0001007695   0.0001330352   0.0000412328
70  6  -0.0000015826   0.0000328818  -0.0000272862  -0.0000211202  -0.0000312698
70  7  -0.0000154669   0.0000014934  -0.0000124986   0.0000008091   0.0000069128
70  8  -0.0000013774   0.0000049173  -0.0000018596  -0.0000006517   0.0000444910
70  9  -0.0000212529  -0.0000088881   0.0009404459  -0.0004471736   0.0003812678
70 10   0.0002264431   0.0011660983  -0.0017974270   0.0034126896   0.0003044077
70 11   0.0002753203  -0.0105424407   0.0023643818  -0.0007875833   0.0007785445
70 12  -0.0028894597   0.0009017757  -0.0015279729   0.0004027639  -0.0000326818
70 13   0.0003052586  -0.0002770190   0.0005259664  -0.4013276221   0.0608609544
70 14  -0.1905245701  -0.0049585239   0.0053012246   0.0015249041   0.4131686816
70 15  -0.0667094739   0.1906322083   0.0004122944  -0.0000350162  -0.0003360385
70 16   0.0000854275  -0.0000280152  -0.0000849620  -0.0000681009   0.0002099863
70 17   0.0000246912
71  1   0.0000638007  -0.0004010672  -0.0000775282  -0.0000745844  -0.0001463246
71  2  -0.0000711635   0.0002057233   0.0000600868   0.0001166813  -0.0001061478
71  3  -0.0000479732  -0.0000642971   0.0001320437   0.0000726134   0.0000836163
71  4  -0.0000098563  -0.0000789763  -0.0000235725  -0.0000582424  -0.0000242384
71  5  -0.0000396778  -0.0002388486  -0.0005587082  -0.0002246488  -0.0000483933
71  6  -0.0000303916  -0.0000270478   0.0000557678   0.0000148410   0.0000320337
71  7   0.0000125513  -0.0000069948   0.0000017818   0.0000010278  -0.0000113695
71  8  -0.0000042170  -0.0000106669   0.0000019014  -0.0000069051  -0.0000612331
71  9   0.0000355655  -0.0000377458  -0.0009085784  -0.0002342466  -0.0005978670
71 10   0.0015473448   0.0018238289   0.0004539744   0.0020954702  -0.0056926770
71 11  -0.0009545995   0.0302087763  -0.0002252712   0.0170834276   0.0004004758
71 12   0.0006350903   0.0009424623   0.0002339519  -0.0001193815   0.0005459887
71 13  -0.0000491941  -0.0005968467  -0.0000072742   0.0569909089  -0.0780168177
71 14   0.0063335317  -0.0228394526   0.0119970603  -0.0068471279  -0.0667094739
71 15   0.0727377326  -0.0153579479  -0.0006154800  -0.0008683456  -0.0008682904
71 16  -0.0000361379   0.0000658718  -0.0000835650  -0.0000680277  -0.0000863472
71 17  -0.0000650443
72  1  -0.0003375460  -0.0003722045  -0.0002525126  -0.0000397658   0.0000173694
72  2  -0.0000227622   0.0000999881  -0.0001112547   0.0000545486   0.0000103136
72  3   0.0000516597  -0.0000270430  -0.0000601742  -0.0000291185  -0.0000164021
72  4  -0.0000008912   0.0000339416   0.0000027658   0.0000174333  -0.0000113447
72  5   0.0000191288  -0.0000167178   0.0000071317  -0.0003161441   0.0000193652
72  6   0.0000064309  -0.0000165424  -0.0000149587  -0.0000187251   0.0000053774
72  7  -0.0000126635  -0.0000039703   0.0000048068  -0.0000032747   0.0000006702
72  8   0.0000057921  -0.0000036060  -0.0000024676   0.0000026876  -0.0000143709
72  9  -0.0000160671   0.0000399951   0.0003835678  -0.0005174062   0.0001915551
72 10  -0.0019987761   0.0006182692   0.0029852122   0.0009259603  -0.0019342607
72 11   0.0035758211   0.0033165421   0.0052170355  -0.0045849424   0.0017263882
72 12  -0.0013983621  -0.0017571316  -0.0000687247   0.0007561139  -0.0014566078
72 13   0.0006535633  -0.0001640437  -0.0004403166  -0.1870078297   0.0058527121
72 14  -0.0862341162  -0.0079041829   0.0078828699  -0.0057045737   0.1906322083
72 15  -0.0153579479   0.0927912932  -0.0005692361  -0.0005837415   0.0006892669
72 16  -0.0001168579  -0.0000491292   0.0001884929  -0.0000777621   0.0001302413
72 17   0.0000099724
73  1   0.0001396467   0.0001452075  -0.0000175500   0.0000091191   0.0000000190
73  2   0.0000051968  -0.0000409612   0.0000188102  -0.0000238328   0.0000021662
73  3   0.0000187106   0.0000353418   0.0000279317  -0.0000158337   0.0000065627
73  4  -0.0000041765   0.0000030191  -0.0000023378  -0.0000014087  -0.0000052282
73  5  -0.0000012746   0.0000244554  -0.0000299042   0.0000350106  -0.0000146275
73  6   0.0000103544   0.0000020163   0.0000087808  -0.0000024757  -0.0000003095
73  7   0.0000034892  -0.0000014667  -0.0000013808   0.0000004791  -0.0000018641
73  8  -0.0000013039   0.0000004928   0.0000006284  -0.0000006193   0.0000001170
73  9   0.0000003302  -0.0000050326   0.0038091338   0.0027397562  -0.0018561898
73 10   0.0000803523  -0.0009686284  -0.0002881544   0.0009295798  -0.0016271924
73 11  -0.0022475205  -0.0082680443   0.0052872110  -0.0014667269  -0.2884008841
73 12   0.0395167857  -0.1412007674  -0.0080867816  -0.0025098934  -0.0036606369
73 13   0.0002629413   0.0001550796   0.0004590712   0.0006634943   0.0004671221
73 14   0.0010968698  -0.0000297144  -0.0001448500   0.0002122468   0.0004122944
73 15  -0.0006154800  -0.0005692361   0.2990105685  -0.0418345108   0.1482835625
73 16  -0.0006736519  -0.0005928366   0.0022138126   0.0002126098  -0.0000788691
73 17  -0.0008739757
74  1   0.0000520403   0.0003033161   0.0000433069   0.0000376468  -0.0000076715
74  2   0.0000181865  -0.0001380897   0.0000731933  -0.0000587400   0.0000433145
74  3  -0.0000146120   0.0000333226   0.0000606762   0.0000101942   0.0000330030
74  4   0.0000021031  -0.0000231807  -0.0000049270  -0.0000268698  -0.0000010640
74  5  -0.0000146183   0.0001126896  -0.0000325925   0.0000668097  -0.0000252719
74  6   0.0000055367  -0.0000085560   0.0000288265   0.0000012948   0.0000152694
74  7   0.0000075928  -0.0000054936   0.0000010241   0.0000003270  -0.0000047636
74  8  -0.0000015251   0.0000006936   0.0000012912   0.0000002108  -0.0000105133
74  9   0.0000022384  -0.0000073139   0.0032783579  -0.0051462445  -0.0012652226
74 10  -0.0002304195  -0.0027458634  -0.0008141843  -0.0033243145  -0.0038321090
74 11  -0.0037670528  -0.0217757647   0.0075734929  -0.0096780316   0.0378678807
74 12  -0.0613772193   0.0116022423   0.0252083880   0.0014299520   0.0152534799
74 13   0.0001814006   0.0008643789   0.0004170348  -0.0000314815   0.0013989763
74 14   0.0006384916   0.0001157203   0.0000298535   0.0001600972  -0.0000350162
74 15  -0.0008683456  -0.0005837415  -0.0418345108   0.0612755566  -0.0132565698
74 16  -0.0007352605   0.0006935017   0.0008622396   0.0012270308   0.0004207776
74 17   0.0003827575
75  1  -0.0000373481   0.0001003060   0.0002285394   0.0000159816  -0.0000009110
75  2   0.0000075702  -0.0000665348   0.0000253765  -0.0000170618   0.0000431170
75  3   0.0000185495  -0.0000230212   0.0000248366  -0.0000064019   0.0000183848
75  4  -0.0000022546  -0.0000051638  -0.0000006200  -0.0000079506  -0.0000026966
75  5  -0.0000054962   0.0000711281  -0.0000107692  -0.0000152669  -0.0000061855
75  6   0.0000087983  -0.0000128019   0.0000071390  -0.0000023515   0.0000124620
75  7   0.0000008275  -0.0000033353   0.0000048966  -0.0000007070  -0.0000027198
75  8   0.0000008909  -0.0000005791   0.0000001811   0.0000016950  -0.0000081020
75  9  -0.0000016144   0.0000045009  -0.0016945700  -0.0015963212   0.0068159357
75 10  -0.0000965324  -0.0012455227  -0.0001850305  -0.0026476559  -0.0027998254
75 11   0.0020304329  -0.0078759814   0.0056804950  -0.0064086336  -0.1420679914
75 12   0.0125603660  -0.0955550019   0.0028966784  -0.0004496778  -0.0010587056
75 13   0.0004453730   0.0004086686  -0.0001279304   0.0008877140   0.0008094943
75 14  -0.0003371438   0.0002924283   0.0000423084  -0.0003357356  -0.0003360385
75 15  -0.0008682904   0.0006892669   0.1482835625  -0.0132565698   0.0963322385
75 16   0.0021436145   0.0009671114  -0.0033450173  -0.0005587929  -0.0003552991
75 17   0.0013153414
76  1  -0.0001501491   0.0000351985   0.0000697840   0.0000161200   0.0000130998
76  2   0.0000178126  -0.0000509161  -0.0000006614  -0.0000308851   0.0000449817
76  3  -0.0000208073  -0.0000124832  -0.0000209958   0.0000057957  -0.0000110620
76  4   0.0000025370  -0.0000034972   0.0000041920  -0.0000073081   0.0000015574
76  5  -0.0000044679   0.0000469266   0.0000152260   0.0000232668   0.0000124931
76  6  -0.0000093934   0.0000042775   0.0000006839   0.0000136862   0.0000022112
76  7   0.0000007099  -0.0000004147  -0.0000010761   0.0000002648  -0.0000001457
76  8  -0.0000006422   0.0000014408   0.0000001154  -0.0000004305   0.0000007824
76  9  -0.0000019466  -0.0000019288  -0.0131538081  -0.0273942399  -0.0163784579
76 10  -0.0009358401   0.0052168732  -0.0019536803   0.0002513177  -0.0004246325
76 11   0.0008130212   0.0005128648   0.0044153616  -0.0047490722   0.0110212716
76 12   0.0119841208   0.0054867606  -0.0989918352  -0.0910387224  -0.0538946497
76 13  -0.0016490399  -0.0012994535  -0.0011177924   0.0007308852   0.0002448299
76 14   0.0010261101  -0.0003106437   0.0001426208   0.0002735062   0.0000854275
76 15  -0.0000361379  -0.0001168579  -0.0006736519  -0.0007352605   0.0021436145
76 16   0.1032799213   0.0994066066   0.0669594374   0.0002313044  -0.0007485400
76 17   0.0014367848
77  1  -0.0000240115  -0.0000470720   0.0000346527  -0.0000060235  -0.0000023570
77  2  -0.0000010329   0.0000165434  -0.0000111246   0.0000037894   0.0000067783
77  3   0.0000110722  -0.0000067068  -0.0000112446   0.0000027569  -0.0000058951
77  4   0.0000007061  -0.0000011374   0.0000015619  -0.0000013506   0.0000012985
77  5  -0.0000007408  -0.0000196890  -0.0000049283  -0.0000158887   0.0000048762
77  6  -0.0000035510   0.0000021940  -0.0000034480  -0.0000016711  -0.0000035960
77  7  -0.0000018002   0.0000014306  -0.0000010524   0.0000001503   0.0000007495
77  8  -0.0000000940  -0.0000003297  -0.0000004219  -0.0000008893   0.0000001298
77  9   0.0000005939  -0.0000007202   0.0051016094   0.0098410345   0.0041965268
77 10   0.0020424390   0.0010720705   0.0003006711   0.0004521633   0.0002167392
77 11   0.0006312945   0.0039590134  -0.0039608001  -0.0011933885  -0.0123550871
77 12  -0.0131151204  -0.0116237441  -0.0968160231  -0.2603111515  -0.1067571691
77 13   0.0004973210   0.0001476913   0.0003641357  -0.0012006881  -0.0004273659
77 14  -0.0006467281   0.0001074569  -0.0002808661   0.0002103396  -0.0000280152
77 15   0.0000658718  -0.0000491292  -0.0005928366   0.0006935017   0.0009671114
77 16   0.0994066066   0.2658248544   0.1130820009  -0.0005084624   0.0006281936
77 17   0.0004866461
78  1   0.0000550797   0.0000712261  -0.0002082833   0.0000138175   0.0000098662
78  2  -0.0000008467  -0.0000286341  -0.0000052011  -0.0000099830  -0.0000051220
78  3  -0.0000239324   0.0000473965  -0.0000166633   0.0000035679  -0.0000046468
78  4   0.0000053652  -0.0000007733  -0.0000039376  -0.0000057851   0.0000010031
78  5  -0.0000014826   0.0000152572   0.0000028842   0.0000197893   0.0000102916
78  6  -0.0000061725   0.0000000787  -0.0000019515   0.0000067759   0.0000046967
78  7  -0.0000020259  -0.0000008869   0.0000024936  -0.0000004799  -0.0000003170
78  8   0.0000008361  -0.0000005186  -0.0000005065   0.0000018865  -0.0000015946
78  9  -0.0000016438   0.0000020763  -0.0087951349  -0.0141676662  -0.0039223819
78 10  -0.0027109499   0.0021109910   0.0036938355   0.0010292292   0.0001234154
78 11  -0.0007585804  -0.0048565030  -0.0008758162   0.0077295475  -0.0002297072
78 12   0.0021670395   0.0068067726  -0.0552571100  -0.1036082748  -0.0948335050
78 13  -0.0006872545  -0.0006550484  -0.0007558934   0.0006268764   0.0002122771
78 14  -0.0004853528   0.0002963247   0.0001945446  -0.0005518142  -0.0000849620
78 15  -0.0000835650   0.0001884929   0.0022138126   0.0008622396  -0.0033450173
78 16   0.0669594374   0.1130820009   0.0884458153   0.0015119602   0.0003502884
78 17  -0.0016992102
79  1   0.0004817595  -0.0001074454   0.0001847953  -0.0000646657  -0.0000870684
79  2  -0.0000547175   0.0001632867   0.0001114410   0.0001063952  -0.0002289563
79  3   0.0000514078  -0.0000862275   0.0002183793  -0.0000803406   0.0000846401
79  4  -0.0000335768   0.0000031207  -0.0000169181   0.0000399484  -0.0000047903
79  5   0.0000196594  -0.0000983051  -0.0001293961  -0.0000810467  -0.0001264521
79  6   0.0000816924  -0.0000124391   0.0000535308  -0.0000289138  -0.0000033023
79  7   0.0000286971  -0.0000091112  -0.0000021305   0.0000020684  -0.0000071483
79  8  -0.0000033293  -0.0000007058   0.0000003342  -0.0000017410  -0.0000009988
79  9   0.0000093033  -0.0000031970  -0.1240458939   0.1637940919  -0.0296557948
79 10   0.0154618859  -0.0157298304   0.0058670808  -0.0008864675  -0.0039654680
79 11  -0.0036087432  -0.0008494498   0.0005264046  -0.0003468378  -0.0029746340
79 12  -0.0020031830  -0.0048907489  -0.0107117549   0.0272413032   0.0041127513
79 13  -0.0027000322   0.0024401337   0.0009342232   0.0003712310  -0.0007743009
79 14   0.0004048722   0.0000226923   0.0001313735   0.0000630031  -0.0000681009
79 15  -0.0000680277  -0.0000777621   0.0002126098   0.0012270308  -0.0005587929
79 16   0.0002313044  -0.0005084624   0.0015119602   0.1259341704  -0.1715471058
79 17   0.0264330658
80  1   0.0002571678  -0.0003907311   0.0000248953   0.0000752846   0.0001410346
80  2   0.0000770545  -0.0002373666  -0.0001156688  -0.0001608290   0.0000977755
80  3   0.0000440072   0.0000738200  -0.0001828044  -0.0000127635  -0.0001036280
80  4   0.0000255854   0.0000271808   0.0000217814  -0.0000451090  -0.0000014666
80  5  -0.0000251662   0.0002079397   0.0001304699   0.0001515086   0.0000862872
80  6  -0.0000498097   0.0000355434  -0.0000383768  -0.0000206626  -0.0000355720
80  7  -0.0000297322   0.0000099409  -0.0000144645  -0.0000011956   0.0000034449
80  8  -0.0000012837   0.0000016278  -0.0000011968  -0.0000003502   0.0000075428
80  9  -0.0000172484  -0.0000027301   0.1627967148  -0.4006257669   0.0003121435
80 10   0.0126437381  -0.0192493933   0.0029707466  -0.0015992443  -0.0033206790
80 11  -0.0025773524  -0.0031749397  -0.0028916783  -0.0024320460  -0.0010914153
80 12   0.0057090206  -0.0004163241   0.0009645095   0.0035769476   0.0029750992
80 13   0.0017246053   0.0029126061   0.0024662334  -0.0000902216   0.0020059816
80 14   0.0004342099  -0.0002709234  -0.0001900601  -0.0001438380   0.0002099863
80 15  -0.0000863472   0.0001302413  -0.0000788691   0.0004207776  -0.0003552991
80 16  -0.0007485400   0.0006281936   0.0003502884  -0.1715471058   0.4116056546
80 17  -0.0036405550
81  1   0.0002672465  -0.0001781427   0.0002211554  -0.0000153634  -0.0000142751
81  2  -0.0000150366   0.0000240227   0.0000313784   0.0000377619  -0.0000745311
81  3   0.0000513963  -0.0000781448   0.0000661328  -0.0000483308   0.0000375228
81  4  -0.0000117130   0.0000070841  -0.0000053049   0.0000096803  -0.0000031270
81  5   0.0000051115   0.0000015612  -0.0000422084  -0.0000223191  -0.0000258613
81  6   0.0000396607  -0.0000380422  -0.0000010567  -0.0000299716   0.0000293016
81  7  -0.0000025901  -0.0000078732   0.0000140220  -0.0000019322  -0.0000044789
81  8   0.0000029461  -0.0000015066  -0.0000008234   0.0000015017  -0.0000042288
81  9  -0.0000011753   0.0000068028  -0.0300220980   0.0007069426  -0.0289528381
81 10   0.0125414212  -0.0131739843   0.0026587176  -0.0030359068  -0.0039371486
81 11   0.0011654150  -0.0012154920  -0.0003687650  -0.0008172334  -0.0046671905
81 12  -0.0009042751   0.0020043577  -0.0020199571   0.0177459310  -0.0036659006
81 13   0.0007613459   0.0028401671  -0.0022193491   0.0005237327   0.0001759719
81 14  -0.0002394274  -0.0000404966   0.0000296595  -0.0000726289   0.0000246912
81 15  -0.0000650443   0.0000099724  -0.0008739757   0.0003827575   0.0013153414
81 16   0.0014367848   0.0004866461  -0.0016992102   0.0264330658  -0.0036405550
81 17   0.0300638417
$hessian (projected)
 1  1   0.0627397954   0.0607163137   0.0384045117  -0.0020019306   0.0005260930
 1  2  -0.0021751527   0.0135592642   0.0033904467   0.0070251675  -0.0263851345
 1  3  -0.0217538450  -0.0122543567  -0.0016751398  -0.0070122347  -0.0028736005
 1  4  -0.0004505497   0.0011101537  -0.0009695196   0.0006665754  -0.0001407729
 1  5   0.0002716732  -0.0056878991  -0.0008141123  -0.0021737902  -0.0013153882
 1  6  -0.0012920117   0.0001804994  -0.0006222380   0.0005233609  -0.0009900040
 1  7  -0.0004462121   0.0000137115  -0.0002173243   0.0000360520  -0.0000241982
 1  8  -0.0000623193  -0.0001277670  -0.0000797760   0.0000571138   0.0000510324
 1  9   0.0002021799   0.0002129376  -0.0025662387   0.0017323137  -0.0021767943
 1 10   0.0145612946  -0.0062971198   0.0061762194  -0.0339051506  -0.0245866910
 1 11  -0.0175782766  -0.0067070480  -0.0056361849  -0.0054101382   0.0002673112
 1 12   0.0017481920  -0.0007445563   0.0011009224  -0.0005711724   0.0005835843
 1 13  -0.0072373675  -0.0021455110  -0.0035394680  -0.0019477677  -0.0014470798
 1 14  -0.0010114352  -0.0015729189   0.0015742285  -0.0011677248  -0.0006268187
 1 15   0.0000003508  -0.0000482381   0.0001137628   0.0000232347   0.0001663086
 1 16  -0.0002410829  -0.0000259134   0.0000388760   0.0004206417   0.0002660439
 1 17   0.0002758074
 2  1   0.0607163137   0.1708741381   0.0710915608   0.0017506967   0.0030092768
 2  2   0.0010617033  -0.0032790715  -0.0229609369  -0.0081899992  -0.0143597223
 2  3  -0.0733616213  -0.0230223804  -0.0117655071   0.0024590791  -0.0055698429
 2  4   0.0024126903   0.0005927642   0.0009687695  -0.0007926096  -0.0002922350
 2  5  -0.0005371449   0.0011756701  -0.0018827818   0.0006600441   0.0035044906
 2  6  -0.0028430760   0.0010224067   0.0011827569   0.0017362863   0.0012087320
 2  7  -0.0003490199  -0.0007537750  -0.0002685746   0.0000299084   0.0004195664
 2  8   0.0000202151   0.0000703609  -0.0000712190   0.0001830084   0.0000179564
 2  9  -0.0006571193  -0.0000814604   0.0035630210   0.0013156922   0.0017816300
 2 10  -0.0122797144  -0.0140339028  -0.0105478886  -0.0306511555  -0.0682215833
 2 11  -0.0304528229  -0.0091998241   0.0070621012  -0.0037259352   0.0019681505
 2 12  -0.0007520026   0.0004460947  -0.0010421692   0.0004465725  -0.0004776178
 2 13   0.0026312353   0.0013191896   0.0022879060   0.0021048811  -0.0043266048
 2 14   0.0007276815   0.0028051772   0.0017595451   0.0016037143  -0.0002721233
 2 15  -0.0005004297  -0.0003069446   0.0001668139   0.0002940527   0.0001509885
 2 16   0.0001179175  -0.0001536822   0.0001563844  -0.0002271236  -0.0004772945
 2 17  -0.0001902277
 3  1   0.0384045117   0.0710915608   0.0592098860  -0.0018641641   0.0001655068
 3  2   0.0006775619   0.0054344848  -0.0041869702   0.0043245002  -0.0103786439
 3  3  -0.0273591111  -0.0266322857  -0.0039839816  -0.0026411807  -0.0024076063
 3  4  -0.0006747852  -0.0000157407   0.0012513290   0.0002186733   0.0001754643
 3  5   0.0004472658  -0.0017296486  -0.0005695525  -0.0033191594   0.0013476345
 3  6  -0.0013823345  -0.0017782410  -0.0007196521   0.0005248141   0.0007372889
 3  7  -0.0004868981  -0.0000913043  -0.0000353971  -0.0001005771   0.0000572538
 3  8   0.0003018965   0.0000704682  -0.0000039515  -0.0003278916   0.0001287448
 3  9   0.0002254838   0.0002840266  -0.0013481847   0.0008515780   0.0011176137
 3 10   0.0042220197  -0.0071155223   0.0020281763  -0.0188857173  -0.0271737025
 3 11  -0.0302435128  -0.0066645550  -0.0015511494  -0.0036149265  -0.0002934812
 3 12   0.0002684645   0.0020420303   0.0001291256  -0.0001739818  -0.0001134179
 3 13  -0.0018827171  -0.0004543827  -0.0031025902   0.0005946938  -0.0015469089
 3 14  -0.0015408015  -0.0009621060   0.0009032461   0.0011754015  -0.0005687557
 3 15  -0.0000776702  -0.0004250412  -0.0000606900   0.0000544850   0.0000227753
 3 16   0.0000753710   0.0000392253  -0.0003142373  -0.0000211697  -0.0000136193
 3 17   0.0002353567
 4  1  -0.0020019306   0.0017506967  -0.0018641641   0.7134210795  -0.1512362417
 4  2   0.3153555514  -0.1266590516   0.0273770862  -0.0275407690   0.0296416620
 4  3   0.0219985111   0.0155154996  -0.0194829400  -0.0371634974  -0.0178992419
 4  4  -0.0475828631   0.0347696256  -0.0229328836  -0.2927861620  -0.0477433989
 4  5  -0.1471812643  -0.0165466390  -0.0653186056  -0.0364697076  -0.0039723466
 4  6   0.0108823153   0.0022506932  -0.0003592090  -0.0013815211  -0.0011901449
 4  7   0.0013403562  -0.0001682525   0.0003844767   0.0014232975   0.0052439351
 4  8  -0.0023200509  -0.0030734964   0.0001625270  -0.0038663641  -0.2345761285
 4  9   0.2000422341  -0.0730105204   0.0009493169  -0.0000079536   0.0003214380
 4 10  -0.0013877372   0.0005850728  -0.0008313156   0.0013474384  -0.0015408453
 4 11   0.0006074016  -0.0017040002   0.0021759619  -0.0004334180   0.0003012413
 4 12  -0.0007518036   0.0000438918  -0.0006876213   0.0003736025  -0.0003419286
 4 13   0.0010802366  -0.0001574844   0.0003920010   0.0005252326  -0.0020842728
 4 14   0.0001583588   0.0010308664   0.0021867298   0.0010238803  -0.0000317086
 4 15  -0.0000968820  -0.0000839337   0.0000014336   0.0000270914  -0.0000349342
 4 16  -0.0000063402  -0.0000142755  -0.0000065330  -0.0002039869   0.0000896449
 4 17  -0.0000460187
 5  1   0.0005260930   0.0030092768   0.0001655068  -0.1512362417   0.7337333607
 5  2   0.0925238573  -0.0189048420  -0.2550877707  -0.0585361285   0.0356537079
 5  3  -0.0521479358   0.0031845710  -0.0270754125  -0.0251141952  -0.0195699154
 5  4   0.0187704056   0.0357438881   0.0159755236  -0.0075780295  -0.1514217453
 5  5  -0.0306827337  -0.0316139580  -0.0250916115  -0.0283672035   0.0084949446
 5  6   0.0010148876   0.0041034953  -0.0006557765   0.0005227673  -0.0002475719
 5  7  -0.0000515995  -0.0006818642   0.0000066963   0.0045916964  -0.0027947665
 5  8  -0.0003318114  -0.0326671967  -0.0013614351  -0.0189356427   0.2008258094
 5  9  -0.2611522084   0.0399197928   0.0005575884  -0.0003771169   0.0000425214
 5 10  -0.0006348603   0.0010884333  -0.0003430047   0.0005590782  -0.0008078471
 5 11   0.0002552854  -0.0006837402   0.0015371449   0.0000675693  -0.0000446475
 5 12  -0.0007780922   0.0000155403  -0.0004916255   0.0002758765  -0.0002554170
 5 13   0.0005770514  -0.0005486995  -0.0001794598   0.0000477998  -0.0014949882
 5 14   0.0001901706   0.0010266689   0.0019644425   0.0010153667   0.0000956504
 5 15  -0.0001470269   0.0000092231  -0.0000078453  -0.0000041447  -0.0000086424
 5 16   0.0000316690  -0.0000126826   0.0000295287  -0.0001123879   0.0001340531
 5 17  -0.0000471177
 6  1  -0.0021751527   0.0010617033   0.0006775619   0.3153555514   0.0925238573
 6  2   0.2500531086  -0.0392340265  -0.0341863904  -0.0893318554   0.0186785487
 6  3  -0.0040552633   0.0206101089  -0.0148521193  -0.0253101547  -0.0195474334
 6  4  -0.0264871593   0.0248384626   0.0030975965  -0.1370282922  -0.0524773433
 6  5  -0.1248072915  -0.0280831495  -0.0466811728  -0.0060415536   0.0006523523
 6  6   0.0064090177   0.0016089539  -0.0004799359  -0.0006845373  -0.0005904054
 6  7   0.0006997484  -0.0003032133   0.0000938250  -0.0024810100  -0.0000247041
 6  8   0.0068982361  -0.0120762098  -0.0012613747  -0.0027002181  -0.0725276763
 6  9   0.0392274845  -0.0403650038   0.0002265228  -0.0000747717  -0.0000093471
 6 10  -0.0007940137   0.0004807536  -0.0001441893   0.0008327234  -0.0008180188
 6 11  -0.0003441249  -0.0009625965   0.0014643454   0.0001604664  -0.0001613049
 6 12  -0.0004975571  -0.0001794058  -0.0004504629   0.0002450624   0.0000895949
 6 13   0.0004819471  -0.0001844085  -0.0002460739   0.0001868204  -0.0011980108
 6 14  -0.0003911169   0.0006782477   0.0015625216   0.0011277737   0.0000309075
 6 15  -0.0001324439   0.0001508462  -0.0000102109  -0.0000036928   0.0001315537
 6 16  -0.0000189362  -0.0000018117  -0.0000370435  -0.0000011131   0.0000816607
 6 17   0.0000354367
 7  1   0.0135592642  -0.0032790715   0.0054344848  -0.1266590516  -0.0189048420
 7  2  -0.0392340265   0.7885045977   0.0250052192   0.3187587734  -0.1616347782
 7  3   0.0717345098  -0.0351088488  -0.0583342985   0.0093883642  -0.0217873266
 7  4  -0.0029696532   0.0123602710   0.0043946611   0.0103395450  -0.0335315764
 7  5  -0.0024391052  -0.4808713986  -0.0810133167  -0.2376930961   0.0125745933
 7  6  -0.0077746475   0.0000602600  -0.0002496734   0.0021899114   0.0015771201
 7  7  -0.0007371175   0.0005198071  -0.0016647178   0.0000696791   0.0008529451
 7  8   0.0001674519  -0.0024635784   0.0003014447  -0.0038060906   0.0118603122
 7  9   0.0246256751   0.0133207585  -0.0020631393   0.0003064612  -0.0010089822
 7 10   0.0031069472  -0.0013097664   0.0015090677  -0.0038707254   0.0046245760
 7 11  -0.0009792329   0.0053375348  -0.0073080275   0.0012583586  -0.0004108882
 7 12   0.0022523396   0.0002862157   0.0015579543  -0.0009426798   0.0006786940
 7 13  -0.0019590134   0.0005040646  -0.0007855476  -0.0013392914   0.0068023519
 7 14   0.0005029500  -0.0032210455  -0.0072313503  -0.0033651689  -0.0000784933
 7 15   0.0001962649   0.0000508873  -0.0000428396  -0.0001442674  -0.0001099024
 7 16  -0.0000707170   0.0000079518  -0.0000358090   0.0000652747  -0.0002326121
 7 17   0.0000181717
 8  1   0.0033904467  -0.0229609369  -0.0041869702   0.0273770862  -0.2550877707
 8  2  -0.0341863904   0.0250052192   0.6048562236   0.1130680086   0.0743277818
 8  3  -0.2076364496   0.0009042652   0.0447474573   0.0565482907   0.0415012965
 8  4   0.0174315587  -0.0469839716  -0.0008465185  -0.0831609454   0.0015783831
 8  5  -0.0439243722  -0.0920681394  -0.1132000417  -0.0565460799  -0.0161070433
 8  6  -0.0030331917  -0.0096349328   0.0001965948  -0.0008100470   0.0001964825
 8  7   0.0006054537   0.0026108108  -0.0004513863   0.0000234722  -0.0030777312
 8  8  -0.0007928802   0.0033506225   0.0030858260   0.0013914509  -0.0038675637
 8  9  -0.0175957455  -0.0062119462   0.0000091304   0.0006813066   0.0003235038
 8 10   0.0003328473  -0.0010258755   0.0000732789  -0.0000986923   0.0009423856
 8 11   0.0002053438  -0.0016115107   0.0005965208  -0.0009970680   0.0003220669
 8 12   0.0001890570   0.0000938456   0.0000180847   0.0001117132  -0.0000240339
 8 13  -0.0001724909   0.0006449889   0.0004907157   0.0004580587  -0.0008460669
 8 14  -0.0002620327  -0.0004574772   0.0004031802  -0.0000456951  -0.0001579316
 8 15   0.0000688060  -0.0001634723   0.0000295160   0.0000848223  -0.0000139080
 8 16   0.0000093295  -0.0000185826   0.0000049749   0.0000670677  -0.0001259040
 8 17   0.0000345205
 9  1   0.0070251675  -0.0081899992   0.0043245002  -0.0275407690  -0.0585361285
 9  2  -0.0893318554   0.3187587734   0.1130680086   0.3985570890  -0.0348690732
 9  3   0.0000219124  -0.0828266828  -0.0137688816   0.0228769572  -0.0140340636
 9  4   0.0056136628  -0.0036476157  -0.0027817194  -0.0151738717  -0.0173886777
 9  5  -0.0137095616  -0.2404433755  -0.0502132816  -0.2119877640  -0.0004007706
 9  6  -0.0061325731   0.0044432418   0.0006758633   0.0009291470  -0.0007207238
 9  7  -0.0022916053  -0.0001861740   0.0027484099  -0.0000619511  -0.0003878137
 9  8   0.0000362655  -0.0029899617  -0.0002186524   0.0030592008   0.0060694171
 9  9   0.0090128142   0.0041872372  -0.0011002678   0.0003203304  -0.0006106081
 9 10   0.0019827206  -0.0010450240   0.0011402010  -0.0021488941   0.0027563500
 9 11  -0.0006697910   0.0027242350  -0.0038939957   0.0005363245   0.0000131392
 9 12   0.0012712955  -0.0002769273   0.0011788896  -0.0005506783   0.0004402601
 9 13  -0.0011898228   0.0004589058  -0.0002402639  -0.0005078199   0.0035245892
 9 14  -0.0003217959  -0.0016226345  -0.0036757857  -0.0021547313  -0.0000619494
 9 15   0.0000723530   0.0001232612   0.0000021113  -0.0000784995   0.0000237581
 9 16  -0.0000224486  -0.0000022323  -0.0000499350   0.0001501166  -0.0001655321
 9 17   0.0000966739
10  1  -0.0263851345  -0.0143597223  -0.0103786439   0.0296416620   0.0356537079
10  2   0.0186785487  -0.1616347782   0.0743277818  -0.0348690732   0.6196640624
10  3  -0.0704157552   0.2771761919  -0.2952426584  -0.0396637200  -0.1384263013
10  4  -0.0024204422  -0.0407452204  -0.0188899418  -0.0392309830   0.0055336377
10  5  -0.0188870255  -0.0668781171   0.0421128817  -0.0349994657  -0.0681489626
10  6   0.0126102993  -0.0358245667  -0.0006608670  -0.0062204660  -0.0011556738
10  7   0.0024381145   0.0047963214   0.0000722845   0.0021166846  -0.0013334841
10  8  -0.0014564161   0.0000404595   0.0005385351   0.0009400062   0.0009909482
10  9  -0.0003959091  -0.0017288552   0.0015502729  -0.0006894606   0.0008199154
10 10  -0.0043386103   0.0013244000  -0.0022213672   0.0065514218  -0.0062593097
10 11  -0.0005020005  -0.0014205294   0.0034464412  -0.0000821869   0.0002793818
10 12  -0.0012267713   0.0000292093  -0.0008872165   0.0004782057  -0.0003889844
10 13   0.0022245419   0.0001717096   0.0008766095   0.0007262733  -0.0024634700
10 14  -0.0003186546   0.0012073373   0.0027835227   0.0014992431   0.0000583130
10 15  -0.0001367922   0.0000560528  -0.0000014988   0.0000269446   0.0000696449
10 16   0.0000339848   0.0000012687  -0.0000146246  -0.0002736599   0.0001044235
10 17  -0.0000739252
11  1  -0.0217538450  -0.0733616213  -0.0273591111   0.0219985111  -0.0521479358
11  2  -0.0040552633   0.0717345098  -0.2076364496   0.0000219124  -0.0704157552
11  3   0.4549157625   0.0609077444  -0.0469503372  -0.1555237483  -0.0491159240
11  4  -0.0365860563   0.0089392320  -0.0208980626   0.0177298640  -0.0022897247
11  5   0.0092724361   0.0210651694   0.0186632041   0.0116517595   0.0415981433
11  6   0.0180734413   0.0242653754  -0.0013167580   0.0025374658   0.0007542235
11  7   0.0029493205  -0.0040206452  -0.0006068367   0.0004367170  -0.0057455584
11  8  -0.0023511916  -0.0003383961   0.0003407490   0.0002881342  -0.0028116908
11  9  -0.0057266397  -0.0039320089  -0.0009168715  -0.0000661989  -0.0005434859
11 10   0.0021154441  -0.0008566136   0.0008509995   0.0017977257   0.0056074937
11 11   0.0012301951   0.0011469042  -0.0018706749   0.0002780852  -0.0001638150
11 12   0.0005982761   0.0002997907   0.0005647584  -0.0004232629   0.0002209942
11 13  -0.0011262044  -0.0001309105  -0.0011032911  -0.0004633555   0.0016229772
11 14   0.0002574307  -0.0004006157  -0.0014482291  -0.0004962868   0.0000327855
11 15  -0.0000598760   0.0000828384   0.0000135104  -0.0000189461   0.0000443997
11 16   0.0000001599  -0.0000026866  -0.0000014869   0.0000601774   0.0000311200
11 17   0.0000366300
12  1  -0.0122543567  -0.0230223804  -0.0266322857   0.0155154996   0.0031845710
12  2   0.0206101089  -0.0351088488   0.0009042652  -0.0828266828   0.2771761919
12  3   0.0609077444   0.2309169130  -0.1394791569  -0.0445330364  -0.1398046549
12  4  -0.0176334735  -0.0230714970  -0.0018549121  -0.0159376728   0.0026638391
12  5  -0.0091281032  -0.0407548672   0.0227317556   0.0024821012  -0.0305695669
12  6   0.0082976309  -0.0025677898   0.0013979917  -0.0019506412  -0.0037867378
12  7  -0.0000760492   0.0005928154   0.0031115566  -0.0010134689  -0.0032666878
12  8   0.0028676371   0.0007119640   0.0007493681  -0.0008353478  -0.0023427981
12  9  -0.0026527835   0.0021304845   0.0007252675  -0.0002911217  -0.0000569479
12 10  -0.0020527680   0.0005017221  -0.0009917406   0.0015678618  -0.0031330551
12 11   0.0047161665  -0.0007416221   0.0014199491   0.0003458940   0.0001311443
12 12  -0.0004088126  -0.0000738529  -0.0005237262   0.0001782199  -0.0000531371
12 13   0.0007104935  -0.0000451157   0.0005971989  -0.0000526227  -0.0009785348
12 14   0.0004619210   0.0006986776   0.0011929265   0.0004775522   0.0000336886
12 15  -0.0000699778  -0.0000299282   0.0000169202   0.0000330205  -0.0000307390
12 16  -0.0000362216  -0.0000090744   0.0000331833  -0.0001084812   0.0000748908
12 17  -0.0000778572
13  1  -0.0016751398  -0.0117655071  -0.0039839816  -0.0194829400  -0.0270754125
13  2  -0.0148521193  -0.0583342985   0.0447474573  -0.0137688816  -0.2952426584
13  3  -0.0469503372  -0.1394791569   0.6890054477  -0.1245859588   0.2465607040
13  4  -0.1142545557  -0.0137997138  -0.0302650195   0.0392010583   0.0217872273
13  5   0.0262492520   0.0112090410  -0.0035311939   0.0011525930  -0.2362653766
13  6   0.1660717389  -0.0698118215   0.0111007204  -0.0019772496   0.0088366704
13  7  -0.0198565285   0.0195080291   0.0018790840  -0.0012015911  -0.0251420431
13  8  -0.0054007003  -0.0017131332   0.0038217384  -0.0056682199  -0.0003520380
13  9  -0.0021620287  -0.0007050074  -0.0010489572   0.0006446788  -0.0003629547
13 10   0.0026990460  -0.0024663001   0.0012024452  -0.0012729093   0.0019941976
13 11  -0.0004439797  -0.0007303662  -0.0008279054  -0.0005248711   0.0000686264
13 12   0.0009619912   0.0000937064   0.0006970645  -0.0002720414   0.0005216827
13 13  -0.0018099328   0.0013579140  -0.0005528372   0.0001437705   0.0009235594
13 14  -0.0000081345  -0.0009011537  -0.0012201065  -0.0008454780  -0.0001389026
13 15   0.0000983978   0.0000227813   0.0000219319   0.0000481966   0.0000832472
13 16  -0.0000430545  -0.0000104767  -0.0000222812   0.0001768295  -0.0001788515
13 17   0.0000932780
14  1  -0.0070122347   0.0024590791  -0.0026411807  -0.0371634974  -0.0251141952
14  2  -0.0253101547   0.0093883642   0.0565482907   0.0228769572  -0.0396637200
14  3  -0.1555237483  -0.0445330364  -0.1245859588   0.7696327089   0.0830681193
14  4  -0.0461511049  -0.2579465161  -0.0723987197   0.0472181594  -0.0453024989
14  5   0.0138087852   0.0104445511  -0.0103517405   0.0006920061   0.1578260469
14  6  -0.3128478064   0.0203073056   0.0234746414  -0.0261291560   0.0020941589
14  7  -0.0024853995   0.0112065621   0.0011972549   0.0022153521   0.0000534045
14  8   0.0019340683   0.0044382588  -0.0015310954  -0.0008363322   0.0013247916
14  9  -0.0038606783  -0.0002733090   0.0006029586  -0.0000066806   0.0005279851
14 10  -0.0020877489   0.0007022403  -0.0008064116   0.0013209263  -0.0021269447
14 11   0.0001162727  -0.0001814816   0.0006083443  -0.0001241206   0.0001452964
14 12  -0.0002033300  -0.0001365766  -0.0003183249   0.0001633551  -0.0001513650
14 13   0.0009477613  -0.0003920495   0.0008086700   0.0003923827  -0.0003967094
14 14  -0.0001830195  -0.0000175944   0.0002939780  -0.0000191709  -0.0000301869
14 15   0.0000802002  -0.0000172322  -0.0000072734   0.0000198207   0.0000081997
14 16   0.0000262640  -0.0000015661   0.0000253678  -0.0000612292  -0.0000332682
14 17  -0.0000345219
15  1  -0.0028736005  -0.0055698429  -0.0024076063  -0.0178992419  -0.0195699154
15  2  -0.0195474334  -0.0217873266   0.0415012965  -0.0140340636  -0.1384263013
15  3  -0.0491159240  -0.1398046549   0.2465607040   0.0830681193   0.3256055041
15  4  -0.0382880209  -0.0552625802  -0.0975500527   0.0331347962  -0.0000435383
15  5   0.0181398676   0.0045912159  -0.0064898976   0.0075934662  -0.0631860801
15  6   0.0147529242  -0.0756297165   0.0109113647  -0.0049116155   0.0020787351
15  7  -0.0090584135   0.0176505671  -0.0056347258   0.0015189994  -0.0126240706
15  8  -0.0052819732  -0.0054712608  -0.0011050340   0.0074839738   0.0002778437
15  9  -0.0020607468  -0.0005091383  -0.0001106236   0.0002727377   0.0001000808
15 10   0.0008310652  -0.0010570042   0.0001203544  -0.0002961095   0.0003459243
15 11   0.0002648363  -0.0003846835  -0.0002593184  -0.0006777997   0.0002532740
15 12   0.0003412358   0.0000927591   0.0004187309  -0.0001180323  -0.0000973543
15 13  -0.0005013679   0.0005521498   0.0004070384   0.0003657782   0.0002586772
15 14  -0.0000845588  -0.0005188108  -0.0005864411  -0.0003237502  -0.0001147474
15 15   0.0001101314  -0.0001849489   0.0000293025   0.0000445512  -0.0001182431
15 16  -0.0000093254  -0.0000159293  -0.0000336929   0.0000328389  -0.0001084239
15 17   0.0000330967
16  1  -0.0004505497   0.0024126903  -0.0006747852  -0.0475828631   0.0187704056
16  2  -0.0264871593  -0.0029696532   0.0174315587   0.0056136628  -0.0024204422
16  3  -0.0365860563  -0.0176334735  -0.1142545557  -0.0461511049  -0.0382880209
16  4   0.6823455246  -0.1180876233   0.2862780327  -0.2614490245   0.1876513356
16  5  -0.0668983117  -0.0012782177  -0.0039624924  -0.0008241837   0.0089355298
16  6   0.0358024104   0.0087079270  -0.0026834200   0.0029905755  -0.0030190642
16  7   0.0011322385   0.0009322762   0.0019054018  -0.2680546991  -0.0525819391
16  8  -0.1448313425   0.0082690531  -0.0045918277  -0.0001312984  -0.0007125347
16  9  -0.0036747985  -0.0038825900   0.0003615228  -0.0000658569  -0.0000702965
16 10  -0.0003968388   0.0002832503  -0.0001043523   0.0005563959  -0.0006368524
16 11   0.0001838554  -0.0001728415   0.0004475098   0.0001081533   0.0001661545
16 12  -0.0002341849  -0.0001610473  -0.0000674125   0.0000503013   0.0000288383
16 13   0.0004093021  -0.0001090844  -0.0000373730   0.0001456404  -0.0004148684
16 14  -0.0001351429   0.0002673889   0.0003928965   0.0002384736  -0.0000035565
16 15  -0.0000662146   0.0000812979  -0.0000053581  -0.0000280065   0.0000469947
16 16  -0.0000028168  -0.0000083546  -0.0000123311  -0.0000839665   0.0000340546
16 17  -0.0000018651
17  1   0.0011101537   0.0005927642  -0.0000157407   0.0347696256   0.0357438881
17  2   0.0248384626   0.0123602710  -0.0469839716  -0.0036476157  -0.0407452204
17  3   0.0089392320  -0.0230714970  -0.0137997138  -0.2579465161  -0.0552625802
17  4  -0.1180876233   0.6776187435   0.0856633209   0.1574615337  -0.2963242218
17  5   0.0193479275  -0.0075404172   0.0083609831  -0.0012702648   0.0099468968
17  6  -0.0536371129  -0.0135579875   0.0029968627   0.0016602628   0.0015216917
17  7  -0.0030732458  -0.0003378826  -0.0004145667  -0.0506845286  -0.0693188884
17  8  -0.0374374113   0.0198443921  -0.0112279562   0.0062185504  -0.0046632719
17  9   0.0031112152  -0.0028338078  -0.0001792386  -0.0001889589  -0.0003406156
17 10   0.0007076986   0.0000786443   0.0002627412  -0.0004767616   0.0003926917
17 11  -0.0000852956   0.0005992074  -0.0005312626   0.0003341438  -0.0001659956
17 12  -0.0000181426   0.0000311258   0.0001895455  -0.0000928800   0.0000490010
17 13  -0.0003220756   0.0000092502  -0.0005910216  -0.0004249058   0.0003607776
17 14   0.0001531459   0.0000359309  -0.0001632891  -0.0000328793   0.0000699567
17 15  -0.0000814055   0.0000897643  -0.0000043702  -0.0000227765   0.0000396365
17 16   0.0000268999  -0.0000063621   0.0000248362   0.0000483939   0.0000131742
17 17  -0.0000130640
18  1  -0.0009695196   0.0009687695   0.0012513290  -0.0229328836   0.0159755236
18  2   0.0030975965   0.0043946611  -0.0008465185  -0.0027817194  -0.0188899418
18  3  -0.0208980626  -0.0018549121  -0.0302650195  -0.0723987197  -0.0975500527
18  4   0.2862780327   0.0856633209   0.2656082223  -0.0737142500   0.0351950029
18  5  -0.0829920662  -0.0020335837   0.0001244523  -0.0021006373   0.0023699589
18  6   0.0018573210   0.0103781709  -0.0031001493   0.0007386762   0.0035098556
18  7   0.0013085924   0.0010796754  -0.0011113756  -0.1440835923  -0.0381765209
18  8  -0.1058012980   0.0060162950  -0.0069832644   0.0080248358  -0.0041005060
18  9  -0.0023596172   0.0020485924   0.0000266109  -0.0000853286   0.0000508153
18 10  -0.0002000139   0.0002502747  -0.0002966391   0.0003280216  -0.0001668007
18 11  -0.0000652836  -0.0001127218   0.0001736489   0.0000883567  -0.0001944001
18 12  -0.0001280653   0.0002880296  -0.0001730866   0.0000723438  -0.0000798517
18 13   0.0002205418  -0.0000960295  -0.0000783935  -0.0001844225  -0.0001376043
18 14   0.0003227150   0.0001351818   0.0001641021   0.0002431522  -0.0000226527
18 15  -0.0000102441  -0.0000825818  -0.0000153882   0.0000028926  -0.0000696304
18 16  -0.0000272928  -0.0000056960  -0.0000239943  -0.0000584719   0.0000264679
18 17  -0.0000232353
19  1   0.0006665754  -0.0007926096   0.0002186733  -0.2927861620  -0.0075780295
19  2  -0.1370282922   0.0103395450  -0.0831609454  -0.0151738717  -0.0392309830
19  3   0.0177298640  -0.0159376728   0.0392010583   0.0472181594   0.0331347962
19  4  -0.2614490245   0.1574615337  -0.0737142500   0.6367252142  -0.1177383565
19  5   0.2389042153  -0.0030025657   0.0163908047   0.0001487132   0.0008042859
19  6  -0.0149009721  -0.0063514868   0.0017735748   0.0008307512   0.0004699429
19  7  -0.0019495108  -0.0003946597  -0.0000953889  -0.0131771086   0.0194130151
19  8  -0.0009809555  -0.0599899323  -0.0272849369  -0.0158307806  -0.0169766621
19  9  -0.0069185382  -0.0075003221  -0.0006174070   0.0000262187  -0.0002771642
19 10   0.0007093551  -0.0003727288   0.0004436874  -0.0007015835   0.0006663030
19 11  -0.0002780781   0.0008644151  -0.0011401185   0.0002869840  -0.0000595881
19 12   0.0004158684   0.0000100262   0.0001157164  -0.0000909184   0.0002153504
19 13  -0.0006577915   0.0001486749  -0.0001828691  -0.0003337946   0.0012840928
19 14  -0.0000674287  -0.0001394977  -0.0010488289  -0.0004091483   0.0000122395
19 15  -0.0000862179   0.0000182117  -0.0000125240  -0.0000366677  -0.0000180901
19 16  -0.0000413521  -0.0000052342  -0.0000188122  -0.0000864923  -0.0000355238
19 17   0.0000140105
20  1  -0.0001407729  -0.0002922350   0.0001754643  -0.0477433989  -0.1514217453
20  2  -0.0524773433  -0.0335315764   0.0015783831  -0.0173886777   0.0055336377
20  3  -0.0022897247   0.0026638391   0.0217872273  -0.0453024989  -0.0000435383
20  4   0.1876513356  -0.2963242218   0.0351950029  -0.1177383565   0.8182952130
20  5   0.1107728803   0.0004619726  -0.0061519383  -0.0028726514  -0.0068619535
20  6   0.0011263242  -0.0030421406   0.0011868947  -0.0010563202  -0.0005522179
20  7  -0.0000516552   0.0001265387   0.0002160037  -0.0084048320   0.0090640820
20  8  -0.0015385133  -0.0212326668  -0.3406745938  -0.0863888083   0.0191967259
20  9   0.0131656592   0.0152461797  -0.0000377251  -0.0000131505   0.0001857959
20 10  -0.0002002155   0.0001588330   0.0000735121  -0.0000583073  -0.0001187383
20 11  -0.0000430912   0.0000690303   0.0000513413  -0.0001406761   0.0000540027
20 12   0.0000292308  -0.0000855158  -0.0000228279   0.0000357407  -0.0000249908
20 13  -0.0001515615  -0.0001374218   0.0003169471   0.0001278034   0.0000476572
20 14  -0.0002043616   0.0000812010   0.0001179056  -0.0000125736   0.0000183710
20 15  -0.0000071511  -0.0000390083   0.0000036194   0.0000140207  -0.0000187542
20 16   0.0000204494  -0.0000022249   0.0000245357  -0.0000164215  -0.0000189647
20 17   0.0000027016
21  1   0.0002716732  -0.0005371449   0.0004472658  -0.1471812643  -0.0306827337
21  2  -0.1248072915  -0.0024391052  -0.0439243722  -0.0137095616  -0.0188870255
21  3   0.0092724361  -0.0091281032   0.0262492520   0.0138087852   0.0181398676
21  4  -0.0668983117   0.0193479275  -0.0829920662   0.2389042153   0.1107728803
21  5   0.2885419807  -0.0038269629   0.0060355708   0.0036317661  -0.0034093371
21  6  -0.0086607621  -0.0003684037  -0.0000037766  -0.0003590215   0.0024002087
21  7  -0.0000679123   0.0001749874  -0.0012756656  -0.0079941562   0.0132213027
21  8  -0.0031492888  -0.0143301121  -0.0893205742  -0.0705253689  -0.0008641142
21  9   0.0012115517  -0.0065242200  -0.0002580778  -0.0000107857  -0.0002200416
21 10   0.0004814986  -0.0001998574   0.0003390071  -0.0004095325   0.0003132947
21 11  -0.0001874079   0.0007129032  -0.0006848758   0.0000697231   0.0000567699
21 12   0.0002099649  -0.0002649793   0.0003821133  -0.0000840402  -0.0000047515
21 13  -0.0003505319   0.0000547396   0.0000956039  -0.0000664377   0.0007691367
21 14  -0.0004874968  -0.0001318984  -0.0006105851   0.0000016640   0.0000165638
21 15  -0.0000625957   0.0000124962   0.0000207576  -0.0000221406  -0.0000228201
21 16  -0.0000136273  -0.0000083794  -0.0000503244   0.0000364370  -0.0000247093
21 17   0.0000382079
22  1  -0.0056878991   0.0011756701  -0.0017296486  -0.0165466390  -0.0316139580
22  2  -0.0280831495  -0.4808713986  -0.0920681394  -0.2404433755  -0.0668781171
22  3   0.0210651694  -0.0407548672   0.0112090410   0.0104445511   0.0045912159
22  4  -0.0012782177  -0.0075404172  -0.0020335837  -0.0030025657   0.0004619726
22  5  -0.0038269629   0.5717314381   0.0958171864   0.3129179512  -0.0051761689
22  6   0.0005327261  -0.0020253491  -0.0001227171  -0.0011528295  -0.0006726521
22  7   0.0003370217   0.0003557339   0.0006884526   0.0001613490   0.0000415656
22  8   0.0004821163  -0.0011908394   0.0000086705  -0.0005274942  -0.0035708684
22  9  -0.0000484822  -0.0001616292   0.0016932051  -0.0002053088   0.0009524157
22 10  -0.0023593283   0.0011002401  -0.0012961654   0.0031227897  -0.0021358527
22 11   0.0008909775  -0.0048186549   0.0057331105  -0.0013106781   0.0004945633
22 12  -0.0019484749   0.0000356679  -0.0014840807   0.0007713289  -0.0007516728
22 13   0.0015558868  -0.0002897701   0.0009724398   0.0014762490  -0.0061069383
22 14  -0.0009188036   0.0015391749   0.0055328104   0.0032117907  -0.0001284044
22 15  -0.0002309091  -0.0001392959   0.0000185484   0.0001145010  -0.0000329038
22 16   0.0000200318  -0.0000303712   0.0000026402  -0.0002433993   0.0002162150
22 17  -0.0000374363
23  1  -0.0008141123  -0.0018827818  -0.0005695525  -0.0653186056  -0.0250916115
23  2  -0.0466811728  -0.0810133167  -0.1132000417  -0.0502132816   0.0421128817
23  3   0.0186632041   0.0227317556  -0.0035311939  -0.0103517405  -0.0064898976
23  4  -0.0039624924   0.0083609831   0.0001244523   0.0163908047  -0.0061519383
23  5   0.0060355708   0.0958171864   0.1275592855   0.0727284571   0.0021298096
23  6   0.0021528064   0.0016829609  -0.0006073956  -0.0003633017  -0.0005528643
23  7   0.0000738473  -0.0005557133   0.0001317996  -0.0000485084   0.0010216127
23  8   0.0003966410  -0.0018066163  -0.0003668729  -0.0010078232   0.0000898646
23  9   0.0044013723   0.0019898604   0.0001753880  -0.0007186187  -0.0000532310
23 10  -0.0004437686   0.0011453233  -0.0001114203   0.0005587651  -0.0023140159
23 11  -0.0004480459   0.0001254712   0.0002662256   0.0002924069  -0.0001356224
23 12  -0.0005661960  -0.0000003201  -0.0003046919   0.0000513652  -0.0001494472
23 13   0.0000870651  -0.0012371247  -0.0002318640  -0.0003411648  -0.0000131813
23 14  -0.0003107362   0.0009140348  -0.0003046704   0.0008682236   0.0000808907
23 15  -0.0005673654  -0.0000530262  -0.0000323823  -0.0000324895  -0.0000591294
23 16   0.0000176121  -0.0000262667   0.0000142730  -0.0002137503   0.0001217521
23 17  -0.0000645891
24  1  -0.0021737902   0.0006600441  -0.0033191594  -0.0364697076  -0.0283672035
24  2  -0.0060415536  -0.2376930961  -0.0565460799  -0.2119877640  -0.0349994657
24  3   0.0116517595   0.0024821012   0.0011525930   0.0006920061   0.0075934662
24  4  -0.0008241837  -0.0012702648  -0.0021006373   0.0001487132  -0.0028726514
24  5   0.0036317661   0.3129179512   0.0727284571   0.2151986958  -0.0016782156
24  6   0.0012964155  -0.0012193077  -0.0003910840  -0.0007820711  -0.0002833719
24  7   0.0007475860   0.0002153574  -0.0006672686   0.0004182279   0.0003681237
24  8  -0.0003913660  -0.0009792665  -0.0000065585  -0.0007073560  -0.0002170936
24  9   0.0017306999  -0.0029734240   0.0006054932  -0.0002213123   0.0000034519
24 10  -0.0011019074   0.0007459734  -0.0000466337   0.0010937538  -0.0018353454
24 11   0.0007762259  -0.0023267447   0.0031567864  -0.0002635123  -0.0000813611
24 12  -0.0011290698  -0.0003098450  -0.0007883392   0.0003422866   0.0002313655
24 13   0.0007426688  -0.0003000293  -0.0005172472  -0.0002911791  -0.0034392696
24 14   0.0003315527   0.0020477812   0.0033543119   0.0002899281   0.0001280158
24 15  -0.0003289907   0.0000117239   0.0000023989   0.0000207277   0.0002267823
24 16  -0.0000057363  -0.0000165473  -0.0000017547   0.0000159879   0.0001524442
24 17   0.0000531422
25  1  -0.0013153882   0.0035044906   0.0013476345  -0.0039723466   0.0084949446
25  2   0.0006523523   0.0125745933  -0.0161070433  -0.0004007706  -0.0681489626
25  3   0.0415981433  -0.0305695669  -0.2362653766   0.1578260469  -0.0631860801
25  4   0.0089355298   0.0099468968   0.0023699589   0.0008042859  -0.0068619535
25  5  -0.0034093371  -0.0051761689   0.0021298096  -0.0016782156   0.6888965225
25  6  -0.0644584949   0.3803611675  -0.0788246509  -0.0844630801  -0.0564134694
25  7  -0.3215336779  -0.0497849038  -0.2309534885   0.0003628626  -0.0001900137
25  8   0.0007644162   0.0008144863  -0.0007259665   0.0007576962   0.0008038331
25  9  -0.0006789603   0.0005937623   0.0007453471  -0.0002203787   0.0000982904
25 10  -0.0015620674   0.0011899803  -0.0003581664   0.0009616882  -0.0009613697
25 11  -0.0001329816   0.0001727071   0.0007792879   0.0003529762   0.0001506923
25 12  -0.0005623909  -0.0004676957  -0.0003187859   0.0002018309  -0.0000873106
25 13   0.0011720436  -0.0006230860   0.0000789480   0.0001933877  -0.0006829067
25 14  -0.0005021491   0.0005539110   0.0007297811   0.0004611339   0.0000611112
25 15  -0.0001144970   0.0002005278  -0.0000089758  -0.0000573763   0.0001202702
25 16   0.0000166930   0.0000029552  -0.0000081341  -0.0000932940   0.0000882542
25 17   0.0000082314
26  1  -0.0012920117  -0.0028430760  -0.0013823345   0.0108823153   0.0010148876
26  2   0.0064090177  -0.0077746475  -0.0030331917  -0.0061325731   0.0126102993
26  3   0.0180734413   0.0082976309   0.1660717389  -0.3128478064   0.0147529242
26  4   0.0358024104  -0.0536371129   0.0018573210  -0.0149009721   0.0011263242
26  5  -0.0086607621   0.0005327261   0.0021528064   0.0012964155  -0.0644584949
26  6   0.8659506041   0.1438747300  -0.0862269283  -0.4331073388  -0.1109177565
26  7  -0.0508881879  -0.0855364384  -0.0504836072   0.0002618829   0.0016017456
26  8   0.0008748577   0.0007713364  -0.0005670493   0.0005740130  -0.0011790759
26  9   0.0014369106  -0.0000326655  -0.0004825293   0.0000775333  -0.0004136031
26 10   0.0016679212  -0.0008088162   0.0006980228  -0.0007464094   0.0009990086
26 11  -0.0003001481   0.0002683465  -0.0007543088   0.0001071542  -0.0001375870
26 12   0.0003702491   0.0000801444   0.0005742976  -0.0002277766   0.0002803065
26 13  -0.0008854132   0.0006317528  -0.0008349083  -0.0003558558   0.0006503389
26 14   0.0001405196  -0.0003298668  -0.0006144268  -0.0003542266   0.0000115683
26 15  -0.0000388127   0.0001116888   0.0000061022   0.0000042144   0.0000953199
26 16   0.0000288085  -0.0000072910   0.0000269297   0.0001682263  -0.0000663715
26 17   0.0000355892
27  1   0.0001804994   0.0010224067  -0.0017782410   0.0022506932   0.0041034953
27  2   0.0016089539   0.0000602600  -0.0096349328   0.0044432418  -0.0358245667
27  3   0.0242653754  -0.0025677898  -0.0698118215   0.0203073056  -0.0756297165
27  4   0.0087079270  -0.0135579875   0.0103781709  -0.0063514868  -0.0030421406
27  5  -0.0003684037  -0.0020253491   0.0016829609  -0.0012193077   0.3803611675
27  6   0.1438747300   0.2640676883  -0.0567094862  -0.1196688101  -0.0515125877
27  7  -0.2221103653  -0.0501425946  -0.1477388361   0.0008327142   0.0004774998
27  8  -0.0002641438   0.0010243064  -0.0002196667  -0.0004168051   0.0004488146
27  9   0.0005728835  -0.0002248087   0.0002852823  -0.0000963070   0.0002509567
27 10  -0.0005739337   0.0005032553  -0.0008245017   0.0001312453  -0.0002882482
27 11   0.0007294495  -0.0002946761   0.0002697613  -0.0001022227  -0.0002047303
27 12  -0.0002125852   0.0006397843  -0.0004262546   0.0001460126  -0.0003533513
27 13   0.0003926250  -0.0002873959   0.0004186096  -0.0002413182  -0.0003317198
27 14   0.0008785386   0.0001385160   0.0001479449   0.0002097801  -0.0000512851
27 15   0.0000473094  -0.0002838582  -0.0000211701   0.0000272637  -0.0002208534
27 16  -0.0000260489  -0.0000033736  -0.0000049565  -0.0001415585   0.0000375578
27 17  -0.0001147897
28  1  -0.0006222380   0.0011827569  -0.0007196521  -0.0003592090  -0.0006557765
28  2  -0.0004799359  -0.0002496734   0.0001965948   0.0006758633  -0.0006608670
28  3  -0.0013167580   0.0013979917   0.0111007204   0.0234746414   0.0109113647
28  4  -0.0026834200   0.0029968627  -0.0031001493   0.0017735748   0.0011868947
28  5  -0.0000037766  -0.0001227171  -0.0006073956  -0.0003910840  -0.0788246509
28  6  -0.0862269283  -0.0567094862   0.0711332647   0.0849355473   0.0484663416
28  7  -0.0000030040  -0.0252808224  -0.0009356016  -0.0000660584   0.0000742477
28  8   0.0002599594  -0.0004082512   0.0001152068   0.0001886795  -0.0000342236
28  9  -0.0001571809  -0.0000082368  -0.0000201109   0.0001528866   0.0000369902
28 10   0.0002621294  -0.0004527287   0.0000272738   0.0001438514  -0.0000171452
28 11   0.0001942571  -0.0004038305   0.0000490632  -0.0001892687   0.0000784130
28 12   0.0000900244   0.0000783220   0.0001201552  -0.0000706149   0.0001004802
28 13  -0.0001822723   0.0003227047   0.0001608375   0.0001714688  -0.0001215449
28 14   0.0000893545  -0.0001847620   0.0001041340  -0.0000798495  -0.0000274005
28 15   0.0000482516   0.0000005391   0.0000081929   0.0000227963   0.0000210039
28 16   0.0000015816  -0.0000065451   0.0000020791   0.0000593366  -0.0000391726
28 17   0.0000057031
29  1   0.0005233609   0.0017362863   0.0005248141  -0.0013815211   0.0005227673
29  2  -0.0006845373   0.0021899114  -0.0008100470   0.0009291470  -0.0062204660
29  3   0.0025374658  -0.0019506412  -0.0019772496  -0.0261291560  -0.0049116155
29  4   0.0029905755   0.0016602628   0.0007386762   0.0008307512  -0.0010563202
29  5  -0.0003590215  -0.0011528295  -0.0003633017  -0.0007820711  -0.0844630801
29  6  -0.4331073388  -0.1196688101   0.0849355473   0.4502754057   0.1214583470
29  7   0.0028108305   0.0049053420   0.0035870547  -0.0001413872   0.0001363269
29  8   0.0000901762   0.0001736440  -0.0001511982   0.0002437341   0.0001110955
29  9  -0.0001281645   0.0000787253   0.0006028005   0.0001391964   0.0004055946
29 10  -0.0013844396   0.0004933525  -0.0006545908   0.0007415803  -0.0005856594
29 11   0.0003424194  -0.0003518540   0.0003864642  -0.0001006081   0.0001232063
29 12  -0.0002006269   0.0000316948  -0.0002362570   0.0000835028  -0.0000831088
29 13   0.0010387013  -0.0001340184   0.0006741556   0.0001745125  -0.0004264526
29 14   0.0000147773   0.0000846412   0.0002382020   0.0000974727  -0.0000189496
29 15   0.0000107025  -0.0000137306  -0.0000005554  -0.0000031046   0.0000039510
29 16   0.0000187425  -0.0000059277   0.0000126615  -0.0000213117  -0.0000239610
29 17  -0.0000246664
30  1  -0.0009900040   0.0012087320   0.0007372889  -0.0011901449  -0.0002475719
30  2  -0.0005904054   0.0015771201   0.0001964825  -0.0007207238  -0.0011556738
30  3   0.0007542235  -0.0037867378   0.0088366704   0.0020941589   0.0020787351
30  4  -0.0030190642   0.0015216917   0.0035098556   0.0004699429  -0.0005522179
30  5   0.0024002087  -0.0006726521  -0.0005528643  -0.0002833719  -0.0564134694
30  6  -0.1109177565  -0.0515125877   0.0484663416   0.1214583470   0.0534678785
30  7   0.0028700796  -0.0153493293  -0.0045697263   0.0002176529   0.0002733695
30  8  -0.0003577191   0.0002609354   0.0001720892  -0.0005820557   0.0000858602
30  9  -0.0001472492  -0.0000115320   0.0002302402   0.0001130387   0.0002210305
30 10  -0.0003573658  -0.0000920632  -0.0001532932   0.0004806806  -0.0001877320
30 11   0.0000800733  -0.0003596623   0.0001818902  -0.0001631080   0.0001151024
30 12  -0.0000488603   0.0001070746  -0.0000042044  -0.0000113746   0.0000054837
30 13   0.0004703218   0.0002228858   0.0000345181   0.0001961668  -0.0002448429
30 14   0.0000658401  -0.0000813600   0.0001532779   0.0000082831  -0.0000355712
30 15   0.0000336689  -0.0000187258   0.0000027213   0.0000126590  -0.0000041941
30 16   0.0000071753  -0.0000081717   0.0000083215  -0.0000078392  -0.0000364810
30 17   0.0000295890
31  1  -0.0004462121  -0.0003490199  -0.0004868981   0.0013403562  -0.0000515995
31  2   0.0006997484  -0.0007371175   0.0006054537  -0.0022916053   0.0024381145
31  3   0.0029493205  -0.0000760492  -0.0198565285  -0.0024853995  -0.0090584135
31  4   0.0011322385  -0.0030732458   0.0013085924  -0.0019495108  -0.0000516552
31  5  -0.0000679123   0.0003370217   0.0000738473   0.0007475860  -0.3215336779
31  6  -0.0508881879  -0.2221103653  -0.0000030040   0.0028108305   0.0028700796
31  7   0.3389820034   0.0499237982   0.2287286648   0.0006370007   0.0003432893
31  8  -0.0003355860   0.0001243829   0.0000092548  -0.0001103951  -0.0001350571
31  9   0.0002280246  -0.0000324932  -0.0000576420   0.0000969101  -0.0000259763
31 10   0.0001351545  -0.0002458157  -0.0000003041  -0.0000279020   0.0001188653
31 11   0.0000477965  -0.0001637038  -0.0001340987  -0.0000086821  -0.0000397450
31 12   0.0000863824   0.0001009007   0.0000439966  -0.0000632506   0.0001001296
31 13  -0.0000537127   0.0001761536  -0.0000962720  -0.0000678124   0.0000577908
31 14   0.0001390615  -0.0001003684  -0.0001089536  -0.0000836339  -0.0000224213
31 15   0.0000028596   0.0000173946  -0.0000045809   0.0000013672   0.0000247585
31 16  -0.0000036760  -0.0000036551   0.0000019394   0.0000324033  -0.0000292662
31 17  -0.0000020656
32  1   0.0000137115  -0.0007537750  -0.0000913043  -0.0001682525  -0.0006818642
32  2  -0.0003032133   0.0005198071   0.0026108108  -0.0001861740   0.0047963214
32  3  -0.0040206452   0.0005928154   0.0195080291   0.0112065621   0.0176505671
32  4   0.0009322762  -0.0003378826   0.0010796754  -0.0003946597   0.0001265387
32  5   0.0001749874   0.0003557339  -0.0005557133   0.0002153574  -0.0497849038
32  6  -0.0855364384  -0.0501425946  -0.0252808224   0.0049053420  -0.0153493293
32  7   0.0499237982   0.0742293085   0.0473278001  -0.0001655285  -0.0012166996
32  8  -0.0006339024  -0.0000367338   0.0000150944  -0.0000616330  -0.0000995459
32  9  -0.0000266524  -0.0000666165  -0.0000103345  -0.0000192111  -0.0000073216
32 10  -0.0000663031   0.0000759304  -0.0000064877  -0.0000640943   0.0000314299
32 11  -0.0000341430   0.0000694778   0.0000111025  -0.0000011995  -0.0000115752
32 12   0.0000062768  -0.0000612312  -0.0000323625   0.0000258632  -0.0000406737
32 13  -0.0000262727  -0.0001022545   0.0000308918  -0.0000031438   0.0000314147
32 14  -0.0000644863   0.0000227885  -0.0000304912  -0.0000100637   0.0000069756
32 15  -0.0000036386  -0.0000010060  -0.0000000531  -0.0000016391  -0.0000017351
32 16   0.0000009480   0.0000035332  -0.0000014140  -0.0000052815   0.0000076981
32 17  -0.0000075653
33  1  -0.0002173243  -0.0002685746  -0.0000353971   0.0003844767   0.0000066963
33  2   0.0000938250  -0.0016647178  -0.0004513863   0.0027484099   0.0000722845
33  3  -0.0006068367   0.0031115566   0.0018790840   0.0011972549  -0.0056347258
33  4   0.0019054018  -0.0004145667  -0.0011113756  -0.0000953889   0.0002160037
33  5  -0.0012756656   0.0006884526   0.0001317996  -0.0006672686  -0.2309534885
33  6  -0.0504836072  -0.1477388361  -0.0009356016   0.0035870547  -0.0045697263
33  7   0.2287286648   0.0473278001   0.1547323659  -0.0003388606  -0.0002545916
33  8   0.0008566042  -0.0000663329  -0.0000695561   0.0001839730  -0.0000334240
33  9   0.0000989508  -0.0000379019   0.0000758243   0.0000121822   0.0000631806
33 10  -0.0000487762  -0.0000745374  -0.0000029751   0.0001103793   0.0000176301
33 11  -0.0000235386   0.0000456620  -0.0000038379  -0.0002417622   0.0001672569
33 12   0.0000386589  -0.0001580737   0.0001054276  -0.0000059580  -0.0001403332
33 13  -0.0000078366  -0.0000065597   0.0002427175   0.0002203285   0.0000415159
33 14  -0.0002734770  -0.0000329289  -0.0000358455  -0.0000293712  -0.0000001161
33 15   0.0000129786  -0.0000549478   0.0000164502   0.0000068822  -0.0000438665
33 16   0.0000084050  -0.0000021143  -0.0000093007  -0.0000133020  -0.0000174360
33 17   0.0000159103
34  1   0.0000360520   0.0000299084  -0.0001005771   0.0014232975   0.0045916964
34  2  -0.0024810100   0.0000696791   0.0000234722  -0.0000619511   0.0021166846
34  3   0.0004367170  -0.0010134689  -0.0012015911   0.0022153521   0.0015189994
34  4  -0.2680546991  -0.0506845286  -0.1440835923  -0.0131771086  -0.0084048320
34  5  -0.0079941562   0.0001613490  -0.0000485084   0.0004182279   0.0003628626
34  6   0.0002618829   0.0008327142  -0.0000660584  -0.0001413872   0.0002176529
34  7   0.0006370007  -0.0001655285  -0.0003388606   0.2781408537   0.0530458602
34  8   0.1517861153  -0.0004335089  -0.0006935777   0.0021684001   0.0000034020
34  9  -0.0003537867  -0.0009721495   0.0000033588  -0.0000019068  -0.0000127161
34 10   0.0000237570  -0.0000243431   0.0000122581  -0.0000054205   0.0000122977
34 11   0.0000242336  -0.0000093064  -0.0000442444   0.0000288948  -0.0000078117
34 12  -0.0000093556   0.0000146861   0.0000058529  -0.0000270582   0.0000369755
34 13   0.0000080800   0.0000179693  -0.0000398436  -0.0000275078  -0.0000045511
34 14   0.0000228055  -0.0000034511  -0.0000164585  -0.0000039787  -0.0000022548
34 15  -0.0000070581   0.0000107632  -0.0000018601  -0.0000049521   0.0000096844
34 16  -0.0000009587  -0.0000021416   0.0000000756  -0.0000006928  -0.0000009375
34 17  -0.0000001823
35  1  -0.0000241982   0.0004195664   0.0000572538   0.0052439351  -0.0027947665
35  2  -0.0000247041   0.0008529451  -0.0030777312  -0.0003878137  -0.0013334841
35  3  -0.0057455584  -0.0032666878  -0.0251420431   0.0000534045  -0.0126240706
35  4  -0.0525819391  -0.0693188884  -0.0381765209   0.0194130151   0.0090640820
35  5   0.0132213027   0.0000415656   0.0010216127   0.0003681237  -0.0001900137
35  6   0.0016017456   0.0004774998   0.0000742477   0.0001363269   0.0002733695
35  7   0.0003432893  -0.0012166996  -0.0002545916   0.0530458602   0.0687624758
35  8   0.0392307962  -0.0008003136   0.0005086484   0.0009061264   0.0009538243
35  9   0.0006859073   0.0002713561  -0.0000067236  -0.0000344727  -0.0000058343
35 10  -0.0000682130   0.0000799029  -0.0000089262   0.0000336754  -0.0000713157
35 11   0.0000011289   0.0001361923  -0.0000604150   0.0000300178  -0.0000047811
35 12   0.0000154930  -0.0000356928   0.0000067150   0.0000024062  -0.0000130958
35 13  -0.0000045418  -0.0000665666   0.0000191341  -0.0000155915   0.0000909865
35 14  -0.0000434781   0.0000168710  -0.0000482767  -0.0000119847   0.0000110961
35 15  -0.0000088334   0.0000018749  -0.0000003201  -0.0000023000  -0.0000016751
35 16   0.0000024940   0.0000017255   0.0000009850  -0.0000035633   0.0000015404
35 17  -0.0000038931
36  1  -0.0000623193   0.0000202151   0.0003018965  -0.0023200509  -0.0003318114
36  2   0.0068982361   0.0001674519  -0.0007928802   0.0000362655  -0.0014564161
36  3  -0.0023511916   0.0028676371  -0.0054007003   0.0019340683  -0.0052819732
36  4  -0.1448313425  -0.0374374113  -0.1058012980  -0.0009809555  -0.0015385133
36  5  -0.0031492888   0.0004821163   0.0003966410  -0.0003913660   0.0007644162
36  6   0.0008748577  -0.0002641438   0.0002599594   0.0000901762  -0.0003577191
36  7  -0.0003355860  -0.0006339024   0.0008566042   0.1517861153   0.0392307962
36  8   0.1069195867   0.0021325148   0.0010007333  -0.0034365191  -0.0006374276
36  9  -0.0004236411   0.0012033822   0.0000283099  -0.0000210128   0.0000257864
36 10  -0.0000233847  -0.0000006070   0.0000109815   0.0000780649  -0.0000000941
36 11  -0.0000406354   0.0000978888  -0.0000192385  -0.0001140151   0.0000885377
36 12   0.0000183648  -0.0001094012   0.0000666370  -0.0000002203  -0.0000902476
36 13  -0.0000359052  -0.0000469304   0.0001648169   0.0001137913   0.0000524060
36 14  -0.0001789237   0.0000075012  -0.0000212391  -0.0000079805   0.0000064388
36 15   0.0000019325  -0.0000300963   0.0000101592   0.0000021682  -0.0000288041
36 16   0.0000037104  -0.0000008085  -0.0000083200  -0.0000095250  -0.0000028572
36 17   0.0000055389
37  1  -0.0001277670   0.0000703609   0.0000704682  -0.0030734964  -0.0326671967
37  2  -0.0120762098  -0.0024635784   0.0033506225  -0.0029899617   0.0000404595
37  3  -0.0003383961   0.0007119640  -0.0017131332   0.0044382588  -0.0054712608
37  4   0.0082690531   0.0198443921   0.0060162950  -0.0599899323  -0.0212326668
37  5  -0.0143301121  -0.0011908394  -0.0018066163  -0.0009792665   0.0008144863
37  6   0.0007713364   0.0010243064  -0.0004082512   0.0001736440   0.0002609354
37  7   0.0001243829  -0.0000367338  -0.0000663329  -0.0004335089  -0.0008003136
37  8   0.0021325148   0.0594972674   0.0288328949   0.0243155865   0.0004489941
37  9  -0.0006155761   0.0014505099   0.0000524339   0.0000010621  -0.0000088817
37 10  -0.0000080061   0.0000194611  -0.0000256972   0.0000621631  -0.0000278584
37 11  -0.0000231721  -0.0000469775   0.0000481756  -0.0000193901   0.0000286405
37 12  -0.0000355254  -0.0000032118   0.0000035034   0.0000027153  -0.0000147962
37 13   0.0000533803   0.0000129356  -0.0000038409   0.0000089820  -0.0000725258
37 14  -0.0000097117   0.0000557674   0.0000846375   0.0000528582   0.0000020009
37 15  -0.0000156955  -0.0000041505   0.0000010909  -0.0000025519  -0.0000028761
37 16   0.0000022486  -0.0000019789  -0.0000032775  -0.0000093638   0.0000031386
37 17  -0.0000032887
38  1  -0.0000797760  -0.0000712190  -0.0000039515   0.0001625270  -0.0013614351
38  2  -0.0012613747   0.0003014447   0.0030858260  -0.0002186524   0.0005385351
38  3   0.0003407490   0.0007493681   0.0038217384  -0.0015310954  -0.0011050340
38  4  -0.0045918277  -0.0112279562  -0.0069832644  -0.0272849369  -0.3406745938
38  5  -0.0893205742   0.0000086705  -0.0003668729  -0.0000065585  -0.0007259665
38  6  -0.0005670493  -0.0002196667   0.0001152068  -0.0001511982   0.0001720892
38  7   0.0000092548   0.0000150944  -0.0000695561  -0.0006935777   0.0005086484
38  8   0.0010007333   0.0288328949   0.3514700439   0.0968939384  -0.0003612073
38  9   0.0004158146   0.0005779633   0.0000069449   0.0000210786  -0.0000338145
38 10  -0.0000153061  -0.0000004971  -0.0000456086   0.0000171827   0.0000031114
38 11  -0.0000186550  -0.0000420272   0.0000285060  -0.0000278287  -0.0000073431
38 12   0.0000142228  -0.0000076593  -0.0000134643   0.0000221153  -0.0000374729
38 13   0.0000052447   0.0000071147  -0.0000437735   0.0000017364  -0.0000038323
38 14   0.0000209092  -0.0000042325   0.0000157498  -0.0000006583  -0.0000025596
38 15   0.0000041014  -0.0000019510  -0.0000004620   0.0000039359  -0.0000009363
38 16   0.0000013413   0.0000010320  -0.0000016961  -0.0000000354  -0.0000013946
38 17  -0.0000063147
39  1   0.0000571138   0.0001830084  -0.0003278916  -0.0038663641  -0.0189356427
39  2  -0.0027002181  -0.0038060906   0.0013914509   0.0030592008   0.0009400062
39  3   0.0002881342  -0.0008353478  -0.0056682199  -0.0008363322   0.0074839738
39  4  -0.0001312984   0.0062185504   0.0080248358  -0.0158307806  -0.0863888083
39  5  -0.0705253689  -0.0005274942  -0.0010078232  -0.0007073560   0.0007576962
39  6   0.0005740130  -0.0004168051   0.0001886795   0.0002437341  -0.0005820557
39  7  -0.0001103951  -0.0000616330   0.0001839730   0.0021684001   0.0009061264
39  8  -0.0034365191   0.0243155865   0.0968939384   0.0624273493   0.0015412439
39  9   0.0004253417  -0.0016357047   0.0000064874   0.0000172233  -0.0000245311
39 10  -0.0000110661   0.0000132939  -0.0000079989  -0.0000133564  -0.0000161347
39 11   0.0000342331  -0.0000325604   0.0000350718   0.0000015650  -0.0000041120
39 12  -0.0000002456  -0.0000202953  -0.0000012122   0.0000131362  -0.0000012163
39 13   0.0000188939   0.0000229976  -0.0000295611  -0.0000122506  -0.0000140296
39 14  -0.0000178950   0.0000260693   0.0000444485   0.0000403421  -0.0000023106
39 15  -0.0000095788   0.0000075703  -0.0000009952  -0.0000005180   0.0000046795
39 16  -0.0000028691  -0.0000008956  -0.0000020801   0.0000011988   0.0000011727
39 17   0.0000031221
40  1   0.0000510324   0.0000179564   0.0001287448  -0.2345761285   0.2008258094
40  2  -0.0725276763   0.0118603122  -0.0038675637   0.0060694171   0.0009909482
40  3  -0.0028116908  -0.0023427981  -0.0003520380   0.0013247916   0.0002778437
40  4  -0.0007125347  -0.0046632719  -0.0041005060  -0.0169766621   0.0191967259
40  5  -0.0008641142  -0.0035708684   0.0000898646  -0.0002170936   0.0008038331
40  6  -0.0011790759   0.0004488146  -0.0000342236   0.0001110955   0.0000858602
40  7  -0.0001350571  -0.0000995459  -0.0000334240   0.0000034020   0.0009538243
40  8  -0.0006374276   0.0004489941  -0.0003612073   0.0015412439   0.2426288288
40  9  -0.2095795043   0.0723979817  -0.0002009923  -0.0000663746  -0.0000500096
40 10   0.0000452044   0.0000627736   0.0000943884  -0.0002066865   0.0000708747
40 11  -0.0000646213   0.0002124914  -0.0001337048   0.0000079186  -0.0000494763
40 12   0.0000577720  -0.0000763877  -0.0000452588   0.0000109107  -0.0000292362
40 13  -0.0002540697  -0.0001431835   0.0000313144  -0.0000896591   0.0002125539
40 14  -0.0001121858   0.0001488072   0.0000198516   0.0000420538   0.0000453067
40 15  -0.0000550914  -0.0000349521  -0.0000007242  -0.0000043827  -0.0000254925
40 16  -0.0000086990   0.0000026076  -0.0000063216  -0.0000260823   0.0000071851
40 17  -0.0000033348
41  1   0.0002021799  -0.0006571193   0.0002254838   0.2000422341  -0.2611522084
41  2   0.0392274845   0.0246256751  -0.0175957455   0.0090128142  -0.0003959091
41  3  -0.0057266397  -0.0026527835  -0.0021620287  -0.0038606783  -0.0020607468
41  4  -0.0036747985   0.0031112152  -0.0023596172  -0.0069185382   0.0131656592
41  5   0.0012115517  -0.0000484822   0.0044013723   0.0017306999  -0.0006789603
41  6   0.0014369106   0.0005728835  -0.0001571809  -0.0001281645  -0.0001472492
41  7   0.0002280246  -0.0000266524   0.0000989508  -0.0003537867   0.0006859073
41  8  -0.0004236411  -0.0006155761   0.0004158146   0.0004253417  -0.2095795043
41  9   0.2658226453  -0.0445871120  -0.0001374356   0.0000630260   0.0000578015
41 10  -0.0000826926  -0.0001478935   0.0000233249  -0.0000457410   0.0001765265
41 11   0.0000402411   0.0000190372  -0.0001200812  -0.0001369796   0.0000100782
41 12   0.0001504833  -0.0000746661  -0.0000358971   0.0000089150  -0.0000360204
41 13  -0.0001789144  -0.0000437062   0.0001938331   0.0000961083   0.0002298680
41 14  -0.0001116453  -0.0001316969  -0.0002465491  -0.0001708883  -0.0000128854
41 15   0.0000444244  -0.0000388756   0.0000034878   0.0000106143  -0.0000197349
41 16  -0.0000078787   0.0000030287  -0.0000046839  -0.0000089186  -0.0000209728
41 17   0.0000042333
42  1   0.0002129376  -0.0000814604   0.0002840266  -0.0730105204   0.0399197928
42  2  -0.0403650038   0.0133207585  -0.0062119462   0.0041872372  -0.0017288552
42  3  -0.0039320089   0.0021304845  -0.0007050074  -0.0002733090  -0.0005091383
42  4  -0.0038825900  -0.0028338078   0.0020485924  -0.0075003221   0.0152461797
42  5  -0.0065242200  -0.0001616292   0.0019898604  -0.0029734240   0.0005937623
42  6  -0.0000326655  -0.0002248087  -0.0000082368   0.0000787253  -0.0000115320
42  7  -0.0000324932  -0.0000666165  -0.0000379019  -0.0009721495   0.0002713561
42  8   0.0012033822   0.0014505099   0.0005779633  -0.0016357047   0.0723979817
42  9  -0.0445871120   0.0424091551  -0.0000753196  -0.0000148018  -0.0000577463
42 10   0.0000946514  -0.0000114576   0.0001079034  -0.0000824900   0.0001008109
42 11  -0.0000867731   0.0001475871  -0.0001617812   0.0000868635  -0.0000150751
42 12   0.0000401457  -0.0000381949   0.0000489945  -0.0000253211   0.0000403634
42 13  -0.0000631675  -0.0000277970  -0.0000721380  -0.0000253257   0.0001715447
42 14  -0.0001144534   0.0000062670  -0.0000776916   0.0000642978  -0.0000063486
42 15  -0.0000446643   0.0000587864  -0.0000044216  -0.0000100117   0.0000178418
42 16  -0.0000036366  -0.0000009699  -0.0000016693   0.0000041386  -0.0000029562
42 17   0.0000137740
43  1  -0.0025662387   0.0035630210  -0.0013481847   0.0009493169   0.0005575884
43  2   0.0002265228  -0.0020631393   0.0000091304  -0.0011002678   0.0015502729
43  3  -0.0009168715   0.0007252675  -0.0010489572   0.0006029586  -0.0001106236
43  4   0.0003615228  -0.0001792386   0.0000266109  -0.0006174070  -0.0000377251
43  5  -0.0002580778   0.0016932051   0.0001753880   0.0006054932   0.0007453471
43  6  -0.0004825293   0.0002852823  -0.0000201109   0.0006028005   0.0002302402
43  7  -0.0000576420  -0.0000103345   0.0000758243   0.0000033588  -0.0000067236
43  8   0.0000283099   0.0000524339   0.0000069449   0.0000064874  -0.0002009923
43  9  -0.0001374356  -0.0000753196   0.6441639249  -0.1722001997   0.2939983004
43 10  -0.1321730774   0.0017412266  -0.0408203443   0.0398496368  -0.0094681528
43 11   0.0141098154  -0.0401196939  -0.0290899150  -0.0270551170  -0.0245342177
43 12   0.0566910294  -0.0069447966  -0.3094880697   0.0212278175  -0.1453590428
43 13  -0.0462510203  -0.0519631820  -0.0501953673   0.0037281290   0.0103389974
43 14   0.0040017704  -0.0016541287  -0.0013175661  -0.0010552280   0.0009687296
43 15  -0.0008853318   0.0004269051   0.0038227982   0.0032882007  -0.0016483965
43 16  -0.0131463308   0.0051057380  -0.0087763504  -0.1239476499   0.1627843644
43 17  -0.0299997135
44  1   0.0017323137   0.0013156922   0.0008515780  -0.0000079536  -0.0003771169
44  2  -0.0000747717   0.0003064612   0.0006813066   0.0003203304  -0.0006894606
44  3  -0.0000661989  -0.0002911217   0.0006446788  -0.0000066806   0.0002727377
44  4  -0.0000658569  -0.0001889589  -0.0000853286   0.0000262187  -0.0000131505
44  5  -0.0000107857  -0.0002053088  -0.0007186187  -0.0002213123  -0.0002203787
44  6   0.0000775333  -0.0000963070   0.0001528866   0.0001391964   0.0001130387
44  7   0.0000969101  -0.0000192111   0.0000121822  -0.0000019068  -0.0000344727
44  8  -0.0000210128   0.0000010621   0.0000210786   0.0000172233  -0.0000663746
44  9   0.0000630260  -0.0000148018  -0.1722001997   0.8085049307   0.0804560936
44 10  -0.0437727802  -0.2157100268  -0.0621540399   0.0026747470  -0.0572195274
44 11  -0.0146120557  -0.0178200899  -0.0005906679  -0.0092236957   0.0409360136
44 12   0.0034667973   0.0212867525   0.0612756466  -0.1498682452   0.0082743244
44 13  -0.0181452058   0.0121408403  -0.0123984075   0.0065933779  -0.0064792187
44 14   0.0029147628   0.0001146166   0.0010979552   0.0002258058  -0.0004520960
44 15  -0.0002617120  -0.0004986427   0.0027396054  -0.0051514580  -0.0015847938
44 16  -0.0274025031   0.0098252385  -0.0141694908   0.1637555763  -0.4006283308
44 17   0.0007117383
45  1  -0.0021767943   0.0017816300   0.0011176137   0.0003214380   0.0000425214
45  2  -0.0000093471  -0.0010089822   0.0003235038  -0.0006106081   0.0008199154
45  3  -0.0005434859  -0.0000569479  -0.0003629547   0.0005279851   0.0001000808
45  4  -0.0000702965  -0.0003406156   0.0000508153  -0.0002771642   0.0001857959
45  5  -0.0002200416   0.0009524157  -0.0000532310   0.0000034519   0.0000982904
45  6  -0.0004136031   0.0002509567   0.0000369902   0.0004055946   0.0002210305
45  7  -0.0000259763  -0.0000073216   0.0000631806  -0.0000127161  -0.0000058343
45  8   0.0000257864  -0.0000088817  -0.0000338145  -0.0000245311  -0.0000500096
45  9   0.0000578015  -0.0000577463   0.2939983004   0.0804560936   0.2409210977
45 10  -0.0518019202  -0.0362655211  -0.0961861324   0.0170235448  -0.0213852959
45 11   0.0156747890  -0.0243058940  -0.0153508192  -0.0222539473  -0.0103454735
45 12   0.0298406856   0.0123782263  -0.1360469203  -0.0141209632  -0.1171830258
45 13  -0.0426047235  -0.0315625001  -0.0098221742   0.0043284479   0.0042778331
45 14   0.0022017250  -0.0009604696  -0.0004859517  -0.0005418947   0.0003784966
45 15  -0.0005739004   0.0001038840  -0.0018478610  -0.0012548935   0.0067368278
45 16  -0.0163388722   0.0042027258  -0.0039221651  -0.0297119293   0.0002955806
45 17  -0.0289609042
46  1   0.0145612946  -0.0122797144   0.0042220197  -0.0013877372  -0.0006348603
46  2  -0.0007940137   0.0031069472   0.0003328473   0.0019827206  -0.0043386103
46  3   0.0021154441  -0.0020527680   0.0026990460  -0.0020877489   0.0008310652
46  4  -0.0003968388   0.0007076986  -0.0002000139   0.0007093551  -0.0002002155
46  5   0.0004814986  -0.0023593283  -0.0004437686  -0.0011019074  -0.0015620674
46  6   0.0016679212  -0.0005739337   0.0002621294  -0.0013844396  -0.0003573658
46  7   0.0001351545  -0.0000663031  -0.0000487762   0.0000237570  -0.0000682130
46  8  -0.0000233847  -0.0000080061  -0.0000153061  -0.0000110661   0.0000452044
46  9  -0.0000826926   0.0000946514  -0.1321730774  -0.0437727802  -0.0518019202
46 10   0.8228031331  -0.0942442401   0.3263020104  -0.1274778960   0.0521646612
46 11  -0.0267977382  -0.0297166036   0.0382427431  -0.0003939335   0.0013167362
46 12  -0.0043965240   0.0030577274  -0.0255171679  -0.0219405792  -0.0189338486
46 13  -0.5393833928   0.0783253107  -0.2404466521   0.0028147877  -0.0097776857
46 14  -0.0030446228   0.0009612225   0.0018343452   0.0017050605   0.0002208003
46 15   0.0015467311  -0.0019053421   0.0000670067  -0.0002316626  -0.0000212396
46 16  -0.0009410721   0.0020469889  -0.0027022069   0.0155352231   0.0126420426
46 17   0.0125339799
47  1  -0.0062971198  -0.0140339028  -0.0071155223   0.0005850728   0.0010884333
47  2   0.0004807536  -0.0013097664  -0.0010258755  -0.0010450240   0.0013244000
47  3  -0.0008566136   0.0005017221  -0.0024663001   0.0007022403  -0.0010570042
47  4   0.0002832503   0.0000786443   0.0002502747  -0.0003727288   0.0001588330
47  5  -0.0001998574   0.0011002401   0.0011453233   0.0007459734   0.0011899803
47  6  -0.0008088162   0.0005032553  -0.0004527287   0.0004933525  -0.0000920632
47  7  -0.0002458157   0.0000759304  -0.0000745374  -0.0000243431   0.0000799029
47  8  -0.0000006070   0.0000194611  -0.0000004971   0.0000132939   0.0000627736
47  9  -0.0001478935  -0.0000114576   0.0017412266  -0.2157100268  -0.0362655211
47 10  -0.0942442401   0.5896358725   0.0384357251   0.0538629383  -0.2554346057
47 11  -0.0141133561   0.0722797904   0.0185766139   0.0483996034   0.0012574565
47 12  -0.0483381623  -0.0095956653  -0.0704755290   0.0438894886  -0.0291125987
47 13   0.0700873552  -0.1065720815   0.0315868899  -0.0168252295   0.0081685117
47 14  -0.0101471049  -0.0007891899  -0.0020166320  -0.0004254927   0.0011775789
47 15   0.0018035057   0.0006249282  -0.0009550941  -0.0027517164  -0.0012404602
47 16   0.0052278429   0.0010568939   0.0021139050  -0.0157412817  -0.0192567229
47 17  -0.0131600527
48  1   0.0061762194  -0.0105478886   0.0020281763  -0.0008313156  -0.0003430047
48  2  -0.0001441893   0.0015090677   0.0000732789   0.0011402010  -0.0022213672
48  3   0.0008509995  -0.0009917406   0.0012024452  -0.0008064116   0.0001203544
48  4  -0.0001043523   0.0002627412  -0.0002966391   0.0004436874   0.0000735121
48  5   0.0003390071  -0.0012961654  -0.0001114203  -0.0000466337  -0.0003581664
48  6   0.0006980228  -0.0008245017   0.0000272738  -0.0006545908  -0.0001532932
48  7  -0.0000003041  -0.0000064877  -0.0000029751   0.0000122581  -0.0000089262
48  8   0.0000109815  -0.0000256972  -0.0000456086  -0.0000079989   0.0000943884
48  9   0.0000233249   0.0001079034  -0.0408203443  -0.0621540399  -0.0961861324
48 10   0.3263020104   0.0384357251   0.3899514705  -0.0262342914  -0.0153527913
48 11  -0.0815822002   0.0074142952   0.0287275182  -0.0018852859   0.0041797843
48 12  -0.0124985249  -0.0056000592  -0.0306213932  -0.0017030777  -0.0187447615
48 13  -0.2416933461   0.0361311540  -0.1981738556  -0.0060900262  -0.0051270187
48 14   0.0024221121   0.0012466650   0.0011517942  -0.0005736558  -0.0018546689
48 15   0.0004679824   0.0029684639  -0.0003250491  -0.0008097504  -0.0002040995
48 16  -0.0019501089   0.0003051478   0.0037119919   0.0058185014   0.0029683406
48 17   0.0026173598
49  1  -0.0339051506  -0.0306511555  -0.0188857173   0.0013474384   0.0005590782
49  2   0.0008327234  -0.0038707254  -0.0000986923  -0.0021488941   0.0065514218
49  3   0.0017977257   0.0015678618  -0.0012729093   0.0013209263  -0.0002961095
49  4   0.0005563959  -0.0004767616   0.0003280216  -0.0007015835  -0.0000583073
49  5  -0.0004095325   0.0031227897   0.0005587651   0.0010937538   0.0009616882
49  6  -0.0007464094   0.0001312453   0.0001438514   0.0007415803   0.0004806806
49  7  -0.0000279020  -0.0000640943   0.0001103793  -0.0000054205   0.0000336754
49  8   0.0000780649   0.0000621631   0.0000171827  -0.0000133564  -0.0002066865
49  9  -0.0000457410  -0.0000824900   0.0398496368   0.0026747470   0.0170235448
49 10  -0.1274778960   0.0538629383  -0.0262342914   0.5708074021  -0.1491307220
49 11   0.2504439006  -0.3181153231   0.0312876447  -0.1380269161  -0.0255108881
49 12  -0.0260120380  -0.0285825567  -0.0294712084   0.0167637747  -0.0121207304
49 13  -0.0412318057   0.0683494443  -0.0178902860  -0.0416301692   0.0373689704
49 14  -0.0227663791  -0.0036789190  -0.0057264811  -0.0008896424   0.0034180128
49 15   0.0021224807   0.0009136316   0.0009313156  -0.0033064683  -0.0026538599
49 16   0.0002362335   0.0004599341   0.0010324012  -0.0008817621  -0.0016019970
49 17  -0.0030354471
50  1  -0.0245866910  -0.0682215833  -0.0271737025  -0.0015408453  -0.0008078471
50  2  -0.0008180188   0.0046245760   0.0009423856   0.0027563500  -0.0062593097
50  3   0.0056074937  -0.0031330551   0.0019941976  -0.0021269447   0.0003459243
50  4  -0.0006368524   0.0003926917  -0.0001668007   0.0006663030  -0.0001187383
50  5   0.0003132947  -0.0021358527  -0.0023140159  -0.0018353454  -0.0009613697
50  6   0.0009990086  -0.0002882482  -0.0000171452  -0.0005856594  -0.0001877320
50  7   0.0001188653   0.0000314299   0.0000176301   0.0000122977  -0.0000713157
50  8  -0.0000000941  -0.0000278584   0.0000031114  -0.0000161347   0.0000708747
50  9   0.0001765265   0.0001008109  -0.0094681528  -0.0572195274  -0.0213852959
50 10   0.0521646612  -0.2554346057  -0.0153527913  -0.1491307220   0.5425922584
50 11   0.0277450772   0.0253110188  -0.1432680064  -0.0069672129  -0.0224553110
50 12   0.0331454379  -0.0079635205   0.0274302360  -0.0156429263   0.0120738071
50 13   0.0450085267  -0.0166486353   0.0167437709   0.0648796389  -0.0133423048
50 14   0.0316263073   0.0007061785   0.0046039267   0.0021163812   0.0002939998
50 15  -0.0057189390  -0.0019336830  -0.0016280222  -0.0038412469  -0.0028018156
50 16  -0.0004254565   0.0001958496   0.0001263557  -0.0040077853  -0.0033278237
50 17  -0.0039422588
51  1  -0.0175782766  -0.0304528229  -0.0302435128   0.0006074016   0.0002552854
51  2  -0.0003441249  -0.0009792329   0.0002053438  -0.0006697910  -0.0005020005
51  3   0.0012301951   0.0047161665  -0.0004439797   0.0001162727   0.0002648363
51  4   0.0001838554  -0.0000852956  -0.0000652836  -0.0002780781  -0.0000430912
51  5  -0.0001874079   0.0008909775  -0.0004480459   0.0007762259  -0.0001329816
51  6  -0.0003001481   0.0007294495   0.0001942571   0.0003424194   0.0000800733
51  7   0.0000477965  -0.0000341430  -0.0000235386   0.0000242336   0.0000011289
51  8  -0.0000406354  -0.0000231721  -0.0000186550   0.0000342331  -0.0000646213
51  9   0.0000402411  -0.0000867731   0.0141098154  -0.0146120557   0.0156747890
51 10  -0.0267977382  -0.0141133561  -0.0815822002   0.2504439006   0.0277450772
51 11   0.2124784902  -0.1398157860  -0.0035477571  -0.1320341470  -0.0273855017
51 12  -0.0101995179  -0.0043492948  -0.0095135825   0.0060020769  -0.0050825658
51 13  -0.0239670453   0.0301600577   0.0132257100  -0.0142012927   0.0156148154
51 14   0.0042628004  -0.0000750207  -0.0011846237  -0.0035447046   0.0002874910
51 15  -0.0009586969   0.0035780119  -0.0022378694  -0.0037646752   0.0020188488
51 16   0.0008327831   0.0006389471  -0.0007757788  -0.0036263325  -0.0025889767
51 17   0.0011901238
52  1  -0.0067070480  -0.0091998241  -0.0066645550  -0.0017040002  -0.0006837402
52  2  -0.0009625965   0.0053375348  -0.0016115107   0.0027242350  -0.0014205294
52  3   0.0011469042  -0.0007416221  -0.0007303662  -0.0001814816  -0.0003846835
52  4  -0.0001728415   0.0005992074  -0.0001127218   0.0008644151   0.0000690303
52  5   0.0007129032  -0.0048186549   0.0001254712  -0.0023267447   0.0001727071
52  6   0.0002683465  -0.0002946761  -0.0004038305  -0.0003518540  -0.0003596623
52  7  -0.0001637038   0.0000694778   0.0000456620  -0.0000093064   0.0001361923
52  8   0.0000978888  -0.0000469775  -0.0000420272  -0.0000325604   0.0002124914
52  9   0.0000190372   0.0001475871  -0.0401196939  -0.0178200899  -0.0243058940
52 10  -0.0297166036   0.0722797904   0.0074142952  -0.3181153231   0.0253110188
52 11  -0.1398157860   0.6384349719  -0.1169364586   0.2351843772  -0.1440325314
52 12  -0.0397702309  -0.0553801308   0.0524178647  -0.0148902452   0.0262547588
52 13   0.0099597472  -0.0113667316  -0.0013171054  -0.1549921923   0.1146059783
52 14  -0.0365953967   0.0149438884  -0.0110309089   0.0074773364  -0.0105676510
52 15   0.0302356350   0.0032616435  -0.0082734011  -0.0217654846  -0.0079176136
52 16   0.0005070050   0.0039576502  -0.0048545542  -0.0008559709  -0.0031731519
52 17  -0.0012543839
53  1  -0.0056361849   0.0070621012  -0.0015511494   0.0021759619   0.0015371449
53  2   0.0014643454  -0.0073080275   0.0005965208  -0.0038939957   0.0034464412
53  3  -0.0018706749   0.0014199491  -0.0008279054   0.0006083443  -0.0002593184
53  4   0.0004475098  -0.0005312626   0.0001736489  -0.0011401185   0.0000513413
53  5  -0.0006848758   0.0057331105   0.0002662256   0.0031567864   0.0007792879
53  6  -0.0007543088   0.0002697613   0.0000490632   0.0003864642   0.0001818902
53  7  -0.0001340987   0.0000111025  -0.0000038379  -0.0000442444  -0.0000604150
53  8  -0.0000192385   0.0000481756   0.0000285060   0.0000350718  -0.0001337048
53  9  -0.0001200812  -0.0001617812  -0.0290899150  -0.0005906679  -0.0153508192
53 10   0.0382427431   0.0185766139   0.0287275182   0.0312876447  -0.1432680064
53 11  -0.0035477571  -0.1169364586   0.8221811370   0.0872346474  -0.0712508880
53 12  -0.1998035674  -0.0737082266   0.0105730446  -0.0546956140  -0.0070089554
53 13   0.0034675746  -0.0084477102  -0.0014581658   0.1194141374  -0.4139025528
53 14  -0.0240791726   0.0043299875  -0.0277087467  -0.0004862559   0.0023582156
53 15  -0.0002438357   0.0051639615   0.0052948760   0.0075694565   0.0056358728
53 16   0.0044067440  -0.0039810648  -0.0008824075   0.0004470286  -0.0028964498
53 17  -0.0003674962
54  1  -0.0054101382  -0.0037259352  -0.0036149265  -0.0004334180   0.0000675693
54  2   0.0001604664   0.0012583586  -0.0009970680   0.0005363245  -0.0000821869
54  3   0.0002780852   0.0003458940  -0.0005248711  -0.0001241206  -0.0006777997
54  4   0.0001081533   0.0003341438   0.0000883567   0.0002869840  -0.0001406761
54  5   0.0000697231  -0.0013106781   0.0002924069  -0.0002635123   0.0003529762
54  6   0.0001071542  -0.0001022227  -0.0001892687  -0.0001006081  -0.0001631080
54  7  -0.0000086821  -0.0000011995  -0.0002417622   0.0000288948   0.0000300178
54  8  -0.0001140151  -0.0000193901  -0.0000278287   0.0000015650   0.0000079186
54  9  -0.0001369796   0.0000868635  -0.0270551170  -0.0092236957  -0.0222539473
54 10  -0.0003939335   0.0483996034  -0.0018852859  -0.1380269161  -0.0069672129
54 11  -0.1320341470   0.2351843772   0.0872346474   0.3238758913  -0.0635923315
54 12  -0.0554690693  -0.1106992844   0.0323604517  -0.0210520032   0.0134310705
54 13   0.0023863025  -0.0099891842   0.0053699321  -0.0398004216  -0.0188920138
54 14  -0.0693846826   0.0122305998  -0.0136047166   0.0011599660  -0.0008041950
54 15   0.0170284459  -0.0043704911  -0.0015012916  -0.0097017392  -0.0062554493
54 16  -0.0047486570  -0.0011842387   0.0077298445  -0.0003035202  -0.0024337848
54 17  -0.0007952633
55  1   0.0002673112   0.0019681505  -0.0002934812   0.0003012413  -0.0000446475
55  2  -0.0001613049  -0.0004108882   0.0003220669   0.0000131392   0.0002793818
55  3  -0.0001638150   0.0001311443   0.0000686264   0.0001452964   0.0002532740
55  4   0.0001661545  -0.0001659956  -0.0001944001  -0.0000595881   0.0000540027
55  5   0.0000567699   0.0004945633  -0.0001356224  -0.0000813611   0.0001506923
55  6  -0.0001375870  -0.0002047303   0.0000784130   0.0001232063   0.0001151024
55  7  -0.0000397450  -0.0000115752   0.0001672569  -0.0000078117  -0.0000047811
55  8   0.0000885377   0.0000286405  -0.0000073431  -0.0000041120  -0.0000494763
55  9   0.0000100782  -0.0000150751  -0.0245342177   0.0409360136  -0.0103454735
55 10   0.0013167362   0.0012574565   0.0041797843  -0.0255108881  -0.0224553110
55 11  -0.0273855017  -0.1440325314  -0.0712508880  -0.0635923315   0.6263603713
55 12  -0.1432292504   0.2713965862  -0.1671249244   0.1526449466  -0.0324894092
55 13  -0.0033563180   0.0001779606  -0.0008956488   0.0159360894   0.0114680656
55 14   0.0069672997  -0.0007099093   0.0036006949  -0.0023098636   0.0007678077
55 15   0.0004526729   0.0016353600  -0.2884020794   0.0378941098  -0.1421287447
55 16   0.0110058756  -0.0123517655  -0.0002156373  -0.0029835268  -0.0010961396
55 17  -0.0046871795
56  1   0.0017481920  -0.0007520026   0.0002684645  -0.0007518036  -0.0007780922
56  2  -0.0004975571   0.0022523396   0.0001890570   0.0012712955  -0.0012267713
56  3   0.0005982761  -0.0004088126   0.0009619912  -0.0002033300   0.0003412358
56  4  -0.0002341849  -0.0000181426  -0.0001280653   0.0004158684   0.0000292308
56  5   0.0002099649  -0.0019484749  -0.0005661960  -0.0011290698  -0.0005623909
56  6   0.0003702491  -0.0002125852   0.0000900244  -0.0002006269  -0.0000488603
56  7   0.0000863824   0.0000062768   0.0000386589  -0.0000093556   0.0000154930
56  8   0.0000183648  -0.0000355254   0.0000142228  -0.0000002456   0.0000577720
56  9   0.0001504833   0.0000401457   0.0566910294   0.0034667973   0.0298406856
56 10  -0.0043965240  -0.0483381623  -0.0124985249  -0.0260120380   0.0331454379
56 11  -0.0101995179  -0.0397702309  -0.1998035674  -0.0554690693  -0.1432292504
56 12   0.7370459044   0.0711414281   0.1228980976  -0.4091093552  -0.0142990115
56 13  -0.0028002792   0.0107318539   0.0011297001  -0.0156363332  -0.0579332173
56 14  -0.0233480679   0.0049205343   0.0001507229   0.0016125917  -0.0029095522
56 15   0.0006056648  -0.0014402054   0.0395185844  -0.0613879509   0.0125222361
56 16   0.0119712218  -0.0131388495   0.0021569625  -0.0020893229   0.0057098226
56 17  -0.0009121413
57  1  -0.0007445563   0.0004460947   0.0020420303   0.0000438918   0.0000155403
57  2  -0.0001794058   0.0002862157   0.0000938456  -0.0002769273   0.0000292093
57  3   0.0002997907  -0.0000738529   0.0000937064  -0.0001365766   0.0000927591
57  4  -0.0001610473   0.0000311258   0.0002880296   0.0000100262  -0.0000855158
57  5  -0.0002649793   0.0000356679  -0.0000003201  -0.0003098450  -0.0004676957
57  6   0.0000801444   0.0006397843   0.0000783220   0.0000316948   0.0001070746
57  7   0.0001009007  -0.0000612312  -0.0001580737   0.0000146861  -0.0000356928
57  8  -0.0001094012  -0.0000032118  -0.0000076593  -0.0000202953  -0.0000763877
57  9  -0.0000746661  -0.0000381949  -0.0069447966   0.0212867525   0.0123782263
57 10   0.0030577274  -0.0095956653  -0.0056000592  -0.0285825567  -0.0079635205
57 11  -0.0043492948  -0.0553801308  -0.0737082266  -0.1106992844   0.2713965862
57 12   0.0711414281   0.2591952479  -0.0393421826   0.0024390741  -0.0742722988
57 13  -0.0022322671   0.0029166893  -0.0014144148   0.0002196298  -0.0086161616
57 14   0.0077961912  -0.0018362781   0.0010655124   0.0034135866   0.0009379367
57 15   0.0008961452  -0.0016003042  -0.1411945859   0.0115842648  -0.0954474956
57 16   0.0055133574  -0.0116131968   0.0067953508  -0.0048521668  -0.0004296700
57 17   0.0020658464
58  1   0.0011009224  -0.0010421692   0.0001291256  -0.0006876213  -0.0004916255
58  2  -0.0004504629   0.0015579543   0.0000180847   0.0011788896  -0.0008872165
58  3   0.0005647584  -0.0005237262   0.0006970645  -0.0003183249   0.0004187309
58  4  -0.0000674125   0.0001895455  -0.0001730866   0.0001157164  -0.0000228279
58  5   0.0003821133  -0.0014840807  -0.0003046919  -0.0007883392  -0.0003187859
58  6   0.0005742976  -0.0004262546   0.0001201552  -0.0002362570  -0.0000042044
58  7   0.0000439966  -0.0000323625   0.0001054276   0.0000058529   0.0000067150
58  8   0.0000666370   0.0000035034  -0.0000134643  -0.0000012122  -0.0000452588
58  9  -0.0000358971   0.0000489945  -0.3094880697   0.0612756466  -0.1360469203
58 10  -0.0255171679  -0.0704755290  -0.0306213932  -0.0294712084   0.0274302360
58 11  -0.0095135825   0.0524178647   0.0105730446   0.0323604517  -0.1671249244
58 12   0.1228980976  -0.0393421826   0.6012412732  -0.0828523903   0.2441820450
58 13   0.0012907313   0.0140156642   0.0013754029  -0.0069874737  -0.0119669292
58 14  -0.0079773140   0.0027342661   0.0006131069   0.0001038329  -0.0015347939
58 15   0.0002651620  -0.0000787325  -0.0080858228   0.0252203900   0.0028941708
58 16  -0.0989848741  -0.0968134283  -0.0552500718  -0.0106445903   0.0009611479
58 17  -0.0020483389
59  1  -0.0005711724   0.0004465725  -0.0001739818   0.0003736025   0.0002758765
59  2   0.0002450624  -0.0009426798   0.0001117132  -0.0005506783   0.0004782057
59  3  -0.0004232629   0.0001782199  -0.0002720414   0.0001633551  -0.0001180323
59  4   0.0000503013  -0.0000928800   0.0000723438  -0.0000909184   0.0000357407
59  5  -0.0000840402   0.0007713289   0.0000513652   0.0003422866   0.0002018309
59  6  -0.0002277766   0.0001460126  -0.0000706149   0.0000835028  -0.0000113746
59  7  -0.0000632506   0.0000258632  -0.0000059580  -0.0000270582   0.0000024062
59  8  -0.0000002203   0.0000027153   0.0000221153   0.0000131362   0.0000109107
59  9   0.0000089150  -0.0000253211   0.0212278175  -0.1498682452  -0.0141209632
59 10  -0.0219405792   0.0438894886  -0.0017030777   0.0167637747  -0.0156429263
59 11   0.0060020769  -0.0148902452  -0.0546956140  -0.0210520032   0.1526449466
59 12  -0.4091093552   0.0024390741  -0.0828523903   0.8447466638   0.1206421364
59 13  -0.0022066334  -0.0114877894  -0.0048271057  -0.0023097125   0.0086655696
59 14  -0.0010959108  -0.0003121776  -0.0015043111  -0.0006902324   0.0003981988
59 15  -0.0001455903   0.0007264523  -0.0025008663   0.0014232826  -0.0004777713
59 16  -0.0910475815  -0.2603305996  -0.1036198503   0.0271742887   0.0035759202
59 17   0.0177497200
60  1   0.0005835843  -0.0004776178  -0.0001134179  -0.0003419286  -0.0002554170
60  2   0.0000895949   0.0006786940  -0.0000240339   0.0004402601  -0.0003889844
60  3   0.0002209942  -0.0000531371   0.0005216827  -0.0001513650  -0.0000973543
60  4   0.0000288383   0.0000490010  -0.0000798517   0.0002153504  -0.0000249908
60  5  -0.0000047515  -0.0007516728  -0.0001494472   0.0002313655  -0.0000873106
60  6   0.0002803065  -0.0003533513   0.0001004802  -0.0000831088   0.0000054837
60  7   0.0001001296  -0.0000406737  -0.0001403332   0.0000369755  -0.0000130958
60  8  -0.0000902476  -0.0000147962  -0.0000374729  -0.0000012163  -0.0000292362
60  9  -0.0000360204   0.0000403634  -0.1453590428   0.0082743244  -0.1171830258
60 10  -0.0189338486  -0.0291125987  -0.0187447615  -0.0121207304   0.0120738071
60 11  -0.0050825658   0.0262547588  -0.0070089554   0.0134310705  -0.0324894092
60 12  -0.0142990115  -0.0742722988   0.2441820450   0.1206421364   0.2979057944
60 13  -0.0021665512   0.0042478307   0.0034246536  -0.0065709488  -0.0054207706
60 14  -0.0007630901   0.0000782823  -0.0006353962   0.0021724254  -0.0000603695
60 15   0.0005194597  -0.0013204704  -0.0036981351   0.0152406160  -0.0009625558
60 16  -0.0538830796  -0.1067470745  -0.0948137964   0.0041152231   0.0029685744
60 17  -0.0036647859
61  1  -0.0072373675   0.0026312353  -0.0018827171   0.0010802366   0.0005770514
61  2   0.0004819471  -0.0019590134  -0.0001724909  -0.0011898228   0.0022245419
61  3  -0.0011262044   0.0007104935  -0.0018099328   0.0009477613  -0.0005013679
61  4   0.0004093021  -0.0003220756   0.0002205418  -0.0006577915  -0.0001515615
61  5  -0.0003505319   0.0015558868   0.0000870651   0.0007426688   0.0011720436
61  6  -0.0008854132   0.0003926250  -0.0001822723   0.0010387013   0.0004703218
61  7  -0.0000537127  -0.0000262727  -0.0000078366   0.0000080800  -0.0000045418
61  8  -0.0000359052   0.0000533803   0.0000052447   0.0000188939  -0.0002540697
61  9  -0.0001789144  -0.0000631675  -0.0462510203  -0.0181452058  -0.0426047235
61 10  -0.5393833928   0.0700873552  -0.2416933461  -0.0412318057   0.0450085267
61 11  -0.0239670453   0.0099597472   0.0034675746   0.0023863025  -0.0033563180
61 12  -0.0028002792  -0.0022322671   0.0012907313  -0.0022066334  -0.0021665512
61 13   0.6323752386  -0.1018113134   0.3121244323  -0.0030437778   0.0028031885
61 14  -0.0013515840  -0.0010803095  -0.0011773758  -0.0010140235   0.0003406635
61 15  -0.0000570598   0.0008207936   0.0002641643   0.0001831965   0.0005779510
61 16  -0.0016525147   0.0005113622  -0.0006833099  -0.0025807173   0.0017170790
61 17   0.0007972281
62  1  -0.0021455110   0.0013191896  -0.0004543827  -0.0001574844  -0.0005486995
62  2  -0.0001844085   0.0005040646   0.0006449889   0.0004589058   0.0001717096
62  3  -0.0001309105  -0.0000451157   0.0013579140  -0.0003920495   0.0005521498
62  4  -0.0001090844   0.0000092502  -0.0000960295   0.0001486749  -0.0001374218
62  5   0.0000547396  -0.0002897701  -0.0012371247  -0.0003000293  -0.0006230860
62  6   0.0006317528  -0.0002873959   0.0003227047  -0.0001340184   0.0002228858
62  7   0.0001761536  -0.0001022545  -0.0000065597   0.0000179693  -0.0000665666
62  8  -0.0000469304   0.0000129356   0.0000071147   0.0000229976  -0.0001431835
62  9  -0.0000437062  -0.0000277970  -0.0519631820   0.0121408403  -0.0315625001
62 10   0.0783253107  -0.1065720815   0.0361311540   0.0683494443  -0.0166486353
62 11   0.0301600577  -0.0113667316  -0.0084477102  -0.0099891842   0.0001779606
62 12   0.0107318539   0.0029166893   0.0140156642  -0.0114877894   0.0042478307
62 13  -0.1018113134   0.1170944601  -0.0368531952   0.0042405805  -0.0003565857
62 14   0.0025816868  -0.0002691056   0.0004572133  -0.0000856557  -0.0002700225
62 15  -0.0006236957  -0.0000854715   0.0001524805   0.0008580235   0.0004703256
62 16  -0.0012895799   0.0001342881  -0.0006413683   0.0024644870   0.0029002741
62 17   0.0028466008
63  1  -0.0035394680   0.0022879060  -0.0031025902   0.0003920010  -0.0001794598
63  2  -0.0002460739  -0.0007855476   0.0004907157  -0.0002402639   0.0008766095
63  3  -0.0011032911   0.0005971989  -0.0005528372   0.0008086700   0.0004070384
63  4  -0.0000373730  -0.0005910216  -0.0000783935  -0.0001828691   0.0003169471
63  5   0.0000956039   0.0009724398  -0.0002318640  -0.0005172472   0.0000789480
63  6  -0.0008349083   0.0004186096   0.0001608375   0.0006741556   0.0000345181
63  7  -0.0000962720   0.0000308918   0.0002427175  -0.0000398436   0.0000191341
63  8   0.0001648169  -0.0000038409  -0.0000437735  -0.0000295611   0.0000313144
63  9   0.0001938331  -0.0000721380  -0.0501953673  -0.0123984075  -0.0098221742
63 10  -0.2404466521   0.0315868899  -0.1981738556  -0.0178902860   0.0167437709
63 11   0.0132257100  -0.0013171054  -0.0014581658   0.0053699321  -0.0008956488
63 12   0.0011297001  -0.0014144148   0.0013754029  -0.0048271057   0.0034246536
63 13   0.3121244323  -0.0368531952   0.1948865321   0.0001256880   0.0014645141
63 14  -0.0005855324  -0.0008192974  -0.0006057469  -0.0004080196   0.0005010763
63 15   0.0000878078  -0.0007593939   0.0004745837   0.0004671825  -0.0003852843
63 16  -0.0010944745   0.0003737605  -0.0007650551   0.0007835493   0.0024510603
63 17  -0.0022673332
64  1  -0.0019477677   0.0021048811   0.0005946938   0.0005252326   0.0000477998
64  2   0.0001868204  -0.0013392914   0.0004580587  -0.0005078199   0.0007262733
64  3  -0.0004633555  -0.0000526227   0.0001437705   0.0003923827   0.0003657782
64  4   0.0001456404  -0.0004249058  -0.0001844225  -0.0003337946   0.0001278034
64  5  -0.0000664377   0.0014762490  -0.0003411648  -0.0002911791   0.0001933877
64  6  -0.0003558558  -0.0002413182   0.0001714688   0.0001745125   0.0001961668
64  7  -0.0000678124  -0.0000031438   0.0002203285  -0.0000275078  -0.0000155915
64  8   0.0001137913   0.0000089820   0.0000017364  -0.0000122506  -0.0000896591
64  9   0.0000961083  -0.0000253257   0.0037281290   0.0065933779   0.0043284479
64 10   0.0028147877  -0.0168252295  -0.0060900262  -0.0416301692   0.0648796389
64 11  -0.0142012927  -0.1549921923   0.1194141374  -0.0398004216   0.0159360894
64 12  -0.0156363332   0.0002196298  -0.0069874737  -0.0023097125  -0.0065709488
64 13  -0.0030437778   0.0042405805   0.0001256880   0.7187483396  -0.0935928495
64 14   0.3603357646  -0.1344783105  -0.1242938628  -0.1133667436  -0.4013526553
64 15   0.0570394537  -0.1871698274   0.0006680513  -0.0000101816   0.0007674366
64 16   0.0007142661  -0.0012066427   0.0006346174   0.0002897445  -0.0000916423
64 17   0.0004914735
65  1  -0.0014470798  -0.0043266048  -0.0015469089  -0.0020842728  -0.0014949882
65  2  -0.0011980108   0.0068023519  -0.0008460669   0.0035245892  -0.0024634700
65  3   0.0016229772  -0.0009785348   0.0009235594  -0.0003967094   0.0002586772
65  4  -0.0004148684   0.0003607776  -0.0001376043   0.0012840928   0.0000476572
65  5   0.0007691367  -0.0061069383  -0.0000131813  -0.0034392696  -0.0006829067
65  6   0.0006503389  -0.0003317198  -0.0001215449  -0.0004264526  -0.0002448429
65  7   0.0000577908   0.0000314147   0.0000415159  -0.0000045511   0.0000909865
65  8   0.0000524060  -0.0000725258  -0.0000038323  -0.0000140296   0.0002125539
65  9   0.0002298680   0.0001715447   0.0103389974  -0.0064792187   0.0042778331
65 10  -0.0097776857   0.0081685117  -0.0051270187   0.0373689704  -0.0133423048
65 11   0.0156148154   0.1146059783  -0.4139025528  -0.0188920138   0.0114680656
65 12  -0.0579332173  -0.0086161616  -0.0119669292   0.0086655696  -0.0054207706
65 13   0.0028031885  -0.0003565857   0.0014645141  -0.0935928495   0.8333393470
65 14   0.1670947353  -0.1177679979  -0.2786175572  -0.1542308966   0.0608301720
65 15  -0.0780348564   0.0057961913   0.0004620346   0.0013991226   0.0007573157
65 16   0.0002288921  -0.0004447992   0.0002032850  -0.0008830272   0.0020123568
65 17   0.0001512226
66  1  -0.0010114352   0.0007276815  -0.0015408015   0.0001583588   0.0001901706
66  2  -0.0003911169   0.0005029500  -0.0002620327  -0.0003217959  -0.0003186546
66  3   0.0002574307   0.0004619210  -0.0000081345  -0.0001830195  -0.0000845588
66  4  -0.0001351429   0.0001531459   0.0003227150  -0.0000674287  -0.0002043616
66  5  -0.0004874968  -0.0009188036  -0.0003107362   0.0003315527  -0.0005021491
66  6   0.0001405196   0.0008785386   0.0000893545   0.0000147773   0.0000658401
66  7   0.0001390615  -0.0000644863  -0.0002734770   0.0000228055  -0.0000434781
66  8  -0.0001789237  -0.0000097117   0.0000209092  -0.0000178950  -0.0001121858
66  9  -0.0001116453  -0.0001144534   0.0040017704   0.0029147628   0.0022017250
66 10  -0.0030446228  -0.0101471049   0.0024221121  -0.0227663791   0.0316263073
66 11   0.0042628004  -0.0365953967  -0.0240791726  -0.0693846826   0.0069672997
66 12  -0.0233480679   0.0077961912  -0.0079773140  -0.0010959108  -0.0007630901
66 13  -0.0013515840   0.0025816868  -0.0005855324   0.3603357646   0.1670947353
66 14   0.2500544447  -0.1095715893  -0.1524850507  -0.1079139680  -0.1904727737
66 15   0.0062410341  -0.0859620133   0.0011061520   0.0005965799  -0.0001399071
66 16   0.0010438571  -0.0006442198  -0.0005058994   0.0004959316   0.0004195453
66 17  -0.0001322288
67  1  -0.0015729189   0.0028051772  -0.0009621060   0.0010308664   0.0010266689
67  2   0.0006782477  -0.0032210455  -0.0004574772  -0.0016226345   0.0012073373
67  3  -0.0004006157   0.0006986776  -0.0009011537  -0.0000175944  -0.0005188108
67  4   0.0002673889   0.0000359309   0.0001351818  -0.0001394977   0.0000812010
67  5  -0.0001318984   0.0015391749   0.0009140348   0.0020477812   0.0005539110
67  6  -0.0003298668   0.0001385160  -0.0001847620   0.0000846412  -0.0000813600
67  7  -0.0001003684   0.0000227885  -0.0000329289  -0.0000034511   0.0000168710
67  8   0.0000075012   0.0000557674  -0.0000042325   0.0000260693   0.0001488072
67  9  -0.0001316969   0.0000062670  -0.0016541287   0.0001146166  -0.0009604696
67 10   0.0009612225  -0.0007891899   0.0012466650  -0.0036789190   0.0007061785
67 11  -0.0000750207   0.0149438884   0.0043299875   0.0122305998  -0.0007099093
67 12   0.0049205343  -0.0018362781   0.0027342661  -0.0003121776   0.0000782823
67 13  -0.0010803095  -0.0002691056  -0.0008192974  -0.1344783105  -0.1177679979
67 14  -0.1095715893   0.1295985026   0.1282786512   0.1067004982  -0.0049638870
67 15  -0.0228292112  -0.0079116929  -0.0000368413   0.0001255655   0.0002849694
67 16  -0.0003222157   0.0001141078   0.0002932655   0.0000065855  -0.0002677894
67 17  -0.0000484355
68  1   0.0015742285   0.0017595451   0.0009032461   0.0021867298   0.0019644425
68  2   0.0015625216  -0.0072313503   0.0004031802  -0.0036757857   0.0027835227
68  3  -0.0014482291   0.0011929265  -0.0012201065   0.0002939780  -0.0005864411
68  4   0.0003928965  -0.0001632891   0.0001641021  -0.0010488289   0.0001179056
68  5  -0.0006105851   0.0055328104  -0.0003046704   0.0033543119   0.0007297811
68  6  -0.0006144268   0.0001479449   0.0001041340   0.0002382020   0.0001532779
68  7  -0.0001089536  -0.0000304912  -0.0000358455  -0.0000164585  -0.0000482767
68  8  -0.0000212391   0.0000846375   0.0000157498   0.0000444485   0.0000198516
68  9  -0.0002465491  -0.0000776916  -0.0013175661   0.0010979552  -0.0004859517
68 10   0.0018343452  -0.0020166320   0.0011517942  -0.0057264811   0.0046039267
68 11  -0.0011846237  -0.0110309089  -0.0277087467  -0.0136047166   0.0036006949
68 12   0.0001507229   0.0010655124   0.0006131069  -0.0015043111  -0.0006353962
68 13  -0.0011773758   0.0004572133  -0.0006057469  -0.1242938628  -0.2786175572
68 14  -0.1524850507   0.1282786512   0.2900687876   0.1561292202   0.0053017034
68 15   0.0119902599   0.0078740725  -0.0001408416   0.0000231151   0.0000367247
68 16   0.0001471766  -0.0002882476   0.0001963877   0.0001284637  -0.0001935569
68 17   0.0000325825
69  1  -0.0011677248   0.0016037143   0.0011754015   0.0010238803   0.0010153667
69  2   0.0011277737  -0.0033651689  -0.0000456951  -0.0021547313   0.0014992431
69  3  -0.0004962868   0.0004775522  -0.0008454780  -0.0000191709  -0.0003237502
69  4   0.0002384736  -0.0000328793   0.0002431522  -0.0004091483  -0.0000125736
69  5   0.0000016640   0.0032117907   0.0008682236   0.0002899281   0.0004611339
69  6  -0.0003542266   0.0002097801  -0.0000798495   0.0000974727   0.0000082831
69  7  -0.0000836339  -0.0000100637  -0.0000293712  -0.0000039787  -0.0000119847
69  8  -0.0000079805   0.0000528582  -0.0000006583   0.0000403421   0.0000420538
69  9  -0.0001708883   0.0000642978  -0.0010552280   0.0002258058  -0.0005418947
69 10   0.0017050605  -0.0004254927  -0.0005736558  -0.0008896424   0.0021163812
69 11  -0.0035447046   0.0074773364  -0.0004862559   0.0011599660  -0.0023098636
69 12   0.0016125917   0.0034135866   0.0001038329  -0.0006902324   0.0021724254
69 13  -0.0010140235  -0.0000856557  -0.0004080196  -0.1133667436  -0.1542308966
69 14  -0.1079139680   0.1067004982   0.1561292202   0.1117719303   0.0015284505
69 15  -0.0068444105  -0.0056874196   0.0002110539   0.0001682023  -0.0003291048
69 16   0.0002701873   0.0002200862  -0.0005650449   0.0000646299  -0.0001396938
69 17  -0.0000764379
70  1  -0.0006268187  -0.0002721233  -0.0005687557  -0.0000317086   0.0000956504
70  2   0.0000309075  -0.0000784933  -0.0001579316  -0.0000619494   0.0000583130
70  3   0.0000327855   0.0000336886  -0.0001389026  -0.0000301869  -0.0001147474
70  4  -0.0000035565   0.0000699567  -0.0000226527   0.0000122395   0.0000183710
70  5   0.0000165638  -0.0001284044   0.0000808907   0.0001280158   0.0000611112
70  6   0.0000115683  -0.0000512851  -0.0000274005  -0.0000189496  -0.0000355712
70  7  -0.0000224213   0.0000069756  -0.0000001161  -0.0000022548   0.0000110961
70  8   0.0000064388   0.0000020009  -0.0000025596  -0.0000023106   0.0000453067
70  9  -0.0000128854  -0.0000063486   0.0009687296  -0.0004520960   0.0003784966
70 10   0.0002208003   0.0011775789  -0.0018546689   0.0034180128   0.0002939998
70 11   0.0002874910  -0.0105676510   0.0023582156  -0.0008041950   0.0007678077
70 12  -0.0029095522   0.0009379367  -0.0015347939   0.0003981988  -0.0000603695
70 13   0.0003406635  -0.0002700225   0.0005010763  -0.4013526553   0.0608301720
70 14  -0.1904727737  -0.0049638870   0.0053017034   0.0015284505   0.4131628342
70 15  -0.0667069699   0.1906195704   0.0004106306  -0.0000348731  -0.0003457542
70 16   0.0000843646  -0.0000294291  -0.0000849618  -0.0000738666   0.0002104161
70 17   0.0000178240
71  1   0.0000003508  -0.0005004297  -0.0000776702  -0.0000968820  -0.0001470269
71  2  -0.0001324439   0.0001962649   0.0000688060   0.0000723530  -0.0001367922
71  3  -0.0000598760  -0.0000699778   0.0000983978   0.0000802002   0.0001101314
71  4  -0.0000662146  -0.0000814055  -0.0000102441  -0.0000862179  -0.0000071511
71  5  -0.0000625957  -0.0002309091  -0.0005673654  -0.0003289907  -0.0001144970
71  6  -0.0000388127   0.0000473094   0.0000482516   0.0000107025   0.0000336689
71  7   0.0000028596  -0.0000036386   0.0000129786  -0.0000070581  -0.0000088334
71  8   0.0000019325  -0.0000156955   0.0000041014  -0.0000095788  -0.0000550914
71  9   0.0000444244  -0.0000446643  -0.0008853318  -0.0002617120  -0.0005739004
71 10   0.0015467311   0.0018035057   0.0004679824   0.0021224807  -0.0057189390
71 11  -0.0009586969   0.0302356350  -0.0002438357   0.0170284459   0.0004526729
71 12   0.0006056648   0.0008961452   0.0002651620  -0.0001455903   0.0005194597
71 13  -0.0000570598  -0.0006236957   0.0000878078   0.0570394537  -0.0780348564
71 14   0.0062410341  -0.0228292112   0.0119902599  -0.0068444105  -0.0667069699
71 15   0.0727343851  -0.0153752606  -0.0006097879  -0.0008712579  -0.0008821158
71 16  -0.0000333161   0.0000609898  -0.0000862639  -0.0000772256  -0.0000886134
71 17  -0.0000624351
72  1  -0.0000482381  -0.0003069446  -0.0004250412  -0.0000839337   0.0000092231
72  2   0.0001508462   0.0000508873  -0.0001634723   0.0001232612   0.0000560528
72  3   0.0000828384  -0.0000299282   0.0000227813  -0.0000172322  -0.0001849489
72  4   0.0000812979   0.0000897643  -0.0000825818   0.0000182117  -0.0000390083
72  5   0.0000124962  -0.0001392959  -0.0000530262   0.0000117239   0.0002005278
72  6   0.0001116888  -0.0002838582   0.0000005391  -0.0000137306  -0.0000187258
72  7   0.0000173946  -0.0000010060  -0.0000549478   0.0000107632   0.0000018749
72  8  -0.0000300963  -0.0000041505  -0.0000019510   0.0000075703  -0.0000349521
72  9  -0.0000388756   0.0000587864   0.0004269051  -0.0004986427   0.0001038840
72 10  -0.0019053421   0.0006249282   0.0029684639   0.0009136316  -0.0019336830
72 11   0.0035780119   0.0032616435   0.0051639615  -0.0043704911   0.0016353600
72 12  -0.0014402054  -0.0016003042  -0.0000787325   0.0007264523  -0.0013204704
72 13   0.0008207936  -0.0000854715  -0.0007593939  -0.1871698274   0.0057961913
72 14  -0.0859620133  -0.0079116929   0.0078740725  -0.0056874196   0.1906195704
72 15  -0.0153752606   0.0928543743  -0.0005827860  -0.0005942942   0.0007380634
72 16  -0.0001184795  -0.0000506296   0.0001955874  -0.0000589292   0.0001324385
72 17   0.0000071515
73  1   0.0001137628   0.0001668139  -0.0000606900   0.0000014336  -0.0000078453
73  2  -0.0000102109  -0.0000428396   0.0000295160   0.0000021113  -0.0000014988
73  3   0.0000135104   0.0000169202   0.0000219319  -0.0000072734   0.0000293025
73  4  -0.0000053581  -0.0000043702  -0.0000153882  -0.0000125240   0.0000036194
73  5   0.0000207576   0.0000185484  -0.0000323823   0.0000023989  -0.0000089758
73  6   0.0000061022  -0.0000211701   0.0000081929  -0.0000005554   0.0000027213
73  7  -0.0000045809  -0.0000000531   0.0000164502  -0.0000018601  -0.0000003201
73  8   0.0000101592   0.0000010909  -0.0000004620  -0.0000009952  -0.0000007242
73  9   0.0000034878  -0.0000044216   0.0038227982   0.0027396054  -0.0018478610
73 10   0.0000670067  -0.0009550941  -0.0003250491   0.0009313156  -0.0016280222
73 11  -0.0022378694  -0.0082734011   0.0052948760  -0.0015012916  -0.2884020794
73 12   0.0395185844  -0.1411945859  -0.0080858228  -0.0025008663  -0.0036981351
73 13   0.0002641643   0.0001524805   0.0004745837   0.0006680513   0.0004620346
73 14   0.0011061520  -0.0000368413  -0.0001408416   0.0002110539   0.0004106306
73 15  -0.0006097879  -0.0005827860   0.2990110791  -0.0418316078   0.1482731948
73 16  -0.0006741279  -0.0005923794   0.0022131736   0.0002106277  -0.0000787695
73 17  -0.0008785252
74  1   0.0000232347   0.0002940527   0.0000544850   0.0000270914  -0.0000041447
74  2  -0.0000036928  -0.0001442674   0.0000848223  -0.0000784995   0.0000269446
74  3  -0.0000189461   0.0000330205   0.0000481966   0.0000198207   0.0000445512
74  4  -0.0000280065  -0.0000227765   0.0000028926  -0.0000366677   0.0000140207
74  5  -0.0000221406   0.0001145010  -0.0000324895   0.0000207277  -0.0000573763
74  6   0.0000042144   0.0000272637   0.0000227963  -0.0000031046   0.0000126590
74  7   0.0000013672  -0.0000016391   0.0000068822  -0.0000049521  -0.0000023000
74  8   0.0000021682  -0.0000025519   0.0000039359  -0.0000005180  -0.0000043827
74  9   0.0000106143  -0.0000100117   0.0032882007  -0.0051514580  -0.0012548935
74 10  -0.0002316626  -0.0027517164  -0.0008097504  -0.0033064683  -0.0038412469
74 11  -0.0037646752  -0.0217654846   0.0075694565  -0.0097017392   0.0378941098
74 12  -0.0613879509   0.0115842648   0.0252203900   0.0014232826   0.0152406160
74 13   0.0001831965   0.0008580235   0.0004671825  -0.0000101816   0.0013991226
74 14   0.0005965799   0.0001255655   0.0000231151   0.0001682023  -0.0000348731
74 15  -0.0008712579  -0.0005942942  -0.0418316078   0.0612739168  -0.0132652974
74 16  -0.0007349053   0.0006903381   0.0008601289   0.0012177937   0.0004202945
74 17   0.0003838878
75  1   0.0001663086   0.0001509885   0.0000227753  -0.0000349342  -0.0000086424
75  2   0.0001315537  -0.0001099024  -0.0000139080   0.0000237581   0.0000696449
75  3   0.0000443997  -0.0000307390   0.0000832472   0.0000081997  -0.0001182431
75  4   0.0000469947   0.0000396365  -0.0000696304  -0.0000180901  -0.0000187542
75  5  -0.0000228201  -0.0000329038  -0.0000591294   0.0002267823   0.0001202702
75  6   0.0000953199  -0.0002208534   0.0000210039   0.0000039510  -0.0000041941
75  7   0.0000247585  -0.0000017351  -0.0000438665   0.0000096844  -0.0000016751
75  8  -0.0000288041  -0.0000028761  -0.0000009363   0.0000046795  -0.0000254925
75  9  -0.0000197349   0.0000178418  -0.0016483965  -0.0015847938   0.0067368278
75 10  -0.0000212396  -0.0012404602  -0.0002040995  -0.0026538599  -0.0028018156
75 11   0.0020188488  -0.0079176136   0.0056358728  -0.0062554493  -0.1421287447
75 12   0.0125222361  -0.0954474956   0.0028941708  -0.0004777713  -0.0009625558
75 13   0.0005779510   0.0004703256  -0.0003852843   0.0007674366   0.0007573157
75 14  -0.0001399071   0.0002849694   0.0000367247  -0.0003291048  -0.0003457542
75 15  -0.0008821158   0.0007380634   0.1482731948  -0.0132652974   0.0963694621
75 16   0.0021444257   0.0009659427  -0.0033397968  -0.0005442530  -0.0003541430
75 17   0.0013122512
76  1  -0.0002410829   0.0001179175   0.0000753710  -0.0000063402   0.0000316690
76  2  -0.0000189362  -0.0000707170   0.0000093295  -0.0000224486   0.0000339848
76  3   0.0000001599  -0.0000362216  -0.0000430545   0.0000262640  -0.0000093254
76  4  -0.0000028168   0.0000268999  -0.0000272928  -0.0000413521   0.0000204494
76  5  -0.0000136273   0.0000200318   0.0000176121  -0.0000057363   0.0000166930
76  6   0.0000288085  -0.0000260489   0.0000015816   0.0000187425   0.0000071753
76  7  -0.0000036760   0.0000009480   0.0000084050  -0.0000009587   0.0000024940
76  8   0.0000037104   0.0000022486   0.0000013413  -0.0000028691  -0.0000086990
76  9  -0.0000078787  -0.0000036366  -0.0131463308  -0.0274025031  -0.0163388722
76 10  -0.0009410721   0.0052278429  -0.0019501089   0.0002362335  -0.0004254565
76 11   0.0008327831   0.0005070050   0.0044067440  -0.0047486570   0.0110058756
76 12   0.0119712218   0.0055133574  -0.0989848741  -0.0910475815  -0.0538830796
76 13  -0.0016525147  -0.0012895799  -0.0010944745   0.0007142661   0.0002288921
76 14   0.0010438571  -0.0003222157   0.0001471766   0.0002701873   0.0000843646
76 15  -0.0000333161  -0.0001184795  -0.0006741279  -0.0007349053   0.0021444257
76 16   0.1032799908   0.0994059666   0.0669630859   0.0002375569  -0.0007492585
76 17   0.0014374564
77  1  -0.0000259134  -0.0001536822   0.0000392253  -0.0000142755  -0.0000126826
77  2  -0.0000018117   0.0000079518  -0.0000185826  -0.0000022323   0.0000012687
77  3  -0.0000026866  -0.0000090744  -0.0000104767  -0.0000015661  -0.0000159293
77  4  -0.0000083546  -0.0000063621  -0.0000056960  -0.0000052342  -0.0000022249
77  5  -0.0000083794  -0.0000303712  -0.0000262667  -0.0000165473   0.0000029552
77  6  -0.0000072910  -0.0000033736  -0.0000065451  -0.0000059277  -0.0000081717
77  7  -0.0000036551   0.0000035332  -0.0000021143  -0.0000021416   0.0000017255
77  8  -0.0000008085  -0.0000019789   0.0000010320  -0.0000008956   0.0000026076
77  9   0.0000030287  -0.0000009699   0.0051057380   0.0098252385   0.0042027258
77 10   0.0020469889   0.0010568939   0.0003051478   0.0004599341   0.0001958496
77 11   0.0006389471   0.0039576502  -0.0039810648  -0.0011842387  -0.0123517655
77 12  -0.0131388495  -0.0116131968  -0.0968134283  -0.2603305996  -0.1067470745
77 13   0.0005113622   0.0001342881   0.0003737605  -0.0012066427  -0.0004447992
77 14  -0.0006442198   0.0001141078  -0.0002882476   0.0002200862  -0.0000294291
77 15   0.0000609898  -0.0000506296  -0.0005923794   0.0006903381   0.0009659427
77 16   0.0994059666   0.2658209941   0.1130819524  -0.0005139400   0.0006269216
77 17   0.0004875756
78  1   0.0000388760   0.0001563844  -0.0003142373  -0.0000065330   0.0000295287
78  2  -0.0000370435  -0.0000358090   0.0000049749  -0.0000499350  -0.0000146246
78  3  -0.0000014869   0.0000331833  -0.0000222812   0.0000253678  -0.0000336929
78  4  -0.0000123311   0.0000248362  -0.0000239943  -0.0000188122   0.0000245357
78  5  -0.0000503244   0.0000026402   0.0000142730  -0.0000017547  -0.0000081341
78  6   0.0000269297  -0.0000049565   0.0000020791   0.0000126615   0.0000083215
78  7   0.0000019394  -0.0000014140  -0.0000093007   0.0000000756   0.0000009850
78  8  -0.0000083200  -0.0000032775  -0.0000016961  -0.0000020801  -0.0000063216
78  9  -0.0000046839  -0.0000016693  -0.0087763504  -0.0141694908  -0.0039221651
78 10  -0.0027022069   0.0021139050   0.0037119919   0.0010324012   0.0001263557
78 11  -0.0007757788  -0.0048545542  -0.0008824075   0.0077298445  -0.0002156373
78 12   0.0021569625   0.0067953508  -0.0552500718  -0.1036198503  -0.0948137964
78 13  -0.0006833099  -0.0006413683  -0.0007650551   0.0006346174   0.0002032850
78 14  -0.0005058994   0.0002932655   0.0001963877  -0.0005650449  -0.0000849618
78 15  -0.0000862639   0.0001955874   0.0022131736   0.0008601289  -0.0033397968
78 16   0.0669630859   0.1130819524   0.0884474604   0.0015130624   0.0003492075
78 17  -0.0016968947
79  1   0.0004206417  -0.0002271236  -0.0000211697  -0.0002039869  -0.0001123879
79  2  -0.0000011131   0.0000652747   0.0000670677   0.0001501166  -0.0002736599
79  3   0.0000601774  -0.0001084812   0.0001768295  -0.0000612292   0.0000328389
79  4  -0.0000839665   0.0000483939  -0.0000584719  -0.0000864923  -0.0000164215
79  5   0.0000364370  -0.0002433993  -0.0002137503   0.0000159879  -0.0000932940
79  6   0.0001682263  -0.0001415585   0.0000593366  -0.0000213117  -0.0000078392
79  7   0.0000324033  -0.0000052815  -0.0000133020  -0.0000006928  -0.0000035633
79  8  -0.0000095250  -0.0000093638  -0.0000000354   0.0000011988  -0.0000260823
79  9  -0.0000089186   0.0000041386  -0.1239476499   0.1637555763  -0.0297119293
79 10   0.0155352231  -0.0157412817   0.0058185014  -0.0008817621  -0.0040077853
79 11  -0.0036263325  -0.0008559709   0.0004470286  -0.0003035202  -0.0029835268
79 12  -0.0020893229  -0.0048521668  -0.0106445903   0.0271742887   0.0041152231
79 13  -0.0025807173   0.0024644870   0.0007835493   0.0002897445  -0.0008830272
79 14   0.0004959316   0.0000065855   0.0001284637   0.0000646299  -0.0000738666
79 15  -0.0000772256  -0.0000589292   0.0002106277   0.0012177937  -0.0005442530
79 16   0.0002375569  -0.0005139400   0.0015130624   0.1259547983  -0.1715488977
79 17   0.0264269763
80  1   0.0002660439  -0.0004772945  -0.0000136193   0.0000896449   0.0001340531
80  2   0.0000816607  -0.0002326121  -0.0001259040  -0.0001655321   0.0001044235
80  3   0.0000311200   0.0000748908  -0.0001788515  -0.0000332682  -0.0001084239
80  4   0.0000340546   0.0000131742   0.0000264679  -0.0000355238  -0.0000189647
80  5  -0.0000247093   0.0002162150   0.0001217521   0.0001524442   0.0000882542
80  6  -0.0000663715   0.0000375578  -0.0000391726  -0.0000239610  -0.0000364810
80  7  -0.0000292662   0.0000076981  -0.0000174360  -0.0000009375   0.0000015404
80  8  -0.0000028572   0.0000031386  -0.0000013946   0.0000011727   0.0000071851
80  9  -0.0000209728  -0.0000029562   0.1627843644  -0.4006283308   0.0002955806
80 10   0.0126420426  -0.0192567229   0.0029683406  -0.0016019970  -0.0033278237
80 11  -0.0025889767  -0.0031731519  -0.0028964498  -0.0024337848  -0.0010961396
80 12   0.0057098226  -0.0004296700   0.0009611479   0.0035759202   0.0029685744
80 13   0.0017170790   0.0029002741   0.0024510603  -0.0000916423   0.0020123568
80 14   0.0004195453  -0.0002677894  -0.0001935569  -0.0001396938   0.0002104161
80 15  -0.0000886134   0.0001324385  -0.0000787695   0.0004202945  -0.0003541430
80 16  -0.0007492585   0.0006269216   0.0003492075  -0.1715488977   0.4116047009
80 17  -0.0036406580
81  1   0.0002758074  -0.0001902277   0.0002353567  -0.0000460187  -0.0000471177
81  2   0.0000354367   0.0000181717   0.0000345205   0.0000966739  -0.0000739252
81  3   0.0000366300  -0.0000778572   0.0000932780  -0.0000345219   0.0000330967
81  4  -0.0000018651  -0.0000130640  -0.0000232353   0.0000140105   0.0000027016
81  5   0.0000382079  -0.0000374363  -0.0000645891   0.0000531422   0.0000082314
81  6   0.0000355892  -0.0001147897   0.0000057031  -0.0000246664   0.0000295890
81  7  -0.0000020656  -0.0000075653   0.0000159103  -0.0000001823  -0.0000038931
81  8   0.0000055389  -0.0000032887  -0.0000063147   0.0000031221  -0.0000033348
81  9   0.0000042333   0.0000137740  -0.0299997135   0.0007117383  -0.0289609042
81 10   0.0125339799  -0.0131600527   0.0026173598  -0.0030354471  -0.0039422588
81 11   0.0011901238  -0.0012543839  -0.0003674962  -0.0007952633  -0.0046871795
81 12  -0.0009121413   0.0020658464  -0.0020483389   0.0177497200  -0.0036647859
81 13   0.0007972281   0.0028466008  -0.0022673332   0.0004914735   0.0001512226
81 14  -0.0001322288  -0.0000484355   0.0000325825  -0.0000764379   0.0000178240
81 15  -0.0000624351   0.0000071515  -0.0008785252   0.0003838878   0.0013122512
81 16   0.0014374564   0.0004875756  -0.0016968947   0.0264269763  -0.0036406580
81 17   0.0300571490
$end
