$grad          cartesian gradients
  cycle =      1 ADC(2) energy =     -695.6153103193 |dE/dxyz| =  0.187060
    1.81529683565508      7.42139953884994      4.05786302476625      o
   -2.31627517623162      3.28033699009684     -1.00332167664631      n
    4.19723123852838      3.26074436682262      1.66615038120788      n
    1.22378219590757      0.90383596992362     -2.10921444849239      n
   -1.89703688997353      6.54045692528034      1.97723769209913      n
   -5.73426570905864      5.91947718732581     -0.11644404539415      n
    0.19573032141113      2.75583625448329     -0.59356551707704      c
    1.67279404559348      3.97990649877188      1.17204125619799      c
   -3.26035494065860      5.15224045467671      0.28826203246319      c
    0.66149712923126      6.07611194694942      2.55482804286582      c
    5.39494640581451      1.88938842209246     -0.42160733475294      c
    3.59605173565392     -0.20935529333940     -1.26451961336893      c
    7.86896022161762      0.80285098768179      0.59010632966812      c
   -2.64406580268539      8.11379964647374      2.78384301382615      h
    3.34014100355210     -1.53571964953308      0.31607137457542      h
   -6.71937914292556      6.35192688087651      1.46870492266965      h
   -6.65964532115745      4.66640381943520     -1.23147795714185      h
    8.79244675137581     -0.36726975438620     -0.85046331979969      h
    9.15796020883660      2.38157433816955      1.04867222871409      h
    7.44129986140990     -0.74867123485109      2.71818848005644      o
    6.25122584963237      0.18636207256592      3.75616059855964      h
    5.20008599716256      4.82026327424508      2.20242822302224      h
   -0.08272309443806     -0.27973891104299     -2.86196733697099      h
    4.45256326355513     -1.23141982685558     -2.85353304510790      h
    5.78156264930050      3.11869310724000     -2.06561691886057      h
  -.12141228881367D-01  -.16902460409678D-01  -.19225694657770D-01
  -.55761596105608D-01  0.35239568345897D-01  0.13624981455063D-01
  0.18167162669826D-01  -.77512652067222D-02  0.21712353683563D-01
  -.14775937042835D-01  -.25082125116178D-02  -.24656459336576D-02
  0.98067945991165D-02  -.30167935019374D-01  -.26042350305564D-01
  0.21323535819207D-03  -.23737354678035D-02  0.40801150717726D-02
  0.90379832715943D-01  0.47562024945307D-01  0.64938609075887D-01
  -.46958991359516D-01  -.53903097473748D-01  -.64784476262108D-01
  0.19848666353180D-01  -.12718694357944D-01  -.83593269213389D-02
  -.80542013442555D-02  0.34098512438766D-01  0.26273862627168D-01
  -.28480884003192D-02  0.13086671834638D-01  -.14461202244642D-03
  -.48609355763540D-03  -.14764338936573D-02  0.22442052719547D-02
  -.16225859556904D-02  0.30384044343529D-03  0.64426955117547D-05
  -.20898990922027D-02  -.74408349094046D-03  0.33485263067967D-02
  0.65441527988930D-03  0.12951408819486D-02  -.33279795475534D-02
  0.18603070549124D-02  0.94819381418954D-03  -.33102618518566D-02
  0.73720699966273D-03  0.13509282715418D-03  -.24593382434102D-04
  0.18747708884082D-03  -.32014419774695D-03  -.58013994352013D-04
  0.11876642122122D-03  0.19701295726815D-04  0.90826462310956D-04
  0.65783472345338D-03  -.11769509082384D-02  0.10089960169388D-02
  -.92929724642410D-03  0.20582249700900D-02  -.17391733606904D-02
  -.48961902653577D-03  -.11478503273707D-02  -.88318213389069D-02
  0.19146559026124D-02  0.10302976335286D-03  0.24700464005121D-02
  -.18409838426603D-03  0.13406229106927D-03  -.66160842832730D-03
  0.17952809456863D-02  -.37932006405978D-02  -.82340729710806D-03
  cycle =      2 ADC(2) energy =     -695.6298214155 |dE/dxyz| =  0.125449
    1.86087653294460      7.42729715327581      4.05731886884329      o
   -2.34122413318127      3.25522591540353     -1.02026213315528      n
    4.14425390387685      3.25126046411929      1.64444306490227      n
    1.23923949260531      0.85857616814927     -2.14191014580181      n
   -1.89993833072893      6.60367538327249      1.98838667949205      n
   -5.75680371371563      5.93885157769257     -0.09067632801701      n
    0.12510469710114      2.70041096124890     -0.65804499066980      c
    1.64302877450698      3.98829431248017      1.16302111156448      c
   -3.27527986348688      5.17458779740762      0.29698850566878      c
    0.67153751662460      6.08908911944649      2.54149294842664      c
    5.37951973181930      1.86769136541308     -0.41126643065514      c
    3.60677601974247     -0.23748210754788     -1.26242352063756      c
    7.87854687906285      0.82450006222528      0.59304797428310      c
   -2.61135220044212      8.21432973246882      2.74724206351276      h
    3.33377056081663     -1.55058495116448      0.33286720673852      h
   -6.72696361085207      6.37016290666352      1.50929197607115      h
   -6.69213854329024      4.67355256952483     -1.18433243595444      h
    8.81930994357038     -0.32008183675164     -0.85620447512121      h
    9.13714053101583      2.42859348288135      1.04728984867407      h
    7.50601446892756     -0.74360001090812      2.72101244191970      o
    6.30951338737455      0.15242189373705      3.78434431676578      h
    5.16172926734241      4.74984671034140      2.32458023302319      h
   -0.01680074616440     -0.30263430809915     -3.01358647913858      h
    4.48887758798740     -1.27150880952560     -2.82885196598046      h
    5.74509148365176      3.10695846019780     -2.05494194767526      h
  -.47152807135387D-02  -.51941544764098D-02  -.68261854958784D-02
  -.47932149462618D-01  0.27923165806534D-01  0.11457119443325D-01
  0.86755899688971D-02  -.21182511998159D-02  0.13956497299269D-01
  -.37713370973540D-02  -.98195647378496D-02  -.53023376913330D-02
  0.23077462258101D-02  -.15639882162469D-01  -.17564128089246D-01
  0.49193034069717D-03  -.21114422254245D-02  0.35314718861126D-02
  0.62436782538415D-01  0.29771598164113D-01  0.38856408453058D-01
  -.29886341309214D-01  -.36941608500806D-01  -.40462757429080D-01
  0.12208835683368D-01  -.10823942546606D-01  -.10234038809628D-01
  -.19278722967568D-02  0.20455570199949D-01  0.18123475120607D-01
  -.34978721004428D-02  0.67232469870302D-02  0.48240325240978D-03
  0.94079578151041D-03  0.48747793402359D-03  -.17534820798515D-02
  -.42372621825493D-04  -.85307347935581D-03  -.10317318724842D-02
  -.13455261271225D-02  -.14387111294889D-02  0.37811421494442D-02
  0.44559930801458D-03  0.72113795777007D-03  -.12092330963194D-02
  0.97778430098439D-03  0.17136130595068D-02  -.20320676754140D-02
  0.76774524159307D-03  0.87772078585679D-04  0.29948768963894D-04
  0.41018521507530D-03  -.19801558683952D-03  0.52844259751605D-04
  0.17495604479167D-03  -.70006322034022D-04  0.12477408723011D-03
  0.14174322688802D-02  -.95026398896181D-03  0.12616163769117D-02
  -.91209742957465D-03  0.17168712044746D-02  -.11184891239857D-02
  0.92136609483839D-03  0.14945962891399D-03  -.44565302614794D-02
  0.76521051211742D-03  -.75740041676742D-03  0.93814867310726D-03
  0.32408993405308D-03  -.19816116342541D-03  -.22877706067925D-03
  0.76479937632379D-03  -.26354347907040D-02  -.37609104720682D-03
  cycle =      3 ADC(2) energy =     -695.6407904033 |dE/dxyz| =  0.038080
    1.91194722429401      7.50601737879361      4.00501588549351      o
   -2.29397356833946      3.20779928956523     -1.03131749159680      n
    4.12983249308939      3.28145700424021      1.58589436737816      n
    1.24894378399745      0.88930919496181     -2.16491298596735      n
   -1.89331356070394      6.69742098145800      1.98854257453625      n
   -5.79221398173821      5.84413884655767     -0.01643564798049      n
    0.07879336424611      2.69189440873960     -0.71519996998699      c
    1.66123271186315      4.07354401311073      1.15490570092033      c
   -3.27018536150122      5.17222949990499      0.32447283784200      c
    0.69482646391143      6.15641490418066      2.49264747111086      c
    5.38771797593552      1.86698467830468     -0.42589970428790      c
    3.60273338514728     -0.21906378047271     -1.27325688783747      c
    7.85510875296674      0.80377971680619      0.62205947007842      c
   -2.55245311921544      8.38832346236488      2.60016265679832      h
    3.30994948481215     -1.52572136913741      0.32930192518793      h
   -6.73408186341786      6.22401563882529      1.61921192356009      h
   -6.70516069304846      4.52205391420045     -1.06326440630100      h
    8.81492307886837     -0.33177229496853     -0.82052424897688      h
    9.11163040502908      2.39945327142496      1.10926620819507      h
    7.44411186143127     -0.78209415713615      2.73104231460468      o
    6.23952916176302      0.09089355241837      3.80063333511243      h
    5.17251903747758      4.65667541965192      2.46568405684620      h
    0.04655538702908     -0.20380331922120     -3.18907748965611      h
    4.47816968383162     -1.26685024143405     -2.83234165747887      h
    5.78268752938042      3.10633399881319     -2.06778385051517      h
  -.58984438860321D-03  0.19087343195494D-02  0.82583950409187D-03
  -.83520070131406D-02  0.73121294604501D-02  0.96535383176164D-02
  0.18588274382374D-02  -.38370812234412D-03  0.49104910340692D-03
  -.36669198164834D-02  -.71316742623138D-02  -.21677331221568D-02
  -.25501727556074D-02  0.26001970774336D-02  -.78027054537912D-02
  0.61750989456044D-03  -.17534263242576D-02  0.20083562092519D-02
  0.14551606585428D-01  0.13019550562361D-01  0.86289950697256D-02
  -.13148827476970D-01  -.81778909280447D-02  -.72985402238001D-02
  0.66730755681341D-02  -.79766798680074D-02  -.10787980107308D-01
  0.34958613805980D-02  -.56157149474351D-04  0.40573266478976D-02
  -.13865985472741D-02  0.11554250972495D-02  0.60851171842979D-03
  0.14436373295514D-02  0.25354546660719D-02  -.23833160689426D-02
  -.38917651606329D-03  -.17047884046958D-02  -.19131047812819D-02
  -.11035892344715D-02  -.31063965977847D-02  0.47365524472989D-02
  0.88347539026978D-04  -.34277309672381D-03  0.10927282980768D-02
  0.53814800022867D-04  0.21015711769414D-02  -.75216713232207D-03
  0.44827969200512D-03  -.43368817482126D-04  0.23792021565505D-03
  0.23211214001151D-03  0.11817124303137D-03  -.10089618052156D-04
  -.53489758887970D-04  0.44546717718585D-04  0.41541879030715D-04
  0.74512577978325D-03  0.68839636039542D-04  0.17257788261862D-02
  -.56368941392515D-03  0.59246382253786D-03  -.53210339770837D-03
  0.12300574274744D-02  0.24551146101004D-04  0.76122826174396D-03
  0.27307724928072D-03  -.52821873940267D-03  -.78187354337889D-03
  0.12379819026753D-03  0.28662018154879D-04  0.18606680513411D-03
  -.30816233668407D-04  -.30521433053865D-03  -.62581970082398D-03
  cycle =      4 ADC(2) energy =     -695.6450797146 |dE/dxyz| =  0.026937
    1.98206060453129      7.61230986649184      3.84347750547610      o
   -2.29204897175049      3.22836655873332     -1.08114772569454      n
    4.12918084737906      3.35740360464214      1.52059588531284      n
    1.31018115073173      1.01017706419547     -2.28433385527073      n
   -1.86455587121373      6.78973881634659      1.91948572283811      n
   -5.87912855131330      5.64698665861328      0.26603695656143      n
    0.06757747913636      2.74334615284794     -0.83306785346388      c
    1.69073247877074      4.17539925548719      1.04245203633042      c
   -3.29058720071340      5.16039122347127      0.38026753483917      c
    0.73128967785643      6.25382723526088      2.36115319430715      c
    5.42497419434650      1.87213563505257     -0.40610119419694      c
    3.61490362575152     -0.15551316077106     -1.33614098758350      c
    7.80296019353478      0.73598438617934      0.76203219079907      c
   -2.38545172740916      8.61870777132683      2.15882986080540      h
    3.24462265211073     -1.48134666224837      0.23133620469684      h
   -6.69036563670135      5.89500446599714      1.99632412511792      h
   -6.77525840508537      4.26617648730031     -0.71967786616534      h
    8.84140871119734     -0.35462421835399     -0.66015152638603      h
    9.04284671660073      2.29374808140031      1.39296211415633      h
    7.24175374185274     -0.92914948832177      2.77168409859408      o
    6.00519308786482     -0.08307474470533      3.82419712176967      h
    5.16406795206026      4.72674072154925      2.41418517536505      h
    0.15786043949966     -0.02307231177078     -3.42006224710799      h
    4.51108788922844     -1.19958636981981     -2.88589815927215      h
    5.94452455884276      3.08935698304782     -2.02961192474924      h
  -.34539161452685D-04  0.19671435728235D-02  0.17358456954959D-02
  0.52770652882188D-02  0.34455355082113D-02  0.12980495798841D-01
  -.30110156590446D-03  0.21516433833253D-02  -.23762011672153D-02
  0.85953480053158D-03  -.54509276640395D-02  0.21817857301638D-02
  0.44577434667721D-02  0.59456967574913D-02  -.46772129498782D-02
  -.16859664109159D-02  0.35540433100500D-03  0.39263724912519D-03
  -.44692888170319D-02  0.57624798101563D-04  -.79553661515623D-02
  -.30397659162618D-02  0.45685307275076D-02  0.23874284980218D-02
  -.28766223133729D-02  -.31146683096726D-02  -.10926534330714D-01
  0.28038556808809D-02  -.54617093419387D-02  0.32149642174506D-03
  -.12694106831672D-02  -.15484972896888D-02  0.22126976982157D-02
  0.53969268154264D-03  0.22476844286281D-02  -.24929591552825D-02
  -.15371504029815D-03  -.11720677792839D-02  -.15423895264080D-02
  0.11017480932463D-04  -.56992611501583D-02  0.47589683117664D-02
  0.54339001750692D-03  -.37500335702800D-03  0.12894579344991D-02
  -.10382810870739D-02  0.43944084372005D-03  -.18863395611213D-03
  0.16107023727452D-03  -.17285072179440D-03  0.99949650616082D-03
  0.13880024287216D-03  0.39774795103886D-03  -.49141537951325D-04
  0.23432763748055D-04  0.30352407842216D-04  0.27184378331424D-03
  0.60969328355753D-03  0.48599699240981D-03  0.13688402546528D-02
  -.67653772799137D-03  -.56434545597939D-03  -.51875597173501D-03
  0.12427533898185D-03  0.38091624965375D-06  0.69470483255607D-03
  0.27776732169338D-03  0.12346915844272D-02  -.71720540173281D-03
  0.82040930664995D-04  -.10252490123097D-04  0.33318458958931D-04
  -.36415119491240D-03  0.24170956041436D-03  -.18461706739048D-03
  cycle =      5 ADC(2) energy =     -695.6478742454 |dE/dxyz| =  0.035802
    1.98447176680293      7.61320441892389      3.82698936745094      o
   -2.30168702281811      3.23988524872021     -1.13073585439406      n
    4.08216143399076      3.29707922803439      1.59047213940025      n
    1.32338302339806      1.08930111368016     -2.33835458873702      n
   -1.85536773044224      6.86503494202652      1.85756464085237      n
   -5.89855057663186      5.56674754939407      0.39792614535312      n
    0.03764745251531      2.73348590940050     -0.84247295725326      c
    1.66383364417653      4.14372067461816      1.09564837003370      c
   -3.29516131574548      5.16614265489569      0.40375937485964      c
    0.71646942978408      6.26623067427916      2.34749407541039      c
    5.41193465148794      1.89181526513545     -0.36964594674745      c
    3.60928260629328     -0.10948133466084     -1.37815669025441      c
    7.78260115635428      0.72912271932912      0.78561434516724      c
   -2.16019835642688      8.75204885403869      1.60567347154054      h
    3.20142281956694     -1.47417241640752      0.14071931603933      h
   -6.62894334902228      5.75352957357012      2.17205655033720      h
   -6.78891906586760      4.15970993652169     -0.55873387414414      h
    8.81641112584106     -0.34151390394526     -0.65508125974724      h
    9.02830544459463      2.27065690749251      1.44313610540444      h
    7.21742957053996     -0.97452095619845      2.75885666544140      o
    6.04438402573310     -0.12314036712091      3.87675571758599      h
    5.09746744297329      4.63543557484960      2.54738315894728      h
    0.17352187626168      0.04508923073186     -3.46721844216017      h
    4.52640386214707     -1.11680002136744     -2.93985296854750      h
    5.94152572160261      3.17082253601103     -1.94097047475936      h
  0.17296717550330D-03  0.19807871560040D-02  0.33457417068519D-02
  0.92570104631982D-02  -.83635327538545D-03  0.11639875610072D-01
  0.67927828137559D-03  -.29406810956978D-04  -.39526418197653D-02
  0.82301725620848D-04  0.11712787344962D-02  0.33956745348398D-02
  0.82771757685753D-02  -.57138892155351D-03  0.17174984630852D-03
  -.17828870206316D-02  0.23415860011218D-02  0.11441356653963D-03
  -.99692134836289D-02  -.10772890802089D-01  -.13734095536886D-01
  0.40609087552050D-02  0.11453229538052D-01  0.82406856407508D-02
  -.76898484649828D-02  0.56953397048849D-02  -.11331678077140D-01
  -.75048553800539D-03  -.60188030700368D-02  -.39231102053590D-02
  0.42189380878899D-03  0.75476838222999D-03  0.18310422087338D-02
  -.12355712746883D-02  0.14698989671809D-02  -.94689585674246D-03
  -.36428329775173D-03  -.69488174382365D-03  -.61865704175568D-03
  0.40412298744763D-03  -.47126621423494D-02  0.14150154010301D-02
  -.17311902022166D-03  -.10531624680432D-03  0.19314974580364D-03
  -.10962787598578D-02  -.16654185181562D-02  0.48082240455116D-03
  0.41829596661991D-05  -.44522506627365D-03  0.11196451702138D-02
  -.73879166712310D-04  0.11552295610429D-03  -.46864018004467D-04
  0.19423846013833D-04  -.54031122458831D-04  0.80989944236221D-04
  0.68815450214821D-03  0.55843182291326D-03  0.76571795708080D-03
  -.24902238295654D-03  -.24507706407784D-03  -.41548059818375D-04
  -.50141378033519D-03  -.12121153028737D-02  0.69868240216087D-03
  -.82406546658476D-04  0.10286030974105D-02  0.94713392371482D-03
  0.18108725317312D-03  -.54830596634137D-04  0.26035922522105D-03
  -.28009910757754D-03  0.84895440240551D-03  -.10520876065101D-03
  cycle =      6 ADC(2) energy =     -695.6498573659 |dE/dxyz| =  0.039455
    2.07839001376709      7.87580387887328      3.51753244121024      o
   -2.26475485502314      3.33651648239922     -1.25033581625279      n
    4.09190294461542      3.38098384417808      1.54814844872328      n
    1.39851901316690      1.25750038670828     -2.48789922188618      n
   -1.87305386790306      6.90872110442809      1.86954069880552      n
   -5.87002893321800      5.30653699430674      0.67781377078501      n
    0.09666760400752      2.89065866924068     -0.99270769127922      c
    1.70952216685791      4.27412179199533      0.97683985987822      c
   -3.25736573032305      5.10349622781733      0.49835496471681      c
    0.75074668900025      6.41779979010125      2.21125277333697      c
    5.43653018114279      1.88941889500381     -0.34544493773762      c
    3.59816090246131     -0.03641893443396     -1.44076837732575      c
    7.69345854232394      0.62455567620375      0.92367195375844      c
   -2.18759277787983      8.76593609829074      1.38199521496624      h
    3.07270211073937     -1.39500403094759      0.04258243065015      h
   -6.47865456752330      5.38694875503310      2.50397342815837      h
   -6.72909643541229      3.87761355205721     -0.27815326687599      h
    8.77284340534038     -0.45632066007506     -0.47571326704024      h
    8.94995922826218      2.10781283881838      1.68556060319555      h
    6.95123755224754     -1.09850917032515      2.81719946558499      o
    5.77755585094540     -0.21736305650424      3.91068880133650      h
    5.11900238655580      4.75360883526696      2.44270793093233      h
    0.24914523516627      0.23446446587591     -3.64068696264948      h
    4.53688800779508     -1.06724855516288     -2.97430289509376      h
    6.10714496999659      3.12780013280314     -1.89302396281837      h
  0.17674193465780D-02  0.46048785747672D-02  0.14266219143302D-02
  0.95414404986727D-03  -.22708046612525D-02  0.10962654529338D-01
  0.76931321985008D-03  -.26878916954653D-02  0.34538315987120D-03
  -.61977560481008D-03  0.91304836537187D-03  0.55023708859956D-02
  0.88359515668479D-03  -.95174057808709D-02  0.72729599430783D-02
  0.78750902407521D-03  0.25480281646626D-02  0.16586963779808D-02
  -.30536847135885D-02  -.71868896605360D-02  -.17166069931808D-01
  0.10002009175780D-01  0.15206182412218D-01  0.66880748010540D-02
  -.67618946343906D-02  0.11927301655622D-01  -.13259360565196D-01
  -.17423888589994D-02  -.85895634872556D-02  -.28629554265125D-02
  -.13828557596440D-03  0.44734958015824D-04  0.25155554211165D-02
  -.12548273900923D-02  -.95530729669413D-03  -.29680398394927D-03
  -.17871814762405D-03  -.12212127235611D-03  0.15780095001805D-05
  0.41171681813346D-03  -.16680461834166D-02  -.23995021398571D-02
  0.11601011365903D-03  0.21958926685262D-03  -.39388276637897D-03
  -.25996192814137D-03  -.25059967540778D-02  0.10204336805337D-02
  -.82027556538744D-04  -.80226317092613D-03  0.25090302024555D-03
  -.33368175087922D-04  -.71165191037892D-05  -.31977957135609D-04
  -.15225262188334D-04  -.95356241969213D-06  0.59433260504393D-04
  0.60366323233829D-03  0.56056575777852D-03  -.25131646305532D-03
  -.38531319180279D-03  -.49773689714749D-03  -.14209507475060D-03
  -.12543920882617D-02  -.54485330194254D-04  -.79286956704028D-03
  -.37843776172153D-03  0.51681662632408D-03  0.19273626797656D-04
  -.22524928703227D-03  -.15297845855988D-03  -.15260486523472D-03
  0.88169840755548D-04  0.47841513185620D-03  0.25500124618549D-04
  cycle =      7 ADC(2) energy =     -695.6534599259 |dE/dxyz| =  0.039352
    2.13415242576761      7.90887320802045      3.38332754938010      o
   -2.29971193679572      3.27284409645002     -1.20732282069447      n
    4.06294356208121      3.35704992940424      1.60674493496933      n
    1.39677373672004      1.27407252879836     -2.48172487707511      n
   -1.87564702213079      6.95756136979607      1.83999858768592      n
   -5.82863149042320      5.29985172048872      0.71513593482418      n
    0.06310821277554      2.81068638452242     -0.89652488617770      c
    1.64845211137964      4.17579554632090      1.06327552420464      c
   -3.22488711166618      5.03289952752135      0.60523253511983      c
    0.74517930840487      6.42795698071530      2.18917475331258      c
    5.43060466884927      1.91160608916936     -0.32067260453458      c
    3.62821368185984     -0.01334748730941     -1.47806455448099      c
    7.68337955838138      0.63536398723716      0.94422178341508      c
   -2.16064303697008      8.78051471752253      1.16715312067692      h
    3.13243249078242     -1.43421408890871     -0.04679927578966      h
   -6.47577587093180      5.51065624022481      2.51416862268835      h
   -6.71808909216224      3.87116942752357     -0.21397809667784      h
    8.80652116002756     -0.37687819117667     -0.47230117378295      h
    8.90111758533844      2.10604720632184      1.78857851849679      h
    6.92352097791993     -1.17141102308883      2.74905887756998      o
    5.74365938453889     -0.33789865317451      3.87269391896689      h
    5.06083570369975      4.79706819582708      2.43031248463144      h
    0.25646530999178      0.24064207326310     -3.63845715033038      h
    4.58407263994217     -0.96842530664686     -3.04993473057910      h
    6.11178267972874      3.18094953313010     -1.83447058874002      h
  0.44087397377979D-03  0.33319827591640D-02  0.76036533537760D-03
  -.97806585324349D-02  -.58147524306236D-02  0.74449742837164D-02
  0.13594332425164D-02  -.26029222678274D-02  0.41835672692967D-02
  -.95986172835749D-03  0.31118763754643D-02  0.47765205442474D-03
  -.73448875625273D-02  -.11296450683476D-01  0.12407709832766D-01
  0.44617893526340D-02  0.14434055610231D-02  0.25399037658465D-02
  0.17684114958163D-02  -.63294934591206D-02  -.39474276273719D-02
  0.86339689884085D-02  0.10696241769592D-01  0.25445620729599D-02
  0.15476469026208D-02  0.16111311628753D-01  -.17075086395302D-01
  0.22856936220270D-02  -.85684414807785D-02  -.24443161553909D-02
  -.49326235743941D-04  0.14684296582933D-02  0.91892205432131D-03
  0.73265018041191D-03  -.18576941344781D-02  0.36782676067837D-03
  -.24929079942115D-03  0.37184807599433D-03  0.60461674519763D-03
  -.10825233693303D-02  0.35725464788552D-02  -.43672854617147D-02
  0.38397337893459D-04  0.50267945576365D-03  -.65569366883356D-03
  0.57260316550600D-03  -.20407147812159D-02  0.11003493198247D-02
  -.41191744865854D-03  -.78753873930015D-03  -.11222424261521D-02
  -.21818057656997D-04  -.46991116698258D-04  -.42837470839885D-04
  -.42856235960009D-05  0.13258623442836D-03  0.33304439789106D-04
  0.10543095453031D-03  0.42632095351713D-03  -.10809565317382D-02
  -.40901364539270D-03  -.57830871228459D-03  -.29782522302213D-03
  -.10369615563772D-02  0.66490422604470D-03  -.16129543221690D-02
  -.87206864443212D-03  -.94522140285935D-03  -.11498291660050D-03
  -.45084791116778D-03  -.12835389753674D-03  -.43500452273015D-03
  0.72656179851549D-03  -.83725003632917D-03  -.18714122667518D-03
  cycle =      8 ADC(2) energy =     -695.6571168935 |dE/dxyz| =  0.037962
    2.18722378122253      7.82846946956279      3.37340226721377      o
   -2.30032032451575      3.28083154263848     -1.22696796354593      n
    4.01124825636193      3.29619444189436      1.63452660993777      n
    1.40597642412792      1.28511987262743     -2.50453030250781      n
   -1.86031348254870      6.96422963759446      1.84740182353013      n
   -5.78384025289862      5.29786336428307      0.70437082244736      n
    0.05345966511928      2.80253384345695     -0.89361607790577      c
    1.58809208575217      4.08412303262339      1.09622271771388      c
   -3.18399665270245      4.95543142067555      0.70001000815237      c
    0.74916004675368      6.39572093764109      2.20039842417564      c
    5.40534548179266      1.90876094326336     -0.32544009004048      c
    3.61962015534313     -0.02730296199461     -1.48342067824576      c
    7.68333731718101      0.65520505284135      0.92212808274123      c
   -2.16684246930651      8.78499031780721      1.16739037499181      h
    3.10748190566321     -1.44087720131056     -0.04978965476659      h
   -6.50548485215231      5.61466136317513      2.45485445564941      h
   -6.69686965632994      3.90627613038079     -0.25295319675138      h
    8.76923479159952     -0.40063481259065     -0.49173448339316      h
    8.92703938137290      2.14111815482097      1.69851960089087      h
    6.95626489390745     -1.10128679350280      2.79012710416146      o
    5.84853652416494     -0.21368969352659      3.94580332001978      h
    4.99158199751265      4.73327778229534      2.49159889999924      h
    0.28407636433062      0.27491534822456     -3.69904033633581      h
    4.58806774250811     -0.98594542938851     -3.04514749372568      h
    6.05175051284965      3.20944824845984     -1.82528784732712      h
  -.14113103114006D-02  0.48059271908940D-03  0.22114690716002D-03
  -.10623836052396D-01  -.66432647506387D-02  0.89643653621359D-02
  -.19272374778900D-02  -.19948551640976D-02  0.58527707113853D-02
  0.88642242654213D-03  0.17918618149606D-02  -.26612912616084D-02
  -.11730506129453D-01  -.77545932783618D-02  0.12011402975254D-01
  0.24816088305553D-02  0.57025826253287D-03  0.23272093148232D-02
  0.18544656966029D-02  0.28486452881542D-02  0.54455119385670D-02
  0.15482271244378D-02  0.27168210459136D-02  -.48150089518522D-02
  0.10056911573155D-01  0.10217709809821D-01  -.16996147005783D-01
  0.79731291382537D-02  -.65539796823195D-02  -.21606506156966D-02
  0.38450822645064D-03  0.39885559214069D-02  -.34002168249370D-02
  0.11437653731243D-02  -.36833228676025D-02  0.18207364482183D-02
  -.14701006452977D-03  0.18110672635213D-03  0.89783519537012D-03
  -.16044515607712D-02  0.65398767415878D-02  -.32926089637217D-02
  -.24209584937429D-03  0.23070742321973D-03  -.53341418999775D-03
  0.85898447023069D-03  -.12063215525255D-02  0.49772289090821D-03
  -.29544942127480D-03  0.15008945239936D-03  -.16770719768062D-02
  -.10611836483676D-03  -.29225509027153D-03  0.31054446129275D-04
  -.66761556867689D-04  0.97967777818564D-04  -.25922605883588D-03
  0.11608432524568D-04  -.26206547927288D-03  -.76325666026023D-03
  0.10940719265218D-03  0.23769691420750D-03  0.16737848610049D-03
  0.39202150793649D-03  0.73564740926635D-03  -.58360642230326D-03
  -.29241566465332D-03  -.13680291395137D-02  -.92273661523290D-03
  0.43662154018076D-04  -.84615700926438D-04  -.62211437444226D-04
  0.70247026040571D-03  -.94423456503279D-03  -.10968776612108D-03
  cycle =      9 ADC(2) energy =     -695.6602459076 |dE/dxyz| =  0.030564
    2.24977342091044      7.88846968448872      3.22510262292662      o
   -2.28375558271828      3.32601837652335     -1.26392236912297      n
    3.97200801880158      3.29223489894726      1.63896527750669      n
    1.40714937495284      1.31174520868733     -2.52436674324873      n
   -1.82567403092287      7.03220834389462      1.74907584762258      n
   -5.75598605193251      5.20031685661736      0.82473383828213      n
    0.04799548784140      2.81843437190697     -0.90110944101055      c
    1.54480620193551      4.06575886082990      1.10402965031970      c
   -3.14460072432729      4.90911426837397      0.77493279512915      c
    0.76698559527926      6.45610658739636      2.12073005762130      c
    5.39772057853988      1.91363497489385     -0.30389190325977      c
    3.63693768359394      0.00833932383992     -1.53297354575844      c
    7.65135431439659      0.64400606549642      0.97451238463843      c
   -2.14000637608318      8.80089726398796      0.97213475898122      h
    3.14136964712208     -1.46116537401028     -0.14813292523383      h
   -6.46251620749236      5.60949499337405      2.55976610703793      h
   -6.67215613257683      3.77588749321018     -0.07366926312218      h
    8.77908593108763     -0.37658492217856     -0.43228872191890      h
    8.86750852646903      2.11824214284428      1.81425585292135      h
    6.88365844883572     -1.15335240737944      2.78847307269147      o
    5.73568165438051     -0.29434328407932      3.92610126699802      h
    4.94110774953798      4.70258839086772      2.55490155743885      h
    0.29113843016102      0.31070136423948     -3.72825770468872      h
    4.62567458305491     -0.88521331174407     -3.11984350516865      h
    6.07456909626208      3.23589384092437     -1.77043258050348      h
  -.12539886599257D-02  -.59769279040722D-04  0.10696104444019D-02
  0.33400590459820D-03  -.71784383076245D-02  0.56848558268481D-02
  -.73659341529364D-03  -.61889814694815D-03  0.35152283339457D-02
  -.12540361804971D-02  -.18955804743293D-03  -.32951920872897D-02
  -.95176570885567D-02  -.25638414315594D-02  0.91939483670131D-02
  -.14714292450169D-02  -.27461887258884D-03  0.17227211962831D-02
  -.25427820084509D-02  0.64453664509243D-02  0.89690992511899D-02
  -.61570273569075D-02  0.12738678579101D-02  -.79436293895316D-02
  0.91682538007953D-02  0.45210338180391D-02  -.10299676818665D-01
  0.92102491646600D-02  -.60531228814453D-02  -.31387956130400D-02
  -.25130201965595D-03  0.71947204228817D-03  -.29054570631708D-02
  0.30174729924597D-02  -.71250264289802D-03  0.11758767553252D-02
  0.54963187790236D-03  0.60414897357869D-03  0.92670735882239D-03
  -.53123169841962D-03  0.47580925254840D-02  -.26517732140796D-02
  -.17537909702670D-03  0.13008307321982D-04  -.96901737880906D-04
  0.55087295748946D-03  -.48691261645506D-03  -.22473840538595D-03
  -.75616672048362D-05  0.11609046502294D-02  -.13546833997746D-02
  0.38926023026686D-04  -.11430388760125D-03  0.19793026155845D-05
  0.81829095909924D-04  0.30570619184100D-04  -.74236984141773D-04
  -.18539800174011D-03  -.56227754157234D-03  -.50090414472059D-03
  0.72643379700921D-04  0.20054205004816D-03  -.12395636632245D-04
  0.10706097057946D-02  0.85505880999559D-03  0.11339223001046D-02
  -.14891218329538D-05  -.93827141887726D-03  -.65117975264961D-03
  -.17454595356181D-03  0.26928443395757D-03  -.39704476160196D-04
  0.16592644209368D-03  -.10988357016335D-02  -.20468062711121D-03
  cycle =     10 ADC(2) energy =     -695.6624785756 |dE/dxyz| =  0.021606
    2.29382615191868      7.98633866348742      3.05655143456067      o
   -2.23239701047008      3.47723403901821     -1.39847803754414      n
    3.94669621125244      3.30573477691431      1.61536906200277      n
    1.47833936718775      1.43925649397126     -2.62399197504660      n
   -1.78971518967176      7.08989944884066      1.63261537932049      n
   -5.70593188748929      4.99398420582873      1.01642771540186      n
    0.08339693315015      2.91261773737152     -1.00491460572808      c
    1.52897281763032      4.08898068908640      1.07433692309392      c
   -3.08940499600007      4.87925164373078      0.79347609538181      c
    0.78172496131539      6.53637299845893      2.02520878458445      c
    5.39007990954603      1.90503049278674     -0.28852166800145      c
    3.61411995579424      0.05223805921733     -1.56610500326074      c
    7.57783231446119      0.57951090754591      1.04334282949835      c
   -2.14918004527965      8.82285344517360      0.84433056823686      h
    3.02197864096107     -1.39098752991661     -0.18909201665519      h
   -6.33456984900164      5.38922445305068      2.78407254426562      h
   -6.58088410226490      3.50384924743321      0.18874732108459      h
    8.68913253254841     -0.50362199708061     -0.32882194386403      h
    8.83284602374992      2.02492010050630      1.87578651287479      h
    6.72225114965297     -1.15563749743253      2.88024223215005      o
    5.59198662960337     -0.23543358910466      3.98702479077339      h
    4.91427748504850      4.69812185933755      2.55379525658013      h
    0.39189668463001      0.50455077620169     -3.90039160523223      h
    4.62402193067701     -0.88265065995577     -3.11570326812728      h
    6.12853301815900      3.22779524748132     -1.72648093927079      h
  -.34609074278258D-03  0.14404889587531D-02  0.21708225896937D-02
  0.72463216948577D-02  -.41535756965438D-02  -.54725525922450D-04
  0.14623431569909D-02  -.33554290669571D-02  0.29410468161473D-03
  -.95608012976367D-03  -.22986146660475D-03  0.18423810555959D-02
  -.41588836457951D-02  0.37588253087719D-02  0.21007382679334D-02
  -.90704185641322D-03  -.28082546284072D-02  0.30697231275161D-02
  -.18007730131044D-02  0.31848745301803D-02  0.34794225860120D-02
  -.72799199899918D-02  0.50257115546027D-02  -.51186545108464D-02
  -.24287477332963D-02  0.21971838342190D-02  -.11611113092931D-02
  0.77611929699213D-02  -.87702273122485D-02  -.43730804294608D-02
  -.10672708106680D-02  0.12859946817294D-02  -.22685022903088D-02
  0.18679896049889D-02  -.12968146675529D-03  0.11887345833896D-02
  0.79227926574887D-05  0.13677265862855D-03  -.80535591681530D-04
  0.52344983046493D-03  -.18798607105364D-03  -.34224741940214D-03
  -.57039810197645D-03  -.29092178165158D-04  0.25427216563889D-03
  -.39306245800397D-03  0.45944703883016D-03  -.68194425776369D-03
  0.79554434529339D-04  0.14320946350890D-02  -.10044865264431D-02
  0.33784342515109D-04  -.27705230515096D-04  -.75322639667696D-05
  -.68824409835688D-04  0.41632970961825D-04  -.17023398053273D-03
  -.33997740763958D-03  -.51083198957969D-03  0.31167538167232D-03
  0.23791536779738D-03  0.26375358592312D-03  0.17211358057700D-03
  0.26845757489147D-03  0.10282869025513D-03  0.77968537630779D-03
  0.83295120832982D-03  0.49857738615744D-03  -.97588440738150D-04
  0.61161299771406D-04  0.17167175034771D-03  -.88699962321748D-04
  -.65974058805818D-04  0.20278753171388D-03  -.21433099047874D-03
  cycle =     11 ADC(2) energy =     -695.6632107745 |dE/dxyz| =  0.029352
    2.34479182416660      8.13822179206035      2.75945105399109      o
   -2.23612429053066      3.52642659013600     -1.43217931236664      n
    3.94881122352251      3.38270470934195      1.58570748424081      n
    1.52703004817576      1.56383691560722     -2.72419929450509      n
   -1.78652302136240      7.10588357313372      1.58563641951629      n
   -5.59630701450043      4.82654683034827      1.19796416497752      n
    0.09783445700009      2.95847563428292     -1.06274834390144      c
    1.51923276262816      4.10820068213510      1.05883866526013      c
   -2.99207719345546      4.79664219300252      0.88620767160321      c
    0.78820436868585      6.62307646011440      1.91978176299669      c
    5.40138048340330      1.91166543900229     -0.25892862610497      c
    3.62833181571835      0.13382376549569     -1.65504347175709      c
    7.47589946505727      0.49694055457613      1.15844014363036      c
   -2.22758495963588      8.78715306712323      0.72557739043128      h
    2.99211284783835     -1.35641483963984     -0.35267254887838      h
   -6.16040090543233      5.23656001644123      2.98396729401399      h
   -6.43739739549224      3.27132396166126      0.45507409081253      h
    8.59636901090945     -0.63023825084480     -0.16993039864339      h
    8.75434407130183      1.88749807098534      2.04673534942633      h
    6.47447815850183     -1.20392777001065      2.95085373049431      o
    5.33292589143762     -0.24308773673783      4.01014091782744      h
    4.90746166466145      4.84141900399832      2.42253646314838      h
    0.44080402610449      0.63304211355726     -4.00548410872301      h
    4.67059812538727     -0.75596104666457     -3.20984302267698      h
    6.26563417301831      3.20962228284685     -1.64705708773415      h
  -.53900032385990D-03  0.31245485060012D-02  0.16264290709298D-02
  -.13549827325683D-02  -.12351658064520D-02  -.83893600881524D-02
  0.46896926506257D-02  -.34847481529132D-02  0.21877556785626D-02
  -.23467887524671D-02  0.23649399936865D-03  0.35888567719482D-02
  -.98710564730453D-02  0.11747271123710D-02  -.25674352994720D-03
  0.10247673519364D-01  -.34897666992251D-02  0.16910088723616D-02
  -.87031231838797D-03  -.33299139948584D-03  0.14707107335967D-02
  -.77819701821356D-02  0.69189441932316D-02  0.65384535853807D-03
  0.71442374784114D-03  0.44019719858361D-02  0.76361064484449D-02
  0.74770255794601D-02  -.14547764849572D-01  -.37758485397568D-02
  -.11863174114026D-02  0.72224218115524D-03  0.11354486761745D-02
  0.19925745006404D-02  0.59199135033072D-03  -.21529969191292D-03
  -.18688611680950D-03  0.90917402294732D-03  -.76084071302884D-04
  -.28299202253557D-04  0.18801383162463D-02  -.16104915106072D-02
  -.17689346029637D-03  0.44937307176074D-03  -.60975275507058D-03
  0.84961220134794D-05  0.14107180387746D-02  -.10895026447049D-02
  0.10730773591439D-03  0.60757740766437D-03  -.16946061087046D-02
  -.71956162856601D-04  -.54102202434958D-04  0.51637731063536D-04
  0.16061770083864D-03  0.21688672546816D-06  -.73499525918175D-04
  -.12492746138104D-03  -.26109035016120D-03  0.13817894309032D-03
  0.65721530257079D-04  -.40448647232072D-04  -.75716188058905D-04
  -.77097321101238D-03  0.66458286210658D-03  -.17207162260990D-02
  0.66072097273384D-04  0.54674788598064D-03  0.21551451000335D-03
  -.53331983096205D-03  0.21552608863828D-04  -.46229840611289D-03
  0.31407829704166D-03  -.21492233354126D-03  -.34557359638665D-03
  cycle =     12 ADC(2) energy =     -695.6604378546 |dE/dxyz| =  0.059306
    2.33184128866362      8.34731133886690      2.44639916097146      o
   -2.21849891731341      3.47253578736629     -1.33810969341903      n
    4.04547061743421      3.48658922745500      1.48683047343690      n
    1.58247146009910      1.63362761575731     -2.77991135854413      n
   -1.77364077983408      7.02272063041136      1.61481558426840      n
   -5.63310186615660      4.78440601275910      1.20870431138683      n
    0.16343647189762      2.97908989958937     -1.06443892314146      c
    1.59997692404997      4.16350184056176      1.03835619107074      c
   -3.00698934288714      4.69735394636844      0.97729444914527      c
    0.79098962544483      6.71850917580432      1.83796294017082      c
    5.46144029874997      1.89392823365008     -0.27085491980949      c
    3.65851603583964      0.18052318724950     -1.71703719057741      c
    7.43479744019411      0.41804959113430      1.22799230080432      c
   -2.39575541577436      8.72668799189919      1.02900502039707      h
    3.00436179758623     -1.32632518971243     -0.43781568569001      h
   -6.22892329998572      5.25761097618313      2.97117763742777      h
   -6.44327115749229      3.16912649972022      0.56810383678681      h
    8.56354004434159     -0.75588426387655     -0.05133058744915      h
    8.72756638976898      1.77080947821323      2.15361068172261      h
    6.31529433127956     -1.22708416140216      3.00295685589816      o
    5.12382461135832     -0.22774366339205      3.96790604884181      h
    5.02948731468002      4.93260298264484      2.30763147173970      h
    0.46730247734590      0.70163284563397     -4.03143470318141      h
    4.70513195503705     -0.70466947424179     -3.27089046531397      h
    6.42456133278198      3.13452350330900     -1.64809704986339      h
  0.21086083543587D-03  -.32556024682933D-02  -.59961396892927D-02
  -.15720023955058D-01  0.11753514369540D-01  0.14054194491569D-01
  -.85753030022300D-02  0.30447294657492D-02  -.68373249321105D-02
  0.87055760284018D-02  -.83089961843599D-02  -.49985221915758D-02
  0.10712617240266D-01  0.65918311019431D-04  -.11064135829275D-01
  -.12929737726703D-01  0.54729664240041D-02  -.83312064521922D-02
  0.21251158656757D-01  -.60035421889371D-03  0.12008904838807D-02
  0.19130386346272D-01  -.39489573256563D-02  -.93216476027846D-02
  -.69666401735393D-02  -.10161965927773D-01  0.69163284487233D-02
  -.14966603692937D-01  0.15747201548339D-01  0.13110379981774D-01
  -.19530739766855D-02  -.69959925752989D-02  0.41937109915843D-02
  -.41868563399357D-02  0.50503885401341D-02  -.45901204997358D-02
  0.40373570508478D-03  0.10584915449959D-02  -.37906169937285D-03
  0.48574554486396D-02  -.99585927569290D-02  0.56143262156074D-02
  0.90962577991061D-03  -.29774290289986D-03  0.48508103671585D-03
  0.39775388973950D-03  -.87914239973119D-03  -.13766694081401D-02
  0.13401277716261D-02  0.85969592857715D-03  0.26999731663988D-02
  -.14933481846491D-03  0.57145834543215D-03  0.89178074778484D-04
  0.43900294694543D-03  -.29157223299592D-03  0.57904093584638D-03
  0.25462015297695D-03  0.42545373181291D-03  0.80558904381078D-03
  -.14536781393293D-03  -.88587523259642D-03  -.23422703437825D-03
  -.20587752934187D-02  -.39973465249865D-03  0.73492889326587D-03
  0.37002728240809D-03  0.11542580182007D-02  0.20015666106312D-02
  -.51577997358399D-03  -.42753668944240D-04  -.15081373647163D-03
  -.81545109183478D-03  0.82320593933449D-03  0.79468054571930D-03
  cycle =     13 ADC(2) energy =     -695.6628203074 |dE/dxyz| =  0.028031
    2.34272674205041      8.33333987724292      2.47208775869341      o
   -2.21124837313170      3.47988564892613     -1.37973676585985      n
    4.03251462414032      3.48974391436958      1.49178616966782      n
    1.57804906927046      1.64298984974094     -2.78723668710007      n
   -1.77285871918410      7.04987642371987      1.58752102199465      n
   -5.59822541514556      4.74433829645985      1.24439140465821      n
    0.15200557233419      2.98682673409921     -1.08345578657311      c
    1.58171702594015      4.16644078450384      1.02983573005522      c
   -2.98256424448312      4.71454731925761      0.94093908119174      c
    0.79568833811586      6.72189810174673      1.82610114820054      c
    5.45515120366061      1.90156210356811     -0.26852299774077      c
    3.65345854429126      0.18688407759098     -1.71596771866101      c
    7.41537083403821      0.41592022478945      1.23747812957412      c
   -2.39126261201781      8.75978608337091      0.98250102309466      h
    2.99223197979914     -1.31652448475512     -0.43666548474582      h
   -6.15696552023756      5.20320223585742      3.02384091222150      h
   -6.39681178789504      3.11757910948076      0.61433682513147      h
    8.54353497381521     -0.76410902455139     -0.03733828942485      h
    8.71020485338020      1.76276309772434      2.16815802903024      h
    6.27889659008338     -1.22404571213266      3.00568804191406      o
    5.08990502814339     -0.21727344130129      3.96655151327616      h
    5.01485469391366      4.94079060648493      2.30863416005100      h
    0.47341999686734      0.71554094668755     -4.05393354576501      h
    4.70362256618155     -0.70194913314840     -3.26548085164517      h
    6.42641367317865      3.13942037222007     -1.64268643415993      h
  0.79002397812289D-03  0.69348906052369D-03  -.29411234144767D-02
  -.67923071353917D-02  0.45648562789298D-02  0.72773435870932D-02
  -.26115509543345D-04  -.78459820842536D-04  -.35067174985954D-02
  0.18400004055081D-02  -.42779980858425D-02  -.82183616948051D-03
  0.43882030945923D-02  -.12167495666802D-02  -.69233173740981D-02
  -.29884711163692D-02  0.15090382689822D-02  -.41052811443372D-02
  0.11889362897011D-01  0.16002486151079D-03  0.12818034786486D-02
  0.71224001163666D-02  0.63927824787274D-03  -.56146842766762D-02
  -.80698667859860D-02  -.15766259624924D-02  0.20606493441133D-02
  -.65110684068195D-02  0.30283717398030D-02  0.65132947016983D-02
  -.13381381740416D-02  -.43703744508303D-02  0.41098481366112D-02
  -.17671775938055D-02  0.40717419979401D-02  -.33689056700252D-02
  -.50635731506432D-04  0.10501696047654D-02  -.24458404741967D-03
  0.21657404946045D-02  -.56899827635828D-02  0.42029879842826D-02
  0.55081572564930D-03  -.21746923074595D-03  0.29362989335313D-03
  -.35311578995456D-03  0.39951226976864D-03  -.80941823932346D-03
  0.78483750594049D-03  0.25987656922588D-03  0.11116218523997D-02
  -.31480968789133D-04  0.32225080986237D-03  0.30514837262352D-04
  0.25123169085139D-03  -.22042683581702D-03  0.37812069755372D-03
  0.30544203601579D-03  0.38515597992728D-04  0.55651037780358D-03
  -.26882395436045D-03  -.47570613241099D-03  -.36239905217705D-03
  -.11080968387254D-02  0.12410891045533D-04  -.57487922125787D-04
  -.30800449384305D-04  0.92506461810427D-03  0.10875087520610D-02
  -.48723347062252D-03  -.70472310505831D-04  -.19307988740991D-03
  -.26472585193194D-03  0.51966415873350D-03  0.45001057075833D-04
  cycle =     14 ADC(2) energy =     -695.6621566107 |dE/dxyz| =  0.093450
    2.37684803122632      8.31352424252051      2.46004719578788      o
   -2.20942878832999      3.52340468410918     -1.46764088357005      n
    3.97062228258455      3.49204948264644      1.49165762685266      n
    1.60382111979221      1.69082737254777     -2.85103153979346      n
   -1.75544385254516      7.10657955904216      1.51717841947001      n
   -5.50582356404096      4.64490046895124      1.37511865147191      n
    0.13455068532569      3.02092581538746     -1.16840189552523      c
    1.53668525482071      4.17185639017779      0.98662436987111      c
   -2.91115602439840      4.72701941448757      0.90437089027271      c
    0.80393492392568      6.74931425438644      1.77276497672584      c
    5.42984883972162      1.91898325284737     -0.25966760585693      c
    3.64232536425564      0.20657273059559     -1.72927614660259      c
    7.35374556648915      0.41370670971592      1.27417192742235      c
   -2.35886136438449      8.79926505120655      0.81034110520342      h
    2.93471601760208     -1.27856287080635     -0.45445419231992      h
   -5.95137735516452      5.05106245913606      3.19925632722743      h
   -6.27640697473461      2.98946403223564      0.78187095701833      h
    8.48905726201912     -0.77755690790396      0.01568533544323      h
    8.64610807493762      1.74892850446391      2.22402296089253      h
    6.17285788562089     -1.21603301553160      3.02088140651691      o
    4.98960388548820     -0.19520840482665      3.97448878229583      h
    4.93951966497447      4.91924301511114      2.36748937289106      h
    0.53132124001847      0.77276905948599     -4.15533183576462      h
    4.71740196596905     -0.70294542352860     -3.24957056443300      h
    6.42535949593573      3.15934413549476     -1.61176925441818      h
  -.34970595332720D-02  -.35854008263954D-02  0.25270603923389D-03
  0.28859821929466D-01  -.49626401622556D-02  -.35103254323385D-01
  -.33276383704166D-02  0.91886019696341D-03  -.78985870442949D-03
  -.43888051957719D-02  0.32889248758861D-02  0.10133845797933D-01
  -.47136671224894D-02  0.17977624942455D-01  -.32024034249485D-02
  0.11102681551840D-01  -.59799304570993D-02  0.10789567990048D-02
  -.44170925859215D-01  -.87258730348112D-02  -.25160266278698D-01
  -.11007508616707D-01  0.32561836089275D-02  0.22183741284044D-01
  0.30678132182473D-01  -.11628908411595D-01  0.38559109563622D-01
  -.33729377210197D-02  0.43893819329064D-02  -.40417591481248D-02
  0.12747282371262D-03  -.24856808755405D-02  0.20982638251917D-02
  0.25182211212016D-02  0.11319027616601D-02  -.11624566992943D-02
  -.27407119461209D-03  0.12079532524978D-03  0.36540428027920D-03
  0.35755196311924D-02  0.28403009498952D-02  -.36353613792537D-02
  0.42499953295971D-04  -.10272276733048D-03  -.12611437601162D-03
  -.81859049750066D-03  0.13140521526904D-02  0.19578278618049D-03
  -.11571311381031D-03  -.53894211975525D-03  -.80689632204911D-03
  0.13586680638333D-05  0.90665979529447D-04  -.55344853695516D-04
  -.11277094264983D-03  -.59945624201418D-04  -.12190186857275D-04
  0.26216195137430D-03  0.27784031910905D-03  -.51321871940502D-03
  -.36959440050355D-03  -.14205199153405D-03  -.39278016151556D-04
  -.25163162213859D-03  0.36298359076348D-03  0.15113260760469D-03
  -.58512406655931D-03  0.19109099225609D-02  -.31261518545911D-03
  -.22913757984044D-03  -.82707402033311D-04  0.10959034267133D-03
  0.67306211432694D-04  0.41437668534705D-03  -.16751604133969D-03
  cycle =     15 ADC(2) energy =     -695.6636613681 |dE/dxyz| =  0.038465
    2.37150173324386      8.30950801090411      2.47246991011492      o
   -2.21446486770283      3.51853503556751     -1.45233337864806      n
    3.98114760849059      3.48822417901155      1.49498509783596      n
    1.60327638744944      1.68528005060023     -2.84176263737382      n
   -1.76160150029994      7.09661683549783      1.52397521036191      n
   -5.53048269544063      4.66782437068294      1.35363292590699      n
    0.13921186174865      3.01524748626049     -1.15161555577649      c
    1.54384869399695      4.16573123881612      0.99752900261497      c
   -2.92907725600477      4.72571846319892      0.90759604346422      c
    0.80216345529397      6.74121058962721      1.78313002213186      c
    5.43616923447756      1.91725018448268     -0.26199189630423      c
    3.64566679368198      0.20248129240253     -1.72563100673617      c
    7.36819217841078      0.41457651258539      1.26439366942826      c
   -2.36353389714359      8.79114540229311      0.82148445173096      h
    2.94268864789119     -1.28245031388446     -0.44802022994188      h
   -5.98907213873074      5.08024596675396      3.17299738851090      h
   -6.30992299573613      3.01819641998111      0.75622128949794      h
    8.50027359350564     -0.77507708756248      0.00146349309226      h
    8.66241972153788      1.75162610859941      2.20917331071102      h
    6.19660642481260     -1.21703202113808      3.01574255004390      o
    5.01588461832244     -0.19779385504373      3.97413071166164      h
    4.95156507023746      4.91687671902116      2.36666958396617      h
    0.52540353076864      0.76337815076045     -4.13905129428519      h
    4.71698894287608     -0.70687152674859     -3.24872562892185      h
    6.42497649142199      3.15898579928296     -1.61763664600694      h
  -.14624764707101D-02  -.27286265190440D-04  0.66120069086750D-03
  0.86261569761170D-02  -.10420160064406D-02  -.16037348790618D-01
  0.17533583514524D-02  -.70104747654787D-03  -.27116164200258D-04
  -.29908181821279D-02  0.84414889867634D-03  0.62380783428093D-02
  -.31625965957929D-02  0.65435847194628D-02  -.19833338949651D-02
  0.94984576836890D-02  -.47398190169323D-02  0.16445282831911D-02
  -.15131904383377D-01  -.35726738486006D-02  -.10414147171339D-01
  -.83168953519739D-02  0.27024392802352D-02  0.10057536745499D-01
  0.10074564578058D-01  -.20372957666215D-02  0.15706959668956D-01
  0.26020526121773D-03  -.23895390507245D-02  -.32234202421387D-02
  -.37431422735601D-04  -.74623050518730D-03  0.22408951753136D-02
  0.16321559164822D-02  0.11656650383216D-02  -.15448754884755D-02
  -.41034015306707D-03  0.33136010997170D-03  0.14866182767870D-03
  0.13217276692585D-02  0.12511349109978D-02  -.13723305969959D-02
  0.27543644013361D-04  -.86291417418671D-04  -.46935310944907D-04
  -.10073551716459D-02  0.15764694045859D-02  -.18198738096231D-03
  -.11799812025259D-03  -.26526960448603D-03  -.71385468682172D-03
  0.55353555241222D-04  -.90835684773971D-05  -.39764458969582D-04
  -.96649798661641D-04  -.52159823559439D-04  0.18057934463300D-04
  0.31676848974360D-03  -.78620496072546D-04  -.15854554844985D-03
  -.35160555716285D-03  0.74742873629852D-04  -.28658000020032D-03
  -.11956165228977D-03  0.22600447368859D-03  -.19461095324536D-03
  -.41492532420362D-03  0.10717155349984D-02  -.12860207418353D-03
  -.18598411151105D-03  -.15200541620430D-03  0.18536850827644D-04
  0.24025048389209D-03  0.11207272233893D-03  -.38100302438426D-03
  cycle =     16 ADC(2) energy =     -695.6642854758 |dE/dxyz| =  0.008289
    2.36890179958988      8.29959124890207      2.49909844406645      o
   -2.21009683360524      3.50534119381376     -1.43266378242557      n
    3.98758192161207      3.48364262716670      1.49902968424121      n
    1.60261542616666      1.67974290057453     -2.83536355605575      n
   -1.76659134015131      7.08302290362866      1.54551594799414      n
   -5.56277684021949      4.70589323438711      1.30976829156961      n
    0.14346494513917      3.00619645481258     -1.13413232550653      c
    1.55234903506001      4.15786055848169      1.01271075059539      c
   -2.94397080305991      4.71658249121229      0.91798603676456      c
    0.79966177479221      6.73272037467309      1.80655123566916      c
    5.43654979670149      1.91306051265109     -0.26477855321126      c
    3.64146737355347      0.19337855101053     -1.71629309921183      c
    7.38871899369716      0.41932931558444      1.24625285967002      c
   -2.36624983791386      8.77846836854847      0.84359777297607      h
    2.93627547643327     -1.28343334335079     -0.43088237183935      h
   -6.03933751020208      5.11377617058563      3.12539935966167      h
   -6.35244620637739      3.06417662262054      0.70461695688070      h
    8.51122262005724     -0.76925834946117     -0.02593761774817      h
    8.68891765548302      1.76276594241287      2.17385234650095      h
    6.24249724236344     -1.21323005386561      3.01380890883586      o
    5.07300239339724     -0.19694027289219      3.98856804784368      h
    4.96056914399269      4.91087748814811      2.37003301140072      h
    0.51878914927924      0.75159462411445     -4.12357478271795      h
    4.70892639801475     -0.72431417452393     -3.23707152196667      h
    6.40978786330535      3.15858862271740     -1.62726565690786      h
  0.31647300671622D-03  0.11073309064216D-02  0.18104560790633D-03
  0.81193901903021D-03  0.35241465275782D-03  -.27489075197487D-02
  0.57147605702035D-03  0.61896766695213D-04  -.76963620429193D-03
  -.12646637766380D-02  -.83670488832688D-03  0.23315530938266D-02
  -.52098793126554D-03  -.83978726361877D-03  -.16286884708734D-02
  0.27646538209574D-02  -.22149392442268D-02  0.70575298548906D-03
  -.89813535554306D-03  0.22804305434398D-03  -.16384947436845D-02
  -.13701788360208D-02  0.45448443515328D-03  0.17545599397395D-02
  0.19840405716343D-03  0.12619049115068D-02  0.29453823458905D-02
  -.87507910541795D-04  -.20724972226907D-02  -.39130541731813D-03
  -.21466223114786D-03  -.22765876525987D-03  0.18178015448551D-02
  0.46771687767233D-03  0.86165345294553D-03  -.17373015749724D-02
  -.14747117218228D-03  0.17237740444875D-03  -.89773210381505D-04
  0.22845271305982D-03  0.36872345466055D-03  0.23008313369366D-03
  0.47128624366177D-04  -.29180520266792D-05  -.15270389437383D-05
  -.60121220900067D-03  0.10199821609694D-02  -.62653762763087D-03
  0.76471528295485D-04  0.15184996467177D-03  0.21083245518305D-05
  0.51524443478890D-04  -.36227482986817D-04  0.20163619407931D-04
  -.39937698633530D-04  -.40573630876395D-04  0.17705815669622D-04
  0.36733070611916D-03  -.17079427589373D-03  0.17403376295810D-03
  -.28263877792822D-03  0.54232238579477D-04  -.28824829156049D-03
  -.25111765725461D-03  0.10014310869622D-03  -.13701243612330D-03
  -.20101801294237D-03  0.36847248908600D-03  -.92070621757756D-05
  -.11022405045980D-03  -.15141046805489D-03  -.13358274423503D-04
  0.88184771809274D-04  0.30002151471198D-04  -.10019232751324D-03
  cycle =     17 ADC(2) energy =     -695.6644064571 |dE/dxyz| =  0.005207
    2.36181203027906      8.25952526153089      2.57829320035485      o
   -2.20919584870614      3.50284595849597     -1.44308666897778      n
    3.98600611182578      3.47882331567338      1.49861127405532      n
    1.61590082266762      1.69146250479088     -2.84394573987339      n
   -1.77255734956447      7.07892892884793      1.56915994044484      n
   -5.57268872650217      4.72487728591185      1.28652124144577      n
    0.14127988388390      3.00522943429227     -1.14287784481360      c
    1.55169491701207      4.15263959189909      1.00961147772585      c
   -2.94898081563036      4.72025928838335      0.90399214177248      c
    0.79501840153793      6.71408259520411      1.83686429059364      c
    5.43176673415131      1.91183827416542     -0.27432327903417      c
    3.62201521778469      0.18065607079192     -1.69050247605449      c
    7.39938958444770      0.42716194801056      1.22569260365537      c
   -2.34887037656090      8.77402696041655      0.83362560910381      h
    2.88641163579496     -1.25570607523286     -0.37748677167959      h
   -6.03678987865128      5.08440168345429      3.11617260134843      h
   -6.37024131239032      3.09763498206404      0.65071421382317      h
    8.50520421732861     -0.77234524516927     -0.05080078241408      h
    8.71195230436755      1.77604489882322      2.12791438873531      h
    6.27072555719351     -1.19120842733028      3.01704630917549      o
    5.13941561220477     -0.16127878531304      4.02173984976206      h
    4.96030446552841      4.90834296615901      2.36572844756417      h
    0.54349677503861      0.76999195705514     -4.14755268815407      h
    4.68013147221440     -0.78197631029462     -3.18982684294351      h
    6.38662820185385      3.15317494932253     -1.65245810853664      h
  0.20489908973609D-03  0.27488687523558D-03  0.31017072339878D-03
  0.66069025697502D-03  -.10644414299654D-02  -.47554014508933D-03
  -.71269081408154D-03  0.18812706947102D-03  0.19160260740136D-03
  0.43548832517004D-04  0.49767565422743D-03  0.16699348277349D-02
  0.55534087171516D-03  -.26105433403174D-02  0.10385976642846D-02
  0.69095271032360D-03  -.55209085105412D-03  0.39291178332718D-03
  -.11311010620085D-02  0.13625668126283D-03  -.65628168672793D-03
  0.20864385598651D-03  -.19760988337209D-03  -.99836570417899D-04
  0.87124257280635D-04  0.15755108803958D-02  -.16112110145228D-03
  -.32592353499261D-03  -.72632074098467D-03  -.26609713073311D-03
  0.33717214587448D-03  0.13948946800715D-02  -.14752836857335D-03
  -.11679326450409D-03  -.94072506389598D-03  -.40174673107973D-03
  -.22401056330779D-03  -.39803098864066D-03  -.22291088434090D-03
  -.37758798767440D-03  0.16606449191130D-02  -.60884529442395D-03
  -.10466716597191D-03  0.59324338744560D-04  0.56278182171354D-04
  -.12176921376850D-03  0.39372190321785D-03  -.35478750278628D-03
  -.42328808635972D-05  0.10646802310976D-03  0.93762129310893D-04
  0.27082909329845D-04  -.75341214519131D-04  0.27221129226263D-05
  -.11785815474052D-03  0.81833348191118D-04  -.81225421177944D-04
  0.15813288484878D-03  0.10882212126972D-05  0.22006130760310D-04
  -.12648028058182D-03  0.10684554744556D-03  -.25394755476249D-04
  0.89674448077393D-04  0.78314182132111D-04  -.23113429883015D-03
  0.30456257551492D-05  0.13568447208101D-03  -.22696440371917D-03
  0.12715112972250D-03  -.12214125647292D-03  0.84041935643597D-04
  0.16965594599716D-03  -.40322563994444D-05  0.97386038083513D-04
  cycle =     18 ADC(2) energy =     -695.6644279743 |dE/dxyz| =  0.007180
    2.36023442779716      8.30705752324382      2.50917936812686      o
   -2.20792621623369      3.51043751495282     -1.43678687025658      n
    3.98792110369529      3.47662723869279      1.50443800197943      n
    1.61875315976349      1.70508159056727     -2.85166525747323      n
   -1.77841944787069      7.08927517205968      1.55703236594850      n
   -5.57337270962848      4.71499493816391      1.30199604522142      n
    0.14723687923236      3.01231589015885     -1.13966871017139      c
    1.56016438472762      4.17302145797250      1.00409706844201      c
   -2.94889752543260      4.72048130317875      0.91038103407087      c
    0.79484262388706      6.74343553906099      1.80614810598105      c
    5.43137540723334      1.90627485730256     -0.26683724363245      c
    3.62186703533602      0.19001067952523     -1.69823026853154      c
    7.39393047100594      0.41378286200240      1.23291679941936      c
   -2.37616550001110      8.77612768910951      0.83268524848461      h
    2.88306367045555     -1.25554494634837     -0.39711916026026      h
   -6.02451594622464      5.04192056038202      3.14180440183595      h
   -6.36423539879868      3.08881992872354      0.65386313349498      h
    8.50251425842292     -0.78004583782829     -0.04619090433156      h
    8.70545659212719      1.75707081162760      2.14540759194740      h
    6.25975996052272     -1.21247448300558      3.01395962035464      o
    5.15177830144317     -0.18152265921125      4.04283726519502      h
    4.96851113838778      4.88770606878165      2.39411939383296      h
    0.53968229757677      0.77866347688759     -4.14585028039838      h
    4.68318686336899     -0.76336780187961     -3.20097536689796      h
    6.39308380632562      3.14928463783197     -1.63871499530247      h
  0.25320956354413D-03  0.32148236165241D-03  -.28698396996596D-03
  -.27253100640721D-02  0.99996718593820D-03  0.19754440442004D-02
  0.70115068429466D-03  -.96298631010105D-03  -.90246947313855D-03
  0.49502051903438D-03  -.30223553583042D-03  -.18610076402581D-03
  -.27391610938921D-03  -.15275457406609D-02  -.21389076707479D-03
  -.60437331041108D-03  0.15402446611157D-03  -.19351904209754D-03
  0.35266091223018D-02  -.76919243285944D-03  0.16579915973973D-02
  0.16073218627128D-02  0.76927635427371D-03  -.13112254776000D-02
  -.23120550126476D-02  0.11581738744960D-02  -.21174852055119D-02
  -.47640900365487D-03  -.21804304711370D-03  0.42349780218265D-03
  -.10738064189120D-03  0.10860727139428D-03  0.21504660173310D-03
  -.34081468995284D-03  0.22861599309820D-03  -.34546842459360D-03
  0.20742313758859D-03  -.28037937718084D-03  -.16696320251997D-03
  -.77716473311451D-04  -.17412217034174D-03  0.50020708639420D-03
  0.11035372535328D-04  0.35557490124738D-04  0.23206040622892D-04
  0.95315579752286D-04  0.87074896919503D-04  -.75918365085137D-04
  -.54108515912699D-04  0.71429190497518D-04  0.18629019202732D-03
  0.41439289645062D-04  0.83853825301183D-05  0.93641486653695D-05
  -.27652500755870D-04  0.53970450721419D-04  0.64702006161266D-04
  -.11874226783171D-04  -.42403392848556D-04  -.41826627682262D-04
  0.59860494787678D-04  0.18233201757223D-03  0.13010317949291D-03
  0.90455495174169D-05  0.16684553699520D-04  0.45673882508979D-03
  0.75472152654132D-04  0.12496911327586D-03  -.93061820587437D-05
  -.17032640827086D-04  0.62987667135417D-05  0.69070753425660D-04
  -.54260070629031D-04  -.49941691354860D-04  0.13949508507904D-03
  cycle =     19 ADC(2) energy =     -695.6644450210 |dE/dxyz| =  0.005296
    2.36272102429767      8.30783789046464      2.50795206084078      o
   -2.20658526180039      3.51188978042055     -1.43384078983013      n
    3.99082878764886      3.48010025885672      1.50396212857979      n
    1.61575737746081      1.70299167535552     -2.84715836168717      n
   -1.77622841426987      7.08618574842656      1.56126337319140      n
   -5.56994637590465      4.71452135885330      1.29831189659021      n
    0.14814204356491      3.01422618670615     -1.13662076326819      c
    1.56049150461125      4.17105180627115      1.00875494040893      c
   -2.94574227075325      4.71695563666935      0.91737495691448      c
    0.79688316482542      6.74133080935871      1.81024792587620      c
    5.43127683269445      1.90693891380814     -0.26673006977646      c
    3.61956887507644      0.18935074663266     -1.69494571252896      c
    7.39530000314635      0.41637775193194      1.23278354716815      c
   -2.37386033462814      8.77184860541167      0.83608918912933      h
    2.88218033401109     -1.25481673559400     -0.39143644312823      h
   -6.03373143898540      5.04345838715860      3.13434786662798      h
   -6.36297994198700      3.09380421737264      0.63995560109239      h
    8.50987761809333     -0.77086915686559     -0.04726763629184      h
    8.70123669527350      1.76083271482913      2.15139576503229      h
    6.26268299039327     -1.21806962117281      3.00740287864627      o
    5.14694118935861     -0.19357149736571      4.03430381020570      h
    4.97130042432524      4.89958007816079      2.37973890855357      h
    0.53344089134001      0.77541083688638     -4.13763877926534      h
    4.67846682279179     -0.76621188547655     -3.19809274756827      h
    6.39180709652479      3.14827950485242     -1.64132715843363      h
  0.38239466742240D-03  0.73685473435603D-03  -.87999267002203D-04
  -.21100705221819D-02  0.80655749436298D-03  0.59819581572285D-03
  0.97106182229112D-03  -.10125185520424D-02  -.64017092666546D-03
  -.79465598358475D-04  -.21087104636264D-03  0.37278438508537D-03
  -.11135723784470D-02  -.10402886999756D-02  -.72032078223483D-03
  0.60591620079187D-03  -.33016208247094D-03  -.25392775901688D-03
  0.26974909510367D-02  -.55726244184351D-03  0.96024491189706D-03
  0.60601356091650D-03  0.97715568977108D-03  -.47608794546194D-03
  -.14184950203404D-02  0.10109652887297D-02  -.51969878370395D-03
  -.13248981224034D-03  -.10537187610860D-02  0.12494366495286D-03
  -.20006967742159D-03  0.16388004451695D-03  0.48391827443839D-03
  -.43443971065615D-03  0.31024428550808D-03  -.43735402651546D-03
  0.16486466470322D-03  -.15226849804084D-03  -.81134359668722D-04
  0.16226906238437D-03  -.35459937118620D-03  0.47762103373006D-03
  0.15246953008807D-04  0.34049822732918D-04  0.29499614741191D-04
  0.16083079142692D-04  0.26154819828705D-03  -.13939686260400D-03
  -.61123318407574D-04  0.10175883177421D-03  0.39292399309110D-04
  0.61208638898247D-04  0.23537786570049D-04  0.16090910092803D-04
  -.22876341225775D-04  0.23511064604964D-04  0.79522341149829D-04
  0.27527034552222D-04  -.99932529083802D-04  -.52098564848002D-04
  0.19714692266692D-04  0.14350158102294D-03  0.44465281117123D-04
  -.10201239797070D-03  0.57160694841407D-04  0.89831753455005D-04
  0.38479573114980D-04  0.16540178738955D-03  0.23445402698385D-04
  -.76234501823258D-04  -.44249874529001D-05  0.99347886863832D-05
  -.17421596150147D-04  -.80593098861215D-07  0.58398581107344D-04
  cycle =     20 ADC(2) energy =     -695.6644564468 |dE/dxyz| =  0.002860
    2.36969173199161      8.28853096606097      2.53483401209404      o
   -2.20719932640487      3.51598474672239     -1.44081644681652      n
    3.98479507444927      3.48093581118289      1.50345174883769      n
    1.61031151009979      1.69186385893920     -2.85028320702289      n
   -1.76917818939732      7.09160771045202      1.55703033487688      n
   -5.57152361311676      4.72047176556879      1.30078161616092      n
    0.14561707238401      3.01808677499092     -1.14645036080326      c
    1.55415751551636      4.16486041338932      1.00767170420293      c
   -2.94747693603336      4.72607536908815      0.90743686884598      c
    0.80058068297513      6.73510702045773      1.81685894043717      c
    5.42806967274387      1.90970544724520     -0.26744858961478      c
    3.61993155930518      0.18721969827113     -1.69347212317491      c
    7.39563683143520      0.42476620342582      1.23259021720582      c
   -2.35618326994029      8.77872004955909      0.82698318939579      h
    2.88674943098088     -1.25785082470570     -0.38851024125484      h
   -6.02452561120063      5.02892875355422      3.14333954718476      h
   -6.36509462966496      3.10349057764401      0.63350914332779      h
    8.51375203754420     -0.75862771794853     -0.04786335599256      h
    8.69777521369548      1.77237994861050      2.15189504303554      h
    6.26752164124235     -1.21465635053573      3.00572262193279      o
    5.14271950112010     -0.19645576559983      4.02869820717116      h
    4.96233078263839      4.90146791896485      2.38067647437545      h
    0.52436973203972      0.75208312950354     -4.12913557420544      h
    4.68203469086701     -0.76743281112619     -3.19500535801853      h
    6.38496653183874      3.15217131823762     -1.64366802510171      h
  0.23291051128460D-03  0.34345164937477D-03  0.13909630804854D-03
  -.58552315067573D-04  -.22034208723820D-04  0.77750794715747D-03
  0.19619246571345D-03  0.18868980605014D-03  -.10942669271152D-03
  -.17780276934243D-03  -.68027986210595D-03  -.23069430810096D-05
  0.10956450786637D-04  -.42453389516872D-03  -.26787055954980D-03
  0.65417268750423D-04  -.44448971180433D-03  0.19769831239943D-03
  0.71580976262098D-03  0.78286460086829D-03  -.39137904332875D-03
  -.49372242509227D-04  0.25243067989233D-04  0.17128568197222D-03
  -.15323305410213D-02  0.79774637581487D-03  -.88368800125904D-03
  0.45716367204740D-03  -.51850487719429D-03  -.81395545271756D-04
  -.36087970398668D-05  -.12007605815567D-03  0.26045089573679D-03
  -.10764941917873D-04  0.38587887894259D-03  -.26498595661462D-03
  0.10890465588087D-03  0.28200352712227D-04  0.35037284788708D-04
  0.27240291510555D-03  -.47976817820938D-03  0.23941075435463D-03
  0.49285779671671D-04  -.21870402572510D-04  0.78067435596019D-05
  -.37654663358255D-04  0.90990340040120D-04  0.13650045103120D-04
  -.12184181426500D-03  0.10478021313265D-03  0.42256092132265D-04
  0.11135647310034D-04  0.44239761479048D-04  0.89148098840752D-05
  0.27094134697592D-04  0.41657219260749D-05  0.52446312377885D-04
  -.12812248994187D-04  -.94102178959332D-04  0.36347695658634D-04
  0.19744355458595D-04  0.31232777905288D-04  -.31504058686238D-04
  -.38331201605235D-04  -.60537440074171D-05  -.16628874804692D-04
  -.56967768645055D-04  -.11836819453492D-04  0.49145824456254D-04
  -.34040586911921D-04  0.19534572779811D-04  0.32077918637796D-04
  -.32937785771292D-04  -.23468383266056D-04  -.13947089590793D-04
  cycle =     21 ADC(2) energy =     -695.6644689439 |dE/dxyz| =  0.002077
    2.36850552255744      8.29291430519641      2.52691974085278      o
   -2.20689102673981      3.51013716768681     -1.43510010458695      n
    3.98825322945833      3.48284581804412      1.50193021264297      n
    1.61590245273825      1.70096124700108     -2.85211211814740      n
   -1.77127947165335      7.08864625171747      1.56238045054262      n
   -5.56833739507771      4.71684729524905      1.30204645419695      n
    0.14687661170907      3.01489277251155     -1.14229421079902      c
    1.55680369128429      4.16622888186153      1.00692222771208      c
   -2.94367250458048      4.71985742158802      0.91458655610398      c
    0.80021499504581      6.73621225868642      1.81510591517752      c
    5.43004276321953      1.90910552528905     -0.26867277964686      c
    3.61991299058268      0.18878792331010     -1.69431073221727      c
    7.39253151824532      0.42046152797373      1.23362350616862      c
   -2.36434630436566      8.77446292653244      0.83109554622428      h
    2.88160756999764     -1.25353173025024     -0.38934771831329      h
   -6.02546453358396      5.02421259600182      3.14371305971452      h
   -6.36158436310836      3.10113362280866      0.63106215431133      h
    8.50282524770273     -0.77295811500261     -0.04440903614610      h
    8.70260750430893      1.76487458243185      2.14612068215083      h
    6.25899691454342     -1.20777036258574      3.01353874854124      o
    5.13551973313646     -0.18232734261614      4.03065232189843      h
    4.96678738033322      4.90640009278256      2.37325475994390      h
    0.53303210774233      0.76686397779024     -4.13787322836939      h
    4.68046823331070     -0.76881342970265     -3.19521343334034      h
    6.39051677030227      3.14898879764685     -1.64479258753614      h
  0.37389415304290D-04  0.27252686214752D-03  0.79702910001700D-04
  -.55837441103179D-03  -.24195086902878D-04  0.31929499749772D-03
  0.39552930377518D-03  -.19353137801081D-03  0.10081439872600D-03
  -.91283074454829D-04  -.10221131130983D-03  0.10216025240339D-03
  -.55946196393819D-03  -.46485308975797D-03  0.30374402254729D-04
  0.45601319536459D-03  -.29741063247801D-03  0.30122871157848D-04
  0.67296032699105D-03  0.14014654861683D-03  0.26393996170881D-03
  -.32023824261795D-03  0.21961039387586D-03  -.12780581381566D-03
  -.52286554944336D-03  0.70568823458006D-03  -.55221512039250D-03
  0.55420709244824D-03  -.73181529553024D-03  -.15541796515905D-03
  -.34790907013083D-04  0.10258171160205D-03  0.86214231332815D-04
  -.11719683620459D-04  0.10284936169480D-03  -.47596209022949D-04
  -.36602436671807D-04  0.78422605234274D-04  -.17513428729132D-04
  0.70907890144856D-04  0.62846037867104D-05  0.55018301785559D-04
  0.29436572003272D-04  0.11563039510776D-04  0.63155255265457D-05
  0.12655666830730D-04  0.11301878788395D-03  -.12194465175419D-04
  -.80210006665915D-04  0.63797001774724D-04  -.34826281049671D-04
  -.25055040446365D-04  0.38912897992738D-05  0.64684065947951D-05
  0.18840530119135D-04  0.62025042755209D-05  -.20102043514658D-04
  -.24081592097325D-04  -.41993944625673D-04  0.84995051094161D-04
  0.19084505405775D-04  -.13754638033880D-04  -.47208043216784D-04
  -.26821060039151D-04  0.28289985798402D-04  -.70902395070238D-04
  -.62164038068246D-05  0.42716605557214D-04  -.10713181026745D-04
  -.17016881845855D-04  -.11608365703797D-04  -.12004612214067D-04
  0.47712773796338D-04  -.16216009925518D-04  -.56921852834790D-04
  cycle =     22 ADC(2) energy =     -695.6644736349 |dE/dxyz| =  0.001854
    2.36923225220051      8.29951245334006      2.51839403705024      o
   -2.20485676578219      3.51083368390933     -1.43339799229470      n
    3.99051905807766      3.48618310627725      1.49993806757653      n
    1.61892535373181      1.70567670561323     -2.85467282308511      n
   -1.77067611298936      7.08899229842669      1.56327767911328      n
   -5.56666010585816      4.71384686855599      1.30405125989117      n
    0.14927328780038      3.01707190217934     -1.14272717119600      c
    1.55911215352724      4.16941609005903      1.00560633734520      c
   -2.94102213144145      4.71733120464417      0.91821231913386      c
    0.80088861278854      6.74092262761134      1.81173577253139      c
    5.43063923181245      1.90879073757918     -0.26917761080431      c
    3.61798780879135      0.18947333600219     -1.69270348461356      c
    7.39084760665840      0.41890160285549      1.23470187447102      c
   -2.37032276866339      8.77369443630544      0.83543654995837      h
    2.87490735438968     -1.24881104481985     -0.38592628113315      h
   -6.02449927238303      5.01237707227220      3.14709336557924      h
   -6.35732445686082      3.09901746431112      0.62758589757282      h
    8.50281730512990     -0.77384234839725     -0.04260446406295      h
    8.69979108647669      1.76229321590148      2.15020612210421      h
    6.25434185259923     -1.21028466803931      3.01169566319197      o
    5.13035929100778     -0.18537516442104      4.02883816921379      h
    4.97045331199598      4.90943410535640      2.37010510706056      h
    0.53511800507832      0.77076667738277     -4.13915875353055      h
    4.67760457556398     -0.77307231538063     -3.19115335312248      h
    6.39237310345759      3.14628396442777     -1.64652990087156      h
  -.41999054650077D-04  0.17331794481379D-03  0.48489314940170D-04
  -.55596341099218D-03  0.87700493776044D-04  0.40527233820953D-03
  0.41692274337279D-03  -.26749606096166D-03  0.11129975600355D-03
  -.40035591681864D-04  0.34780711828830D-04  -.12291956117849D-04
  -.38463731785399D-03  -.28231941785428D-03  0.36558820680987D-04
  0.34040538215585D-03  -.17166662599832D-03  -.32421864889186D-05
  0.80132491949492D-03  0.53956847831493D-04  0.43728311878644D-03
  -.30935091758177D-03  0.15519168609712D-03  -.22555600003704D-03
  -.45835966011110D-03  0.47348733307451D-03  -.58307262928370D-03
  0.38563520609358D-03  -.50553824243682D-03  -.16755904265231D-03
  -.34977023149807D-04  0.13483750788823D-03  -.16053113216730D-04
  -.91676385202799D-04  0.11546219409020D-04  0.76443756560352D-04
  -.45486636554237D-04  0.59284633261214D-04  0.62110759895262D-05
  0.25021855108776D-04  -.46771039117210D-04  0.74245759028146D-04
  0.70209324771753D-05  -.12574690162914D-04  0.35955229460427D-04
  0.50532474540343D-05  0.64703830058854D-04  0.87019908523445D-06
  -.37693617548573D-04  0.35788053440733D-04  -.41201873508534D-04
  -.14398410477234D-05  -.46079914435282D-05  -.55345096177106D-05
  -.32918906498480D-05  -.71578799647476D-05  -.10098253528490D-04
  -.83840175282290D-05  -.67300205337517D-05  0.14359363562200D-04
  -.78829078362652D-05  -.17103696255738D-04  -.37505950430727D-04
  -.11501657060542D-04  0.27096748477895D-04  -.69948038965872D-04
  0.12726097430971D-04  0.18452645910827D-04  0.63604149733720D-05
  -.78008336537039D-05  -.86556503382518D-05  -.23171430800772D-04
  0.46370434562348D-04  0.47646355705311D-06  -.58114157415634D-04
  cycle =     23 ADC(2) energy =     -695.6644779304 |dE/dxyz| =  0.000980
    2.37152274561582      8.31000381499497      2.50215911273725      o
   -2.20312647878752      3.50899805208280     -1.42858723004847      n
    3.99360709517642      3.49171444446270      1.49550949357468      n
    1.62145710497607      1.71319238152864     -2.86053652435578      n
   -1.76933694607347      7.08840466476302      1.56613816099413      n
   -5.56374759697546      4.70864340061757      1.30973308929008      n
    0.15162401725480      3.01959240967840     -1.14394458630691      c
    1.56263451151905      4.17429891447110      1.00256642329099      c
   -2.93643494266506      4.71136699113218      0.92715778733336      c
    0.80222406325771      6.74803883597462      1.80599363578874      c
    5.43204679175905      1.90752030396706     -0.26953283870855      c
    3.61862446856006      0.19329942025111     -1.69839049880811      c
    7.38459461957356      0.41249007129814      1.23906885000335      c
   -2.38051908829587      8.77063039636630      0.84247565133719      h
    2.87252386798246     -1.24734864606778     -0.39600961039437      h
   -6.02370560453541      4.99321525666770      3.15456799013578      h
   -6.35066144998128      3.09567870607481      0.62395223701079      h
    8.49128368011502     -0.78928292931751     -0.03449244935897      h
    8.69968526736004      1.75184789438630      2.15151956435555      h
    6.23958187216655     -1.20611323537242      3.02004679318976      o
    5.12535087144598     -0.17212702113242      4.03884440356476      h
    4.97540358823738      4.91409872469368      2.36475137937834      h
    0.53538833454801      0.77638720934763     -4.14198914535903      h
    4.67924927777283     -0.76713733141803     -3.19754470732718      h
    6.40055956710236      3.14202128250182     -1.64463059423810      h
  -.10732428449955D-03  0.57708068005979D-04  0.17429409146175D-04
  0.65638615019736D-04  -.13431434156885D-04  -.41299805472406D-04
  0.36517395350977D-03  -.23771547953721D-03  0.12544915667689D-03
  -.20238723198585D-03  0.18960056913597D-03  -.85813888414776D-04
  -.12499686052081D-03  0.15137636177975D-03  0.14090380778953D-03
  0.38579445625331D-03  -.50421129188294D-04  0.11117857421281D-04
  0.53250015085382D-04  -.92272189020193D-04  0.19708403799834D-03
  -.38851413098806D-03  0.19684799518105D-03  0.49968226871311D-04
  0.25415908466275D-04  0.87979825403428D-04  -.91797174641695D-04
  0.21335433414649D-04  -.23385497758355D-03  -.22561767557705D-03
  -.87464370404078D-05  -.95364899718842D-04  0.97455237667021D-04
  0.44977511441058D-04  0.33897110990999D-04  0.95843248685057D-04
  -.39412813304551D-04  0.82237559061449D-04  -.33193300195244D-04
  -.51503071626602D-04  -.72744236696565D-05  -.14620753204797D-04
  0.32500536479851D-05  -.21713158823822D-04  -.40188183021872D-04
  -.35934973932061D-04  0.11823842493985D-04  0.83845459357690D-05
  0.33838227680771D-04  -.27065244039726D-04  -.83042977164771D-04
  0.16109351757443D-04  -.32486376156271D-04  -.21783210494952D-04
  -.13457921119286D-04  -.30174701151520D-04  -.13657416149115D-05
  0.10382744974891D-04  0.37132261889283D-04  -.45615238194685D-04
  -.76279481717734D-05  0.33457706023032D-04  0.46419297020872D-04
  -.16083655045573D-04  0.47281450399339D-06  -.52123689674222D-04
  -.19647590360439D-04  -.13294211408166D-04  0.22253668104710D-04
  -.24622135604169D-04  -.21224600621927D-04  -.36758463765274D-04
  0.15092824735774D-04  -.62414982422432D-05  -.39088423642308D-04
  cycle =     24 ADC(2) energy =     -695.6644761634 |dE/dxyz| =  0.000808
    2.37322975394926      8.30875152203999      2.50039052899845      o
   -2.20460180683362      3.50657031091255     -1.42721528524778      n
    3.99251420825510      3.49172275021904      1.49542514728107      n
    1.62186901495034      1.71230846795580     -2.86040864072514      n
   -1.76824160772931      7.08854679378543      1.56346412574891      n
   -5.56477931425968      4.71114837568681      1.31109780461310      n
    0.15080571891162      3.01833659684144     -1.14423418751475      c
    1.56169223365696      4.17282523131466      1.00261175881394      c
   -2.93696509770195      4.71099375340954      0.92802881065316      c
    0.80275974822395      6.74768707378476      1.80494785094949      c
    5.43220619762758      1.90869093407814     -0.26948791321051      c
    3.61931267320458      0.19320005482999     -1.69761014954651      c
    7.38548079078609      0.41450503611981      1.23932857671516      c
   -2.37899710251634      8.77014972516334      0.83798279498170      h
    2.87338482717866     -1.24680947528316     -0.39443602991407      h
   -6.02362576224901      4.99785645339862      3.15587673434174      h
   -6.35264235959736      3.09738163621991      0.62830232694616      h
    8.49674739025180     -0.78223819330691     -0.03488158025216      h
    8.69629288936183      1.75485728457603      2.15656243400666      h
    6.24120223650676     -1.21022776971283      3.01525970244032      o
    5.12180504955770     -0.18110644338205      4.03324279209326      h
    4.97342779863297      4.91295933287090      2.36759600460685      h
    0.53675075218168      0.77512704677081     -4.14241020023007      h
    4.68042960044599     -0.76768943055481     -3.19607191447595      h
    6.39977180431347      3.14388694421458     -1.64453510499375      h
  -.16024163119965D-04  0.37661937451361D-04  -.13980672086689D-06
  -.22375419884213D-03  0.48625367647492D-04  0.26052596728654D-03
  0.18439555523386D-03  -.36259847180364D-04  0.69118640426247D-04
  -.93076444898088D-05  0.11434963878187D-03  -.10174226967408D-03
  0.94856734428106D-04  -.55482349200275D-04  0.88797384365513D-04
  0.13137579604461D-03  0.33047456268864D-04  0.47527622289848D-04
  0.36104556994854D-03  0.18654793931372D-04  0.20230235036545D-03
  -.25496703997940D-03  -.66368192407573D-04  -.15253674022730D-03
  -.17279812373339D-03  0.89837447867391D-04  -.27411680957501D-03
  0.69992255520290D-05  -.10635133488046D-03  -.90502653352642D-04
  0.81470168611375D-05  0.17449302712969D-04  -.25403238194444D-04
  0.12391729069527D-04  -.30542187649196D-04  0.91288591590910D-04
  -.37025946682867D-04  0.38064027662266D-04  0.69629525516479D-05
  -.66279636288247D-04  -.37814150148918D-05  -.18134427795635D-04
  -.52787295130585D-05  -.20846457974955D-04  -.13042204312086D-04
  -.43758797964477D-04  -.12252205346952D-04  -.82898337980808D-05
  0.45649388457747D-04  -.14233192506374D-04  -.49598762880354D-04
  0.13389313398449D-04  -.10917967520729D-04  -.94371413124072D-05
  -.82213164609435D-05  -.18778555739729D-04  0.87565926429889D-05
  0.10450780113302D-04  0.13859344898393D-04  -.27458794221502D-04
  -.13983254210537D-04  0.71508238979057D-05  0.58983743715935D-05
  0.52247787505344D-05  -.10270890404840D-04  0.68861620072802D-05
  -.18912812232763D-04  -.16339085827433D-04  0.23260549924409D-04
  -.28103956037917D-05  -.10668632365096D-04  -.14293786017916D-04
  -.80378707423279D-06  -.56080334736031D-05  -.26628765603220D-04
  cycle =     25 ADC(2) energy =     -695.6644769818 |dE/dxyz| =  0.000553
    2.37247451007367      8.30662738306174      2.50624162128123      o
   -2.20453062783523      3.50750248873026     -1.42909059080382      n
    3.99250402442370      3.49232313174004      1.49412275137500      n
    1.62154391467347      1.71097102660537     -2.86049677998261      n
   -1.76834638063932      7.08827020109310      1.56329914264107      n
   -5.56552338087008      4.71157668536707      1.31048970280130      n
    0.15054340310779      3.01871113450538     -1.14550285729546      c
    1.56202685019098      4.17318899627777      1.00155334595495      c
   -2.93741908851393      4.71096436505142      0.92692273855563      c
    0.80233295205417      6.74696071945795      1.80691291992038      c
    5.43226087964556      1.90859140102329     -0.26997798504452      c
    3.61933112757504      0.19266001777177     -1.69756254130116      c
    7.38574849166269      0.41475311711811      1.23921836734803      c
   -2.37818096221354      8.77038642366199      0.83816790472279      h
    2.87367257280034     -1.24683276138405     -0.39368231383743      h
   -6.02334561582779      4.99977091435799      3.15528009093909      h
   -6.35392295126774      3.09723924457900      0.62972466916101      h
    8.49680811802117     -0.78235503627940     -0.03472986948983      h
    8.69670735230376      1.75557987263472      2.15565233346561      h
    6.24192002174622     -1.20946770732739      3.01598441272378      o
    5.12254407051616     -0.18010440360511      4.03368072560971      h
    4.97346439402481      4.91351464568625      2.36636470027719      h
    0.53683732959954      0.77379475402598     -4.14284550099849      h
    4.68050225664856     -0.76862393562174     -3.19566846114606      h
    6.39987637520904      3.14343133342089     -1.64523213979811      h
  0.18082697152977D-05  0.20163591365474D-05  0.24677380720206D-04
  -.81085515148516D-04  0.22735246658634D-04  0.17490810663290D-03
  0.13474737251329D-04  0.16060251161409D-04  0.24373466469108D-04
  -.26371325745345D-06  0.20527609684518D-04  -.55620347229279D-04
  0.18525485997500D-03  -.99824095416423D-04  0.69147953689175D-04
  -.52744873535460D-05  0.22986522192792D-04  0.93378868014232D-04
  0.21022470777599D-03  0.73818186456798D-04  0.11948196898226D-03
  -.62835448302323D-05  -.78528716323079D-04  -.10191668669091D-03
  -.21868247776791D-03  0.50754352181381D-04  -.23185418273641D-03
  -.43374128757101D-04  0.17804793448040D-04  -.36203969242088D-04
  0.10394246984902D-04  0.40609420117743D-04  -.23780796793105D-04
  0.25672153546541D-04  -.39572325209569D-04  0.33664535885158D-04
  -.11447249577579D-04  -.57857798957395D-05  -.82635162246270D-05
  -.59275402902959D-04  0.10474705169905D-04  -.24790495643634D-04
  -.75339730409851D-05  -.34113805051916D-05  -.98517678561727D-05
  -.44446421576749D-04  -.96699442613257D-05  -.21256719849205D-04
  0.31601079453214D-04  0.16154179878214D-05  -.21780375877301D-04
  0.47073091367089D-05  -.93680497625925D-06  0.57932028130203D-05
  0.14171576454558D-05  -.39446879034344D-05  0.50816572496615D-05
  0.36463193762160D-05  -.72786354596843D-05  0.84182982744707D-05
  -.22642019521513D-05  0.16542811858145D-05  -.90570773103593D-05
  0.15475972827250D-04  -.55604756399319D-05  -.12869388229308D-04
  -.14800545678373D-04  -.20976107037107D-04  0.21331884054732D-05
  0.41797995913306D-05  -.17060192591956D-05  0.21217536638751D-05
  -.13124954048482D-04  -.38624478615468D-05  -.59351884087455D-05
  cycle =     26 ADC(2) energy =     -695.6644800470 |dE/dxyz| =  0.000198
    2.37288407742347      8.30701309510615      2.50430190352296      o
   -2.20487547414899      3.50692486294897     -1.42915697457720      n
    3.99222601889152      3.49233273535253      1.49380600533043      n
    1.62163565377387      1.71093926918429     -2.86068418885155      n
   -1.76833823314446      7.08784295495732      1.56323844915264      n
   -5.56563631483357      4.71186032254625      1.31068352084837      n
    0.15015185843093      3.01829523348162     -1.14587305865322      c
    1.56201107531342      4.17316730255122      1.00116119395349      c
   -2.93731869137310      4.71023946793717      0.92744290038211      c
    0.80238311308940      6.74699386977143      1.80648644929056      c
    5.43237294092137      1.90865404276982     -0.26990166404875      c
    3.61965313285716      0.19291057344003     -1.69807966098912      c
    7.38556829361433      0.41464951026564      1.23957353981433      c
   -2.37867087959841      8.76999593056715      0.83886172082287      h
    2.87422313688458     -1.24691325499774     -0.39443182137290      h
   -6.02297589636117      5.00137082966272      3.15540451414549      h
   -6.35459864394360      3.09715044785356      0.63143985337770      h
    8.49680953696150     -0.78233873778430     -0.03430096126564      h
    8.69636611611828      1.75548107335757      2.15625897843900      h
    6.24148218532096     -1.20971949607393      3.01604075870613      o
    5.12253003485010     -0.18036221562380      4.03419205685563      h
    4.97294465126419      4.91304787119177      2.36709062331501      h
    0.53751687421180      0.77412761797166     -4.14375199909784      h
    4.68105002686581     -0.76789875043162     -3.19630461728118      h
    6.40043504371965      3.14366945594688     -1.64467113474004      h
  0.24743047553955D-04  0.61811626039798D-05  -.13034677053270D-05
  0.52246750943397D-04  -.19890459095784D-04  -.48913748837975D-04
  -.36510920152111D-04  0.25884361369410D-04  -.14739172776501D-04
  -.40511332466409D-05  0.10859136034380D-04  0.23354432899581D-04
  0.61482687307546D-04  -.51389278041825D-05  0.21761364266126D-04
  0.32208741744810D-04  -.14231267019493D-04  0.79046348226048D-04
  -.54195072832997D-04  -.15540231300459D-04  -.47289044583287D-04
  0.21941731278563D-04  -.18314907045403D-04  0.34046840825752D-04
  -.48385599758838D-04  0.37018837670044D-04  -.35968059908242D-05
  -.17844326266392D-04  -.57873895866756D-05  0.21952378091994D-05
  0.10077980705958D-04  0.37203399017693D-04  -.30534155813777D-05
  0.18673894474741D-04  -.22630082379571D-04  -.64604825045222D-06
  0.34823151242591D-05  -.17239120777779D-04  -.61944129463587D-05
  -.29987632872430D-04  0.23063152161384D-05  -.19308915543581D-04
  -.93627327715229D-05  0.44363572282435D-05  -.79956052254637D-05
  -.34660815028120D-04  0.32088976629208D-05  -.19178435288758D-04
  0.16379300769920D-04  0.70015461695050D-06  -.14873585391095D-04
  0.15931970831495D-05  0.28028849548001D-05  0.70226208888080D-05
  0.18393682972295D-05  0.28102860825108D-05  0.35543114784709D-05
  -.19574841614300D-05  -.11173890689165D-04  0.67700193078224D-05
  0.16587581739280D-05  0.42849447305926D-05  -.61354585079165D-05
  0.81088101677729D-05  -.76946065519223D-05  0.50922643821671D-05
  -.84674128495443D-05  -.23382734846145D-05  0.56339659426641D-06
  0.29604977900277D-05  0.29152783982411D-05  0.69598232492751D-05
  -.11973950285071D-04  -.63313134912590D-06  0.28613323035387D-05
  cycle =     27 ADC(2) energy =     -695.6644806270 |dE/dxyz| =  0.000105
    2.37229841541214      8.30710421365247      2.50503137947919      o
   -2.20505225823058      3.50620703098922     -1.42887415724485      n
    3.99245925146065      3.49256623723712      1.49353458934636      n
    1.62185696336720      1.71130364703138     -2.86097809311204      n
   -1.76866432970799      7.08758992768400      1.56298765321254      n
   -5.56566441046415      4.71185650054633      1.31067865563640      n
    0.15024657841602      3.01836937134398     -1.14600557619059      c
    1.56223467025122      4.17347185890378      1.00086165325585      c
   -2.93721918391935      4.70960256762397      0.92776585238809      c
    0.80211951213491      6.74706036859474      1.80663492678604      c
    5.43251455234995      1.90849922033110     -0.26992749636147      c
    3.61976661424453      0.19314555845844     -1.69848035427663      c
    7.38532118080510      0.41426394528315      1.23977510618655      c
   -2.37903085775713      8.76957753377424      0.83842127364646      h
    2.87432056811758     -1.24685266896251     -0.39501836503399      h
   -6.02244335067384      5.00214950101434      3.15545084233296      h
   -6.35496670376546      3.09682611059569      0.63254935189609      h
    8.49613857060371     -0.78325762835638     -0.03397376726109      h
    8.69653803564454      1.75492128237828      2.15610996837293      h
    6.24088548520533     -1.20948539959109      3.01657321725322      o
    5.12267687025355     -0.17961485606199      4.03501934834715      h
    4.97323172606422      4.91348879580569      2.36643290306553      h
    0.53796401924718      0.77477921623083     -4.14442220874570      h
    4.68118754583239     -0.76746880016080     -3.19681627568785      h
    6.40111017221732      3.14333047760639     -1.64450404021188      h
  0.14484671311266D-04  -.15942552806791D-05  -.13784517420845D-05
  -.54939865449910D-04  -.15463326062282D-04  -.11709394398096D-04
  -.59802762173433D-05  -.13959407834108D-05  -.72099071131149D-05
  0.17461549601805D-05  -.25333973327157D-04  0.87592080983967D-05
  0.16369967017482D-05  -.17765305564410D-05  -.12659182730523D-04
  0.98372883083897D-05  0.10873178283077D-04  0.20299258545044D-04
  0.28943376908508D-04  0.26436197522184D-04  -.47230300719292D-05
  0.35875067082802D-04  -.10158006478522D-04  -.39663008610802D-06
  -.19074953021114D-04  0.92594938687629D-05  0.46311678887356D-05
  -.12070473049519D-04  0.12487922606663D-04  0.23158659231859D-04
  0.24142030330410D-06  0.35005536211941D-05  0.12066283947010D-04
  0.85963066251971D-05  0.88685691679302D-07  -.12461528763552D-04
  0.76385483493979D-05  -.86426881070745D-05  -.82963103016365D-05
  -.13207493941181D-04  -.12739746405366D-04  -.30571600584395D-07
  -.30045359542541D-05  0.57986051293923D-05  -.40660592155461D-05
  -.10323869044981D-04  0.44155076917018D-06  -.93063520729686D-05
  0.60207415746305D-05  0.98848489393788D-06  -.58378799134839D-05
  -.47242876810571D-06  0.25628119115773D-05  0.35315323430041D-05
  0.25973932391565D-05  0.43080961336095D-05  0.13201759205828D-05
  -.51687215076868D-05  -.89461854226869D-05  0.54396397448642D-05
  0.34340791232879D-05  0.44588369281229D-05  -.17122804907288D-06
  0.63458988925902D-05  -.13312161506462D-05  -.37857568204736D-05
  0.21109197478886D-05  0.35188964746524D-05  -.38478721009483D-05
  0.49716903838259D-06  0.45893732356639D-05  0.32144425832215D-05
  -.57634174130961D-05  -.19310890180257D-05  0.34596718809787D-05
  cycle =     28 ADC(2) energy =     -695.6644814820 |dE/dxyz| =  0.000042
    2.37229187536423      8.30693372050474      2.50519064033229      o
   -2.20488518497247      3.50659560247736     -1.42919207646042      n
    3.99235306716680      3.49243639020539      1.49365533955602      n
    1.62184545455029      1.71117479657598     -2.86092486363383      n
   -1.76864341974932      7.08761138526139      1.56312024267506      n
   -5.56569665822546      4.71191298416331      1.31036539123161      n
    0.15023413099494      3.01828575527603     -1.14599272068932      c
    1.56213745719450      4.17337085403274      1.00089449377106      c
   -2.93724734527719      4.70978530653761      0.92742349736932      c
    0.80212607609210      6.74693672678734      1.80669008516596      c
    5.43242601398721      1.90849960362644     -0.26993812213850      c
    3.61962174920943      0.19299115222169     -1.69822410817838      c
    7.38545612688373      0.41447645436920      1.23963762200026      c
   -2.37883975715074      8.76981972910916      0.83892154178630      h
    2.87412706433289     -1.24678431474801     -0.39452654312118      h
   -6.02223736781128      5.00208196331371      3.15523121405605      h
   -6.35500088689907      3.09684577355995      0.63232048483583      h
    8.49632107029355     -0.78290634164082     -0.03421548201216      h
    8.69658256801065      1.75524350032518      2.15591687769685      h
    6.24130930157698     -1.20944237593875      3.01645124806242      o
    5.12275036376543     -0.17982153222640      4.03476647720869      h
    4.97306196379992      4.91334358743148      2.36664986873170      h
    0.53794471384939      0.77458213004911     -4.14430993741140      h
    4.68096919329563     -0.76790858855149     -3.19644268506064      h
    6.40082206682689      3.14336974923005     -1.64464209869433      h
  -.38786650513600D-06  -.61925730250323D-05  -.25299450676641D-05
  -.89587913123523D-05  -.37037680398200D-05  -.16431617021695D-04
  -.42405318048111D-05  -.43418255657457D-06  0.55538170418146D-06
  0.44047217073739D-06  -.90220287716214D-05  0.81612214763993D-06
  -.49680870084501D-06  0.36177557714012D-05  -.51355993955227D-05
  0.63143286599399D-05  0.17617180509966D-05  0.76062772105499D-05
  -.31400702074080D-05  -.33686090317175D-05  0.89410042152238D-05
  0.14568575370744D-04  0.78644763590319D-06  -.29246632227142D-05
  -.71541032529154D-05  0.12020714569738D-04  0.22777534263163D-05
  0.62425831908186D-05  0.76094528984605D-05  0.10977337241758D-04
  0.57998184566088D-06  0.31856554185694D-05  0.31458063275425D-05
  -.15021071364529D-06  -.79637695460377D-06  -.41161520707433D-05
  0.22570774786956D-05  -.10849511196120D-05  -.30274050218937D-05
  -.78043417048868D-05  -.10427427755033D-04  0.45989652446288D-05
  -.21876770359697D-05  0.34903507275530D-05  0.80114742484483D-06
  -.36439383566123D-05  0.35300028788932D-07  -.31860427514019D-05
  0.13623176271516D-05  0.93508410525800D-06  -.30108714288435D-05
  -.50896309033988D-06  0.10997694204207D-05  0.99764524730261D-06
  0.26298528643665D-06  0.16231932855604D-05  -.52812523199108D-06
  0.18483894521637D-05  -.44820280251656D-05  0.32417289448361D-05
  -.10311463070067D-05  0.13170842048105D-05  -.13376925025455D-05
  0.34087071418831D-05  -.17624893295931D-05  -.12612004760548D-05
  0.29080677492743D-05  0.14310582878707D-05  -.15300684612640D-05
  0.75932326693007D-06  0.20691462188083D-05  0.80134345337157D-06
  -.12483581222078D-05  0.29142846802444D-06  0.25874082076882D-06
$end
