$grad          cartesian gradients
  cycle =      1 MP2 energy =     -935.0176907471 |dE/dxyz| =  0.073221
    7.82819674586503     -3.69908372714774     -3.72823142995518      ag
    7.91488075129936      3.86297684015353     -1.74071310243919      n
    7.38439342947794      1.46891209184377     -2.63669519041151      c
    9.15975522750041     -0.37311603164901     -2.14628725913704      n
   11.28242884681320      0.13276478823738     -0.88070440807003      c
   11.79635158523512      2.61619033905017      0.02553284568586      c
   10.04996741466804      4.42498441594352     -0.45150697394463      c
    5.42785678398236      1.03485900641726     -3.80272556799004      o
   12.93600233084717     -1.72378493573152     -0.49835876501033      n
   12.01820700183016     -3.37198426540775     -0.38810632200087      h
   13.86954017460090     -1.41347829851348      1.11511008173554      h
   13.50770609143032      3.04926284558579      1.04812904127489      h
   10.26968889582088      6.36452562048107      0.15958945070840      h
    6.59747197203693      5.20265623087683     -2.11000735195496      h
    5.66194245142436    -10.77692143681087     -6.63220476043318      n
    6.94527644493037     -8.82495925136767     -5.44324746950747      c
    5.80141179901228     -6.48646964790301     -5.54071179561797      n
    3.59224012331674     -6.10697238904497     -6.70152501728597      c
    2.30946529977376     -8.14659292271715     -7.90801858878925      c
    3.42423326549002    -10.45017399325511     -7.82095607121029      c
    8.96152371194253     -9.17199044832710     -4.37971716024112      o
    2.61374937980298     -3.78877353097068     -6.72990322361168      n
    4.00935566899395     -2.51540417675241     -6.68656210906580      h
    1.59555560359911     -3.55405289665042     -8.30446744695901      h
    0.52445285935796     -7.87691974374853     -8.85807651289202      h
    2.59350852318255    -12.10902586032634     -8.68279836684720      h
    6.50551846527816    -12.49373630667003     -6.55873976725086      h
  0.58469758272839D-03  -.82152917382050D-03  -.44258400180075D-03
  -.40201597832978D-02  -.34125793310835D-03  -.22962465704619D-02
  0.10694880901381D-01  -.20178897213450D-02  0.70673397544780D-02
  -.63926250750308D-02  0.35901061706851D-02  -.17481808508863D-02
  0.22125175509577D-01  -.27894830005909D-01  0.73161873736280D-02
  -.37533671679935D-03  0.34795022299052D-02  0.33539342935232D-02
  0.15563861313215D-02  -.29128405950463D-02  0.44697027458529D-03
  -.61694675224082D-02  -.60264789513642D-03  -.20974505888898D-02
  -.47044214833392D-03  0.63733548865796D-02  -.10057966117922D-01
  -.50430117972455D-03  0.20607572912604D-01  0.65322228035032D-02
  -.18188622107138D-01  0.11228217623621D-02  -.76037586264350D-02
  -.76135220501428D-03  0.38019348978846D-04  -.96931358582797D-04
  0.49293700039044D-03  -.64838348508101D-03  -.28836331755899D-03
  0.71135038293324D-03  -.40641016194254D-03  0.11405862014069D-03
  0.29593147356155D-02  -.16923270214289D-02  0.11110192164492D-02
  -.68224438643014D-02  0.51938183082534D-02  -.51733954356497D-02
  0.48708842495930D-02  -.51282386117739D-02  0.87295745100668D-03
  -.12788091930156D-01  0.35034625054321D-01  0.11991800751110D-02
  -.74142356272588D-03  -.27829371284134D-02  -.44888849780511D-02
  -.12234829828017D-03  0.32217688245755D-02  0.54313068743816D-04
  0.29641763923109D-02  -.12290241539841D-02  0.16196202519438D-02
  -.10605421099381D-02  -.50740596127365D-02  0.94876304228583D-02
  -.55178282459050D-02  -.21133918256038D-01  -.11332686737497D-01
  0.17110255142686D-01  -.71665143049926D-02  0.60233544245332D-02
  0.74990947298748D-03  -.22971905019969D-03  -.67030003698232D-04
  -.36642586682722D-03  0.69237436355074D-03  0.49195271254066D-03
  -.51855688108660D-03  0.72856364874418D-03  0.27379564620303D-05
  cycle =      2 MP2 energy =     -935.0275313277 |dE/dxyz| =  0.037137
    7.74391187769133     -3.66203337401288     -3.69991977206084      ag
    7.97657423005784      3.92818688001687     -1.78461411555463      n
    7.39940317738510      1.54252659480279     -2.68477059799461      c
    9.12190230926199     -0.34383570677763     -2.14210301695494      n
   11.23554901764415      0.12076863584447     -0.85099525477224      c
   11.79365290165346      2.59308844567780      0.05133347326046      c
   10.09931504550305      4.44547013424952     -0.45845406330773      c
    5.47221978191669      1.15415065328436     -3.90438482060417      o
   12.89496961075824     -1.78697341418462     -0.49449473122028      n
   12.03409570640404     -3.49461350724081     -0.48147222453982      h
   13.95394641772294     -1.53342151199357      1.07436467080834      h
   13.50243400472712      2.98867457669420      1.09520808482646      h
   10.34986728557174      6.38075512180939      0.15749023968369      h
    6.69786662259627      5.29865167069834     -2.18153080235257      h
    5.71978942705709    -10.77384216187758     -6.60475671473673      n
    6.93069225255239     -8.80233170276404     -5.36877943316837      c
    5.75821445986608     -6.47400781802760     -5.52162662625610      n
    3.57950614459054     -6.13620577062721     -6.74844143879280      c
    2.38395156146200     -8.19314765953147     -8.00842044958972      c
    3.52957427982084    -10.48232474307091     -7.88502121805832      c
    8.90480910636466     -9.11745027194033     -4.22529732866493      o
    2.46083977069122     -3.84095353658411     -6.67606095303701      n
    3.71746793977154     -2.41686343873289     -6.43877227387119      h
    1.33887395362778     -3.54014495753257     -8.19162119762490      h
    0.63059787079614     -7.94955494168924     -9.02428359379431      h
    2.76722817793498    -12.15100404298921     -8.79209812989573      h
    6.58342791408342    -12.47987183790555     -6.49238095294792      h
  0.62429221398119D-03  -.93625026212063D-03  -.12304614691150D-03
  -.16617238426755D-02  0.40488680860484D-03  -.14266160365719D-02
  0.43233763021413D-02  -.19583496649620D-02  0.45966686638348D-02
  -.36209549647839D-02  0.35008311676061D-02  -.14749656789133D-02
  0.58026898595323D-02  -.90951928863792D-02  0.41124802725463D-02
  -.12699954133213D-02  0.27041435360355D-02  0.15385058442048D-02
  0.56997472939546D-03  -.11547967459737D-02  -.26557108591119D-03
  -.23187617577598D-02  0.24610607092068D-03  -.11341655501926D-02
  0.95880434857065D-02  -.11231506835321D-02  -.11606048232556D-01
  -.32181171411749D-02  0.71619833273768D-02  0.55534302974682D-02
  -.86779114944102D-02  0.11414569128196D-02  0.73426571687296D-03
  -.26934812477553D-03  -.11934463564067D-05  -.51388254537876D-04
  0.22384966555566D-03  -.28358085938418D-03  0.12452164403509D-03
  0.32752040311301D-03  -.17607603015701D-03  0.15099058828816D-03
  0.11331572766698D-02  -.11574425409719D-02  0.23223151628304D-03
  -.37513618201324D-02  0.29734466356102D-02  -.21525204739254D-02
  0.35914242634427D-02  -.46849087295264D-02  0.11477198848806D-02
  -.23243132388746D-02  0.12513280897488D-01  -.28673120916567D-02
  0.16781105132768D-03  -.27927408586133D-02  -.16236951093411D-02
  0.13518743237384D-03  0.10840561609058D-02  0.86551522913769D-03
  0.11705261823316D-02  -.81582219139875D-03  0.71836027754557D-03
  -.98434935193179D-02  0.31322024639913D-02  0.13177883209648D-01
  0.14332177293666D-02  -.85452866717981D-02  -.84673427087142D-02
  0.78706381516165D-02  -.27598716664765D-02  -.13884665531201D-02
  0.41809761079215D-03  0.12262443538080D-04  -.20173146165003D-03
  -.10041164551167D-03  0.35484465635527D-03  -.15387193348237D-03
  -.32341342295217D-03  0.25516218788013D-03  -.15831873151934D-04
  cycle =      3 MP2 energy =     -935.0343645845 |dE/dxyz| =  0.037542
    7.62311096980133     -3.62154691821928     -3.63771838910226      ag
    8.10524517641340      4.01478696170475     -1.93464395065405      n
    7.43680281211368      1.63160734854899     -2.79028504726312      c
    9.04750277994122     -0.31770542485536     -2.10543859077754      n
   11.11238584889145      0.09430687092284     -0.73477570002562      c
   11.77137889984917      2.55543200561429      0.10385776279278      c
   10.19836379691167      4.47595874923277     -0.54056725859640      c
    5.54887183111252      1.29043589653214     -4.07296951539950      o
   12.68101822619628     -1.89744751735211     -0.26928033227482      n
   11.94179083288776     -3.66734939771586     -0.48160797138324      h
   13.94471111104831     -1.70292740235362      1.16851105834723      h
   13.45736907303588      2.89598326698846      1.20459531758201      h
   10.53825553445334      6.42350617644585     -0.00928281543683      h
    6.91484751277115      5.43425032575437     -2.42883900637912      h
    5.86274258680962    -10.72572348490531     -6.70586883546248      n
    7.00401423221991     -8.74338309055628     -5.41583974641366      c
    5.72854105653297     -6.45779461342350     -5.51072783515795      n
    3.55353851005502     -6.18622491423568     -6.74043781171872      c
    2.41059428210562     -8.25189856140354     -8.01707557445517      c
    3.64440738172562    -10.50043742459334     -7.95506392610315      c
    8.99256963346429     -9.00035100048058     -4.28955327687566      o
    2.36491126355361     -3.90179931068668     -6.64603890729869      n
    3.36639016121943     -2.35605454479367     -6.04612948826393      h
    0.99457001583856     -3.56385231280028     -7.95284479179834      h
    0.61336806523863     -8.06173796643080     -8.96763139007897      h
    2.91360926176008    -12.19457226503892     -8.84230454560795      h
    6.80976999156212    -12.39176913630414     -6.66394267341576      h
  0.10310010011061D-04  -.90042438353155D-03  0.74278147757667D-03
  0.13980419984667D-02  0.29779323561741D-03  0.61916686619512D-03
  -.27872045558985D-02  -.46681722322273D-03  -.11653242590275D-02
  0.34322666478694D-02  0.19236577715103D-02  0.11624723869115D-02
  -.11706487193791D-01  0.13310647251651D-01  -.30562439030835D-03
  -.62814223917673D-03  -.16999226630414D-02  -.11618890818550D-02
  -.14421126913646D-02  0.10275749280133D-02  0.73628181208374D-04
  0.13778826612310D-02  0.30214896412684D-03  0.50914899492049D-03
  0.12216436334262D-01  -.77081770920904D-02  -.69319647039938D-02
  -.35336770178873D-02  -.55543923789418D-02  0.16743029442935D-02
  0.22468772893687D-02  0.35493462743370D-03  0.60722736860139D-02
  0.18954748008682D-03  -.11260427248971D-03  0.27353982620948D-03
  0.49004374924833D-03  0.22090257278595D-03  -.37393731072877D-03
  -.29853753935694D-03  0.12230618949083D-03  0.86305150001298D-04
  -.15360913960194D-02  0.13305528282892D-03  -.31591731656544D-03
  0.13649874787030D-02  -.27808375920646D-03  0.10974971113495D-02
  -.32456024754222D-02  -.78568619852626D-03  -.17659189815804D-02
  0.94495800472902D-02  -.15989123086853D-01  -.27673233868528D-02
  0.14065685859652D-02  0.16183124753226D-02  0.11647113871502D-02
  0.17267758427861D-02  -.11270558001772D-02  -.11867802332990D-02
  -.39846720305903D-03  0.93417326480605D-04  -.29675505425786D-03
  -.97932234676410D-02  0.85754180239386D-02  0.77574306700245D-02
  0.39362245405989D-02  0.56026950904791D-02  0.29155431788142D-03
  -.30504377979623D-02  0.14660977104977D-02  -.59483197331911D-02
  -.51954959426492D-03  -.80506005907255D-05  0.36688610143321D-03
  -.69050481786803D-03  -.30343538870881D-03  0.68228117140512D-03
  0.38449523603212D-03  -.11518850879000D-03  -.35422590516171D-03
  cycle =      4 MP2 energy =     -935.0191367142 |dE/dxyz| =  0.071629
    8.29933560115390     -4.10841918286282     -3.64465587645368      ag
    7.57874270993720      3.45091692041629     -2.23684551105181      n
    7.40640034250967      0.96062164797730     -2.99108570044253      c
    9.30903190215404     -0.64396857116698     -2.15542955630158      n
   11.20476804664522      0.17664862189667     -0.70837037565953      c
   11.34412457465057      2.76168798102759      0.01781435625022      c
    9.48115714690744      4.33651779793495     -0.78805960541650      c
    5.66622183539318      0.22521923503933     -4.32021979957813      o
   13.09299330602992     -1.45076508568604     -0.05140223198334      n
   12.72750063659858     -3.33708611905890     -0.20566818891965      h
   14.22010695618686     -0.94314389069338      1.42132898529452      h
   12.87116623068953      3.45803834835491      1.17568970836322      h
    9.42803974541206      6.33135065992970     -0.33493697098273      h
    6.16807164052143      4.60160039321013     -2.84418089700164      h
    5.33706113785862    -10.86165194740540     -6.89347187923356      n
    6.93978230369152     -9.23579533550353     -5.56559742468685      c
    6.12738709391304     -6.75450496246321     -5.47541295698616      n
    4.01840083634584     -6.00473322454888     -6.54253322688194      c
    2.38938498448707     -7.67291916406929     -7.86138828608926      c
    3.13942501463882    -10.11985292988472     -7.99391284183960      c
    8.88265057207113     -9.95164314750965     -4.56941397803923      o
    3.43263107318091     -3.53691745636701     -6.18985287259751      n
    4.82241688000406     -2.34145938623754     -5.56814123151663      h
    2.12446828600405     -2.76134419088198     -7.35820507683035      h
    0.62185959125418     -7.04852339857558     -8.67909603413874      h
    2.03117286386089    -11.57202106083071     -8.92112962821696      h
    5.91637953541290    -12.68416023644573     -6.99772614028095      h
  -.57177294580484D-02  0.89222599454599D-02  -.30201675696633D-02
  0.45528163260915D-02  0.45083794782972D-02  0.37654744439366D-02
  -.15231471949311D-01  -.49060118084672D-02  -.10566520065838D-01
  0.22230475381304D-02  -.83808680836128D-04  0.10852162492561D-02
  -.11298352712906D-01  0.51350546947688D-02  -.57202654536503D-03
  0.14294228863081D-02  -.11209188310053D-02  -.28996457988129D-03
  -.61496767663796D-02  0.62754626292083D-03  -.37784144361916D-02
  -.29286881627080D-02  -.19408402450007D-01  -.33322111254108D-02
  0.18704281070807D-01  -.61634173711127D-02  -.25633069551594D-02
  -.22195500473689D-02  -.53914788196678D-02  0.17859241002565D-02
  0.15685562999712D-02  0.85807062415011D-03  0.57032316337979D-02
  -.91684417094129D-03  -.78880913609547D-03  -.36958974544810D-03
  -.28427759493030D-03  0.64941997595547D-04  -.59466094488148D-03
  -.86441392818148D-03  -.70656822375170D-04  -.19717343755987D-03
  -.10014663668414D-02  0.18670759056505D-03  0.11092862005491D-03
  0.24222188045266D-02  0.81437635435666D-03  0.67429063636482D-03
  -.23197504464005D-01  0.14528156799792D-01  -.82467003509570D-02
  0.20592435909309D-01  -.30912504098252D-01  0.10300234535192D-02
  0.20837719288949D-02  0.39539699755670D-02  0.17402195215999D-02
  -.14987979047039D-02  0.36666330194990D-03  -.25332354195946D-02
  0.13671675605060D-02  0.86061319079889D-03  0.16211790710248D-02
  0.90562308033828D-02  0.23964202386924D-01  0.21546046046532D-01
  0.10444872996200D-01  0.13786282921631D-02  0.13620806171866D-02
  0.44586414522385D-03  0.20662470349162D-02  -.39481695890444D-02
  -.19525277244172D-02  0.20263249826291D-03  -.29058781186508D-03
  -.16588305853311D-02  0.18885843840000D-03  0.27461892602609D-03
  0.29445941201800D-04  0.21869916949235D-03  -.39650454383044D-03
  cycle =      5 MP2 energy =     -935.0275056010 |dE/dxyz| =  0.051597
    8.21010661176989     -4.02411647774267     -3.67090235603135      ag
    7.66518973210619      3.56582357925601     -2.16788134732999      n
    7.41801162001245      1.09287500687649     -2.95827847644339      c
    9.27710630333118     -0.58004645885104     -2.15735421582628      n
   11.19992426133942      0.17313485323037     -0.70891247385547      c
   11.41754585361090      2.74083025279462      0.05608300300650      c
    9.59783605924842      4.37796487004757     -0.71568439084557      c
    5.64952130876711      0.43825418482647     -4.28887325550369      o
   13.04167334699680     -1.51290691409526     -0.08726967131976      n
   12.62356080553323     -3.38457404597999     -0.26828593830507      h
   14.19019669172659     -1.05888912198122      1.38474889639466      h
   12.97003591111144      3.37586336672240      1.21589618925087      h
    9.60301002878094      6.36666699150007     -0.23336684656026      h
    6.28503012998166      4.76453541600651     -2.75139039399957      h
    5.40830193845933    -10.86843068569801     -6.85552179856305      n
    6.95218756221011     -9.17691459701766     -5.54386192662171      c
    6.07583781827767     -6.71471654578133     -5.49393435828609      n
    3.94406987533573     -6.04133129602840     -6.59278160958624      c
    2.37826344241864     -7.78455741548159     -7.89461483740654      c
    3.20047787035012    -10.20946921272646     -7.98185352445818      c
    8.90669434240464     -9.82510269583379     -4.52487013178487      o
    3.25936280976874     -3.59636070714637     -6.30019535984276      n
    4.59043856028601     -2.33278115105558     -5.69111557343974      h
    1.93290568254411     -2.90044900920375     -7.49673002626109      h
    0.59945949087235     -7.22842178859253     -8.73564248445207      h
    2.14277376253199    -11.70844553025662     -8.89311982201418      h
    6.04115902773698    -12.67474255219271     -6.92619051113601      h
  -.36140553768469D-02  0.61659879289140D-02  -.22640988044622D-02
  0.34991075111397D-02  0.26238481518828D-02  0.26826541073312D-02
  -.11890300766606D-01  -.25534979775834D-02  -.79513292504476D-02
  0.18493153049478D-02  -.29650738814802D-03  0.68774261605653D-03
  -.99397759023301D-02  0.55205926409405D-02  0.31160694518029D-03
  0.63140247237836D-03  -.87693530245314D-03  -.72933534200637D-03
  -.48960598627821D-02  0.30055830206699D-03  -.29785178668580D-02
  0.18134752768155D-02  -.66557319263882D-02  0.14692465704140D-02
  0.16655046202095D-01  -.55571902627864D-02  -.33332839091456D-02
  -.23559940783166D-02  -.48269256619431D-02  0.17047203387212D-02
  0.12494995218439D-02  0.72615225853223D-03  0.53303514569629D-02
  -.86351427432252D-03  -.57522590472958D-03  -.29862052907159D-03
  -.24007416641174D-03  0.75508110912281D-04  -.57718803525120D-03
  -.82188353805801D-03  0.17088977028923D-03  -.12366099350247D-03
  -.10062159871824D-02  0.19864222753441D-03  0.10043075651378D-03
  0.19532593637761D-02  0.58428337156080D-03  0.45567582334405D-03
  -.16878756543136D-01  0.10035951248229D-01  -.56144134640195D-02
  0.14997818951786D-01  -.23721109094361D-01  -.50662093066034D-03
  0.16852697928353D-02  0.27636041554963D-02  0.12721308587054D-02
  -.12557415592385D-02  0.49405647055778D-03  -.23457002768481D-02
  0.92014332134482D-03  0.76173164357130D-03  0.12872805335302D-02
  0.38632815282487D-02  0.13106220760257D-01  0.16220724463516D-01
  0.76967685039646D-02  -.45710758435025D-03  -.43111714703414D-03
  0.24805503381664D-03  0.16134745994498D-02  -.40271733241584D-02
  -.17325716802139D-02  0.76232182103508D-04  -.21769413262440D-03
  -.15173463294667D-02  0.78148822641566D-04  0.31894073370742D-03
  -.50152269002623D-04  0.22434878800048D-03  -.44275087034396D-03
  cycle =      6 MP2 energy =     -935.0326194524 |dE/dxyz| =  0.029199
    8.14923529707385     -3.97857530224123     -3.65047646598472      ag
    7.75416882140214      3.62063978588723     -2.12589672058429      n
    7.45731058711010      1.15399750947905     -2.92219839443399      c
    9.28216716257585     -0.55384046469515     -2.12974298014346      n
   11.22313573459043      0.16601405254342     -0.68781710678547      c
   11.49545578070965      2.72456079857380      0.08831249307575      c
    9.70699975507975      4.39563973412834     -0.67272365104750      c
    5.67022987922837      0.53549839283847     -4.25440981561831      o
   13.02449805813888     -1.54510761666191     -0.07965629779202      n
   12.58084073964314     -3.40401541530076     -0.27342806639303      h
   14.19240451484226     -1.11493865539497      1.37811109234171      h
   13.06505603494841      3.32573610136210      1.24518912778369      h
    9.75100983546652      6.38260832830052     -0.18480166307228      h
    6.39667426384044      4.84613938290507     -2.70386238560216      h
    5.47937852624255    -10.84951110194879     -6.82676708791880      n
    6.95132923010157     -9.10092391244028     -5.52092351805166      c
    6.01535682749415     -6.65768472553989     -5.49840472649677      n
    3.85206247195679     -6.04232495289366     -6.63611748668963      c
    2.37074552194484     -7.87045715358785     -7.93207872632392      c
    3.27120437318274    -10.26926682074094     -7.98069363761554      c
    8.91250038383968     -9.68814817220332     -4.47962819692910      o
    3.02494012789367     -3.63611630697492     -6.41854053641383      n
    4.24904824093022     -2.27323552801592     -5.80637263162310      h
    1.67435760757060     -3.05654400519327     -7.64547999812976      h
    0.58700929736936     -7.38942118819435     -8.80367430144907      h
    2.27509100718297    -11.81065121605018     -8.88900604091517      h
    6.16847076715372    -12.63637923234509     -6.87081551840847      h
  -.10889370364318D-02  0.41660124082501D-02  -.68399132850683D-03
  0.22359631924842D-02  0.16564077796861D-02  0.16714432379329D-02
  -.68561914742205D-02  -.10430695010530D-02  -.44284449330805D-02
  0.12763494449298D-02  -.38084160230500D-03  0.22359618975254D-03
  -.63552108350358D-02  0.32991179751436D-02  0.17908411561312D-02
  0.22079462850400D-03  -.98209847623298D-03  -.91851469277238D-03
  -.25459299412333D-02  0.53019032629109D-04  -.13967575241929D-02
  0.92792375442485D-03  -.37047857368586D-02  0.59966660251121D-03
  0.12515360417611D-01  -.30762920641854D-02  -.42068230962657D-02
  -.21341093523352D-02  -.24699607582637D-02  0.19241400009175D-02
  -.78166131511459D-04  0.53580397098330D-03  0.39198933569189D-02
  -.53448462942729D-03  -.28354672711872D-03  -.57852266389880D-04
  -.48457883466413D-05  0.94946608593105D-04  -.43361067217940D-03
  -.61206308247819D-03  0.16764570647254D-05  -.51307378292620D-04
  -.13416130455798D-02  0.79949397293078D-03  -.29603889426078D-04
  0.20891020513121D-02  -.84161431936369D-03  0.64105777712120D-03
  -.23787512977060D-02  0.10548375965380D-02  0.22323837631699D-03
  0.62405250519078D-02  -.12119921948937D-01  -.31766715782870D-02
  0.55856481170125D-04  0.19428225397795D-02  0.39992450852644D-03
  0.65761948183507D-03  -.30300672959171D-03  -.11524957016675D-02
  -.78272831192550D-03  0.44893970525806D-03  0.52428734841570D-04
  -.39983972429791D-02  0.92788996959605D-02  0.10246233826759D-01
  0.38275466299345D-02  0.41653414448906D-03  -.18236634723694D-02
  0.58650225542323D-03  0.15402809897669D-02  -.33996110163885D-02
  -.90174761752149D-03  -.89006323788388D-04  0.11311846082496D-03
  -.97532505427012D-03  -.38889465250769D-04  0.46025213452738D-03
  -.45042200949030D-04  0.44240724195177D-04  -.50648662692410D-03
  cycle =      7 MP2 energy =     -935.0326661778 |dE/dxyz| =  0.032375
    7.94151216019444     -3.81947627092754     -3.63555110787437      ag
    7.90734600219318      3.91246207764550     -2.03283858320478      n
    7.36132794867728      1.50411409811165     -2.90078026203874      c
    9.04070682533590     -0.36318395481177     -2.18370767952387      n
   11.03266520210760      0.14972687844507     -0.78491392568558      c
   11.59754331809447      2.62418450782422      0.07856213521639      c
    9.96049994987194      4.47162302153921     -0.59456504137403      c
    5.49909221809058      1.09139839289845     -4.22127566990195      o
   12.57824661944182     -1.79013484266251     -0.32414365757937      n
   11.87857007361211     -3.55211213067467     -0.60343955130552      h
   13.82675536901802     -1.60452432507003      1.10440535090161      h
   13.24838482179381      3.02397287345788      1.21394574780791      h
   10.19960508821010      6.43069087426047     -0.05235717202385      h
    6.66296190146254      5.27546170903753     -2.54691634454694      h
    5.68836086485805    -10.85371083073751     -6.77478925997440      n
    7.06723444293910     -9.04049584182646     -5.46458579094151      c
    6.02000663486739     -6.64464071253374     -5.46292473836900      n
    3.84586031563291     -6.11353070007884     -6.61474986840832      c
    2.45280029048680     -8.01271057534986     -7.90955945493160      c
    3.46307877584966    -10.37143387601137     -7.94069034331286      c
    9.04856576299239     -9.53525007775636     -4.41190504341558      o
    2.93685885465142     -3.75405427338135     -6.39531482813991      n
    4.09406714881345     -2.34518660887583     -5.75663324784754      h
    1.56767555490805     -3.22866901435533     -7.61401198920791      h
    0.65683899719688     -7.61427126409964     -8.79221110853148      h
    2.54660852136461    -11.95842371616969     -8.85172795158381      h
    6.45750718484816    -12.60813310230198     -6.80922385542386      h
  0.31820150804052D-03  -.15503140382949D-02  0.27871555848558D-03
  -.17635120216655D-02  -.34384584590086D-03  -.13355567357498D-02
  0.39381151737263D-02  -.45643576758359D-03  0.28986664109651D-02
  0.18218240878172D-01  -.43807695954046D-03  0.10732715398822D-01
  -.95164331916937D-02  0.23901111359823D-02  -.14845040407891D-02
  -.96650526475184D-03  -.13133858122734D-02  -.13864941749997D-02
  0.35543313102606D-02  0.11508571227026D-03  0.26283357784198D-02
  -.55131243163409D-02  0.25214792480011D-03  -.35777539326105D-02
  -.57557468126408D-02  0.34352277964951D-02  -.12488008130028D-01
  -.29228937545849D-02  -.16694464533273D-03  0.13241219166544D-02
  -.42540886528020D-02  0.98645784146428D-03  0.50275368228103D-03
  0.51437901006768D-03  0.25672466349658D-03  0.58564674920358D-03
  0.74106566186294D-03  -.32078932514779D-05  0.11323054325274D-05
  0.26039751182871D-04  -.47475148124132D-03  0.23008250846557D-03
  0.37641278648803D-04  0.65812348543126D-03  0.48322486761032D-03
  -.99683989462029D-04  -.63283787946578D-03  0.43171985460599D-03
  -.42505278648792D-02  -.55275530748561D-03  -.17051078139851D-02
  0.39922105658441D-02  -.28404164322264D-02  -.36195031286939D-02
  -.13521226582736D-02  0.16966613338965D-02  -.10916875848643D-04
  0.87371664745994D-03  -.12498406367030D-02  -.86097820949504D-03
  0.60650977509624D-04  -.36325953483285D-03  -.17720881703376D-03
  -.30795233937475D-02  0.13482899002764D-02  0.76710410192719D-02
  0.43874176966838D-02  -.31385335228507D-04  -.50692343670322D-03
  0.31372592471355D-02  -.94160990352954D-03  -.14627217485419D-02
  -.78391770419017D-04  0.44744151228127D-04  0.63542419596763D-03
  -.40341873739713D-03  0.66701627052801D-04  0.60443523999965D-03
  0.15670293623415D-03  0.10879206559089D-03  -.39233831788626D-03
  cycle =      8 MP2 energy =     -935.0348696732 |dE/dxyz| =  0.016367
    7.95344179780463     -3.84887356029783     -3.61704546350990      ag
    7.89580488113553      3.85362423612643     -2.06659485518531      n
    7.38730858657389      1.42920245323740     -2.90034054738283      c
    9.08472539174302     -0.41030861107276     -2.15600955271038      n
   11.08948480403437      0.13829573178660     -0.74372989004803      c
   11.59813009334433      2.64482470103167      0.07656087526268      c
    9.93278080754104      4.45719123880927     -0.63323786779743      c
    5.53878105892641      0.96729622033418     -4.21731163314814      o
   12.69607097980643     -1.75181284913411     -0.20824648325118      n
   12.07207782588104     -3.54442562031842     -0.46605201491445      h
   13.94597813545839     -1.49004222302482      1.21177852067015      h
   13.23451670465151      3.09438107921385      1.21224334789280      h
   10.13792169990144      6.42702304959115     -0.11716797799935      h
    6.63428065864374      5.19294634611667     -2.60287052814377      h
    5.66466680028734    -10.83871783074701     -6.79593066004063      n
    7.03826044418261     -9.02609084976145     -5.48054398005874      c
    5.99132658330602     -6.62990938026957     -5.46904375093406      n
    3.81148026647745     -6.09509491051881     -6.62355346816571      c
    2.43040976214631     -7.99871888113832     -7.92741073373258      c
    3.44168249872647    -10.35523163637912     -7.96277260331130      c
    9.02008332827596     -9.52031053983994     -4.42837206222687      o
    2.87942206163521     -3.73982812291111     -6.42446278404634      n
    4.00057704091765     -2.31411821042565     -5.76372491637871      h
    1.49292278365050     -3.23531832174023     -7.63548285004973      h
    0.63838830457510     -7.60197846595078     -8.81978014200652      h
    2.53267161997052    -11.93884918607934     -8.88757550107685      h
    6.43748592791576    -12.59146354104245     -6.83522571892768      h
  0.11581595750521D-03  -.73467169992281D-03  0.24820387720670D-03
  -.29825604955858D-03  -.30359646238232D-03  -.31038231999403D-03
  0.41454378883987D-03  0.22297804109339D-03  0.64350054049367D-03
  0.34977678086858D-02  0.16781423166683D-02  0.20052864038602D-02
  -.45931692448615D-02  0.29186505113277D-02  0.10618108750098D-02
  0.27652605917705D-03  -.38234961717887D-03  -.24275927532624D-03
  0.96484964911703D-03  0.33910858133801D-03  0.78608666741786D-03
  -.18613113562331D-02  -.63888386106381D-03  -.13623753544127D-02
  0.32590447361933D-02  -.16134019398404D-02  -.71506989150123D-02
  -.21908573931666D-02  -.83563150830912D-04  0.15772897551798D-02
  -.21845676938765D-02  0.31895238933310D-03  0.17281621018173D-02
  0.13056618367546D-03  0.86710163271775D-06  0.28420813637187D-03
  0.35786862590048D-03  0.12253442385202D-04  -.13298439044229D-03
  -.14974221086916D-03  -.31676663359104D-03  0.15567029351571D-03
  -.51053475187357D-03  0.64302670754479D-03  0.43336172001140D-04
  0.29072506929406D-03  -.74903865700460D-03  0.48739718341340D-03
  -.36227610855155D-03  -.23294508495929D-02  -.31688713315647D-03
  0.29333454328757D-02  -.26768676773128D-02  -.32373297222392D-02
  -.77536786343124D-03  0.12392137489502D-02  0.48630247611037D-04
  0.94901038409567D-03  -.83326685070695D-03  -.12933374464907D-03
  -.37115805860921D-03  -.11131053349800D-03  -.32863396761229D-03
  -.45482612705463D-02  0.31886245172998D-02  0.65376097784425D-02
  0.28826727584348D-02  0.20488657548068D-03  -.85291226474116D-03
  0.20194935241120D-02  -.59311337923695D-04  -.20069008470367D-02
  -.12245340203609D-03  0.44908250561582D-04  0.46868390502652D-03
  -.29984974994379D-03  -.62802112799076D-05  0.41459192279136D-03
  0.17557504857502D-03  0.27147579480413D-04  -.41926996871422D-03
  cycle =      9 MP2 energy =     -935.0362940924 |dE/dxyz| =  0.015725
    7.92812579215619     -3.84473525692660     -3.59924607477956      ag
    7.91342562344052      3.83420195917744     -2.08733685291614      n
    7.39723632926413      1.39918261990408     -2.88210074161985      c
    9.09312510089587     -0.43478297876322     -2.12146725718002      n
   11.10562597877130      0.12083249035379     -0.70516541632521      c
   11.61959303333202      2.64491472054470      0.06141899457079      c
    9.95427938742011      4.45036940664275     -0.67171260231346      c
    5.54102741298178      0.91397686806303     -4.17464080512375      o
   12.70547564521018     -1.75725799695857     -0.08977248343980      n
   12.15634015376757     -3.56841592464347     -0.39402309214314      h
   14.01325422021293     -1.45797878374777      1.27240375328186      h
   13.26673653612033      3.11437270867226      1.17215713697282      h
   10.15853115781104      6.42576269991691     -0.17665810218681      h
    6.65553078182923      5.17077853724547     -2.64052884287191      h
    5.67910376614285    -10.81559688380196     -6.79951531964827      n
    7.03215475136864     -8.98340459394400     -5.49020115530133      c
    5.96011476945592     -6.59771931187170     -5.47709807479599      n
    3.77786530753889     -6.08665276439513     -6.64229963587906      c
    2.42459945492203     -8.00971107670931     -7.94911035477063      c
    3.45691636618407    -10.35542613826018     -7.97738662981965      c
    9.02149909399745     -9.45096226579604     -4.43948577145865      o
    2.82140995900676     -3.73849458418208     -6.49011877275675      n
    3.85235117884918     -2.28936024163771     -5.73743048095051      h
    1.36316836755970     -3.27268617326626     -7.63307803030714      h
    0.64038483997732     -7.62997346373813     -8.86548863882558      h
    2.57901110357313    -11.94420026236074     -8.92367553055328      h
    6.46379473572353    -12.56334099392205     -6.82034246007985      h
  0.15010926319725D-03  -.39136943668971D-04  0.36461913473218D-03
  0.12568106213540D-02  0.11916529879308D-03  0.75684805028375D-03
  -.18472465378205D-02  0.28648269452525D-03  -.13493044661397D-02
  -.20222528054470D-02  0.22665643425173D-02  -.15039564734110D-02
  -.43871376289299D-02  0.42243400729554D-02  0.85694703202321D-03
  0.79560009592061D-03  -.85042529318358D-03  -.63510579455084D-04
  -.92484519017089D-03  0.47220987744723D-03  -.65481871253814D-03
  0.71250221708752D-03  -.13172684057299D-02  0.50783412513766D-03
  0.65597686618997D-02  -.33355426417447D-02  -.27849824948447D-02
  -.16675184765022D-02  -.15291410103639D-02  0.81065210087972D-03
  0.24308654134941D-04  0.32182931656077D-04  0.26934599850170D-02
  0.21739880761462D-03  -.94089007943943D-04  -.29142347166378D-03
  -.13760845520161D-03  0.16996821837090D-04  0.15040605426941D-03
  -.19273632477113D-03  -.17082465494589D-04  -.30256092285796D-04
  -.90629440072243D-03  0.53870868105577D-03  -.51809233874378D-03
  0.97077404703416D-03  -.84393002685168D-03  0.48751447542372D-03
  0.11006799537543D-02  -.21195321996120D-02  0.27531250979296D-03
  0.33817366604705D-02  -.45090783459512D-02  -.22371032352462D-02
  -.24958318931745D-03  0.10469211251278D-02  0.69213589651884D-03
  0.48740018215288D-03  -.67829567346678D-03  0.58225660003597D-03
  -.64280188514942D-03  0.23788965527238D-03  -.54092466473143D-03
  -.44109705297100D-02  0.35903121684786D-02  0.39203905382628D-02
  0.17677830354543D-02  0.17033970941283D-02  0.33992290110030D-03
  0.11641802630447D-03  0.83884414351543D-03  -.24039676831844D-02
  -.21124751412227D-03  0.66909995864561D-04  0.22590340887874D-03
  0.79843070328600D-05  0.50524022388032D-05  -.15993739643427D-03
  0.50968282986563D-04  -.11245477788435D-03  -.12592519185406D-03
  cycle =     10 MP2 energy =     -935.0370582811 |dE/dxyz| =  0.013933
    7.88323059787730     -3.81685544570166     -3.59737798381333      ag
    7.94540674778374      3.83882517285352     -2.08901649203896      n
    7.39503732182680      1.39983364463281     -2.84609057662920      c
    9.07846055126095     -0.44632624491723     -2.08294652173522      n
   11.09769666398860      0.09731805943858     -0.66053838977445      c
   11.63519095087888      2.62805586026393      0.07541262469545      c
   10.01101681917361      4.44846600964136     -0.71013166267170      c
    5.51994290791167      0.91836886063449     -4.11079069456891      o
   12.66266657429789     -1.78078526391046      0.01828765275759      n
   12.20111678119266     -3.59534844481400     -0.38613617083684      h
   14.06115383223603     -1.46306978028015      1.28001754765324      h
   13.25306823735867      3.08616069549044      1.23243347796185      h
   10.28734512097541      6.43764083191082     -0.31509570616808      h
    6.69060735020028      5.18198905976369     -2.63327155608224      h
    5.72012231254158    -10.78415698473518     -6.80658053963317      n
    7.03898290030029     -8.92229185720704     -5.50564898858425      c
    5.92932516432446     -6.55366156060131     -5.49918527261971      n
    3.74440840333738     -6.08224840950288     -6.67705147498834      c
    2.41963452880360     -8.03915203358916     -7.96812572083263      c
    3.48106090696215    -10.37017892005928     -7.97195148062809      c
    9.03298896017810     -9.35172231510465     -4.44565971305545      o
    2.77767661506135     -3.74344079705500     -6.59819168406496      n
    3.70808528636464     -2.27970380889404     -5.75382318736930      h
    1.21394006638613     -3.34304944506017     -7.61759489209766      h
    0.64137280652450     -7.68928777682080     -8.90835107157479      h
    2.60410599173513    -11.98980648886435     -8.86561564515730      h
    6.54703644803085    -12.51188030191677     -6.83887911936441      h
  0.20200104775547D-03  0.38103000089418D-03  0.27816305684336D-03
  0.12294400672319D-02  0.20859419590380D-03  0.19670700499557D-02
  -.21531116442839D-02  0.47663043907953D-03  -.24320025264157D-02
  -.49261454577458D-02  0.14162098518340D-02  -.27851443024495D-02
  -.21439794605227D-02  0.32148850260727D-02  -.32516343040445D-03
  0.13562236021265D-02  -.77469341112035D-03  -.61357821104213D-03
  -.19165197114042D-02  0.20758326931514D-03  -.10090354429657D-02
  0.16469791288927D-02  -.12342181013212D-02  0.11503634991090D-02
  0.65332135875824D-02  -.27068029781026D-02  0.62443241039745D-03
  -.88071830850678D-03  -.16801261922286D-02  -.33195481090376D-04
  0.82532437770588D-03  -.21284818634493D-03  0.23816753703052D-02
  -.95121770666129D-03  -.40632160601728D-03  0.12493851626862D-02
  0.85614016432745D-03  0.26869370754312D-03  -.17513287409319D-02
  -.65471959340258D-03  0.61070136448294D-04  0.77848393227109D-03
  -.81008681559852D-03  0.20828313059162D-03  -.67443983502002D-03
  0.11406278586863D-02  -.75101345291806D-03  0.23905497886734D-03
  0.16723036972763D-02  -.93307526503861D-03  0.76130362432281D-03
  0.22707710907124D-02  -.33548195675905D-02  -.14924050251253D-03
  -.50885205421736D-04  0.57497501762249D-03  0.68219726783703D-03
  0.35799940559933D-03  -.77565164190219D-04  -.46634439012649D-04
  -.84171439083747D-03  0.34093523660417D-03  -.23251060934726D-03
  -.23200487225292D-02  0.19320018893332D-02  0.10934398068483D-02
  0.44372776253576D-03  0.20546740684546D-02  0.82210930469984D-03
  -.79947403788250D-03  0.85562644921033D-03  -.17145190202497D-02
  0.88940015454675D-04  0.17970609201468D-03  -.50908320977605D-03
  -.59081880741374D-03  -.34836739115640D-03  0.92505459866787D-03
  0.41574801816013D-03  0.98953092603438D-04  -.67685729859834D-03
  cycle =     11 MP2 energy =     -935.0376493523 |dE/dxyz| =  0.008912
    7.84808376033629     -3.78279823370284     -3.61733108102084      ag
    7.98485688316484      3.85707251048056     -2.09713221942111      n
    7.42256889992934      1.42499753562741     -2.86671657079523      c
    9.07580886359558     -0.44266013721878     -2.08489138990296      n
   11.08892647101898      0.08096566457171     -0.64472179924775      c
   11.64490434579713      2.60887737920205      0.09546133376418      c
   10.02282410235418      4.43944223563763     -0.66527280614087      c
    5.56272003088946      0.96921800333063     -4.16432957961448      o
   12.61293942226632     -1.80269607849695      0.06375881822720      n
   12.22067779701523     -3.60251238925259     -0.44849292409964      h
   14.08925431489320     -1.47981341683184      1.22470043979812      h
   13.29963410284764      3.06151759090292      1.20118186482734      h
   10.25281902811927      6.41148184693615     -0.16840447990023      h
    6.76976979497042      5.21863577603337     -2.68286867298277      h
    5.73550500298670    -10.76884891160498     -6.77099398364621      n
    7.03048557016014     -8.87873506478444     -5.48889311914783      c
    5.90115273482162     -6.52025720237914     -5.51324114652734      n
    3.71759085436652     -6.08284389103229     -6.70342408923062      c
    2.41528500138902     -8.06738023415910     -7.98013886135007      c
    3.50809004338680    -10.38257942680738     -7.97159108609088      c
    9.02418978086699     -9.27712833561053     -4.41352524644580      o
    2.75498324116742     -3.75331478600685     -6.67881077936585      n
    3.61792232009371     -2.29694809055209     -5.76349386141111      h
    1.10923700437600     -3.40709396294507     -7.57486825980799      h
    0.62588438836601     -7.75089621188341     -8.91104745038867      h
    2.68066013983841    -12.00634667098869     -8.90377917446292      h
    6.56390694849540    -12.49566318286995     -6.75303711683655      h
  0.10382908657469D-03  0.60155748479307D-03  0.16530618231325D-03
  0.13635154679588D-02  0.32452778948588D-03  0.38420119981986D-03
  -.19277045999142D-02  0.35203648159410D-03  -.11858648480390D-02
  -.41036888678432D-02  -.51717657168382D-04  -.33329666665269D-02
  -.72569739347728D-03  -.95744658356800D-03  0.23062778900105D-02
  0.10291691615016D-02  -.45577900766380D-03  -.18880383096320D-03
  -.12127329090257D-02  -.27231477062628D-04  -.11930461517213D-02
  0.12216369538613D-02  -.78536234262572D-03  0.70420398896331D-03
  0.37212659441117D-02  -.13944647572472D-03  0.15618481658946D-02
  -.26459407846960D-03  -.25448812771778D-03  -.33055389471204D-03
  0.38211178727821D-04  -.25792708934769D-03  0.79315736735452D-03
  0.42803678221137D-03  0.28567112925426D-04  -.10023567406154D-02
  -.71028967370979D-03  -.95562443411801D-04  0.73343075936716D-03
  0.15237087856335D-03  0.30935136715105D-03  -.22870587271973D-03
  -.43122050671990D-03  -.27811735960981D-03  0.12163141041954D-03
  0.80082060014508D-03  -.36069204135192D-03  -.34506966041903D-03
  0.85893334459275D-03  0.60664156963008D-03  0.10646216016306D-02
  0.11064926939195D-02  0.88186651674604D-03  -.18002571668330D-03
  -.12703561689520D-03  -.46112292548028D-04  0.26376120065219D-03
  -.41423995335244D-03  0.39744054031665D-03  -.28964226463835D-03
  -.40868919530368D-03  0.37240434828512D-03  -.13573331915495D-03
  0.81715139050864D-03  -.87404575061534D-03  -.46643709872329D-03
  -.82369914645852D-03  0.77128661016079D-03  0.75596074065976D-03
  -.16126363606617D-03  0.90041193052670D-04  -.19919924315737D-03
  -.47831203494209D-03  -.18192967024100D-03  0.47148764284310D-03
  0.16035709556395D-03  0.17420509922594D-04  -.35649947268013D-03
  -.12623264610490D-04  0.12716771472299D-04  0.10901642861066D-03
  cycle =     12 MP2 energy =     -935.0378422807 |dE/dxyz| =  0.003886
    7.83981027064276     -3.76036391084844     -3.64362265921222      ag
    7.97112995912102      3.87142821289942     -2.04463674799465      n
    7.39081188118645      1.44423987280435     -2.81778225947617      c
    9.06385362407946     -0.42735899547201     -2.09032203371938      n
   11.09152470899397      0.08506993396566     -0.67571191376152      c
   11.65739547930375      2.60323584065504      0.09115005710467      c
   10.03508123423906      4.44345632445632     -0.64181441349266      c
    5.49626692292757      0.99886574684925     -4.07052527617297      o
   12.59625753599254     -1.81623230711126      0.01052431791278      n
   12.19328729558908     -3.60658931569317     -0.52425442216753      h
   14.10341103562344     -1.51061890451599      1.13390965780478      h
   13.31248824204902      3.03905342382359      1.20368112378043      h
   10.29269436960792      6.41573166596891     -0.15966723438529      h
    6.74939659627703      5.23756211373043     -2.60395461957426      h
    5.72440425645116    -10.78007138710608     -6.71468208335249      n
    7.02495249041184     -8.87451744405829     -5.46329385041881      c
    5.90103291431517     -6.51464112572542     -5.52437822571743      n
    3.72630273300266     -6.08448256623547     -6.73222512240864      c
    2.43741674628926     -8.07620302521883     -8.01150986232209      c
    3.51440520047463    -10.39870489616854     -7.94842591632334      c
    9.02085768814717     -9.26162439881907     -4.38686302913008      o
    2.77290965039103     -3.75023746649946     -6.72670414458508      n
    3.64189190987518     -2.29491620527555     -5.81813640460136      h
    1.11476861051056     -3.40824073293712     -7.60104844940462      h
    0.68686517223570     -7.75329107523813     -9.01074547983934      h
    2.69247502142888    -12.03028404386176     -8.87143051780445      h
    6.52898929834632    -12.51657301877288     -6.63943373195915      h
  0.30316761199423D-03  0.38523019331294D-03  -.14701662650873D-03
  0.22344805428554D-03  0.20619975410696D-04  0.23176542637948D-03
  -.54640672634809D-03  0.34129594468801D-03  -.55702985530903D-03
  -.15276338525605D-02  -.66647292827460D-03  -.10253562668785D-02
  0.23774205092764D-03  -.84171938064959D-03  -.17163763265238D-03
  0.50857633422652D-03  -.13266585029159D-03  -.15243652770636D-03
  -.47309109832194D-03  0.48154240475995D-04  -.76599953300338D-05
  -.20861705372610D-03  -.59000398923814D-03  0.46745390772074D-03
  0.96048860345554D-03  0.44663810524614D-03  0.90431179738548D-03
  -.22531687962443D-03  -.11231371388831D-03  -.25450121217330D-03
  -.46103225713434D-03  -.14507148758536D-03  0.41827181231824D-03
  0.12137336261109D-03  0.36655133494268D-04  -.27194448079637D-03
  -.64909247297185D-04  0.33846278600258D-04  0.14807881648427D-04
  0.21550738205089D-03  0.15767863038896D-03  -.18130135089400D-03
  0.28516074238052D-03  0.51789628793486D-04  -.42175225066465D-03
  0.14128691743576D-03  -.47409960189526D-03  0.82274695679896D-04
  0.32520001118908D-03  0.56697992314581D-03  0.57034528447364D-03
  0.67941582729425D-03  0.40498546575929D-03  0.12021365415382D-03
  -.53284482807392D-03  -.32950659233255D-03  0.41901633218799D-03
  -.53071755540213D-03  0.11132744427478D-03  0.14284996214364D-03
  0.77542502669559D-04  0.24340539877699D-03  -.45905863134976D-03
  0.11935127877400D-02  0.62661772672001D-04  0.15995214642972D-03
  -.56408406697139D-03  0.34689748145400D-03  0.16114662796607D-03
  -.24345257127045D-03  -.17538633690251D-04  0.78731873762727D-04
  0.12470020542121D-03  0.49431769423736D-04  -.28159166937902D-03
  0.21151200377867D-03  0.48566652402826D-04  -.31378456665410D-03
  -.23052869634599D-03  -.46771987756600D-04  0.47392933575325D-03
  cycle =     13 MP2 energy =     -935.0378957886 |dE/dxyz| =  0.006269
    7.82431074913003     -3.73566559600671     -3.66781432387847      ag
    7.98479610055228      3.88551118599463     -2.02988128603846      n
    7.41392957305051      1.46904737948454     -2.84216040632935      c
    9.06967263503059     -0.41549754200557     -2.10927082024693      n
   11.08924923054695      0.08048428969518     -0.68041735891716      c
   11.64478828720489      2.58777840028069      0.13279990565187      c
   10.03307531477623      4.43816830018829     -0.59432333037110      c
    5.54422578617851      1.04648444512194     -4.14088720064731      o
   12.57782177259540     -1.83005098464504     -0.00815556924715      n
   12.20965993125504     -3.60106636776114     -0.62039400551490      h
   14.12716657370452     -1.52893161263985      1.05394218389444      h
   13.28182782616071      3.00610663889919      1.27846592061275      h
   10.28602815830444      6.40331095632398     -0.08195635518119      h
    6.76598768488572      5.25773511886391     -2.57940018057803      h
    5.73179567200491    -10.77489895872569     -6.68780216457053      n
    7.01736576829048     -8.85478586458296     -5.44494351825475      c
    5.88668375134480     -6.49983233547363     -5.53274018584438      n
    3.71175318565332     -6.08788253649955     -6.74592337057009      c
    2.42846568949120     -8.09821612605731     -8.00283935567811      c
    3.51697429368819    -10.41462675924453     -7.91994684370115      c
    9.00518611773220     -9.22828100035656     -4.34716085375862      o
    2.77654594159652     -3.75022384971758     -6.78995512992941      n
    3.63947432203398     -2.29717677784095     -5.87749784318243      h
    1.08367502981371     -3.42933441407550     -7.60033372813784      h
    0.67504473319109     -7.79317323586620     -9.00236208976231      h
    2.69979593400777    -12.05874834903111     -8.82446670943767      h
    6.55538078528866    -12.50254208872699     -6.61647862160259      h
  0.17312303204609D-03  0.39693569321742D-03  -.10686517324521D-03
  -.37413137171938D-03  -.65772308412093D-04  -.33964770079564D-03
  0.67373921494251D-04  0.12170114349797D-03  0.46982943993168D-03
  -.45615221854045D-03  -.14650860171530D-02  -.16205696168559D-04
  0.18950763716186D-02  -.27066368889050D-02  -.33198185375394D-03
  0.94892054768536D-04  0.40174239778779D-03  0.10606327590867D-03
  0.36203668861390D-03  -.19301273560757D-04  0.18904999481251D-03
  -.43031137073868D-03  -.26377411292877D-03  -.51725978320682D-03
  -.13909571250661D-02  0.16633385166367D-02  0.40736120877938D-03
  0.10908826086054D-04  0.76648023009973D-03  -.17855329983840D-03
  -.10393294490134D-02  -.77161063682940D-06  -.53530071601315D-03
  0.75941904551513D-05  0.73041156559039D-04  -.41264844121258D-04
  0.42869007585544D-04  0.13673783074708D-05  -.42641583643865D-04
  0.12925850171364D-03  0.27852678499585D-04  0.93174524369299D-04
  0.49894436926529D-03  -.79040824141785D-04  0.29651705060640D-04
  -.38502796463113D-04  -.87618997932637D-04  -.59656166966970D-03
  0.48915739882194D-04  0.87739736951065D-03  0.39185125985775D-03
  -.92328306275391D-03  0.18920948259522D-02  0.11041783816239D-02
  -.29918045415833D-03  -.63518167828314D-03  -.24513281052307D-03
  -.67676146532936D-03  0.28090771758471D-03  0.11441195867157D-03
  0.14923736672401D-03  0.27056525908620D-07  0.87151675705499D-04
  0.25765430133191D-02  -.36095428943383D-03  -.43845991898550D-03
  -.88329336400328D-03  -.57800091124971D-03  -.21090880314523D-03
  0.18435525880633D-03  -.37357488162426D-03  0.84014081132855D-03
  0.15513908422449D-03  0.15725860874061D-04  -.22024025682610D-03
  0.13002125156536D-03  0.38858877498882D-04  -.12326389094053D-03
  -.14386301266267D-04  0.78242833858155D-04  0.11142355002472D-03
  cycle =     14 MP2 energy =     -935.0379943528 |dE/dxyz| =  0.002654
    7.82911224426327     -3.73909800958533     -3.66701949499778      ag
    7.97402385143697      3.88343260187758     -2.01864492186533      n
    7.40821177998424      1.46669516418183     -2.83317390727038      c
    9.07511154146994     -0.41151024482553     -2.11295269226056      n
   11.09798284125930      0.08779400451513     -0.69058825027179      c
   11.64038705271267      2.59208612778886      0.13769210442875      c
   10.02048700497238      4.43892006968581     -0.58182019311790      c
    5.52874600901459      1.03737966624476     -4.11569235578409      o
   12.61223266778126     -1.82047489576784     -0.05287799812879      n
   12.22568718208928     -3.59817187503078     -0.63645024903277      h
   14.14882826953493     -1.52402743947560      1.03166644959982      h
   13.27253924619845      3.01097431797683      1.29012609779713      h
   10.26595063932247      6.40312343498458     -0.06236806947764      h
    6.75235928654467      5.25315831456879     -2.56852220645196      h
    5.72195309189334    -10.78191378321265     -6.68059253381310      n
    7.00479060371689     -8.86725867610280     -5.42587639581803      c
    5.88648967569554     -6.50731029680443     -5.52790343804607      n
    3.71744495898812     -6.08844456866154     -6.75076561219119      c
    2.43163295074252     -8.09531753017840     -8.00747179958206      c
    3.51468394071729    -10.41477800554476     -7.92241590391393      c
    8.97992497024415     -9.24988945496357     -4.30891424318320      o
    2.77996058525021     -3.74758972384698     -6.78647510748629      n
    3.67170007672978     -2.28604498065878     -5.91350652836135      h
    1.11681504488541     -3.40836000950399     -7.65134306576360      h
    0.66904251566686     -7.79062930077850     -8.99080764535460      h
    2.68993488471887    -12.05869246819664     -8.82050078625454      h
    6.54464793167924    -12.51036012309056     -6.61470449461964      h
  0.23275478462370D-03  0.32462868272809D-03  -.16472232639586D-03
  -.40516255057566D-03  -.20738914294149D-03  -.97048655112175D-05
  0.55047767612892D-03  0.25204108280175D-03  -.17765774166323D-03
  -.41847392526628D-03  -.70109915410166D-03  0.15019031344932D-03
  0.42503619413914D-03  -.63095171562377D-03  -.31560276725084D-03
  0.42930674764463D-04  0.30544538834842D-03  -.41500493540347D-04
  0.24807843061470D-03  0.54846917320717D-04  0.18411931160722D-03
  -.71058703147031D-03  -.45021949792012D-03  -.58478304953979D-04
  -.34074103370152D-03  0.13391364919091D-03  -.75521174127680D-04
  -.84855300938338D-04  0.21210542048244D-03  -.32497913402540D-05
  -.42225577618815D-03  0.24955487787359D-07  -.74036744316608D-04
  -.73177750853581D-04  -.17482891356835D-05  0.11724288397374D-03
  0.68239389802938D-04  0.92107194671343D-06  -.83527508415449D-04
  0.14499268708068D-03  0.14002851418837D-04  -.10115881480433D-03
  0.36765850157411D-04  -.16172200787423D-04  0.24487373761728D-03
  0.19043816605446D-04  -.10634278494859D-03  -.40798914694395D-03
  0.11107951897316D-03  0.83363757974908D-04  0.48219856861964D-03
  -.20206161563685D-03  0.13730227619746D-03  0.40543713319341D-03
  0.87149728397407D-04  -.18904385501262D-03  -.36437840298653D-03
  0.73009911734090D-05  0.20999260951982D-03  -.25446923567873D-03
  0.61787190510643D-05  -.53577375894065D-04  0.16214184345920D-03
  0.11621424681092D-02  0.81298151501663D-03  0.14335831395851D-03
  -.26998704578451D-03  -.10219240116260D-03  -.34536490532089D-03
  -.20621002692511D-03  -.88757187474364D-04  0.39314487447051D-03
  -.84299839850033D-04  -.29553074953559D-04  0.19677415267738D-03
  -.56708321114485D-05  -.17771687369716D-04  0.79845284692404D-04
  0.81311418009378D-04  0.53248084315172D-04  -.81964490432311D-04
  cycle =     15 MP2 energy =     -935.0380328848 |dE/dxyz| =  0.002075
    7.83233519421584     -3.73690138597058     -3.67476901508954      ag
    7.96076622208592      3.88036325824989     -1.99595230364074      n
    7.41144571260143      1.46794729202053     -2.83405594885031      c
    9.08472799668026     -0.40716346987007     -2.12243699817356      n
   11.10860540485364      0.09264823831938     -0.70078948333436      c
   11.63999969069423      2.59391757594833      0.14166272880710      c
   10.00553179260520      4.43610107288677     -0.55753219901222      c
    5.54067508230981      1.03966147685352     -4.12942471216847      o
   12.63975366469288     -1.81243312975096     -0.08493106747131      n
   12.24992037093457     -3.59245594251533     -0.66024023832331      h
   14.17288064756801     -1.51627285099224      1.00610069630254      h
   13.27845479502103      3.01546180085566      1.28405903943048      h
   10.23757610152390      6.39671233305611     -0.01877166945157      h
    6.72378294459018      5.24499803268112     -2.52423773371866      h
    5.70455149453107    -10.78930243813493     -6.65544360032279      n
    6.99464315121581     -8.87087436963533     -5.41331059801140      c
    5.88540421358025     -6.50788589635655     -5.53213616514016      n
    3.72155117237770     -6.08802587577538     -6.76461704534958      c
    2.43787709098032     -8.09419240916892     -8.02259842329012      c
    3.50680248743332    -10.41944300928435     -7.91230565958509      c
    8.97054863948625     -9.25258696621422     -4.29749008532458      o
    2.77966484667813     -3.74765552251782     -6.79485733013071      n
    3.68237410344937     -2.28398016260895     -5.93533977739800      h
    1.13589780452307     -3.39956817467099     -7.69308406084608      h
    0.68813558891074     -7.78506504073459     -9.02730468989702      h
    2.67364819453042    -12.06690437897963     -8.79612001285372      h
    6.51312643943930    -12.52340774209498     -6.56597688837771      h
  0.13610694419608D-03  0.28080906558614D-03  -.74514832895112D-04
  -.11258767688171D-03  -.16993261272802D-03  -.13793537965257D-03
  0.43998682288526D-03  0.21976058362050D-03  -.12915703392746D-03
  -.59971452454310D-03  -.19900681011853D-03  -.91465453175177D-04
  -.16213219150973D-03  0.27578538988227D-03  0.57614239243442D-04
  -.11184651284779D-03  0.15517395216191D-03  0.13046031866004D-03
  0.14133554989670D-03  0.31747581045849D-04  0.28178428407966D-04
  -.47519031972598D-03  -.44835622166151D-03  -.20608541959177D-03
  0.26215139354058D-03  -.57606149162304D-03  -.25350566302507D-03
  -.11420608677554D-03  -.80823736503532D-05  0.13477544752938D-03
  -.52048721712161D-04  0.57050532880076D-05  0.11244555268863D-03
  0.61578882579738D-04  0.28452239901888D-05  -.10676406037557D-03
  -.41621505062484D-05  -.24162722639609D-04  0.34841873464142D-05
  -.24910898731356D-04  -.24861337663218D-04  0.32252177823100D-04
  0.61456055153453D-04  0.94718311537179D-04  -.86172371987825D-04
  -.26797812518442D-03  -.15837962714116D-03  0.18117820205399D-03
  0.28719037362990D-03  -.23254254448601D-03  0.31870940435441D-03
  0.48257698466614D-04  -.43687917298030D-03  -.83890837799139D-04
  0.28204642383400D-04  0.22008379015781D-04  -.39678885387140D-04
  0.27699010427717D-03  0.15981395909925D-03  -.29988220544297D-03
  0.14245822076475D-03  0.33345399696572D-04  -.12942361321855D-03
  0.35275392347600D-03  0.93908708987023D-03  0.43593787001139D-03
  0.36036786556171D-04  0.78324573405730D-04  -.21996036368144D-03
  -.25998482870015D-03  -.14282757399009D-05  0.19527335487091D-03
  0.63016062002319D-04  0.48833440671414D-04  -.65283170416208D-04
  -.15387663734812D-03  -.64652760955575D-04  0.28206339040660D-03
  0.11147441409953D-05  -.36121215671869D-05  0.11346388534145D-04
  cycle =     16 MP2 energy =     -935.0380686682 |dE/dxyz| =  0.002311
    7.81951012450993     -3.72408477018037     -3.68302066159656      ag
    7.95393366365549      3.88416090911402     -1.96073255318150      n
    7.40922704929786      1.47719229978803     -2.81801588060176      c
    9.09041258129333     -0.39864011099066     -2.12849427811783      n
   11.12124622869747      0.09588940586849     -0.71380586383590      c
   11.64703098458605      2.59105448215150      0.14869758137725      c
   10.00371662909001      4.43392826979101     -0.52792397057252      c
    5.53605521295209      1.05469255114585     -4.11156602155627      o
   12.66409429515796     -1.80872178048338     -0.12377335369201      n
   12.28015116272286     -3.58560988677218     -0.71291869347872      h
   14.21107186167460     -1.51280517887452      0.94843127137940      h
   13.28606817175662      3.00716530816922      1.29222589748264      h
   10.23490048728913      6.39142875337359      0.02246918525001      h
    6.70668270539595      5.24783342943751     -2.46712602620834      h
    5.69118565125226    -10.79322359286507     -6.61797177447551      n
    6.97251816862843     -8.86531477539561     -5.38082492894932      c
    5.87066133511990     -6.50142454898852     -5.53415254671871      n
    3.71637076965424     -6.09065331711505     -6.78715597189167      c
    2.44220916795605     -8.10541634263152     -8.03959299182331      c
    3.51061254454041    -10.42986125682766     -7.90547346626281      c
    8.93545986836597     -9.24109314946445     -4.24010711238110      o
    2.77258489855130     -3.75162841825580     -6.83677010252429      n
    3.67417012295638     -2.28460738920579     -5.98109418165847      h
    1.14410671780259     -3.40436881022591     -7.76259910632780      h
    0.69530264917802     -7.80540894236312     -9.05206172266682      h
    2.69888656580860    -12.07774100983305     -8.80827621040825      h
    6.49251122961916    -12.52904981277104     -6.50026975778075      h
  0.75610336697451D-04  0.19167643158635D-03  -.76055550727983D-04
  -.36013202140639D-04  -.13042214670023D-03  -.62420090814697D-04
  0.50202570402069D-03  0.12795574021496D-03  -.75214257603040D-04
  -.76127743418497D-03  0.13515394092822D-03  -.20849214408636D-03
  0.12427470413634D-04  0.65480885713498D-03  0.20350905368272D-03
  -.15981635678841D-03  0.64794868769980D-04  0.10770459367837D-03
  0.26810150325129D-04  -.70849352701075D-04  -.84839150407134D-05
  -.39090249620699D-03  -.37828243793392D-03  -.23712072385962D-03
  0.26960978456003D-03  -.72530230061840D-03  -.28749174818188D-03
  -.53913987015028D-04  -.92385230292535D-04  0.18682922039859D-03
  0.21459179166072D-03  0.29370944217733D-04  0.13419485908273D-03
  -.31630157250717D-04  -.45617963435163D-04  0.35892520950043D-04
  0.95723941140213D-04  0.11780275987583D-04  -.16042827988461D-03
  -.14584542893648D-03  -.56187370773841D-04  0.12555554023486D-03
  -.17196379136528D-03  0.44565331517532D-04  0.43700869459595D-04
  -.15262695531959D-03  0.77757311589544D-04  0.56376041511985D-04
  0.35815883906576D-03  -.49234373729812D-03  0.44142373561362D-03
  0.13502463577453D-03  -.26537626663892D-03  -.81643702544643D-03
  0.16389750177659D-03  0.22904298970183D-03  -.74324062762088D-05
  0.13925660128855D-03  -.34037990740643D-04  0.18821500067823D-03
  0.93815416601473D-04  0.34595059315023D-04  -.98975702567117D-04
  -.17252353596753D-03  0.52372138036105D-03  0.37160484296006D-03
  0.32540094587707D-03  0.19529770143922D-03  -.99090414988012D-04
  -.23159563970410D-03  -.62776268077158D-05  0.11646883445415D-03
  -.19156812767029D-03  -.44123327328949D-04  0.31559739926657D-03
  0.23378220484727D-03  0.96651286763283D-04  -.37813101864836D-03
  -.14645852026529D-03  -.75966201169564D-04  0.18870058574880D-03
  cycle =     17 MP2 energy =     -935.0381054636 |dE/dxyz| =  0.002659
    7.78777952695515     -3.69531730723883     -3.69726051107395      ag
    7.95358796204824      3.89725344540455     -1.90299596042787      n
    7.40150328921381      1.49880977126428     -2.78137903215040      c
    9.09286373620972     -0.38259731894747     -2.13376739593373      n
   11.13769502642583      0.09780337165302     -0.73319028923480      c
   11.66429165928561      2.58154830636294      0.16031384258816      c
   10.00866554939894      4.42909239571259     -0.47198657214534      c
    5.51354596338390      1.08918570737196     -4.05685779217710      o
   12.68797390702448     -1.81043991690019     -0.17883483483466      n
   12.31819608831346     -3.57642460434801     -0.80846414084695      h
   14.26706923052200     -1.51579403606126      0.84619725454291      h
   13.31290074351001      2.98567627583824      1.29435877760352      h
   10.22987990596441      6.37520166846747      0.12142341558718      h
    6.70999412262510      5.26857763871721     -2.39757408026979      h
    5.68117018322419    -10.79324974952713     -6.56013134962697      n
    6.94088114565521     -8.84439147470162     -5.33305967773693      c
    5.84278478916971     -6.48371581402694     -5.54258363883090      n
    3.70404477533769     -6.09639787319195     -6.83012252118381      c
    2.45144955297929     -8.13148696400684     -8.07058813032826      c
    3.51549114066743    -10.45404572456301     -7.87817038865362      c
    8.88220078232924     -9.20249625883417     -4.14977111308096      o
    2.75775239327653     -3.76118046378522     -6.92669952394963      n
    3.64263658848209     -2.28791726728916     -6.06452549489711      h
    1.14526720866292     -3.42552522988828     -7.88375483198752      h
    0.72750736583852     -7.84701477358053     -9.12608086525173      h
    2.71109226994605    -12.11867228386631     -8.75659526559528      h
    6.49245594106311    -12.52278920443983     -6.41980312132538      h
  0.45764384476676D-04  0.34078486716993D-05  -.15728756892930D-03
  0.59597733828909D-04  0.67393364489021D-06  -.43275899094919D-04
  0.61458113692137D-03  -.10148846858460D-03  0.82902900292670D-04
  -.71214489571136D-03  0.42906959386224D-03  -.42226149345836D-03
  0.50401631159058D-03  0.48960616510119D-03  0.65891210282132D-03
  -.17150161345647D-03  -.72983611767441D-05  -.17511051854768D-04
  -.68072894250371D-04  -.21045614084336D-03  -.32829629613040D-04
  -.53050135477406D-03  -.26926293551988D-03  0.11155302306776D-04
  -.29649743421345D-03  -.38107237024221D-03  -.72267921333413D-04
  0.92659174839967D-04  -.89232878460521D-04  0.14517471163389D-03
  0.43250677213624D-03  0.75872768479091D-04  -.30850246036884D-04
  0.11590248447213D-03  0.22787489917242D-05  -.18801256966849D-03
  -.18437344208233D-03  -.75237415397389D-04  0.28461709635241D-03
  0.81173138747559D-04  0.27346914323267D-04  -.29332162556006D-03
  -.22427268218855D-03  -.26250888707224D-04  -.89953768713347D-04
  -.12181438154180D-04  0.45419881309883D-03  -.12854508112881D-03
  0.62831829814414D-03  -.60123822338842D-03  0.33549290721657D-03
  -.54978086072133D-03  0.23280824808936D-03  -.63248494722412D-03
  0.22870188983326D-03  0.36544112232917D-03  0.40290229763151D-04
  0.22346449490840D-05  -.22525638559756D-03  0.68242066370683D-03
  -.14790101239370D-03  -.37338923485564D-04  0.21190156504503D-03
  -.56574364101714D-03  -.32279172749838D-03  0.33564714493117D-04
  0.60282189564687D-03  0.28370166621094D-03  0.86669633541980D-04
  -.12235988326914D-03  -.52291431412943D-04  0.24446744618878D-04
  0.73797515519836D-04  0.28051994121869D-04  -.13835516528005D-03
  0.22437287911625D-04  0.24248619611811D-04  -.10508570922951D-03
  0.80818293041851D-04  -.17490034252887D-04  -.24550597188705D-03
  cycle =     18 MP2 energy =     -935.0381289942 |dE/dxyz| =  0.001680
    7.77713993133161     -3.68744945866712     -3.69795375272805      ag
    7.96034552396480      3.90579748401798     -1.89623072117339      n
    7.40526410660876      1.51126137190973     -2.78514067385978      c
    9.08897710433831     -0.37705570458314     -2.13568735961301      n
   11.13245676800409      0.09526911106316     -0.73181999731483      c
   11.66586713620304      2.57598266446197      0.16688710880114      c
   10.01752593138371      4.43010672245980     -0.46530626690578      c
    5.52525538867348      1.11185732752091     -4.07475102031852      o
   12.67448929815342     -1.81830554419325     -0.17652954498649      n
   12.30570208123354     -3.57951418785924     -0.81969169594832      h
   14.25415368313464     -1.53006579633904      0.84851418530026      h
   13.31131043126670      2.97194008229981      1.30844393134131      h
   10.24866869431658      6.37626011345707      0.12431008905219      h
    6.71610414627627      5.27992274939026     -2.38091452944397      h
    5.69048084348488    -10.79024745139355     -6.55931837656526      n
    6.95029597067044     -8.83443362398027     -5.34391460735921      c
    5.84000805192199     -6.47834636020744     -5.54727705418454      n
    3.69803448459990     -6.09981854173093     -6.83063405463024      c
    2.44694546881139     -8.14168548589045     -8.06298488245143      c
    3.52017216584987    -10.46004750723890     -7.87257366733279      c
    8.90428753629794     -9.18192064511702     -4.17836835842594      o
    2.75189562779702     -3.76524175778245     -6.94212190713873      n
    3.62684171434285     -2.28958528268305     -6.07576017120029      h
    1.14015634197969     -3.43550770825718     -7.90218427447251      h
    0.71406101100772     -7.86594590707011     -9.10605264985576      h
    2.71314445854318    -12.13047060552802     -8.73743335170767      h
    6.50109694731682    -12.51906374246401     -6.40740963809930      h
  -.53104534245563D-04  -.16884741945322D-03  0.57155975954348D-04
  0.64012415325942D-04  0.11171486929484D-03  -.41469401520944D-04
  0.24852966314892D-03  -.24606824008178D-03  0.32565567898679D-03
  -.30618498126478D-03  0.31692083029311D-03  -.21933982347311D-03
  0.54987502960557D-03  0.12661082361820D-03  0.26465209161231D-03
  -.10709141007936D-03  -.31339783759243D-04  -.13506623586679D-04
  -.32446824564047D-04  -.91401306265837D-04  -.60326792551635D-04
  -.24020183781559D-03  -.12812234505155D-03  -.26363515896222D-03
  -.44909941668614D-03  -.30066433051701D-04  -.11136170474657D-05
  0.88204308127213D-04  0.14535720520570D-05  0.81302683849538D-04
  0.22479923341390D-03  0.41913480293587D-04  -.13297326520068D-03
  -.25168752966209D-05  -.20254006950271D-04  0.20370211926135D-04
  -.26706278069999D-04  -.49446077019510D-05  0.59986007192148D-04
  -.19800299827288D-04  -.22595050161556D-04  -.33342110644430D-04
  -.14165311930089D-03  -.87111363681558D-04  -.49263729505089D-04
  -.10370930485415D-03  0.35934167364449D-03  0.40940872044981D-04
  0.46264245555561D-03  -.34458041575380D-03  0.78184241578683D-04
  -.63119498006969D-03  0.27134468665313D-03  0.13597214192185D-03
  0.11618885922182D-03  0.18163811512373D-03  0.23007686782428D-04
  0.36697142663566D-03  -.79819317138075D-04  -.11567293284553D-03
  0.43093203004219D-04  -.22058837037875D-04  -.79701210271566D-04
  -.17782855429793D-03  -.11771201176103D-03  -.22967601704593D-03
  0.31246127212459D-03  0.99462768591074D-04  0.82972974624340D-04
  0.31400016320404D-05  -.40207745746201D-04  -.39292968539328D-04
  -.29194988273140D-04  -.22124818962910D-04  0.29241748221054D-04
  -.80521462232142D-04  -.10133645718113D-04  0.60669597699015D-04
  -.78663188460393D-04  -.43013047791973D-04  0.19201706376537D-04
  cycle =     19 MP2 energy =     -935.0381359923 |dE/dxyz| =  0.001047
    7.76732276218438     -3.68282133078168     -3.69467044501576      ag
    7.96191729014528      3.91149783865527     -1.88844174840381      n
    7.39923686846356      1.51845269949961     -2.77749899199643      c
    9.08198719810528     -0.37344300239886     -2.13414098042930      n
   11.12967555144220      0.09420363528611     -0.73590334621155      c
   11.67628588053609      2.57525426462378      0.15454956273827      c
   10.02978457743379      4.43309679086731     -0.47179663488003      c
    5.51498862432920      1.12299929944912     -4.06138584111957      o
   12.66412952914392     -1.82426046183101     -0.17717742489974      n
   12.28794803730186     -3.58471640190560     -0.81791965495939      h
   14.24194432687968     -1.54187360459809      0.85156389784790      h
   13.33114239722490      2.96909124465340      1.28312481742004      h
   10.27254897341779      6.38064559518193      0.10846689647053      h
    6.71370550154161      5.28663691572793     -2.35967616767427      h
    5.69676081945648    -10.78877506486784     -6.55902901355790      n
    6.94654456237476     -8.83319418235388     -5.33347288828929      c
    5.83515871927480     -6.47757700616663     -5.54251306564534      n
    3.69742998132725     -6.10194960232310     -6.83216892945800      c
    2.45403404019361     -8.14439086410141     -8.07211953988704      c
    3.53097536925908    -10.46082073404776     -7.88105908131270      c
    8.89220734597117     -9.17988658152478     -4.15387695945357      o
    2.74428933111108     -3.76990867672138     -6.93924783046291      n
    3.60562003339396     -2.29570537621203     -6.05835173416457      h
    1.13566637043269     -3.44217982166671     -7.90479114267841      h
    0.72466648737997     -7.87013489519338     -9.12132593109063      h
    2.73278208872230    -12.13099159787112     -8.75443637737538      h
    6.51192818046596    -12.51555676378366     -6.40860468673206      h
  0.55742039206663D-05  -.21758402842664D-03  0.37309911085082D-05
  0.97803309023314D-04  0.14524474175559D-03  -.73576366854455D-04
  0.27012594721931D-04  -.24043030010112D-03  0.25494591220498D-03
  -.70534415895995D-04  0.27605246173046D-03  -.97541482825259D-04
  0.40521108617497D-03  -.40066725381038D-04  -.46276127093847D-04
  -.52316438765132D-04  -.72172318471786D-04  0.90307047029725D-04
  -.73704037930167D-04  0.34538314430677D-06  -.33511388695118D-05
  -.98492998453992D-04  -.66858790296109D-04  -.25318781966988D-03
  -.37879722445489D-03  0.67252609935231D-04  0.17386589455626D-03
  0.78411834377833D-04  0.71669234507965D-04  0.20342910551197D-04
  0.21274192972598D-04  -.77397784046251D-05  -.15144835102188D-03
  0.12207274351361D-04  -.23887552358381D-05  -.12068515183650D-04
  0.64394514113664D-04  0.25695017187743D-04  -.75188588333663D-04
  -.89956636213806D-04  -.52374768022112D-04  0.13993722443484D-03
  -.78736530225554D-04  -.86416555424407D-04  0.42316024526645D-04
  0.83564445017004D-05  0.23872327862673D-03  -.58481712657432D-04
  0.12894488789073D-03  -.13934874352861D-03  -.75268547278906D-04
  -.16527801684951D-03  0.24529248980176D-03  0.73639208100218D-05
  -.49137579871683D-06  0.76219959475821D-04  0.14936385510644D-04
  0.10791065391480D-03  -.77558853346815D-04  -.83328980515773D-06
  -.24455971200155D-04  -.64997252113841D-04  0.69509500459475D-04
  -.48999980039710D-04  0.38388669601375D-04  -.35868219137036D-04
  0.69036424363400D-04  -.60488490100319D-04  0.83737703806541D-04
  0.10523752895431D-03  -.52210121448848D-04  -.14034671558250D-06
  -.17165642585582D-04  -.24173893921509D-04  0.25981600948910D-04
  -.22124084471553D-04  0.19172826926095D-04  -.10622912004266D-04
  -.10321800519630D-04  0.75311920433307D-06  -.33121749680787D-04
  cycle =     20 MP2 energy =     -935.0381422216 |dE/dxyz| =  0.000769
    7.75560783093252     -3.67443211480679     -3.69502248050630      ag
    7.97120080620658      3.92046372171226     -1.88821482847111      n
    7.39861054298081      1.52911868468071     -2.77583224310840      c
    9.07604861240165     -0.36834485422758     -2.13372463940229      n
   11.12496994804197      0.09160294881959     -0.73523802710649      c
   11.67840837734061      2.57009482744468      0.15880835807183      c
   10.03924613751965      4.43405590773654     -0.46886244163090      c
    5.51026610458735      1.13866634179815     -4.05443815866093      o
   12.65748361686486     -1.83080874218163     -0.18358253793733      n
   12.27743928158294     -3.58868288872114     -0.82913238354945      h
   14.23322734364710     -1.55522842102770      0.84990848967768      h
   13.33151533394662      2.95697292510346      1.29230416683397      h
   10.28759733002964      6.38028922608193      0.11335838821048      h
    6.73230819238068      5.30178373152743     -2.36588370188075      h
    5.70460611162967    -10.78592451674044     -6.55660556902766      n
    6.94975819241666     -8.82592904288427     -5.33406366134739      c
    5.83063870022755     -6.47360595021059     -5.54338115250692      n
    3.69266112775288     -6.10514769907558     -6.83352971448092      c
    2.45412882659359     -8.15202700632979     -8.07155304769477      c
    3.53695886787448    -10.46535032616592     -7.87792459484043      c
    8.89917058785416     -9.16501471414661     -4.15841499162420      o
    2.73254214951973     -3.77582547679024     -6.94209568767493      n
    3.58662890563988     -2.29917088407143     -6.05929177149576      h
    1.12618061569098     -3.45233886342860     -7.91262271027863      h
    0.72479377806408     -7.88286711469321     -9.12210722407505      h
    2.74443002203444    -12.13829039709430     -8.75109168542709      h
    6.52425350375155    -12.51036698671337     -6.40366939128716      h
  -.90376048076379D-05  -.24751224247410D-03  0.52324028859907D-04
  0.27535655808153D-04  0.88766287804631D-04  0.66811457854810D-04
  -.45621977435850D-05  -.15275805223158D-03  -.83547783052751D-04
  -.86381330395291D-05  0.31461330757709D-03  -.45875294767184D-04
  0.77698725060138D-04  -.16181199086773D-03  0.59140634308008D-04
  0.95932996217130D-04  -.91954627681190D-05  -.18543333355048D-04
  -.80450521780406D-04  0.54053012764399D-04  -.32757689385043D-04
  -.59104961170675D-04  -.66057308240275D-04  -.96637471340699D-05
  -.12858950572081D-03  0.32939238554519D-04  0.15785807762203D-03
  0.68436584741951D-04  0.10436172036599D-03  -.26259094993319D-04
  -.41455850967154D-04  -.33910160960771D-04  -.14733617031926D-03
  -.33793025379758D-04  -.14119641367660D-04  0.49251467633127D-04
  0.35611375987954D-04  0.91365395196163D-05  -.41374202997879D-04
  -.65153908686000D-05  -.17395522378116D-04  0.28361364615481D-04
  0.37636093753929D-04  -.39547064600853D-04  -.23327547409302D-05
  -.58964397893213D-04  0.75956593586390D-04  0.55887640694419D-04
  -.43505877206584D-04  -.23158878516005D-04  -.22428607148850D-03
  0.10017917701255D-03  0.17040949915170D-03  0.20811831920931D-04
  -.92663460987907D-04  -.21868229455380D-04  0.45590687217434D-04
  -.67606491610306D-04  -.46981919535227D-04  0.81325595227000D-04
  0.47838617977192D-04  -.31798967521368D-04  -.21321272342334D-04
  0.23488761323520D-04  0.14551177300959D-03  0.48129945175113D-04
  -.83276244578379D-04  -.12372662526161D-03  0.63282983182145D-04
  0.18170278353580D-03  -.37780877495397D-04  -.21324207460260D-04
  0.36744677389677D-05  -.16332435603172D-04  -.37063375737389D-05
  0.23380168585163D-04  0.36213722762746D-04  -.64168519570806D-04
  -.49519518858787D-05  0.11994087261158D-04  0.13720696642017D-04
  cycle =     21 MP2 energy =     -935.0381491422 |dE/dxyz| =  0.000808
    7.73824254994034     -3.65847791360311     -3.70096978592786      ag
    7.97975649300545      3.93207854509506     -1.87560257406140      n
    7.39715459212200      1.54547784036124     -2.76956137868906      c
    9.06994253768143     -0.35943015915736     -2.13619178566755      n
   11.12283767128381      0.08895375757798     -0.74048930854496      c
   11.68598470528067      2.56279826043424      0.16090263553213      c
   10.05142591229333      4.43391238420629     -0.45717482107758      c
    5.50514172683287      1.16426198349650     -4.04480852811602      o
   12.65047803512769     -1.84039950485097     -0.19830372701976      n
   12.26211371397638     -3.59524619277988     -0.84757800067829      h
   14.22550403317835     -1.57477244458286      0.83903499756873      h
   13.34341946548737      2.94097932940072      1.29098641337399      h
   10.30586292742609      6.37694507009730      0.13297656892899      h
    6.74691689671052      5.31999090322717     -2.34981665099142      h
    5.71460285525929    -10.78150510307095     -6.54686172512864      n
    6.94962356865108     -8.81360212134497     -5.32760850135033      c
    5.82175731821013     -6.46588806076384     -5.54558123489697      n
    3.68510560721806     -6.10960530730993     -6.84049413739062      c
    2.45609183334905     -8.16487445188558     -8.07435077662296      c
    3.54755164473928    -10.47328600357152     -7.87234573541161      c
    8.89852346980555     -9.14125606592541     -4.14777805284200      o
    2.71648671100167     -3.78388481413753     -6.95877891163259      n
    3.56484255704299     -2.30075312912354     -6.08204140837409      h
    1.11252402201225     -3.46836540047890     -7.93620322515106      h
    0.72657344892273     -7.90549865249649     -9.12703706398479      h
    2.76154838907950    -12.15257078332984     -8.73920194958709      h
    6.54066816187475    -12.50228964988826     -6.38702457347810      h
  -.60103816990065D-05  -.23864228621395D-03  0.66607152993559D-04
  -.14912627970265D-05  0.17829394820978D-04  0.58609853630820D-04
  -.77462708365950D-04  -.87111726733369D-04  -.13490785784276D-03
  0.12298249884191D-03  0.34190263461076D-03  0.28028435080207D-04
  -.99522998022294D-04  -.16696133740268D-03  -.68322495663686D-04
  0.84058462485714D-04  0.51935794767477D-04  -.34889783009362D-05
  -.53817257916755D-04  0.44340448880575D-04  0.10382571629108D-04
  -.14771916799106D-04  -.52669113903114D-04  0.91955865944016D-04
  -.46747615847664D-04  -.11028633571719D-04  0.16789235338965D-03
  0.41284823680390D-04  0.70632023216888D-04  -.57149221114772D-04
  -.21177142360607D-04  -.36657967772358D-04  -.83390909798808D-04
  -.83503451264733D-07  0.11732238704987D-05  -.89485328684802D-05
  -.56307993099303D-05  -.12044677125900D-04  0.16258126998014D-04
  0.38661540124885D-04  0.74917298817923D-05  -.39549137732964D-04
  0.62624322500482D-04  0.69421749717691D-05  0.10612180021408D-04
  -.71971139463223D-04  -.74772213617180D-04  0.68440546398651D-04
  -.14263527695224D-03  0.18027636494722D-05  -.28303557528764D-03
  0.18673387160462D-03  0.32616641433947D-04  0.15012450122676D-03
  -.80657865646927D-04  -.94574395862135D-04  0.14516022792677D-05
  -.40613035688253D-04  0.46186311045915D-04  -.45017760157862D-04
  0.44759442040743D-04  0.27045182751095D-05  -.31349979861872D-04
  0.70426996716222D-04  0.19704317587177D-03  0.11250577037636D-03
  -.12222066769363D-03  -.68140632668801D-04  -.65144340646306D-05
  0.12550431885394D-03  0.12661442534423D-05  -.74720999415412D-04
  -.28885211973417D-05  -.10967427882647D-04  0.15358966283685D-04
  -.56152978284985D-05  0.12873755668608D-04  0.50946585226086D-05
  0.16280951285363D-04  0.16830088053865D-04  0.33073273301376D-04
  cycle =     22 MP2 energy =     -935.0381560019 |dE/dxyz| =  0.000905
    7.71405893941211     -3.63411516026845     -3.71242593563047      ag
    7.99635631634773      3.94994237124130     -1.86493652032246      n
    7.40003938882504      1.57061392309874     -2.76910228147283      c
    9.06146574382795     -0.34677279723278     -2.14159338724894      n
   11.11740434777664      0.08396054137556     -0.74536796797605      c
   11.69407527366772      2.55080825291839      0.16720416801210      c
   10.07047313042651      4.43364616933048     -0.44352918031030      c
    5.50752710062265      1.20448615496076     -4.04722977852176      o
   12.63622038234320     -1.85562277133230     -0.21443076263966      n
   12.23510378342059     -3.60637033504098     -0.86740018101728      h
   14.20807481649940     -1.60470613976558      0.83146451539467      h
   13.35331399173581      2.91488417838692      1.29926185821759      h
   10.33503410716668      6.37243156637025      0.15602897879801      h
    6.77301501864816      5.34760360587534     -2.33508911024277      h
    5.73230551450614    -10.77360876200847     -6.53770820207200      n
    6.95317339107817     -8.79444648201899     -5.32343054807805      c
    5.80998353989465     -6.45442607586666     -5.54905529203920      n
    3.67211923821373     -6.11660974694107     -6.84621403845315      c
    2.45665612815868     -8.18365837244133     -8.07390495379390      c
    3.56291116205479    -10.48414573120852     -7.86388047200936      c
    8.90315330082793     -9.10524913385198     -4.14065821122696      o
    2.68887400380847     -3.79730942419174     -6.97348748423604      n
    3.53059661369327     -2.30495649148333     -6.10688372745016      h
    1.08291893075544     -3.49463370655036     -7.95192769598877      h
    0.72671510137681     -7.93827136324921     -9.12923001320427      h
    2.78867199277421    -12.17164724672392     -8.72535986746138      h
    6.57043958965018    -12.48813470778654     -6.37301715024753      h
  -.15079452042599D-04  -.12933777663537D-03  0.86238275942563D-04
  -.68606169305818D-04  -.79476255956834D-04  0.34914834590616D-04
  -.13386245667846D-03  0.41601144435077D-04  -.13154251680358D-03
  0.18210959845510D-03  0.21698488271493D-03  0.92558631797690D-04
  -.20502322272975D-03  -.22829246370382D-03  -.13572453067123D-03
  0.47957086641404D-04  0.12921574484137D-03  0.14773730470985D-04
  0.61735663909213D-04  0.12340121314125D-04  -.65251946441691D-05
  0.49212393690823D-04  -.42320835466292D-04  0.95725030517357D-04
  0.45112816600579D-04  -.98609620060586D-05  0.88270902304011D-04
  -.33670480736880D-06  0.61040110903576D-04  -.69233732195473D-04
  -.14529435647503D-04  -.22947498629300D-04  -.18237910737184D-04
  -.31912173330539D-05  0.55683440864929D-05  -.53559624166866D-05
  -.31170530068514D-04  -.22679049155094D-04  0.44492361774839D-04
  0.54761319962182D-04  0.26885287589984D-04  -.53223592719309D-04
  0.10601568142412D-03  0.73058211560451D-04  -.49553814478465D-05
  -.61612602823224D-04  -.26317270295806D-03  -.16696344147249D-05
  -.19265406767177D-03  0.61996180927171D-04  -.26884708773967D-03
  0.19939110082667D-03  -.51422519211641D-04  0.22461151959519D-03
  -.59333104696080D-04  -.15873610831607D-03  -.49459435835786D-04
  -.14270873904909D-03  0.11781107800957D-03  0.12108643350217D-05
  0.33094278581558D-04  0.54543664827378D-04  0.93589488159296D-05
  0.14723953201567D-03  0.13493744091342D-03  0.16577885151126D-03
  -.15059164728948D-03  0.11923331515895D-04  -.67439918165935D-04
  0.68127619933023D-04  0.31337954461197D-04  -.77277444297863D-04
  0.19965674515454D-04  0.10629124052364D-04  -.15020125599285D-04
  0.80244738249746D-05  -.69544499021745D-05  0.23335737215913D-04
  0.55951961795753D-04  0.25328404868574D-04  0.23242768351805D-04
  cycle =     23 MP2 energy =     -935.0381595641 |dE/dxyz| =  0.000698
    7.69707673756455     -3.61527009881458     -3.72325022560468      ag
    8.00875087384091      3.96264967851319     -1.85691488377921      n
    7.40188989806887      1.58829386079655     -2.76720107353263      c
    9.05506610894257     -0.33818431284947     -2.14465186909313      n
   11.11333169568272      0.08005920780559     -0.74787969979255      c
   11.70136765985262      2.54228448863315      0.16985397978862      c
   10.08592811311729      4.43369348329464     -0.43568270190380      c
    5.50785454779465      1.23305754005609     -4.04584229968784      o
   12.62379075847674     -1.86724449124380     -0.22179458912920      n
   12.21244524952837     -3.61579119072376     -0.87453115476041      h
   14.19481658694311     -1.62580545558011      0.82760692011978      h
   13.36353521069143      2.89670036455541      1.30068763773959      h
   10.35998613155278      6.37010115584471      0.16734822542247      h
    6.79068702889060      5.36666932818579     -2.32175849416461      h
    5.74531818135381    -10.76728532206565     -6.53113612534517      n
    6.95613555462217     -8.77923006604371     -5.32147416061179      c
    5.80195738682657     -6.44506001910172     -5.55334957830986      n
    3.66306292115482     -6.12130503635039     -6.85266548972182      c
    2.45863677760062     -8.19698796849645     -8.07630534497693      c
    3.57592677819982    -10.49154794353224     -7.86013518044709      c
    8.90698532066311     -9.07771216791250     -4.13684441800625      o
    2.66761217186350     -3.80769748906195     -6.98480471507047      n
    3.50381006351154     -2.30931475101293     -6.12362981861976      h
    1.05651727861440     -3.51580515661681     -7.95808610779662      h
    0.72762398491197     -7.96257493186207     -9.13238404382740      h
    2.81014862928175    -12.18522962023424     -8.71707251000106      h
    6.59041919796136    -12.47777077058718     -6.36000552010908      h
  -.59207127813821D-05  0.26486842781281D-05  0.55829020616738D-04
  -.10038849160865D-03  -.10637685384651D-03  -.13675803737900D-04
  -.48313015874157D-04  0.12432769000537D-03  -.92235973626842D-04
  0.10836561065264D-03  0.12996641505669D-04  0.45681773809036D-04
  -.11025030318024D-03  -.23165420653992D-03  -.98287596333790D-04
  -.63282122724218D-05  0.12057014693401D-03  0.33659237925754D-04
  0.93521288782483D-04  -.35485602975172D-04  0.34095487347230D-04
  0.11808156656912D-04  -.45323232065186D-04  0.65642937091326D-04
  0.37103780179848D-04  0.38115406760575D-04  0.50753616156918D-04
  -.21587041355298D-04  0.52500495712593D-04  -.49520399422853D-04
  -.14734629466773D-04  -.17650307983508D-05  0.30906853085710D-05
  0.10033685157396D-04  0.12111936947390D-04  -.24043852674183D-04
  -.20448174976817D-04  -.10050382020843D-04  0.19039932172671D-04
  0.42782386744378D-04  0.30681805103683D-04  -.23705716895028D-04
  0.78862019824578D-04  0.72028115273071D-04  -.24640593916381D-05
  -.74946777187890D-04  -.30146145964149D-03  0.15625043343181D-04
  -.11244192446869D-03  0.87602754441418D-04  -.10051492548024D-03
  0.11838811386333D-03  0.45279592414182D-04  0.68212705474302D-04
  -.20972464668034D-04  -.13080614667338D-03  -.53989471259897D-04
  -.81099627950998D-04  0.14803857481205D-03  -.92141081037056D-04
  0.33403408398414D-04  0.82507457381809D-04  0.31285354324950D-05
  0.13795948967577D-03  -.59475378565210D-04  0.14282193499238D-03
  -.10155372298559D-03  0.71610297041502D-04  -.81303884966744D-04
  0.15130574787747D-04  0.24064890634445D-04  -.15904436978964D-04
  -.32948498382979D-05  0.98794928554136D-05  0.16498825772260D-04
  0.53681308598286D-05  -.25572524949169D-04  0.47342989228039D-04
  0.29553187410603D-04  0.13007221243200D-04  0.46364477219951D-04
  cycle =     24 MP2 energy =     -935.0381612824 |dE/dxyz| =  0.000401
    7.69274218305117     -3.60900770937056     -3.72830569479521      ag
    8.01402702663786      3.96720946642495     -1.85642998478854      n
    7.40424631066260      1.59432212607231     -2.76895662200402      c
    9.05356618571973     -0.33538305201627     -2.14625871727263      n
   11.11168729132666      0.07903568517084     -0.74781079602169      c
   11.70327430907376      2.53971933685803      0.17120642076461      c
   10.09125066897164      4.43418579650782     -0.43408599124942      c
    5.51137395816674      1.24333538475446     -4.05053718094539      o
   12.61827358831850     -1.87115739881569     -0.22119415069528      n
   12.20283510377877     -3.61969499439057     -0.87155494184959      h
   14.18890056346292     -1.63246916405539      0.82950641606459      h
   13.36508503543547      2.89064395278855      1.30367774827724      h
   10.36847058188772      6.36993206713740      0.16969646700637      h
    6.79720384405562      5.37290730090557     -2.31941488871447      h
    5.75012555564304    -10.76514760761030     -6.53091976515222      n
    6.95864106316488     -8.77393356353519     -5.32361135441975      c
    5.79994975287137     -6.44211158908884     -5.55533260450188      n
    3.65907170713223     -6.12329371202047     -6.85320881859518      c
    2.45756239394545     -8.20174534490492     -8.07451436081637      c
    3.57920768433906    -10.49427786930079     -7.85809685393960      c
    8.91077456085549     -9.06886345135324     -4.14020751781937      o
    2.65977547966958     -3.81150990328795     -6.98651743596422      n
    3.49543732649533     -2.31178296526999     -6.12709240577519      h
    1.04568071126998     -3.52302659926693     -7.95581832053452      h
    0.72588881881627     -7.97088215734924     -9.13031280496070      h
    2.81681716350296    -12.18938458351059     -8.71524759303811      h
    6.59881197925786    -12.47392713587744     -6.36056148948033      h
  -.53141751719110D-05  0.49958737246225D-04  0.35341512531151D-04
  -.75477930031598D-04  -.70366094602647D-04  -.39409388325140D-04
  0.35472046775453D-05  0.94474955404600D-04  0.31157815459260D-04
  0.38032734527738D-04  -.96614296531516D-04  -.49230207754825D-05
  -.17112363496885D-04  -.93245832528233D-04  -.63288876424039D-04
  -.31066609215813D-04  0.51127479598012D-04  0.16896629339236D-04
  0.77677976477730D-04  -.26927661810561D-04  0.27719796824144D-04
  -.57361129037758D-05  -.23619191413360D-04  -.26928118391112D-04
  0.34606909000701D-05  0.38351874739107D-04  0.17257553209582D-04
  -.24655219016984D-04  0.13655192208972D-04  -.18933948386701D-04
  0.11336735772360D-05  0.10158212006006D-04  0.65594220606258D-05
  0.29818259159597D-05  0.65515077078970D-05  -.29449392888736D-05
  -.74181546652063D-05  0.30971995874651D-05  -.20315791369185D-05
  0.18571361181330D-04  0.19338708155736D-04  0.14049796148274D-04
  0.40233865361135D-04  0.37404732333712D-04  -.13768748647447D-04
  -.18157683293829D-04  -.16705256150651D-03  -.31770389319341D-04
  0.61347466511208D-05  0.66181656174447D-04  0.80529006969421D-05
  -.13490117613202D-04  0.70765018605812D-04  0.19397511143104D-04
  0.43740851882745D-05  -.53005348503499D-04  -.27979319605187D-04
  -.84050667576996D-04  0.59522851085347D-04  0.26068181631089D-05
  0.62146482271430D-05  0.48618265253708D-04  0.14907936353836D-04
  0.73839930447406D-04  -.12770376279470D-03  0.50929040405379D-04
  -.33664952983958D-04  0.77056173048540D-04  -.38566057106060D-04
  -.10507132204296D-05  0.14129054851875D-04  0.18828446286534D-05
  0.15152742136593D-05  0.99422602933275D-05  0.24446217574692D-05
  0.27693946143437D-04  -.15896794037573D-04  0.49521264244845D-05
  0.11782631769819D-04  0.40980772055832D-05  0.16388078016849D-04
  cycle =     25 MP2 energy =     -935.0381619494 |dE/dxyz| =  0.000225
    7.69300980888432     -3.60924061051146     -3.72842776242039      ag
    8.01412121426966      3.96724813841808     -1.85665003967689      n
    7.40391257957592      1.59394864306883     -2.76811584611776      c
    9.05346150956287     -0.33551199259689     -2.14568462788000      n
   11.11178890161101      0.07933088019889     -0.74745570723419      c
   11.70370516476270      2.54019012111924      0.17054051891683      c
   10.09165184944341      4.43464260183807     -0.43505002289546      c
    5.51040252362067      1.24279699014282     -4.04873834352709      o
   12.61829138111379     -1.87087920833516     -0.22039435750401      n
   12.20272375585654     -3.61977718644658     -0.86969988940754      h
   14.18972382262544     -1.63164398847937      0.82896571953445      h
   13.36550654872972      2.89123832221895      1.30298686249552      h
   10.36919237818373      6.37057375344491      0.16800086480786      h
    6.79673211653768      5.37255955451906     -2.31932513935678      h
    5.74959005449875    -10.76542049584989     -6.53086100081135      n
    6.95823860224723     -8.77413505566553     -5.32340200842569      c
    5.79989841138640     -6.44232106512871     -5.55538820072194      n
    3.65911180137774     -6.12338579383863     -6.85362636461544      c
    2.45806358937510     -8.20151453217157     -8.07565971558132      c
    3.57947697861488    -10.49422897588143     -7.85910222107775      c
    8.91002560383220     -9.06969010843901     -4.13960203609415      o
    2.65978196733917     -3.81156096805904     -6.98632486466418      n
    3.49505556637958     -2.31293804804376     -6.12462447127869      h
    1.04544891796883     -3.52265994750009     -7.95505653527489      h
    0.72679435506261     -7.97049160070758     -9.13209497966114      h
    2.81703948910977    -12.18908480706837     -8.71670722358107      h
    6.59793195554295    -12.47435230465021     -6.36040584916783      h
  -.17087267911720D-05  0.38818194679990D-04  0.14629941103905D-04
  -.48826269220203D-04  -.40087588617510D-04  -.25423042245398D-04
  0.27819941308849D-04  0.54312479885965D-04  0.30896874439357D-04
  0.33489376880524D-05  -.85766711015456D-04  -.28173979149226D-04
  0.32124261641897D-05  -.15644912431334D-04  -.10238523229233D-04
  -.15378645059627D-04  0.10799188801869D-04  -.23410009140079D-05
  0.46250454415642D-04  -.32839570032195D-05  0.76985866881429D-05
  -.22641017007885D-04  -.17430004684016D-04  -.15406050929201D-04
  -.50184792499408D-06  0.16115734587707D-04  0.13995716940940D-04
  -.10788169024778D-04  0.21317216649663D-05  -.72157201942424D-05
  0.34018583008333D-05  0.98519944347064D-05  -.64587117982740D-05
  -.98479569476950D-06  0.23060140710296D-05  0.46098829544761D-05
  -.44543343080683D-05  0.47705527821407D-05  -.57322560653716D-05
  0.78821772522275D-05  0.10114792174498D-04  0.17719904568336D-04
  0.16078164314334D-04  0.11038614838199D-04  -.37111017427982D-05
  -.19723247541847D-05  -.62912616733080D-04  -.19283545445337D-04
  0.34473876171948D-04  0.36801886440063D-04  0.25929145281545D-04
  -.30405589432903D-04  0.53573854725819D-04  -.14567459095893D-04
  0.11416879134529D-04  -.10579032609703D-04  -.11407708928601D-04
  -.41316872755992D-04  0.20854642402313D-04  -.66289672249198D-05
  -.73147396868478D-05  0.13246436195047D-04  0.16539190786702D-04
  0.22477484261429D-04  -.89835150783202D-04  0.19141926816957D-04
  -.81568626653095D-05  0.38298580589569D-04  -.88466620273842D-05
  0.40239203231707D-05  0.71036916073908D-05  0.31337723500613D-05
  0.14756177799669D-05  0.66276701760071D-05  -.11714519878581D-05
  0.17394506949930D-04  -.93233993512243D-05  0.28426106335466D-05
  -.48061463102655D-05  -.19022988908546D-05  0.94686451249104D-05
  cycle =     26 MP2 energy =     -935.0381617735 |dE/dxyz| =  0.000153
    7.69203388060655     -3.60754754737892     -3.73011388252656      ag
    8.01626625334393      3.96890006736845     -1.85746019485003      n
    7.40469376140995      1.59582087921810     -2.76891722283464      c
    9.05284577398551     -0.33457096215109     -2.14598500127343      n
   11.11087285052004      0.07901441675558     -0.74682284796064      c
   11.70390244482189      2.53939298762831      0.17148411839150      c
   10.09329520785708      4.43494334600807     -0.43481962432451      c
    5.51125496615499      1.24591708594918     -4.04993219326468      o
   12.61601997748141     -1.87221061200662     -0.21939622936436      n
   12.19945135921707     -3.62102346262756     -0.86826492295798      h
   14.18722970109906     -1.63393639552312      0.83050043305534      h
   13.36534049379848      2.88928959836446      1.30481481978572      h
   10.37197765715197      6.37071970195106      0.16819647505052      h
    6.79986609954854      5.37485597457355     -2.32078270724636      h
    5.75130324114688    -10.76476254074868     -6.53138370542897      n
    6.95960473335468     -8.77241280390343     -5.32504677993592      c
    5.79958213265607     -6.44150243980451     -5.55643965780008      n
    3.65799599456982     -6.12403798159418     -6.85382588034002      c
    2.45749983156328     -8.20300360903705     -8.07476704192443      c
    3.58042268915193    -10.49507972245435     -7.85853275282896      c
    8.91245824029311     -9.06688096208039     -4.14274395939919      o
    2.65752865819794     -3.81264190853631     -6.98650076955935      n
    3.49239763002398     -2.31422728073621     -6.12419053363766      h
    1.04220398178880     -3.52453050462984     -7.95377397143346      h
    0.72541345911343     -7.97325397162396     -9.13014449217982      h
    2.81823805964781    -12.19043872678782     -8.71536602634578      h
    6.60098176900845    -12.47310031059718     -6.36168869008715      h
  -.23240321125328D-05  0.29321477586386D-04  0.23676541087703D-05
  -.19992828734772D-04  -.13108270923823D-04  -.15240283813167D-04
  0.32358400793520D-04  0.18287556735608D-04  0.22281034722127D-04
  -.20663666916887D-04  -.72934998179175D-04  -.36733862403882D-04
  0.15174758050129D-04  0.39699596014131D-04  0.22157143095392D-04
  -.36311012152623D-05  -.20733605231360D-04  -.10487511063140D-04
  0.69122565347080D-05  0.11146574905752D-04  0.15738392332487D-04
  -.20459030924513D-04  -.30458125603872D-05  -.15058384512656D-04
  -.66796398456859D-06  -.67683232369831D-05  -.44426367207251D-06
  -.11654705703579D-05  -.12101560002975D-05  0.59114966086682D-05
  -.25687491689297D-06  0.65003866940860D-05  -.10542334609731D-04
  -.25871810080957D-05  -.18610239551631D-05  0.72284667718137D-05
  -.22087022100159D-06  0.43548397057336D-05  -.10377941046524D-04
  0.43035003782776D-05  0.34609533221541D-05  0.10144623229902D-04
  0.43881270136454D-05  -.58173524752902D-05  0.22790587919097D-05
  0.44719985776709D-05  0.15466718447321D-04  0.59672305887659D-05
  0.42933952542956D-04  0.13337807410307D-04  0.35073308966460D-04
  -.22740669210819D-04  0.27107586943131D-04  -.28438769514416D-04
  0.89432037011505D-05  0.14189327442349D-04  0.72457410720261D-05
  -.81568617877892D-05  -.12282840964772D-04  -.10935921055832D-04
  -.69493487373506D-05  -.75426288077551D-05  -.41590328141439D-05
  -.13952276514573D-04  -.32300623800552D-04  -.11678461844689D-04
  0.63258446427739D-05  -.72431413045138D-06  0.72438870288849D-05
  0.61803638899960D-05  0.78705826145331D-06  0.66456930865044D-05
  -.29691586194147D-05  0.21463562889235D-05  0.32323755965180D-05
  0.59111434072001D-05  -.39463516774418D-05  0.40353424357598D-05
  -.11166305468713D-04  -.35295534512869D-05  -.34546711118466D-05
  cycle =     27 MP2 energy =     -935.0381614364 |dE/dxyz| =  0.000070
    7.69103024205052     -3.60705513414580     -3.72982612331956      ag
    8.01684051173450      3.96949078497787     -1.85726971256577      n
    7.40447478018648      1.59651914669356     -2.76854820909910      c
    9.05230282401280     -0.33418156262551     -2.14575433046687      n
   11.11057897065806      0.07880987714573     -0.74686859949213      c
   11.70441185931055      2.53910030695412      0.17123719316144      c
   10.09418295471407      4.43501793677521     -0.43493110591681      c
    5.51078599019237      1.24696737685566     -4.04921256889734      o
   12.61526720237053     -1.87282902109512     -0.21959187863829      n
   12.19815221534894     -3.62150828353520     -0.86848182423912      h
   14.18626326692452     -1.63516943300181      0.83077984443249      h
   13.36623515248810      2.88867568839366      1.30409484771683      h
   10.37332515239832      6.37068211347823      0.16822455171721      h
    6.80078407378259      5.37575373036052     -2.32058172231329      h
    5.75206941733290    -10.76444365567407     -6.53134080331114      n
    6.95969713001451     -8.77182351765686     -5.32486299054083      c
    5.79899801477707     -6.44124940270163     -5.55625944024099      n
    3.65744152818239     -6.12429569262538     -6.85368795618340      c
    2.45749506868508     -8.20358749382287     -8.07466514147841      c
    3.58111006888588    -10.49532367008795     -7.85849104275218      c
    8.91259994933607     -9.06570072482755     -4.14248009053054      o
    2.65661406618488     -3.81301105603482     -6.98672046638286      n
    3.49113418670639     -2.31435752255504     -6.12454356325471      h
    1.04151781581503     -3.52520313215295     -7.95449652933882      h
    0.72547665898455     -7.97428197010258     -9.13024359596012      h
    2.81949959214106    -12.19081969983234     -8.71556411697729      h
    6.60239215429447    -12.47248367356153     -6.36181786634929      h
  -.19685598884323D-05  0.18103806830094D-04  0.24354557570661D-05
  -.95210143491453D-05  -.96346474869335D-05  -.73991950297891D-05
  0.60617054273848D-05  0.99047254300544D-05  0.61229315355682D-05
  -.67541616808331D-05  -.38459832836679D-04  -.19599286772864D-04
  -.48444818920856D-05  0.18833203745849D-04  0.95815869789462D-05
  0.48924178486232D-07  -.85716770024113D-05  -.57616722743958D-05
  0.10476787182245D-04  0.91743537762312D-05  0.30136394739699D-05
  -.82889695995902D-05  -.30843073801634D-05  0.84111223053185D-06
  0.26273681772437D-05  -.88043852510822D-05  -.18110115762582D-05
  -.10569634554258D-05  -.30428199870869D-06  0.21400069538657D-05
  0.59277031905225D-06  0.25442990145841D-05  -.23883929847202D-05
  0.12923758863082D-05  -.10093329902983D-05  -.68735165470457D-06
  -.35457001861250D-05  0.68212727111217D-06  -.19285291621429D-05
  0.27455348510230D-05  0.28141581731589D-05  0.52047691074808D-05
  0.74464010363755D-05  0.73205223216632D-06  0.20796551085667D-05
  0.62520093813134D-05  0.40277857467075D-05  0.75237432195507D-06
  0.17910660970788D-04  0.85988486357991D-05  0.12561331287575D-04
  -.43141945607061D-05  0.21133831564768D-05  0.61903340364822D-05
  0.29880845229258D-05  0.58290762106061D-06  0.22416741360942D-05
  -.97231707272272D-05  -.53277762699366D-05  -.33364737959118D-05
  -.77849514532602D-05  -.29281413080895D-05  0.12724954068233D-06
  -.64351231259252D-05  -.15011677252375D-05  -.65756453651034D-05
  -.73685489798692D-06  -.85742854238902D-06  0.27979118617516D-05
  0.33992114829573D-05  0.30015286427432D-05  -.26756099584802D-05
  0.58831149640781D-06  0.26256667877700D-05  -.61750876056976D-06
  0.65820472192613D-05  -.17096860265298D-05  -.67609874188079D-06
  -.40381558115143D-05  -.15458040181215D-05  -.26332493314185D-05
$end
