
   OpenMP run-time library returned nthreads = 30

 ricc2 (DESKTOP-H3301KN) : TURBOMOLE V7-7-1 16 Jan 2023 at 12:14:16 compiled  Jan 2023
 Copyright (C) 2023 TURBOMOLE GmbH, Karlsruhe


    2023-08-21 23:28:14.436 



                              R I C C 2 - PROGRAM

                          the quantum chemistry groups
                             at the universities in
                               Karlsruhe & Bochum
                                   Germany



   *-----------------------------------------------------------------------*
   |                     program will use 30 thread(s)                     |
   *-----------------------------------------------------------------------*


              +--------------------------------------------------+
              | Atomic coordinate, charge and isotop information |
              +--------------------------------------------------+

                    atomic coordinates            atom    charge  isotop
         -1.77861969   -6.54732469    1.36740016    ag    47.000     0
          4.04414432   -9.38409463    5.85531265    n      7.000     0
          1.98862306   -9.10628599    4.25285134    c      6.000     0
          1.29806989   -6.64365159    3.70907887    n      7.000     0
          2.52870490   -4.66276695    4.67101183    c      6.000     0
          4.62826622   -4.99949347    6.32307656    c      6.000     0
          5.31838476   -7.40655481    6.86198299    c      6.000     0
          0.86799279  -10.92276256    3.38397605    o      8.000     0
          1.75014340   -2.34506132    4.05208684    n      7.000     0
          2.63686716   -0.81033157    4.74940334    h      1.000     0
          0.25649253   -2.09311169    2.88006924    h      1.000     0
          5.63423926   -3.41125614    7.11843394    h      1.000     0
          6.88584456   -7.86350760    8.09620281    h      1.000     0
          4.54855002  -11.18963158    6.24967770    h      1.000     0
 
       center of nuclear mass  :    0.52617352   -6.75113662    3.13847479
       center of nuclear charge:    0.75943988   -6.72509009    3.31811703

   *************************************************************************
   job_SP_2                                                                 
   *************************************************************************



              +--------------------------------------------------+
              |               basis set information              |
              +--------------------------------------------------+

              we will work with the 1s 3p 5d 7f 9g ... basis set
              ...i.e. with spherical basis functions...

   type   atoms  prim   cont   basis
   ---------------------------------------------------------------------------
    o        1     46     31   def2-TZVP   [5s3p2d1f|11s6p2d1f]
    ag       1     81     56   def2-TZVPP   [6s4p3d2f1g|7s7p6d2f1g]
    n        3     46     31   def2-TZVP   [5s3p2d1f|11s6p2d1f]
    h        5      7      5   def2-SVP   [2s1p|4s1p]
    c        4     46     31   def2-TZVP   [5s3p2d1f|11s6p2d1f]
   ---------------------------------------------------------------------------
   total:   14    484    329
   ---------------------------------------------------------------------------

   total number of primitive shells          :   88
   total number of contracted shells         :  119
   total number of cartesian basis functions :  384
   total number of SCF-basis functions       :  329

  number of unique ecp types :    1

 symmetry group of the molecule :   c1 

 the group has the following generators :
   c1(z)

    1 symmetry operations found

 there are 1 real representations :   a   


   =========================================================================


     restricted closed shell calculation for the wavefunction models:
               ADC(2)     - Algebraic Diagrammatic Construction to 2. Order (strict)


     global parameters for ricc2 program:

        hard restart (reuse of interm.) :  disabled
        soft restart (reuse of vectors) :  enabled 
        threshold for vector function   :     1.000E-06
        convergence threshold energy    :     1.000E-07
        linear dependence threshold     :     1.000E-14
        global print level              :      1
        maximum number of iterations    :   100
        maximum number DIIS vectors     :    10
        max. dim. of reduced space      :   100
        core memory limit (MB)          :  2400
                ... per thread (MB)     :    80
 

     Scratch Directory : 


   =========================================================================

    der. integral neglect threshold  :  0.10E-07
    integral neglect threshold       :  0.87E-11
    integral storage threshold THIZE :  0.10E-04
    integral storage threshold THIME :         5


                  +------------------------------------------+
                  |     Auxiliary basis set information      |
                  +------------------------------------------+

              we will work with the 1s 3p 5d 7f 9g ... basis set
              ...i.e. with spherical basis functions...

   type   atoms  prim   cont   basis
   ---------------------------------------------------------------------------
    o        1     81     76   def2-TZVP   [8s6p4d3f1g|8s6p5d3f1g]
    ag       1    176    176   def2-TZVPP   [8s7p6d5f4g3h1i|8s7p6d5f4g3h1i]
    n        3     81     76   def2-TZVP   [8s6p4d3f1g|8s6p5d3f1g]
    h        5     23     14   def2-SVP   [3s2p1d|4s3p2d]
    c        4     81     76   def2-TZVP   [8s6p4d3f1g|8s6p5d3f1g]
   ---------------------------------------------------------------------------
   total:   14    939    854
   ---------------------------------------------------------------------------

   total number of primitive shells          :  112
   total number of contracted shells         :  240
   total number of cartesian basis functions : 1101
   total number of SCF-basis functions       :  854


 maximum number of shells which are related by symmetry :  1


 The symmetry information takes   1 MB

*---------------------------------------------------------------------*
|               simplified C1 algorithm will be applied               |
*---------------------------------------------------------------------*
  MOs are in ASCII format !


 reading orbital data $scfmo  from file mos
 orbital characterization : scfconv=7
 time elapsed for calculating density matrices :   0.469 sec



              +--------------------------------------------+
              | list of orbitals that will be kept frozen: |
              +--------------------------------------------+
              |   irrep   index      energy     occ/vir    |
              +--------------------------------------------+
              |   a         1      -20.6663     occupied   |
              |   a         2      -15.7726     occupied   |
              |   a         3      -15.7618     occupied   |
              |   a         4      -15.7344     occupied   |
              |   a         5      -11.5358     occupied   |
              |   a         6      -11.5234     occupied   |
              |   a         7      -11.4759     occupied   |
              |   a         8      -11.3878     occupied   |
              |   a         9       -4.5213     occupied   |
              +--------------------------------------------+



   Molecular Orbital Statistic:
   ============================

   -----------------------------
   orbitals in total:
   -----------------------------
    frozen occupied :      9
    active occupied :     29
    active virtual  :    291
    frozen virtual  :      0
    all together    :    329
   -----------------------------


     time in riccmos       cpu:  0.98 sec    wall:  0.07 sec    ratio: 13.5

     total memory allocated for calculation of (Q|P)**(-1/2) : 9 MiB


     calculation of (P|Q) ...
     time in lp2sym        cpu:  0.47 sec    wall:  0.02 sec    ratio: 27.6


     calculation of the Cholesky decomposition of (P|Q)**(-1) ...
     time in invmetri      cpu:  1.86 sec    wall:  0.06 sec    ratio: 33.2

   threshold for RMS(d[D]) in SCF was     :  0.10E-06
   integral neglect threshold             :  0.87E-11
   derivative integral neglect threshold  :  0.10E-07


 setting up bound for integral derivative estimation

 increment for numerical differentiation : 0.00050000

   =========================================================================

     Energy of reference wave function is  -538.7157634693000
     Maximum orbital residual is           0.1593524635682E-05


     Number of symmetry-nonredundant auxiliary basis functions:      854

     Block lengths for integral files:
        frozen occupied (BOI):        1 MiB
        active occupied (BJI):        1 MiB
        active virtual  (BAI):        2 MiB
        frozen virtual  (BGI):        0 MiB
               general  (BTI):        3 MiB

   =========================================================================




   **************************************************************************
   *                                                                        *
   *          OPTIMIZATION OF THE GROUND STATE CLUSTER AMPLITUDES           *
   *                                                                        *
   **************************************************************************


   Iter.   MP2 energy       Norm(Omega)   Norm(t1)  Norm(t2)     cpu    wall
   ...........................................................................
    1   -540.7392853813    0.1416796682     0.00000   0.42663    1.35    0.05
   ...........................................................................


     time in total         cpu:  1 min 22 s  wall:  2.94 sec    ratio: 27.9


     **********************************************************************
     *                                                                    *
     *   RHF  energy                             :   -538.7157634693      *
     *   MP2 correlation energy                  :     -2.0235219120      *
     *                                                                    *
     *   Final MP2 energy                        :   -540.7392853813      *
     *                                                                    *
     *   Norm of MP1 T2 amplitudes               :      0.4266326418      *
     *                                                                    *
     *   D1 diagnostic                           :      0.0481            *
     *                                                                    *
     **********************************************************************



 **************************************************************
 *                                                            *
 *    OPTIMIZATION OF THE EXCITED STATE CLUSTER AMPLITUDES    *
 *                                                            *
 **************************************************************


  preoptimize excitation energies/vectors using CCS:
  ==================================================


 ======== LINEAR CC RESPONSE SOLVER ========

    threshold for convergence: 1.00E-03
    maximum number of simultaneous Jacobi matrix transformations:  8
                                                
     summary of start vectors generation:
     -------------------------------------------
     type of solution vectors      : RE0
     symmetry                      : a  
     number of vectors requested   :     8
     number of vectors generated   :     8
       -- guessed as rhs/(e_a-e_i) :     8
     -------------------------------------------
                                                

    Iter  #Vectors  time (min)    max. residual 
    --------------------------------------------
      1       8         0.05     0.15E+00  (  2)
      2       8         0.05     0.89E-01  (  1)
      3       8         0.05     0.12E+00  (  5)
      4       8         0.05     0.67E-01  (  5)
      5       8         0.05     0.98E-01  (  6)
      6       8         0.05     0.38E-01  (  6)
      7       6         0.04     0.16E-01  (  8)
      8       5         0.04     0.12E-01  (  8)
      9       5         0.04     0.77E-02  (  8)
     10       5         0.04     0.11E+00  (  7)
     11       5         0.04     0.42E-01  (  6)
     12       4         0.03     0.19E-01  (  8)
     13       3         0.03     0.84E-02  (  8)
     14       2         0.02     0.28E-02  (  8)
     15       2         0.02     0.12E-02  (  8)
     16       1         0.02     0.81E-03  (  1)
    --------------------------------------------
    converged in 16 iterations

         Total time          0.64 minutes


 ===========================================




 Note that this is the intermediate result of a preoptimization!
 The convergence threshold was  0.1E-02 only!


 +==================================================================+
 | sym | multi | state |          CCS excitation energies           |
 |     |       |       +--------------------------------------------+
 |     |       |       |   Hartree    |     eV       |     cm-1     |
 +==================================================================+
 | a   |   1   |   1   |    0.2062952 |      5.61358 |    45276.558 |
 | a   |   1   |   2   |    0.2216022 |      6.03010 |    48636.067 |
 | a   |   1   |   3   |    0.2256816 |      6.14111 |    49531.380 |
 | a   |   1   |   4   |    0.2513036 |      6.83832 |    55154.757 |
 | a   |   1   |   5   |    0.2515807 |      6.84586 |    55215.592 |
 | a   |   1   |   6   |    0.2536489 |      6.90214 |    55669.495 |
 | a   |   1   |   7   |    0.2581461 |      7.02451 |    56656.516 |
 | a   |   1   |   8   |    0.2794527 |      7.60430 |    61332.780 |
 +==================================================================+




  preoptimize ADC(2) excitation energies/vectors using a quasi linear algorithm:
  ==============================================================================


 ======== LINEAR CC RESPONSE SOLVER ========

    threshold for convergence: 1.00E-03
    maximum number of simultaneous Jacobi matrix transformations:  8
                                                
     summary of start vectors generation:
     -------------------------------------------
     type of solution vectors      : RE0
     symmetry                      : a  
     number of vectors requested   :     8
     number of vectors generated   :     8
       -- restarted from file      :     8
     -------------------------------------------
                                                

    Iter  #Vectors  time (min)    max. residual 
    --------------------------------------------
 threshold for this macro iteration:  6.758145551416511E-002
      1       8         0.41     0.82E-01  (  8)
 ...adapted threshold to:  6.758400531044623E-002
      2       2         0.12     0.46E-01  (  4)
                                                
     summary of start vectors generation:
     -------------------------------------------
     type of solution vectors      : RE0
     symmetry                      : a  
     number of vectors requested   :     8
     number of vectors generated   :     8
       -- restarted from file      :     8
     -------------------------------------------
                                                

    Iter  #Vectors  time (min)    max. residual 
    --------------------------------------------
 threshold for this macro iteration:  6.089564683868787E-003
      3       8         0.41     0.44E-01  (  2)
      4       8         0.41     0.34E-01  (  5)
      5       8         0.41     0.94E-01  (  8)
 ...adapted threshold to:  1.317907395196091E-002
      6       7         0.37     0.30E-01  (  8)
 ...adapted threshold to:  1.386144094526187E-002
      7       2         0.13     0.14E-01  (  8)
 ...adapted threshold to:  1.407792895606150E-002
      8       1         0.08     0.76E-02  (  8)
                                                
     summary of start vectors generation:
     -------------------------------------------
     type of solution vectors      : RE0
     symmetry                      : a  
     number of vectors requested   :     8
     number of vectors generated   :     8
       -- restarted from file      :     8
     -------------------------------------------
                                                

    Iter  #Vectors  time (min)    max. residual 
    --------------------------------------------
 threshold for this macro iteration:  1.444103438414779E-003
      9       8         0.42     0.76E-02  (  8)
 ...adapted threshold to:  1.515964006053749E-003
     10       2         0.13     0.30E-02  (  8)
 ...adapted threshold to:  1.546573004098412E-003
     11       3         0.17     0.30E-02  (  8)
 ...adapted threshold to:  1.565230747908070E-003
     12       1         0.08     0.23E-02  (  8)
 ...adapted threshold to:  1.576967908974963E-003
     13       1         0.08     0.22E-02  (  8)
 ...adapted threshold to:  1.593375220140081E-003
     14       1         0.08     0.32E-02  (  8)
 ...adapted threshold to:  2.050025480769574E-003
     15       1         0.08     0.32E-01  (  8)
 ...adapted threshold to:  7.617100856732811E-003
     16       1         0.08     0.41E-01  (  7)
 ...adapted threshold to:  7.617632636705951E-003
     17       1         0.08     0.17E-01  (  6)
 ...adapted threshold to:  7.617673530284363E-003
     18       1         0.08     0.93E-02  (  6)
 ...adapted threshold to:  7.617710802236610E-003
     19       1         0.08     0.49E-02  (  6)
                                                
     summary of start vectors generation:
     -------------------------------------------
     type of solution vectors      : RE0
     symmetry                      : a  
     number of vectors requested   :     8
     number of vectors generated   :     8
       -- restarted from file      :     8
     -------------------------------------------
                                                

    Iter  #Vectors  time (min)    max. residual 
    --------------------------------------------
 threshold for this macro iteration:  1.595618895646078E-003
     20       8         0.42     0.44E-02  (  7)
     21       1         0.08     0.32E-02  (  7)
     22       1         0.08     0.29E-02  (  7)
     23       1         0.08     0.22E-02  (  7)
     24       1         0.08     0.19E-02  (  7)
     25       1         0.08     0.17E-02  (  7)
     26       1         0.08     0.12E-02  (  7)
                                                
     summary of start vectors generation:
     -------------------------------------------
     type of solution vectors      : RE0
     symmetry                      : a  
     number of vectors requested   :     8
     number of vectors generated   :     8
       -- restarted from file      :     8
     -------------------------------------------
                                                

    Iter  #Vectors  time (min)    max. residual 
    --------------------------------------------
 dabs(Rj-Ri):                     1                     6
  4.789100356599391E-002
 dabs(Ij+Ii):                     1                     6
  6.032574957923090E-005
 dabs(Rj-Ri):                     2                     6
  3.193574432511970E-002
 dabs(Ij+Ii):                     2                     6
  6.032574957923090E-005
 dabs(Rj-Ri):                     3                     6
  2.564195521922885E-002
 dabs(Ij+Ii):                     3                     6
  6.032574957923090E-005
 dabs(Rj-Ri):                     4                     6
  1.341535228411755E-002
 dabs(Ij+Ii):                     4                     6
  6.032574957923090E-005
 dabs(Rj-Ri):                     5                     6
  8.437992252072812E-003
 dabs(Ij+Ii):                     5                     6
  6.032574957923090E-005
 dabs(Rj-Ri):                     7                     6
  0.000000000000000E+000
 dabs(Ij+Ii):                     7                     6
  0.000000000000000E+000
 dabs(Rj-Ri):                     8                     6
  1.961476963284470E-003
 dabs(Ij+Ii):                     8                     6
  6.032574957923090E-005
 overlap matrix for complex pair:

                 1                        2
 
  1   0.9414985519688721E-01   0.1362359574432119    
  2   0.1362359574432121       0.3182340250547093    
 real eigenvalues of metric:

                 1
 
  1   0.2980128023790635E-01
  2   0.3825826000136902    
 eigenvectors of metric:

                 1                        2
 
  1   0.9042103859477603       0.4270873188754292    
  2  -0.4270873188754292       0.9042103859477603    
 inverse square root of overlap matrix:

                 1                        2
 
  1    5.031004439883316       -1.612670574131136    
  2   -1.612670574131135        2.378445206327469    
 recalculated overlap matrix for complex pair:

                 1                        2
 
  1   0.9999999999999982       0.1443289932012704E-14
  2   0.1332267629550188E-14   0.9999999999999996    
 dabs(Rj-Ri):                     1                     7
  4.789100356599391E-002
 dabs(Ij+Ii):                     1                     7
  6.032574957923090E-005
 dabs(Rj-Ri):                     2                     7
  3.193574432511970E-002
 dabs(Ij+Ii):                     2                     7
  6.032574957923090E-005
 dabs(Rj-Ri):                     3                     7
  2.564195521922885E-002
 dabs(Ij+Ii):                     3                     7
  6.032574957923090E-005
 dabs(Rj-Ri):                     4                     7
  1.341535228411755E-002
 dabs(Ij+Ii):                     4                     7
  6.032574957923090E-005
 dabs(Rj-Ri):                     5                     7
  8.437992252072812E-003
 dabs(Ij+Ii):                     5                     7
  6.032574957923090E-005
 dabs(Rj-Ri):                     6                     7
  0.000000000000000E+000
 dabs(Ij+Ii):                     6                     7
  0.000000000000000E+000
 dabs(Rj-Ri):                     8                     7
  1.961476963284470E-003
 dabs(Ij+Ii):                     8                     7
  6.032574957923090E-005
 overlap matrix for complex pair:

                 1                        2
 
  1   0.9999999999999996       0.1332267629550188E-14
  2   0.1443289932012704E-14   0.9999999999999982    
 real eigenvalues of metric:

                 1
 
  1    1.000000000000000    
  2   0.9999999999999974    
 eigenvectors of metric:

                 1                        2
 
  1   0.8506508083520399      -0.5257311121191336    
  2   0.5257311121191336       0.8506508083520399    
 inverse square root of overlap matrix:

                 1                        2
 
  1    1.000000000000000      -0.7216449660063518E-15
  2  -0.6661338147750939E-15    1.000000000000001    
 recalculated overlap matrix for complex pair:

                 1                        2
 
  1   0.9999999999999996      -0.4440892098500626E-15
  2  -0.4440892098500626E-15    1.000000000000002    
 warning> found low lying complex root...
 eigenvalues (imaginary parts) in redeig:

                 1
 
  1    0.000000000000000    
  2    0.000000000000000    
  3    0.000000000000000    
  4    0.000000000000000    
  5    0.000000000000000    
  6  -0.6032574957923090E-04
  7   0.6032574957923090E-04
  8    0.000000000000000    
 eigenvalues (real parts) in redeig:

                 1
 
  1   0.1442588614044191    
  2   0.1602141206452933    
  3   0.1665079097511842    
  4   0.1787345126862954    
  5   0.1837118727183402    
  6   0.1921498649704130    
  7   0.1921498649704130    
  8   0.1941113419336975    
 threshold for this macro iteration:  1.000000000000000E-003
Warning, there is a complex eigenvalue    0.1921498650 +i   -0.0000603257
Warning, there is a complex eigenvalue    0.1921498650 +i    0.0000603257
     27       8         0.42     0.15E-02  (  6)
 dabs(Rj-Ri):                     1                     6
  4.788023828086466E-002
 dabs(Ij+Ii):                     1                     6
  7.854398992434190E-005
 dabs(Rj-Ri):                     2                     6
  3.192470905311254E-002
 dabs(Ij+Ii):                     2                     6
  7.854398992434190E-005
 dabs(Rj-Ri):                     3                     6
  2.563084344089214E-002
 dabs(Ij+Ii):                     3                     6
  7.854398992434190E-005
 dabs(Rj-Ri):                     4                     6
  1.340419257720965E-002
 dabs(Ij+Ii):                     4                     6
  7.854398992434190E-005
 dabs(Rj-Ri):                     5                     6
  8.426865600079603E-003
 dabs(Ij+Ii):                     5                     6
  7.854398992434190E-005
 dabs(Rj-Ri):                     7                     6
  0.000000000000000E+000
 dabs(Ij+Ii):                     7                     6
  0.000000000000000E+000
 dabs(Rj-Ri):                     8                     6
  1.972625027700958E-003
 dabs(Ij+Ii):                     8                     6
  7.854398992434190E-005
 dabs(Rj-Ri):                     9                     6
  9.538208176480026E-002
 dabs(Ij+Ii):                     9                     6
  7.854398992434190E-005
 overlap matrix for complex pair:

                 1                        2
 
  1    1.589411482201671      -0.2819342729403900    
  2  -0.2819342729403903       0.6504688970029296E-01
 real eigenvalues of metric:

                 1
 
  1    1.639884578461484    
  2   0.1457379344047915E-01
 eigenvectors of metric:

                 1                        2
 
  1   0.9843503300666113       0.1762226651079637    
  2  -0.1762226651079637       0.9843503300666113    
 inverse square root of overlap matrix:

                 1                        2
 
  1    1.013885246250018        1.301437341009874    
  2    1.301437341009874        8.050507581321870    
 recalculated overlap matrix for complex pair:

                 1                        2
 
  1    1.000000000000000      -0.7441252204264809E-15
  2  -0.1621949509379370E-14   0.9999999999999828    
 dabs(Rj-Ri):                     1                     7
  4.788023828086466E-002
 dabs(Ij+Ii):                     1                     7
  7.854398992434190E-005
 dabs(Rj-Ri):                     2                     7
  3.192470905311254E-002
 dabs(Ij+Ii):                     2                     7
  7.854398992434190E-005
 dabs(Rj-Ri):                     3                     7
  2.563084344089214E-002
 dabs(Ij+Ii):                     3                     7
  7.854398992434190E-005
 dabs(Rj-Ri):                     4                     7
  1.340419257720965E-002
 dabs(Ij+Ii):                     4                     7
  7.854398992434190E-005
 dabs(Rj-Ri):                     5                     7
  8.426865600079603E-003
 dabs(Ij+Ii):                     5                     7
  7.854398992434190E-005
 dabs(Rj-Ri):                     6                     7
  0.000000000000000E+000
 dabs(Ij+Ii):                     6                     7
  0.000000000000000E+000
 dabs(Rj-Ri):                     8                     7
  1.972625027700958E-003
 dabs(Ij+Ii):                     8                     7
  7.854398992434190E-005
 dabs(Rj-Ri):                     9                     7
  9.538208176480026E-002
 dabs(Ij+Ii):                     9                     7
  7.854398992434190E-005
 overlap matrix for complex pair:

                 1                        2
 
  1   0.9999999999999828      -0.1621949509379370E-14
  2  -0.7441252204264809E-15    1.000000000000000    
 real eigenvalues of metric:

                 1
 
  1   0.9999999999999827    
  2    1.000000000000001    
 eigenvectors of metric:

                 1                        2
 
  1   0.9958743334956983      -0.9074310929485828E-01
  2   0.9074310929485828E-01   0.9958743334956983    
 inverse square root of overlap matrix:

                 1                        2
 
  1    1.000000000000009       0.7910339050454240E-15
  2   0.8049116928532385E-15   0.9999999999999998    
 recalculated overlap matrix for complex pair:

                 1                        2
 
  1    1.000000000000001      -0.1538354133748948E-14
  2  -0.5478609102840815E-16    1.000000000000001    
 warning> found low lying complex root...
 eigenvalues (imaginary parts) in redeig:

                 1
 
  1    0.000000000000000    
  2    0.000000000000000    
  3    0.000000000000000    
  4    0.000000000000000    
  5    0.000000000000000    
  6  -0.7854398992434190E-04
  7   0.7854398992434190E-04
  8    0.000000000000000    
  9    0.000000000000000    
 eigenvalues (real parts) in redeig:

                 1
 
  1   0.1442584802999587    
  2   0.1602140095277109    
  3   0.1665078751399313    
  4   0.1787345260036138    
  5   0.1837118529807438    
  6   0.1921387185808234    
  7   0.1921387185808234    
  8   0.1941113436085244    
  9   0.2875208003456237    
Warning, there is a complex eigenvalue    0.1921387186 +i   -0.0000785440
Warning, there is a complex eigenvalue    0.1921387186 +i    0.0000785440
     28       1         0.08     0.22E-02  (  7)
 dabs(Rj-Ri):                     1                     6
  4.787050178951649E-002
 dabs(Ij+Ii):                     1                     6
  9.081817399547854E-005
 dabs(Rj-Ri):                     2                     6
  3.191505896735491E-002
 dabs(Ij+Ii):                     2                     6
  9.081817399547854E-005
 dabs(Rj-Ri):                     3                     6
  2.562076821062317E-002
 dabs(Ij+Ii):                     3                     6
  9.081817399547854E-005
 dabs(Rj-Ri):                     4                     6
  1.339421048942999E-002
 dabs(Ij+Ii):                     4                     6
  9.081817399547854E-005
 dabs(Rj-Ri):                     5                     6
  8.416877032252745E-003
 dabs(Ij+Ii):                     5                     6
  9.081817399547854E-005
 dabs(Rj-Ri):                     7                     6
  0.000000000000000E+000
 dabs(Ij+Ii):                     7                     6
  0.000000000000000E+000
 dabs(Rj-Ri):                     8                     6
  1.982702324987234E-003
 dabs(Ij+Ii):                     8                     6
  9.081817399547854E-005
 dabs(Rj-Ri):                     9                     6
  3.339251091996925E-002
 dabs(Ij+Ii):                     9                     6
  9.081817399547854E-005
 dabs(Rj-Ri):                    10                     6
  0.358128377528506     
 dabs(Ij+Ii):                    10                     6
  9.081817399547854E-005
 overlap matrix for complex pair:

                 1                        2
 
  1    1.147750697363928      -0.2310711406254447    
  2  -0.2310711406254448       0.6923799644905919E-01
 real eigenvalues of metric:

                 1
 
  1    1.195172524051865    
  2   0.2181616976112244E-01
 eigenvectors of metric:

                 1                        2
 
  1   0.9795838215255844       0.2010361574576380    
  2  -0.2010361574576380       0.9795838215255844    
 inverse square root of overlap matrix:

                 1                        2
 
  1    1.151371170195626        1.153159862154150    
  2    1.153159862154150        6.533685699617821    
 recalculated overlap matrix for complex pair:

                 1                        2
 
  1    1.000000000000001      -0.2105845879618595E-14
  2   0.1345494896054511E-14    1.000000000000007    
 dabs(Rj-Ri):                     1                     7
  4.787050178951649E-002
 dabs(Ij+Ii):                     1                     7
  9.081817399547854E-005
 dabs(Rj-Ri):                     2                     7
  3.191505896735491E-002
 dabs(Ij+Ii):                     2                     7
  9.081817399547854E-005
 dabs(Rj-Ri):                     3                     7
  2.562076821062317E-002
 dabs(Ij+Ii):                     3                     7
  9.081817399547854E-005
 dabs(Rj-Ri):                     4                     7
  1.339421048942999E-002
 dabs(Ij+Ii):                     4                     7
  9.081817399547854E-005
 dabs(Rj-Ri):                     5                     7
  8.416877032252745E-003
 dabs(Ij+Ii):                     5                     7
  9.081817399547854E-005
 dabs(Rj-Ri):                     6                     7
  0.000000000000000E+000
 dabs(Ij+Ii):                     6                     7
  0.000000000000000E+000
 dabs(Rj-Ri):                     8                     7
  1.982702324987234E-003
 dabs(Ij+Ii):                     8                     7
  9.081817399547854E-005
 dabs(Rj-Ri):                     9                     7
  3.339251091996925E-002
 dabs(Ij+Ii):                     9                     7
  9.081817399547854E-005
 dabs(Rj-Ri):                    10                     7
  0.358128377528506     
 dabs(Ij+Ii):                    10                     7
  9.081817399547854E-005
 overlap matrix for complex pair:

                 1                        2
 
  1    1.000000000000007       0.1345494896054511E-14
  2  -0.2105845879618595E-14    1.000000000000001    
 real eigenvalues of metric:

                 1
 
  1    1.000000000000007    
  2    1.000000000000001    
 eigenvectors of metric:

                 1                        2
 
  1   0.9763126160545841      -0.2163646822673568    
  2   0.2163646822673568       0.9763126160545841    
 inverse square root of overlap matrix:

                 1                        2
 
  1   0.9999999999999969      -0.6383782391594650E-15
  2  -0.6383782391594650E-15   0.9999999999999997    
 recalculated overlap matrix for complex pair:

                 1                        2
 
  1   0.9999999999999991      -0.4885414989219683E-15
  2  -0.2140540349138131E-14    1.000000000000001    
 warning> found low lying complex root...
 eigenvalues (imaginary parts) in redeig:

                 1
 
  1    0.000000000000000    
  2    0.000000000000000    
  3    0.000000000000000    
  4    0.000000000000000    
  5    0.000000000000000    
  6  -0.9081817399547854E-04
  7   0.9081817399547854E-04
  8    0.000000000000000    
  9    0.000000000000000    
 10    0.000000000000000    
 eigenvalues (real parts) in redeig:

                 1
 
  1   0.1442581453822697    
  2   0.1602135882044312    
  3   0.1665078789611630    
  4   0.1787344366823562    
  5   0.1837117701395334    
  6   0.1921286471717862    
  7   0.1921286471717862    
  8   0.1941113494967734    
  9   0.2255211580917554    
 10   0.5502570247002918    
Warning, there is a complex eigenvalue    0.1921286472 +i   -0.0000908182
Warning, there is a complex eigenvalue    0.1921286472 +i    0.0000908182
     29       1         0.08     0.33E-02  (  7)
 dabs(Rj-Ri):                     1                     6
  4.786106271699159E-002
 dabs(Ij+Ii):                     1                     6
  9.970312486201208E-005
 dabs(Rj-Ri):                     2                     6
  3.190597952831148E-002
 dabs(Ij+Ii):                     2                     6
  9.970312486201208E-005
 dabs(Rj-Ri):                     3                     6
  2.561124794087860E-002
 dabs(Ij+Ii):                     3                     6
  9.970312486201208E-005
 dabs(Rj-Ri):                     4                     6
  1.338485787705568E-002
 dabs(Ij+Ii):                     4                     6
  9.970312486201208E-005
 dabs(Rj-Ri):                     5                     6
  8.407474407478494E-003
 dabs(Ij+Ii):                     5                     6
  9.970312486201208E-005
 dabs(Rj-Ri):                     7                     6
  0.000000000000000E+000
 dabs(Ij+Ii):                     7                     6
  0.000000000000000E+000
 dabs(Rj-Ri):                     8                     6
  1.992225363547373E-003
 dabs(Ij+Ii):                     8                     6
  9.970312486201208E-005
 dabs(Rj-Ri):                     9                     6
  1.760544618471735E-002
 dabs(Ij+Ii):                     9                     6
  9.970312486201208E-005
 dabs(Rj-Ri):                    10                     6
  0.189326680236509     
 dabs(Ij+Ii):                    10                     6
  9.970312486201208E-005
 dabs(Rj-Ri):                    11                     6
   1.07430514830679     
 dabs(Ij+Ii):                    11                     6
  9.970312486201208E-005
 overlap matrix for complex pair:

                 1                        2
 
  1   0.4651748109766486      -0.1426257187637052    
  2  -0.1426257187637053       0.7317188407641369E-01
 real eigenvalues of metric:

                 1
 
  1   0.5115752231947099    
  2   0.2677147185835227E-01
 eigenvectors of metric:

                 1                        2
 
  1   0.9509418065005572       0.3093698121172406    
  2  -0.3093698121172406       0.9509418065005572    
 inverse square root of overlap matrix:

                 1                        2
 
  1    1.849260055138015        1.386707660591212    
  2    1.386707660591212        5.660588519728118    
 recalculated overlap matrix for complex pair:

                 1                        2
 
  1    1.000000000000000      -0.8946497514171481E-15
  2  -0.9057899287394366E-15   0.9999999999999936    
 dabs(Rj-Ri):                     1                     7
  4.786106271699159E-002
 dabs(Ij+Ii):                     1                     7
  9.970312486201208E-005
 dabs(Rj-Ri):                     2                     7
  3.190597952831148E-002
 dabs(Ij+Ii):                     2                     7
  9.970312486201208E-005
 dabs(Rj-Ri):                     3                     7
  2.561124794087860E-002
 dabs(Ij+Ii):                     3                     7
  9.970312486201208E-005
 dabs(Rj-Ri):                     4                     7
  1.338485787705568E-002
 dabs(Ij+Ii):                     4                     7
  9.970312486201208E-005
 dabs(Rj-Ri):                     5                     7
  8.407474407478494E-003
 dabs(Ij+Ii):                     5                     7
  9.970312486201208E-005
 dabs(Rj-Ri):                     6                     7
  0.000000000000000E+000
 dabs(Ij+Ii):                     6                     7
  0.000000000000000E+000
 dabs(Rj-Ri):                     8                     7
  1.992225363547373E-003
 dabs(Ij+Ii):                     8                     7
  9.970312486201208E-005
 dabs(Rj-Ri):                     9                     7
  1.760544618471735E-002
 dabs(Ij+Ii):                     9                     7
  9.970312486201208E-005
 dabs(Rj-Ri):                    10                     7
  0.189326680236509     
 dabs(Ij+Ii):                    10                     7
  9.970312486201208E-005
 dabs(Rj-Ri):                    11                     7
   1.07430514830679     
 dabs(Ij+Ii):                    11                     7
  9.970312486201208E-005
 overlap matrix for complex pair:

                 1                        2
 
  1   0.9999999999999936      -0.9057899287394366E-15
  2  -0.8946497514171481E-15    1.000000000000000    
 real eigenvalues of metric:

                 1
 
  1   0.9999999999999934    
  2    1.000000000000000    
 eigenvectors of metric:

                 1                        2
 
  1   0.9906135330117805      -0.1366924585114993    
  2   0.1366924585114993       0.9906135330117805    
 inverse square root of overlap matrix:

                 1                        2
 
  1    1.000000000000003       0.4440892098500626E-15
  2   0.4440892098500626E-15   0.9999999999999999    
 recalculated overlap matrix for complex pair:

                 1                        2
 
  1    1.000000000000001      -0.8179356714502206E-15
  2  -0.8276325046303878E-15    1.000000000000000    
 warning> found low lying complex root...
 eigenvalues (imaginary parts) in redeig:

                 1
 
  1    0.000000000000000    
  2    0.000000000000000    
  3    0.000000000000000    
  4    0.000000000000000    
  5    0.000000000000000    
  6  -0.9970312486201208E-04
  7   0.9970312486201208E-04
  8    0.000000000000000    
  9    0.000000000000000    
 10    0.000000000000000    
 11    0.000000000000000    
 eigenvalues (real parts) in redeig:

                 1
 
  1   0.1442580647829627    
  2   0.1602131479716428    
  3   0.1665078795590756    
  4   0.1787342696228986    
  5   0.1837116530924758    
  6   0.1921191274999542    
  7   0.1921191274999542    
  8   0.1941113528635016    
  9   0.2097245736846716    
 10   0.3814458077364632    
 11    1.266424275806746    
Warning, there is a complex eigenvalue    0.1921191275 +i   -0.0000997031
Warning, there is a complex eigenvalue    0.1921191275 +i    0.0000997031
     30       1         0.08     0.25E-02  (  7)
 dabs(Rj-Ri):                     1                     6
  4.785248530840375E-002
 dabs(Ij+Ii):                     1                     6
  1.056208631280730E-004
 dabs(Rj-Ri):                     2                     6
  3.189779041706803E-002
 dabs(Ij+Ii):                     2                     6
  1.056208631280730E-004
 dabs(Rj-Ri):                     3                     6
  2.560268245027125E-002
 dabs(Ij+Ii):                     3                     6
  1.056208631280730E-004
 dabs(Rj-Ri):                     4                     6
  1.337640337242402E-002
 dabs(Ij+Ii):                     4                     6
  1.056208631280730E-004
 dabs(Rj-Ri):                     5                     6
  8.399078044975444E-003
 dabs(Ij+Ii):                     5                     6
  1.056208631280730E-004
 dabs(Rj-Ri):                     7                     6
  0.000000000000000E+000
 dabs(Ij+Ii):                     7                     6
  0.000000000000000E+000
 dabs(Rj-Ri):                     8                     6
  2.000791149213504E-003
 dabs(Ij+Ii):                     8                     6
  1.056208631280730E-004
 dabs(Rj-Ri):                     9                     6
  1.141204807244925E-002
 dabs(Ij+Ii):                     9                     6
  1.056208631280730E-004
 dabs(Rj-Ri):                    10                     6
  9.206232119581204E-002
 dabs(Ij+Ii):                    10                     6
  1.056208631280730E-004
 dabs(Rj-Ri):                    11                     6
  0.117398556627902     
 dabs(Ij+Ii):                    11                     6
  1.056208631280730E-004
 dabs(Rj-Ri):                    12                     6
  0.385829168847611     
 dabs(Ij+Ii):                    12                     6
  1.056208631280730E-004
 dabs(Rj-Ri):                    13                     6
   1.74485675919505     
 dabs(Ij+Ii):                    13                     6
  1.056208631280730E-004
 overlap matrix for complex pair:

                 1                        2
 
  1   0.3252875918158118      -0.1168323175212039    
  2  -0.1168323175212036       0.7498650539845400E-01
 real eigenvalues of metric:

                 1
 
  1   0.3713458360066201    
  2   0.2892826120764566E-01
 eigenvectors of metric:

                 1                        2
 
  1   0.9303176898370904       0.3667546809192479    
  2  -0.3667546809192479       0.9303176898370904    
 inverse square root of overlap matrix:

                 1                        2
 
  1    2.211120536573877        1.446159316847300    
  2    1.446159316847300        5.309366431368938    
 recalculated overlap matrix for complex pair:

                 1                        2
 
  1   0.9999999999999978       0.6924257174578674E-15
  2   0.3502677748540295E-14   0.9999999999999954    
 dabs(Rj-Ri):                     1                     7
  4.785248530840375E-002
 dabs(Ij+Ii):                     1                     7
  1.056208631280730E-004
 dabs(Rj-Ri):                     2                     7
  3.189779041706803E-002
 dabs(Ij+Ii):                     2                     7
  1.056208631280730E-004
 dabs(Rj-Ri):                     3                     7
  2.560268245027125E-002
 dabs(Ij+Ii):                     3                     7
  1.056208631280730E-004
 dabs(Rj-Ri):                     4                     7
  1.337640337242402E-002
 dabs(Ij+Ii):                     4                     7
  1.056208631280730E-004
 dabs(Rj-Ri):                     5                     7
  8.399078044975444E-003
 dabs(Ij+Ii):                     5                     7
  1.056208631280730E-004
 dabs(Rj-Ri):                     6                     7
  0.000000000000000E+000
 dabs(Ij+Ii):                     6                     7
  0.000000000000000E+000
 dabs(Rj-Ri):                     8                     7
  2.000791149213504E-003
 dabs(Ij+Ii):                     8                     7
  1.056208631280730E-004
 dabs(Rj-Ri):                     9                     7
  1.141204807244925E-002
 dabs(Ij+Ii):                     9                     7
  1.056208631280730E-004
 dabs(Rj-Ri):                    10                     7
  9.206232119581204E-002
 dabs(Ij+Ii):                    10                     7
  1.056208631280730E-004
 dabs(Rj-Ri):                    11                     7
  0.117398556627902     
 dabs(Ij+Ii):                    11                     7
  1.056208631280730E-004
 dabs(Rj-Ri):                    12                     7
  0.385829168847611     
 dabs(Ij+Ii):                    12                     7
  1.056208631280730E-004
 dabs(Rj-Ri):                    13                     7
   1.74485675919505     
 dabs(Ij+Ii):                    13                     7
  1.056208631280730E-004
 overlap matrix for complex pair:

                 1                        2
 
  1   0.9999999999999954       0.3502677748540295E-14
  2   0.6924257174578674E-15   0.9999999999999978    
 real eigenvalues of metric:

                 1
 
  1   0.9999999999999929    
  2    1.000000000000000    
 eigenvectors of metric:

                 1                        2
 
  1   0.8111050427070251       0.5849005126474376    
  2  -0.5849005126474376       0.8111050427070251    
 inverse square root of overlap matrix:

                 1                        2
 
  1    1.000000000000003      -0.1665334536937735E-14
  2  -0.1720845688168993E-14    1.000000000000002    
 recalculated overlap matrix for complex pair:

                 1                        2
 
  1   0.9999999999999957      -0.1887019999893130E-14
  2  -0.1130788984584491E-14    1.000000000000000    
 warning> found low lying complex root...
 eigenvalues (imaginary parts) in redeig:

                 1
 
  1    0.000000000000000    
  2    0.000000000000000    
  3    0.000000000000000    
  4    0.000000000000000    
  5    0.000000000000000    
  6  -0.1056208631280730E-03
  7   0.1056208631280730E-03
  8    0.000000000000000    
  9    0.000000000000000    
 10    0.000000000000000    
 11    0.000000000000000    
 12    0.000000000000000    
 13    0.000000000000000    
 eigenvalues (real parts) in redeig:

                 1
 
  1   0.1442580540464005    
  2   0.1602127489377362    
  3   0.1665078569045330    
  4   0.1787341359823802    
  5   0.1837114613098288    
  6   0.1921105393548043    
  7   0.1921105393548043    
  8   0.1941113305040178    
  9   0.2035225874272535    
 10   0.2841728605506163    
 11   0.3095090959827059    
 12   0.5779397082024154    
 13    1.936967298549856    
Warning, there is a complex eigenvalue    0.1921105394 +i   -0.0001056209
Warning, there is a complex eigenvalue    0.1921105394 +i    0.0001056209
     31       2         0.13     0.23E-02  (  7)
 dabs(Rj-Ri):                     1                     6
  4.784856230116344E-002
 dabs(Ij+Ii):                     1                     6
  1.080854421273377E-004
 dabs(Rj-Ri):                     2                     6
  3.189400327272285E-002
 dabs(Ij+Ii):                     2                     6
  1.080854421273377E-004
 dabs(Rj-Ri):                     3                     6
  2.559877115404677E-002
 dabs(Ij+Ii):                     3                     6
  1.080854421273377E-004
 dabs(Rj-Ri):                     4                     6
  1.337250669058734E-002
 dabs(Ij+Ii):                     4                     6
  1.080854421273377E-004
 dabs(Rj-Ri):                     5                     6
  8.395292445067537E-003
 dabs(Ij+Ii):                     5                     6
  1.080854421273377E-004
 dabs(Rj-Ri):                     7                     6
  0.000000000000000E+000
 dabs(Ij+Ii):                     7                     6
  0.000000000000000E+000
 dabs(Rj-Ri):                     8                     6
  2.004690034946272E-003
 dabs(Ij+Ii):                     8                     6
  1.080854421273377E-004
 dabs(Rj-Ri):                     9                     6
  9.531424072747180E-003
 dabs(Ij+Ii):                     9                     6
  1.080854421273377E-004
 dabs(Rj-Ri):                    10                     6
  6.590052893300169E-002
 dabs(Ij+Ii):                    10                     6
  1.080854421273377E-004
 dabs(Rj-Ri):                    11                     6
  8.859494150994307E-002
 dabs(Ij+Ii):                    11                     6
  1.080854421273377E-004
 dabs(Rj-Ri):                    12                     6
  0.262381999569671     
 dabs(Ij+Ii):                    12                     6
  1.080854421273377E-004
 dabs(Rj-Ri):                    13                     6
  0.371980922877502     
 dabs(Ij+Ii):                    13                     6
  1.080854421273377E-004
 dabs(Rj-Ri):                    14                     6
   1.11360798602287     
 dabs(Ij+Ii):                    14                     6
  1.080854421273377E-004
 dabs(Rj-Ri):                    15                     6
   1.80603966268453     
 dabs(Ij+Ii):                    15                     6
  1.080854421273377E-004
 overlap matrix for complex pair:

                 1                        2
 
  1   0.3663630263270147      -0.3852633633830142E-01
  2  -0.3852633633830155E-01   0.1961281045915690E-01
 real eigenvalues of metric:

                 1
 
  1   0.3705919911018878    
  2   0.1538384568428383E-01
 eigenvectors of metric:

                 1                        2
 
  1   0.9940293776944118       0.1091127686407986    
  2  -0.1091127686407986       0.9940293776944118    
 inverse square root of overlap matrix:

                 1                        2
 
  1    1.719107623496126       0.6962980110899684    
  2   0.6962980110899684        7.986028088855161    
 recalculated overlap matrix for complex pair:

                 1                        2
 
  1   0.9999999999999986       0.1734482918619787E-14
  2  -0.1818791495991796E-15    1.000000000000016    
 dabs(Rj-Ri):                     1                     7
  4.784856230116344E-002
 dabs(Ij+Ii):                     1                     7
  1.080854421273377E-004
 dabs(Rj-Ri):                     2                     7
  3.189400327272285E-002
 dabs(Ij+Ii):                     2                     7
  1.080854421273377E-004
 dabs(Rj-Ri):                     3                     7
  2.559877115404677E-002
 dabs(Ij+Ii):                     3                     7
  1.080854421273377E-004
 dabs(Rj-Ri):                     4                     7
  1.337250669058734E-002
 dabs(Ij+Ii):                     4                     7
  1.080854421273377E-004
 dabs(Rj-Ri):                     5                     7
  8.395292445067537E-003
 dabs(Ij+Ii):                     5                     7
  1.080854421273377E-004
 dabs(Rj-Ri):                     6                     7
  0.000000000000000E+000
 dabs(Ij+Ii):                     6                     7
  0.000000000000000E+000
 dabs(Rj-Ri):                     8                     7
  2.004690034946272E-003
 dabs(Ij+Ii):                     8                     7
  1.080854421273377E-004
 dabs(Rj-Ri):                     9                     7
  9.531424072747180E-003
 dabs(Ij+Ii):                     9                     7
  1.080854421273377E-004
 dabs(Rj-Ri):                    10                     7
  6.590052893300169E-002
 dabs(Ij+Ii):                    10                     7
  1.080854421273377E-004
 dabs(Rj-Ri):                    11                     7
  8.859494150994307E-002
 dabs(Ij+Ii):                    11                     7
  1.080854421273377E-004
 dabs(Rj-Ri):                    12                     7
  0.262381999569671     
 dabs(Ij+Ii):                    12                     7
  1.080854421273377E-004
 dabs(Rj-Ri):                    13                     7
  0.371980922877502     
 dabs(Ij+Ii):                    13                     7
  1.080854421273377E-004
 dabs(Rj-Ri):                    14                     7
   1.11360798602287     
 dabs(Ij+Ii):                    14                     7
  1.080854421273377E-004
 dabs(Rj-Ri):                    15                     7
   1.80603966268453     
 dabs(Ij+Ii):                    15                     7
  1.080854421273377E-004
 overlap matrix for complex pair:

                 1                        2
 
  1    1.000000000000016      -0.1818791495991796E-15
  2   0.1734482918619787E-14   0.9999999999999986    
 real eigenvalues of metric:

                 1
 
  1    1.000000000000016    
  2   0.9999999999999986    
 eigenvectors of metric:

                 1                        2
 
  1   0.9999426945909879       0.1070549083948929E-01
  2  -0.1070549083948929E-01   0.9999426945909879    
 inverse square root of overlap matrix:

                 1                        2
 
  1   0.9999999999999925       0.9194034422677078E-16
  2   0.9367506770274758E-16    1.000000000000001    
 recalculated overlap matrix for complex pair:

                 1                        2
 
  1   0.9999999999999901      -0.8222911148650022E-15
  2  -0.4243635065744045E-18    1.000000000000001    
 warning> found low lying complex root...
 eigenvalues (imaginary parts) in redeig:

                 1
 
  1    0.000000000000000    
  2    0.000000000000000    
  3    0.000000000000000    
  4    0.000000000000000    
  5    0.000000000000000    
  6  -0.1080854421273377E-03
  7   0.1080854421273377E-03
  8    0.000000000000000    
  9    0.000000000000000    
 10    0.000000000000000    
 11    0.000000000000000    
 12    0.000000000000000    
 13    0.000000000000000    
 14    0.000000000000000    
 15    0.000000000000000    
 eigenvalues (real parts) in redeig:

                 1
 
  1   0.1442580555355609    
  2   0.1602126145640015    
  3   0.1665078466826776    
  4   0.1787341111461370    
  5   0.1837113253916568    
  6   0.1921066178367243    
  7   0.1921066178367243    
  8   0.1941113078716706    
  9   0.2016380419094715    
 10   0.2580071467697260    
 11   0.2807015593466674    
 12   0.4544886174063950    
 13   0.5640875407142261    
 14    1.305714603859592    
 15    1.998146280521252    
Warning, there is a complex eigenvalue    0.1921066178 +i   -0.0001080854
Warning, there is a complex eigenvalue    0.1921066178 +i    0.0001080854
     32       2         0.13     0.11E-02  (  7)
 dabs(Rj-Ri):                     1                     6
  4.784780276196063E-002
 dabs(Ij+Ii):                     1                     6
  1.085090539106951E-004
 dabs(Rj-Ri):                     2                     6
  3.189316635118031E-002
 dabs(Ij+Ii):                     2                     6
  1.085090539106951E-004
 dabs(Rj-Ri):                     3                     6
  2.559800558638403E-002
 dabs(Ij+Ii):                     3                     6
  1.085090539106951E-004
 dabs(Rj-Ri):                     4                     6
  1.337175036054761E-002
 dabs(Ij+Ii):                     4                     6
  1.085090539106951E-004
 dabs(Rj-Ri):                     5                     6
  8.394625351481555E-003
 dabs(Ij+Ii):                     5                     6
  1.085090539106951E-004
 dabs(Rj-Ri):                     7                     6
  0.000000000000000E+000
 dabs(Ij+Ii):                     7                     6
  0.000000000000000E+000
 dabs(Rj-Ri):                     8                     6
  2.005429559139488E-003
 dabs(Ij+Ii):                     8                     6
  1.085090539106951E-004
 dabs(Rj-Ri):                     9                     6
  9.210875067193675E-003
 dabs(Ij+Ii):                     9                     6
  1.085090539106951E-004
 dabs(Rj-Ri):                    10                     6
  6.416579930204694E-002
 dabs(Ij+Ii):                    10                     6
  1.085090539106951E-004
 dabs(Rj-Ri):                    11                     6
  8.080485438924398E-002
 dabs(Ij+Ii):                    11                     6
  1.085090539106951E-004
 dabs(Rj-Ri):                    12                     6
  0.196592678818771     
 dabs(Ij+Ii):                    12                     6
  1.085090539106951E-004
 dabs(Rj-Ri):                    13                     6
  0.334885973834428     
 dabs(Ij+Ii):                    13                     6
  1.085090539106951E-004
 dabs(Rj-Ri):                    14                     6
  0.457775362065661     
 dabs(Ij+Ii):                    14                     6
  1.085090539106951E-004
 dabs(Rj-Ri):                    15                     6
   1.59273005648982     
 dabs(Ij+Ii):                    15                     6
  1.085090539106951E-004
 dabs(Rj-Ri):                    16                     6
   1.80666384089812     
 dabs(Ij+Ii):                    16                     6
  1.085090539106951E-004
 overlap matrix for complex pair:

                 1                        2
 
  1   0.5699972886581171E-01  -0.4593839184675819E-01
  2  -0.4593839184675819E-01   0.1204748117236889    
 real eigenvalues of metric:

                 1
 
  1   0.3290173159922150E-01
  2   0.1445728089902791    
 eigenvectors of metric:

                 1                        2
 
  1   0.8855538171525198      -0.4645367982481060    
  2   0.4645367982481060       0.8855538171525198    
 inverse square root of overlap matrix:

                 1                        2
 
  1    4.890892049570795        1.185997828605012    
  2    1.185997828605013        3.252147038837947    
 recalculated overlap matrix for complex pair:

                 1                        2
 
  1   0.9999999999999928      -0.4913983716464676E-14
  2   0.2940112346291879E-14   0.9999999999999980    
 dabs(Rj-Ri):                     1                     7
  4.784780276196063E-002
 dabs(Ij+Ii):                     1                     7
  1.085090539106951E-004
 dabs(Rj-Ri):                     2                     7
  3.189316635118031E-002
 dabs(Ij+Ii):                     2                     7
  1.085090539106951E-004
 dabs(Rj-Ri):                     3                     7
  2.559800558638403E-002
 dabs(Ij+Ii):                     3                     7
  1.085090539106951E-004
 dabs(Rj-Ri):                     4                     7
  1.337175036054761E-002
 dabs(Ij+Ii):                     4                     7
  1.085090539106951E-004
 dabs(Rj-Ri):                     5                     7
  8.394625351481555E-003
 dabs(Ij+Ii):                     5                     7
  1.085090539106951E-004
 dabs(Rj-Ri):                     6                     7
  0.000000000000000E+000
 dabs(Ij+Ii):                     6                     7
  0.000000000000000E+000
 dabs(Rj-Ri):                     8                     7
  2.005429559139488E-003
 dabs(Ij+Ii):                     8                     7
  1.085090539106951E-004
 dabs(Rj-Ri):                     9                     7
  9.210875067193675E-003
 dabs(Ij+Ii):                     9                     7
  1.085090539106951E-004
 dabs(Rj-Ri):                    10                     7
  6.416579930204694E-002
 dabs(Ij+Ii):                    10                     7
  1.085090539106951E-004
 dabs(Rj-Ri):                    11                     7
  8.080485438924398E-002
 dabs(Ij+Ii):                    11                     7
  1.085090539106951E-004
 dabs(Rj-Ri):                    12                     7
  0.196592678818771     
 dabs(Ij+Ii):                    12                     7
  1.085090539106951E-004
 dabs(Rj-Ri):                    13                     7
  0.334885973834428     
 dabs(Ij+Ii):                    13                     7
  1.085090539106951E-004
 dabs(Rj-Ri):                    14                     7
  0.457775362065661     
 dabs(Ij+Ii):                    14                     7
  1.085090539106951E-004
 dabs(Rj-Ri):                    15                     7
   1.59273005648982     
 dabs(Ij+Ii):                    15                     7
  1.085090539106951E-004
 dabs(Rj-Ri):                    16                     7
   1.80666384089812     
 dabs(Ij+Ii):                    16                     7
  1.085090539106951E-004
 overlap matrix for complex pair:

                 1                        2
 
  1   0.9999999999999980       0.2940112346291879E-14
  2  -0.4913983716464676E-14   0.9999999999999928    
 real eigenvalues of metric:

                 1
 
  1   0.9999999999999993    
  2   0.9999999999999915    
 eigenvectors of metric:

                 1                        2
 
  1   0.9120682580965437      -0.4100384037779103    
  2   0.4100384037779103       0.9120682580965437    
 inverse square root of overlap matrix:

                 1                        2
 
  1    1.000000000000001      -0.1498801083243961E-14
  2  -0.1443289932012704E-14    1.000000000000004    
 recalculated overlap matrix for complex pair:

                 1                        2
 
  1   0.9999999999999978       0.1166845483083212E-14
  2  -0.8508927069883487E-14    1.000000000000000    
 warning> found low lying complex root...
 eigenvalues (imaginary parts) in redeig:

                 1
 
  1    0.000000000000000    
  2    0.000000000000000    
  3    0.000000000000000    
  4    0.000000000000000    
  5    0.000000000000000    
  6  -0.1085090539106951E-03
  7   0.1085090539106951E-03
  8    0.000000000000000    
  9    0.000000000000000    
 10    0.000000000000000    
 11    0.000000000000000    
 12    0.000000000000000    
 13    0.000000000000000    
 14    0.000000000000000    
 15    0.000000000000000    
 16    0.000000000000000    
 eigenvalues (real parts) in redeig:

                 1
 
  1   0.1442580601742423    
  2   0.1602126965850226    
  3   0.1665078573498188    
  4   0.1787341125756553    
  5   0.1837112375847213    
  6   0.1921058629362029    
  7   0.1921058629362029    
  8   0.1941112924953424    
  9   0.2013167380033966    
 10   0.2562716622382498    
 11   0.2729107173254469    
 12   0.3886985417549738    
 13   0.5269918367706310    
 14   0.6498812250018637    
 15    1.784835919426023    
 16    1.998769703834327    
Warning, there is a complex eigenvalue    0.1921058629 +i   -0.0001085091
Warning, there is a complex eigenvalue    0.1921058629 +i    0.0001085091
     33       1         0.08     0.63E-03  (  6)
    --------------------------------------------
    converged in 33 iterations

         Total time          5.58 minutes


 ===========================================




 Note that this is the intermediate result of a preoptimization!
 The convergence threshold was  0.1E-02 only!


 +==================================================================+
 | sym | multi | state |          ADC(2) excitation energies        |
 |     |       |       +--------------------------------------------+
 |     |       |       |   Hartree    |     eV       |     cm-1     |
 +==================================================================+
 | a   |   1   |   1   |    0.1442581 |      3.92546 |    31660.984 |
 | a   |   1   |   2   |    0.1602127 |      4.35961 |    35162.622 |
 | a   |   1   |   3   |    0.1665079 |      4.53091 |    36544.250 |
 | a   |   1   |   4   |    0.1787341 |      4.86360 |    39227.603 |
 | a   |   1   |   5   |    0.1837112 |      4.99904 |    40319.956 |
 | a   |   1   |   6   |    0.1921059 |      5.22747 |    42162.363 |
 | a   |   1   |   7   |    0.1921059 |      5.22747 |    42162.363 |
 | a   |   1   |   8   |    0.1941113 |      5.28204 |    42602.504 |
 +==================================================================+





 solve for ADC(2) excitation energies/vectors using a DIIS algorithm:
 =================================================================


 ========= DIIS CC RESPONSE SOLVER =========

    threshold for convergence: 1.00E-06
    max. nb. of DIIS vectors :      10
    maximum number of simultaneous Jacobi matrix transformations:  8
                                                
     summary of start vectors generation:
     -------------------------------------------
     type of solution vectors      : RE0
     symmetry                      : a  
     number of vectors requested   :     8
     number of vectors generated   :     8
       -- restarted from file      :     8
     -------------------------------------------
                                                

    Iter  #Vectors  time (min)   residual
    --------------------------------------
      1       8         0.42     0.29E-03  (  2)    0.53E-01
      2       8         0.42     0.23E-03  (  2)    0.12E-02
      3       8         0.42     0.10E-03  (  6)    0.20E-01
      4       8         0.42     0.84E-04  (  6)    0.96E-02
      5       8         0.42     0.72E-04  (  6)    0.23E-01
      6       8         0.43     0.57E-04  (  6)    0.28E-02
      7       8         0.43     0.38E-04  (  6)    0.38E-01
      8       7         0.38     0.29E-04  (  6)    0.25E-02
      9       6         0.33     0.21E-04  (  6)    0.26E-01
     10       6         0.33     0.19E-04  (  7)    0.21E-02
     11       5         0.28     0.19E-04  (  7)    0.16E-01
     12       4         0.23     0.14E-04  (  7)    0.11E-01
     13       4         0.23     0.88E-05  (  7)    0.95E-02
     14       3         0.18     0.53E-05  (  7)    0.12E-02
     15       2         0.13     0.38E-05  (  7)    0.42E-02
     16       2         0.13     0.33E-05  (  7)    0.25E-02
     17       2         0.13     0.25E-05  (  7)    0.30E-02
     18       2         0.13     0.15E-05  (  7)    0.26E-02
     19       2         0.13     0.98E-06  (  7)    0.25E-02
    --------------------------------------
    converged in  19 iterations

   Total time          5.57 minutes


 ===========================================





 +================================================================================+
 | sym | multi | state |          ADC(2) excitation energies    |  %t1   |  %t2   |
 |     |       |       +----------------------------------------+--------+--------+
 |     |       |       |   Hartree    |    eV      |    cm-1    |    %   |    %   |
 +================================================================================+
 | a   |   1   |   1   |    0.1442585 |    3.92547 |  31661.090 |  93.02 |   6.98 |
 | a   |   1   |   2   |    0.1602105 |    4.35955 |  35162.131 |  91.37 |   8.63 |
 | a   |   1   |   3   |    0.1665084 |    4.53093 |  36544.377 |  89.52 |  10.48 |
 | a   |   1   |   4   |    0.1787330 |    4.86357 |  39227.357 |  90.20 |   9.80 |
 | a   |   1   |   5   |    0.1837097 |    4.99900 |  40319.627 |  90.90 |   9.10 |
 | a   |   1   |   6   |    0.1920386 |    5.22564 |  42147.592 |  93.14 |   6.86 |
 | a   |   1   |   7   |    0.1922496 |    5.23138 |  42193.917 |  84.94 |  15.06 |
 | a   |   1   |   8   |    0.1941110 |    5.28203 |  42602.446 |  93.62 |   6.38 |
 +================================================================================+


       Energy:     0.1442585 H      3.92547 eV    31661.090 cm-1

     +=======================================================================+
     | type: RE0                    symmetry: a               state:    1    |
     +-----------------------+-----------------------+-----------------------+
     | occ. orb.  index spin | vir. orb.  index spin |  coeff/|amp|     %    |
     +=======================+=======================+=======================+
     |   36 a       36       |   39 a       39       |   0.85117      72.4   |
     |   28 a       28       |   39 a       39       |   0.27301       7.5   |
     |   35 a       35       |   39 a       39       |   0.24794       6.1   |
     |   36 a       36       |   47 a       47       |  -0.23462       5.5   |
     |   25 a       25       |   39 a       39       |   0.10488       1.1   |
     |   36 a       36       |   49 a       49       |  -0.09913       1.0   |
     |   28 a       28       |   47 a       47       |  -0.09132       0.8   |
     |   26 a       26       |   39 a       39       |   0.08595       0.7   |
     +=======================+=======================+=======================+
     norm of printed elements:  0.95210


       Energy:     0.1602105 H      4.35955 eV    35162.131 cm-1

     +=======================================================================+
     | type: RE0                    symmetry: a               state:    2    |
     +-----------------------+-----------------------+-----------------------+
     | occ. orb.  index spin | vir. orb.  index spin |  coeff/|amp|     %    |
     +=======================+=======================+=======================+
     |   37 a       37       |   39 a       39       |   0.60902      37.1   |
     |   38 a       38       |   39 a       39       |   0.58636      34.4   |
     |   33 a       33       |   39 a       39       |   0.28200       8.0   |
     |   29 a       29       |   39 a       39       |   0.24256       5.9   |
     |   30 a       30       |   39 a       39       |   0.21682       4.7   |
     |   37 a       37       |   47 a       47       |  -0.14783       2.2   |
     |   38 a       38       |   47 a       47       |  -0.12459       1.6   |
     |   33 a       33       |   47 a       47       |  -0.09001       0.8   |
     |   29 a       29       |   47 a       47       |  -0.08115       0.7   |
     +=======================+=======================+=======================+
     norm of printed elements:  0.95217


       Energy:     0.1665084 H      4.53093 eV    36544.377 cm-1

     +=======================================================================+
     | type: RE0                    symmetry: a               state:    3    |
     +-----------------------+-----------------------+-----------------------+
     | occ. orb.  index spin | vir. orb.  index spin |  coeff/|amp|     %    |
     +=======================+=======================+=======================+
     |   38 a       38       |   40 a       40       |  -0.76619      58.7   |
     |   38 a       38       |   42 a       42       |   0.53872      29.0   |
     |   37 a       37       |   40 a       40       |  -0.13988       2.0   |
     |   37 a       37       |   44 a       44       |   0.12443       1.5   |
     |   34 a       34       |   40 a       40       |   0.12138       1.5   |
     |   34 a       34       |   42 a       42       |  -0.08427       0.7   |
     |   37 a       37       |   42 a       42       |   0.08228       0.7   |
     |   38 a       38       |   60 a       60       |   0.07601       0.6   |
     |   34 a       34       |   44 a       44       |   0.07533       0.6   |
     |   36 a       36       |   39 a       39       |   0.07525       0.6   |
     +=======================+=======================+=======================+
     norm of printed elements:  0.95803


       Energy:     0.1787330 H      4.86357 eV    39227.357 cm-1

     +=======================================================================+
     | type: RE0                    symmetry: a               state:    4    |
     +-----------------------+-----------------------+-----------------------+
     | occ. orb.  index spin | vir. orb.  index spin |  coeff/|amp|     %    |
     +=======================+=======================+=======================+
     |   35 a       35       |   39 a       39       |   0.73410      53.9   |
     |   31 a       31       |   39 a       39       |   0.39104      15.3   |
     |   32 a       32       |   39 a       39       |   0.38898      15.1   |
     |   36 a       36       |   39 a       39       |  -0.20010       4.0   |
     |   35 a       35       |   47 a       47       |  -0.15884       2.5   |
     |   31 a       31       |   47 a       47       |  -0.12883       1.7   |
     |   32 a       32       |   47 a       47       |  -0.12445       1.5   |
     |   28 a       28       |   39 a       39       |  -0.09138       0.8   |
     |   35 a       35       |   43 a       43       |   0.09104       0.8   |
     +=======================+=======================+=======================+
     norm of printed elements:  0.95711


       Energy:     0.1837097 H      4.99900 eV    40319.627 cm-1

     +=======================================================================+
     | type: RE0                    symmetry: a               state:    5    |
     +-----------------------+-----------------------+-----------------------+
     | occ. orb.  index spin | vir. orb.  index spin |  coeff/|amp|     %    |
     +=======================+=======================+=======================+
     |   38 a       38       |   39 a       39       |  -0.67601      45.7   |
     |   30 a       30       |   39 a       39       |   0.40225      16.2   |
     |   37 a       37       |   39 a       39       |   0.40092      16.1   |
     |   34 a       34       |   39 a       39       |   0.29608       8.8   |
     |   29 a       29       |   39 a       39       |   0.19122       3.7   |
     |   30 a       30       |   47 a       47       |  -0.13311       1.8   |
     |   38 a       38       |   47 a       47       |   0.12808       1.6   |
     |   38 a       38       |   43 a       43       |  -0.10215       1.0   |
     |   37 a       37       |   47 a       47       |  -0.09664       0.9   |
     +=======================+=======================+=======================+
     norm of printed elements:  0.95766


       Energy:     0.1920386 H      5.22564 eV    42147.592 cm-1

     +=======================================================================+
     | type: RE0                    symmetry: a               state:    6    |
     +-----------------------+-----------------------+-----------------------+
     | occ. orb.  index spin | vir. orb.  index spin |  coeff/|amp|     %    |
     +=======================+=======================+=======================+
     |   32 a       32       |   39 a       39       |   0.73969      54.7   |
     |   31 a       31       |   39 a       39       |  -0.48532      23.6   |
     |   32 a       32       |   47 a       47       |  -0.23290       5.4   |
     |   35 a       35       |   40 a       40       |  -0.20608       4.2   |
     |   31 a       31       |   47 a       47       |   0.15796       2.5   |
     |   35 a       35       |   42 a       42       |   0.13691       1.9   |
     |   35 a       35       |   39 a       39       |  -0.12400       1.5   |
     |   27 a       27       |   39 a       39       |   0.10444       1.1   |
     |   32 a       32       |   49 a       49       |  -0.10121       1.0   |
     +=======================+=======================+=======================+
     norm of printed elements:  0.95961


       Energy:     0.1922496 H      5.23138 eV    42193.917 cm-1

     +=======================================================================+
     | type: RE0                    symmetry: a               state:    7    |
     +-----------------------+-----------------------+-----------------------+
     | occ. orb.  index spin | vir. orb.  index spin |  coeff/|amp|     %    |
     +=======================+=======================+=======================+
     |   35 a       35       |   40 a       40       |   0.78651      61.9   |
     |   35 a       35       |   42 a       42       |  -0.52286      27.3   |
     |   32 a       32       |   39 a       39       |   0.19603       3.8   |
     |   31 a       31       |   39 a       39       |  -0.16494       2.7   |
     +=======================+=======================+=======================+
     norm of printed elements:  0.95762


       Energy:     0.1941110 H      5.28203 eV    42602.446 cm-1

     +=======================================================================+
     | type: RE0                    symmetry: a               state:    8    |
     +-----------------------+-----------------------+-----------------------+
     | occ. orb.  index spin | vir. orb.  index spin |  coeff/|amp|     %    |
     +=======================+=======================+=======================+
     |   30 a       30       |   39 a       39       |   0.64123      41.1   |
     |   33 a       33       |   39 a       39       |  -0.55853      31.2   |
     |   38 a       38       |   39 a       39       |   0.26196       6.9   |
     |   29 a       29       |   39 a       39       |  -0.25827       6.7   |
     |   30 a       30       |   47 a       47       |  -0.20539       4.2   |
     |   33 a       33       |   47 a       47       |   0.17978       3.2   |
     |   37 a       37       |   39 a       39       |  -0.11056       1.2   |
     |   30 a       30       |   49 a       49       |  -0.08812       0.8   |
     +=======================+=======================+=======================+
     norm of printed elements:  0.95296



     Info: copy ADC(2) right eigenvectors into left eigenvector files.


                    ========   CC DENSITY MODULE   ========

                      current wave-function model: ADC(2)  

  calculating overlap between    8 left and right vector(s)
    density nr.      cpu/min        wall/min    L     R
   ------------------------------------------------------
         1             1.32            0.05    LE0    RE0 
         2             1.21            0.04    LE0    RE0 
         3             1.21            0.04    LE0    RE0 
         4             1.21            0.04    LE0    RE0 
         5             1.25            0.04    LE0    RE0 
         6             1.27            0.04    LE0    RE0 
         7             1.25            0.04    LE0    RE0 
         8             1.22            0.04    LE0    RE0 
   ------------------------------------------------------
     time in cc_1den       cpu:  9 min 57 s  wall: 21.02 sec    ratio: 28.4



     +==========================================================+
     |   contributions of excitation levels to excited states   |
     |     wavefunctions as computed from the <L|R> overlap     |
     +----------------------------------------------------------+
     | sym | multi | state |    E / eV  | % singles | % doubles |
     +==========================================================+
     | a   |   1   |   1   |    3.92547 |   93.02   |    6.98   |
     | a   |   1   |   2   |    4.35955 |   91.37   |    8.63   |
     | a   |   1   |   3   |    4.53093 |   89.52   |   10.48   |
     | a   |   1   |   4   |    4.86357 |   90.20   |    9.80   |
     | a   |   1   |   5   |    4.99900 |   90.90   |    9.10   |
     | a   |   1   |   6   |    5.22564 |   93.13   |    6.87   |
     | a   |   1   |   7   |    5.23138 |   84.96   |   15.04   |
     | a   |   1   |   8   |    5.28203 |   93.62   |    6.38   |
     +==========================================================+



      The semi-canonical algorithm will be used for densities


                    ========   CC DENSITY MODULE   ========

                      current wave-function model: ADC(2)  

  calculating     8 xi densities

   a semicanonical algorithm will be used when possible

    density nr.      cpu/min        wall/min    L     R
   ------------------------------------------------------
         1             2.04            0.07    LE0    R0  
         2             1.92            0.07    LE0    R0  
         3             1.96            0.07    LE0    R0  
         4             1.95            0.07    LE0    R0  
         5             1.96            0.07    LE0    R0  
         6             1.96            0.07    LE0    R0  
         7             2.01            0.07    LE0    R0  
         8             1.98            0.07    LE0    R0  
   ------------------------------------------------------
     time in cc_1den       cpu: 15 min 49 s  wall: 32.81 sec    ratio: 28.9


 **************************************************************
 *                                                            *
 *<<<<<<<<<<<<  ONE-PHOTON ABSORPTION STRENGTHS  >>>>>>>>>>>>>*
 *                                                            *
 **************************************************************


  +=========================================================================+
  |  Transition                                             model: ADC(2)   |
  |    number, symmetry, multiplicity:    1 a    1                          |
  |    frequency :   0.1442585397 a.u.     3.92547 e.V.     31661.1 rcm     |
  +=========================================================================+

     +-----------+-----------------+-----------------+---------------------+
     | operator  |   left moment   |  right moment   | transition strength |
     +-----------+-----------------+-----------------+---------------------+
     | xdiplen   |      0.17518075 |      0.17518075 |       0.03068829    |
     | ydiplen   |     -0.14465195 |     -0.14465195 |       0.02092419    |
     | zdiplen   |      0.13344990 |      0.13344990 |       0.01780887    |
     | xdipvel   |      0.03474983 |     -0.03474983 |       0.00120755    |
     | ydipvel   |     -0.02397201 |      0.02397201 |       0.00057466    |
     | zdipvel   |      0.02628864 |     -0.02628864 |       0.00069109    |
     | xangmom   |     -0.01541097 |      0.01541097 |       0.00023750    |
     | yangmom   |      0.09260750 |     -0.09260750 |       0.00857615    |
     | zangmom   |      0.11009267 |     -0.11009267 |       0.01212040    |
     | xxqudlen  |      1.28681877 |      1.28681877 |       1.65590256    |
     | xyqudlen  |     -0.76568242 |     -0.76568242 |       0.58626956    |
     | xzqudlen  |      2.18636469 |      2.18636469 |       4.78019055    |
     | yyqudlen  |      1.74205096 |      1.74205096 |       3.03474156    |
     | yzqudlen  |     -0.97840943 |     -0.97840943 |       0.95728500    |
     | zzqudlen  |      1.10675594 |      1.10675594 |       1.22490870    |
     +-----------+-----------------+-----------------+---------------------+
 
       oscillator strength (length gauge)   :      0.00667642
       oscillator strength (velocity gauge) :      0.01142994
       oscillator strength (mixed gauge)    :      0.00870888
 
       rotator strength (length gauge)      :     -0.00070185 a.u.
       Rotator strength (length gauge)      :     -0.33088395 10^(-40)*erg*cm^3
       rotator strength (velocity gauge)    :      0.00048063 a.u.
       Rotator strength (velocity gauge)    :      0.22658966 10^(-40)*erg*cm^3
 


  +=========================================================================+
  |  Transition                                             model: ADC(2)   |
  |    number, symmetry, multiplicity:    2 a    1                          |
  |    frequency :   0.1602104590 a.u.     4.35955 e.V.     35162.1 rcm     |
  +=========================================================================+

     +-----------+-----------------+-----------------+---------------------+
     | operator  |   left moment   |  right moment   | transition strength |
     +-----------+-----------------+-----------------+---------------------+
     | xdiplen   |      0.13158978 |      0.13158978 |       0.01731587    |
     | ydiplen   |     -0.02197759 |     -0.02197759 |       0.00048301    |
     | zdiplen   |     -0.13111488 |     -0.13111488 |       0.01719111    |
     | xdipvel   |      0.02577189 |     -0.02577189 |       0.00066419    |
     | ydipvel   |     -0.00287225 |      0.00287225 |       0.00000825    |
     | zdipvel   |     -0.02834050 |      0.02834050 |       0.00080318    |
     | xangmom   |      0.22778762 |     -0.22778762 |       0.05188720    |
     | yangmom   |      0.11248982 |     -0.11248982 |       0.01265396    |
     | zangmom   |      0.10685411 |     -0.10685411 |       0.01141780    |
     | xxqudlen  |     -0.86961873 |     -0.86961873 |       0.75623674    |
     | xyqudlen  |     -0.94414078 |     -0.94414078 |       0.89140181    |
     | xzqudlen  |      0.71341115 |      0.71341115 |       0.50895546    |
     | yyqudlen  |      0.29018927 |      0.29018927 |       0.08420981    |
     | yzqudlen  |      0.71435140 |      0.71435140 |       0.51029793    |
     | zzqudlen  |      0.34874878 |      0.34874878 |       0.12162571    |
     +-----------+-----------------+-----------------+---------------------+
 
       oscillator strength (length gauge)   :      0.00373718
       oscillator strength (velocity gauge) :      0.00614036
       oscillator strength (mixed gauge)    :      0.00478020
 
       rotator strength (length gauge)      :      0.00674605 a.u.
       Rotator strength (length gauge)      :      3.18038316 10^(-40)*erg*cm^3
       rotator strength (velocity gauge)    :      0.00786191 a.u.
       Rotator strength (velocity gauge)    :      3.70644644 10^(-40)*erg*cm^3
 


  +=========================================================================+
  |  Transition                                             model: ADC(2)   |
  |    number, symmetry, multiplicity:    3 a    1                          |
  |    frequency :   0.1665084344 a.u.     4.53093 e.V.     36544.4 rcm     |
  +=========================================================================+

     +-----------+-----------------+-----------------+---------------------+
     | operator  |   left moment   |  right moment   | transition strength |
     +-----------+-----------------+-----------------+---------------------+
     | xdiplen   |     -0.51554309 |     -0.51554309 |       0.26578468    |
     | ydiplen   |      0.67403229 |      0.67403229 |       0.45431953    |
     | zdiplen   |     -0.41410712 |     -0.41410712 |       0.17148471    |
     | xdipvel   |     -0.07353713 |      0.07353713 |       0.00540771    |
     | ydipvel   |      0.09847811 |     -0.09847811 |       0.00969794    |
     | zdipvel   |     -0.05986641 |      0.05986641 |       0.00358399    |
     | xangmom   |     -1.05598183 |      1.05598183 |       1.11509761    |
     | yangmom   |     -0.19785782 |      0.19785782 |       0.03914772    |
     | zangmom   |      1.03000247 |     -1.03000247 |       1.06090510    |
     | xxqudlen  |     -3.29138721 |     -3.29138721 |      10.83322976    |
     | xyqudlen  |      5.91464885 |      5.91464885 |      34.98307097    |
     | xzqudlen  |     -3.92469940 |     -3.92469940 |      15.40326537    |
     | yyqudlen  |     -8.47983945 |     -8.47983945 |      71.90767704    |
     | yzqudlen  |      6.51032217 |      6.51032217 |      42.38429477    |
     | zzqudlen  |     -4.17952387 |     -4.17952387 |      17.46841975    |
     +-----------+-----------------+-----------------+---------------------+
 
       oscillator strength (length gauge)   :      0.09897138
       oscillator strength (velocity gauge) :      0.07482958
       oscillator strength (mixed gauge)    :      0.08605340
 
       rotator strength (length gauge)      :     -0.00774489 a.u.
       Rotator strength (length gauge)      :     -3.65127976 10^(-40)*erg*cm^3
       rotator strength (velocity gauge)    :     -0.01048998 a.u.
       Rotator strength (velocity gauge)    :     -4.94543409 10^(-40)*erg*cm^3
 


  +=========================================================================+
  |  Transition                                             model: ADC(2)   |
  |    number, symmetry, multiplicity:    4 a    1                          |
  |    frequency :   0.1787329893 a.u.     4.86357 e.V.     39227.4 rcm     |
  +=========================================================================+

     +-----------+-----------------+-----------------+---------------------+
     | operator  |   left moment   |  right moment   | transition strength |
     +-----------+-----------------+-----------------+---------------------+
     | xdiplen   |     -0.28948851 |     -0.28948851 |       0.08380360    |
     | ydiplen   |     -0.04107610 |     -0.04107610 |       0.00168725    |
     | zdiplen   |     -0.22601011 |     -0.22601011 |       0.05108057    |
     | xdipvel   |     -0.06615685 |      0.06615685 |       0.00437673    |
     | ydipvel   |     -0.00936494 |      0.00936494 |       0.00008770    |
     | zdipvel   |     -0.05172721 |      0.05172721 |       0.00267570    |
     | xangmom   |      0.51894501 |     -0.51894501 |       0.26930392    |
     | yangmom   |     -0.17900808 |      0.17900808 |       0.03204389    |
     | zangmom   |     -0.62930275 |      0.62930275 |       0.39602195    |
     | xxqudlen  |     -0.62671961 |     -0.62671961 |       0.39277747    |
     | xyqudlen  |      2.93558249 |      2.93558249 |       8.61764457    |
     | xzqudlen  |     -1.86840689 |     -1.86840689 |       3.49094431    |
     | yyqudlen  |     -0.42530904 |     -0.42530904 |       0.18088778    |
     | yzqudlen  |      2.16078060 |      2.16078060 |       4.66897279    |
     | zzqudlen  |     -1.26341039 |     -1.26341039 |       1.59620582    |
     +-----------+-----------------+-----------------+---------------------+
 
       oscillator strength (length gauge)   :      0.01627321
       oscillator strength (velocity gauge) :      0.02663241
       oscillator strength (mixed gauge)    :      0.02081813
 
       rotator strength (length gauge)      :     -0.00032344 a.u.
       Rotator strength (length gauge)      :     -0.15248413 10^(-40)*erg*cm^3
       rotator strength (velocity gauge)    :     -0.00028895 a.u.
       Rotator strength (velocity gauge)    :     -0.13622354 10^(-40)*erg*cm^3
 


  +=========================================================================+
  |  Transition                                             model: ADC(2)   |
  |    number, symmetry, multiplicity:    5 a    1                          |
  |    frequency :   0.1837097405 a.u.     4.99900 e.V.     40319.6 rcm     |
  +=========================================================================+

     +-----------+-----------------+-----------------+---------------------+
     | operator  |   left moment   |  right moment   | transition strength |
     +-----------+-----------------+-----------------+---------------------+
     | xdiplen   |      0.08349177 |      0.08349177 |       0.00697088    |
     | ydiplen   |      0.00647629 |      0.00647629 |       0.00004194    |
     | zdiplen   |     -0.09107183 |     -0.09107183 |       0.00829408    |
     | xdipvel   |      0.01883040 |     -0.01883040 |       0.00035458    |
     | ydipvel   |      0.00192870 |     -0.00192870 |       0.00000372    |
     | zdipvel   |     -0.02129054 |      0.02129054 |       0.00045329    |
     | xangmom   |      0.22769902 |     -0.22769902 |       0.05184684    |
     | yangmom   |      0.07142455 |     -0.07142455 |       0.00510147    |
     | zangmom   |      0.19052656 |     -0.19052656 |       0.03630037    |
     | xxqudlen  |     -0.62541361 |     -0.62541361 |       0.39114218    |
     | xyqudlen  |     -0.55530482 |     -0.55530482 |       0.30836344    |
     | xzqudlen  |      0.45318927 |      0.45318927 |       0.20538051    |
     | yyqudlen  |     -0.04336900 |     -0.04336900 |       0.00188087    |
     | yzqudlen  |      0.51634395 |      0.51634395 |       0.26661108    |
     | zzqudlen  |      0.18649921 |      0.18649921 |       0.03478196    |
     +-----------+-----------------+-----------------+---------------------+
 
       oscillator strength (length gauge)   :      0.00187468
       oscillator strength (velocity gauge) :      0.00294519
       oscillator strength (mixed gauge)    :      0.00234910
 
       rotator strength (length gauge)      :      0.00106098 a.u.
       Rotator strength (length gauge)      :      0.50019163 10^(-40)*erg*cm^3
       rotator strength (velocity gauge)    :      0.00100432 a.u.
       Rotator strength (velocity gauge)    :      0.47347841 10^(-40)*erg*cm^3
 


  +=========================================================================+
  |  Transition                                             model: ADC(2)   |
  |    number, symmetry, multiplicity:    6 a    1                          |
  |    frequency :   0.1920385601 a.u.     5.22564 e.V.     42147.6 rcm     |
  +=========================================================================+

     +-----------+-----------------+-----------------+---------------------+
     | operator  |   left moment   |  right moment   | transition strength |
     +-----------+-----------------+-----------------+---------------------+
     | xdiplen   |      0.12881763 |      0.12881763 |       0.01659398    |
     | ydiplen   |     -0.21279017 |     -0.21279017 |       0.04527966    |
     | zdiplen   |      0.09565309 |      0.09565309 |       0.00914951    |
     | xdipvel   |      0.03056611 |     -0.03056611 |       0.00093429    |
     | ydipvel   |     -0.05455331 |      0.05455331 |       0.00297606    |
     | zdipvel   |      0.02525080 |     -0.02525080 |       0.00063760    |
     | xangmom   |      0.01930277 |     -0.01930277 |       0.00037260    |
     | yangmom   |      0.11463206 |     -0.11463206 |       0.01314051    |
     | zangmom   |      0.11727478 |     -0.11727478 |       0.01375337    |
     | xxqudlen  |     -0.10471058 |     -0.10471058 |       0.01096430    |
     | xyqudlen  |     -0.12895135 |     -0.12895135 |       0.01662845    |
     | xzqudlen  |      0.60830773 |      0.60830773 |       0.37003829    |
     | yyqudlen  |      3.25955339 |      3.25955339 |      10.62468831    |
     | yzqudlen  |     -0.64244165 |     -0.64244165 |       0.41273127    |
     | zzqudlen  |      0.28695865 |      0.28695865 |       0.08234527    |
     +-----------+-----------------+-----------------+---------------------+
 
       oscillator strength (length gauge)   :      0.00909279
       oscillator strength (velocity gauge) :      0.01578833
       oscillator strength (mixed gauge)    :      0.01197412
 
       rotator strength (length gauge)      :     -0.00534417 a.u.
       Rotator strength (length gauge)      :     -2.51947562 10^(-40)*erg*cm^3
       rotator strength (velocity gauge)    :     -0.00703574 a.u.
       Rotator strength (velocity gauge)    :     -3.31695309 10^(-40)*erg*cm^3
 


  +=========================================================================+
  |  Transition                                             model: ADC(2)   |
  |    number, symmetry, multiplicity:    7 a    1                          |
  |    frequency :   0.1922496315 a.u.     5.23138 e.V.     42193.9 rcm     |
  +=========================================================================+

     +-----------+-----------------+-----------------+---------------------+
     | operator  |   left moment   |  right moment   | transition strength |
     +-----------+-----------------+-----------------+---------------------+
     | xdiplen   |      0.04009889 |      0.04009889 |       0.00160792    |
     | ydiplen   |     -0.04712891 |     -0.04712891 |       0.00222113    |
     | zdiplen   |      0.02915861 |      0.02915861 |       0.00085022    |
     | xdipvel   |      0.01462086 |     -0.01462086 |       0.00021377    |
     | ydipvel   |     -0.01207343 |      0.01207343 |       0.00014577    |
     | zdipvel   |      0.00111943 |     -0.00111943 |       0.00000125    |
     | xangmom   |      0.09883612 |     -0.09883612 |       0.00976858    |
     | yangmom   |     -0.07929997 |      0.07929997 |       0.00628849    |
     | zangmom   |      0.12826719 |     -0.12826719 |       0.01645247    |
     | xxqudlen  |     -0.06185331 |     -0.06185331 |       0.00382583    |
     | xyqudlen  |     -0.01154200 |     -0.01154200 |       0.00013322    |
     | xzqudlen  |      0.21548342 |      0.21548342 |       0.04643310    |
     | yyqudlen  |      0.78654058 |      0.78654058 |       0.61864608    |
     | yzqudlen  |     -0.27381840 |     -0.27381840 |       0.07497652    |
     | zzqudlen  |      0.13047621 |      0.13047621 |       0.01702404    |
     +-----------+-----------------+-----------------+---------------------+
 
       oscillator strength (length gauge)   :      0.00059973
       oscillator strength (velocity gauge) :      0.00125112
       oscillator strength (mixed gauge)    :      0.00079195
 
       rotator strength (length gauge)      :      0.00572032 a.u.
       Rotator strength (length gauge)      :      2.69680672 10^(-40)*erg*cm^3
       rotator strength (velocity gauge)    :      0.00662180 a.u.
       Rotator strength (velocity gauge)    :      3.12180602 10^(-40)*erg*cm^3
 


  +=========================================================================+
  |  Transition                                             model: ADC(2)   |
  |    number, symmetry, multiplicity:    8 a    1                          |
  |    frequency :   0.1941110259 a.u.     5.28203 e.V.     42602.4 rcm     |
  +=========================================================================+

     +-----------+-----------------+-----------------+---------------------+
     | operator  |   left moment   |  right moment   | transition strength |
     +-----------+-----------------+-----------------+---------------------+
     | xdiplen   |      0.01656356 |      0.01656356 |       0.00027435    |
     | ydiplen   |     -0.00079553 |     -0.00079553 |       0.00000063    |
     | zdiplen   |     -0.02714759 |     -0.02714759 |       0.00073699    |
     | xdipvel   |      0.00546851 |     -0.00546851 |       0.00002990    |
     | ydipvel   |     -0.00018234 |      0.00018234 |       0.00000003    |
     | zdipvel   |     -0.00838993 |      0.00838993 |       0.00007039    |
     | xangmom   |      0.04704015 |     -0.04704015 |       0.00221278    |
     | yangmom   |     -0.03739284 |      0.03739284 |       0.00139822    |
     | zangmom   |      0.02931815 |     -0.02931815 |       0.00085955    |
     | xxqudlen  |     -0.01108183 |     -0.01108183 |       0.00012281    |
     | xyqudlen  |      0.42647550 |      0.42647550 |       0.18188136    |
     | xzqudlen  |      0.04119343 |      0.04119343 |       0.00169690    |
     | yyqudlen  |     -0.01318298 |     -0.01318298 |       0.00017379    |
     | yzqudlen  |     -0.54404258 |     -0.54404258 |       0.29598233    |
     | zzqudlen  |     -0.13056966 |     -0.13056966 |       0.01704844    |
     +-----------+-----------------+-----------------+---------------------+
 
       oscillator strength (length gauge)   :      0.00013096
       oscillator strength (velocity gauge) :      0.00034458
       oscillator strength (mixed gauge)    :      0.00021233
 
       rotator strength (length gauge)      :      0.00000649 a.u.
       Rotator strength (length gauge)      :      0.00306018 10^(-40)*erg*cm^3
       rotator strength (velocity gauge)    :      0.00004657 a.u.
       Rotator strength (velocity gauge)    :      0.02195674 10^(-40)*erg*cm^3
 


    ------------------------------------------------------------------------
         total  cpu-time :  6 hours  4 minutes and 47 seconds
         total wall-time : 12 minutes and 48 seconds
    ------------------------------------------------------------------------

   ****  ricc2 : all done  ****


    2023-08-21 23:41:02.083 

