$symmetry    c1
$atoms
o 9,22 \
   cbas = o def2-TZVP                     \
   basis = o def2-TZVP
ag 1-2 \
   cbas = ag def2-TZVPP                     \
   basis = ag def2-TZVPP                     \
   ecp = ag def2-ecp
n 3,5,10,16,18,23 \
   cbas = n def2-TZVP                     \
   basis = n def2-TZVP
h 11-15,24-28 \
   cbas = h def2-SVP                     \
   basis = h def2-SVP
c 4,6-8,17,19-21 \
   cbas = c def2-TZVP                     \
   basis = c def2-TZVP
$denconv 1d-07
#
# NumForce insertion:
#
$scfconv 7
$drvopt
   frequency analysis only nofreeze
$hessian  file=hessian
$dipgrad  file=dipgrad
$grad  file=gradient
$vibrational normal modes
 1  1   0.0004791386   0.0131745785  -0.0273211952   0.0237853888  -0.0417288912
 1  2  -0.0978184162   0.0401242735   0.0709141559   0.0220058496   0.0145252863
 1  3   0.1249394382  -0.0430730168  -0.0470162863  -0.0151527913   0.0780114131
 1  4   0.0636734047   0.0171266766   0.0045589314   0.0086665994   0.0058558646
 1  5   0.0390965639  -0.0061122959  -0.0170213057  -0.2120191595  -0.0078960438
 1  6   0.0042076591  -0.0174244758   0.0283652696  -0.0030278650   0.0034710929
 1  7   0.0069004886   0.0022961719  -0.0102214353   0.0108773838  -0.0212407515
 1  8  -0.0207186671   0.0006601349   0.0000644190  -0.0002025695  -0.0001529775
 1  9  -0.0018592043   0.0015054553  -0.0000530422  -0.0000125992  -0.0071648098
 1 10   0.0081731310   0.0000566854   0.0000306447   0.0024302587   0.0027782379
 1 11  -0.0040309753   0.0093237274  -0.0001154100   0.0021489205   0.0007880672
 1 12  -0.0012818323  -0.0001752305   0.0001850495  -0.0009104373   0.0008105582
 1 13   0.0002585180  -0.0001817796  -0.0005241949   0.0004772809  -0.0000902289
 1 14   0.0000681085   0.0008500623   0.0007892446   0.0000258859   0.0000614571
 1 15  -0.0000049369  -0.0000115854   0.0002432831  -0.0005262978   0.0000003176
 1 16  -0.0000017941  -0.0000041808  -0.0000042525  -0.0000321879   0.0000415364
 1 17  -0.0000080930   0.0000049336   0.0000056664   0.0000026350
 2  1  -0.0001517534   0.0002073845  -0.0835540511  -0.0285640797   0.0024621047
 2  2   0.1218000184  -0.0297545289   0.0834418813  -0.0355976444  -0.0046248757
 2  3   0.0602741522  -0.0010982253   0.0902294339  -0.0462598785  -0.0041144270
 2  4  -0.0052400349   0.2855787128   0.0157012659  -0.0036474611   0.0074508005
 2  5   0.0572976443  -0.0047717821  -0.0032974089   0.0345967352   0.0022885564
 2  6   0.0001574041   0.0053809395  -0.0050653639   0.0003073503  -0.0002712863
 2  7  -0.0037624634  -0.0037003300   0.0033157745  -0.0065487735   0.0010724457
 2  8   0.0013949368  -0.0000575899  -0.0000170926   0.0000258887   0.0000094869
 2  9   0.0000147516  -0.0000684156   0.0000256336  -0.0000242958   0.0018107606
 2 10  -0.0021695749  -0.0000638155  -0.0000278059  -0.0009523210  -0.0011447213
 2 11   0.0009940287  -0.0016025203   0.0002443241   0.0005860334  -0.0000585570
 2 12  -0.0007408472   0.0003030959  -0.0002765237  -0.0003079307   0.0004415866
 2 13  -0.0002093568   0.0001235306   0.0001833026  -0.0000547609  -0.0000948033
 2 14   0.0007291937  -0.0001812349   0.0000136208   0.0001532327  -0.0000550623
 2 15  -0.0001900015   0.0003788464   0.0014715068  -0.0015834332   0.0000004472
 2 16  -0.0000014904   0.0000017393   0.0000010392   0.0000014636  -0.0000216008
 2 17   0.0000002270  -0.0000002351  -0.0000141444  -0.0000058419
 3  1  -0.0006485578  -0.0176569799  -0.0061154167  -0.0460353329   0.0593570731
 3  2   0.0354462854   0.1333503969  -0.0170799226  -0.0098710127  -0.1194651228
 3  3   0.0051619716   0.0398821135  -0.0574414365  -0.0041875270  -0.1049770516
 3  4  -0.0837390464   0.0069073941  -0.0047516613  -0.0138421972  -0.0025849602
 3  5   0.0384207232   0.0003611614   0.0368326563  -0.1536298887  -0.0048355361
 3  6  -0.0008247520  -0.0135997018   0.0231798632   0.0022303673  -0.0024115079
 3  7   0.0052262107   0.0017804826  -0.0076306179   0.0082164561  -0.0160866554
 3  8  -0.0155339633   0.0003688237   0.0000834432  -0.0000343466   0.0002248407
 3  9   0.0022039984  -0.0014063142  -0.0001015681   0.0001366918  -0.0054316797
 3 10   0.0061465097   0.0001054566   0.0000277648   0.0018146431   0.0020768270
 3 11  -0.0030035330   0.0070345107  -0.0000890789   0.0016241690   0.0005902065
 3 12  -0.0009591338  -0.0001329673   0.0001369471  -0.0006974925   0.0006059123
 3 13   0.0001943907  -0.0001372675  -0.0003923726   0.0003538265  -0.0000750963
 3 14   0.0000491753   0.0006339461   0.0005943645   0.0000242207   0.0000507970
 3 15  -0.0000112390  -0.0000141428   0.0001750015  -0.0004138612   0.0000014445
 3 16  -0.0000014881  -0.0000033189  -0.0000040664  -0.0000244661   0.0000303106
 3 17  -0.0000059030   0.0000034809   0.0000039214   0.0000010382
 4  1   0.0006902445   0.0001547831   0.0548656240  -0.0371689273  -0.0359848599
 4  2   0.0158852720  -0.0049229035  -0.0421531070   0.2367753625  -0.0446806213
 4  3   0.1124359287   0.0400488400   0.1815411661   0.0182895780   0.0102529852
 4  4  -0.0068314263  -0.0121532796   0.0070117349  -0.0006889649   0.0012427086
 4  5  -0.0010633411   0.0017853225  -0.0000415671  -0.0038517447  -0.0006137928
 4  6  -0.0007491106   0.0000996823  -0.0000467027   0.0001095701  -0.0002057583
 4  7   0.0002702016  -0.0001875028   0.0006408053  -0.0003041858  -0.0000340504
 4  8   0.0003055385   0.0003854363  -0.0000586614   0.0001529432   0.0000556698
 4  9   0.0016576800  -0.0000013680  -0.0000013822   0.0001911398  -0.0000903299
 4 10  -0.0002944001   0.0000881999  -0.0000713940   0.0000742596  -0.0001134912
 4 11   0.0000971383   0.0000757182   0.0000062130   0.0000277324  -0.0001729846
 4 12   0.0000246743   0.0000292839  -0.0000918367  -0.0000895712  -0.0000356968
 4 13  -0.0000038929   0.0000245177  -0.0000083010   0.0001025034   0.0000422832
 4 14  -0.0000286176   0.0000082498  -0.0000886247  -0.0000233409  -0.0001108568
 4 15   0.0000586067   0.0001480844   0.0001081299   0.0002147612  -0.0000006124
 4 16   0.0000007011  -0.0000031827   0.0000017615   0.0000151374   0.0000053755
 4 17  -0.0000054769  -0.0000103220  -0.0000019753  -0.0000038828
 5  1   0.0001461602  -0.0013462061  -0.0268376518  -0.0163325446  -0.0073732993
 5  2   0.1463602092  -0.0267166573   0.0800614113   0.0333530125   0.0154574601
 5  3   0.0335125107  -0.0047499444  -0.0825690989   0.1659628728   0.0080192092
 5  4   0.0047607044  -0.1452536788   0.0377604891  -0.0062170222   0.0125810246
 5  5   0.1016798000  -0.0100987385  -0.0064940546   0.0406717147   0.0026676471
 5  6   0.0033010990   0.0045043469   0.0199945627   0.0001609929   0.0009486275
 5  7   0.0097129823   0.0013397611  -0.0027283713   0.0011769995  -0.0024642059
 5  8   0.0150756531  -0.0004114914  -0.0000106706   0.0001201451   0.0000014346
 5  9  -0.0001551754   0.0000150967   0.0000086810   0.0001221771   0.0009566566
 5 10   0.0060486286   0.0001003175  -0.0000072689   0.0012521354   0.0001123089
 5 11   0.0001901461   0.0000245799  -0.0007657660  -0.0009504172   0.0000716618
 5 12   0.0000924339   0.0000351200   0.0001238360   0.0010237054  -0.0001317561
 5 13  -0.0000357710   0.0001301856  -0.0000306372   0.0002018545   0.0001393678
 5 14  -0.0000959351   0.0000259343  -0.0008671750  -0.0002340489  -0.0000946555
 5 15   0.0003145088  -0.0000219770   0.0000985243   0.0004175304  -0.0000031205
 5 16   0.0000008216  -0.0000072591   0.0000019241  -0.0000089903   0.0000162466
 5 17  -0.0000000597   0.0000394237  -0.0000042663   0.0000167918
 6  1  -0.0012731387   0.0004499752   0.0137416296   0.0796403499   0.0348887434
 6  2  -0.0030910954   0.2151908461   0.1309554267   0.0349651112   0.0719893814
 6  3  -0.1160528518  -0.0042380311   0.1502909193   0.0289854026  -0.0102255736
 6  4   0.0107140275  -0.0112672228   0.0056821332  -0.0016631630  -0.0019858251
 6  5   0.0010364926  -0.0014416108   0.0008073891  -0.0016292031   0.0003178237
 6  6   0.0007792232  -0.0006019823   0.0001115746  -0.0000771407   0.0003423956
 6  7   0.0004613759  -0.0001119090   0.0004500912  -0.0001522462  -0.0000485440
 6  8   0.0004118979  -0.0004924057   0.0000453954  -0.0001696042  -0.0000841478
 6  9  -0.0021216688   0.0000773197   0.0000330546  -0.0002225136  -0.0000345453
 6 10  -0.0000587361  -0.0000750877   0.0000590948   0.0000627553  -0.0000587672
 6 11   0.0000530524   0.0000449638  -0.0000163503  -0.0000197102  -0.0001167134
 6 12   0.0000106266   0.0000230867  -0.0000666707  -0.0000155564  -0.0000155823
 6 13  -0.0000007585   0.0000304926   0.0000007351   0.0000898281   0.0000361223
 6 14  -0.0000224185   0.0000030972  -0.0000929103  -0.0000332366  -0.0000923961
 6 15   0.0000647639   0.0001190672   0.0001067426   0.0001863158  -0.0000024166
 6 16  -0.0000008842  -0.0000036050   0.0000023757   0.0000116227   0.0000046103
 6 17  -0.0000048013  -0.0000067471  -0.0000031774  -0.0000008963
 7  1   0.0027280079  -0.0010331565   0.0441774125   0.0456858168   0.1164719717
 7  2  -0.0936781059  -0.0412309844   0.0962179229   0.1302699800  -0.0785476762
 7  3   0.0694975251  -0.0372913376  -0.1139718784  -0.0508187741  -0.1867862463
 7  4   0.1997320443   0.0092652705  -0.1434554791   0.0118612877  -0.0192721701
 7  5   0.1283104652   0.0518671817  -0.0552710308   0.1459323079   0.0139552345
 7  6   0.0511036776  -0.0280556969  -0.0539972510   0.0042790699   0.0456496915
 7  7  -0.1454587052  -0.0267120728   0.0855926191  -0.0270740984   0.0226210576
 7  8  -0.0839169775  -0.0412920078   0.0001004206   0.0126743332  -0.0008184495
 7  9   0.1503447295  -0.0054906932  -0.0004548939  -0.0227508364   0.0167231773
 7 10   0.0871826878   0.0076533209  -0.0002861999   0.0801284655   0.0044341671
 7 11  -0.0544860862   0.0220423899  -0.0307674757  -0.0462367520   0.0553285244
 7 12   0.0031730411   0.0004156501   0.0568751895  -0.1721763378   0.0130231100
 7 13  -0.0097371919   0.0561537944  -0.0011129106   0.1227787308  -0.0005277317
 7 14   0.0028800566  -0.0050625660  -0.1655853811  -0.0235862808  -0.0049130383
 7 15   0.0056932622   0.0054662422   0.0198097544   0.1015627573  -0.0013515366
 7 16   0.0000079533   0.0010222267   0.0000006471  -0.0002127505  -0.0005508951
 7 17  -0.0000751261   0.0144936613  -0.0002678305   0.0002170373
 8  1   0.0001576531   0.0010272723   0.0797291710   0.0310536539   0.0086962809
 8  2   0.1769178553  -0.0209804432   0.0835649558   0.1293285174   0.0486691089
 8  3  -0.0091950328  -0.0138236129  -0.1630945620  -0.1008427355  -0.0064015338
 8  4  -0.0002163606   0.0541877473  -0.0348093318   0.0062885014  -0.0154261974
 8  5  -0.1138829979   0.0110786455   0.0034202129  -0.0090235045   0.0046320083
 8  6   0.0043548969   0.0085825023   0.0204498311   0.0008227565   0.0032093282
 8  7   0.0790830594   0.0106837286  -0.3283385026   0.0624268115  -0.0110092368
 8  8  -0.0376836833  -0.0000516718   0.0000221963  -0.0017796674  -0.0000089657
 8  9   0.0026418019   0.0001103920  -0.0000121675  -0.0000668998   0.0085964147
 8 10   0.0942088350  -0.0048999453   0.0002157427  -0.0914293804  -0.0000443256
 8 11   0.2310858613  -0.0827794269   0.0299609332   0.0251724780   0.1082545721
 8 12  -0.0086114869   0.0011006957   0.0408294356   0.0343356877  -0.0028572305
 8 13   0.0050027095  -0.0293129632  -0.0003210996   0.0848442612  -0.0283223216
 8 14   0.0246615928  -0.0004269721  -0.0808288055   0.0313605447  -0.0025491273
 8 15   0.0973650923  -0.0196230558   0.0106613923   0.0776208294  -0.0001090730
 8 16   0.0000046698   0.0007528579   0.0000058418  -0.0000189520   0.0010248504
 8 17   0.0004991202  -0.0717136886   0.0009016715  -0.0005628726
 9  1  -0.0035161852   0.0026534321   0.0351071430  -0.0233493280  -0.1449782222
 9  2   0.0735300458   0.2494599147  -0.0509351356  -0.0245607229   0.0476156207
 9  3   0.0245522281   0.0249574313  -0.1142550164  -0.0851066737   0.2454445460
 9  4  -0.2648468294  -0.0062874510  -0.0913980966   0.0358595173   0.0633234310
 9  5   0.0430494219  -0.0919424147   0.0514712232   0.1123362254  -0.0223323633
 9  6  -0.0749720826   0.0291886671   0.0003419035  -0.0071789749  -0.0695766575
 9  7  -0.1104307215  -0.0203774357   0.0576101093  -0.0193048408   0.0166228295
 9  8  -0.0484366820   0.0591009607  -0.0002072446  -0.0155225929   0.0010935116
 9  9  -0.2012979571   0.0070191964   0.0007329676   0.0323828074   0.0111008502
 9 10   0.0583696172  -0.0037732061   0.0000596493   0.0588439710   0.0032961251
 9 11  -0.0377315556   0.0153556077  -0.0224131033  -0.0339767020   0.0429656887
 9 12   0.0022124978   0.0003251809   0.0424894609  -0.1275931894   0.0096169636
 9 13  -0.0072305624   0.0417428882  -0.0008486822   0.0939199874  -0.0007456577
 9 14   0.0024735639  -0.0037827538  -0.1255376402  -0.0173273727  -0.0037136952
 9 15   0.0054449137   0.0038424548   0.0150118732   0.0772446476  -0.0010278258
 9 16   0.0000024937   0.0007795642  -0.0000014125  -0.0001678015  -0.0004069772
 9 17  -0.0000495027   0.0099034034  -0.0001920907   0.0001580937
10  1  -0.0005497526   0.0485248819   0.0258638312   0.0498281805   0.1173204753
10  2  -0.0842707090  -0.0129967344   0.0750670296   0.1077668115  -0.0469934265
10  3   0.0905096216  -0.0316355311  -0.1059204212  -0.0336713723  -0.0587641534
10  4   0.0319969397  -0.0117938331  -0.1297126407   0.0181119488   0.0551340392
10  5   0.0937128406   0.0075445731   0.0632026921   0.1324637628   0.0023045942
10  6   0.0089212563  -0.0117621641  -0.0338202710   0.0035891376   0.0105170881
10  7  -0.0908988374  -0.0152903320   0.1439268964  -0.0322585941   0.0209088077
10  8  -0.0917591938  -0.0219690798  -0.0007401609  -0.1245235965   0.0012830654
10  9  -0.3557372569   0.0127519954   0.0009093487  -0.0045841620  -0.0184370785
10 10  -0.1263233650   0.0064068136  -0.0000931958  -0.0496354036  -0.0040466868
10 11   0.0078082959  -0.0089394569   0.0730359148   0.0958022387   0.0051479865
10 12  -0.0141863983   0.0009318617  -0.0073386168   0.2936645314  -0.0233680667
10 13   0.0062662591  -0.0348968198  -0.0001214871   0.0764554354  -0.0156963000
10 14   0.0103244547  -0.0017553514   0.0143613144   0.0383462400   0.0094250662
10 15   0.0438420753  -0.0380860223  -0.0806016229  -0.3618990334  -0.0011157935
10 16  -0.0000097933   0.0000142284  -0.0000074468   0.0004012038   0.0002345901
10 17  -0.0000480636  -0.0005955012   0.0001932561  -0.0002178940
11  1  -0.0000267433   0.0010090781   0.0107680690   0.0038349785   0.0039155854
11  2   0.1570164803  -0.0241796100   0.0833979254   0.0696166997   0.0292954774
11  3   0.0160378236  -0.0095195790  -0.0955981278   0.0210629958   0.0020794142
11  4  -0.0051051517   0.0288723620  -0.0350428264   0.0064557365  -0.0216343220
11  5  -0.1791661967   0.0185598631   0.0109302583  -0.0432678364  -0.0037265120
11  6  -0.0082822912  -0.0037316252  -0.0459798333   0.0005168663   0.0005643140
11  7   0.1667145312   0.0317025334  -0.0416128758   0.0162864636   0.0278801503
11  8  -0.2666282841   0.0079579251   0.0000379229  -0.0064287522   0.0000384495
11  9  -0.0024253632   0.0003706211  -0.0000660537  -0.0027329199  -0.0233813007
11 10  -0.1300789984   0.0007408730   0.0000414008   0.0005952765   0.0031028995
11 11  -0.0124607999   0.0072203038  -0.0609886642  -0.0775673913  -0.0195219705
11 12   0.0118206912  -0.0017900959  -0.0088582944  -0.3632301653   0.0283875290
11 13  -0.0097765430   0.0552053530  -0.0001061926  -0.0314881062  -0.0014551181
11 14  -0.0005923335  -0.0061049275  -0.1044511270  -0.0017755913   0.0091583976
11 15  -0.0688788092  -0.0183984434  -0.1096545683  -0.5295722370   0.0001556426
11 16  -0.0000053869   0.0000153455   0.0000136666   0.0008368795   0.0009893051
11 17  -0.0000199644  -0.0002252763  -0.0002751015  -0.0002305417
12  1   0.0007668970  -0.0641735860   0.0330542502  -0.0395919819  -0.1482773307
12  2   0.0543691303   0.2106501085  -0.0227097737  -0.0142217403  -0.0009830360
12  3   0.0048029936   0.0188668449  -0.1047728705  -0.0563180012   0.0761943628
12  4  -0.0399323064  -0.0050761022  -0.0959789518   0.0249146739  -0.0406109059
12  5   0.0619811903  -0.0293915799  -0.1039341802   0.0807274638  -0.0083347000
12  6  -0.0187916144   0.0042725787  -0.0187190481  -0.0061270821  -0.0201813116
12  7  -0.0601809508  -0.0101088357   0.1049172546  -0.0232554513   0.0149690510
12  8  -0.0611965290   0.0341586536   0.0009833635   0.1667052229  -0.0017471509
12  9   0.4815908325  -0.0171884324  -0.0013175465   0.0022039131  -0.0131007927
12 10  -0.0918212070  -0.0159434860   0.0003106248  -0.0344814526  -0.0029273515
12 11   0.0039833332  -0.0059794632   0.0537926572   0.0705912012   0.0037829091
12 12  -0.0104570183   0.0006786090  -0.0053488570   0.2150126037  -0.0171465862
12 13   0.0045714699  -0.0253974585  -0.0001004315   0.0572136562  -0.0118007031
12 14   0.0077515258  -0.0013679424   0.0094396640   0.0286139755   0.0071681952
12 15   0.0320162551  -0.0287561559  -0.0616437622  -0.2772084342  -0.0008353046
12 16  -0.0000096957   0.0000119155  -0.0000068352   0.0003080128   0.0001865387
12 17  -0.0000361497  -0.0004384484   0.0001396668  -0.0001652906
13  1   0.0003767884   0.0680322267  -0.0327624520   0.0200646815   0.0517229424
13  2  -0.1189359927  -0.0016196105   0.1104080430   0.0452585782  -0.0316308403
13  3   0.0926960659   0.0336658193  -0.0790340423   0.0286983909  -0.0176154701
13  4   0.0594119335  -0.0024050723  -0.0987165493   0.0203551599   0.1424246963
13  5   0.0002285934  -0.0112742988   0.2009398524   0.0161271837  -0.0205798066
13  6  -0.0444546359  -0.0144525868  -0.0834235799  -0.0087130379  -0.0813054585
13  7  -0.0468979640  -0.0063265837   0.0967350950  -0.0152566818  -0.0270541860
13  8   0.2137825879  -0.0018181892   0.0000700514  -0.0158050351  -0.0003203014
13  9   0.1682972228  -0.0079472803  -0.0006405659   0.0237230176  -0.0235813609
13 10  -0.1486221735  -0.0081630209   0.0001622396  -0.0809725751  -0.0009381402
13 11   0.2130509227  -0.0770367241  -0.0637032560  -0.0825120805  -0.0377479877
13 12   0.0137475491   0.0003313218  -0.0073058302   0.0322291360  -0.0020918809
13 13  -0.0050463955   0.0268689053   0.0016947990  -0.0598609847   0.0236509532
13 14  -0.0189663270  -0.0078925544  -0.1480746434  -0.0284199149  -0.0033658701
13 15   0.0247882604  -0.0053853111   0.0023832009   0.0351466625   0.0000156043
13 16   0.0000051776   0.0004336230   0.0000048676  -0.0001336069  -0.0005893325
13 17   0.0000249462  -0.0001523866   0.0000595717   0.0000271000
14  1   0.0000982369   0.0010549976  -0.0094782701  -0.0041508305   0.0018107534
14  2   0.1515434027  -0.0248989176   0.0839844117   0.0540310459   0.0246422692
14  3   0.0222051257  -0.0072676201  -0.0750057006   0.0417570185   0.0030301494
14  4  -0.0049269089   0.0492226241  -0.0387336641   0.0070448967  -0.0261852280
14  5  -0.2248767382   0.0230050316   0.0162928607  -0.0749925287  -0.0042534242
14  6  -0.0084889596  -0.0041309161  -0.0382287492   0.0003756185  -0.0001620606
14  7   0.1428339015   0.0274157530   0.0510696485  -0.0013966009   0.0124977124
14  8  -0.0878433892   0.0037159710  -0.0000069921  -0.0016899247   0.0000158650
14  9   0.0010888606  -0.0000868683   0.0000364935   0.0010715475   0.0067701230
14 10   0.0324774440   0.0059835403  -0.0002579037   0.1125570900   0.0043902342
14 11  -0.1101490096   0.0440449115  -0.0664076535  -0.0845822597  -0.0096021949
14 12   0.0106541694   0.0022878654   0.0578732093   0.4704392313  -0.0429128102
14 13   0.0028868805  -0.0133862076   0.0004904299  -0.0036658089   0.0579300701
14 14  -0.0487510519  -0.0089571720  -0.1264814647  -0.0424240126  -0.0027990150
14 15   0.1253225087  -0.0351449811  -0.0049173489   0.0674672264  -0.0002163247
14 16   0.0000126221   0.0002732935  -0.0000041808  -0.0004689119  -0.0016392342
14 17   0.0000348848   0.0005483657   0.0008150807   0.0000054128
15  1  -0.0005569862  -0.0921437246   0.0037620437  -0.0418250004  -0.0672536057
15  2   0.0675853171   0.1895183307  -0.0695193037  -0.0285553151  -0.0540983420
15  3   0.0428384355  -0.0623926696  -0.0292644960   0.0132819375   0.0291646738
15  4  -0.0797652592  -0.0048774061  -0.0817478996   0.0112010156  -0.1770633967
15  5   0.0383435957   0.0156703958  -0.2660295759  -0.0302859104  -0.0037871703
15  6   0.0249261757  -0.0376455599  -0.1012707707   0.0086740676   0.0965509329
15  7  -0.0397729086  -0.0056549214   0.0755267959  -0.0123632843  -0.0195929938
15  8   0.1534837776  -0.0114541677  -0.0001022524   0.0251121731   0.0003863359
15  9  -0.2210726908   0.0105810189   0.0007180661  -0.0345717211  -0.0176056363
15 10  -0.1119217072   0.0053975946   0.0000791995  -0.0608582436  -0.0007131696
15 11   0.1595960289  -0.0576613285  -0.0486650761  -0.0629807902  -0.0284230298
15 12   0.0104376498   0.0002825547  -0.0048885065   0.0293575591  -0.0020234363
15 13  -0.0038008329   0.0202545727   0.0012705807  -0.0452147689   0.0183055111
15 14  -0.0146695675  -0.0059748088  -0.1128465115  -0.0217510369  -0.0025610034
15 15   0.0199380431  -0.0044117225   0.0017809369   0.0272674939   0.0000071806
15 16   0.0000019691   0.0003298185   0.0000018526  -0.0001092543  -0.0004653298
15 17   0.0000195058  -0.0001086625   0.0000522803   0.0000209486
16  1   0.0019962728  -0.0023240392  -0.0760805009  -0.0157635703   0.0019720522
16  2  -0.1589667897  -0.0169846346   0.1617389824   0.0089902192  -0.0463989994
16  3   0.0755597551   0.0763984836  -0.0442514594   0.0878517965   0.0195557200
16  4  -0.0606196983   0.0092907997  -0.1375781394   0.0212165849   0.0381562702
16  5  -0.0541628937   0.0158529893   0.0734761819   0.0593429282   0.0016960856
16  6   0.0250503305  -0.0389254793  -0.1288897034   0.0034828653   0.0214055888
16  7   0.0803372324   0.0145149256  -0.0659213394   0.0171104044  -0.0204997439
16  8   0.1645026190   0.0535319884   0.0006564041   0.1512124994   0.0002245992
16  9  -0.1120023909   0.0027128060  -0.0003379590  -0.1251551634  -0.0062377172
16 10  -0.0589883810   0.0075176040  -0.0002087729   0.0626627480   0.0052872201
16 11   0.0291954750  -0.0084449287  -0.0314558439  -0.0431082630   0.0038469700
16 12   0.0065289779  -0.0001233503   0.0302236030  -0.0834301751   0.0043020500
16 13   0.0104061598  -0.0591758845  -0.0015609345   0.1252484925   0.0241183312
16 14  -0.0214213591   0.0103338975   0.3666539321  -0.0079287147   0.0056557981
16 15  -0.0060085059  -0.0022668801  -0.0065814715  -0.0344563503   0.0010461794
16 16  -0.0000034349   0.0025074187  -0.0000152976   0.0001039681   0.0004552150
16 17  -0.0000303476   0.0005345469  -0.0004773455   0.0000144230
17  1   0.0001069485   0.0008163595   0.0415173590   0.0157763984   0.0044058790
17  2   0.1646084865  -0.0226314631   0.0847530190   0.0941021018   0.0380639354
17  3   0.0048355965  -0.0101486201  -0.1313488726  -0.0383031711  -0.0004485102
17  4  -0.0038945757   0.0348087115  -0.0104855891   0.0018347181  -0.0203036287
17  5  -0.1592658331   0.0161291595   0.0134988730  -0.1174115520  -0.0063036218
17  6  -0.0053143359  -0.0114563532  -0.0220519912  -0.0002823899   0.0003043597
17  7   0.0540087200   0.0154206384   0.2550504284  -0.0362151205  -0.0115744199
17  8   0.1448888190  -0.0027855311  -0.0000404278   0.0044853676   0.0000147588
17  9  -0.0047226151   0.0001174467   0.0000549710   0.0008078188   0.0143320850
17 10   0.0856144768   0.0011855346  -0.0000150304   0.0161381650   0.0026199170
17 11   0.0101990677  -0.0026582687  -0.0216104019  -0.0299848911   0.0120397059
17 12   0.0038976523  -0.0005664166  -0.0004542569   0.0875279119  -0.0132249965
17 13  -0.0103434768   0.0648200611  -0.0025838988   0.0107850027  -0.1632937427
17 14   0.1321788853   0.0175259976   0.0697592232   0.1972264220   0.0043774816
17 15  -0.2533399420   0.0858176029   0.0542682007   0.0674219843   0.0001388500
17 16  -0.0000210298  -0.0007911319   0.0000067564  -0.0000119958  -0.0011877781
17 17  -0.0000632002  -0.0003962881   0.0006962077  -0.0001903123
18  1  -0.0028446409  -0.0010154745  -0.0296879206  -0.0300704908  -0.0065856483
18  2   0.0969640010   0.2055631586  -0.1376030192  -0.0509423726  -0.0581895675
18  3   0.0952697058  -0.1135562804   0.0281912249   0.0754479297  -0.0116555691
18  4   0.0730590597   0.0109949086  -0.1044001910   0.0237361572  -0.0537562582
18  5  -0.0411137345  -0.0023068978  -0.0939149923   0.0254777436  -0.0277681792
18  6  -0.0735519321   0.0130299830  -0.0660570248  -0.0053262671  -0.0347009133
18  7   0.0582805901   0.0105807790  -0.0447609394   0.0119098699  -0.0154971506
18  8   0.1099210995  -0.0807664383  -0.0008969319  -0.2018109312  -0.0003347697
18  9   0.1470957760  -0.0036893134   0.0004159696   0.1644268155  -0.0068626757
18 10  -0.0526476041  -0.0009792362   0.0000173306   0.0476293255   0.0039251952
18 11   0.0205654643  -0.0058885235  -0.0241016617  -0.0330280392   0.0034785664
18 12   0.0049693643  -0.0000925303   0.0227036284  -0.0612322685   0.0029955694
18 13   0.0078150764  -0.0443590515  -0.0012124647   0.0943650222   0.0164700845
18 14  -0.0147569278   0.0079908946   0.2761927731  -0.0037650482   0.0043228609
18 15  -0.0076353443  -0.0007158239  -0.0043490363  -0.0251738469   0.0007959526
18 16  -0.0000056131   0.0018705106  -0.0000145537   0.0000683962   0.0003129244
18 17  -0.0000228017   0.0003972219  -0.0003425381   0.0000088140
19  1   0.0028226042  -0.1281726721  -0.0504868665  -0.0172957779   0.0082385544
19  2  -0.1678896718  -0.0460651581   0.1826495663   0.0332330294  -0.0789518058
19  3   0.0540430360   0.0004718411  -0.0251794791   0.0731803873   0.0550437096
19  4  -0.1327002309   0.0059620100  -0.1362119948   0.0378275356   0.0307280439
19  5  -0.0619879840  -0.0518605468   0.0555926812   0.0766031321   0.0021447995
19  6   0.0284800011  -0.0435533673  -0.1533032238   0.0094740840   0.0722990080
19  7   0.0742527740   0.0127008347  -0.1195678612   0.0250362060  -0.0200007078
19  8   0.1674904331   0.0045050451  -0.0000189840  -0.0373417190  -0.0003006271
19  9   0.0569192403  -0.0002201303   0.0001074631   0.0964379956   0.0164054694
19 10   0.0982408899   0.0585076388  -0.0007942129  -0.0814941760  -0.0126271989
19 11  -0.2091734920   0.0667777610   0.0401587588   0.0549439857  -0.0096939659
19 12  -0.0070637532  -0.0000377687   0.0005253876  -0.0468089651   0.0045243633
19 13   0.0144475051  -0.0851095305   0.0010148830  -0.0228058720  -0.0323377474
19 14   0.0275810466  -0.0068558212  -0.2096805864  -0.0226196337  -0.0025192374
19 15  -0.1051548237   0.0292126398   0.0089821908   0.0067655465  -0.0188984153
19 16  -0.0000127811  -0.0438435458   0.0000549357   0.0001271911   0.0010353977
19 17   0.0000170047  -0.0004708950   0.0001245558   0.0000064793
20  1   0.0001932235  -0.0005508231   0.1139101698   0.0441962441   0.0092293873
20  2   0.1849238760  -0.0193320020   0.0850564781   0.1552318114   0.0579824522
20  3  -0.0210844816  -0.0159116102  -0.2038972823  -0.1555782642  -0.0052274349
20  4  -0.0034058963   0.0421501834  -0.0086776981   0.0019690679  -0.0070457474
20  5  -0.0532463048   0.0028289626   0.0050514823  -0.0528839056  -0.0014812983
20  6   0.0016609368  -0.0053646555  -0.0010474951  -0.0003106331   0.0000704207
20  7  -0.1029402063  -0.0203525848  -0.1453238330   0.0234722538  -0.0366003468
20  8   0.2549782688  -0.0087014622  -0.0000653351   0.0003947497  -0.0000145095
20  9   0.0002614247  -0.0000206884   0.0000187357  -0.0008146596  -0.0131454237
20 10  -0.1079639596   0.0002128135  -0.0000623578  -0.0013000208  -0.0057140904
20 11  -0.1762652538   0.0594035776   0.0101632695   0.0248645265  -0.0927252262
20 12   0.0016086355  -0.0006538252  -0.0314975105  -0.0814596730   0.0078293195
20 13  -0.0206284876   0.1192215242  -0.0005867313  -0.0039450146   0.0027193276
20 14  -0.0014789912   0.0063286419   0.0901582303   0.0779164286  -0.0006270766
20 15   0.3462893415  -0.0912736355  -0.0218249664   0.0086614616  -0.0188720092
20 16  -0.0000157959  -0.0642238569   0.0000747915  -0.0001900373  -0.0009040314
20 17  -0.0000022901   0.0012602865  -0.0003093288   0.0000713495
21  1  -0.0039013319   0.1675453505  -0.0389320112  -0.0183276956  -0.0136510195
21  2   0.1161859840   0.2454937606  -0.1653492018  -0.0611643829  -0.0076325988
21  3   0.1145736901  -0.0132166610  -0.0222669358   0.0596571489  -0.0607366006
21  4   0.1699314209   0.0135112641  -0.1156114897   0.0034156164  -0.0390604473
21  5   0.0026714596   0.0838419535  -0.0735364673   0.0471893261  -0.0295395624
21  6  -0.0806898494   0.0163995197  -0.0698417486  -0.0135514020  -0.1052504230
21  7   0.0616684042   0.0106021915  -0.0914798062   0.0193848148  -0.0153109540
21  8   0.1245105628  -0.0163963696  -0.0000060149   0.0510143689   0.0003840129
21  9  -0.0822099229   0.0003651966  -0.0000537627  -0.1249555616   0.0147631419
21 10   0.0844902559  -0.0848702223   0.0012344142  -0.0508396926  -0.0089624515
21 11  -0.1569477103   0.0503691626   0.0298403860   0.0414205323  -0.0118419473
21 12  -0.0050704671  -0.0000189971   0.0007986130  -0.0371881279   0.0034823313
21 13   0.0108349112  -0.0637898864   0.0007431578  -0.0168376217  -0.0244204173
21 14   0.0208426329  -0.0050288567  -0.1567517824  -0.0160080259  -0.0018810993
21 15  -0.0749357233   0.0208215092   0.0064699578   0.0051736891  -0.0144515426
21 16  -0.0000139757  -0.0337855755   0.0000385370   0.0000810863   0.0007535575
21 17   0.0000134326  -0.0003379278   0.0000837646   0.0000088509
22  1   0.0036656785  -0.1096791264   0.0075983025   0.0115550678   0.0597250743
22  2  -0.1340450788  -0.0572996991   0.1481920280   0.0944211294  -0.0940952686
22  3   0.0518209123  -0.0445001059  -0.0628527028   0.0067454288  -0.0834406497
22  4   0.0521400765   0.0098048091  -0.1487398076   0.0339156516  -0.0218896837
22  5   0.0242495820  -0.0562597369  -0.0544922911   0.1415518477  -0.0225716537
22  6  -0.0765480296   0.0247087783  -0.0454323741  -0.0098677671  -0.0688722116
22  7  -0.0324417485  -0.0079973946  -0.0812367330   0.0065766903   0.0290683119
22  8  -0.1797679124  -0.0122051931   0.0003445827   0.0907736264   0.0003027464
22  9  -0.1138845346   0.0043988092   0.0002791204   0.0609138856   0.0557206109
22 10   0.3801346912  -0.0785446863   0.0009662120  -0.0144789127   0.0015733539
22 11   0.0524181617  -0.0153238160  -0.0220428409  -0.0225755893  -0.0554446277
22 12   0.0057713932  -0.0008765960  -0.0585265420   0.0762132632  -0.0057983173
22 13  -0.0091222521   0.0536539376   0.0000282714  -0.0827390217   0.0146870216
22 14  -0.0135142019   0.0050330462   0.1414519283   0.0149705878   0.0021000372
22 15  -0.0017775562  -0.0003082102  -0.0026260585  -0.0191463610   0.0629507907
22 16  -0.0000157261  -0.0251794357   0.0000431226   0.0000673396   0.0001570095
22 17  -0.0000163372   0.0019078587   0.0000073055   0.0000013165
23  1   0.0002256232   0.0003105662   0.1308605676   0.0509522166   0.0110569805
23  2   0.1904052643  -0.0186221267   0.0844276302   0.1707863308   0.0625984804
23  3  -0.0272105256  -0.0172803363  -0.2197885292  -0.1810234735  -0.0090509096
23  4   0.0004043576   0.0424594298  -0.0143307661   0.0029362069  -0.0055546413
23  5  -0.0317375387  -0.0003252841   0.0001275973  -0.0188792759   0.0036791442
23  6   0.0069761002   0.0050158658   0.0413592095  -0.0004242568  -0.0012967518
23  7  -0.1587621597  -0.0317964141  -0.1810979413   0.0243955181  -0.0205825449
23  8   0.1251060667  -0.0052144348  -0.0000486395   0.0020713000  -0.0000014195
23  9  -0.0011013388   0.0000166380   0.0000103761  -0.0020287181  -0.0120384916
23 10  -0.0918579941  -0.0004966588  -0.0000747365   0.0450104542   0.0022380712
23 11  -0.0316539506   0.0119891689   0.0011430304   0.0000309178   0.0202983120
23 12  -0.0014619844  -0.0006311771  -0.0543939658   0.1342950184  -0.0100450902
23 13  -0.0025028428   0.0154527688   0.0002244201  -0.0272271964   0.0738092053
23 14  -0.0626475710  -0.0059783955   0.0692229458  -0.1394976436   0.0030770123
23 15  -0.4182644869   0.1042885637   0.0131924651  -0.0556566338  -0.0260575110
23 16   0.0000046666   0.0156443835  -0.0000140943   0.0002169634   0.0009392874
23 17  -0.0000229544   0.0006882737   0.0000023358  -0.0000191471
24  1  -0.0049054356   0.1452630315  -0.0051787734  -0.0131251962  -0.0753051417
24  2   0.1033830977   0.2663647315  -0.1197751795  -0.0472189035   0.0445451918
24  3   0.0775238202   0.0403542642  -0.0861320157  -0.0210490975   0.1148242029
24  4  -0.0721056762   0.0014242771  -0.1127449629   0.0115952496   0.0515043952
24  5   0.0517749197   0.0674551258   0.0562770492   0.1204115707   0.0223850167
24  6   0.0830587628  -0.0432658042  -0.0827699057   0.0123995790   0.0826803842
24  7  -0.0320988590  -0.0074570921  -0.0585291099   0.0041496631   0.0209017820
24  8  -0.1215409135   0.0267333720  -0.0004485155  -0.1184775231  -0.0003602133
24  9   0.1456672097  -0.0057878948  -0.0001319218  -0.0662717353   0.0442758206
24 10   0.2978168638   0.1038274108  -0.0011677708  -0.0235068964   0.0005016866
24 11   0.0388116014  -0.0115894468  -0.0154593409  -0.0155210628  -0.0412695937
24 12   0.0041200033  -0.0006292353  -0.0435778652   0.0599839819  -0.0046371366
24 13  -0.0071688067   0.0422192879   0.0000040654  -0.0626759865   0.0123068992
24 14  -0.0112230683   0.0037662344   0.1077943798   0.0093540239   0.0016440952
24 15  -0.0072239548   0.0011892466  -0.0018000430  -0.0151878067   0.0468031284
24 16  -0.0000160932  -0.0186528482   0.0000288570   0.0000417694   0.0001189705
24 17  -0.0000121564   0.0014359778   0.0000004349   0.0000043086
25  1  -0.0080709500   0.0862730271   0.0727608113   0.0950468649   0.2148562082
25  2  -0.0475648387   0.0008922586   0.0280733484   0.1412745345  -0.0336798041
25  3   0.1060847670  -0.1244545548  -0.1005456754  -0.1115770774   0.0511795127
25  4  -0.2368567259   0.0250012717  -0.1563276484   0.0231047458  -0.0289018641
25  5   0.1035984807  -0.0206012773  -0.0562324066   0.2135662365   0.0125895431
25  6   0.0102487877   0.0312285612   0.0973168108   0.0018680433   0.0023032156
25  7   0.2134054580   0.0389296651   0.0832666912  -0.0032737852   0.0065144311
25  8  -0.0867987079  -0.0010926608   0.0001775420   0.0288701472  -0.0002445444
25  9   0.0628593493  -0.0022842019  -0.0002398136  -0.0047025522  -0.0250612658
25 10  -0.1532381846  -0.0021171892   0.0000048698  -0.0220856993  -0.0025313718
25 11  -0.0226575033   0.0067076323   0.0104489877   0.0156296467  -0.0172472098
25 12  -0.0010478187  -0.0000674920  -0.0043170735  -0.0472371563   0.0042038976
25 13   0.0015530282  -0.0096525171   0.0002268029  -0.0485815485   0.0060466904
25 14  -0.0040523468   0.0030320664   0.0545532928  -0.0115211351  -0.0040925177
25 15  -0.0086528822   0.0168337979   0.0447772396   0.2034925660   0.0001615074
25 16   0.0000066226   0.0001122461   0.0000017303  -0.0002893401  -0.0002295430
25 17   0.0000294524  -0.0002029179  -0.0000121648   0.0001272701
26  1   0.0000200567   0.0008197425  -0.0363430499  -0.0146474209   0.0016332481
26  2   0.1451326810  -0.0262322510   0.0827374313   0.0332197154   0.0171285391
26  3   0.0317897385  -0.0082467361  -0.0586927093   0.1123912689   0.0064156315
26  4  -0.0054172364  -0.0266359110  -0.0046849127   0.0007286189  -0.0222317766
26  5  -0.1704933679   0.0196772874   0.0142677162  -0.1351408053  -0.0221189512
26  6  -0.0264910764  -0.0393079336  -0.1782927767  -0.0020261476  -0.0113116944
26  7  -0.1608913457  -0.0264225578   0.0395829373  -0.0199395815   0.0519643389
26  8  -0.3280491121   0.0093469008   0.0000352245  -0.0017830500  -0.0000050663
26  9   0.0083337262  -0.0001131637  -0.0000847877  -0.0038098227  -0.0315379560
26 10  -0.2003539969  -0.0036424103   0.0000866153  -0.0508656769  -0.0050429270
26 11  -0.0200090725   0.0027950353   0.0455865204   0.0597732958  -0.0010223213
26 12  -0.0076036229   0.0000181895  -0.0035167360  -0.0715995315   0.0081990372
26 13   0.0034549429  -0.0217315364   0.0005193964  -0.0344595831  -0.0000066344
26 14   0.0015909203   0.0047334257   0.0919770311  -0.0070180188  -0.0045773083
26 15  -0.0010507287   0.0210483597   0.0651837951   0.2978222338   0.0000881996
26 16   0.0000040736   0.0001493453  -0.0000047904  -0.0004368486  -0.0003040635
26 17   0.0000102391  -0.0003914096   0.0001026982   0.0001193211
27  1   0.0108654286  -0.1129032759   0.0599875198  -0.0641289969  -0.2713386476
27  2   0.0275006059   0.1961756153   0.0396706035   0.0062825205   0.0031193484
27  3  -0.0432501173   0.1376335051  -0.1811598774  -0.1245982104  -0.0755963208
27  4   0.3118987045   0.0521224911  -0.1199587437   0.0294133860   0.0733352555
27  5   0.0583176400   0.0022914876   0.0436726808   0.1653364782   0.0144490284
27  6   0.0156726422   0.0179597786   0.0677886279   0.0010787032   0.0129314578
27  7   0.1578066216   0.0288586105   0.0631528984  -0.0027566595   0.0057035156
27  8  -0.0684883819   0.0082231464  -0.0001754051  -0.0441639955   0.0002852781
27  9  -0.0817032762   0.0033221982   0.0001659638   0.0010747706  -0.0194524266
27 10  -0.1185889371   0.0002432891   0.0000471290  -0.0174665130  -0.0019559635
27 11  -0.0170992487   0.0050110401   0.0082769004   0.0123143927  -0.0130389813
27 12  -0.0008539675  -0.0000560150  -0.0033562781  -0.0367940093   0.0033029900
27 13   0.0011984007  -0.0074331281   0.0001742395  -0.0368967574   0.0045431234
27 14  -0.0030217649   0.0023429571   0.0419316451  -0.0087214466  -0.0031072469
27 15  -0.0065859567   0.0128654446   0.0343002846   0.1558556164   0.0001215267
27 16   0.0000035621   0.0000862531   0.0000010577  -0.0002191305  -0.0001794442
27 17   0.0000221561  -0.0001605423  -0.0000095483   0.0000952140
28  1   0.0017756290   0.0219421192  -0.1416429424  -0.0463692057  -0.0420863228
28  2  -0.1907143222  -0.0044906592   0.1933397364  -0.0508706308  -0.0299634973
28  3   0.0789931079   0.1583935592  -0.0116776290   0.1647479350   0.0421923056
28  4  -0.1207428512   0.0263312294  -0.1974915835   0.0129344624  -0.0753554134
28  5  -0.1468383816   0.1317364347  -0.0763381955   0.1106596760   0.0031656527
28  6  -0.0375407589   0.0581235435   0.1647548998   0.0014718750   0.0061256454
28  7  -0.0785400110  -0.0139003109  -0.0885239430   0.0129407524  -0.0058923807
28  8   0.0178445294  -0.0163301352  -0.0001719318  -0.0321784697  -0.0002971287
28  9   0.0157062740  -0.0008083708  -0.0001479890   0.0265438374  -0.0116237015
28 10  -0.0801814429   0.0051976972  -0.0001792921   0.0955865772   0.0100210623
28 11   0.0584709880  -0.0161026407   0.0380331829   0.0505857611  -0.0034343146
28 12  -0.0062637779  -0.0007178972  -0.0234863463  -0.0041755078   0.0009065099
28 13  -0.0059533057   0.0357442054  -0.0003793994  -0.0300287399  -0.0078588133
28 14   0.0059553918  -0.0000084803  -0.0710913934   0.0440528277   0.0000955432
28 15  -0.0101374845   0.0052179470   0.0038992332   0.0127667692  -0.0000787715
28 16   0.0000089383  -0.0001692492  -0.0000274906  -0.0037824573  -0.0260154177
28 17  -0.0004609609  -0.0015195237  -0.0614379923   0.0078235689
29  1   0.0001274105   0.0020157899   0.0179115009   0.0062092770   0.0019242161
29  2   0.1582189127  -0.0235197383   0.0852465424   0.0756539266   0.0324275587
29  3   0.0122690084  -0.0063572266  -0.1058271478  -0.0047136310   0.0001217897
29  4  -0.0054920462   0.0474264482  -0.0329847636   0.0056210193  -0.0308205993
29  5  -0.2217352031   0.0203771949   0.0107537070  -0.0953307083   0.0058337517
29  6   0.0104934743   0.0097453069   0.0866499457   0.0001880826   0.0038114479
29  7  -0.0049652145   0.0064060999   0.3252520812  -0.0503160521  -0.0075737793
29  8   0.1301660984  -0.0032012621  -0.0000505810   0.0039257580   0.0000151736
29  9  -0.0050083613   0.0000849697   0.0001164767   0.0067484291   0.0378207461
29 10   0.2448943041  -0.0006347619   0.0000677217  -0.0264030055   0.0003322136
29 11   0.0567176227  -0.0205770527   0.0559816528   0.0733640248  -0.0051204456
29 12  -0.0087890484  -0.0000137733  -0.0050590872  -0.1731978536   0.0178304927
29 13   0.0075206008  -0.0483410117   0.0024445260   0.0050249296   0.0129322086
29 14  -0.0078540696  -0.0072793636   0.0511025261  -0.1823256718  -0.0044337160
29 15   0.1015178891  -0.0382037661  -0.0287013568  -0.0453552605   0.0000291105
29 16  -0.0000009368   0.0003683902   0.0000084885   0.0063533215   0.0449004485
29 17  -0.0002935216   0.0009081538  -0.0376017426   0.0048983184
30  1  -0.0025981558  -0.0291798067  -0.0632822265  -0.0377879702   0.0425545926
30  2   0.1080649054   0.1833051345  -0.1794939344  -0.0636597072  -0.1109578686
30  3   0.1295152900  -0.2092019105   0.1194269471   0.1560758235  -0.0388574461
30  4   0.1497105740   0.0288040593  -0.1368795695   0.0550322671   0.0543971608
30  5  -0.2220191788  -0.1411716659   0.1020886997   0.0931218112   0.0337453529
30  6   0.0928323499  -0.0084077346   0.0817257122   0.0006253388   0.0069557420
30  7  -0.0513351399  -0.0090430827  -0.0637290963   0.0096155847  -0.0049033776
30  8   0.0216642626   0.0201617132   0.0002460765   0.0430444758   0.0003476401
30  9  -0.0185019287   0.0007993196   0.0000993630  -0.0383668463  -0.0076296287
30 10  -0.0551282961   0.0028083673  -0.0000316556   0.0749126896   0.0078328797
30 11   0.0466162767  -0.0128909890   0.0303393012   0.0403875489  -0.0028271582
30 12  -0.0049801980  -0.0005441109  -0.0180999604  -0.0056134468   0.0008876742
30 13  -0.0044414387   0.0266417174  -0.0002784314  -0.0229053814  -0.0055934895
30 14   0.0042506902  -0.0000488350  -0.0537826841   0.0316121260   0.0000469604
30 15  -0.0067499218   0.0035421150   0.0026378939   0.0091480399  -0.0000599905
30 16   0.0000041637  -0.0001214432  -0.0000241249  -0.0027975342  -0.0191774357
30 17  -0.0003477388  -0.0011317673  -0.0464659230   0.0059187460
31  1   0.0047041285   0.0606806306  -0.1907588818  -0.0973543009  -0.1178506680
31  2  -0.2213084125  -0.0153629987   0.2322488017  -0.0796862038  -0.0402573323
31  3   0.0664969720   0.2608610918   0.0060876623   0.2228968111  -0.0315109795
31  4  -0.1621957864   0.0496752398  -0.2469134606   0.0244476005  -0.2831653621
31  5  -0.3599894954  -0.1540071140  -0.2955451374   0.1403574938   0.1636325117
31  6   0.5148802143  -0.0923680308   0.3170830376  -0.0854653612  -0.4566864189
31  7  -0.2465407051  -0.0443883710  -0.0784030587   0.0020829171   0.0029624547
31  8  -0.0851791549  -0.0506956809   0.0002653799  -0.1542773221   0.0006762478
31  9   0.0015918701   0.0010107388  -0.0000622521  -0.0134551125  -0.0164752450
31 10  -0.0819761312  -0.0278197802   0.0005255210  -0.2965984144  -0.0298654031
31 11  -0.2110924665   0.0600168509  -0.1612538280  -0.2135922605   0.0107964847
31 12   0.0270872272   0.0017391925   0.0497213532   0.1664608102  -0.0199231897
31 13  -0.0068217923   0.0355027878   0.0048668249   0.0335735602  -0.2844229730
31 14   0.2404625458   0.0011552307   0.2713981893  -0.3963605613  -0.0139716659
31 15   0.1191024930  -0.0461327060  -0.0360178352  -0.0563631072  -0.0009617850
31 16   0.0000796907  -0.0032303460  -0.0000085912  -0.0415044135  -0.2907444442
31 17   0.0035678468  -0.0009707597   0.4300733806  -0.0552518899
32  1   0.0001136715  -0.0031110706   0.0601840879   0.0236665184   0.0063420291
32  2   0.1677140060  -0.0218936384   0.0857193070   0.1046622917   0.0420902340
32  3  -0.0002495919  -0.0139721233  -0.1534808508  -0.0661689771   0.0030722487
32  4  -0.0059887192   0.0272553132   0.0101418744  -0.0022120988  -0.0091632385
32  5  -0.0936319610   0.0232403532   0.0159066861  -0.1503571598  -0.0292829205
32  6  -0.0418932714  -0.0433892968  -0.2106965293  -0.0003959827  -0.0029039502
32  7   0.2243576846   0.0476676633   0.3261460637  -0.0386964622  -0.0186375876
32  8   0.2558123987  -0.0060404670  -0.0001065762   0.0040063075  -0.0000110120
32  9  -0.0073663934  -0.0000377488   0.0001712063   0.0095420577   0.0457852958
32 10   0.2623522198   0.0220799805  -0.0005887938   0.4087740610   0.0447567086
32 11   0.3576055424  -0.1057326505   0.2800647923   0.3703596617  -0.0203757133
32 12  -0.0463775453  -0.0029195631  -0.0877639421  -0.3897999560   0.0431829674
32 13   0.0095128575  -0.0539000585  -0.0036917217  -0.0621839852   0.3224623427
32 14  -0.2702180638  -0.0080471622  -0.3145523367   0.2922793665   0.0111529811
32 15  -0.0456339142   0.0174637992   0.0100856059   0.0142734956  -0.0004278974
32 16   0.0000943470  -0.0016353163  -0.0000156178  -0.0589416143  -0.4135800698
32 17   0.0050042575  -0.0011075749   0.6240853914  -0.0802621624
33  1  -0.0064388327  -0.0698759211  -0.0796331574  -0.0042566944   0.1334744596
33  2   0.1301610832   0.1944498690  -0.2312275297  -0.0806361276  -0.1157040425
33  3   0.1694200270  -0.3288205794   0.1874952031   0.1964194555   0.0518633505
33  4   0.2052695002   0.0356588967  -0.1531591290   0.0546576140   0.2854660054
33  5  -0.1867553797   0.2275465236   0.3797453536   0.1568564743  -0.1095034329
33  6  -0.5312047533   0.2905365266   0.4527067093   0.1157688387   0.6270439050
33  7  -0.2687267460  -0.0477568745  -0.0649501112  -0.0007783489   0.0038841999
33  8  -0.0725099432   0.0704188981  -0.0002217597   0.2034622377  -0.0008757984
33  9   0.0040594910  -0.0013301873  -0.0001114629   0.0091865434  -0.0132892305
33 10  -0.0647671345   0.0025845200   0.0003104329  -0.2460153102  -0.0246365252
33 11  -0.1705095491   0.0483366375  -0.1275978664  -0.1690030290   0.0091861894
33 12   0.0213932526   0.0013874717   0.0390760822   0.1274862698  -0.0153226798
33 13  -0.0051411396   0.0266039514   0.0037869583   0.0259907124  -0.2180864203
33 14   0.1844422175   0.0007920223   0.2086887053  -0.3065817565  -0.0107533895
33 15   0.0931936425  -0.0360429433  -0.0279135678  -0.0433462844  -0.0007279324
33 16   0.0000574306  -0.0024416328  -0.0000109624  -0.0316440288  -0.2216015693
33 17   0.0027213314  -0.0007470123   0.3280201407  -0.0421411998
34  1   0.0021680532   0.4773167571  -0.1861362441  -0.0810530170  -0.0842566181
34  2  -0.1844061768   0.0162541839   0.1784880856  -0.0682437564  -0.0067377419
34  3   0.0943329253   0.4034891175  -0.0833362343   0.1913961286  -0.3257213015
34  4   0.1731614304   0.0490813106  -0.2232084289   0.0123211582  -0.2636876521
34  5  -0.3672376040  -0.4914917147  -0.1909018601   0.0951844518  -0.0092354724
34  6  -0.0833126307   0.0801102523   0.1882573317   0.0382777418   0.2615275522
34  7  -0.1305795194  -0.0237726284  -0.0966860029   0.0114671326  -0.0034724342
34  8  -0.0055027532   0.0007858670   0.0013264177   0.0273439428   0.0009411664
34  9   0.0062522502   0.0091078928   0.0005171668   0.0721124578  -0.0139121322
34 10  -0.0878311412   0.0036347211  -0.0002243985   0.0032794134  -0.0000862983
34 11  -0.0047710723   0.0014930208  -0.0043126490  -0.0051807292  -0.0054859429
34 12   0.0008106972  -0.0000843755  -0.0031048397  -0.0024648093   0.0006610995
34 13  -0.0008880110   0.0063811482  -0.0019230123   0.0002262544   0.0726108440
34 14  -0.0622009902   0.0032591643  -0.0728412436   0.1857041985   0.0053872043
34 15  -0.0622556647   0.0271080586   0.0293943335   0.0363997840   0.0003797730
34 16  -0.0001930594   0.0015690233   0.0003108152   0.0924097835   0.6414220081
34 17   0.0027374212   0.0197448006   0.4237128805  -0.0535851270
35  1   0.0000470559   0.0194451297  -0.0426200535  -0.0187644288  -0.0045281888
35  2   0.1438891429  -0.0258915679   0.0848571264   0.0323034208   0.0181906293
35  3   0.0307661977   0.0094007824  -0.0381089322   0.0752880470  -0.0125248424
35  4   0.0025105009   0.0775762335  -0.0938029499   0.0165212866  -0.0623860329
35  5  -0.3912505703   0.0018926479   0.0015927636  -0.0139609073   0.0535101385
35  6   0.0792420176   0.0849078909   0.4996651179   0.0024213785   0.0224164019
35  7  -0.3240168027  -0.0531469084   0.3324658767  -0.0718563959   0.0083161078
35  8  -0.0275634010   0.0012277105   0.0000584023   0.0077740825   0.0000525641
35  9  -0.0032743289   0.0005333334   0.0000675906   0.0056878925   0.0348325634
35 10   0.2768018663  -0.0309325038   0.0009279377  -0.6242838001  -0.0618807498
35 11  -0.3471704200   0.0933339353  -0.1925577514  -0.2516252235  -0.0185672378
35 12   0.0328022687   0.0016534836   0.1130788808  -0.2182535189   0.0184938606
35 13   0.0439895735  -0.2532927282  -0.0076923101   0.1907337751   0.5177760374
35 14  -0.4386750834   0.0073660375   0.0450853258   0.6545098473   0.0350007143
35 15  -0.2676299558   0.0889979158   0.0587269217   0.0417782975   0.0006069089
35 16  -0.0000011116   0.0013050401  -0.0001125926  -0.0244932224  -0.1711358259
35 17  -0.0010174223  -0.0051532993  -0.1173542907   0.0146035625
36  1  -0.0031404304  -0.6305579912  -0.0274256006  -0.0011447607   0.0964325080
36  2   0.0944993132   0.1549950780  -0.1599865644  -0.0564651969  -0.1468721914
36  3   0.1159579324  -0.5305004931   0.2402730361   0.1502092223   0.4475824481
36  4  -0.2398098177   0.0113645469  -0.1282534768   0.0604455522   0.2940749543
36  5   0.0091277640   0.6839226687   0.2513753691   0.1470021654   0.0681985526
36  6   0.1795597758  -0.0094774092   0.2035027702  -0.0476786485  -0.3272181252
36  7  -0.1011874817  -0.0186187915  -0.0583776063   0.0051892634  -0.0021698782
36  8  -0.0067831163  -0.0010694496  -0.0017131619  -0.0352416716  -0.0012995591
36  9  -0.0050128886  -0.0122912133  -0.0008049188  -0.0999390779  -0.0077067475
36 10  -0.0494219531  -0.0060333732   0.0003207985  -0.0167922860  -0.0019968136
36 11  -0.0138158075   0.0039898836  -0.0092920451  -0.0115670209  -0.0054727230
36 12   0.0016505916  -0.0000490480   0.0009824856  -0.0050903046   0.0006288352
36 13   0.0002571478  -0.0003398592  -0.0016609696   0.0041657126   0.0642555550
36 14  -0.0549747258   0.0026862817  -0.0535821436   0.1517048356   0.0047156939
36 15  -0.0516061340   0.0218628045   0.0227276087   0.0282460948   0.0002856574
36 16  -0.0001469733   0.0012136945   0.0002286583   0.0692240555   0.4805256440
36 17   0.0020502713   0.0147913105   0.3175958962  -0.0401690956
37  1   0.0034282855  -0.2052883906  -0.0797681823  -0.0462945699  -0.0373683765
37  2  -0.2002003883  -0.0587165201   0.2241732510   0.0042735771  -0.0911564771
37  3   0.0400393950   0.0008608190   0.0100710389   0.1186958376   0.1329366498
37  4  -0.2672843446  -0.0006077794  -0.1202773699   0.0496303964   0.0051387659
37  5  -0.1439663554  -0.1480765767   0.0360006807   0.0049211201  -0.0351256164
37  6  -0.0886856426  -0.0110177010  -0.1666083244   0.0173284692   0.1191679341
37  7   0.1498909791   0.0308604389   0.0826986400  -0.0013386924  -0.0398797537
37  8   0.3537239409  -0.0621773539  -0.0016979720  -0.4633229130  -0.0018599183
37  9   0.3686999175  -0.0179089673  -0.0015644327  -0.4540784313   0.0086081769
37 10   0.0148615502  -0.3727545319   0.0047831450  -0.1308734445  -0.0233948979
37 11  -0.3911310061   0.1206197711   0.0487407144   0.0152265435   0.4550536347
37 12  -0.0276881442  -0.0039700008  -0.2398363797   0.0168370832   0.0063999153
37 13  -0.0450344596   0.2611249320  -0.0003852009  -0.1097527273   0.0826566218
37 14  -0.0678828471   0.0014012005   0.0631549401   0.0171994943  -0.0014548609
37 15   0.2636492459  -0.0730125377  -0.0252885193  -0.0169535199   0.1973294683
37 16   0.0001678338   0.5076599297  -0.0005932064  -0.0000006693  -0.0018115731
37 17  -0.0000445480   0.0001899612   0.0009168234  -0.0002275966
38  1   0.0002323752  -0.0002191822   0.1536982028   0.0598406668   0.0115751047
38  2   0.1955714007  -0.0174666205   0.0857518044   0.1879792328   0.0689941321
38  3  -0.0353241148  -0.0179903107  -0.2434157607  -0.2187008990  -0.0076861355
38  4  -0.0033066656   0.0446024995  -0.0196756936   0.0041843838   0.0007677671
38  5   0.0050229894  -0.0047891525  -0.0013143958   0.0205732547   0.0063022048
38  6   0.0103565564   0.0077441414   0.0415680915   0.0000544884   0.0008886760
38  7  -0.1999826015  -0.0428745154  -0.3694381195   0.0519789848  -0.0145615658
38  8   0.0471342977  -0.0027919298  -0.0000401565   0.0016661806   0.0000001465
38  9  -0.0007033897   0.0000684871   0.0000647868   0.0052516613   0.0107633658
38 10   0.0708186860   0.0098281479  -0.0002367229   0.0873304656   0.0080241081
38 11   0.0206126372   0.0028986898   0.0028952161   0.0794586479  -0.6737285368
38 12   0.0265541677   0.0039299268   0.2509253784  -0.1678813504   0.0065477931
38 13   0.0492032186  -0.2872985179   0.0010796631   0.0882592505  -0.1493227311
38 14   0.1248829501  -0.0026746609  -0.2589706222   0.0514552209  -0.0025272671
38 15  -0.0280521228   0.0135511496   0.0150867495   0.0372154869   0.2577987614
38 16   0.0002145442   0.6750294314  -0.0007815916  -0.0001336103  -0.0031773691
38 17  -0.0000996417   0.0000145405   0.0019806176  -0.0004221912
39  1  -0.0047659070   0.2671937702  -0.0691720929  -0.0074970027   0.0415785519
39  2   0.1399732285   0.2587203970  -0.2203405947  -0.0792552577  -0.0105192157
39  3   0.1569060526  -0.0101062821  -0.0002275197   0.1090300595  -0.1577761789
39  4   0.3447131245   0.0169580495  -0.1172701940  -0.0157502196  -0.0192024992
39  5   0.0092699391   0.2218873232  -0.0371227320   0.0138257929   0.0051735292
39  6   0.0562899924  -0.0491592406  -0.1291769767  -0.0244463676  -0.1678689867
39  7   0.1288032842   0.0254932323   0.0326592748   0.0043460155  -0.0286848829
39  8   0.2555368774   0.0595885124   0.0021309078   0.6028521168   0.0023882097
39  9  -0.4863717372   0.0232157945   0.0020531030   0.5808573813  -0.0119876398
39 10  -0.0884026185   0.4584525232  -0.0056946860  -0.1570239071  -0.0213894809
39 11  -0.3132295311   0.0954566265   0.0390049750   0.0124020121   0.3615450111
39 12  -0.0219773020  -0.0030423968  -0.1849865500   0.0138689392   0.0047596043
39 13  -0.0351097247   0.2036365320  -0.0003336143  -0.0834397295   0.0627715048
39 14  -0.0515330720   0.0012527157   0.0497384884   0.0139336529  -0.0010817785
39 15   0.2030128429  -0.0562211354  -0.0193259188  -0.0127087669   0.1516863706
39 16   0.0001245476   0.3905220068  -0.0004607422  -0.0000143106  -0.0014014262
39 17  -0.0000333531   0.0001420155   0.0007076120  -0.0001732386
40  1   0.0052535671  -0.1718473561   0.0322510980   0.0104471165   0.0649729741
40  2  -0.1373924478  -0.0791667341   0.1600807218   0.1173227031  -0.1188047605
40  3   0.0361905592  -0.0903362257  -0.0595640133  -0.0107764009  -0.1396855463
40  4   0.1023900448   0.0115870101  -0.1454491292   0.0421234565  -0.0950849431
40  5   0.0233760486  -0.1502498236  -0.1776178416   0.1312590550  -0.0774078816
40  6  -0.2692983464   0.1122174584   0.0335460947  -0.0278482045  -0.2017055567
40  7  -0.0796142494  -0.0161560986  -0.0195573196  -0.0074833389   0.0365784969
40  8  -0.2097330576  -0.0149017032  -0.0004244822  -0.1197474508  -0.0003477491
40  9   0.0781922004  -0.0082389404  -0.0011688102  -0.3467406602   0.0608900861
40 10   0.3955430137   0.4754481429  -0.0061152602   0.0107171532   0.0048174856
40 11   0.0462832321  -0.0099099386  -0.0807567405  -0.1040106800  -0.0192695109
40 12   0.0152617363  -0.0037382308  -0.1850616949  -0.0150839013   0.0032398421
40 13   0.0209818362  -0.1227265202   0.0010533494  -0.1138445484  -0.0461190970
40 14   0.0374705054   0.0086698792   0.0967550089   0.0990859303   0.0005175953
40 15   0.2373583738  -0.0605081114  -0.0120916007   0.0002409680  -0.7095877261
40 16   0.0001694014   0.2698105614  -0.0004785455  -0.0000988925  -0.0003126930
40 17  -0.0000132456  -0.0072503689   0.0002396913  -0.0001524478
41  1   0.0003569965  -0.0004739800   0.1869384401   0.0726782929   0.0145940125
41  2   0.2054680929  -0.0161920391   0.0845884198   0.2160260545   0.0772985421
41  3  -0.0463505659  -0.0220586872  -0.2782948520  -0.2674997769  -0.0149439763
41  4   0.0039686688   0.0363314067  -0.0052190788   0.0017046832   0.0023756855
41  5   0.0531515395  -0.0142223175  -0.0094932249   0.0117931772   0.0071546454
41  6   0.0102202597   0.0148172099   0.0997706021  -0.0013873850  -0.0061238991
41  7  -0.3356663475  -0.0624738654   0.0452921074  -0.0272232812   0.0074588641
41  8  -0.0016636211  -0.0018560743  -0.0001103100  -0.0058512534  -0.0000276076
41  9   0.0097072574  -0.0007585213  -0.0000457141  -0.0216316767  -0.0271540854
41 10  -0.2233011103   0.0352898218  -0.0008480199   0.3256348376   0.0251116864
41 11  -0.0344821818   0.0291897544  -0.2392849338  -0.3361109910   0.1928920343
41 12   0.0363799361  -0.0121124587  -0.5620793606  -0.2155630883   0.0251098419
41 13   0.1291587474  -0.7558247990   0.0047464890  -0.0955497106  -0.1683307638
41 14   0.1407508966   0.0016908782  -0.2209900206   0.1460976051  -0.0035397756
41 15   0.3939962038  -0.0997805038  -0.0177347687   0.0185941261   0.2857037902
41 16  -0.0000653528  -0.1121252510   0.0002019929  -0.0000258908   0.0002432251
41 17  -0.0000013308   0.0024735869  -0.0001171402   0.0001080442
42  1  -0.0069707721   0.2283361494  -0.0078732877   0.0001722910  -0.0803761980
42  2   0.1160133075   0.2968814887  -0.1355637003  -0.0532920295   0.0855048937
42  3   0.0880267810   0.0993268278  -0.1222325989  -0.0446098405   0.1871647693
42  4  -0.1376798386  -0.0041733840  -0.1123870455  -0.0000715787   0.1542478217
42  5   0.0993803834   0.1862109880   0.2165050099   0.1515079138   0.0977074415
42  6   0.3434466684  -0.1559859072  -0.1603278675   0.0360235315   0.2584220478
42  7  -0.0644177749  -0.0131832146  -0.0203783755  -0.0048624851   0.0268614300
42  8  -0.1533876161   0.0323128375   0.0005512891   0.1603288732   0.0005021468
42  9  -0.1070521971   0.0107876583   0.0017971199   0.4719160646   0.0346574056
42 10   0.2428957660  -0.6216996175   0.0079376499   0.0930581406   0.0084153784
42 11   0.0405278760  -0.0073446212  -0.0725370056  -0.0936976804  -0.0137167841
42 12   0.0135351970  -0.0032018484  -0.1564360957  -0.0218818482   0.0034168732
42 13   0.0197393833  -0.1153990522   0.0009016354  -0.0868243493  -0.0396849912
42 14   0.0323910586   0.0066594544   0.0663383528   0.0788245840   0.0002959409
42 15   0.1900305662  -0.0484459181  -0.0095344480   0.0010306939  -0.5277809855
42 16   0.0001206723   0.2006428637  -0.0003598477  -0.0000873159  -0.0002333210
42 17  -0.0000093501  -0.0054111042   0.0001794106  -0.0001095251
43  1   0.0031679831  -0.0001988282   0.0877531321   0.0784651676   0.1887598649
43  2  -0.0681662059  -0.0494439586   0.0701496622   0.1760712617  -0.0896712631
43  3   0.0679987893  -0.1008041398  -0.1239492805  -0.1001529336  -0.2542231171
43  4   0.2216514470   0.0044055615  -0.1287233073   0.0018165451  -0.1230759442
43  5   0.1992063828   0.0499770238  -0.2182107312   0.1102927193  -0.0089986209
43  6  -0.0182024351   0.0014928233  -0.0129379942  -0.0106648831  -0.0450807675
43  7  -0.3413967599  -0.0639169667   0.0488936527  -0.0291797779  -0.0137116251
43  8   0.3149077179   0.5892193610  -0.0004114699  -0.2494947437   0.0012235684
43  9   0.0821260384   0.0000849328   0.0006643732   0.0766614560   0.0092071572
43 10   0.0077500300  -0.0437560142   0.0001633631   0.1578546346   0.0072910409
43 11  -0.0941684505   0.0345566993   0.0028724795  -0.0228679040   0.2484207334
43 12  -0.0115509459   0.0081284504   0.4947115463  -0.1628949293   0.0020531666
43 13   0.0279557884  -0.1618399591   0.0046814575  -0.7014396804  -0.0262656174
43 14   0.0132902501   0.0133620506   0.3250178301   0.1129210560   0.0127614218
43 15   0.1158395493  -0.0579193849  -0.0891637150  -0.3877297888   0.0060463693
43 16  -0.0000030791  -0.0023628767   0.0000190327   0.0006907168   0.0042960340
43 17   0.0013836084  -0.2024142354   0.0023778504  -0.0017892833
44  1   0.0001715898   0.0012312191   0.0919722690   0.0362197962   0.0108546282
44  2   0.1809237461  -0.0204788475   0.0830376344   0.1406064975   0.0519702985
44  3  -0.0135893492  -0.0155817951  -0.1731038950  -0.1198513816  -0.0088495231
44  4   0.0009604108   0.0535292270  -0.0289580527   0.0050647889  -0.0159799380
44  5  -0.0979873882   0.0094417140  -0.0003923597  -0.0153168773   0.0040930271
44  6   0.0039940793   0.0082476866   0.0259693500   0.0003157917   0.0008760607
44  7   0.0234833927   0.0002541656  -0.3415747677   0.0625224602  -0.0208722012
44  8   0.0452876624   0.0108215004  -0.0000064156  -0.0065742542   0.0000315596
44  9   0.0010564006   0.0001855539   0.0000165787   0.0014447676   0.0052398773
44 10   0.0627658589  -0.0059227739   0.0001945788  -0.0727780859   0.0006721988
44 11   0.2264223830  -0.0818780626   0.0436131509   0.0356588583   0.1761522533
44 12  -0.0139773084   0.0036052364   0.1838884608   0.0351428477  -0.0061311477
44 13   0.0177376320  -0.1031491703   0.0016436678  -0.1747633355  -0.0409283265
44 14   0.0316431988   0.0048989469   0.0627673286   0.0784805555   0.0033584701
44 15   0.1320215226  -0.0397639513  -0.0241782206  -0.0768421907  -0.0088625969
44 16  -0.0000083289   0.0042831015  -0.0000812622  -0.0020640583  -0.0213900086
44 17  -0.0067543080   0.9661706532  -0.0115856743   0.0080131139
45  1  -0.0040711504   0.0027651650   0.0562316979  -0.0354126684  -0.2353414391
45  2   0.0637875648   0.2648848911  -0.0165159854  -0.0140174873   0.0864942754
45  3  -0.0034083169   0.1048177134  -0.1739112594  -0.1460787555   0.3267218139
45  4  -0.2883451803  -0.0084624996  -0.0706760627   0.0417282010   0.2123388322
45  5   0.0621809017  -0.1018839895   0.2620331312   0.1203585694   0.0066794560
45  6   0.0231953448  -0.0178703616  -0.0243508703   0.0108854948   0.0457851374
45  7  -0.2429508270  -0.0449369124   0.0408876342  -0.0216428834  -0.0009566543
45  8  -0.0131741826  -0.7860448488   0.0003274084   0.3346418511  -0.0016032640
45  9  -0.1137497956  -0.0006404550  -0.0006658995  -0.1008873075   0.0088634542
45 10   0.0115877747   0.0661479295  -0.0008313592   0.1131450139   0.0052002854
45 11  -0.0688599373   0.0251062515   0.0036601587  -0.0160176921   0.1938638381
45 12  -0.0092289992   0.0062875723   0.3811566398  -0.1218722872   0.0012764923
45 13   0.0215935726  -0.1249389700   0.0035861804  -0.5372078671  -0.0204678659
45 14   0.0104794814   0.0102876681   0.2488690266   0.0869912996   0.0097642068
45 15   0.0898949668  -0.0445665581  -0.0679285414  -0.2949298083   0.0043945772
45 16  -0.0000059946  -0.0017108783   0.0000112964   0.0004817867   0.0029238836
45 17   0.0009461694  -0.1387778661   0.0016223352  -0.0012310440
46  1  -0.0014706845  -0.0235465381   0.1255850457  -0.1134497796   0.1019501460
46  2  -0.0911806621   0.1249806932   0.0320244780  -0.0756921212   0.1108493631
46  3   0.1845566480   0.0133174783  -0.0773431705   0.0445702012   0.0162194470
46  4   0.0197179585   0.0796134650   0.0887370213  -0.2374127178   0.0190189532
46  5  -0.0543906807  -0.0061784670  -0.0109365736   0.0807083179  -0.0340723608
46  6   0.0252105632   0.0839012193  -0.0236183582  -0.0609383054   0.0101143197
46  7   0.0191514707  -0.0886810832  -0.0286560413  -0.1904532755  -0.0127829950
46  8   0.0049872141  -0.0001044189  -0.0381653066   0.0007575931  -0.0026583021
46  9  -0.0050307520  -0.1677281096   0.0292682931   0.0002068118  -0.0866425753
46 10   0.0108006193  -0.0001136199   0.0139365893  -0.0085526061   0.0902872334
46 11   0.0138675866   0.0659255941  -0.0215778758   0.0268059872   0.0041926807
46 12   0.0662592052  -0.0463065028   0.0016109601   0.0165320097   0.1550287399
46 13  -0.0711738391  -0.0126398318  -0.1154034637  -0.0006856335  -0.0044322759
46 14  -0.0017774824  -0.1750259738   0.0052849697   0.0023139597   0.0118485161
46 15  -0.0012284796   0.0114694773  -0.0964676179   0.0231639157  -0.0000077769
46 16   0.0012863388   0.0000033408   0.0009528632   0.0005631897   0.0000730110
46 17  -0.0191470555  -0.0001461646   0.0002137471  -0.0003094310
47  1  -0.0001061080   0.0005959314   0.1402209157   0.0517817304  -0.0047753465
47  2   0.0664802033  -0.0394149672   0.0799524372  -0.2055759693  -0.0617052764
47  3   0.1341066266   0.0231576308   0.1084932212  -0.0172901263   0.0006982298
47  4   0.0018933256  -0.0709418080  -0.0054842405   0.0018113061  -0.0004894622
47  5  -0.0139974758   0.0010109537  -0.0015556727   0.0402552076  -0.0139807041
47  6  -0.0032762609  -0.0321050524   0.0058597416  -0.0018090713  -0.0000537397
47  7  -0.0005295130  -0.0803485764   0.0582543118   0.3034180995  -0.1035442460
47  8  -0.0194253642   0.0004361341  -0.0002900368  -0.0000405836   0.0009320305
47  9   0.0000110858   0.0015000841  -0.0001866537  -0.0000727513  -0.1071214969
47 10   0.0208449440   0.0001916078  -0.0021068924   0.0107809795  -0.0831193952
47 11  -0.0638089224  -0.2339380708  -0.1111144786   0.0894223917   0.0066697874
47 12   0.0101623351  -0.0316020012   0.0002955513  -0.0008846619  -0.0087303397
47 13   0.0077089651   0.0010427916  -0.1125264196  -0.0008877922   0.0239562109
47 14   0.0305434685  -0.0970557038   0.0045479913   0.0044509324  -0.0348848109
47 15  -0.0319559378  -0.0909197458  -0.0793173409   0.0255540071  -0.0000039756
47 16   0.0003130198   0.0000116718   0.0008000379  -0.0009092733   0.0002919509
47 17   0.0701481531   0.0004734409  -0.0003726940   0.0009422416
48  1   0.0019550599   0.0319485099   0.0028033564   0.1994280204  -0.1350605010
48  2  -0.0081329211   0.0171486330   0.0311711668   0.0094437186  -0.2805191394
48  3  -0.0255184837  -0.0153765121  -0.0574727938   0.0361274185  -0.0160813759
48  4  -0.0264736115   0.0640379336   0.1787038063   0.2531224387  -0.0411534559
48  5  -0.0192396171   0.0151076344   0.0124628769   0.0596562421   0.0817132091
48  6  -0.0252654385  -0.0146377235  -0.0096748287   0.0859244785  -0.0145122536
48  7   0.0150077160  -0.0708727859  -0.0223027256  -0.1491019828  -0.0093341943
48  8   0.0041530680  -0.0002687365   0.0490248955  -0.0008505082   0.0023108255
48  9   0.0064796431   0.2140283777  -0.0394469896  -0.0004919992  -0.0593944866
48 10   0.0073667802  -0.0002299431  -0.0150751916  -0.0066970228   0.0702772650
48 11   0.0108171679   0.0512043446  -0.0170605124   0.0210522223   0.0032781228
48 12   0.0512641141  -0.0355558779   0.0012341437   0.0128414098   0.1201543989
48 13  -0.0555903147  -0.0098909982  -0.0910425102  -0.0005432631  -0.0034300818
48 14  -0.0013279743  -0.1371329701   0.0041856662   0.0018041714   0.0092018566
48 15  -0.0009508928   0.0088541337  -0.0753294947   0.0180896548  -0.0000008658
48 16   0.0010189424   0.0000002727   0.0007504040   0.0004503456   0.0000621805
48 17  -0.0149356161  -0.0001143405   0.0001694383  -0.0002457034
49  1  -0.0065635129  -0.0003588181   0.1015450107  -0.0686201915  -0.0394788861
49  2  -0.1048600134   0.0960347576   0.0583107298  -0.0582287292   0.0787775353
49  3   0.1623559598  -0.0405978087  -0.0603874916   0.0349932689  -0.0780400574
49  4  -0.0439834797   0.0485539621   0.1235627868  -0.0516248766  -0.0499990754
49  5  -0.0287637677   0.0071688121   0.0458694104   0.0713511628   0.0079755136
49  6   0.0059240435   0.0487795119  -0.0162648509  -0.0164364669   0.0003734442
49  7   0.0097592205  -0.0260285459  -0.0323859763  -0.1959413119  -0.0301609446
49  8  -0.0006817573  -0.0001962716  -0.0610985845   0.0006467578   0.0380069637
49  9   0.0142099819   0.4510947405  -0.0002928366  -0.0009524861   0.1145761353
49 10  -0.0183169525   0.0000426476   0.0116675906   0.0034086685  -0.0582118801
49 11   0.0066976894  -0.0004691267  -0.0432972660   0.0220283614  -0.0013383055
49 12  -0.1005640061   0.0198877654  -0.0016121135  -0.0283042396  -0.2894068878
49 13   0.0303715673   0.0046328420  -0.0933496413  -0.0009122661   0.0105568066
49 14   0.0092798368   0.0379703138  -0.0022101241  -0.0044644058  -0.0316246587
49 15  -0.0020406470  -0.0695655412   0.3296048357  -0.0681875530   0.0000105655
49 16   0.0009984936  -0.0000113731   0.0000498813  -0.0002239480  -0.0002606291
49 17   0.0007779290   0.0000335932  -0.0001710036   0.0001907126
50  1   0.0003014429   0.0000004831   0.0189906809   0.0127055914   0.0017966428
50  2   0.0858702540  -0.0359222223   0.0815958884  -0.1454416781  -0.0412496278
50  3   0.1077145948   0.0124114536   0.1326799478  -0.1219777633  -0.0053666925
50  4   0.0047078685  -0.2312671061  -0.0238467031   0.0048264548  -0.0012693898
50  5  -0.0170252325   0.0013787580  -0.0003467183   0.0234576720   0.0130465555
50  6   0.0013315850   0.0289452996  -0.0172544351   0.0010058260  -0.0006673920
50  7  -0.0299538892   0.1273905506   0.0183785797   0.0649906049  -0.2984316850
50  8  -0.0406104303   0.0008972623   0.0008127168  -0.0001209685   0.0023461612
50  9  -0.0001015554  -0.0008300320   0.0018846866   0.0001194301   0.1094166262
50 10  -0.0138970974   0.0000646225   0.0004559508   0.0013772828   0.0088539542
50 11  -0.0014326073   0.0059057480   0.0447418746  -0.0270145394   0.0001407409
50 12   0.0703138173  -0.0044106417   0.0017866610   0.0313774575   0.2911321443
50 13  -0.0472333543  -0.0081909667   0.0490271605   0.0002577811  -0.0030781302
50 14  -0.0058212785  -0.1459779512   0.0029991699  -0.0057492983  -0.0013126421
50 15   0.0447240461   0.0517923739   0.5549209071  -0.1276656828   0.0000081760
50 16   0.0000375771   0.0000129948   0.0000973812  -0.0007662658  -0.0005382557
50 17  -0.0004260661   0.0000079424  -0.0003073241  -0.0001058135
51  1   0.0085365245   0.0017161404   0.0071370137   0.1334159389   0.0493099410
51  2   0.0127754908   0.0548838971  -0.0022620175  -0.0025319513  -0.2358334553
51  3  -0.0016164700   0.0521782878  -0.0728480292   0.0233813486   0.1045863328
51  4   0.0568633168   0.0498007740   0.1130413058   0.0169328565   0.0485042516
51  5  -0.0490227068  -0.0023449571  -0.0597748711   0.0368747141   0.0240100000
51  6  -0.0007074340   0.0213673840  -0.0118032279   0.0268174145  -0.0015039715
51  7   0.0066629814  -0.0159056269  -0.0244350220  -0.1470361812  -0.0235729091
51  8  -0.0008070467   0.0002200295   0.0787562689  -0.0008362198  -0.0486376310
51  9  -0.0185033571  -0.5862006056   0.0038614839   0.0014224076   0.0864148888
51 10  -0.0142332251  -0.0000903920  -0.0190547268   0.0023597571  -0.0435047647
51 11   0.0056029672   0.0010894965  -0.0338467972   0.0172892464  -0.0010182593
51 12  -0.0781241993   0.0151507577  -0.0012508972  -0.0219582915  -0.2247703737
51 13   0.0235609666   0.0035801417  -0.0730190554  -0.0007148406   0.0082033808
51 14   0.0072316544   0.0297885302  -0.0016935815  -0.0034515837  -0.0244839612
51 15  -0.0016993121  -0.0542245215   0.2545288064  -0.0526193241   0.0000120809
51 16   0.0007779159  -0.0000102003   0.0000385608  -0.0001666075  -0.0001983138
51 17   0.0005940406   0.0000255147  -0.0001296302   0.0001468502
52  1  -0.0198838813  -0.0140761442  -0.0233786346   0.0145088149  -0.0716550450
52  2  -0.0730650853   0.0818530812   0.0272788057   0.0038245481   0.0604139005
52  3   0.1577661871  -0.0416761206  -0.0487354234  -0.0328579616  -0.0437349513
52  4  -0.0123142704  -0.0398525354   0.0662587524  -0.0767498011  -0.2093322159
52  5   0.0348453260   0.0027169379   0.1550049609  -0.0027587678   0.0582183627
52  6  -0.0054182674   0.0541191065  -0.0141851982   0.0835363475  -0.0145055317
52  7   0.0074062747  -0.0014994400  -0.0186539094  -0.0520040986   0.2389146986
52  8   0.0275838097  -0.0005183342  -0.0092503929   0.0002981618   0.0379253720
52  9  -0.0014211060  -0.1584164346  -0.0234313520   0.0007747070   0.1585822350
52 10  -0.0231187903   0.0000013998  -0.0077555924   0.0101994823  -0.0830246581
52 11  -0.0679248268  -0.2498144135   0.0603205907  -0.0407906790  -0.0021026358
52 12   0.0627301773   0.0061007874  -0.0007136725  -0.0029284676  -0.0026465995
52 13  -0.0198612756  -0.0024012713   0.0646555730  -0.0000969945  -0.0187781549
52 14  -0.0198868597  -0.1460202661   0.0035576025   0.0029834570   0.0088734797
52 15  -0.0075777020  -0.0163145173  -0.0381371978   0.0121946347  -0.0000061634
52 16   0.0000122559   0.0000124913   0.0003765557   0.0003113999  -0.0000221464
52 17   0.0002910936  -0.0000148653   0.0000471656   0.0000958693
53  1   0.0004401112  -0.0001275058  -0.0178831072   0.0001677544   0.0038467716
53  2   0.0923429331  -0.0347242004   0.0822709572  -0.1252008748  -0.0342863148
53  3   0.0987501846   0.0091271400   0.1390325519  -0.1485739827  -0.0070646448
53  4   0.0051327532  -0.2518203358  -0.0298554978   0.0055932870   0.0001895353
53  5  -0.0088845684   0.0006126893  -0.0005456972   0.0107423432   0.0051391671
53  6   0.0001292645   0.0089475761  -0.0055851771  -0.0011363922  -0.0000576074
53  7  -0.0303207585   0.1521040923   0.0046622780   0.0303200201  -0.0431549499
53  8  -0.0042525633   0.0000663015   0.0008366891   0.0000014043   0.0002012555
53  9   0.0000247974   0.0024162882  -0.0011617980  -0.0000473019  -0.0356270191
53 10   0.0050110462  -0.0002237799   0.0029879682  -0.0110008791   0.1170467696
53 11   0.0119002251   0.0706677746   0.0516541666  -0.0236112396   0.0017181581
53 12   0.1085795449  -0.0448197582  -0.0006426765  -0.0406926534  -0.4540471331
53 13   0.0199723351   0.0036559855  -0.0124456200   0.0000834537  -0.0596080778
53 14  -0.0700778728  -0.1195711397   0.0010009102   0.0018493095   0.0226860281
53 15  -0.0418636000  -0.1376687853  -0.0888468341   0.0438292312  -0.0000134413
53 16   0.0000745615  -0.0000007066   0.0003605760   0.0013202987   0.0000978713
53 17  -0.0000922809  -0.0000274624   0.0002466595   0.0006901707
54  1   0.0268170596   0.0186156340  -0.0113469582  -0.0318627055   0.0993031321
54  2   0.0017115870   0.0783192347   0.0402036131   0.0103311692  -0.1809774963
54  3  -0.0363857603   0.0372816116  -0.0523376199  -0.0286254563   0.0524257886
54  4   0.0190664614  -0.0251899911   0.0977605534   0.0646934043   0.2590974055
54  5  -0.0814938077  -0.0007315056  -0.1946710251  -0.0641340709  -0.0054647937
54  6   0.0227204975   0.0897833350  -0.0191934069  -0.0994253420   0.0182517681
54  7   0.0067321393  -0.0047479069  -0.0151834711  -0.0442737484   0.1822961902
54  8   0.0208072903  -0.0004599961   0.0101562801  -0.0004116493  -0.0503352524
54  9   0.0014778065   0.1971545327   0.0334495306  -0.0006670838   0.1230960486
54 10  -0.0178327310   0.0003485806   0.0080218061   0.0080932138  -0.0652808346
54 11  -0.0528881264  -0.1944283655   0.0467435253  -0.0316217881  -0.0016162562
54 12   0.0486485041   0.0048239921  -0.0005491302  -0.0021203941  -0.0011111392
54 13  -0.0156607276  -0.0019144779   0.0505991697  -0.0000684575  -0.0145114523
54 14  -0.0153594910  -0.1137827548   0.0028067255   0.0023109002   0.0068308642
54 15  -0.0058111378  -0.0125557289  -0.0295674411   0.0094608410  -0.0000016787
54 16   0.0000138259   0.0000080049   0.0002937446   0.0002377597  -0.0000128490
54 17   0.0002284398  -0.0000115197   0.0000374055   0.0000700878
55  1  -0.0050893052  -0.0276108569  -0.1265801791   0.0745848995  -0.0138843816
55  2  -0.0318124177   0.0952758533  -0.0247289888   0.0442381879   0.0728827436
55  3   0.1737623016   0.0037964294  -0.0533511335  -0.0878595993  -0.0672671646
55  4  -0.0274391578  -0.1041898029   0.1186143596  -0.0015640522  -0.0768941523
55  5  -0.0186667042   0.0029213600   0.0603858210   0.0671741950  -0.0031921612
55  6   0.0192050381   0.1022212517  -0.0301093233  -0.0289065890   0.0031134494
55  7  -0.0142498429   0.0397842738   0.0254307912   0.1523589418   0.1226645858
55  8   0.0165950009  -0.0004236194   0.1079817179  -0.0001103394  -0.1061577799
55  9   0.0030845344   0.0767778014   0.1187721589  -0.0002129672   0.0671653025
55 10  -0.0123457599  -0.0000027516   0.0119394337  -0.0059737638   0.0720960870
55 11  -0.0153493303  -0.0412836659   0.0086026057  -0.0032579511   0.0004175810
55 12   0.0351343899  -0.0285504863   0.0011534522   0.0140952011   0.1254964903
55 13   0.0453864377   0.0071335978  -0.1322543264  -0.0009971339  -0.0204846298
55 14  -0.0277822055   0.3591788959  -0.0141089815  -0.0089825983   0.0416353232
55 15   0.0048673248  -0.0047322967   0.0542679575  -0.0096812487   0.0000034776
55 16  -0.0008134237  -0.0000148763   0.0025650824   0.0000710195  -0.0000206282
55 17  -0.0008479449   0.0000201582  -0.0001936834  -0.0011109168
56  1   0.0002612678   0.0001645390   0.0517627949   0.0229475042  -0.0000199177
56  2   0.0807535818  -0.0368268475   0.0812293770  -0.1612212416  -0.0465758330
56  3   0.1145969723   0.0150970424   0.1247445749  -0.0903757519  -0.0032185804
56  4   0.0039448467  -0.1843346130  -0.0457936927   0.0081078773   0.0007898153
56  5   0.0009854258  -0.0002366027   0.0014263510  -0.0454023791   0.0002072394
56  6   0.0002421407  -0.0030271911   0.0066679279  -0.0014031736   0.0004664268
56  7  -0.0219507890   0.1750371173  -0.0312868546  -0.1116787249   0.2101171932
56  8   0.0288289286  -0.0006468680  -0.0000661275   0.0000473764  -0.0012234670
56  9   0.0000393609   0.0011758789  -0.0025404053  -0.0001058207  -0.0749829802
56 10   0.0094167508  -0.0000249850   0.0009249771  -0.0017217168   0.0317025726
56 11  -0.0077935227  -0.0195698284   0.0025251732   0.0032176453   0.0013590270
56 12   0.0391196639  -0.0006440707   0.0006171331  -0.0009182724  -0.0901625509
56 13  -0.0606037659  -0.0122113282  -0.0153045587  -0.0004049333   0.1475144472
56 14   0.1677939268   0.1313614689   0.0035805303   0.0024267148  -0.1502438947
56 15   0.0680090998   0.2598901915  -0.0503715364  -0.0421289963   0.0000270158
56 16  -0.0001055111  -0.0000010326  -0.0007347206   0.0015788090  -0.0004064852
56 17   0.0001864030   0.0000427211  -0.0000565138   0.0005560362
57  1   0.0093358711   0.0356033597  -0.0224608768  -0.1558861918   0.0325917075
57  2  -0.0271987534   0.0654769343   0.1088839324   0.0328044099  -0.1716218309
57  3  -0.0894830538  -0.0339628408  -0.0195967846  -0.0785796346   0.0738002714
57  4   0.0402404447  -0.0797607174   0.0854978571  -0.0401689834   0.0852629515
57  5  -0.0524914786   0.0025486162  -0.0784347054   0.0263977301   0.0737325005
57  6  -0.0133375286   0.0231721692  -0.0188514783   0.0415917822  -0.0051298242
57  7  -0.0108418664   0.0301308398   0.0193234916   0.1165284419   0.0949922109
57  8   0.0126291150  -0.0001878497  -0.1392189302   0.0002072958   0.1365108114
57  9  -0.0039076077  -0.0972051925  -0.1500979692   0.0003765202   0.0595598821
57 10  -0.0106225972  -0.0002250668  -0.0104988293  -0.0047818926   0.0565693847
57 11  -0.0118984655  -0.0320449357   0.0068014419  -0.0025314280   0.0003577533
57 12   0.0278775452  -0.0223445192   0.0008919738   0.0110342970   0.0979286775
57 13   0.0361397781   0.0056835700  -0.1036555483  -0.0007790156  -0.0163497156
57 14  -0.0220947497   0.2808805225  -0.0110255793  -0.0070702666   0.0331589591
57 15   0.0038060889  -0.0040161986   0.0427793098  -0.0075221357   0.0000060358
57 16  -0.0006435758  -0.0000141808   0.0020079200   0.0000431924  -0.0000061167
57 17  -0.0006699832   0.0000156275  -0.0001490666  -0.0008733274
58  1   0.0188741092  -0.0392822410  -0.1094021576   0.0377269283   0.1132698757
58  2  -0.0184837681   0.1252104142  -0.0509801000   0.0250417395   0.1061062711
58  3   0.1965876590   0.0607791645  -0.0705613761  -0.0820591701  -0.0171877058
58  4   0.0100425724  -0.0923815641   0.1732883672   0.1829268895  -0.0537405914
58  5  -0.0290138892   0.0026210194   0.0277421058   0.0696233516   0.0057310860
58  6   0.0195086613   0.1176554389  -0.0382802576  -0.0787894917   0.0118245169
58  7  -0.0144799018   0.0297252782   0.0316356495   0.1771531607   0.1256603629
58  8   0.0188290990  -0.0005998514  -0.0031265710   0.0006422785   0.0388278275
58  9  -0.0012139039  -0.0579470677  -0.1050764293   0.0003804757  -0.0900906772
58 10   0.0106411200   0.0006068853   0.0515933362   0.0022890377  -0.0821863678
58 11   0.0706040766   0.2191951103  -0.0154128704   0.0062202715  -0.0005426163
58 12  -0.0479377727  -0.0033685958   0.0001168779   0.0007098860   0.0137407373
58 13   0.0918447259   0.0163059093   0.0076898448  -0.0001250112   0.0218718282
58 14   0.0282367263  -0.2276236411   0.0070993529   0.0015734029   0.0148376412
58 15   0.0317706997   0.1124759510  -0.0186755296  -0.0068940815   0.0000069536
58 16   0.0159130477  -0.0000425702  -0.0391017064  -0.0010842884   0.0001501689
58 17   0.0005838639  -0.0000061551   0.0000480840   0.0001835671
59  1  -0.0001767089   0.0006706096   0.1731952486   0.0632770982  -0.0067645439
59  2   0.0610646729  -0.0404637622   0.0792046313  -0.2227527588  -0.0677265442
59  3   0.1418303029   0.0261644450   0.1023077109   0.0114348029   0.0026862603
59  4   0.0013228737  -0.0399531444  -0.0266180933   0.0058181511   0.0002972966
59  5   0.0006531682  -0.0002522327   0.0010467353  -0.0317582919  -0.0040144009
59  6   0.0001837701  -0.0079975623   0.0066927579  -0.0003942106   0.0002602612
59  7   0.0214360355  -0.1299117693   0.0179841352   0.1360679221   0.2399752547
59  8   0.0289464200  -0.0006461225  -0.0021854023   0.0000552647  -0.0002596529
59  9   0.0000039596  -0.0010123996   0.0023312037   0.0000757981   0.1245815146
59 10  -0.0221123033  -0.0001802499  -0.0006090406  -0.0039694714  -0.0105852065
59 11   0.0667006621   0.2222752683   0.0759207820  -0.0684265716  -0.0063829268
59 12  -0.0568990578   0.0183525806  -0.0000473080   0.0092576564   0.0963059996
59 13  -0.1115505919  -0.0193915561   0.0287864030   0.0007020027   0.0032875382
59 14   0.0044375087   0.0901109182   0.0004092954   0.0066616207  -0.0713953507
59 15  -0.0933474344  -0.3091911491   0.0062046009   0.0278237500   0.0000125503
59 16   0.0186480816  -0.0000990779  -0.0692775892   0.0005718515   0.0000136356
59 17  -0.0014436631  -0.0000169526   0.0000396231  -0.0000595976
60  1  -0.0221110311   0.0505181634  -0.0225282984  -0.1011110106  -0.1309401569
60  2  -0.0481507743   0.0266926840   0.1418330241   0.0446591676  -0.2181556243
60  3  -0.1129403993  -0.1047823406  -0.0029405176  -0.0707246835   0.0107375433
60  4  -0.0077897192  -0.0795452839   0.0284854342  -0.2780216380   0.0543546717
60  5  -0.0470054816   0.0035745389  -0.0370347971   0.0455634741   0.0734575091
60  6  -0.0114040760   0.0333570332  -0.0234213249   0.1075313298  -0.0168284372
60  7  -0.0126375130   0.0280900599   0.0250882923   0.1403500092   0.0993942065
60  8   0.0150293736  -0.0001162597   0.0028206827  -0.0007101234  -0.0506586006
60  9   0.0016519559   0.0766370052   0.1306778921  -0.0007342613  -0.0820492415
60 10   0.0097931705  -0.0008088449  -0.0683650794   0.0012936769  -0.0600456875
60 11   0.0547206591   0.1704028734  -0.0097620000   0.0028717027  -0.0005914637
60 12  -0.0388020338  -0.0034447781   0.0000968836   0.0007167411   0.0113559193
60 13   0.0730592982   0.0129520494   0.0055752721  -0.0000943356   0.0172583675
60 14   0.0222971237  -0.1787934971   0.0056365878   0.0012204394   0.0115880948
60 15   0.0249597583   0.0881668895  -0.0146994373  -0.0053968386   0.0000102035
60 16   0.0125318036  -0.0000372407  -0.0308277166  -0.0008352813   0.0001262846
60 17   0.0004554504  -0.0000049549   0.0000410720   0.0001393644
61  1   0.0089303264  -0.0397245964   0.0208677693  -0.0616137191   0.1804645726
61  2  -0.0494782327   0.1392034564  -0.0207915831  -0.0356614870   0.1241996524
61  3   0.2011780419   0.0673339136  -0.0832846031  -0.0150931395   0.0446610598
61  4   0.0478710232   0.0050597590   0.1525661653   0.0018008006   0.0185157559
61  5  -0.0616274384  -0.0053977280  -0.0388544340   0.0979387041   0.0871318235
61  6  -0.0203819488   0.0182608327  -0.0270584320   0.0819281611  -0.0112166263
61  7   0.0016678908  -0.0579729069   0.0127430089   0.0114101556  -0.1424546326
61  8  -0.0134223850   0.0002922816  -0.0062932017   0.0005469296  -0.0906884328
61  9   0.0018309752   0.0695008137  -0.0487125916  -0.0002001758  -0.3904796141
61 10   0.0608699159  -0.0010488200  -0.0893120172   0.0046213553  -0.0207115406
61 11  -0.0181824461  -0.0560858992   0.0606507020  -0.0477849732  -0.0035687151
61 12   0.0029170425   0.0448862595  -0.0009957161  -0.0054043938  -0.0566666590
61 13  -0.0401827851  -0.0069184743   0.0949588646   0.0009077098  -0.0046651811
61 14  -0.0078833466   0.1494614617  -0.0038111147  -0.0004575800  -0.0134934515
61 15  -0.0068952571  -0.0241215621   0.0176726976  -0.0037800525  -0.0000019033
61 16  -0.0639176532  -0.0000060440  -0.0238509116   0.0000697123  -0.0000599500
61 17  -0.0015439551  -0.0000101485  -0.0000059777  -0.0000339355
62  1  -0.0005295711   0.0008108086   0.2121253245   0.0759664805  -0.0087527040
62  2   0.0545615316  -0.0416404891   0.0786325139  -0.2429485807  -0.0746093995
62  3   0.1507073530   0.0296548809   0.0942621527   0.0429838071   0.0046243935
62  4   0.0007090470   0.0034888215  -0.0130380821   0.0033488839  -0.0004381889
62  5  -0.0062693529   0.0003247915   0.0001152827  -0.0017525025  -0.0166005444
62  6  -0.0023444822  -0.0355999387   0.0134747586  -0.0005237969   0.0001837783
62  7   0.0363695011  -0.2164058015   0.0140263550   0.0815644171   0.0934927924
62  8   0.0094092261  -0.0002332752  -0.0013170608   0.0000220961  -0.0004966452
62  9  -0.0000231238  -0.0013487539   0.0021013293   0.0000280568   0.0593639071
62 10  -0.0098460777  -0.0001253809  -0.0002117758  -0.0036506769   0.0380072860
62 11   0.0060651149   0.0276737935  -0.0028179641   0.0041976957   0.0008159527
62 12   0.0070980816   0.0671146483  -0.0016213109  -0.0139669411  -0.1385991078
62 13  -0.0091220055  -0.0016094144   0.0387826003   0.0004275492  -0.0675933939
62 14  -0.0822257180   0.0660781756  -0.0077809655  -0.0129141247   0.1363908047
62 15   0.1211164405   0.3870905637   0.0356227258  -0.0402394988   0.0000051399
62 16   0.0195195673   0.0000207027   0.0120135283  -0.0007656792  -0.0000259189
62 17  -0.0010682337  -0.0000049715  -0.0000367490  -0.0000693911
63  1  -0.0105629468   0.0518316171  -0.0107789691   0.0844587474  -0.2261689126
63  2  -0.0375062650   0.0035173960   0.1006184914   0.0321891728  -0.2720685691
63  3  -0.0791688673  -0.0970835530  -0.0218393973  -0.0111529514  -0.0594915636
63  4  -0.0592203978  -0.0050446322   0.1021045753  -0.0535589335  -0.0408836965
63  5  -0.0242926419   0.0153679214   0.0458792365   0.0920513068  -0.0555568992
63  6   0.0342059799   0.1067982495  -0.0293331025  -0.0951970595   0.0117993975
63  7   0.0018595953  -0.0468680790   0.0091582262   0.0055788259  -0.1082306508
63  8  -0.0101458054   0.0000840998   0.0101256042  -0.0006434811   0.1120317400
63  9  -0.0022509608  -0.0846354928   0.0491868406  -0.0005181358  -0.3160983408
63 10   0.0489643831   0.0016585467   0.1143985744   0.0044187215  -0.0229120231
63 11  -0.0138928594  -0.0437749236   0.0469201821  -0.0370754716  -0.0027774589
63 12   0.0013624945   0.0345068896  -0.0007836527  -0.0042714271  -0.0456653968
63 13  -0.0327412828  -0.0056578416   0.0749133619   0.0007217116  -0.0039716671
63 14  -0.0065500700   0.1178941762  -0.0029655002  -0.0004113264  -0.0103061811
63 15  -0.0050702821  -0.0180591976   0.0140683670  -0.0030848090   0.0000040831
63 16  -0.0500059593  -0.0000080679  -0.0186531288   0.0000695363  -0.0000390026
63 17  -0.0012112192  -0.0000080777  -0.0000013062  -0.0000333347
64  1  -0.0012226766   0.0301045475   0.1969364957  -0.1002810371  -0.1163020252
64  2  -0.1425407110   0.0839606163   0.1057465032  -0.0953779004   0.0676009168
64  3   0.1478734773  -0.0767997672  -0.0614910607   0.1008431286  -0.1723684814
64  4  -0.1153453900   0.1654663199   0.2131057231   0.0983949389   0.0754890476
64  5  -0.0668938795   0.0166040101  -0.0466548096   0.1591715153  -0.0196358090
64  6  -0.0077660712  -0.0659474646   0.0140775867   0.0092124633  -0.0018849626
64  7  -0.0434675525   0.2162081707   0.0043381144   0.0299850339  -0.1233347552
64  8  -0.0187665450   0.0005838516   0.0122296911  -0.0002690214  -0.0163675215
64  9  -0.0052463251  -0.1270720076   0.0052477387   0.0003365571   0.1417940841
64 10  -0.0201259106  -0.0001830228  -0.0027849913   0.0007827013  -0.0205857019
64 11   0.0071122733   0.0204494527   0.0084605770  -0.0090068254  -0.0011117458
64 12  -0.0164283580  -0.0012771704   0.0000778731   0.0038032276   0.0407959940
64 13   0.0135967683   0.0025287869   0.0504649417   0.0006368857  -0.0028637861
64 14  -0.0025807900   0.0510177992  -0.0006781729   0.0020940640   0.0122183113
64 15  -0.0051693095   0.0172192221  -0.1841003420   0.0393801019  -0.0000068037
64 16  -0.0001635059   0.0000069122   0.0000636069   0.0001727334   0.0001828609
64 17   0.0001145441  -0.0000169995   0.0001285855  -0.0000540056
65  1   0.0003893936  -0.0006669740  -0.0478399703  -0.0083718213   0.0064918748
65  2   0.0964776383  -0.0340396386   0.0823840884  -0.1126915232  -0.0301775770
65  3   0.0934120750   0.0070023014   0.1455282342  -0.1791008119  -0.0070599697
65  4   0.0074444094  -0.3336354466  -0.0630292305   0.0084921110  -0.0016744162
65  5  -0.0053287796   0.0002542371   0.0039695064  -0.0741278993   0.0538518168
65  6   0.0110472739   0.1288814666  -0.0470755303   0.0085307444  -0.0015500568
65  7   0.0199779516  -0.0988168577  -0.0186308542  -0.1773940554  -0.2688598619
65  8  -0.0304488392   0.0006214899   0.0006355427  -0.0000695596   0.0019336785
65  9  -0.0001892067  -0.0037307241   0.0030380453   0.0001777065   0.1752189541
65 10  -0.0254738758  -0.0000273296  -0.0018959852   0.0026606213  -0.0536323874
65 11   0.0123294404   0.0262354310  -0.0264599217   0.0120257096  -0.0008660001
65 12  -0.0636065133  -0.0014549235  -0.0000890832   0.0040057460   0.0672706233
65 13   0.0240862109   0.0045036560   0.0358776600   0.0004162505   0.0042687786
65 14   0.0069571421   0.1048796553  -0.0017185076   0.0029115208   0.0113052192
65 15  -0.0135312233   0.0128187575  -0.3136213989   0.0674080329  -0.0000044814
65 16  -0.0001049034  -0.0000032139   0.0000711049   0.0002120013   0.0002856809
65 17   0.0004099625  -0.0000029963   0.0001493254   0.0000297129
66  1   0.0012556308  -0.0361063406   0.0323880839   0.2210835099   0.1382773154
66  2   0.0391982305   0.0665207559  -0.0650900334  -0.0230865732  -0.2445657372
66  3   0.0469632293   0.1109525440  -0.1021586798   0.0681617600   0.2305000758
66  4   0.1429007789   0.1481293637   0.0905334470  -0.1866596068  -0.1127322175
66  5  -0.0212978161  -0.0125852510   0.0501694030   0.1438626933  -0.0274356107
66  6  -0.0038836607  -0.0429777217   0.0102999375  -0.0221250461   0.0031690503
66  7  -0.0337902179   0.1685302109   0.0033787245   0.0237006939  -0.0952080484
66  8  -0.0143902462   0.0001222699  -0.0152372732   0.0002407309   0.0247192771
66  9   0.0067878420   0.1672786492  -0.0028573522  -0.0001229904   0.1104064017
66 10  -0.0156031425   0.0001605558   0.0025982152   0.0006909708  -0.0160345650
66 11   0.0054744032   0.0156359247   0.0068256186  -0.0071302546  -0.0008667616
66 12  -0.0123744572  -0.0009456545   0.0000574310   0.0029580330   0.0318702999
66 13   0.0104580094   0.0019418150   0.0392618468   0.0004829726  -0.0022633911
66 14  -0.0020442262   0.0392425406  -0.0005075079   0.0016176831   0.0094876486
66 15  -0.0039544383   0.0134061363  -0.1422523241   0.0303973446  -0.0000015244
66 16  -0.0001257524   0.0000049121   0.0000484350   0.0001358547   0.0001425755
66 17   0.0000911333  -0.0000135021   0.0001007651  -0.0000447155
67  1   0.0527035363  -0.0246674464  -0.2532513833   0.1802356920  -0.0843785204
67  2  -0.0030891716   0.0800274067  -0.0518635602   0.1033670678   0.0535139097
67  3   0.1679350266  -0.0141438904  -0.0396522828  -0.1538251329  -0.1427801533
67  4  -0.0895844958  -0.1954699040   0.1221647656  -0.1552183398   0.0959536794
67  5  -0.0989078800   0.0012671109  -0.0632102281   0.1935451972  -0.0186573342
67  6  -0.0267534587  -0.1468096080   0.0390249058  -0.0055832348   0.0009596019
67  7   0.0212106333  -0.1123055058   0.0081088953   0.0415733481  -0.0153656859
67  8  -0.0031930854  -0.0002122230  -0.0223168394   0.0007557057   0.0158988408
67  9   0.0019011162  -0.0076186473  -0.0234070066   0.0003807005   0.0935614833
67 10  -0.0141257261  -0.0000636836   0.0015004799  -0.0059124836   0.0900343440
67 11  -0.0178942441  -0.0436547231  -0.0168579554   0.0046723738  -0.0013168168
67 12  -0.0593454610   0.0239231110  -0.0001937320  -0.0015261476  -0.0181929082
67 13  -0.0331189297  -0.0060982596   0.0380258205   0.0004569923   0.0072920033
67 14   0.0076697292  -0.0651156915   0.0042898749   0.0030371115  -0.0534418700
67 15   0.0028226202   0.0182294872  -0.0167749731  -0.0006787035  -0.0000075997
67 16   0.0001237028  -0.0000303626  -0.0003035344   0.0318099465  -0.0045192704
67 17   0.0014939080   0.0003563975  -0.0071166344  -0.0550863292
68  1  -0.0009735807  -0.0001253977   0.0080525951   0.0078503618   0.0030666602
68  2   0.0880065115  -0.0354495758   0.0821230827  -0.1383591269  -0.0386266814
68  3   0.1043843933   0.0115855788   0.1325451973  -0.1276963669  -0.0052172255
68  4   0.0053730495  -0.2274092330  -0.0264010125   0.0059521645  -0.0005923019
68  5  -0.0153769584   0.0012248547  -0.0011180135   0.0332490435  -0.0476046794
68  6  -0.0090928676  -0.1126663856   0.0439270225  -0.0064470492   0.0014276016
68  7  -0.0062505282   0.1363277469  -0.0532547027  -0.2246766407   0.2042467323
68  8   0.0303057022  -0.0006990140   0.0011079779   0.0000436972  -0.0031698763
68  9  -0.0000051875   0.0020913956  -0.0049934617  -0.0002344143  -0.2276089220
68 10   0.0343550306   0.0001274387  -0.0001528685   0.0044548586  -0.0302507773
68 11  -0.0125266454  -0.0513695707  -0.0318159487   0.0100018079  -0.0020000723
68 12  -0.0957159856   0.0050157708   0.0000787951   0.0126496033   0.1729006865
68 13   0.0397549419   0.0080528388  -0.0026818460  -0.0005069462  -0.0177920186
68 14  -0.0160652645  -0.0019471726  -0.0060881055  -0.0050292678   0.1617830895
68 15  -0.0249685683  -0.1094037585   0.0468902021   0.0190087082  -0.0000028271
68 16  -0.0000369945   0.0000053029   0.0003018387  -0.0395261657   0.0058004558
68 17  -0.0005969784   0.0003244356  -0.0058951571  -0.0466216118
69  1  -0.0686581702   0.0307148392  -0.0362324239  -0.3485692097   0.1331241197
69  2  -0.0361702080   0.0898158506   0.1463638848   0.0440370845  -0.1174898726
69  3  -0.1203961052  -0.0258576637  -0.0095177036  -0.1442785425   0.1606820994
69  4   0.1241581769  -0.1481980007   0.1544629101   0.1443346725  -0.1387429875
69  5  -0.0215517820   0.0109704460   0.0679589332   0.1716632149  -0.0829760872
69  6   0.0093133539  -0.0675163290   0.0257686963  -0.0063039784   0.0006801933
69  7   0.0157835025  -0.0854800473   0.0069886041   0.0360604924  -0.0111099708
69  8  -0.0023132230   0.0004287466   0.0282044357  -0.0010104200  -0.0194331088
69  9  -0.0025927340   0.0075862122   0.0330876705  -0.0002851805   0.0719026574
69 10  -0.0109921435  -0.0000580289   0.0017286029  -0.0048026615   0.0727312476
69 11  -0.0144407178  -0.0352158997  -0.0135085566   0.0037295963  -0.0010405937
69 12  -0.0477248579   0.0190156651  -0.0001580637  -0.0011191377  -0.0144485369
69 13  -0.0262482504  -0.0048468389   0.0301445051   0.0003720507   0.0056491334
69 14   0.0059244243  -0.0516334310   0.0034488903   0.0023871918  -0.0426644146
69 15   0.0023431589   0.0146425577  -0.0133455106  -0.0005070766  -0.0000034724
69 16   0.0000989990  -0.0000267293  -0.0002346455   0.0247353527  -0.0035063629
69 17   0.0011668542   0.0002788365  -0.0055591078  -0.0430431759
70  1  -0.2358201851  -0.0683716525  -0.3416905094   0.2010572174   0.0660351272
70  2   0.0283348245   0.0895759452  -0.0912306518   0.1350039568   0.0622407754
70  3   0.1796535538   0.1015696603  -0.0743430651  -0.2061045777  -0.0918393348
70  4  -0.0077226717  -0.2466858526   0.2148661405   0.0746604019   0.2315384784
70  5  -0.1644118377   0.0003852170  -0.1920515440   0.3029438959  -0.5847090685
70  6   0.1654955591  -0.0668116028   0.0859616274   0.4489369147  -0.0492802948
70  7   0.0596489383  -0.2697107439  -0.0170672278  -0.1032600311  -0.1009033909
70  8  -0.0182036746   0.0011206838  -0.0909053502   0.0007115950   0.0932427150
70  9   0.0055775164   0.0555126237   0.0207288281  -0.0000627841   0.1087824119
70 10  -0.0131617037   0.0001342550  -0.0153513533   0.0204840285  -0.3068768217
70 11   0.0743932924   0.1962397607   0.1027426588  -0.0357536942   0.0066252913
70 12   0.3164835059  -0.0623047387   0.0000071553  -0.0130745247  -0.1732691349
70 13  -0.0421105550  -0.0051707194  -0.0469266369  -0.0037993313   0.2346736477
70 14   0.2867484840   0.1807440870  -0.0191149883  -0.0125578808   0.4329818967
70 15  -0.0339618754  -0.1590390359   0.0789588110   0.0316494929  -0.0000726779
70 16   0.0009617772  -0.0000040056  -0.0024880181   0.2328255350  -0.0336134706
70 17  -0.0002577109  -0.0029329181   0.0506481732   0.3952347808
71  1   0.0053407626   0.0009180381   0.0601290271   0.0248877514  -0.0027888828
71  2   0.0796879945  -0.0369837083   0.0812773074  -0.1643432613  -0.0475524841
71  3   0.1158786004   0.0139060851   0.1259276630  -0.0844350117  -0.0036672286
71  4   0.0023955836  -0.1764834672  -0.0516563922   0.0051559337  -0.0015890470
71  5   0.0089763559  -0.0008261591   0.0050298182  -0.0799245349   0.0415398231
71  6   0.0032126870   0.0696657881  -0.0203465322  -0.0060095750   0.0007172829
71  7  -0.0474463936   0.3062290218  -0.0289639223  -0.0833545065   0.2993482590
71  8   0.0465925608  -0.0011020022   0.0017555889   0.0001207291  -0.0039932209
71  9   0.0000698890   0.0025913774  -0.0084542496  -0.0002755351  -0.2543907427
71 10   0.0350780906  -0.0001490562   0.0083508518  -0.0200635644   0.3389569086
71 11  -0.0990221787  -0.2769955316  -0.1454593111   0.0487175217  -0.0095119695
71 12  -0.4512983638   0.0858800943  -0.0000026712   0.0256914949   0.3400016648
71 13   0.0537157953   0.0080390911   0.0729629558   0.0035630091  -0.2334170622
71 14  -0.2806057016  -0.2212600215   0.0154046375   0.0088913438  -0.2799636193
71 15   0.0104652634   0.0554267540  -0.0305342319  -0.0107558431  -0.0000934714
71 16   0.0004293715  -0.0000083145  -0.0004765457   0.3990492761  -0.0577704111
71 17  -0.0006713747  -0.0050430944   0.0895473019   0.6996250126
72  1   0.2852834734   0.0841339457  -0.0397408478  -0.4131431029  -0.0457002198
72  2  -0.0578213925   0.0810501938   0.1982854606   0.0609955860  -0.1089422823
72  3  -0.1605953515  -0.1786527196   0.0493488784  -0.1737271781   0.0922189721
72  4   0.0263125674  -0.1950894895   0.0917650063  -0.1470106644  -0.3093990842
72  5   0.0072400689   0.0167178092   0.2185771639   0.2837714080   0.4380626183
72  6  -0.2637609483  -0.5813427622   0.1112794065  -0.5873454625   0.0664110937
72  7   0.0583814833  -0.2602728314  -0.0174881942  -0.1058891906  -0.1026832760
72  8  -0.0181353113  -0.0004030734   0.1142382082  -0.0011178781  -0.1164781555
72  9  -0.0074373577  -0.0738917086  -0.0158980310   0.0003519689   0.0931011902
72 10  -0.0111308863   0.0003233824   0.0039564111   0.0174435743  -0.2614242251
72 11   0.0631264916   0.1664459945   0.0849852021  -0.0292238327   0.0056162170
72 12   0.2635854080  -0.0516188355  -0.0000006953  -0.0104660219  -0.1405030765
72 13  -0.0335818644  -0.0040905948  -0.0389407841  -0.0030624948   0.1888431376
72 14   0.2308179134   0.1469423511  -0.0153610671  -0.0101018360   0.3474725618
72 15  -0.0270750274  -0.1269922191   0.0632469592   0.0248619035  -0.0000533862
72 16   0.0007612612  -0.0000054392  -0.0019656947   0.1822925197  -0.0263135168
72 17  -0.0002126659  -0.0022983200   0.0397146113   0.3098921336
73  1  -0.5688124215  -0.0532750365  -0.2538273110   0.1349341397  -0.0576747509
73  2  -0.0123438268   0.0587670005  -0.0334607686   0.1172952006   0.0299030044
73  3   0.1517583671   0.0398274488  -0.0643860203  -0.1651627572  -0.1238437353
73  4  -0.0173997318  -0.1976758794   0.1431511843  -0.1028680970   0.1366095363
73  5  -0.1154942406  -0.0015811151  -0.0966012799   0.1966956402   0.1535087244
73  6  -0.1045501066  -0.2702274781   0.0522526518  -0.2402447108   0.0314391075
73  7   0.0289559062  -0.1470570161   0.0049603727   0.0199345041  -0.0332848132
73  8  -0.0064262032   0.0014232568  -0.0034587885  -0.0010541878  -0.0154931367
73  9  -0.0051514707  -0.0343613923  -0.0701592387   0.0002277073   0.1015903089
73 10  -0.0150622060  -0.0000108624  -0.0022228629  -0.0022148353   0.0278040750
73 11  -0.0036077191  -0.0066836631   0.0034687715  -0.0033127091  -0.0004847651
73 12  -0.0049106963   0.0069304205  -0.0000730711  -0.0008960050  -0.0134318067
73 13  -0.0165261363  -0.0033659708   0.0095162831   0.0008306196  -0.0287232960
73 14  -0.0369443752  -0.0252030538   0.0057127626   0.0051407771  -0.1426765795
73 15   0.0116233372   0.0620278160  -0.0374398402  -0.0191806296   0.0001650846
73 16  -0.0012693625   0.0003832775   0.0017013534  -0.6676540627   0.0953500583
73 17  -0.0175471427  -0.0019186719   0.0491720723   0.3784924760
74  1  -0.0110388993  -0.0013308805  -0.0773166371  -0.0208256649   0.0102652978
74  2   0.1020384519  -0.0328771251   0.0834891872  -0.0946083051  -0.0236349813
74  3   0.0850695418   0.0053984751   0.1346432056  -0.1931846079  -0.0086264021
74  4   0.0089013106  -0.2911430093   0.0193764778   0.0025175199  -0.0010389129
74  5  -0.0590430440   0.0049683457  -0.0095466602   0.2187365408  -0.1813890057
74  6  -0.0329136537  -0.4101752671   0.1459141701  -0.0163692626   0.0035496847
74  7   0.0553502710  -0.1336996610  -0.0908714148  -0.4594860646   0.0741055189
74  8   0.0042825504  -0.0000528360   0.0011843143  -0.0000592336  -0.0037692576
74  9  -0.0001881164  -0.0000229575  -0.0025216609  -0.0002413917  -0.2392684338
74 10   0.0385110652   0.0004608611  -0.0133546344   0.0418367136  -0.6292865288
74 11   0.1253987023   0.3094522616   0.1386868730  -0.0567643987   0.0054184228
74 12   0.3528125306  -0.1350048015   0.0027809325   0.0276290279   0.2854718936
74 13   0.2278022150   0.0372771667  -0.2469914309   0.0022369603  -0.3858915735
74 14  -0.4753742001   0.2897303783   0.0062872623   0.0044284666  -0.6638234130
74 15   0.0859586133   0.3379886376  -0.0699592269  -0.0888510023   0.0000358150
74 16  -0.0004618426  -0.0001017041   0.0015564791   0.1150356189  -0.0166893226
74 17   0.0028657237   0.0005193161  -0.0091897259  -0.0684309187
75  1   0.7266307730   0.0671098099  -0.0542333629  -0.2965736281   0.1004626140
75  2  -0.0213593672   0.1174636883   0.1232045429   0.0356918475  -0.0841767187
75  3  -0.1039322636  -0.0961828958   0.0245869958  -0.1450156853   0.1355469247
75  4   0.0323630842  -0.1592959121   0.1396196542   0.0762383371  -0.1910841427
75  5  -0.0110295767   0.0155529181   0.1088194123   0.2112410650  -0.3344593670
75  6   0.1039160794   0.0240754714   0.0315283057   0.2930247865  -0.0380046840
75  7   0.0202068903  -0.1042505611   0.0031450544   0.0147465903  -0.0196754074
75  8  -0.0037552668  -0.0015317955   0.0039785636   0.0012946840   0.0208820393
75  9   0.0064188180   0.0414307950   0.0939847467  -0.0000746147   0.0703026653
75 10  -0.0104356624  -0.0000748449   0.0035454100  -0.0016710407   0.0182550391
75 11  -0.0020313459  -0.0036843716   0.0037113336  -0.0033921273  -0.0004417303
75 12  -0.0030845593   0.0048206775  -0.0001244267  -0.0008882519  -0.0095467709
75 13  -0.0120117564  -0.0024093722   0.0069751696   0.0007269280  -0.0245950451
75 14  -0.0313893348  -0.0201116167   0.0046911057   0.0043125794  -0.1155635874
75 15   0.0092650353   0.0503223749  -0.0302991757  -0.0168405815   0.0001308343
75 16  -0.0009795711   0.0003017904   0.0013370102  -0.5201534773   0.0742795498
75 17  -0.0136752298  -0.0014969956   0.0383141373   0.2948677952
76  1   0.0197130833  -0.0512874196  -0.1976818026   0.0826272376   0.1749733070
76  2   0.0148618457   0.1364001341  -0.0931447555   0.0572810593   0.1165726481
76  3   0.2097520883   0.1050477702  -0.0736540882  -0.1313087268  -0.0087993829
76  4   0.0207673639  -0.1617994195   0.2004152030   0.3716414567  -0.0113227532
76  5  -0.0301405808   0.0022694584  -0.0165501308   0.0144827272   0.1358293713
76  6  -0.0284050438   0.0608056505  -0.0336287375  -0.0981439927   0.0142200027
76  7  -0.0365347919   0.2017466497   0.0079001886   0.1038246995   0.3348952701
76  8   0.0476969429  -0.0019759531  -0.1588118313   0.0033253226   0.4091184446
76  9   0.0087613550  -0.1767868696   0.5193711574  -0.0013464001   0.0115829379
76 10  -0.0093719298  -0.0039216508  -0.3087364484   0.0019123399  -0.1491494562
76 11   0.1367398450   0.4120384941  -0.3908798578   0.3433704071   0.0332577592
76 12   0.2127776227   0.2706291327  -0.0049485234  -0.0054256687   0.0066321783
76 13  -0.2647639149  -0.0455509235   0.1684372571   0.0025188757  -0.0769440332
76 14  -0.0908840410   0.1087850204  -0.0021296855   0.0043077392  -0.0200830323
76 15  -0.0717163945  -0.2419590161   0.0211784961   0.0226027957  -0.0001171086
76 16  -0.1627358278   0.0006306347   0.4582218172   0.0012902100  -0.0003727535
76 17   0.0003256457   0.0000103791  -0.0000318469   0.0003667134
77  1  -0.0003892162   0.0010207793   0.2337244567   0.0830501927  -0.0107418638
77  2   0.0516600070  -0.0422235692   0.0781484828  -0.2522617055  -0.0779244162
77  3   0.1549473044   0.0311079464   0.0893575979   0.0618809989   0.0052750792
77  4  -0.0001194805   0.0326490843  -0.0056021948   0.0013406256  -0.0014933623
77  5  -0.0082051795   0.0005216745   0.0005125513   0.0093567272  -0.0148832220
77  6  -0.0013823776  -0.0268220133   0.0081409161  -0.0001620412  -0.0000299400
77  7   0.0439700966  -0.3006176401   0.0397946859   0.2005846704   0.0434650873
77  8   0.0020459152  -0.0000692453   0.0003840335  -0.0000020239  -0.0057772291
77  9  -0.0001520556   0.0008513580  -0.0086650102  -0.0000303706  -0.0454293909
77 10   0.0073372509  -0.0000220402   0.0082896053  -0.0045934370   0.0609403277
77 11   0.0061864789   0.0499179022   0.4734174919  -0.4254257974  -0.0421347131
77 12  -0.3346074765  -0.2576968466   0.0050879178   0.0161084921   0.1092608150
77 13   0.2439106183   0.0422835961  -0.1197867516  -0.0018282651   0.1157627261
77 14   0.1399892904  -0.2673092671   0.0113896562   0.0059839082  -0.0553529704
77 15  -0.0049409000  -0.0034437873  -0.0336916799   0.0023031155  -0.0001699445
77 16  -0.2568255320   0.0010110373   0.7383538171   0.0027955337  -0.0006845067
77 17  -0.0000259849   0.0000389190  -0.0000383183   0.0009009229
78  1  -0.0228114186   0.0650140081  -0.0329515620  -0.1979792196  -0.2010851441
78  2  -0.0715464791   0.0160539881   0.1972721533   0.0628086497  -0.2110295848
78  3  -0.1557839977  -0.1708570181   0.0272340002  -0.1103530151  -0.0051166882
78  4  -0.0184382559  -0.1393010158  -0.0486044674  -0.5081565359   0.0041436909
78  5  -0.0280159151   0.0024854744   0.0202259164   0.0321588748  -0.0688465304
78  6   0.0526871898   0.1452827121  -0.0328631173   0.1317809289  -0.0193016333
78  7  -0.0303512282   0.1566224987   0.0105010784   0.1012291003   0.2476591774
78  8   0.0354744986   0.0003993046   0.1949265072  -0.0039873216  -0.5092647917
78  9  -0.0106669160   0.2236755925  -0.6393594511   0.0016417016   0.1073786280
78 10  -0.0210156135   0.0046191201   0.3701434527   0.0037806980  -0.1409095790
78 11   0.1131749571   0.3384008533  -0.3251163798   0.2856350958   0.0276907302
78 12   0.1776296486   0.2197760207  -0.0040270570  -0.0042566625   0.0053295903
78 13  -0.2166431832  -0.0373027938   0.1351493336   0.0020418417  -0.0621220236
78 14  -0.0733739845   0.0911172014  -0.0017535793   0.0034136265  -0.0161361448
78 15  -0.0576102925  -0.1945216824   0.0169013851   0.0180984515  -0.0000873747
78 16  -0.1282608133   0.0004934172   0.3613231197   0.0010013027  -0.0002810803
78 17   0.0002597014   0.0000080445  -0.0000223619   0.0002751668
79  1   0.0005430836  -0.0538450810   0.0503315644  -0.1103793110   0.3142759892
79  2  -0.0426806208   0.1619449342  -0.0369384417  -0.0548702560   0.1496689252
79  3   0.2179750567   0.1225175037  -0.1001573604  -0.0032189178   0.1213368872
79  4   0.1027245668   0.0297665009   0.1651696010   0.0361792590   0.1170891550
79  5  -0.0907465719  -0.0136350806  -0.1414816363   0.0735393468   0.2663298527
79  6  -0.0938720241  -0.1182039007  -0.0131434366   0.2679819539  -0.0372062215
79  7   0.0059409522  -0.0694255299   0.0018437240  -0.0522484843  -0.1482016142
79  8  -0.0130684298  -0.0000165447  -0.0018990656   0.0012495211   0.0851197320
79  9   0.0075767783   0.0069604661   0.2606329205  -0.0008951651  -0.4064301275
79 10   0.0625483708   0.0066760110   0.5257201376   0.0032252939   0.0123112334
79 11  -0.0209883551  -0.0545173870   0.0692137647  -0.0448980399  -0.0011969406
79 12   0.0763677788   0.1302986379  -0.0021540827   0.0026911289   0.0408756667
79 13   0.0826022093   0.0146312247   0.1120822828   0.0009526390   0.0362657783
79 14   0.0413464674   0.1337220270  -0.0002272077   0.0057266341  -0.0766667836
79 15  -0.0613714003  -0.1982627921   0.0109349256   0.0112988733   0.0000209438
79 16   0.7217421210   0.0000514285   0.2493271611  -0.0005317156   0.0001814302
79 17   0.0070668861   0.0000785913  -0.0000594699   0.0002739862
80  1  -0.0011806780   0.0010501158   0.3029495181   0.1057033091  -0.0124363148
80  2   0.0398689287  -0.0443595228   0.0771017468  -0.2888919071  -0.0904140065
80  3   0.1710540877   0.0384044749   0.0764326376   0.1183411068   0.0099530200
80  4  -0.0004303998   0.1048679665  -0.0049837548   0.0033816551   0.0001527963
80  5  -0.0054348980   0.0001078372  -0.0006681921  -0.0057613161  -0.0256205147
80  6  -0.0047277156  -0.0612146873   0.0239037103   0.0022868142  -0.0000194457
80  7   0.0614430700  -0.2844247338  -0.0438539958  -0.2531569825   0.0430502522
80  8   0.0072065462  -0.0002483863  -0.0008828440   0.0000493981   0.0026437302
80  9   0.0000094347  -0.0057901804   0.0098278722   0.0000973602   0.1683550072
80 10  -0.0281392492  -0.0003426154   0.0169216790  -0.0268841970   0.3531394456
80 11  -0.0250702970   0.0000151970   0.0196785086   0.0439560278   0.0165405117
80 12   0.4410449403   0.5584140094  -0.0083989349   0.0290700413   0.3920931997
80 13   0.7614481122   0.1334992114   0.0411508746  -0.0004638065   0.1574329278
80 14   0.1900969037  -0.1834418914   0.0142092940   0.0176477375  -0.1637393260
80 15  -0.1302469397  -0.4147779314  -0.0047261878   0.0315241939  -0.0000071099
80 16  -0.2080135873  -0.0000152237  -0.0753512298  -0.0002639700   0.0000890688
80 17  -0.0012920063  -0.0000208705   0.0000844910   0.0000180644
81  1  -0.0000887535   0.0699425413  -0.0148971168   0.1576652050  -0.3983768092
81  2  -0.0515789683  -0.0263709768   0.1205582647   0.0395744392  -0.3102659951
81  3  -0.0929679879  -0.1643106105  -0.0067945731   0.0015584230  -0.1554509778
81  4  -0.1296996635   0.0011636223   0.0891444555  -0.0974850748  -0.1665859142
81  5   0.0131244235   0.0258123668   0.1766672118   0.1219655098  -0.2869354094
81  6   0.1273311832   0.2735853018  -0.0441165725  -0.3316708417   0.0448878180
81  7   0.0053233093  -0.0573501604   0.0022081103  -0.0354442177  -0.1203032315
81  8  -0.0111662714   0.0004637726   0.0047206171  -0.0015250539  -0.1115186997
81  9  -0.0095696142  -0.0061712621  -0.3437561297   0.0003636161  -0.2883141493
81 10   0.0451060929  -0.0082859029  -0.6651950333  -0.0021975049   0.0499241215
81 11  -0.0200834338  -0.0489381044   0.0602928373  -0.0389399040  -0.0009712160
81 12   0.0674248707   0.1099353941  -0.0017999899   0.0029324073   0.0403809673
81 13   0.0750949146   0.0132546637   0.0869172575   0.0007333379   0.0305820435
81 14   0.0350332637   0.1026402078   0.0000600529   0.0046928221  -0.0622180582
81 15  -0.0497688680  -0.1609482472   0.0083858236   0.0093116606   0.0000231074
81 16   0.5648652479   0.0000361669   0.1951183600  -0.0004199123   0.0001561691
81 17   0.0055592693   0.0000615910  -0.0000407319   0.0002122606
82  1  -0.0024327098  -0.0194453954   0.2222547679  -0.1800398716   0.1439497648
82  2  -0.1145401783   0.1353017620   0.0548596312  -0.1211586152   0.1242291006
82  3   0.1878610459   0.0182168943  -0.0869079669   0.1008879437   0.0293723465
82  4   0.0220964754   0.1546959578   0.0714671835  -0.2881586323   0.1486928284
82  5  -0.0794001158  -0.0088454871  -0.1104617852   0.0208322396   0.0226803333
82  6   0.0013598742   0.0238912146  -0.0080682453   0.0543288785  -0.0044710164
82  7   0.0598239424  -0.2817408914  -0.0412398420  -0.2232350062   0.2956578120
82  8   0.0465815920  -0.0023181154   0.5781805123  -0.0032197318   0.4225146882
82  9   0.0096454556   0.2308617284  -0.1318527166  -0.0008163833   0.0121804205
82 10  -0.0082052785  -0.0016943453  -0.0828740780  -0.0183171264   0.1766849310
82 11   0.0254034839   0.1069935820  -0.2351374029   0.2065127503   0.0195291807
82 12   0.1142343232  -0.4750517791   0.0102151423   0.0148670580   0.0274501302
82 13   0.2097948837   0.0380347405   0.6477047447   0.0047868777   0.0232004657
82 14   0.0174541594   0.2889415365  -0.0058020831  -0.0014741363  -0.0621165670
82 15  -0.0108752050  -0.0981308232   0.3751804418  -0.0770732396  -0.0000023424
82 16  -0.0060597473   0.0000462070  -0.0026358091  -0.0049853508   0.0006198925
82 17   0.2635141726   0.0018023722  -0.0017346548   0.0034590214
83  1  -0.0002290273   0.0006966060   0.1689333624   0.0609326299  -0.0061396049
83  2   0.0617307390  -0.0402772125   0.0795234027  -0.2203404589  -0.0667440056
83  3   0.1406035058   0.0257359333   0.1028549729   0.0072174291   0.0023665304
83  4   0.0014075771  -0.0388370899  -0.0087757160   0.0020487638   0.0002596819
83  5  -0.0102826110   0.0006560107  -0.0014077775   0.0237031006  -0.0164197758
83  6  -0.0032811743  -0.0375351116   0.0105763946  -0.0012329542   0.0000616747
83  7   0.0172028572  -0.1634537161   0.0532522667   0.2914894172   0.0207183493
83  8  -0.0030782031   0.0000660001   0.0018144872  -0.0000264865   0.0022522510
83  9   0.0000748844   0.0023548165  -0.0000601022  -0.0000559231  -0.0624628626
83 10   0.0122092895   0.0000890006  -0.0030122423   0.0071993073  -0.0515165332
83 11  -0.0611931976  -0.2260217890  -0.2167429048   0.1775969024   0.0140826509
83 12   0.0305078677  -0.2285976422   0.0042285528  -0.0025538734  -0.0738433978
83 13   0.1397197397   0.0248861257   0.2294282571   0.0014135248   0.0399554309
83 14   0.0435316719   0.0973650110  -0.0001842210   0.0026052207  -0.0730351089
83 15  -0.0371569495  -0.1435623145   0.1286972857  -0.0175815582   0.0000202751
83 16   0.0076549387  -0.0001586953   0.0038703686   0.0179292606  -0.0031077095
83 17  -0.9391547344  -0.0063964179   0.0058249598  -0.0122785595
84  1   0.0026701123   0.0271806268   0.0137554057   0.3276161639  -0.1952757957
84  2   0.0000000000   0.0000000000   0.0000000000   0.0000000000  -0.3207012685
84  3   0.0000000000  -0.0094660909  -0.0710679621   0.0798775928  -0.0250406406
84  4  -0.0318245226   0.1200788354   0.1841933918   0.3194534377  -0.2037564959
84  5   0.0304821143   0.0168311588   0.1407854415   0.0548876871  -0.0015111935
84  6   0.0054792973   0.0387258315  -0.0076651327  -0.0589143037   0.0047176815
84  7   0.0454179394  -0.2102389263  -0.0329897516  -0.1804822338   0.1977521919
84  8   0.0312002072   0.0007392167  -0.7309075462   0.0043401025  -0.5366122588
84  9  -0.0120276548  -0.2930650549   0.1670605352   0.0008753530  -0.0003615573
84 10  -0.0055999353   0.0012573265   0.1056455502  -0.0139738017   0.1351069075
84 11   0.0197654504   0.0827462863  -0.1898797224   0.1664427480   0.0156947443
84 12   0.0903740832  -0.3783915027   0.0081170791   0.0116225272   0.0194985776
84 13   0.1667870876   0.0302124248   0.5135942374   0.0037915442   0.0184717793
84 14   0.0139417928   0.2297787275  -0.0045572202  -0.0011469536  -0.0494596833
84 15  -0.0088867244  -0.0785264377   0.2956604813  -0.0606592693   0.0000039927
84 16  -0.0047006515   0.0000346744  -0.0020574155  -0.0038969966   0.0004897589
84 17   0.2057438819   0.0014062213  -0.0013515905   0.0026927450
$vibrational spectrum
#  mode     symmetry     wave number   IR intensity    selection rules
#                         cm**(-1)        km/mol         IR     RAMAN
     1        a            -311.20         0.00000       YES     YES
     2        a            -109.54         0.00000       YES     YES
     3        a             -43.26         0.00000       YES     YES
     4        a             -35.07         0.00000       YES     YES
     5        a              -8.08         0.00000       YES     YES
     6                       -0.00         0.00000        -       -
     7                        0.00         0.00000        -       -
     8                        0.00         0.00000        -       -
     9                        0.00         0.00000        -       -
    10                        0.00         0.00000        -       -
    11                        0.00         0.00000        -       -
    12        a              34.86        38.56355       YES     YES
    13        a              45.50         4.00611       YES     YES
    14        a              70.55         1.50262       YES     YES
    15        a              78.40         3.09063       YES     YES
    16        a              89.66        13.68797       YES     YES
    17        a             120.40         4.37125       YES     YES
    18        a             144.27         1.50823       YES     YES
    19        a             146.45         0.86105       YES     YES
    20        a             203.77         1.18186       YES     YES
    21        a             206.09         8.50267       YES     YES
    22        a             217.57       102.11510       YES     YES
    23        a             231.18        48.96676       YES     YES
    24        a             252.79        10.35191       YES     YES
    25        a             380.04         1.07984       YES     YES
    26        a             383.76        15.26476       YES     YES
    27        a             387.09         1.21325       YES     YES
    28        a             409.25        16.48608       YES     YES
    29        a             444.23        11.57238       YES     YES
    30        a             462.16        16.02601       YES     YES
    31        a             529.23        11.03241       YES     YES
    32        a             534.53         9.52598       YES     YES
    33        a             547.25         2.33757       YES     YES
    34        a             549.44         8.28437       YES     YES
    35        a             606.40         0.85033       YES     YES
    36        a             632.77        19.24849       YES     YES
    37        a             643.40        53.16424       YES     YES
    38        a             677.76        30.93711       YES     YES
    39        a             704.85        37.78618       YES     YES
    40        a             724.32        59.08465       YES     YES
    41        a             742.55         4.19282       YES     YES
    42        a             759.02        26.01582       YES     YES
    43        a             779.95        20.83127       YES     YES
    44        a             790.84        25.92912       YES     YES
    45        a             801.23         0.65990       YES     YES
    46        a             808.27         7.27882       YES     YES
    47        a             930.45         0.07340       YES     YES
    48        a             932.63         0.14728       YES     YES
    49        a             960.66         1.73865       YES     YES
    50        a             978.09         2.35381       YES     YES
    51        a            1015.55         1.20819       YES     YES
    52        a            1022.64         3.34037       YES     YES
    53        a            1117.74         0.74743       YES     YES
    54        a            1119.54        20.23483       YES     YES
    55        a            1122.97         8.46764       YES     YES
    56        a            1130.59         6.18942       YES     YES
    57        a            1229.73        57.40076       YES     YES
    58        a            1242.12        72.37886       YES     YES
    59        a            1289.02        38.24883       YES     YES
    60        a            1301.23         7.31754       YES     YES
    61        a            1383.00         6.86554       YES     YES
    62        a            1383.60        13.16801       YES     YES
    63        a            1457.84        58.20465       YES     YES
    64        a            1474.35        10.10116       YES     YES
    65        a            1542.53         0.50644       YES     YES
    66        a            1543.66        76.78289       YES     YES
    67        a            1588.36       251.67706       YES     YES
    68        a            1603.01       155.04945       YES     YES
    69        a            1641.07       325.46858       YES     YES
    70        a            1653.72       123.97605       YES     YES
    71        a            1715.83       174.05012       YES     YES
    72        a            1724.29       590.03583       YES     YES
    73        a            1786.01       281.39447       YES     YES
    74        a            1804.82      1310.05059       YES     YES
    75        a            3255.71        11.61478       YES     YES
    76        a            3258.78         6.94086       YES     YES
    77        a            3275.41        27.86722       YES     YES
    78        a            3281.49        14.15073       YES     YES
    79        a            3545.99        76.96427       YES     YES
    80        a            3551.33       282.85246       YES     YES
    81        a            3654.54       218.33300       YES     YES
    82        a            3664.42       105.50062       YES     YES
    83        a            3698.80       237.96128       YES     YES
    84        a            3701.09       101.74515       YES     YES
$freeze
implicit core= 18 virt= 0
$rundimensions
   natoms=28
   nbf(CAO)=768
   nbf(AO)=658
$ricore    100
$maxcor    400 MiB  per_core
$forceupdate
ahlrichs numgeo=0  mingeo=3 maxgeo=4 modus=<g|dq> dynamic fail=0.3
   threig=0.005  reseig=0.005  thrbig=3.0  scale=1.00  damping=0.0
$subtitle
SP,MP2/RI,charge 2,c1,mixed basis set,FREQ_NUMERICALLY
$dipole from ricc2
  x    -6.14904759868045    y    -6.63126416139994    z     0.97656640619005    a.u.
   | dipole | =   23.1200287045  debye
$ricc2
mp2 geoopt model=mp2
$scfiterlimit    900
$coord    file=coord
$thime    5
$charge from dscf
          2.000 (not to be modified here)
$forceinit on
   diag=default
$scforbitalshift    automatic=.1
$ecp    file=basis
$interconversion    off
   qconv=1.d-7
   maxiter=25
$tmole
$basis    file=basis
$scfmo   file=mos
$title    Cyt2Ag2frq
$coordinateupdate
dqmax=0.3
   interpolate  on
   statistics    5
$scfdamp     start=1.000 step=0.050 min=0.100
$operating system    unix
$thize    0.10000000E-04
$scfintunit
unit=30       size=0        file=twoint
$forceapprox    file=forceapprox
$cbas    file=auxbasis
$scfdiis
$last SCF energy change = -1077.3814
$excitation_energies_CCS_____1^a___ file=exstates
$excitation_energies_ADC(2)__1^a___ file=exstates
$t2_norm_of_re0_ADC(2)__1^a___ file=exstates
$<le0|re0>-overlap_ADC(2)__1^a___ file=exstates
$<le01|re01>-overlap_ADC(2)__1^a___ file=exstates
$<le02|re02>-overlap_ADC(2)__1^a___ file=exstates
$tranprop_ADC(2)____1^a_____0_to_1^a_____1 file=exstates
$tranprop_ADC(2)____1^a_____0_to_1^a_____2 file=exstates
$tranprop_ADC(2)____1^a_____0_to_1^a_____3 file=exstates
$tranprop_ADC(2)____1^a_____0_to_1^a_____4 file=exstates
$tranprop_ADC(2)____1^a_____0_to_1^a_____5 file=exstates
$tranprop_ADC(2)____1^a_____0_to_1^a_____6 file=exstates
$tranprop_ADC(2)____1^a_____0_to_1^a_____7 file=exstates
$tranprop_ADC(2)____1^a_____0_to_1^a_____8 file=exstates
$closed shells
 a       1-76                                   ( 2 )
$last step     force
$orbital_max_rnorm 0.19171354719746E-05
$last MP2 energy change= -4.0657705
$hessian (projected)    file=hessian
$vibrational reduced masses
   1.1381582368   2.6715223025   6.6104360477   7.2406661209   7.4238704972
  12.4939815715  14.5718998814  10.4532422077  12.9335089709   9.9204607815
  12.1200136836   4.0685767916  14.9204959447   9.2844643458   6.9670186203
   8.2624135612  18.5981233582   7.9192055751   5.4362010908   4.5725099027
   7.5332666022   1.9135074907   4.7126209500  14.2217968115   1.6753328078
   1.6623141076   2.8390783176   3.5849583411   1.8022522136   1.6633092294
   4.6380766925   4.7879529413   6.8037193986   6.5175775089   7.6676133130
   7.8424468760   1.2249239125   1.5359279924   2.5702703297   1.7259046164
   7.8176787999   9.8963522080   1.8490524972   1.9142791648   7.4563524092
   7.5347686601   1.3190526994   1.3364097401   2.0489785718   2.1431755031
   4.4594308750   5.1590985374   1.9759942596   2.0846771056   1.4248071431
   1.9639940416   1.2152376377   1.2718974273   8.6311344002   7.9024903800
   1.6414702826   1.6798155623   2.3365887317   2.0969208408   1.8425636057
   1.8229430941   6.9287092580   6.3953297075   2.2989500035   2.0119742017
   6.1057361604   5.7269124956   9.5609636974   9.6798223205   1.0933739279
   1.0930377772   1.1007143229   1.0998927753   1.0503270516   1.0487598118
   1.0797735181   1.0790010450   1.1050306999   1.1013686648
$nvibro       84
$end
